file,folder_year,sha256,same_hash_years,header_years,header_session,header_excerpt,status
UNGA72_General_Debate_2017_statements/UNGA72_General_Debate_2017/afghanistan__af_en.pdf,2017,9eadb7bcc60438b0fdb7ee9970582a72cc484bccb9e9e456069eb4536acb5e66,2017|2018,2017,72,"                   Islamic Republic ofAfghanistan




               STATEMENT


                   BY
          H.E. Mohammad Ashraf Ghani


President ofthe Islamic Republic ofAfghanistan


At the 72 nd Session of United Nations General Assembly



              19 September 2017



             NEWYORK

                (Please check against delivery)
                     Bismillah Rahrnan-ur-Rahim

Mr.  President,  Distinguished  Heads  of  State  and  Government,
Excellencies, Ladies and Gentlemen,

As  I stand here before you today,  I am reminded that the wise men
and women of 1945 displayed a unique capacity to learn from and act
on lessons  of  history.  Shaped  by  the  Great  Depression,  and
tempered by the carnage of World War 2, they 'established global
order through institutions that would provide security and stability for
generations to come.  The UN, the IMF, the World Bank and other
organizations were founded to coordinate responses to international
challenges and to make crimes against humanity a thing of the past.

There can be  little doubt that today, the scale, scope and speed of
their imagination and efforts have not yet been matched. But future
historians  will judge these institutions on how they respond  to the
challenges  of today, and the challenges we must confront  in the
future.

As global leaders, we seek certainty and familiarity in the rules of the
game which dominated the zo"" century. But in today's ever-changing
world,  the dominant contextual  characteristic defining our times  is
extreme uncertainty.  It is easy to illustrate this uncertainty by looking
at threats we are facing  to our economies, our  security, and our
values.

There ",cross_year_duplicate_review
UNGA72_General_Debate_2017_statements/UNGA72_General_Debate_2017/albania__al_en.pdf,2017,a073a1a1f703a6aac608ef0399566e44dda9c022fbcb51979b8448402ba68a51,2017|2018,,,"STATEMENT OF THE PRIME MINISTER OF THE REPUBLIC OF ALBANIA,
H.E. MR. EDI RAMA TO THE GENERAL DEBATE OF THE 72ND SESSION OF THE
UNITED NATIONS GENERAL ASSEMBLY




Mr. President,
Ladies and Gentlemen,


     How many times has it happened that humanity was confronted in a relatively short time
with so many complex challenges as nowadays?
      Has there ever been another period in what we call the modem times When we had to deal
with so many pressing issues at the same time?
     When was the last time that we remember when we were all confronted with such a
conflicting prospect: that of an inspiring world that grows richer by the hour, driven by the
tremendous progress of science and technology; and, on the other hand, that of a planet that
seems to have lost its way, its energy and its vision and is erratically spiraling downwards?

      There are no simple answers to complex questions. Yet, facts are stubborn and, in many
respects reality looks grim.


       Global terrorism and extreme radicalization continue to threaten our values and our way
of life. They have become a persistent threat with the blind ability to strike everywhere,
indiscriminately, with far reaching consequences as we have, sadly, witnessed so many times,
including in the recent past.


       Several brutal and seemingly intractable conflicts continue to devastate the lives of
millions of people, threatening the future of entire generations. Armed conflicts are nowadays
greater in complexity, the actors involved are numerous and the weapon and tactics used are
more sophisticated. So are also the consequences, which continue to inflict endless human
sufferings. 65 million people, the highest number",cross_year_duplicate_review
UNGA72_General_Debate_2017_statements/UNGA72_General_Debate_2017/algeria__dz_ar.pdf,2017,848f27c77dad862088319b1e0def1bb059a596a199a280737801a8735c7e28f1,2017|2018,,,"Permanent Mission of Algeria
   to the United Nations
       New York





                                                                                                                                                                                                                                I'   '





                             ""4..ÿ. jL:ÿl ÿ3J





             2o17 ÿ 22 ÿ ajÿ.#.""

",cross_year_duplicate_review
UNGA72_General_Debate_2017_statements/UNGA72_General_Debate_2017/algeria__dz_fr.pdf,2017,614d7579e4ec611302d784f488ee98db1c475b44cb3b28424be6439eec946dd5,2017|2018,2017,,"                     ............  ""  .......  -  ...... 7  ...........

ALGE A





Permanent Mission of Algeria                                    ÿ.ÿ:ÿ p.ÿl ÿ.ÿj
    to the United Nations
  New York      ÿ         ÿJ'ÿ'""




                   Intervention




                            de

               S.E.M. Abdelkader MESSAHEL
                 Ministre des Affaires Etrang6res




             A l'occasion du Dÿbat Gÿnÿral
           de la 72+me Session de l'Assemblÿe Gÿnÿrale

              de l'Organisation des Nations Unies


                       New York 22 Septembre 2017
                                            ...............  I





Monsieur le President,
Monsieur le Secrÿtaire gÿn6ral,
Mesdames et Messieurs,

Je tiens tout d'abord it adresser mes sincÿres fÿlicitations h Son Excellence Monsieur
Miroslav LAJCAK, pour son 61ection bien mÿrit6e ÿ la tate de cette 72ÿm* Session
Ordinaire de l'Assemblÿe G6nÿrale et l'assurer du plein soutien de mon pays. Je
souhaiterais ÿgalement rendre hommage et exprimer notre reconnaissance it votre
pr6dÿcesseur S.E.M. Peter Thomson Ministre des Affaires Etrangÿres de Fidji pour le
travail remarquable qu'il a accompli durant la session ÿcoulÿe.


Monsieur le Pr6sident,


A chaque session de cette auguste Assembl6e, nous faisons le mÿme triste constat
concemant l'6tat du monde. Cette session ne d6roge malheureusement pas it la rÿgle
puisqu'elle se tient dans un contexte tout aussi pr6occupant marqu6 par la persistance
de conflits anciens en attente d'un rbglement qui demeure plus 6lusif que jamais,
l'apparition de nouveaux conflits meurtriers et de foyers de tension, la fragilisation de
l'dquiiibre ÿcologique de notre pl",cross_year_duplicate_review
UNGA72_General_Debate_2017_statements/UNGA72_General_Debate_2017/andorra__ad_es.pdf,2017,b2aaeaa365b1e2871f4be5cd0ae6f2684224d7e12dcb90ff4cc55d0a61a4a160,2017|2018,,,"                                                                                         Solo tsautentia) ellexlopmumdado

11  r i      MISSIO PERMANENT
     DEL PRINCIPAT D'ANDORRA
         A EES NACIONS UNIDES

                 72® Asamblea General de las Naciones Unidas
                  -discutso del jefe de gobierno, M.I. Sr. Antoni Mard Petit-
                     Nueva York, 22 de septiembre de 2017



       Senor Presidente de la Asamblea General,
       Senor Secretario General,
       Excelendas,
        Senoras y Senores,

       Permitanme empezar mi intcrvendon felidtando al presidente, el senor IVIirosIav
        Lajcak, por la decdon dd tema de esta 72*^ Asamblea General de las Naciones
        Unidas. Lavinculadon de la prevendon de la paz con la vida dignaes, sin duda, una
       de las cucstiones  clave de nuestro tiempo. Como tamblen lo es d  desarroUo
        sostenible, quc se ha convertido en d principal reto de la comunidad intemacional.
      Las prioddades marcadas por d presidente y el tema degido para esta Asamblea
       General subrayan la estrechada rdadon quc existe entre estas tres cuestiones; paz,
       vida digna y planeta sostenible.

      La decdon de las prioddades y d tema son coherentes con lo quc hemos estado
       construyendo, entre todos,a lo largo de los ultimos anos: asilo reflejan los objedvos
      de desarroUo sostenible de la Agenda 2030, que acordamos hace dos anos; y asf
       tambien se desprende de las acdones que d secretario general, d senor Antonio
       Guterres, ha llevado a cabo durante estos nuevc primeros mesesen los que ha estado

         al frcnte de las Nadones Unidas.

       El ano que viene conmemor",cross_year_duplicate_review
UNGA72_General_Debate_2017_statements/UNGA72_General_Debate_2017/angola__ao_en.pdf,2017,e30400b24bde8f2c360fc11e977667b2d126857e2fe923144b2e94248090dbe4,2017|2018,,72|72,"          Permanent Mission of
The RepuMic of Angola to the United Nations





         STATEMENT BY


    H.E. MR. ISMAEL A. GASPAR MARTINS
    PERMANENT REPRESENTATIVE OF
       THE REPUBLIC OF ANGOLA
        TO THE UNITED NATIONS
   & HEAD OF THE ANGOLAN DELGATION
      TO THE 72nd SESSION OF THE
   UNITED NATIONS GENERAL ASSEMBLY


        AT THE GENERAL DEBATE


    NEW YORK, 25 SEPTEMBER 20i7



            CHECK AGAINST DEL!VERY





    820 Second Avenue, 12th Floor, New York, NY 10017
                       Statement by the RepuNic of Angola
               72nÿ Session of the United Nations General AssemNy
                           New York

Mr. President,
Mr. Secretary=General,
Your Excellencies,
Ladies and Gentlemen,

On behalf of the Government of the Republic of Angola, allow me to congratulate Mr. Niroslav
Lajc&k for having been elected to preside the 72nd Session of the General Assembly of the
United Nations, and to assure him the support of my country in the fulfillment of his mission.

I also congratulate Mr. Peter Thomson, President of the 71st session, for the capable manner in
which he conducted the work of the previous session, and Mr. Antdnio Guterres, for his
election to the post of Secretary-General of the United Nations. I wish him all the success in his
mandate, and I assure him of the support and cooperation of Angola.

Mr. President,

As has been reiterated several times in this forum, peace and security are fundamental
premises for stability, sustainable development, democracy and the promotion of, and respect
for human rights. The theme chosen for this session, 'Focusing on People: Striving for Peace
and a Decent Life for All on a Sustainab",cross_year_duplicate_review
UNGA72_General_Debate_2017_statements/UNGA72_General_Debate_2017/antigua-and-barbuda__ag_en.pdf,2017,50976f4c30e63bfa053445e5283b6ced47621e08026984a0fd629c4721961be9,2017|2018,2017,,"    GOVERNMENT OF ANTIGUA AND BARBUDA



                 Statement

                  by

        Honourable Gaston Browne
            Prime Minister and
Minister of Finance and Corporate Governanee

    The 72""'' Session ofthe United Nations General Assembly





                  on

       Thursday 21®' September, 2017




                                               Check against delivery
Mr President, Mr Secretary-General, Distinguished Colleagues, Ladies and
Gentlemen.



On September 6th, my small, two-island State, Antigua and Barbuda, was the victim ofthe
ferocity ofHurricane Irma, the largest storm ever endured in the Atlantic in human history.



The island ofBarbuda was decimated; its entire population left homeless; and its buildings
reduced to empty shells.



Fortunately, Antigua and Barbuda was spared the full blast of Hurricane Maria just 9 days later,
although, sustained winds ofup to 60 miles per hour, gave us a troubling awareness, ofthe agony
visited on the nearby islands of Dominica, Guadeloupe and Puerto Rico.



Having witnessed the devastation ofBarbuda and the desolation ofits inhabitants after the
ravages of Irma, my heart bleeds for the people ofthe countries that have now been brutalized by
Maria, and those that will suffer its cruelty in the coming days.

Mr President, I have come to this Assembly because, I consider it to be ofutmost importance, to
speak to the world's representatives collectively about my country's experience and the huge
challenges faced by the Caribbean islands.



Barbuda and its inhabitants were among the worst in the region affected by Hurricane Irma.



Barbuda is 62 square miles.



When Irma thundered over the is",cross_year_duplicate_review
UNGA72_General_Debate_2017_statements/UNGA72_General_Debate_2017/argentina__ar_es.pdf,2017,9fe64529b727bf91b7173d01e8d095c99d3758776cc2c3f085ca8863aa1ebee3,2017|2018,,,"           72° Periodo de sesiones
                  de la
   Asamblea General de las Naciones Unidas

          DEBATE GENERAL

lntervencibn de la SeSora Vicepresidente de la
           Repdblica Argentina,
              Gabriela Michetti





                              Nueva York, 20 de septiembre de 2017
                                                          Sirvase verificar contra lectura
 Muchas gracias, SeSor Presidente, me siento muy honrada y muy felfz de estar
 hoy con ustedes, representando a nuestro pals y a nuestro gobierno.

Como argentina y latinoamericana, no puedo empezar estas palabras, sin
 expresar mi solidaridad ante la tragedia que acaba de sufrir el hermano pueblo
 mexicano, que se suma a la devastaci6n causada pot sucesivos huracanes en
 el caribe.

 El medio ambiente y las fuerzas de la naturaleza nos ponen frente a desafios,
que piden respuesta de todos.

Saludo en Ud. SeSor Presidente, a todos los parses que conforman esta casa.
 Pero tambiÿn quisiera felicitar al SeSor Secretario General, por su elecci6n y
 por centrar nuestra tarea, en las personas.

 Si se trata de trabajar por la paz, por el dialogo, y el entendimiento, si se trata
de trabajar contra la pobreza, la violencia y la intolerancia, Argentina siempre
estar4 presente brindando su apoyo.

Los Ifderes del mundo had acordado un plan de acci6n en favor de las
personas y el planeta. La Agenda 2030 establece que la erradicaci6n de la
pobreza en todas sus formas, es el mayor desaffo que enfrenta el mundo para
Iograr un desarrollo sostenible. En coincidencia con esta aspiraci6n global,
nuestro gobierno estableci6, como uno de los ejes centrales de su programa, el
objetivo de avanzar ",cross_year_duplicate_review
UNGA72_General_Debate_2017_statements/UNGA72_General_Debate_2017/armenia__am_en.pdf,2017,3b261d0e92113a07348f2070c9923d58ba02013cc48cd919c9f916c620cbe62b,2017|2018,2017,,"                       STATEMENT
  BY THE PRESIDENT OF THE REPUBLIC OF ARMENIA SERZH SARGSYAN
           AT THE GENERAL DEBATE OF THE 72ND SESSION
               OF THE UN GENERAL ASSEMBLY

                    New York, September 19, 2017

Distinguished President of the General Assembly,

Ladies and gentlemen,

I congratulate and wish success to Mr. Miroslav Laj(5.k upon his election as the President
of the 72na Session of the General Assembly.

I avail myself of this opportunity and congratulate anew Mr. Antdnio Guterres upon his
election to the office of the LJN Secretary General. Distinguished Mr. Secretary. General  ....
we wish you success in carrying out your important mission. The priorities you declared
enjoy Armenia' s support.

Ladies and gentlemen,

In 2017 we marked the 25th anniversary of Armenia's accession to the United Nations.
On March 2, 1992 the Armenian tricolor flaunted at this headquarters of the United
Nations family as a logical and sought for outcome of the exercise by our people of its
fundamental right to self-determination.

Over the years, Armenia has become a fully-fledged and responsible member of the
international community. There had been numerous challenges in before of us, and we
withstood them with dignity. The most important and intricate one was the Nagorno
Karabakh conflict.

It is for the fifth time that I have an opportunity to speak from this eminent podium and
again I am compelled to address the Nagorno Karabakh conflict. I should have rather
preferred to talk of peace, progress and cooperation, but unfortunately we are not there
yet. Hence, it is my duty to explain why we are so much away from that desirable stage.

The new phas",cross_year_duplicate_review
UNGA72_General_Debate_2017_statements/UNGA72_General_Debate_2017/australia__au_en.pdf,2017,bf99ab9066d2a3af58b3d89cbbbf1218231e4872e73e92f6023318b9ae082d23,2017|2018,,,"         UNGA72 AUSTRALIA'S NATIONAL STATEMENT


Page 1


Mr President


The United Nations was founded in response to the horrors of World War II.

Nations resolved to prevent a repeat of that catastrophic global conflict. Over

the decades since, we have worked together to build an international rules-

based order that ensures disputes can be resolved peacefully and that

interests of less powerful nations can be protected from the overt or coercive

pressure of more powerful states.


It dictates how nations should behave and towards each other. Thatorder has

supported and enabled the greatest economic expansion in human history.


There have been times over the past seven decades when the rules-based

order has been under pressure.


We are now in a time when the challenges to that order are increasing.


The UN Security Council is the custodian of international peace, and security.


Yet the authority of the Council is being challenged, undermined, even ignored.


The most egregious example is North Korea.


The regime of Kim Jong Un is openly defying the UN Security Council.
Page 2


Its illegal nuclear and missile programs violate multiple UNSC resolutions. The

security of millions of people is at risk as a result of North Korea's refusal to

abide by international laws and norms.


The International Monitoring System of the Comprehensive Nuclear-Test-Ban

Treaty confirms that North Korea is the only state that is currently testing

nuclear weapons and the only state to do so this century.


The Security Council has responded with tough new economic sanctions. It is

crucial that all UN member states and especially the Permanent 5, who have a

particular respons",cross_year_duplicate_review
UNGA72_General_Debate_2017_statements/UNGA72_General_Debate_2017/azerbaijan__az_en.pdf,2017,7788c7ee73fb33cbfbb335883fb125f09ba23e86634476b74b951fbc959535e8,2017|2018,2017,72,"     Azərbaycan Respublikasının                   Permanent Mission of the
      BMT yanında Daimi                          Republic of Azerbaijan
           Nümayəndəliyi                                 to the United Nations


                        633 Third Avenue, Suite 3210, New York, N.Y. 10017
                                      Tel.: (212) 371-2559; Fax: (212) 371-2784


      Statement by His Excellency Mr. Ilham Aliyev, President of the Republic of Azerbaijan
          at the General Debate of the 72nd session of the United Nations General Assembly

                       New York, September 20, 2017



                                                               Check against delivery




Mr. President,
Ladies and Gentlemen,


For more than 25 years Armenia occupies 20% of the territory of Azerbaijan, Nagorno-Karabakh
and 7 other regions of our country.

Nagorno-Karabakh is an ancient and historical part of Azerbaijan. As a result of Armenian
aggression almost 20% of the  internationally recognized  territory of Azerbaijan  is under
Armenian occupation. More than one million of Azerbaijanis became refugees and internally
displaced persons. Armenia conducted the policy of ethnic cleansing against Azerbaijanis in
Armenia, in Nagorno-Karabakh and 7 other regions of Azerbaijan.

Armenia committed genocide against Azerbaijanis in Khojaly. Khojaly genocide  is already
officially recognized by more than 10 countries. On February 26, 1992 Armenia committed war
crime killing 613 peaceful residents of Khojaly, among them 106 women and 63 children. One
of those war criminals who committed that terrible crime against humanity is current Armenian
President.

Leading in",cross_year_duplicate_review
UNGA72_General_Debate_2017_statements/UNGA72_General_Debate_2017/bahamas__bs_en.pdf,2017,346545eda902b11dd525c513cf6617c519ec365c342357b88e530770e758ad3b,2017|2018,,72,"               THE NATIONAL STATEMENT OF
           THE COMMONWEALTH OF THE BAHAMAS

                      DELIVERED BY

              THE HON. DARREN HENFIELD, MP,
               MINISTER OF FOREIGN AFFAIRS OF
           THE COMMONWEALTH OF THE BAHAMAS

                DURING THE 72ND SESSION OF
          THE UNITED NATIONS GENERAL ASSEMBLY

            NEW YORK, 23RDSEPTEMBER, 2017



Please check against delivery
Mr. President,

On behalf of the people and Government of the Commonwealth of The Bahamas,  I
congratulate you on your election as President of the 72nd Session of the General Assembly,
and I assure you of my country’s full support and co-operation during your tenure.

I also extend sincere congratulations to your predecessor, His Excellency Ambassador Peter
Thomson, for his leadership of the Assembly during the 71st Session.

The Bahamas congratulates His Excellency Antonio Guterres on his election as the newest
Secretary-General of the United Nations.

He has the daunting task of continuing the implementation of the bold and ambitious Agenda
2030.

I commend him on the work he has done to date in steering the work of the organisation, and
wish to assure him of the full support of The Bahamas.

Mr. President,

In the time since the 29th of September 1729, when the first meeting of the Parliament of The
Bahamas took place, democratic values have taken deep root throughout the archipelago.

On the 10th of May 2017, The Bahamas conducted its eleventh consecutive round of General
Elections since attaining universal suffrage in 1962.

The people of The Bahamas, in a free, peaceful and democratic process, elected a new
Government, led by Dr. the Honourable Hubert M",cross_year_duplicate_review
UNGA72_General_Debate_2017_statements/UNGA72_General_Debate_2017/bahrain__bh_ar.pdf,2017,25b85ece8bf1647bb2fb06da08853baf223d0b3d1fa411a58efbaf6edabe1543,2017|2018,,,"

",cross_year_duplicate_review
UNGA72_General_Debate_2017_statements/UNGA72_General_Debate_2017/bahrain__bh_en.pdf,2017,f3a83b0502975b363e3924a1e2d99b82b4a169f6406fc4b1bfc7dbd53c8f8e80,2017|2018,,,"

",cross_year_duplicate_review
UNGA72_General_Debate_2017_statements/UNGA72_General_Debate_2017/bangladesh__bd_en.pdf,2017,257afd2d2a0ea53818aaa87925efbfd9e1f75a84fb9c90fefd77c1fc95bd3a5b,2017|2018,2017,72|72,"      The 72nd Session of the UNGA





                Address

                by


              H. E. Sheikh Hasina
            Hon'ble Prime Minister
Government of the People's Republic of Bangladesh





            The United Nations
             New York
              21 September 2017
                                                 Bismiilahir Rahmanir Rahim

Mr. President,


         As-salamu alaikum and good afternoon.


         Let me extend my hem-tiest felicitations on your election as President of the 72nd session of the General Assembly. My
delegation assures you of our full support in discharging your priorities on people, peace and planet.


Mr. President,


         This is the 14th time I am addressing the 10N General Assembly. And this time I have come here with a heavy heart. I have
come here just after seeing the hungry, distressed and hopeless Rohingyas fi'om Myanmar who took shelter in Cox's Bazar,
Bangladesh. This forcibly displaced people of Myanlnar are fleeing an 'ethnic cleansing' in their own country where they have been
living for centuries.


               I can feel their pain as I, along with my younger sister, had been a refugee for 6 years after my father, the Father of the
Nation of Bangladesh Bangabandhu Sheilch Muiibur Rahman and almost all members of my family were assassinated in 1975.


           In 1974, in the first ever address of Bangladesh in this Assembly, my father Bangabandhu Sheikh Mujibur Rahman said, ""I
know that the souls of our martyrs join us in pledging that the Bengalee nation fully commits itself to the building of a world order in
which the aspirations of all men for peace and justice will be realized"".


M",cross_year_duplicate_review
UNGA72_General_Debate_2017_statements/UNGA72_General_Debate_2017/barbados__bb_en.pdf,2017,45537da53320d4e22d8be61f997155496750716a874fb679b187570b23abc1f8,2017|2018,,72,"               Permanent Mission
                      of Barbados to
                  the United Nations



                  STATEMENT BY




          SENATOR THE HON. MAXINE MCCLEAN

     MINISTER OF FOREIGN AFFAIRS AND FOREIGN TRADE


                       AT THE


                 GENERAL DEBATE

                     OF THE

  72ND SESSION OF THE UNITED NATIONS GENERAL ASSEMBLY





                     22 SEPTEMBER, 2017





United Nations Headquarters                             please check against delivery
New York
                                                                                                                      "" ÿ i!ÿ: ? I I


Mr. President,

On behalf of my delegation, I congratulate you on your election to the

Presidency of the 72nd session of the United Nations General Assembly.

Please be assured that you have the full support and cooperation of the

Barbados delegation as you undertake your important duties as President

of this august body.


I also take this opportunity to commend your predecessor, H.E. Mr. Peter

Thomson, for his able leadership of the 71st session. He has served as

a worthy example of the valuable contribution which Small Island

Developing States (SIDS) can make to international organisations.

Barbados is pleased that he will continue to serve the international

community.



Mr. President,

The theme of this year's General Debate, 'Focusing on people: striving

for peace and a decent life for aft on a sustainable planet', serves as

a reminder of the purposes and principles that the United Nations has

embraced from its inception and which are enshrined in its Charter. It

brings into sharp focus our respons",cross_year_duplicate_review
UNGA72_General_Debate_2017_statements/UNGA72_General_Debate_2017/belarus__by_en.pdf,2017,959d44e7f83ab6787abdc7e9f0627f909d8d7d06b9008de90f04d75a69154587,2017|2018,2017,72,"   B E L A R U S

                                                     Check against delivery
General Assembly
72nd session
General Debate
21 September 2017

STATEMENT
by His Excellency Vladimir Makei
Minister of Foreign Affairs of Belarus


Mr. President,
Ladies and Gentlemen,

The past few decades have been fraught with two contradictory tendencies – enhanced
political fragmentation and increased economic globalization.
The first tendency has been associated with global political instability. It resulted from
wars, conflicts, terrorism, xenophobia and other factors. It gives rise to the feeling of a
mounting chaos and despondency.
Why have we found ourselves in this predicament?
Because we failed to put an end to the last epochal conflict – the Cold War.
It did not end up with a peace treaty as had usually been the case with all other previous
major wars. Therefore, we were left without a universally accepted framework, which
could have guided our subsequent behavior.
Different powers began to interpret that state of geo-political uncertainty in a different
way and began to act accordingly. What was comprehensible and legitimate for some,
was incomprehensible and illegitimate for others.
By and large, all the problems that have piled up since the early 1990s resulted from our
inability to bring an end to the Cold War.
But it is never late to do what is right.
Last year, the President of Belarus came up with the idea to launch a new negotiating
process similar to the 1970s Helsinki process.
Certainly, it should be done with those challenges and threats in mind that are relevant
for all of us today. It is worth talking about such an option that foresees expanding and
reco",cross_year_duplicate_review
UNGA72_General_Debate_2017_statements/UNGA72_General_Debate_2017/belgium__be_fr.pdf,2017,ba171a1e3223f35c8b7dd2a027af8c4b8a888d4305815bd8c26efc328032aad7,2017|2018,,,"Monsieur ie Pr6sident,

Monsieur le Secr6taire G6n6rai,

Mesdames et Messieurs tes chefs d'Etat et de

gouvernement,

Mesdames et Messieurs les chefs de d616gation,


Prioritÿ : C|imat- environnement



]e souhaite exprimer notre soutien aux victimes des

derniers ouragans. Ainsi, qu'aux victimes des

tremblements de terre au Mexique.



Ces catastrophes naturelles brisent brutalement des

vies et des rÿves. Elles entrainent instabilitÿ et

insecuritY. Surtout, ces drames rÿsonnent comme un

coup de semonce. Le rappel de I'extrÿme urgence

agir, tous ensemble, contre le rÿchauffement

climatique.



Je salue ici, dans la foui6e des accords de Paris,

I'initiative du President franÿ;ais Emmanuel Macron,

visant ÿ consacrer un vÿritable et ambitieux << Pacte

pour I'environnement >>.
II n'est plus question de remettre ÿ plus tard ce que

nous devons faire aujourd'hui. Le doute n'est plus

permis. Pour de nombreux pays, en particuliers les

Etats insulaires du Pacifique, de I'Ocÿan Indien et des

Carafbes, ces phÿnom6nes naturels ont un impact

imm6diat pour leur survie.



Nous devons 16guer & nos enfants une planÿte vivable

et respirable, forte de sa diversit6 biologique.



Dÿployons le meilleur de nos intelligences, la force des

capacitÿs d'innovation, pour relever ce d6fi existentiel.


Prioritb : Libertb fondamentales - Etat de droit -

dignitb


Nous voulons un monde meilleur. Combattre sans

rel&che les injustices, les inÿgalit6s et toutes les formes

de discrimination, qu'elles soient fondÿes sur la religion,

la culture, la couleur de la peau ou encore les

orientations sexuelles. Faire progresser les libertÿs

fondamentales et universelles.
",cross_year_duplicate_review
UNGA72_General_Debate_2017_statements/UNGA72_General_Debate_2017/belize__bz_en.pdf,2017,6977c24164c05b4f618ee9504084356617c99acf409085efc6bd9087aab549b1,2017|2018,,,"Before I deliver my statement, I wish to extend heartfelt condolences to our sister

countries in the Caribbean on the destruction and loss of life suffered in

consequence of Hurricanes Irma and Maria. ÿeÿtands united with the

Caribbean Community to render our full support.


I also extend solidarity to our northern neighbor Mexico as you begin to recover

from the recent earthquakes.


Mr. President,



As you observed in your opening statement, you have assumed the Presidency of

the General Assembly in a most challenging time for multilateralism. My

government and people have every confidence in your leadership and you can be

assured of our full and active support to fulfill the agenda of the seventy-second

session.



Focusing on people - striving for peace and a decent life for all on a sustainable

planet: the Belizean experience



Belize celebrated on 21 September, her thirty-sixth year of independence. Over

the thirty-six years, we have matured into a unified nation, embracing all peoples

in the fabric of our society, and enjoying a peaceful existence. We have worked

assiduously to uplift every Belizean especially those who have been victims of

anachronistic prejudices and we have done so with an eye to ensure that

successive generations can benefit from the fruits of our labor and our natural

resources. Our development has been modest in relative terms, but progressive

and steady.
Readily we have embraced the 2030 Agenda for Sustainable Development and

launched our Growth and Sustainable Development Strategy which integrates the

global sustainable development goals (SDGs). Our nationally determined

contributions under the Paris Agreement further c",cross_year_duplicate_review
UNGA72_General_Debate_2017_statements/UNGA72_General_Debate_2017/benin__bj_fr.pdf,2017,0b002a1aba903764c683d95b2c0c7b644c1286d664f4c613ebcf972a36180191,2017|2018,2017|2016,,"72a  .... SESSION ORDINAIRE DE L'ASSEMBLEE GENERALE DES NATIONS UNIES

            NEW YORK, DU 19 AU 25 SEPTEMBRE 2017

                DEBAT GENERAL





                INTERVENTION

                   DE

              S.E.M. Aurdlien A. AGBENONCI

               MINISTRE DES AFFAIRES ETRANGERES

                   ET DE LA COOPERATION





                                                                      Vÿrifier au Prononcÿ





                                                 New York, le 22 septembre 2017
Monsieur Miroslav Lajkak, Prdsident de la 72ÿ*ÿe session de l'AssemblEe Gÿn&ale des

Nations Unies,

Monsieur Antonio GUTERRES, SecrEtaire GEndral des Nations Unies,


Distingu& dÿlSguÿs, Mesdames et Messieurs:


Monsieur Patrice TALON, Pr&ident de la Rdpublique, Chef de l'Etat, Chef du

Gouvernement m' a chargd de dElivrer en son nora et au nora du Gouvernement bEninois

le message dont la teneur suit :

Citation


Monsieur le Prdsident,


Je voudrais, avant tout propos, vous rEit&er rues chaleureuses felicitations pour votre Election ff la
Pÿsidence de la 726me session de l'AssemblEe GEn&ale des Nations Unies et vous fake part du

soutien de mon pays dans l'accomplissement de votre mission. Je profite de l'occasion pour

remercier, Peter THOMSON, votre prEddcesseur pour ses actions.


Je tiens fl renouveler rues chaleureuses felicitations ff Monsieur Antdnio Guterres, Secr&ake
GEnEral des Nations Unies et l'assurer, ff nouveau, de notre plein appui.

 Je voudrais enfin rendre hommage ff son prEdEcesseur, Monsieur BAN IZi-moon.

Je pr&ente rues condol&nces et exprime ma compassion aux Gouvemements et aux Peuples

am&icain, frangais, mexicain, sierra-lEonais ",cross_year_duplicate_review
UNGA72_General_Debate_2017_statements/UNGA72_General_Debate_2017/bhutan__bt_en.pdf,2017,dbe6b584d74c76e9a806098c0d7ffa4f69e4bfa4e8ffb0322c5a43a37b4de6e4,2017|2018,,,"            ADDRESS BY H.E. DASHO TSHERING TOBGAY
 PRIME MINISTER OF BHUTAN AT THE 72ND SESSION OF THE UNITED NATIONS
                    GENERAL ASSEMBLY
                       22ND SEPTEMBER 2017

                                             <Check against delivery>


 Mr. President, Distinguished Delegates.

 1 bring warm greetings of His Majesty the Druk Gyalpo.

Climate Change

Distinguished Delegates.

Today my thoughts are with the people of Mexico, who have suffered two terrible
earthquakes this month.

My thoughts are also with the victims of other natural disasters that have recently
brought pain and misery to people around the world: the three recent hurricanes that
battered communities in the Caribbean and in the United States, and the devastating
floods in Bangladesh, India, Nepal, and Sri Lanka that have taken more than 1200 lives.

Please join me in observing a moment of silence, to reflect on the suffering of these
communities and to offer our prayers for their recovery.

Thank you.

These disasters are not isolated incidents. Experts are increasingly convinced that
natural disasters like hurricanes and floods are made worse by climate change.

Climate change is a reality. Each of the last three years has been the hottest in
recorded history. 16 of the 17 hottest years on record have all occurred in this new
century. And this must alarm us, for we are only in 2017.

There is no room for complacency, hesitation or finger pointing, excuses or
procrastination. The urgency is now. Our wellbeing is at stake. The survival of future
generations is at risk.

The Paris Agreement is proof that we have accepted that climate change is a reality,
and that we are willin",cross_year_duplicate_review
UNGA72_General_Debate_2017_statements/UNGA72_General_Debate_2017/bolivia-plurinational-state__bo_es.pdf,2017,999093d38873c1ba9c6835bdb4cfd500ba2d7fcb4ace798f1aebb151f1c4dcdd,2017|2018,2017,,"   72° Periodo de Sesiones de la Asamblea
         General de Naciones Unidas

                   Martes, 19 de septiembre 2017


Hermano Secretario General de las Naciones Unidas, hermano Presidente de la Asamblea
General; hermanas y hermanos jefes de Estado y de gobiernos, hermanas y hermanos de las
delegaciones presentes y a organismos internacionales.

A nombre del pueblo de Bolivia expresar toda nuestra solidaridad  al pueblo de México,
consternados por lo sucedido hoy en la tarde con el terremoto. Expresar nuestra fuerza, con
hermandad enfrentar los problemas que se presentaron en México.

Hermanas y hermanos, nuevamente los líderes del mundo nos reunimos en el histórico salón de
la Asamblea General de las Naciones Unidas; nuevamente nos encontramos para expresar
nuestras posiciones sobre grandes desafíos que enfrenta nuestra familia, la familia humana. La
ONU, como reza la Carta de las Naciones Unidas, fue creada para preservar a las generaciones
venideras de la guerra, para promover el progreso social y elevar el nivel de vida de todas y de
todos. Lamentablemente muchas de estas promesas no se convirtieron en realidad, y después
de más de 70 años vemos que en muchos casos, en lugar de avanzar hacia esos objetivos,
hemos retrocedido.

Como  lo hemos afirmado en muchas oportunidades, producto de prácticas abusivas del
imperialismo, del mercado de consumo salvaje que sostiene al capitalismo y las interminables
aventuras colonialistas, el mundo está atravesando una multiplicidad de crisis que, en lugar de ir
resolviéndose, van empeorando. La guerra y los conflictos violentos siguen siendo el flagelo de
millones de personas; producto de agresiones externas en Irak se h",cross_year_duplicate_review
UNGA72_General_Debate_2017_statements/UNGA72_General_Debate_2017/bosnia-and-herzegovina__ba_en.pdf,2017,8596ead47c3fd6ccf482d8e7475caa68ebb4fc7bd1a862736488ebe1eff88fc5,2017|2018,2017,72,"                BOSNIA AND HERZEGOVINA





                   STATEMENT

                       by H.E. Dragan Covic

         Chairman of the Presidency of Bosnia and Herzegovina

                   at the General Debate of the 72""'' Session
                  of the United Nations General Assembly





                          CHECK AGAINST DELIVERY




                            20 September 2017, New York





Musala 2, Sarajevo, Tel: (+387 33) 281-100, Fax: (+387 33) 227-156 • Musala 2, Sarajevo, Tel: (+387 33) 281-100, Fax: (+387 33) 227-156
Mr. President,
Mr. Secretary-General,

Excellences,
Distinguished delegates.


Distinguished President of the General Assembly, Mr. Lajcak,
Please allow me, first of all, to congratulate you on the mandate you have just started as the
President of the 72nd Session. I am convinced that your tact and diplomacy, which we in
Bosnia and Herzegovina have witnessed first hand, will help the most important body of the
United Nations make new progress and effectively face new challenges. My gratitude also
goes to the outgoing President, for the leadership he showed during the previous (71st)
Session. I would like to join others in congratulating H.E. Antdnio Guterres on his election
for the Secretary-General of the United Nations. His noble and wise intention to dedicate
more attention to building bridges that connect us all in the years ahead will surely have the
greatest possible support in Bosnia and Herzegovina.


In a world dominated by uncertainty and insecurity, it is simply not possible to overstate the
importance of theprinciples andthemultilateral framework defined for us by the founders of
the United Nations. The strength of",cross_year_duplicate_review
UNGA72_General_Debate_2017_statements/UNGA72_General_Debate_2017/botswana__bw_en.pdf,2017,1cd2fc23d47ee2936fda237636c37ab65b18f5243c65b4ee5ef99de67d770986,2017|2018,,,"REPUBLIC OF
BOTSWANA
                          PERMANENT MISSION OF THE REPUBLIC OF
                           BOTSWANA TO THE UNITED NATIONS

                               154 EAST 46TH STREET • NEW YORK, N.Y. 10017
                                                TEL. (212) 889-2277




                             : ?iÿ ÿ ÿ:iÿiÿ ÿ  ....

                             .... STAT-EIVIENT

                  BY

 HIS HONOUR HR. iVtOKGWEETSI E. K. HASISI, N.Po,

            THE VICE PRESIDENT
       OF THE REPUBLIC OF BOTSWANA


        DURING THE GENERAL DEBATE
         OF THE 7-2ND SESSION OF THE
      UNITED NATIONS GENERAL ASSEHBLY


              21 SEPTEHBER 2017
         UNITED NATIONS, NEW YORK





                                               Please check against deliver]/.
   Mr. Presidentÿ
    Excellencies,
    Distinguished Ladies and Gentlemen,

            I feel deeply honoured and privileged to deliver this Statement
     on behalf of the President of the Republic of Botswana, His
       Excellency Lt. General Dr. Seretse Khama Ian Khama.

     On behalf of my delegation, I wish to join previous speakers in
      congratulating you on your election as President of the
      Seventy-Second Session of the UN General Assembly.

          I assure you of the full support and cooperation of my
       delegation in the discharge of your mandate.

       In the same vein, please allow me to pay tribute to your
      predecessor, His Excellency  IVlr. Peter Thomson, for his
      stewardship of the Seventy-First Session.

       lay I also seize this opportunity to extend a warm welcome to
      our new Secretary-General, His Excellency Mr. Antoni6
      Guterres an",cross_year_duplicate_review
UNGA72_General_Debate_2017_statements/UNGA72_General_Debate_2017/brazil__br_en.pdf,2017,a9480ce45af65da991e3b90aaa327b73934423f7802c8e12ebd09d3abb6a7038,2017|2018,2017,,"    BRAZIL





               STATEMENT BY H. E. MR. MICHEL TEMER,

             PRESIDENT OF THE FEDERATIVE REPUBLIC OF BRAZIL


                   OPENING OF THE GENERAL DEBATE

      OF THE 72""D SESSION OF THE UNITED NATIONS GENERAL ASSEMBLY





                New York, 19 September 2017





                        (check against delivery)
Mr. Miroslav Lajÿ&k, President of the General Assembly of the United Nations,
Mr. Ant6nio Guterres, Secretary-General of the United Nations,

Ladies and Gentlemen Heads of State, Government, and Delegations,

Ladies and Gentlemen,


At the outset, I would like to congratulate you, Mr. President, on your election. You can
count on the support of the Brazilian delegation.

I am also pleased to greet the Secretary-General in our common language. Mr. Secretary-
General, I once again wish you enduring success during your tenure.

Mr. President,

The challenges faced by the United Nations since its creation have been manifold. And we
all know that the aspirations of its founders have not been fully realized.

But the truth is that, along these more than seventy years of existence, the UN has always
represented and continues to represent hope. The truth is that the UN has always
represented and continues to represent the possibility of a fairer world. A world of peace
and prosperity. A world in which no one should face discrimination, oppression and misery.
A world in which production and consumption patterns are compatible with the well-being of
the present and future generations.

The UN has established itself as a privileged arena to build this world to which we aspire.
And to build this world we need method and realism, without ever",cross_year_duplicate_review
UNGA72_General_Debate_2017_statements/UNGA72_General_Debate_2017/brunei-darussalam__bn_en.pdf,2017,258e13191e3ec78aa275a90c9abdc291dafd4ecf17ca53636dac7ee84ecf0008,2017|2018,2017,72,"               PERMANENT MISSUON OF BRUNEm DARU$SALAM
                      TO THE UNITED NATmONS


                 771 UNITED NATIONS PLAZA, NEW YORK, NY 10017





                     Address By


       The Hon. Pehin Dato Seal Setia Lira Jock Seng
             Minister at the Prime Minister's Office
 and Second Minister of Foreign Affairs and Trade of Brunei
                      Darussalam



                  At the Generat Debate of
   the 72nd Session of the United Nations General Assembly



                  22 September 2017
                  New York


                        Theme:
""Focusing on people: striving for peace and a decent life for all
                on a sustainabme planet""
Mr. President,
Secretary-General,
Your Excellencies,
Ladies and Gentlemen,

I have the great honour to convey the warm greetings of His Majesty the Sultan and Yang
Di-Pertuan of Brunei Darussalam to this august body.

And to His Excellency Miroslav Lajÿ.ÿk, our congratulations on assuming the Presidency
of this session. We wish him much success in the coming year.

Also, our thanks to His Excellency Peter Thomson who has presided the Assembly with
utmost dedication for the past year.

I also wish to send my warm wishes to our Secretary-General, His Excellency Antonio
Guterres and praise him for his vision to strengthen our organisation.


Mr. President,

Two years ago, Brunei Darussalam proudly joined everyone to embark on an extended
journey to achieve a global set of ambitious goals for sustainable development.

For us, that moment was meaningful. It signified our organisation's relentless pursuit to
bring development and prosperity to all countries, regardless of their si",cross_year_duplicate_review
UNGA72_General_Debate_2017_statements/UNGA72_General_Debate_2017/bulgaria__bg_en.pdf,2017,b694116c9c99c8652a9c8dcc36b597733a1cfb10870f6971f33fa00209380db3,2017|2018,2017,72,"         REPUBLIC OF BULGARIA




                                              i




            STATEMENT


         By H.E. Mr. Rumen Radev,
     President of the Republic of Bulgaria





           AT THE General Debate
OF THE 72""° Session of the UN General Assembly





      New York, 20 September 2017
 S l ATEMEM BY PRESIDEM RUMEN RADEV AT THE CJENERAE DEBATE OF

   THE 72NI) SESSION OF THE UNITED NAHONS CENERAE ASSEMBLY



Mr. President,^                                                                                       >»
Mr. Secretary General,
Excellencies,
Ladies and gentlemen.


It is an honour for me to address this distinguished forum. I congratulate His
Excellency Miroslav Lajcak on his election to preside over the 72nd Session of
the United Nations General Assembly and wish him every success  in  his
mission.  I would also like to extend my warmest gratitude to His Excellency
Mr. Peter Thomson for his tireless work as President of the 71st Session in
promoting the implementation of the Sustainable Development Goals.
This Session is a special one for my country as within its timeframe - in the first
semester of 2018  - Bulgaria will hold the Presidency of the Council of the
European Union.
This year the General Debate puts a special emphasis on our common strive for
peace and  a decent  life  for  all on  a  sustainable  planet  highlighting  the
importance of prevention, mediation, sustainable development, preservation of
the environment and  respect  for human  rights  through  a people-centered
approach. The United Nations upholds our shared goals of peace and security,
development and human rights.


Mr. President,
Conflicts in many parts of the wor",cross_year_duplicate_review
UNGA72_General_Debate_2017_statements/UNGA72_General_Debate_2017/burkina-faso__bf_fr.pdf,2017,53f46e15de7daf08e5b9c63e5d34ab17fcdb6993c17875f15186a38a6c1375c0,2017|2018,,,"   SO|XANTE-DOUZIEME SESSION ORD|NAIRE
DE LÿASSEMBLEE GENERALE DES NATIONS UNIES





              DECLARATION

              DE SON [ÿCEi[I_[NC[
        MONS|EiUR ROCH MARC CItR|STIAN ÿBORi!
           PRESIDENT1)UBURK1NA FASO




             New York, ]e 21 ÿqeptembre 2017


                            (Vÿrifier au prononcÿ)





                   633 Third Avenue, 41st Street, Suite 31A, New York, N.Y. 10017
            Tglgphone : (1) 212-308-4720/21 - Fax : (1) 212- 308-4690 - E-mail : bfÿm@umint
Monsieur le President
Mesdames et Messieurs les Chefs d'Etat et de Gouvernement
Monsieur le Secrÿtaire g6nÿral des Nations Unies
Mesdames et Messieurs les Chefs de dÿlÿgation
Distinguÿs dÿlÿguÿs
Mesdames et Messieurs


La 72ÿme session de l'Assemblÿe gÿn6rale de notre Organisation se tient hun moment oh

la marche quotidienne du monde ne cesse de nous lancer d'importants dÿfis.


En effet, la prfiservation de la paix et de la sÿcuritÿ internationales, la lutte contre le

terrorisme et l'extrÿmisme, l'firadication de la pauvretÿ, le dÿveloppement durable et

l'instauration d'un ordre international plus juste et plus humain, sont les principales

prfioccupations de l'heure. Elles nous interpellent sans cesse et nous avons l'impfirieux

et pressant devoir de leur trouver des rfiponses urgentes et durables.




Monsieur le Prÿsident, ma dfilÿgation et moi-mÿme vous adressons nos ffilicitations

pour votre brillante ÿlection h la prÿsidence de la prÿsente session. Je puis vous assurer

de notre pleine et entihre cooperation pour le succÿs de nos travaux.


A votre prfidficesseur, j'exprime ma reconnaissance pour l'efficacitfi avec laquelle il s'est

acquitt6 de sa mission.


I",cross_year_duplicate_review
UNGA72_General_Debate_2017_statements/UNGA72_General_Debate_2017/burundi__bi_fr.pdf,2017,53569e542af45b4c30c0c1989a2d8fa41c9b380abe13252f9076d0a5cd56040b,2017|2018,,,"                   Permanent Mission of Burundi to the United Nations
                            336 East 45th Street, 12th Floor, New York N,Y 10017
                                Tel: +1 (212) 499-0001 ÿ +1(212) 499 -0002 tl Fax +1 (212) 499-0006
                                           E-mail: ambabunewyork@yahoo,fr
                                    Website: http://www.burundimission.org



D6claration de S.E.M. Alain Aim6 NYAMITWE, Ministre des Relations Ext6rieures et de la
Coop6ration Internationale ÿ l'Assembl6e G6n6rale de I'ONU
 ....................................................................


New York, le 23 septembre 20] 7

Monsieur MIROSLAV LAJCAK, Pr6sident de la Soixante-douziÿme session de l'Assembl6e
G6n6rale de I'ONU,
Monsieur le Secr6taire G6n6ral de I'ONU,
Majest6s,
Excellences Mesdames, Messieurs les Chefs d'Etat et de Gouvernement,
Mesdames, Messieurs,
Avant route chose, permettez-moi de rendre grace au Seigneur Dieu Tout Puissant, pour nous
avoir 6pargn6s et permis de nous retrouver darts cette belle ville de New York.
Monsieur le Pr6sident,
Majest6s,
Excellences,
Mesdames, Mesdemoiselles, Messieurs,

J'ai le plaisir de vous presenter les salutations les plus fraternelles de S.Exc. M. Pierre
NKURUNZIZA, President de la Rÿpublique du Burundi. I1 avait souhaitÿ ÿtre parmi Vous, mais des
engagements pressants ÿ l'intÿrieur du Pays Font empÿchÿ d'effectuer le dÿplacement de New York.
Monsieur le President,

Ma dÿlÿgation souhaite tout d'abord vous presenter les fÿlicitations pour votre brillante ÿlection it la
tÿte de cette Soixante-douziÿme session de l'Assemblÿe Gÿnÿrale de notre Organisation. Je profite de
cette oppormnitÿ qui m'est offerte",cross_year_duplicate_review
UNGA72_General_Debate_2017_statements/UNGA72_General_Debate_2017/cabo-verde__cv_en.pdf,2017,f19c6fefdc741c0be5da185d6ee787e0414be707b1bdda18edd6273703f1b127,2017|2018,,72|72|72,"      SPEECH BY HIS EXCELLENCY JOSE ULISSES DE PINA CORREIA E SILVA

     PRIME MINISTER, HEAD OF GOVERNMENT AND HEAD OF DELEGATION

                  OF THE REPUBLIC OF CABO VERDE

 AT THE HIGH LEVEL WEEK OF THE 72ND SESSION OF THE UN GENERAL ASSEMBLY

                NEW YORK, SEPTEMBER 22, 2017





Mr. President of the General Assembly

Mr. Secretary General

Excellences Heads of State, of Government and of Delegation

Ladies and Gentlemen



It is with great satisfaction and honor that I take part in this august Assembly,

gathered here at its 72nd session.



I bring with me the friendly greetings of the Cabo Verdean People living in the

country and in the diaspora.
I wanted to salute the President of the 71st session of the General Assembly, Mr.

Peter Thomson, who focused his leadership on implementing the sustainable

development goals.



I am pleased to reiterate the congratulations of my Government to Mr. Ant6nio

Guterres for his election to the post of Secretary-General. The Government of

Cabo Verde will lend its full support to the Secretary-General's work, especially in

carrying out the reforms he has announced--and which are in progress--to

strengthen the  delivery capacity, transparency and accountability of our

Organization.



I would like to welcome the President of the 72nd session of the General Assembly,

Mr. Miroslav LAJCÿ,K, and to wish him all the success. We listened with particular

interest to the six-point-program he announced for his presidency, and which are

all interlinked and geared towards ensuring the protection, dignity and well-being

of people.



Indeed, the theme proposed by Your Excellency for the 72nd session could not be
",cross_year_duplicate_review
UNGA72_General_Debate_2017_statements/UNGA72_General_Debate_2017/cambodia__kh_en.pdf,2017,bc72a74753a267dfb9cfcb5cf91ad4625ab50a01e9da85e119a2721baf60ee8a,2017|2018,2017,72,"      KINGDOM OF CAMBODIA
             NATION RELIGION KING





         STATEMENT

             BY

 HIS EXCELLENCY PRAK SOKHONN

       SENIOR MINISTER,

MINISTER OF FOREIGN AFFAIRS AND
  INTERNATIONAL COOPERATION

 OF THE KINGDOM OF CAMBODIA



               General Debate

            72nd Session of the
      United Nations General Assembly




      New York, 22 September 2017
Your Excellency Mr. President,

Excellencies, Ladies and Gentlemen,



   1. On behalf of the Royal Government of Cambodia and on my own behalf, I
      congratulate you, Excellency Miroslav Laj^^k, on your election as President
      of the 72nd United Nations General Assembly. I would like to take this
      opportunity to thank as well His Excellency President Peter Thomson of Fiji
       for his commitment and dedication to the works of our previous UNGA
       session. I join with previous speakers in expressing my deepest condolences
     and sympathy to the victims of the earthquake in Mexico and their families.
   2. My Delegation finds that the theme of this year's UNGA  is extremely
      relevant and sums up quite appropriately the six overarching priorities of
     your Presidency which are responsive to the global megatrends that are
      facing our world nowadays. The interactions between population growth,
     massive migration movements, climate change and food insecurity render
      these megatrends all the more worrisome.
   3. Similarly, the same forces of globalization, which in the past have made us
      so interdependent, are exposing deep flaws in the existing international
      order. A quarter century after the end of the Cold War, the world became
     by many ",cross_year_duplicate_review
UNGA72_General_Debate_2017_statements/UNGA72_General_Debate_2017/cameroon__cm_fr.pdf,2017,319202937f5c3b22c22118e8ef793de5cb3d3ee2b7f0437f01665c90936dfae3,2017|2018,2017,,"    CAMEROON



                                                                /.


      72EME SESSION DE L'ASSEMBLEE GENERALE
              DES NATIONS UNIES
                   (New York, 12 septembre - 22 decembre 2017)

            Debat general

              Theme : Priorite a I'etre humain  :
             paix et vie decente pour tous
              sur une planete preservee


          DECLARATION DE S-E-M, PAUL BIYA,
            PRESIDENT DE LA REPUBLIQUE
                  DU CAMEROUN.





                             New York, le 22 septembre 2017
                          A verifier au prononce



MISSION Pl-KMANI-NTI- [)U CAMnROUN                              PHRMANENT MISSION OF CAMI-ROON
     AUPRI'S DKS NAHONS UNIHS                                       TO THE UNITED NATIONS

                                        22 KAS'i  73rcl S'l Ri;!-  !' Ni;W YORK. N.Y. 10021
                                              Id: (212)794 2295  i'ax: (212)249 05.33
                                    I>maii: delecam@delecam.us  / Cameroon,mission@vahoo.com
                                                     Websiie: wvvw.dclccam.us
         •  Monsieur ie President,
         •  Mesdames et Messieurs ies Chefs d'Etat et de Gouvernement,
         •  Monsieur Ie Secretaire General de i'ONU,
        •  Mesdames et Messieurs ies Chefs de delegations,

      Je voudrais, Monsieur Ie President, vous fellclter pour votre accession a
la presldence de la presente session de I'Assemblee Generale de TONU. Votre
grande experience vous permettra, j'en suls sur, de conduire avec plein succes
nos deliberations. Soyez assure.de Tentlere cooperation de ma delegation.

    A  I'Ambassadeu",cross_year_duplicate_review
UNGA72_General_Debate_2017_statements/UNGA72_General_Debate_2017/central-african-republic__cf_fr.pdf,2017,772a3c948d6067cd4b19979efbeec2422ea4654dd80b7d6d2d10bccc6070d4fd,2017|2018,,72|72,"DISCOURS DE SON EXCELLENCE MONSIEUR LE PRESIDENT DE
            LA REPUBLIQUE, CHEF DE L'ETAT
     LE PROFESSEUR FAUSTIN ARCHANGE TOUADERA
A L'OCCASION DE LA 72ÿme ASSEMBLEE GENERALE DE L'ONU

         NEW YORK LE 22 SEPTEMBRE 2017





                                                                                                                         1
   • Monsieur le Pr6sident ;

   • Excellences, Mesdames et Messieurs les Chefs d'Etat
        et de Gouvernement ;

   • Monsieur le Secrÿtaire Gÿndral des Nations Unies ;

   • Distinguÿs ddl6guÿs ;

   • Mesdames et Messieurs.

Je voudrais joindre ma voix a celle de tous ceux qui m'ont precede
cette tribune, pour vous adresser Monsieur le President, mes vives et
chaleureuses felicitations pour votre election a la Presidence de la
72e Session ordinaire de I'Assemblee Generale des Nations Unies, tout
en vous souhaitant plein succes dans raccomplissement de cette noble
tÿche.

Vos riches experiences sur les grandes questions internationales et
votre sens eleve du devoir ainsi que vos grandes qualites personnelles,
sont, j'en suis convaincu, un gage de succes de nos travaux.

Qu'il me soit aussi permis d'exprimer ÿi I'endroit de votre predecesseur,
Monsieur Peter THOMSON, ma profonde admiration pour I'enorme
travail qu'il a abattu et les resultats remarquables obtenus durant son
mandat.

C'est ici le lieu de saluer les actions deja accomplies par Son
Excellence Monsieur Antonio GUTERRES, Secretaire General des
Nations Unies, depuis son arrivee ÿl la tete de notre Organisation

commune.

   • Monsieur le President,

La 72e Session de I'Assemblee Generale des Nations Unies se tient au
moment oÿ, notre planete est confront",cross_year_duplicate_review
UNGA72_General_Debate_2017_statements/UNGA72_General_Debate_2017/chad__td_fr.pdf,2017,dfc6319b92c6074604a52263e33a5d6741503392083ca5bb654c7b5db8972a25,2017|2018,2017,72|72,"                                                      Unité – Travail – Progrès


                       T C H A D

 72ème SESSION DE L’ASSEMBLEE GENERALE DES NATIONS-UNIES

  ALLOCUTION DE S.E. M. HISSEIN BRAHIM TAHA, MINISTRE DES
  AFFAIRES ETRANGERES, DE L’INEGRATION AFRICAINE ET DE LA
             COOPERATION INTERNATIONALE

             New-York, le 23 Septembre 2017

Monsieur le Président de l’Assemblée Générale ;
Mesdames, Messieurs les Chefs de Délégations ;
Monsieur le Secrétaire Général des Nations Unies ;
Mesdames et Messieurs ;

Permettez-moi d’adresser mes chaleureuses félicitations à Monsieur Miroslav
Lajcak, pour son élection à la présidence de la 72ème session de l’Assemblée
Générale des Nations Unies  et  l’assurons de  notre  collaboration dans
l’accomplissement de sa haute mission.

Je voudrais en même temps exprimer notre reconnaissance à Monsieur Peter
Thompson, qui a dirigé avec talent et clairvoyance les travaux de la 71ème
Session.

Mesdames et Messieurs,

Il y a une décennie, nous déplorions au sein de cette Assemblée, l’apparition
des   différentes   crises  mondiales,  notamment   financière,   et   leurs
conséquences néfastes sur l’économie mondiale.
Aujourd’hui encore,  les pays en voie de développement dont  le mien,
continuent d’en subir les conséquences, à cause de la chute des prix de leurs
produits d’exportation.

                                                                                1
Cette  conjoncture  impacte  négativement  le  financement  des  Plans  et
Stratégies de développement de nos pays.

L’humanité est aussi appelée à faire face aux conflits d’un genre nouveau, les
défis liés au terrorisme dont les tentacules grandis",cross_year_duplicate_review
UNGA72_General_Debate_2017_statements/UNGA72_General_Debate_2017/chile__cl_es.pdf,2017,d8bef9222549b4286361a7fa978bd3aac20f457f919c0c785d00c47da406e578,2017|2018,,,"     Dirección de Prensa

          Discurso de S.E. la Presidenta de la República,
 Michelle Bachelet Jeria, en 72° Período Ordinario de Sesiones de la
            Asamblea General de Naciones Unidas



            Nueva York, 20 de septiembre de 2017



Señor Presidente:

Quiero iniciar estas palabras enviando un saludo fraterno al pueblo de
México y, muy especialmente, a los familiares y amigos de las víctimas
del terrible terremoto que asoló a este país hermano el día de ayer.

Quiero también saludar a los familiares de las víctimas y a todos los
afectados por los huracanes que en las últimas semanas y días se han
producido en la región, causando un daño enorme y pérdidas, en
algunos casos, irreparables.

Estas últimas catástrofes, generadas por huracanes más frecuentes y
violentos de lo habitual -en gran medida a causa del calentamiento de
los océanos- nos recuerdan que nos encontramos en un momento
clave de la historia de la humanidad, un momento de definiciones que
repercutirán en nuestras vidas y en las vidas de nuestros nietos y
bisnietos.

Si bien los desafíos que enfrentamos hoy son distintos de los que
dieron origen a esta organización hace 72 años, son tan relevantes y
tan  determinantes como  los que  enfrentó  la  generación de  la
posguerra.

Por un lado, la noción de desarrollo que predominaba hasta ahora ha
sido  remecida  por  la  implacable  realidad  del cambio  climático.
Podemos  cerrar  los  ojos  y  negar una  realidad  cuyos  efectos


                                                                 1
     Dirección de Prensa

devastadores serán cada vez más frecuentes e intensos, o asumir
nuestra responsabilidad.

Y ello implica, más allá de red",cross_year_duplicate_review
UNGA72_General_Debate_2017_statements/UNGA72_General_Debate_2017/china__zh_zh.pdf,2017,e86daac8b29f6510f3d1974b4afe6ed3ae16d8e370914f046d877e8ee04f9151,2017|2018,,,"±M3tk,

""^ik^M-M.' 'f^;5!i±«, **S¥tA.

ik'ftfcib T -^-M^i^o
     jft-frH etifB-f-i^ aft,
jfe, -k^ib,




!b, <fe-aa-K:^ii>FA,                                   ,


                  -2-
",cross_year_duplicate_review
UNGA72_General_Debate_2017_statements/UNGA72_General_Debate_2017/colombia__co_es.pdf,2017,999821f4cab092bfe409de82bf80eb8f4994ffeadda5f2de2b1fc373a054259c,2017|2018,,,"                                                                                   1


   PALABRAS DEL PRESIDENTE DE LA REPÚBLICA DE
 COLOMBIA, JUAN MANUEL SANTOS, ANTE LA ASAMBLEA
   GENERAL DE LA ORGANIZACIÓN DE LAS NACIONES
UNIDAS EN EL 72 PERIODO DE SESIONES ORDINARIAS (v.FINAL)


                   Nueva York, 19 de septiembre de 2017


Señor Presidente de  la Asamblea General, señores Jefes de

Estado  y  de  Gobierno,  distinguidos  delegados,  señoras  y

señores:


Esta es la octava y la última vez que me dirijo a esta Asamblea en

mi condición de presidente de Colombia.


Han pasado muchas cosas desde aquel 24 de septiembre de

2010, cuando realicé mi primera intervención.


Colombia se ha transformado positivamente y el mundo ha vivido

avances y retrocesos, de los que todos hemos sido testigos,

víctimas o protagonistas.


Y miren esta paradoja: mi primera alocución televisada a los

colombianos, como su mandatario, la hice desde Nueva York,

aquel septiembre de 2010, un día antes de hablar ante esta

Asamblea.
                                                                                   2



¿Y cuál fue el motivo de esa intervención? Anuncié a Colombia y

a  la comunidad internacional que nuestras Fuerzas Armadas

habían abatido al jefe militar de la guerrilla de las FARC.


Hoy, siete años después, me siento muy feliz –¡muy feliz!– de que

las noticias que traigo de Colombia no tengan que ver con la

muerte sino con la vida.


Hoy vengo a decirles que el proceso de paz con las FARC no

solo culminó con un acuerdo sino con algo más grande, más

importante: ¡miles y miles de vidas humanas salvadas!


Así que la noticia hoy ya no es la muerte: ¡ES LA VIDA!",cross_year_duplicate_review
UNGA72_General_Debate_2017_statements/UNGA72_General_Debate_2017/comoros__km_fr.pdf,2017,95594bf1260427d34677a6f79e9784f8b19bb3900df576e80efa87074e73b10d,2017|2018,2017,,"Allocution du Prdsident de l'Union des Comores devant
                l'Assemblde gdndrale
                des Nations unies.




       New York, le 21 septembre 2017.



                     Temps de prise de parole imparti "" 15 minutes

",cross_year_duplicate_review
UNGA72_General_Debate_2017_statements/UNGA72_General_Debate_2017/congo__cd_fr.pdf,2017,8f073552497b0cb76305f83fb93b3344de24d03a823577d8e699cb0de23bd49b,2017|2018,2017,,"PRESIDENCE DE LA REPUBLIQUE              REPUBLIQUE DU CONGO
                                                     Unit6 - Travail - Progr6s





    DECLARATION DE SON EXCELLENCE MONSIEUR LE PRESIDENT DE
                   LA REPUBLiQUE DU CONGO



 AU DEBAT GENERAL DE LA 72ÿme SESSION ORDINAIRE DE L'ASSEMBLEE
          GENERALE      DES NATIONS UNIES





                 New York, le 20 septembre 2017





                                                                         1
  = Monsieur le Pr6sident de I'Assembl6e G6n6rale ;


      Monsieur ie Secr6taire G6nÿral de I'Organisation des Nations Unies ;


     Excellences Mesdames et Messieurs les Chefs d'Etat et de
     Gouvernement ;


      Excellences Mesdames et Messieurs ;


Je voudrais vous adresser, au nom de ma d616gation et au mien propre, Monsieur le

Pr6sident, toutes nos sinceres f61icitations pour votre 61ection & la pr6sidence de la

726me session ordinaire de I'Assembl6e G6n6rale des Nations Unies.


De meme, j'exprime toute notre reconnaissance & votre pr6d6cesseur, monsieur

Peter THOMSON, & qui nous rendons un vibrant hommage pour le travail accompli.

A monsieur Antonio GUTERRES, Secr6taire G6n6ral de  I' Organisation des

Nations Unies, je r6itÿre mes vceux de succes et de r6ussite dans I'accomplissement

de son mandat.


Je note, avec int6rÿt, la haute port6e du theme de ce d6bat g6n6ral.

En effet, rendre la priorit6 & 1'6tre humain, garantir la paix et la vie d6cente

tous sur une plan6te pr6serv6e, tel est 6noncÿ le d6fi majeur qui commande, &

nous tous, une attitude d'ouvertureet de responsabilit&





                                                     2
",cross_year_duplicate_review
UNGA72_General_Debate_2017_statements/UNGA72_General_Debate_2017/cote-divoire__ci_fr.pdf,2017,cd5a0cfcf1478cf0ac300e008043accdca247206b1af36bec30f170ba6502a37,2017|2018,2017,,"PRESIDENCE DE LA REPUBLIQUE         REPUBLIQUE DE COTE D'IV01RE





                                                        Unio n-DiScipline-Travail





          72ÿME SESSION DE.L'ASSEMBLEE GENERALE
                DES NATIONS UNIES
            DECLARATION DE SON EXCELLENCE
            MONSIEUR ALASSANE OUATTARA
      PRESIDENT DE LA REPUBLIQUE DE COTE D'IVOIRE
                      New York, le 20 septembre 2017





A vOrifier au prononcÿ
     Excellence Monsieur Miroslav Lajcak, Pr6sident de la 72ÿme session de
    I'Assembl6e g6n6rale des Nations Unies ;
    Excellences, Mesdames et Messieurs les Chefs d'Etat et de
    Gouvernement ;
    Excellence Monsieur Antonio GUTERRES, Secr6taire G6n6ral des
     Nations Unies ;
    Mesdames et Messieurs ;
     Honorables D616gu6s,
    Monsieur le Pr6sident,
    Mesdames et Messieurs,

 Je voudrais, pour commencer, vous exprimer la gratitude du peuple
ivoirien, pour la grande mobilisation de vos pays, qui a port6 la C6te
d'Ivoire au Conseil de s6curit6 des Nations Unies pour la p6riode 2018-
201%
Cette 61ection t6moigne de votre soutien ÿ I'engagement constant de mon
pays en faveur de la paix et du dialogue.
Elle est aussi un appel ÿ partager, avec le monde, notre exp6rience en
mati&re de gestion de sortie de crise et de coop6ration efficace avec les
Nations Unies, comme le prouve le succÿs de I'op6ration des Nations Unies
en C6te d'Ivoire (ONUCI).

Les lemons de cette Op6ration de paix, reconnue par tous comme I'un des
rares succÿs de notre Organisation mondiale dans le domaine du maintien
de la paix depuis plusieurs d6cennies, doivent inspirer davantage les
Nations Unies dans leurs initiatives en faveur de la paix.
C'est ",cross_year_duplicate_review
UNGA72_General_Debate_2017_statements/UNGA72_General_Debate_2017/croatia__hr_en.pdf,2017,6ec6886188a4bbcee1879ec63fd44d9457a7f7523c37990d4b5f7246899b798d,2017|2018,2017,72,"          CROATIA

                             Address by


                       H.E. Mr Andrej Plenković
               Prime Minister of the Republic of Croatia

                            at the 72nd session of the
                 General Assembly of the United Nations

                 New York, 21 September 2017





Check against delivery





               PERMANENT MISSION OF THE REPUBLIC OF CROATIA TO THE UNITED NATIONS
        820 SECOND AVE, 19. FL, NEW YORK, NY 10017 | TEL: 212 986 1585 | FAX: 212 986 2011 | CROMISS.UN@MVEP.HR
Mr. President,

Excellences, Ladies and Gentlemen,

Let me use this opportunity to offer my sincere condolences to all those affected by the destruction
wrought by hurricanes Irma and Maria as well as to the people of Mexico, who have been hit by
successive earth quakes these past few days.

1992-2017

25 years ago, my country’s first president, Franjo Tuđman, addressed the General Assembly as
Croatia was being admitted to the United Nations, bringing us back into the fold of free nations.

At that time, he appealed to the international community to help end the aggression against
Croatia and establish lasting peace.

Since then, my country has been rebuilt, modernised and profoundly transformed and has
become one of Europe's top tourist destinations.

Today, Croatia is a Member State of the European Union and NATO.

Building on its unique historical circumstances we are now actively participating in peacekeeping
operations around the globe and provide development aid to societies in need.

I address you as the Prime Minister of a country which has during this relatively short time served
on the Security Council, has presided over ",cross_year_duplicate_review
UNGA72_General_Debate_2017_statements/UNGA72_General_Debate_2017/cuba__cu_en.pdf,2017,7142c605a5c4812afd5b5b6b82895e789d28331cdfac3fa22309786dd1ab325d,2017|2018,,,"                                          REPUBLICADE CUBA
                                             Misi6n Permanente ante las Naciones Unidas


STATEMENT BY H.E.  Mr. BRUNO RODRIGUEZ PARRILLA, MINISTER OF
FOREIGN AFFAIRS OF THE REPUBLIC OF CUBA, AT THE SEVENTY
SECOND SESSION OF THE UNITED NATIONS GENERAL ASSEMBLY. NEW
YORK, SEPTEMBER 22, 2017.



Mr. President:

Mr. Secretary General;

Allow me to reiterate to you Cuba's, support to your work at the helm of the United
Nations and as a guarantor and advocate of international peace.

Heads of State and Government;

Distinguished delegates;

 I would like to express my deep condolences to the relatives of the deceased and
the victims of hurricanes Irma and Maria, as well as our disposition to increase our
cooperation, to the extent of our modest possibilities, with the brother peoples and
governments  of Dominica and Antigua and  Barbuda, small Caribbean  islands
which suffered a terrible devastation; with the Dominican Republic, Puerto Rico,
Saint Martin, Sint Maarten, Virgin Islands and Anguilla.

I call upon the international community to give the highest priority to this situation
and mobilize resources to assist the small Caribbean Island States and territories
which have suffered such devastation.

We would  like to convey Cuba's warmest feelings of solidarity to the government
and people of Mexico,  particularly to the victims and  their relatives, who were
affected by both earthquakes, and reiterate to them our disposition to assist the
population and support the recovery works with our modest efforts.

We also want to express our sorrow to the US people, as well as our heartfelt
condolences to the relatives of ",cross_year_duplicate_review
UNGA72_General_Debate_2017_statements/UNGA72_General_Debate_2017/cuba__cu_es.pdf,2017,90f1a6f975aebef416e972baddd320433948a10afc7db50c4364dffa043cf3d1,2017|2018,,,"                                              REPUBLICA DE CUBA
                                              Mision Permanente ante las Naciones Unidas


INTERVENCION  DEL  MINISTRO  DE  RELACIONES  EXTERIORES  DE  LA
REPUBLICA DE CUBA, BRUNO RODRIGUEZ PARRILLA EN EL 72 PERIODO DE
SESIONES DE LA ASAMBLEA GENERAL DE LA ONU. NUEVA YORK. 22 DE
SEPTIEMBRE DE 2017.


Senor Presidente:


Senor Secretario General:

Le confirmo  el apoyo de Cuba en  su  labor  al  frente de  la Secretaria de  la
Organizacion de  las  Naciones  Unidas como  garante  y  defensor de  la  paz
internacional.

Senores Jefes de Estado y de Gobierno:

Distinguidas delegadas y delegados:

Expreso sinceras condolencias, extensivas a los familiares de los fallecidos y a los
damnificados, y nuestra disposiclon a incrementar nuestra cooperacion, dentro de
nuestras modestas posibilidades; a los hermanos pueblos y gobiernos de Dominica y
Antigua y Barbuda, pequenas islas que sufrieron terrible destruccion; a Republica
Dominicana, Puerto Rico, Saint Martin, Sint Maarten, Islas Virgenes y Anguila debido
a los huracanes Irma y Maria.

Llamo a la comunidad internacional a dar toda la prioridad y movilizar recursos para
ayudar a los pequenos estados y territorios insulares del Caribe devastados.

Reciba entranables sentimientos de  solidaridad de Cuba,  el  pueblo y gobierno
mexicanos, en especial los familiares de las victimas y los damnificados por ambos
terremotos,   a quienes reiteramos  la disposicion  a  asistir a  la poblacion y a  la
recuperacion de los dafios con nuestros modestos esfuerzos.
Hacemos  llegar  nuestro  pesar  al  pueblo  de  los  Estados  Unidos,  sentidas
condolencias a las familias de los ",cross_year_duplicate_review
UNGA72_General_Debate_2017_statements/UNGA72_General_Debate_2017/cuba__cu_fr.pdf,2017,127778188b2afe317b5033306e8c9ae4f57f409a14b2ebaa24cdb97f9429e0e8,2017|2018,2017,,"                                              REPUBLICA DE CUBA
                                               Mision Permanente ante las Naciones Unidas


INTERVENTION DE M.  BRUNO RODRIGUEZ PARRILLA, MINISTRE CUBAIN
DES RELATIONS EXTERIEURES, A LA SOIXANTE-DOUZIEME SESSION DE
L'ASSEMBLEE GENERALE DES NATIONS UNIES, NEW YORK, le 22 septembre
2017.

Monsieur le President;

Monsieur le Secretaire general,

Je tiens a vous confirmer que Cuba continuera d'appuyer votre travail a  la tete du
secretariat de TOrganisation des Nations Unies comme garante et defenseur de la
paix Internationale.

Messieurs les chefs d'Etat ou de gouvernement;

Cheres deleguees, chers delegues,

J'adresse mes condoleances sinceres aux proches des decedes et aux sinistres, et
exprime la disposition de mon pays a accroTtre sa cooperation, selon ses modestes
possibilites, aux peuples et gouvernement freres de la Dominique et d'Antigua-et-
Barbuda,  petites Ties qui ont souffert de  terribles destructions ; de  la Republique
dominicaine. de Porto Rico, de Saint-Martin, des Ties Vierges et d'Anguila, par suite
du passage des cyclones Irma et Maria.

J'appelle la communaute internationale a donner la priorite requise et a mobiliser des
ressources afin d'aider les petits E^ais et territoires insulaires des Antilles qui viennent
d'etre devastes.

Que le peuple et le gouvernement mexicains, notamment les proches des victlmes et
les sinistres des deux seismes, sachent que Cuba a pour eux de profonds sentiments
de solidarite.

J'adresse aussi nos sentiments de regret au peuple etasunien, nos condoleances
sinceres aux families des decedes et notre vive sympathie a  toutes les personnes
touchees.
Monsieur le Pr",cross_year_duplicate_review
UNGA72_General_Debate_2017_statements/UNGA72_General_Debate_2017/cyprus__cy_en.pdf,2017,cdc94c64959682b7b11e90fa5bdfcf3e3a2cb05324ad3b077d7736534a4db232,2017|2018,2017,72,"                    STATEMENT BY HIS EXCELLENCY
               THE PRESIDENT OF THE REPUBLIC OF CYPRUS
                        MR. NICOS ANASTASIADES
AT THE GENERAL DEBATE OF THE 72NO SESSION OF THE GENERAL ASSEMBLY OF THE
                            UNITED NATIONS
                      New York, 21 September 2017



Mr. President,
Your Excellencies,
Ladies and Gentlemen,

At the outset, I wish to convey my Government's congratulations to Mr. Miroslav Lajÿ.bk
(^ÿ,TÿaK) on his election as President of the General Assembly for its 72nd Session and
assure of our unwavering support on his mission.

At the same time, I congratulate, once again, the Secretary - General, Mr. Antbnio Guterres,
on the assumption of his duties since January 1st 2017. The government of Cyprus and I
personally have full faith and confidence in his abilities and vision.

To this end, we stand ready to provide any assistance deemed necessary towards the
shared goal of promoting the values and principles of the UN in a period of great
uncertainty and instability.

Your Excellencies,

2017 has been another turbulent year. To name a few; terrorism, regional conflicts, forced
migration, the alarming effects of climate change and humanitarian crises are realities
which have placed enormous strain on our people and the environment.

Human nature drives us to aim for the best, for us and the generations to follow: for the
preservation of our planet; for a peaceful resolution to conflicts; for an end to terrorism and
extremism; for actions to prevent natural disasters; for joint efforts to alleviate the
immeasurable human suffering experienced around the world.

There is only one way to achieve this: Multilate",cross_year_duplicate_review
UNGA72_General_Debate_2017_statements/UNGA72_General_Debate_2017/czech-republic__cz_en.pdf,2017,a8bad0626f834afff2216e0364f99976cf70d9d5af59aa9b4b8e339b04201a32,2017|2018,2017,72,"     President of the Czech Republic

      Speech at the 72nd session

         of UN General Assembly

               19 September 2017




Mr. President, ladies and gentlemen,

When I was a relatively young man, I was deeply influenced by two books. One of
them was “The End of History” by Francis Fukuyama and the second one, “The
Clash Civilizations” by Samuel Huntington. Fukuyama was something like
a description of a brave new world, the new Utopia, expecting that every country has
the same political system which is based on liberal parliamentary democracy. A nice
dream but nothing more than a dream. As for Huntington, he was realistic, he was
cynical, he simply predicted gradual conflicts of various types of civilizations. By the
way, in one of his articles in Foreign Affairs he speaks also about bloody waters of
Islam.

So, now we have a new type of civilization. I should call it the anti-civilization which
has emerged during the last two or three decades. The typical feature of this
civilization is the fact that it is based on terror and nothing more than terror. And we
see these terrorist actions all over Europe and not only Europe; we convey
condolences; we express our solidarity with the victims of terrorist actions; we
organize protests and demonstrations, but unfortunately, we still hesitate to fight with
the terrorist anti-civilization with our full power. And I must admit that one year ago,
I criticized here that the United Nations is not able to define the world terrorism. The
situation has changed. It has been seventy years in which it has not been able to
define the world terrorism, but on the other hand I highly appreciate the action of the
Secretary-Gen",cross_year_duplicate_review
UNGA72_General_Debate_2017_statements/UNGA72_General_Debate_2017/democratic-peoples-republic-korea__kp_en.pdf,2017,6591da285644a88242f4e861bfa97f852329bf0cf82487345bfa11ccd2187cde,2017|2018,2017,72," mm    Democratic People's Republic of Korea

                     PERMANENT MISSION TO THE UNITED NATIONS

                                     820 Second Avenue, 13th Floor. New York, N.Y 10017
                                                      Tel: (212) 972-3105/3106   Fax: (212) 972-3154



                                                                  Please check against delivery

                         Statement by H.E. Mr. RI YONG HO,
                                Minister for Foreign Affairs
                        of the Democratic People's Republic of Korea
                             at the General Debate ofthe 72""'^ Session
                          ofthe United Nations General Assembly
                      New Yorky 23rd September 2017



Mr. President,

First of all, allow me to congratulate Your Excellency Mr. Miroslav Lajcak on your
election as the President ofthe 72nd Session ofthe United Nations General Assembly.

I look forward to successful outcome of the present session under your able guidance.

Before going into the main points in my debate, I feel forced to make comments on the
speech uttered 4 days ago by someone called the U.S. president that rendered this
sacred UN arena tainted.

Since Trump uttered such reckless and violent words provoking the supreme dignity of
the Democratic People's Republic of Korea (DPRK) at this very platform, I think it is
fair enough for me to make a response in the corresponding tone.

During his 8 months in power, he has turned the White House into a noisy marketing
place  full of crackling sounds of abacus beads and now he has tried to turn the UN
arena into a gangsters' nest where money is respected a",cross_year_duplicate_review
UNGA72_General_Debate_2017_statements/UNGA72_General_Debate_2017/denmark__dk_en.pdf,2017,6720311964fc11484a352cf90d7f961062f79335f02bec41ed8af65ef7d8e452,2017|2018,,72,"Statement by Denmark in General Debate of the 72nd Session of the UN GA


Mr. President, Excellencies, Ladies and Gentlemen,


This General Assembly is opening amidst a period of unprecedented change.


Threats and challenges such as poverty, terrorism, climate change, violations of
human  rights, gender inequality, armed  conflict, displacement and  irregular
migration are ever more inter-connected. Our responses to these challenges
must  reflect  their complexity. Our responses will require better and deeper
cooperation and must  involve more  stakeholders, new  solutions and more
effective international institutions.


The evolving global landscape gives us an opportunity to renew and redefine
how we work  together. The  United Nations must  seize  this  opportunity.
Denmark congratulates Mr. Ant6nio Guterres on the successful beginning of his
term as Secretary-General. You can count on Denmark's full support in your
efforts.


More  than  ever, we  need  leadership  and common purpose  to  steer  this
organization in a new direction. Staying on the current path is not an option if
we want to maintain the legitimacy of the United Nations. Fundamental and
ambitious reform is the only way forward .





                                      1
Mr. President,
This week, the Secretary-General has laid out a strong vision for a reformed
United Nations and a call for action to all - from Governments to the staff of
this great organization to our partners outside this building: we must all invest
in and commit to  this agenda  for change. As Member  States, we have a
responsibility to find common solutions that will turn our shared goals  into
positive change and protect the p",cross_year_duplicate_review
UNGA72_General_Debate_2017_statements/UNGA72_General_Debate_2017/djibouti__dj_fr.pdf,2017,3aef83b5c13f7afe89707018f77e25aa36138fc517fae4ba589d6325e6d01249,2017|2018,,,"PRESS RELEASE

       1





            DISCOURS PRONONCE PAR


              SON EXCELLENCE
       MONSIEUR MAHAMOUD ALI YOUSSOUF
       MINiSTRE DES AFFAIRES ETRANGERES
      ET DE LA COOPERATION INTERNATIONALE
      CHEF DE LA DELEGATION DJIBOUTIENNE

         DEVANT LA 72EME SESSION DE
    L'ASSEMBLEE GENERALE DES NATIONS UNIES

   THEME ; « PRIORITE A L'ETRE HUMAIN; PAIX ET
     VIE DECENTE POUR TOUS SUR UNE PLANETE
                PRESERVEE »

          LE SAMEDI 23 SEPTEMBRE 2017




                                    VERIFIER A L'AUDITION


866•.ee IIU.N.MDIPLAZA. SUITE 4011, NEWmissionYORK, NYof 10017THE REPUBLIC•TEL: (212)OF753^163•FAXDJIBOUTI TO (212)THE UNITED223-1276NATIONS•E-MAIL: Djiboutlfnyctnet
Mesdames et Messieurs les Chefs d'Etats et de Gouvernement
Monsieur le President de ['Assemblee Generale
Monsieur le Secretaire General
Exceiiences
Mesdames et Messieurs,




     Permettez-moi d'emblee de vous feliciter a  la suite de votre election

en qualite de President de la 72enne session de I'Assemblee Generale. Je

saisis  cette  occasion  pour former  le  voeu  que sous  votre  houlette,

I'Assemblee Generale tirera profit de votre experience diplomatique, ainsi

que votre devouement. Je tiens a vous assurer du plein soutien de mon

pays a vos efforts.



     Je saisis aussi cette occasion pour rendre hommage a M. Peter

Thomson qui vous a precede a cette position.


     Je saisis cette opportunite pour reiterer nos chaleureuses felicitations

a M. Antonio Guterres, Secretaire General des Nations Unies pour sa
",cross_year_duplicate_review
UNGA72_General_Debate_2017_statements/UNGA72_General_Debate_2017/dominica__dm_en.pdf,2017,fe83d46972977ba679974474141d3c13ad67435ae9769f217854b6703619a2b6,2017|2018,,,"        UNGA12^ SESSION STATEMENT.



Secretary General to the United Nations- H.E. Antonio Guterres,
President ofthe General Assembly- H.E. Miroslav Lajcak
Distinguished Heads ofDelegations,
Excellencies,

Ladies and Gentlemen:



Mr. President;
I come to you straight from the front line of the war on climate
change.


With physical and emotional difficulty/ I have left my bleeding
nation/ to be with you here today/ because these are the moments for

which the United Nations exists!


It is why we/ collectively/ have always respected/ and hold dear/ the

values ofthis institution!


We congratulate you/ Mr. President/ on your appointment/ and wish
you well/ in upholding the ideals ofhumanity's/ greatest invention!
And in keeping with this institution's regard for fraternity/ we take
this opportunity to express our condolences to our brothers and sisters
in Antigua and Barbuda, Anguilla, Cuba, St. Maarten, St. Thomas,
the British Virgin Islands, the Turks and Caicos islands, Puerto Rico
and the Dominican Republic/ and also to those who have suffered
losses in our host country, the United States - in Texas and Florida.


And to our brothers and sisters in Mexico/ we stand in prayerful
solidarity/ after the catastrophic earthquake this past week.


Mr. President/ warmer air and sea temperatures have permanently
altered the climate/ between the tropics ofCancer and Capricorn.


Heat is the fuel that takes ordinary storms - stormswe could normally
master in our sleep - and supercharges them into a devastating force.


In the past/ we would prepare for one heavy storm a year.
Now, thousands ofstorms/ form on a breeze in the mid-Atlantic/ and
line up to pormdus/ with maximum fo",cross_year_duplicate_review
UNGA72_General_Debate_2017_statements/UNGA72_General_Debate_2017/dominican-republic__do_en.pdf,2017,a407923869e0ca2f61c0b668e0dcb33e3717f47bb06210834383b93d0db1ae9e,2017|2018,2017,72," PERMANENT MISSION OF THE DOMINICAN REPUBLIC TO THE
                  UNITED NATIONS



STATEMENT BY H. E. MIGUEL VARGAS, MINISTER OF FOREIGN
          AFFAIRS OF THE DOMINICAN REPUBLIC
    AT THE PLENARY OF THE 72ND GENERAL ASSEMBLY
              OF THE UNITED NATIONS





New York, September 20, 2017





                                                                   Check against delivery





            Candidate to the Security Council 2019-2020
His Excellency Mr. Miroslav Lajcak,
President of the 72nd Session of the General Assembly of the United Nations;

His Excellency Mr. Antonio Guterres,
Secretary-General of the UN;

Heads of State and Governments;

Honorable Ministers and Heads of Delegations;

Ladies and Gentlemen;

It is an honor to participate in this General Assembly of the United Nations, representing the people and
government of the Dominican Republic.

Before anything else, I would like to apologize on behalf of Dominican Republic President Danilo
Medina, for his absence from this forum, as he had to return to the country to face Hurricane Maria’s
threat.

This meeting coincides with a devastating season of natural disasters endured by our region for nearly a
month; the widespread catastrophe extends to Mexico, hit by two destructive earthquakes, and to the
Southern United States, viciously punished by Hurricane Harvey.

In this catalog of human suffering Antigua and Barbuda stand out, but in particular this last one where,
according to Prime Minister Gaston Browne, 90% of the infrastructure collapsed.

Not quite has Irma’s devastating winds dissipated when there is Maria leaving a new trail of destruction
and death, mainly in Dominica.

We express",cross_year_duplicate_review
UNGA72_General_Debate_2017_statements/UNGA72_General_Debate_2017/dominican-republic__do_es.pdf,2017,08d60711c748ca582821c8fcb57bc24465da9351149dd47b83096de7efd1d6b7,2017|2018,2017,,"                     MISIÓN PERMANENTE DE LA REPÚBLICA DOMINICANA

                             ANTE LAS NACIONES UNIDAS





                           INTERVENCIÓN DE S. E MIGUEL VARGAS


              MINISTRO DE RELACIONES EXTERIORES DE LA REPÚBLICA DOMINICANA


                      ANTE EL PLENARIO DE LA 72 ASAMBLEA GENERAL

                              DE LAS NACIONES UNIDAS





Nueva York, 20 de septiembre, 2017





                                                                               (Verificar con la exposición del orador)




                 Candidato al Consejo de Seguridad 2019-2020

                                                1
Excelentísimo Señor Miroslav Lajcak,
Presidente del 72avo Período de Sesiones de la Asamblea General de la Organización de las Naciones
Unidas;

Excelentísimo Señor Antonio Guterres,
Secretario General de la ONU;

Señores Jefes de Estado y de Gobiernos;

Señores Ministros y Jefes de Delegaciones;

Señoras y señores;

Es un honor participar en esta Asamblea General de las Naciones Unidas, en representación del
pueblo y el gobierno de la República Dominicana.

En primer lugar, quiero presentar las excusas por  la ausencia de este foro del presidente dominicano
Danilo Medina, quien debió retornar al país ante la amenaza del huracán María.

Este encuentro coincide con circunstancias muy calamitosas para nuestra región que lleva casi un
mes sufriendo las consecuencias de una devastadora temporada de desastres naturales, que también
se han extendido a México, con dos terremotos de fuerza destructiva, y al sur norteamericano,
castigado por el huracán Harvey.

En este catálogo de sufrimiento humano causado por el huracán Irma",cross_year_duplicate_review
UNGA72_General_Debate_2017_statements/UNGA72_General_Debate_2017/ecuador__ec_es.pdf,2017,a2896d035fb64286541de12730ed92b04b770ed92f01c74874e8f96b3ec626af,2017|2018,,,"                                 PRESIDENCIA DE LA REPÚBLICA DEL ECUADOR

                           INTERVENCIÓN DE S.E. LENÍN MORENO GARCÉS
                            PRESIDENTE CONSTITUCIONAL DE LA REPÚBLICA

                          DEBATE GENERAL

                          72 ASAMBLEA GENERAL ONU



Señor Presidente de la Asamblea General,
Señor Secretario General de las Naciones Unidas, querido amigo António Guterres, Representantes
de todos los países que forman parte de esta organización:


Hoy, al dirigirme a ustedes desde este podio, puedo constatar que hemos avanzado mucho para
alcanzar la inclusión y la accesibilidad.  Sin embargo, como sociedad, tenemos aún deudas
pendientes con mil millones de personas con discapacidad en el mundo.

Soy optimista. Tenemos toda la capacidad para encontrar soluciones. Es cuestión de decisión
política. Por ello, agradezco las adecuaciones realizadas para que hoy pueda dirigirme a esta sala.

Felicito al Presidente de la Asamblea General Miroslav Lajcak por proponer el tema para este
debate general: “centrados en las personas: por la paz y una vida decente para todos en un planeta
sostenible.” Estos son verdaderamente los imperativos actuales.

Sin duda, un gobierno responsable debe cuidar a sus ciudadanos para que tengan una vida decente,
en un planeta sostenible, en el que construimos cada día la paz.

Nuestra filosofía de gobierno coincide en que debemos preocuparnos por nuestros ciudadanos toda
una vida, desde el mismo momento de la concepción, hasta cuando Dios decide cerrarnos los ojos.
Debemos garantizar un buen vivir y un buen morir.

Por eso hemos organizado la gestión de gobierno en torno al plan que hemos llamado “T",cross_year_duplicate_review
UNGA72_General_Debate_2017_statements/UNGA72_General_Debate_2017/egypt__eg_en.pdf,2017,946ddaab3c12515f62202f4dba6431772b7bd09c614200cde9124b9f78bab097,2017|2018,2017,72|72,"  EGYPT


The Permanent Mission of Egypt                              ÿ,,....ÿlÿl ÿ

    to the United Nations                               ÿ.ÿJ.I e....ÿtl ÿ,ÿ

     New York                                       ""J.x,ÿ..,ÿ. ""


                                   Unofficial Translation

                     Statement of
               H.E. Abdel Fattah A1-Sisi

         President of the Arab Republic of Egypt

        before the 72nd session of the United Nations
                  General Assembly


                       New York, 19 September 2017

                                      m





        Please check against deliveo,
                                                                                         .... <  ......................... ÿ  ....................... ÿ.  __ÿ  ................ 7  .......





Mr. President Miroslav Lajÿfik, President of the General Assembly,

     Allow me at the outset to congratulate you for assuming the
presidency of the 72nd session of the United Nations General Assembly. I
wish you all success in carrying out your duties. I also seize this opportunity
to express the utmost appreciation to Mr. Peter Thomson, the president of
the 71st session of the General Assembly, who has most ably overseen the
work of the previous session.


Mr. President,

     Each time we meet at this august body, we rekindle the hopes and
aspirations of the peoples whom we are honored to represent and serve, to
provide them with peace and development. New generations look up to us to
realize their dreams for a decent life within a just international order; a
global order that can face challenges, such as climate change, natural
disasters, diseases a",cross_year_duplicate_review
UNGA72_General_Debate_2017_statements/UNGA72_General_Debate_2017/el-salvador__sv_es.pdf,2017,adde19c510e1699d69b477aef443cd17c2a1f4115b2614a272a5e389e61cbbb3,2017|2018,,,"                   MISION PERMANENTE DE EL SALVADOR
                     ANTE LAS NACIONES UNIDAS

ASAMBLEA GENEPJÿL DE LAS NACIONES UNIDAS
                   72°. PERIOOO OE SESmONES




         DEBATE GENERAL





              INTERVENCION DE
        S.E. SR. SALVADOR SANCHEZ CEREN
       PRESIDENTE DE LA REPUBLICA DE
               EL SALVADOR





                                                   Cotejar contra intervenci6n


       NUEVA YORK, 21 DE SEPTmEMBRE DE 2017
  Palabras del presidente de la Repliblica, Salvador Sinchez Cer6n, en ocasi6n de su
  intervenci6n durante el debate general del Septuag6simo Segundo Periodo Ordinario
    de Sesiones de la Asamblea General de la Organizaci6n de las Naeiones Unidas,
 denominado ""Centrados en las personas: por la paz y una vida deeente para *odos en
                           un planeta sostenible""

                     Nueva York, 21 de septiembre de 2017.

 En este d/a internacional de la paz, es un honor presentar a esta Septuag6sima Segunda
 Asamblea General de las Naciones Unidas, el mensaje de logros y retos de la Repfiblica de
 E1 Salvador en la agenda global.

 Quiero expresar nuestra solidaridad y condolencias al pueblo y gobierno de M6xico
 quienes han enfrentado un devastador terremoto. De igual manera, a los parses del Caribe y
 Estados Unidos, que hart sido afectados por los huracanes.

 E1 Salvador se identifica con el tema central de este debate y convenimos en el seguimiento
 de esta visidn para el cumplimiento de la Agenda 2030 y sus Objetivos de Desarrollo
 Sostenible.

La Agenda 2030 constituye un instrumento importante para los procesos de diÿilogo y
 concertacidn en E1 Salvador.

Hemos contribuid",cross_year_duplicate_review
UNGA72_General_Debate_2017_statements/UNGA72_General_Debate_2017/equatorial-guinea__gq_es.pdf,2017,ec81e21ab468e40df4de3a8138c322d675100b514fd1e2e8111a009fa86d3f6d,2017|2018,,,"^tervencion t>E SU FxmFKirT.
 NSUEM/A  MBASOen,  PRESIhFMTP  bp   | ^                                                                                                                                                            '      '                 >1  I  ^   11^        I    i
pyetlSi^   be   6UINE/>   Fn/^rnpT^i
BURANTE   Fr   DEBATE   fiPMER^L    hFl
SEPTl/ASF.qTMO                  SESUNhf)                             PERinhn
                 •'^ESIONEs  df I^ ^c..,p| n
general hF LAS NACTOMFs UNlh4.<^




   Nueva York, a 21 Septiembre del 2017
      Serfor Presidenfe:
     inseguridL yazotado porTna crLrer
      Repijblica de Guinea Ecuatorial nnrf •    ®     ®'"" pf'cccdentcs,  la
     Debates Politicos yDiplomdticos^6/1X5optimismo en  los
    Septuageslmo Segundo      Sll. T    ecnerai de las NLones unlt po^ ua""o 1 f T    para este debate resumen  In nn        ! ^        '^®""""'® seleccionados
    olcanzar los objetivos propucstos cnsrF;aIc£o'^''S4?d""''''°''®'    mundo de paz, bienestaryde seguridad para la Jumird              """"

   experienda polftica ydiplomdtica lade^n /^-                 <'""« su  rica    asf como  la madurez de' losTmis Miel^ r,""-   condudr unos debatesfructlferos paracoZliZlZZZ""""''''""

   Peter THOMPSON, las Nactes'luL°SeSor
   del mundo actual,  lo cual incentiva mds ^       """"            ocertado
  soluciones definitiVas ysostenibles de loc                            ?<""""<"" ""egar a
  anuestro planeta.                     cspmosos problemas gue afectan
  Excelentfsimo Se^ZZ^GU^ERREsZZ'              ®®""®'°' seleccdn de los temas sometidosanuestra consideraS.                      '®

 Sepfor Presidenfe:
 Wstinguidos Jefes de Estado yde Sobierno;",cross_year_duplicate_review
UNGA72_General_Debate_2017_statements/UNGA72_General_Debate_2017/eritrea__er_en.pdf,2017,86401a5b3b833da2ca63dd90dca6710e916b07e3f5f3698d95fed777030c28d3,2017|2018,,,"Permanent Mission of Eritrea to the United Nations
              New York


                                                  Check against Delivery





            ADDRESS
             BY
  H.E. Mr. OSMAN SALEH MOHAMMED


  MINISTER OF FOREIGN AFFAIRS OF
      THE STATE OF ERITREA


    TO THE    SESSION OF THE
     UN GENERAL ASSEMBLY




   NEW YORK, 23 SEPTEMBER 2017
President of the General Assembly

Mr. Secretary General

Excellencies and distinguished delegates.

It  is another year and another session of the UN General Assembly. We meet in the same
assembly hall and deliver our addresses from the same podium.

Yet, no modicum of protocol can mask the gaping divide in our ranks.

We live in an increasingly fragile, unjust and unequal world. A small minority holds the reins of
power and wealth between nations and, for the most part, within nations. The overwhelming
majority of nations and tlieir citizens are without power, without voice, without the means for a
decent life, and often without peace and security. We may be called the United Nations, but the
reality is that we ai*e divided nations and societies.

Despite our deep divisions, however, our destinies are inter-twined in a fundamental way. We
share a common home, a small planet in a vast universe, a tiny boat in a vast ocean. Whatever
calamity happens anywhere in our world -  epidemics, poverty, violence, mass displacement,
war, terror- it will eventually catch up with all ofus.

We share responsibility to address the fundamental problems of our common world. Certainly,
the mighty and wealthy should shoulder bigger responsibility as they command vast power and
resources. It is only fair that more is asked ",cross_year_duplicate_review
UNGA72_General_Debate_2017_statements/UNGA72_General_Debate_2017/estonia__ee_en.pdf,2017,209707f3a0095150d7ae95b8c884c699d8d15466f508944c54f001624ffabae8,2017|2018,2017,,"                                               *** 1 ***


  Address by the President of the Republic of Estonia Kersti Kaljulaid at the
        General Debate of the 72st United Nations General Assembly

                         September 19, 2017

Mr. President, Mr. Secretary General, Excellences , Ladies and Gentlemen

Our world is unpredictable. Much of this unpredictability stems from climate change.
Climate change can be counterbalanced by rapid technological disruption of our
wasteful ways of  life. But  it is easy to see that technological development, at this
moment especially  the rapid upscaling  of  digital technologies  into the hands  of
billions,  while   it  certainly  has a  positive  transformation  potential, adds  to the
drfficullie's on.i""nde-rshmding our Tutu-re      .

This new world offers opportunities . Unfortunately,  it also enhances the risks. To
grab the first and manage the last we need flexible and quick action also on global
stage.

Estonia, a nation of just over one million, is sensitive to the fact that unpredictability
is especially hard to cope with for those who are inherently weak -  poor, disabled,
very young or very old.  It is hard for those made weak by discrimination  -  often
women , ethnic and  religious  minorities.  Estonia  itself has gone through a rapid
transformation period of a quarter of a century, after regaining independence. As our
economic and social statistics prove, we were quite good to protect the weaker in our
society while rapidly adapting and growing our economy. We know it can be done.

We suffered long from Hobbesian position of international community that liberty
might bring chaos,  that bad  rule  is be",cross_year_duplicate_review
UNGA72_General_Debate_2017_statements/UNGA72_General_Debate_2017/eswatini__sz_en.pdf,2017,07367fa13507bb2ff734a54a4b978f864248820023b2b8e9d5ef674e71c4252c,2017|2018,2017,72,"       Permanent Mission of the Kingdom of Swaziland
                       to the United Nations




                      Statement by

               His Majesty King Nlswati III

        Head of Stareof the Kingdom of Swaziland



        on the occasion of the General Debate of the

     72""a session of the United Nations General Assembly


                   20 September 2017

                 New York





                                                            Please Check Against .Delivery





408 East 5Oth Street, New York, New York 10022 . (212)371-89t0, Fax: (212) 754-2755. swÿzilatJd(ÿ'un.int
Mr. President Miroslav Lajÿk,
Your Excellencies,
Heads of States and Government,
United Nations Secretary-General Mr. Ant6nio Guterres,
Distinguished Delegates,
Ladies and Gentlemen,



Mr, Presidentf

Allow me to express our sincere congratulations to you on your election as the
President of the 72nd session of the United Nations General Assembly.

We commend you for immediately identifying six overarching priorities for
your tenure that touch on attaining peace, giving impetus to the SDGS,
climate change commitments, equality and human rights for al!, among
others.

These priorities truly capture several of the current troublesome global
challenges and we took forward to working c!osely with you on these issues.

The Kingdom of eSwatini would also like to commend the leadership of the
new Secretary-General, who is committed to transforming the UN to be fit
for the 21st century.

Mr, Presidentÿ

The reform of the United Nations and its attendant bodies has been discussed
for a substantial period of time. My delegation believes that fresh impetus
must be given to th",cross_year_duplicate_review
UNGA72_General_Debate_2017_statements/UNGA72_General_Debate_2017/ethiopia__et_en.pdf,2017,dcd75ed4ed74e62e8b18f9b6d6b939afd5ff17f0bff6b6517186ca13cbd82b62,2017|2018,2017|2017,72,"                                            PERMANENT MISSION OF THE FEDERALni'nn4.^
                  •iT'flA.h £^ -roAdn-f?                   DEMOCRATIC REPUBLIC OF ETHIOPIA
            a-M   %.<!)• f-ch                            TO THE UNITED NATIONS




                                     866Second Avenue, 3rd Floor• New York, N.Y. 10017



                                      Check aaainst Delivei





                    REMARKS



              H.E. MR. HAILEMARIAM DESSALEGN

      PRIME MINISTER OF THE FEDERAL DEMOCRATIC

                 REPUBLIC OF ETHIOPIA



    THE 72""° SESSION OF THE UNITED NATIONS GENERAL

                    ASSEMBLY





                                   22 September 2017

                                        New York
Mr. President,
       I would like to join other delegations in congratulating you on
your election to preside over the work of the 72nd session of the
General Assembly and  I wish  to assure you of the support and
cooperation  of my  delegation   in   the   discharge   of  your
responsibilities throughout the course of this session. Let me also
take this opportunity to express appreciation to your Predecessor
who has  effectively guided the work of the  last session of the
General Assembly.
   We welcome the appointment of Mr. Antonio Guterres as the
new Secretary-General of the United Nations and support his call
for a surge in diplomacy for peace in addressing the many crisis
situations that the world is facing today. Let me stress here we are
behind the Secretary-General in the effort he is making at reforming
the Organization in the three interrelated areas — development,
peace and security and management.
Mr. Pr",cross_year_duplicate_review
UNGA72_General_Debate_2017_statements/UNGA72_General_Debate_2017/european-union__eu_en.pdf,2017,96e104bc97e4b061c908c912354664b2a513b35ba0b5efc566c7cc23fc36366f,2017|2018,2017,,"                           -1-

      Address by Donald Tusk, President of the European Council

               to the 72rid United Nations General Assembly

               New York, 20 September 2017





Mr President,

Mr Secretary General,

Excellencies,

Ladies and gentlemen,





The European Union stands for freedom and a credible rules-based global

order. Because this order is a real sine qua non condition for peace, stability

and a global economy that works for everyone. An alternative to this order is

chaos which always encourages violence, egoism and extremisms.


The United Nations is the best tool we have to address, on a global scale,

today's conflicts, famine, forced displacement, terrorism, and a return to

nuclear tensions. For the EU and its Member States, it is imperative that the

UN rise to these challenges. This is why together we contribute approximately

one third of UN core financing, make one third of UN peacekeeping

contributions, and put in half of all voluntary contributions to UN funds and

programmes.



But we also expect the UN to become a more energetic, and a less

bureaucratic organisation that can act with clarity and purpose in all its actions.

Therefore, the EU considers the reform ideas of the UN currently on the table

as the necessary minimum. What is needed is more ambition, not less.
                            -2-


The UN remains a vital forum to debate and a tool to implement our collective

 will, even if it has declined in popular esteem in recent years. I take the action

by the UN Security Council on 11 September to sanction North Korea for

carrying out more nuclear testing as a sign that the capacity for real leade",cross_year_duplicate_review
UNGA72_General_Debate_2017_statements/UNGA72_General_Debate_2017/fiji__fj_en.pdf,2017,094e543c86668896cac10049c1d1a85dd196035ceecfc3b2f1d3ebde221e6fc4,2017|2018,2017,72|72,"                                                                                                                                                                         .............. ÿr  ..........................





     Honourable Josaia Voreqe Bainimarama, CF(Mil), OSt.J, MSD, jssc, psc
   Prime Minister and Minister for iTaukei Affairs, Sugar Industry and Foreign
                                            Affai rs

  NATIONAL STATEMENT AT THE 72nd SESSION
 OF THE UNITED NATIONS GENERAL ASSEMBLY


 UNGA                                                 Weds., 20 Sept. 2017
 New York



The President of the General Assembly,

The Secretary General of the United Nations,

 Excellencies,

Distinguished delegates



Bula vinaka and a very good evening to you all,



Mr President, I want to begin by congratulating you

on assuming the presidency of the 72nd session and

to wish you every success in the year ahead. As we all

know, the global community faces a great many

challenges, of which climate change is only one.


                                                     Page 1 off6
But i'm sure that we all want to send a message of

solidarity and sympathy tonight to the millions of

people in the Caribbean who are again suffering from

the ravages of Hurricane Maria. it is an especially

cruel ordeal so soon after Hurricane Irma carved a

path of destruction through the Caribbean and

southern United States. And the thoughts and prayers

of all of us are with those who are affected.



The Fijian people share a special sense of solidarity

with those who have either lost loved ones or their

homes and possessions in these events. Last year, we

lost 44 of our own peop",cross_year_duplicate_review
UNGA72_General_Debate_2017_statements/UNGA72_General_Debate_2017/finland__fi_en.pdf,2017,9fbb6774ee35297b757e9229ae05effe6d6abde3625673854425301877e304ac,2017|2018,2017,72,"      United Nations General Assembly
          Seventy-second Session
              General Debate





               Statement by

               H.E. Mr. Sauli Niinisto
     President of the Republic of Finland


      New York, 20 September 2017





           (check against delivery)





 PERMANENT MISSION OF FINLAND
TO THE UNITED NATIONS, NEW YORK
Mr. President, Secretary-General, Distinguished Delegates, Ladies and Gentlemen,
I congratulate you, Mr. President, on your election as President of the 72nd session of the
General Assembly.
Finland fully supports your six prioritiesand we appreciate the selection of ""People"" as your
mandate's centrepiece.

Let me also extend my heartfelt congratulations to Secretary-General Antonio Guterres.
Yourdetermination in reforming the United Nations is laudable. Transparency, accountability,
efficiencyand gender balance should be the guiding principles of the UN System.

I also welcome your focus on conflict prevention.
Successful conflict prevention saves livesand financial resources.

Finland continues to advocate the use of mediation in conflict resolution. Mediation efforts,
when successful, prevent conflicts and decrease human suffering.

Those who are marginalized must be given a voice in peace processes. Women, children and
adolescents often pay the highest price in conflicts but they can also help to pave a way out of
the crisis.

Finland has contributed to the establishment of a Nordic network of women mediators.
It aims at sustaining peace through the inclusive and meaningful participation of women in all
phases of peace processes.

Peacekeeping and Special Political Missions are at the core of the UN's mandate.
Havin",cross_year_duplicate_review
UNGA72_General_Debate_2017_statements/UNGA72_General_Debate_2017/france__fr_en.pdf,2017,aa1bfe6e4d3908c80e264d9a3ba823baaaf0a501d7b28e2635ca80a232f7ba6b,2017|2018,2017,,"France’s  values  –  Syria  –  Terrorism  –  Migration  –  Development  –  Climate  change  –
Libya/Venezuela/Ukraine – North Korea – Iran – Multilateralism – UN reform

72nd United Nations General Assembly – Syria/Sahel/migration/North Korea/climate –
Speech by M. Emmanuel Macron, President of the Republic

New York, 19 September 2017



     United Nations Secretary-General,

     Heads of state and government,

FRANCE’S VALUES

        It is a privilege to be speaking here before you today and I know who I owe that to.  I
owe it to all those who, a little over 70 years ago, rose up against a barbaric regime which
seized my country, France.   I owe  it to the nations who heard the cry of these resistance
fighters and who sent their children, from America, Africa, Oceania and Asia, to French
shores to help. They did not all know what France was, but they knew that defeat for France
also meant the defeat of the ideals that they shared, that they were proud of and for which they
were willing to die. They knew that their freedom and their values depended on the freedom
of other men and women living thousands of kilometres from them.

       I owe it to those who, when the war was over, dared to reconcile and rebuild a new
international order. To those who, like René Cassin, understood that human rights were at the
heart of international legitimacy.  To those who judged the guilty, picked up the victims,
righted the wrongs, to those who wanted to believe that the values that the war violated
needed to be restored, values of tolerance, freedom, humanity which are the foundations of the
United Nations. Not because these values were good, but because they were fair and allowed
",cross_year_duplicate_review
UNGA72_General_Debate_2017_statements/UNGA72_General_Debate_2017/france__fr_fr.pdf,2017,aa8e658c4e8daf34489729353466aedf5de4f081e58f0a63c49e6dc73cb28be4,2017|2018,2017,,"72ème Assemblée générale des Nations unies – Discours de Mr. Emmanuel Macron,
Président de la République

New York, 19 septembre 2017

Monsieur le Secrétaire Général des Nations Unies,
Mesdames et Messieurs les Chefs d’Etat et de Gouvernement,

Si j’ai aujourd’hui le privilège de m’exprimer devant vous, je sais à qui je le dois. Je le dois à
tous ceux qui, voici un peu plus de soixante-dix ans, se sont levés contre un régime barbare
qui s’était emparé de mon pays, la France. Je le dois aux Nations qui ont entendu le cri de ces
résistants et qui, d’Amérique, d’Afrique, d’Océanie, d’Asie, ont, vers les côtes françaises,
envoyé à leurs secours leurs filles et leurs fils. Ils ne savaient pas tous ce qu’était la France,
mais ils savaient que la défaite de la France était aussi la défaite d’idéaux qu’ils partageaient,
dont ils étaient fiers et pour lesquels ils étaient prêts à mourir. Ils savaient que leur liberté et
leurs valeurs, dépendaient de la liberté d’autres femmes, d’autres hommes vivant à des
milliers de kilomètres d’eux.

Je le dois à ceux qui, la guerre finie, ont osé la réconciliation et ont reconstruit un nouvel
ordre international. A ceux qui, comme René CASSIN, ont compris que les Droits de
l’Homme étaient au cœur de la légitimité internationale. A ceux qui ont jugé les coupables,
recueilli les victimes, réparé les fautes, à ceux qui ont voulu croire que les valeurs, que cette
guerre avait bafouées, devaient reprendre leur place, les valeurs de tolérance, de liberté,
d’humanité qui sont fondatrices des Nations unies. Pas parce que ces valeurs étaient belles,
mais parce qu’elles étaient justes et permettaient d’éviter que le pire n’advienne.

Si je vous dis tout ",cross_year_duplicate_review
UNGA72_General_Debate_2017_statements/UNGA72_General_Debate_2017/gabon__ga_fr.pdf,2017,d2c19ebb3dff96384f2eab1b0efce18027cba7014de890f3fca215083954e91d,2017|2018,2017,,"                                                                 RliFUlilJl^,t)li UAiSUINAiaili

                                            UNION  TRAVAIL  JUSTICE





                                                       NavA


              DISCOURS
                 DE

          SON EXCELLENCE
    MONSIEUR ALI BONGO ONDIMBA
PRESIDENT DE LA REPUBLIQUE GABONAISE,
            CHEF DE L'ETAT




           DEBAT GENERAL

   DE LA 72EME SESSION ORDINAIRE DE
L'ASSEMBLEE GENERALE DES NATIONS UNIES



         New York, le 21 Septembre 2017

                                                                       Verifier a f'audition



      MISSION PERMANENTE DU GABON AUPRES DES NATIONS UNIES
   18EAST 41ST STREET • NEW YORK, NEW YORK 10017 •TEL. (212) 686-9720
    Monsieur le President,
    Majestes,
    Excellences Mesdames  et Messieurs  les Chefs
    d'Etat et de Gouvernement,
    Excellences Mesdames et Messieurs les Ministres
    et Chefs de delegations,
    Excellences Mesdames et Messieurs

    Monsieur le President,

    Tout  d'abord,  permettez-moi  de  vous   feliciter
chaleureusement pour votre brillante election a la tete de
la 72®™® session ordinaire de I'Assemblee Generale des
Nations Unies. D'ores et deja, je tiens a vous assurer du
soutien du Gabon dans I'exercice du mandat qui vous a
ete confie.
    Je tiens egalement a saluer le travail appreciable de
votre predecesseur, I'Ambassadeur Peter Thomson.
     C'est enfin un privilege pour moi que d'adresser mes
chaleureuses felicitations au nouveau Secretaire General,
Monsieur Antonio GUTERRES, Je reste persuade que sa
riche et longue experience est un atout appreciable pour
la conduite de notre organisation",cross_year_duplicate_review
UNGA72_General_Debate_2017_statements/UNGA72_General_Debate_2017/georgia__ge_en.pdf,2017,03640875a57b44e7083312b3c26488c934075fc361943b3bfde779b284487c80,2017|2018,,," President, Distinguished Delegates,


Ladies and Gentlemen,



At the outset let me express my deepest condolences
and sympathy to the victims of the natural disasters that
have  occurred  in  recent days  in  North America —

hurricanes  that  have  devastated  Caribbean  island
nations  and  parts  of  the  United  States   -  and
earthquakes  that have  hit  Mexico. We convey our
solidarity to the governments of these nations during
these difficult times. No country, including Georgia,  is
immune  from  natural  disasters.  Solidarity   is  what
strengthens    nations   addressing   these   severe
challenges.


Excellences,


My fellow countrymen share  with me  the  honor  of
addressing you today, because the message that I am
entrusted  to  deliver  is one they understand  in  their
bones, having personally experienced   it,  lived   it, and

embraced  it.



That message—^their message—is straightforward: By
putting  the  Georgian  citizens  at  the  center  of our
strategy, we  aim  to  strengthen  further  democratic
institutions,  ensure  peace and  accelerate economic
growth.   These  are  the  essential  multipliers  for
sustainable development, which connects us with the
region and the world.



This year marks  the 25th  anniversary  of  Georgia's
membership in the United Nations. Over this period, we
managed   to  transform  our  country  from   a  UN
humanitarian aid recipient to a top reformer that recently
was elected as the Chair of the Open Government
Partnership.



Georgia brings to this task the same vision we embrace
",cross_year_duplicate_review
UNGA72_General_Debate_2017_statements/UNGA72_General_Debate_2017/germany__de_en.pdf,2017,3f61a609e0cfbde687c99f072c811a043f232086456700950069d0432454305a,2017|2018,2017,72,"                              Speech by

                             Sigmar Gabriel,
                 Member of the German Bundestag and
                        Federal Minister for Foreign Affairs



                                 at the 72nd session of the

                         United Nations General Assembly



                   New York, 21 September 2017





Translation of advance text
Mr President,

Ladles and gentlemen,


We seem to be confronted with a phase of political hurricanes and earthquakes. And
the tone of the confrontations seems to get harsher, more intransigent and belligerent
from day to day and from speech to speech.


As responsible politicians, it Is vital that we ask ourselves:

How can we bring about a change in direction? A change of direction which will bring
about more peace, more stability, less hunger and poverty and better prospects for
everyone in the world.



How do we ensure that globalisation finally delivers justice for all, not riches to the
few?



One answer as to how we achieve this change in direction can be found in a report to
the United Nations Secretary-General. It states:

We must not limit ourselves to the ""traditional questions of peace and war,"" but must
also work towards overcoming ""world hunger, mass misery and alarming disparities
between the living conditions of rich and poor.""

Ifind this analysis very apt.

However, the bitter thing about this quote is that it comes from a report to the UN
Secretary-General which is forty years old. This apt analysis of the global situation
can be found in a report commissioned for the United Nations almost forty years ago
to the day.


It was in the report of the Internatio",cross_year_duplicate_review
UNGA72_General_Debate_2017_statements/UNGA72_General_Debate_2017/ghana__gh_en.pdf,2017,13ae4f6330a21d2057b2a708ce09f8250cdd7c06a8cdcc01d263d0577a924dd4,2017|2018,2015,,"GHANA            PERMANENT MISSION OF GHANA
                                                        TO THE UNITED NATIONS
                                                                                 19 EAST 47TH STREET
                                                     NEW YORK, N.Y. 10017
                                                               TEL. 212-832-1300 • FAX 212-751-6743





                                                                     Check against delivery

        STATEMENT

                    BY

           HIS EXCELLENCY
  NANA ADDO DANKWA AKUFO-ADDO
PRESIDENT OF THE REPUBLIC OF GHANA


             ON THE OCCASION OF

       THE 72ÿ SESSION OF THE
   UNITED NATIONS GENERAL ASSEMBLY




NEW YORK, 21sr SEPTEMBER, 2017
 ADDRESS DELIEVERED BY THE PRESIDENT OF THE REPUBLIC OF
   GHANA, ÿANA ADDO DANKWA AKUFO=ADDO, AT THE 72ND
  SESSION OF THE UNITED NATIONS"" GENERAL ASSEHBLY ON
       THURSDAY, 21sT SEPTEMBER, 2017, NEW YORK.


President of the General Assembly, Secretary General, Your Excellencies,

It has been sixty years since my country, Ghana, became a member of this
Organisation. We joined at our independence some twelve years after the
first meeting of the Organisation in San Francisco, and Ghana has been an
active participant in the United Nations since then.

I want, Mr President, to thank the United Nations for the honour done
Ghana by my appointment, by the Secretary General, as co-Chair of the
Group of Advocates of Eminent Persons of the UN Sustainable Development
Goals, to continue in the position that was held by my predecessor as
President, His Excellency John Dramani Mahama. This mark of trust in
Ghana's leaders is a matter",review_header_conflict
UNGA72_General_Debate_2017_statements/UNGA72_General_Debate_2017/greece__gr_en.pdf,2017,e18e2c10212a850297feb8e5dda87ea61ad1ebc25d62d0070dbdaa1d707abc47,2017|2018,2017,,"PERMANENT MISSION OF GREECE TO THE UNITED NATIONS
       866 2-a Avenue, 13th Floor. New York, NY 10017-2905
                    e-maih gr_del,un@mfa.gr





                                                                   www.mfa.gr/un





             Seventy-Second Session

   of the General Assembly of the United Nations





                   Statement by
              H.E. Mr. Nikos Kotzias
             Minister for Foreign Affairs
                of the Hellenic Repubhe



           NEW YORK
              Friday, September 22, 2017





                                Chec(c againsÿ
    Mr President,
    Mr Secretary General,
     Dear Colleagues,
     Ladies and Gentlemen,

    Mr President,

 I would like first of all to wish every success to the new Secretary General Mr Guterres and
to reaffirm our full support to his work.

Allow me also to congratulate you on both your election to the office of President of this
72nd General Assembly and the choice of this year's main topic.

Our world is changing rapidly today. We are going through the second machine era. An
era when machines no longer constitute the extension of physical strength, but rather
produce spiritual wealth and knowledge. Machines that are faster and smaller, yet have an
immense impact on our daily lives. On the way we work and produce, On the way we
communicate and interact. This trend can be described as the fourth industrial revolution.

This new era brings with it innovations and advantages, but also challenges, especially for
states. Challenges that they need to face effectively if they are to survive in today's
complex international reality.

States have to show resilience and meet the ne",cross_year_duplicate_review
UNGA72_General_Debate_2017_statements/UNGA72_General_Debate_2017/grenada__gd_en.pdf,2017,2441ed09bfff4db8db9f4cb512ad22d05d1dbd2f8e97dee8eb1c88dbe5e038ee,2017|2018,,,"                           STATEMENT
                              BY


                 HONOURABLE ELVIN NIMROD
             MINISTER FOR FOREIGN AFFAIRS OF GRENADA


                              AT
           THE GENERAL DEBATE OF THE SEVENTY-SECOND
                        REGULAR SESSION
                           OF THE
                 UNITED NATIONS GENERAL ASSEMBLY



                              23 SEPTEMBER 2017
                         NEW YORK





CHECK AGAINST DELIVERY





                       PERMANENT MISSION OF GRENADA TO THE UNITED NATIONS


                           685 THIRD AVENUE, SUITE 1101 "" NEW YORK, NY 10017


                               TEL: (212) 599""-0301 "" FAX: (212! 599-1540
Mr. President,
Distinguished Colleagues,
Ladies and Gentlemen



 I bring warmest greetings from Grenada's Prime Minister, Dr. The Rtÿ

Honourable Keith C. Mitchell.




Mr. President, Prime Minister Mitchell believes in the work of the General

Assembly and is only absent because he believes that as Chair of

CARICOM his presence in the region allows his colleague prime ministers

to travel to New York to plead the cases of their hurricane-stricken

countries..




Our hearts and prayers go out to all the victims in our Caribbean region,

Mexico and across the world, who are presently suffering adverse effects of

climate change and natural disasters. Within the last few weeks, our fellow

OECS and Caribbean Small Island Developing States of Barbuda and the

Commonwealth of Dominica were ravaged by hurricanes Irma and Maria

causing near total destruction and the loss of many lives. Our hearts also

go out to the people of Cuba, with whom our region shares a spe",cross_year_duplicate_review
UNGA72_General_Debate_2017_statements/UNGA72_General_Debate_2017/guatemala__gt_es.pdf,2017,fa8b64565707aa138d05741d9a2dbc77398796eea90188f6884e4566d59bc55f,2017|2018,,," GUATEMALA

                                                                                      Verificar al momento de su presentaddn




              DEBATE GENERAL
 Del SEPTUAGtÿSIMO SEGUNDO PERIODO DE SESIONES
DE LA ASAMBLEA GENERAL DE LAS NACIONES UNIDAS





              INTERVENCION DE

        S.E. St. Jimmy Morales


  PRESIDENTE DE LA REPUBLICA DE GUATEMALA





         Nueva York, 19 de septiembre de 2017
Sefior Presidente,

Sefiores Jefes de Estado y de Gobierno,

Sefiores Ministros y Secretarios de Relaciones Exteriores,

Sefiores Delegados, sefior Secretario General, arnigos todos:





Presento mi agradecimiento al sefior Peter Thomson por su excelente desempefio COlilO

presidente en el pasado periodo de sesiones y auguro al sefior Miroslav (lajchac) Lajcfik

el mayor de los 6xitos como presidente del actual periodo de sesiones. Asimismo,

aprovecho para dar la mils cordial bienvenida a nuestro secretario general, sefior Antonio

Guten'es, a qulen ya tuve ocasidn de felicitar.



Sefior presidente,



Como muestra del compromiso con la paz y el desarrollo, el pasado 6 de julio de 2017

finnamos el ""compromiso pot la agenda nacional de desarrollo: los ODS y su

articulacidn aI programa nacional de desarrollo K'atÿn: nuestra Guatemala 2032"", para

alcanzar los objetivos, metas e indicadores trazados en la agenda 2030 para el desarrollo

sostenible, y asÿ incidir en el bienestar de los guatemaltecos.



Asimismo, mi pals tiene como prioridad garantizar la seguridad alimentaria; alcanzar el

respeto y promoci6n de los derechos humanos; poner fin a la pobreza; elevar las

condiciones de las personas mgts vulnerables; el cuidado de los recursos namrales; y ",cross_year_duplicate_review
UNGA72_General_Debate_2017_statements/UNGA72_General_Debate_2017/guinea-bissau__gw_en.pdf,2017,b7da189bcea6f57cd8301d32f52c1ff33de530412c51bd2d8268d03c46858245,2017|2018,2017,72,"     REPUBLIC OF GUINEA-BISSAU



           STATEMENT


              TO

 THE GERAL DEBATE OF THE 72ND SESSION

               OF
THE UNITED NATIONS GENERAL ASSEMBLY


            DELIVERED
              BY

H,E. MR. UMARO SISSOCO EMBALO

       PRIME MINISTER





              New York, September 21, 2017
Your Excellency, Mr, President of the General
Assembly

Distinguished Heads of State and Government

Mr, Secretary-General

Ladies and gentlemen


I am honored to stand on this podium and speak to the
international community gathered here in the  full
expression of our universality.

Allow me to convey greetings from the Bissau-Guinean
people to all of you - distinguished Heads of State and
Government, representatives of the member States of the
United Nations who came to add pomp and substance to
this General Assembly.

I take this opportunity to congratulate Mr. Miroslav Lajcak,
the Minister of Foreign Affairs of Slovakia, who was elected
President of the 72nd Session of the United Nations General
Assembly.

To your illustrious predecessor, Ambassador Peter
Thomson, I would like to express our recognition of his
performance and wish him continued success in his
remarkable diplomatic career.


Ladies and gentlemen


As we all know, the world today is full of complex and grave
challenges:


         Hotspots of political instability and geopolitical
          tension around the world, the seriousness of
         which cannot be overlooked by statesmen and
            citizens of the world;
",cross_year_duplicate_review
UNGA72_General_Debate_2017_statements/UNGA72_General_Debate_2017/guinea__gn_fr.pdf,2017,1da6a35c1940958b51e55f57b06e404018fa971b0cafd30270a0b465ea972995,2017|2018,2017,72|72,"       REPUBLIQUE DE GUINEE
                  ----------
        Travail-Justice-Solidarité
                       ------------





Déclaration de Son Excellence Professeur Alpha CONDE
          Président de la République de Guinée
        Président en exercice de l’Union Africaine


                  Débat général

    72ème Session ordinaire de l’Assemblée générale des
                   Nations Unies





                 New York, le 19 septembre 2017





                                                                               1
Excellences, Mesdames et Messieurs les Chefs d’État et de Gouvernement,

Monsieur le Secrétaire général,

Mesdames et Messieurs les Délégués,

Mesdames et Messieurs,




C’est avec un grand honneur, en ma qualité de Président en exercice de l’Union Africaine,

que je prends la parole dans ce creuset du multilatéralisme pour m’adresser à cette auguste

assemblée, réunie autour du thème : « Priorité à l’être humain : paix et vie décente pour tous

sur une planète préservée », thème d’une pertinence particulière pour le continent.

D’emblée, Monsieur le Président, je tiens à vous exprimer mes chaleureuses félicitations suite
à votre élection à la présidence de la 72ème session ordinaire de l’Assemblée générale.

Je ne doute point du dynamisme que vous imprimerez à nos travaux dans la perspective de

renforcer l’action de votre prédécesseur, M. Peter Thomson, à qui nous rendons un vibrant

hommage pour avoir fait de l’Afrique sa priorité, donnant ainsi une impulsion remarquable à

la mise en œuvre de l’Agenda de développement 2030.




Monsieur le Président,

L’Afrique, jadis subjuguée, corvéable et malléable à dessein, et marginalisée s’e",cross_year_duplicate_review
UNGA72_General_Debate_2017_statements/UNGA72_General_Debate_2017/guyana__gy_en.pdf,2017,7ee59e7b51707f13a73a4975c2f852046d4518c8e9e3427b6050184987252208,2017|2018,,,"             Cooperative Republic ofGuyana




                of
  His Excellency Brigadier David Granger
  President ofthe Cooperative Republic o/Guyana
         to the 72""d Session ofthe
General Assembly of the United Nations

           2017.09.20
 Salutations

Mr President,


Mr Secretary-General,


 Distinguished Heads of State and Government,

 Excellencies, ladies and gentlemen.


The Cooperative Republic of Guyana extends its congratulations to His Excellency

Miroslav Lajcak on his election to the Presidency of the General Assembly. We are

confident, Mr. President, that underyour guidance, progress will be made in advancing

theinternational agenda andinrealising thetheme ofthisyear's session oftheAssembly

- """"Focusing on people: striving for peace and a decent lifefor all on a sustainable

planet.""

Guyana expresses its appreciation for the sterling performance of your predecessor.

Ambassador PeterThompson of Fiji for his stewardship ofthe Assembly over the past


year.

I take this opportunity, also, to congratulate the distinguished Secretary-General, Mr

Antonio Guterres, on his election last year. I wish him a successful tenure.
",cross_year_duplicate_review
UNGA72_General_Debate_2017_statements/UNGA72_General_Debate_2017/haiti__ht_fr.pdf,2017,0bdb55d71d3edb7da2088dde29a92da6de073eff5c4590560902723b40efbfb3,2017|2018,,,"    II n ITI


                   fllloculion

                 de

  Son GHoellence lllon/ieur Joyencl fllOISG
     Pre/iden( de ici Repubiique d'Hciili



Debot genercii de lo 72eme 5e//ion ordinoire
 de rfl/zembiee generciie de i'Organi/cition

            de/ RciUon/ Unie/





            new York, le 21 /eplembre 2017


                                                              (YcriMer ciu prononce)
Monsieur le President,

Je voudrais, tout d'abord, vous adresser mesplus chaleureuses felicitations pour votre election a
 la presidence de I'Assemblee generate,
        Aujourd'hui, tous les regards se toument legitimement vers I'Organisation des Nations
 Unies, dont la mission n'a jamais ete aussi essentielle.

         II est done necessaire de poursuivre la reforme engagee depuis des annees, en vue de
mieux adapter notre Organisation aux realites contemporaines, afin qu'elle puisse poursuivre
efficacement les buts enonces dans sa Charte fondatrice.

       Je salue, a cet egard, la vision et le leadership du Secretaire General, Monsieur Antonio
GUTERRES. Je souhaite que, sous sa direction avisee, I'Grganisation maintienne le cap sur les
engagements et initiatives susceptibles d'ameliorer les conditions devie detous les habitants de
laterre, depermettre defaire face aux menaces globales, deprevenir et deregler les conflits.

Monsieur le President,

     La Republique d'Haiti appuie pleinement toute initiative susceptible de prevenir des
tensions intemationales, desamorcer des crises et rechercher une issue pacifique aux differends.
Elle estime que faction des Nations Unies doit d'abord s'inscrire dans une dynamique de
prevention des conflits.

     La Republique d",cross_year_duplicate_review
UNGA72_General_Debate_2017_statements/UNGA72_General_Debate_2017/holy-see__va_en.pdf,2017,4059cff98543c9bf82481e551b81340942692b66f26d71b23ed0eca696e3614f,2017|2018,2017,,"              H. E. Archbishop Paul Richard Gallagher
                      Secretary for Relations with States
             Head of the Delegation of the Holy See to the
      Seventy-second Session of the United Nations General Assembly

                       United Nations General Assembly Hall
                        Monday, 25 September 2017

                           FOCUSING ON PEOPLE:
         STRIVING FOR PEACE AND A DECENT LIFE ON A SUSTAINABLE PLANET



     Mr. President,

    On behalf of His Holiness Pope Francis, I am pleased to congratulate Your
Excellency on your election as President of this august Assembly and to commend
you on the choice of the topic for this General Debate: “Focusing on People:
Striving for peace and a decent life on a sustainable planet.”

        It is a congenial topic for the Holy See. Pope Francis never tires of insisting
on people first, especially those who suffer, those who are excluded, marginalized
and left behind. The Catholic Church expresses the meaning of focusing on people
in these words: “The joys and the hopes, the griefs and the anxieties of the men [and
women] of this age, especially those who are poor or in any way afflicted… are the
joys and hopes, the griefs and anxieties of the followers of Christ,” because “indeed,
nothing genuinely human fails to raise an echo in their hearts.”1
                                                         P a g e | 2

      Focusing on people means not only protecting them from heinous crimes but
also placing them ahead of all national and geopolitical interests and fulfilling all the
international political commitments undertaken along the history of the United
Nations  that  r",cross_year_duplicate_review
UNGA72_General_Debate_2017_statements/UNGA72_General_Debate_2017/honduras__hn_es.pdf,2017,6984315eb153c0388415aff8cc9cf576d333c4d13fbd439392f8d64a4f7803f4,2017|2018,,,"Senor Presidente,
Senor Secretario General,
Senoras y Senores Jefes de Estado y de Gobierno,
Representantes Permanentes,
Delegados:

El pueblo hondureno se solidariza con los hermanos mexicanos, ante la tragedia
sufrida el di'a de hoy.

Hace casi 4 anos, compared' por primera vez en esta Asamblea General. 4 ahos
despues, veo hacia atras como Honduras ha enfrentado los principales retos que
encontramos.

Este di'a quiero compartir con el mundo, como estamos construyendo una NUEVA
HONDURAS!!

Hace 4 ahos,  el crimen organizado transnacional habia colocado a Honduras
como  un  pai's con altos niveles de violencia.  A fines de 2013 tuvimos 75
homicidios por cada ICQ mil habitantes. En 4 ahos hemos disminuido esas cifras
en 30 puntos. En su ultimo informe, el I'ndice Global de Paz nos ubico con una
mejona de 17 escalones en lo que va de nuestra gestion.

Tambien logramos reducir nuestro deficit fiscal de 8% a 3% del PIB. Saneamos la
economia hondureha, la cual crecera este aho 4.1%. Nuestras exportaciones han
aumentado. La inversion va en ascenso. Nuestras reservas internacionales son
suficientes para casi  seis meses de importaciones. La moneda nacional se ha
revalorizado y la tasa de inflacion es muy moderada. Las empresas  calificadoras
de riesgo han aumentado la calificacion crediticia de Honduras, siendo hoy la
mejor de la historia.

Este aho, junto con Guatemala hemos establecido e implementado la primera
Union Aduanera de las Americas. Hoy Honduras y Guatemala tienen una zona de
libre circulacion de bienes, servicios y personas. Estamos en negociaciones para
que El Salvador y Nicaragua se sumen a la Union Aduanera y en el futuro, con la
adhesion de Costa Rica y Panama, ",cross_year_duplicate_review
UNGA72_General_Debate_2017_statements/UNGA72_General_Debate_2017/iceland__is_en.pdf,2017,416ca244fda3425c0cbb05f9ea897de8e12e5552223bfb11c20698c31fa3768a,2017|2018,2017,," The Permanent Mission of Iceland

        to the United Nations




         72 United Nations General Assembly





                Statement by Iceland

           Gudlaugur Thor Thordarsson

         Minister of Foreign Affairs of Iceland

                    22 September, 2017





                                   CHECK AGAINST DELIVERY



                   www.iceland.org/un/nyc
_________________________________________________________

    The Permanent Mission of Iceland to the United Nations
  800 Third Ave. 36th fl. - Tel 212-593-2700. - Fax 212-593-6269
Mr. President,

We live in a world of opportunity: Never have we had such potential to end poverty and hunger,
to end human rights violation, to focus on the people striving for a decent life. We can either
succeed or we can fail. It is a choice, it is a decision. This is our responsibility, this is our task.
This task is not just about numbers or statistics, this task is about real-life people. “There is
purpose and worth to each and every life.” Let us not forget.

Our task is not easy. But the most important things in life are never easy, the right path is always
difficult. And for sure, we face  difficulties. The consequences of climate change, bad
governance, terrorism and  conflict have made our world seem “more dangerous,  less
predictable, more chaotic” as our Secretary General put it. It is our common responsibility to
protect the progress we have made since the establishment of this institution and make good on
our promises of prosperity for all.

Mr. President,

The world’s economic and social progress has in large part been driven by science and rational
action, based on evidence. We must hold fir",cross_year_duplicate_review
UNGA72_General_Debate_2017_statements/UNGA72_General_Debate_2017/india__in_en.pdf,2017,dd28d4942c0d8f027c1d59fabbd1e57da5be03b231a341b96cfe843d8091a4f0,2017|2018,2017,,"                                            Check aaainst delivei





                     General Debate

                           of the 72""^
             United Nations General Assembly-


                       Address


             Minister of External Affairs of India
                  Smt. Sushma Swaraj




                 23 September 2017





                Permanent Mission of India to the United Nations
235 East 43rd Street, New York, NY 10017 • Tel: (212) 490-9660 • Fax: (212) 490-9656
                                E-Mail: india@un.int
Mr President
Let me begin by offering my heartiest congratulations on your election as
President of the 72nd United Nations General Assembly. For those of us
fortunate to represent our nations as Foreign Minister this is a particularly
happy event: one of us has this honour.


Mr President
2: India welcomes your efforts to place people at the heart of international
diplomacy as you shape policy and lend direction to world affairs from your
august chair.  I thank you for the theme you have chosen: 'Focusing on
people: Striving for peace and a decent life on a sustainable planet'. People,
peace, decency, sustenance and focus define a noble objective.


Mr President
3: The United Nations was established for the welfare, security, harmony,
rights and economic progress of the people of our world. India fully supports
your efforts in this great mission.

4: I had spoken before this Assembly last year as well. It is a year that has
seen much change both in this Assembly ^d iii the world it. represents. We
have a new Secretary General at the United Nations.  He is determined to
prepare and strengthen the United Nations to meet ",cross_year_duplicate_review
UNGA72_General_Debate_2017_statements/UNGA72_General_Debate_2017/indonesia__id_en.pdf,2017,4372f998d2437b75ede485d6ac35b394ba062768fa95480d37c14cbe8e4f39d8,2017|2018,,,"                                     Check aqainst delivery





              STATEMENT



              H.E. MR. JUSUF KALLA
VICE PRESIDENT OF THE REPUBLIC OF INDONESIA





         AT THE GENERAL DEBATE
          OF THE 72ND SESSION
 OF THE UNITED NATIONS GENERAL ASSEMBLY





      NEW YORK, 21 SEPTEMBER 2017





                     INDONESIA
Mr. President,


Allow me to begin by wishing ""Happy New Year"" to those who celebrate the
New Islamic Year 1439 Hijra... may peace be upon us all.


I would also like to extend Indonesia's deep sympathies and condolences,
to those affected by the recent natural disasters.


These include, earthquake in Mexico, hurricanes in the Caribbean, and
parts of the United States, as well as floods in South Asia.

Our prayers go out to all the victims.


Mr. President,


I congratulate you, on your election as President, of the seventy-second
General Assembly.


Indonesia is committed, to contribute to your successful presidency.


I would also like, to thank His Excellency Peter Thomson, of Fiji, for his
able stewardship, as the President of the seventy first session.

We commend his role in driving a universal push for the SDGs.


Mr. President,


We are all represented in same world map. Yet, we see many different
worlds.


Our world today, is far from equitable.





                                                                                                                 -1

                            INDONESIA
",cross_year_duplicate_review
UNGA72_General_Debate_2017_statements/UNGA72_General_Debate_2017/iran-islamic-republic__ir_en.pdf,2017,e63442b9c45c4008abecd41ac116b3910b8dc84ffbc88a1b5fcf7ac5d3154111,2017|2018,2017,,"                     Statement by


       H.E. Dr. Hassan Rouhani

President of the Islamic Republic of Iran




   at the 72nd 'Session of the General Assembly

            of the United Nations





          (New York - 20 September 2017)

                                        Please check against delivery
                        In the name of God, the Compassionate, the Merciful


Mr. President,

Mr. Secretary-General,

Excellencies,

Ladiesand Gentlemen,

I wish at the outset to congratulate your election to the Presidency of the General Assembly and
Secretary-General Guterres' election to his high office and wish him every success in his crucial
responsibilities.

Four months ago, over 41 million people-constituting 73% of Iran's total eligible voters-came
to the polls in the country's 12th presidential election and once again expressed confidence in my
platform, which calls for moderation and respect for human rights and prosperity and economic
revitalization at home, and constructive engagement around the world. Their vote manifested
the maturity of the electorate in a society that has experienced free and democratic governance
for only four decades. This was not merely a vote for a president, but a huge political investment
by our population; a resilient people who truly constitute our most reliable asset.

Human and citizens' rights, along with the quest for justice and Islamic values, have constituted
the most pivotal demands of the Iranian people in over 150 years of struggle, and particularly in
the  Islamic  Revolution  of  1979.  In  its  first  term,  while  pursuing  nuclear  negotiations
internationally, my government focused at home on the deliberat",cross_year_duplicate_review
UNGA72_General_Debate_2017_statements/UNGA72_General_Debate_2017/iraq__iq_ar.pdf,2017,16e683a3c482a1bb02b26eaffe169b91545595cd6d3a8b01973fccb90017bff5,2017|2018,,,"ةﻟﻤﺘﺤﺪا ﻟﻸﻣﻢ ﻟﻌﺎﻣﺔا ﻟﺠﻤﻌﻴﺔا ﻓﻲ اقﻟﻌﺮا ﻳﺔرﺟﻤﻬﻮ ﻛﻠﻤﺔ

                  (72 ) ورة ﻟﺪا

               ركﻧﻴﻮﻳﻮ


  يﻟﺠﻌﻔﺮ ا ﻷﺷﻴﻘﺮ ا ﻫﻴﻢ اﺑﺮإ رﻟﺪﻛﺘﻮا ﻣﻌﺎﻟﻲ ﻳﻠﻘﻴﻬﺎ

          اقﻟﻌﺮ ا ﻳﺔرﺟﻤﻬﻮ ﺟﻴﺔر ﺧﺎ ﻳﺮوز

                  ﻓﻲ

            201 7 / 9 / 2 3




                                        1
                   م ﺤﻴر ﻝا نﺤﻤر ﻝا ﷲا م ﺒﺴ
                      آدم ﺒﻨﻲ ﻤﻨﺎر ﻜ دﻝﻘو


                           رم ﻝﻤﺤﺘا ﻝﻌﺎﻤﺔا ﺔ ﻝﺠﻤﻌﻴ        ا سﺌﻴر د ﻝﺴﻴ    ا
              ونﻤر ﻝﻤﺤﺘا دةﻝﺴﻌﺎ وا ﻝﻔﺨﺎﻤﺔا ب ﺼﺤﺎأ دة ﻝﺴﺎا
                         ونﻤر ﻝﻤﺤﺘا دة ﻝﺴﺎوا دات ﻝﺴﻴ    ا

كﻻﻴﭽﻴ ف ﺴﻼرو ﻤﻴ  د ﻝﻠﺴﻴﻴرك ﻴﺒﺎ  أن ديﺒﻼ  د ﻓوﻝ ب ﻴ ط
ددﻝﺼا  ذاﺒﻬ  ﻬﻨﺊ ﻴو  دة، ﻝﻤﺘﺤا  م ﻝﻸﻤ  ﻝﻌﺎﻤﺔا  ﺔ ﻝﻠﺠﻤﻌﻴ       ﺌﺎﺴﺘﻪر
أن  ﺘﻨﺎوﻴﻔ ﻻو ، ﻋﻤﻠﻪ ﻓﻲ قﻓﻴوﻝﺘ ا ﻝﻪ ﻰ ﻴﺘﻤﻨو ، ﻓﺎﻜﻴﺎوﺴﻠ ﺔ ﻴﺠﻤﻬور
ﺘﻪدارﻹ ونﻤﺴوﺘ ر ﺒﻴﺘ د ﻝﺴﻴﻬا ﺴﻠﻔﻪ  ُود ﻝﺠﻨﻨﺎر ﻴ د ﺘﻘو  ﻨﺎر ﺸﻜ م دﻘ
                                ﻝﺴﺎﺒﻘﺔ. ا دورة ﻝ ا ل ﻷﻋﻤﺎ ﻝﺤﻜﻴﻤﺔا





                                         2
",cross_year_duplicate_review
UNGA72_General_Debate_2017_statements/UNGA72_General_Debate_2017/ireland__ie_en.pdf,2017,b22d7e31398100dfcdbb89d8432ee594d9644c36e18fcaace55adc5be3c699ee,2017|2018,,,"                                                                                                 •   .iv



President

Allow me at the beginning of my statement to offer Ireland's sympathy to all those in Mexico

affected by the devastating earthquake earlier this week and to commend those who have been

engaged in the heroic rescue operations. I also want to extend condolences to the representatives

of people in the Caribbean who are facing extraordinarily difficulties following the recent

hurricanes.


President

This is no time for business as usual. The international community is facing unprecedented

challenges.


I'm here because I think this Organisation matters. This is an Organisation that now faces daily

challenges to its political and management missions. We need to move from debate to action.



My country, Ireland, has kept faith with the UN since we joined as a young Republic which had

fought hard for its independence and saw being a member of the UN as fundamental to its future

and its people's future peace and security. We still do over 60 years later.



Our faith has not been misplaced. It is as strong today as ever in the past. But we certainly have

something to say about the future of the Organisation and the role we believe it must play in

reducing suffering across the globe, and securing our shared peace, security and prosperity. The

UN matters to us.



Today I will focus on where we see we can make a difference as the UN, and where Ireland

makes a difference in the UN.



 Given our history as a small country, with its own troubled past, we see very clearly the

 advantages of a rules-based order in international affairs. Even more than th",cross_year_duplicate_review
UNGA72_General_Debate_2017_statements/UNGA72_General_Debate_2017/italy__it_en.pdf,2017,8fe4e5884e0854042cd6d56bd0645d5c559917bde85650a440e72c595abd6e05,2017|2018,,72,"  72st GENERAL ASSEMBLY OF THE UNITED NATIONS




             STATEMENT

               BY

             HIS EXCELLENCY

THE PRESIDENT OF THE COUNCIL OF MINISTERS


    THE HONORABLE PAOLO GENTILONI




      (NEW YORK, 20 SEPTEMBER 2017)
Mr. President, Secretary-General, my fellow delegates, ladies and
gentlemen,

    The opening of the 72nd session of the General Assembly is taking
     place in a complex and constantly-moving global context. The
     socio-economic effects of globalization, which can create hardship
     and inequalities, also compound the persistence of major instability
      in the international geopolitical framework, which is at the root of
      multiple crisis situations.


    The provocations of North Korea--which Italy condemns in no
     uncertain terms--threaten regional and international security and
     pose a real challenge to the international nuclear non-proliferation
     regime and the United Nations system.

    The uncertainties and fears of our citizens are heightened,
     moreover, by the plague of terrorism, which is being fought with
     growing effectiveness but has certainly not been defeated, and
     climate change, which risks jeopardizing the future of our planet
     and the fate of future generations.


   • The desperation of migrants and refugees, victims of ruthless
      criminal trafficking, continues to unfold before our eyes.


     These are enormous challenges from which no Country is immune
     and against which there is an inevitable temptation to seek refuge
      in isolationism, racism and intolerance.

     But it is precisely in the face of extraordinary challenges that the
      international commu",cross_year_duplicate_review
UNGA72_General_Debate_2017_statements/UNGA72_General_Debate_2017/jamaica__jm_en.pdf,2017,c0dee2212ee7025d00d8eed8db51d457d00fae450416fd069b74a39edf12e88a,2017|2018,,72,"                   STATEMENT


                    BY


     SENATOR THE HONOURABLE KAMINA JOHNSON SMITH
  MINISTER OF FOREIGN AFFAIRS AND FOREIGN TRADE OF JAMAICA

                    ON

  AT THE GENERAL DEBATE OF THE 72""d SESSION OF THE UNITED
               NATIONS GENERAL ASSEMBLY




           NEW YORK - 23rd SEPTEMBER 2017





                                                              Please check against delivery



l[ÿaÿe
  Focusing on people: striving for peace and a decent life for all on a sustainable planet





Mr. President,

           I am delighted to extend Jamaica's warm congratulations on your election to the
Presidency of this 72nd session of our General Assembly, and to assure you of our support.

           I am particularly pleased to note your selection of a theme that underscores the
fundamental importance of the ambitious and transformative 2030 Agenda for People, Planet
and Prosperity.





Mr. President,

      As I stand before you today, I express on behalf of the Government and People of
Jamaica, our deepest sympathies and prayers for the families and loved ones of victims of the
recent hurricanes, which directly impacted our Caribbean brothers and sisters, as well as the
families and loved ones of victims of the recent earthquakes in Mexico, our dear friend from
the region.

            I am deeply moved by the fact that following the passage of two massive hurricanes,
thousands of people across the Caribbean are now forced into a life that is dramatically
different from what it was just a few days ago. On behalf of our Caribbean brothers and
sisters directly impacted by the hurricanes, we wish to thank those countries and
organizati",cross_year_duplicate_review
UNGA72_General_Debate_2017_statements/UNGA72_General_Debate_2017/japan__jp_en.pdf,2017,b38411ab3f6a192f864ebadc1a547fb61cedf91a5c146b7b628bd7fe35a3149a,2017|2018,2017,,"CHECKAGAINST DELIVERY

Address by Prime Minister Shinzo Abe
at the Seventy-Second Session of the United Nations General
Assembly
NewYork,Wednesday, September 20,2017
[Provisional translation]

1.

Mr. President, ladies and gentlemen,

Today,Ihad intended first ofallto tellyouofthe sinceritywithwhichJapan is
implementing the SDGs.Ialso had hoped to introduce to you the innovative ways
bywhichwe have been fostering public awareness withinJapan towardsthose
goals.

Iwanted to tell you why the Women Entrepreneurs Finance Initiative, or ""We-Fi,"" is
important to me personally as well as to the Government ofJapan.

Ihave been saying we willmake universal health coverage part ofthe ""Japan
brand.""We will hold a major conference this December in Tokyotaking up UHC
as the theme.

The list ofthings Iwould have liked to raise here is long indeed - our
 contributions towards the rule oflaw; our determination to undertake the Paris
Agreement in a steadfast manner; our policy of addressing global infrastructure
demand through quality investments.

Moreover,what Japanwants to safeguard in every respect is the free,liberal, open
 international order and multilateral frameworks.

The world certainly holds high expectations towards the UNas the flagbearer
upholding these.That is exactlywhy the Security Council should be reformed
without delay, in response to the demands of the times.

Japanwill strive togetherwith its friends to achieve these reforms. I had intended
 to state thatJapan^ abiding determination is to play an active role for world peace
 as a permanent member of the Security Council.

 However, I have no choice but to focus my remarks on a single issue, that ofNorth
 Korea.
CHEC",cross_year_duplicate_review
UNGA72_General_Debate_2017_statements/UNGA72_General_Debate_2017/jordan__jo_en.pdf,2017,a78438228e4410eb49c56fd03f60b1516c79def7bc89b15329f729723b867828,2017|2018,,,"                         REMARKS BY
        HIS ROYAL HIGHNESS CROWN PRINCE AL HUSSEIN BIN ABDULLAH lI
       AT THE 72ND SESSION OF THE UNITED NATIONS GENERAL ASSEMBLY
                       NEW YORK
                                21 SEPTEMBER 2017



In the Name of God, the Most Merciful, the Compassionate


Mr. President,


Mr. Secretary General,

Distinguished Heads of Delegation,


Your Excellencies,

           I am honored today to speak on behalf of His Majesty King Abdullah II and
the people of Jordan.


      President Laj(fik, I bring Jordan's sincere congratulations on your election
and our commitment to the work of this General Assembly. To Secretary General
Guterres, I extend my country's great appreciation for your partnership with our
people.

Distinguished Members of the General Assembly,


     Two years ago, I had the chance to advocate on behalf of my generation, and
chair a United Nations Security Council meeting to adopt the first resolution on
youth. Our joint efforts resulted in the historic, unanimous adoption of Resolution
2250 on Youth, Peace and Security, aimed at empowering young people to
participate in peace processes and dispute resolution.


      Today, I stand before you as a representative of my beloved Jordan, but also
as a member of the largest generation of young people in history.


      Like every other generation, we have inherited the collective wisdom and
values of our elders. And like others before us, we must often struggle to reconcile
them with our reality today. What that reality is, is unprecedented.


      Ours is a world at an epic intersection, driven by the confluence of deepened
globalization and disruptive technol",cross_year_duplicate_review
UNGA72_General_Debate_2017_statements/UNGA72_General_Debate_2017/kenya__ke_en.pdf,2017,3f037c5f6d64861392323be038ca0f9d073e26246ce0557ec3f96007ce1c713c,2017|2018,,,"

",cross_year_duplicate_review
UNGA72_General_Debate_2017_statements/UNGA72_General_Debate_2017/kiribati__ki_en.pdf,2017,343bc39c00803fada289425df987f30036c554f1022423fcf0b410d4fac3fa5e,2017|2018,2017,72|72,"    REPUBLIC OF KIRIBATI





               Statement

                 By

       His Excellency Taneti Maamau

     President of the Republic of Kiribati





The General Debate of the 72nd Session of the

      United Nations General Assembly

         Friday, 22nd September 2017





           (Check against delivery)




                             1
Mr. President

Secretary General Antonio Guterres

Excellencies

Heads of delegations

Distinguished delegates

Secretariat team

Observers

Members of civil society and private sector

Members of the media

Ladies and gentlemen





I bring warm greetings from the Government and the people of the Republic of

Kiribati on whose behalf  I am very honored and humbled to address this august

gathering. In our traditional way and in the Lord’s name, I share with you blessings

and peace.


Kam na bane ni mauri!


Acknowledgement


Mr. President


I join previous speakers in congratulating you on your election to the presidency of

the 72nd Session of the General Assembly. You have an important responsibility to

chart and lead the course of our work during this Session. I am confident that under

your able leadership we will achieve the goals and targets set for this Session based

on the theme “Focusing on People: Striving for Peace and a Decent Life for All on a

Sustainable Planet. Please be assured of our full support and cooperation.





                                        2
",cross_year_duplicate_review
UNGA72_General_Debate_2017_statements/UNGA72_General_Debate_2017/kuwait__kw_ar.pdf,2017,2ef7a2602c9e0076f963189cb0a4b94083bb7c3a61ae6005aad6b2de3c1b792c,2017|2018,,,"        Diwan oÿ
Hÿ Highness The Prime Minister
               tate oJRuwait





               p20t7 ..ÿ.' 20 5ÿ1.ÿt
      ®iwan(
His ÿghness The ÿime Minister
            5tare of @wait





                                                                  ,,, d3.ÿi S.ÿ.ÿ3 1ÿI ,.ÿ.ÿ
",cross_year_duplicate_review
UNGA72_General_Debate_2017_statements/UNGA72_General_Debate_2017/kuwait__kw_en.pdf,2017,5134da3f1d546bf7ecf854296b848d702bcf3067c76e3419a735c097eed3b2da,2017|2018,,72,"PLEASE CHECK AGAINST DELIVERY




             STATEMENT OF THE STATE OF KUWAIT



                        DELIVERED BY

         THE REPRESENTATIVE OF HIS HIGHNESS THE AMIR
                  OF THE STATE OF KUWAIT


    HIS HIGHNESS SHEIKH JABER AL MUBARAK AL HAMAD AL SABAH
             PRIME MINISTER OF THE STATE OF KUWAIT


                        BEFORE
       THE SEVENTY-SECOND SESSION OF THE UNITED NATIONS
                   GENERAL ASSEMBLY


                    GENERALDEBATE

           UNITED NATIONS HEADQUARTERS - NEW YORK



               WEDNESDAY, 20 SEPTEMBER 2017
Mr. President,
Your Excellencies,
Mr. Secretary-General,
Ladies and Gentlemen,


          THE PEACE, MERCY AND BLESSINGS OF ALLAH
                       BE UPON YOU



    On behalf of the Government and people of the State of Kuwait, it pleases
me at the outset, to extend our sincere congratulations to you personally, and
your friendly country, the Republic of Slovakia, on your election as President of
the 72nd Session of the United Nations General Assembly. I would also like to
assure you of my country's support in all actions you undertake to facilitate your
work and the fulfillment of your responsibilities. We are fully confident that your
vast experience in international issues will contribute valuably to the conduct of
the work of this session. In addition, ! would like to avail myself of this
opportunity to express my sincere appreciation for the outstanding work of your
predecessor, Ambassador Peter Thompson, during his capable and successful
presidency of the previous session.

      Allow me also to take this opportunity to congratulate His Excellency the
Secretary-General of the United",cross_year_duplicate_review
UNGA72_General_Debate_2017_statements/UNGA72_General_Debate_2017/kyrgyzstan__kg_ru.pdf,2017,fc51a1cb43e9ed3d46a7e0b27064a0c1db0b9b1cfd3d6c70879a1a5dc1c28bdd,2017|2018,,,"             КЫРГЫЗСКАЯ РЕСПУБЛИКА




                                           Please check against delivery





                   Выступление
    Его Превосходительства г-на Алмазбека Атамбаева
          Президента Кыргызской Республики
на Общих дебатах 72-й сессии Генеральной Ассамблеи ООН





                 г. Нью-Йорк, 20 сентября 2017 года


                                                                   - 1 -
           Уважаемый господин Председатель!

         Уважаемый господин Генеральный секретарь!

                Ваши превосходительства!

                   Дамы и господа!


     Позвольте мне  поприветствовать  вас  всех  от имени
народа Кыргызской Республики!

    Мой древний народ прошел  долгий и трудный  путь
исторического развития и становления. Нам в своё время
посчастливилось  создать  собственную  письменность,  своё
многонациональное   государство,  именуемое   в   истории
кыргызским великодержавием.

    К  сожалению,  последующие  исторические  события
привели к потере кыргызского каганата и уничтожению большей
части населения.

   О нас говорили, как об исчезающем этносе. Поэтому
свобода,  независимость  и  суверенное  государство  были
национальной идеей, пассионарной движущей силой моего
народа на всем протяжении его исторического пути. Этот путь
привел страну к обретению суверенитета в 1991 году.

    Однако борьба за свободу, демократию и справедливость
продолжалась,  и  я  горжусь  своим  народом,  который  за
последние  12  лет совершил  две народные революции  и
доказал, что единственным источником власти в Кыргызской
Республике может быть только народ.

    «В других странах подобные события могли разрушить
демократию, принести",cross_year_duplicate_review
UNGA72_General_Debate_2017_statements/UNGA72_General_Debate_2017/lao-peoples-democratic-republic__la_en.pdf,2017,2367024ad6413806f1e338e99da24f111763da9b03e84e80ac43799869ec3173,2017|2018,,,"

",cross_year_duplicate_review
UNGA72_General_Debate_2017_statements/UNGA72_General_Debate_2017/latvia__lv_en.pdf,2017,6172c2a76d68ace5f2129d1663bceaad51204a9d690a1915b63b56d8b965c341,2017|2018,2017|2017,72|72,"                                     Check against delivery





        Permanent Mission of Latvia to the United Nations
             333 East 50th Street, New York, NY 10022
                   Telephone (1 212) 838-8877
                     Fax (1 212) 838-8920
                   E-mail: mission.un-ny@mfa.gov.lv


              Statement by


       H.E. Mr. Raimonds Vÿjonis
    President of the Republic of Latvia

                    at


the 72nd session of the United Nations General
               Assembly





            United Nations, New York
             20 September 2017
       Statement of President of the Republic of Latvia,
                H.E. Mr. Raimonds Vejonis
   at the 72nd session of the United Nations General Assembly
           New York, 20 September 2017

 ""Focusing on people: striving for peace and a decent life for all
                on a sustainable planet""

Mr. President, Excellencies!


[At the outset, I wish to congratulate you, Mr. Lajddk, on assuming

the post of President of the current session of the General

Assembly. I am sure you will make our region proud.]


The United Nations is, and will be, the central forum for

multilateralism and a rules-based global order. This is the place

where all nations come together to carry our shared responsibility

to deliver peace and security, advance human rights and

sustainable development, and cooperate for a better future.


As the only truly global organization, the United Nations must be

able to effectively respond to the serious global issues which we

face: regional conflicts and humanitarian crises, the threat of

terrorism, and insecurities related to migration, climate change,

and ",cross_year_duplicate_review
UNGA72_General_Debate_2017_statements/UNGA72_General_Debate_2017/lebanon__lb_ar.pdf,2017,622b761c6a3e17a81aa0718396a4adcbdf799a138988b769bba473d7600036ce,2017|2018,,,"

",cross_year_duplicate_review
UNGA72_General_Debate_2017_statements/UNGA72_General_Debate_2017/lebanon__lb_en.pdf,2017,57aee2376bdb9862c31393cc635af8f7f210a3742726aeba009923dd4502396d,2017|2018,,,"

",cross_year_duplicate_review
UNGA72_General_Debate_2017_statements/UNGA72_General_Debate_2017/lesotho__ls_en.pdf,2017,46cdbcd21bee485756b3b611c214552962871870bebbe8185e8d32d6d06d6a46,2017|2018,,,"     X





STATEMENT BY THE RIGHT HONOURABLE THE PRIME

     MINISTER OF THE KINGDOM OF LESOTHO



        DR. MOTSOAHAE THOMAS THABANE


 DELIVERED AT THE 72""^° SESSION OF THE UNITED

         NATIONS GENERAL ASSEMBLY


    NEW YORK, UNITED STATES OF AMERICA


              22 SEPTEMBER, 2017



                                  Check Against Delivery
President of the 72""^ Session of the General Assembly,
Your Excellencies Heads of State and Government,
Your Excellency, Mr Antonio Guterres, Secretary General of the
United Nations,
Distinguished Ladles and Gentlemen,


Allow me to begin by congratulating you, Mr. President, for your election to the
Presidency of the 72""^ Session of the United Nations General Assembly. Your illustrious
career as a diplomat assures us of a successful session. I assure you of my delegation's
full support and cooperation during your tenure of  office.  Let me also hasten  to
commend your predecessor, Mr. Peter Thomson, for his distinct leadership of the 71st
Session of the General Assembly. He handled the great responsibility of leading  this
august body with commendable skill and devotion.

During the last session we also witnessed the election of the new Secretary General,
Mr. Antonio Guterres, whose impeccable credentials and distinct service within the UN,
coupled with the wealth of knowledge and experience that he possesses, leave us
hopeful that he  will handle the challenges of  his new  position with commendable
dexterity.  We, therefore, congratulate you, Mr. Secretary General, on your well-
deserved appointment and wish you success in the long journey ahead. In the same
breath, we pay tribute to the former Secretary General, Mr. Ba",cross_year_duplicate_review
UNGA72_General_Debate_2017_statements/UNGA72_General_Debate_2017/liberia__lr_en.pdf,2017,e28055abf1d17509786361f48181df48f090bd2ba6ba71d069374828fa50ccb0,2017|2018,,,"                                           CHECK AGAINST DELIVERY




                 STATEMENT BY



     HER EXCELLENCY MRS. ELLEN JOHNSON SIRLEAF

        PRESIDENT OF THE REPUBLIC OF LIBERIA


                    AT THE

       SEVENTY-SECOND REGULAR SESSION OF THE
          UNITED NATIONS GENERAL ASSEMBLY
               ON THE THEME:
   ""Focusing on People: Striving for Peace and Decent Life for All on a
                         Sustainable Planet""




       UNITED NATIONS HEADQUARTERS, NEW YORK

            TUESDAY, SEPTEMBER 19, 2017

                 MORNING SESSION





lIPage
Mr. President
Mr. Secretary General
Excellencies, Heads of State and Government
Distinguished Ladies and Gentlemen

This 72ÿd Regular Session of the United Nations General Assembly is
being convened at a time of historic transition in Liberia, and during
a period of acute challenges to our global order. Today, we face the
threat of climate change, the violence of terrorism, the risk and
indignation of migration, and a nuclear escalation on the Korean
peninsula. More over there is a race against time to accommodate a
restless youthful population in search of opportunity and a brighter
future.


Mr. Secretary General I congratulate you on your election.


Your progressive and creative leadership assures us of our
commitment and your action to reform the United Nations for
increased efficiency, better coordination and gender parity by 2021
at the senior leadership level. My delegation is also pleased with the
initial steps taken toward the implementation of the Sustainable
Development Goals.


I congratulate you, Mr. MiroslavLajcak, on your election as President
of the General Assembly. Your",cross_year_duplicate_review
UNGA72_General_Debate_2017_statements/UNGA72_General_Debate_2017/libya__ly_ar.pdf,2017,33ba84b31010930a94bc3bf6fb5310c89e7d92e2ad54ed0f60d6ee4c2f706d8d,2017|2018,,,"

",cross_year_duplicate_review
UNGA72_General_Debate_2017_statements/UNGA72_General_Debate_2017/liechtenstein__li_en.pdf,2017,c04a5ec97fb0b2458e52dd91657553d5cd1261bfaec81ff3345587676fc0a634,2017|2018,,,"PERMANENT MISSION
OF THE PRINCIPALITY OF LIECHTENSTEIN
TO THE UNITED NATIONS
NEW YORK





                NEW YORK, 22 SEPTEMBER 2017


                UN GENERAL ASSEMBLY, 72""D SESSION
                         GENERAL DEBATE



               STATEMENT BY H.E. Ms. AUREUA FRICK
          FOREIGN MINISTER OF THE PRINCIPALITY OF LIECHTENSTEIN





                       CHECK AGAINST DELIVERY





633 Third Avenue 27th Floorl New Yorkl NY 10017 I T +1 (212) 599 0220 I F +1 (212) 599 00641 mission@nyc.llv.li I www.newyork,liechtenstein.li
Mr. President,

Excellencies,

Dear colleagues,



It is good to see you preside over this session of the Assembly, Mr. President. We know that we

are in able hands. I look forward to working closely with you. We also salute Secretary-General

Guterres for his leadership. I am confident that he will chart an intelligent course to the

changes that we wish to see in the United Nations.



Mr. President

You have suggested to us the theme ""focus on people"". This takes us back to the very beginning

of the UN Charter, written on behalf of the peoples of the world. To this day, the United

Nations symbolizes great hope around theglobe: Hope for peace, hope for justice, hope for a

life in dignity and decency. It represents nothing but the most basic ambition of every human

being. And yet, attaining these hopes remains elusive for millions. And they are shattered for

millions of others.



Intolerance and nationalism were drivers of World War II in response to which this organization

was founded. It is a place where we seek solutions, together - instead of pursuing nationalist

agendas. Only in embracing this understanding will we be able t",cross_year_duplicate_review
UNGA72_General_Debate_2017_statements/UNGA72_General_Debate_2017/lithuania__lt_en.pdf,2017,0a4d30a241eae9115005285bc556db1d8511ac02fe6173154fe4c7b97341dd4d,2017|2018,2017,,"                                                      Check against delivery

                         Statement
         by the President of the Republic of Lithuania
                 Ms. Dalia Grybauskaitÿ
   at the General Debate of the United Nations General Assembly

                    19 September 2017, New York



Mr. President, Ladies and Gentlemen,

The topic of this year' s debate invites to focus on people and our responsibility to ensure their
peaceful and sustainable future.

However, in today's world such peaceful future is threatened as never before.

Authoritarian regimes continue to kill with impunity, extremist ideologies treat innocent
people with unspeakable cruelty and thousands die after leaving their homes in search for

better lives.

The world's attention is now focused on North Korea and Syria, but the same methods of
blaclÿnail, bullying and aggression are being used by Russia in Ukraine and along NATO's

eastern border.

As we speak, around one hundred thousand Russian troops are engaged in offensive military
exercises ""Zapad 2017"" on the borders of Baltic States, Poland and even in the Arctic. The
Kremlin is rehearsing aggressive scenarios against its neighbours, training its army to attack
the West. The exercise is also part of information warfare aimed at spreading uncertainty and

fear.

Even more disturbingly, Zapad exercise is just one symptom of Kremlin's inability to finally
end its hatred towards the West.

Despite Russia's special responsibility to protect international peace as permanent member
of the Security Council, it violated the UN Charter by attacking Georgia, illegally annexing
Crimea, and directly participating in the war i",cross_year_duplicate_review
UNGA72_General_Debate_2017_statements/UNGA72_General_Debate_2017/luxembourg__lu_fr.pdf,2017,da1900a3e4497123265954d9bafa3448702b8dbd2cde8228b1a1a59cf35d3600,2017|2018,,,"

",cross_year_duplicate_review
UNGA72_General_Debate_2017_statements/UNGA72_General_Debate_2017/madagascar__mg_fr.pdf,2017,0966a687260dab051a8b94f405de933adc611ce32ded9763946815fc2d406dc5,2017|2018,,72,"Monsieur Le Président de l’Assemblée Générale,

Mesdames et Messieurs Les Chefs d’Etat et de Gouvernement,

Monsieur Le Secrétaire Général,

Mesdames et Messieurs Les Chefs de Délégations,

Mesdames et Messieurs,




C’est pour moi une très grande fierté et un immense honneur de prendre la parole à cette

tribune à l’occasion de la 72ème session de l’Assemblée générale des Nations Unies, en ma

qualité de Président de la République de Madagascar, au nom du peuple malagasy, mais

également en tant que Président de l’organisation du Marché commun de l’Afrique orien-

tale et australe, le COMESA, et Président en exercice du Sommet de la Francophonie.


Permettez-moi, tout d’abord, Monsieur le Président, de saluer votre élection à la tête de
notre Assemblée et de vous réitérer toutes mes félicitations les plus sincères et les plus

chaleureuses.


Madagascar, à vos côtés, comme Vice-président de cette Assemblée qui rassemble les 193

États membres de l’ONU, mais aussi après avoir accueilli, les 26 et 27 novembre 2016, le

XVIe Sommet de la Francophonie, ne peut que partager les valeurs et les idéaux qui nous

réunissent ici, pour parvenir ensemble à un monde plus juste et plus stable que consti-
tuent: le développement, la paix, la sécurité et le droit international.


C’est vous dire combien le thème de notre débat « priorité à l’être humain : lutter pour la

paix et une vie décente pour tous sur une planète préservée », nous interpelle tous puisque

le sens même de la raison d’être de chaque Etat est d’assurer le bien-être de son peuple

avec les voies et moyens de son choix. Pour Madagascar, le choix est clair et évident : nous

avons mis et mettons l’humain au centre de n",cross_year_duplicate_review
UNGA72_General_Debate_2017_statements/UNGA72_General_Debate_2017/malawi__mw_en.pdf,2017,d0181f9ade5edae7e22e3292e7a524c8d37543e5c10a0d570f8aeb640a9bbaab,2017|2018,,,"                   REPUBLIC OF MALAWI


                  STATEMENT

                     BY

   HIS EXCELLENCY PROF. ARTHUR PETER MUTHARIKAÿ
        PRESIDENT OF THE REPUBLIC OF MALAWI

                    AT THE

  GENBRAL DEBATE OF THE 72ÿD SESSION OF THE UNITED
            NATIONS GENERAL ASSEMBLY



            MALAWFS COMMITMENT IN

""FOCUSING ON PEOPLE: STRIVING FOR PEACE AND A DECENT
         LIFE FOR ALL ON A SUSTAINABLE PLANET""


                NEW YORK
                  20 SEPTEMBER 2017
Your Excellency, Mr. Miroslav Lajcak, President of the General Assembly;


 o  Your Excellency, Mr. Antonio Guterres, Secretary General of the United Nations;


 ®  Your Excellencies, Heads of State and Government;


 •  Distinguished Delegates;


 o  Ladies and Gentlemen




     The cause that rallies us together is that we are one humanity, on one planet. This is

the tie that binds us all. And all our differences and national interests are secondary to this

overriding cause.



     The United Nations was founded to safeguard the human race, its human rights, and

its potential. We are here to protect people, their existence and their rights. We are here to

ensure that the potential of every people, everywhere, fully blossoms into flowers of hope. It

is our sacred duty, as a generation, to take actions that offer hope to next generations.



          It is therefore befitting, that this year, we meet to think about focusing on people. For

Africa, we should be focusing on investing in the people if the full potential of African people

is to be realised.



      Unfortunately, there are many outside the African continent who choose to focus on

its socio-political weak",cross_year_duplicate_review
UNGA72_General_Debate_2017_statements/UNGA72_General_Debate_2017/malaysia__my_en.pdf,2017,c042d6838bd07a4f2a78319b969ced2aff4c9f157d2154621bbf594bb8369d7b,2017|2018,,,"               MALAYSIA'S STATEMENT


      THE HONOURABLE DATO' SRI ANIFAH AMAN,

      MINISTER OF FOREIGN AFFAIRS OF MALAYSIA

             AT THE GENERAL DEBATE

                    OF THE
72**°SESSION OF THE UNITED NATIONS GENERAL ASSEMBLY
     2000 - 2030 HOURS, FRIDAY, 22 SEPTEMBER 2017,
        GENERAL ASSEMBLY HALL, NEW YORK
Mr. President, Excellencies, Ladles and Gentlemen,


I congratulate you on your appointment as the President of the

Seventy-Second  (72""'') Session of the United Nations General

Assembly (UNGA).


I am confident that under your able stewardship, the General

Assembly, as the main deliberative and policy-making organ of the

United Nations, will see substantial advancement in addressing the

many challenges our Organisation faces today.


I also congratulate His Excellency Mr. Antonio Guterres on his

appointment as the 9""' UN Secretary-General early this year. Your

endeavour to make the United Nations an effective, relevant and

august Organisation, I assure you, has Malaysia's fullest support

and cooperation.
",cross_year_duplicate_review
UNGA72_General_Debate_2017_statements/UNGA72_General_Debate_2017/mali__ml_fr.pdf,2017,e3d218c78d0cc065bfc82c692538db46a29736210af58c1255195296c80078cf,2017|2018,,,"      I)US ÿAIIIDÿS UÿIiÿS



   DEBAT Gÿ



                -- 00 --



ALLOCUTIOfl DE S.E.M. IBRAIIIM BOUBACAR I(EITA,
    President de la Republique, Chef de I'Etat





                      NEWYORÿ 19 SEFTEMBR£ 2017
Monsieur le Prdsident de I'Assemblÿe gdndrale ;

Majestds ;

Mesdames, Messieurs les Chefs d'Etat et de Gouvernement ;

Monsieur le Secrdtaire gdndral ;

Mesdames, Messieurs ;

Permettez-moi, tout d'abord, de vous adresser les chaleureuses f61icitations de
la dÿlegation du Mali pour votre brillante ÿlection en qualite de President de la
72eme session ordinaire de I'Assembl6e g6n6rale des Nations Unies et saluer le
travail remarquable abattu par votre prÿd6cesseur, I'Ambassadeur Peter
Thomson.

Qu'il me soit ÿgalement permis de rendre un vibrant hommage au Secrÿtaire
general de notre Organisation commune, mon cher ami Antbnio GUTERRES,
pour son leadership, sa vision et son engagement en faveur des valeurs,
principes et buts des Nations Unies.

Monsieur le Prdsident ;

Le Mali se rejouit du choix du thÿme de la pr6sente session, intitulÿ <, Priorit#
I'ÿtre humain : paix et vie dÿcente pour tous sur une planÿte prÿservÿe ÿ>.
Ce theme est, & la fois, pertinent et d'une actualitÿ brOlante, dans un monde
confrontÿ aux d6fis multiples poses & la paix, & la securite et aux efforts si
importants visant I'amÿlioration des conditions de vie de nos populations. En
effet, la plus haute prioritÿ actuelle de nos efforts communs ne vise-t-elle pas
la preservation efficace de notre planÿte, bien sOr dans notre interet bien
compris, mais plus urgent encore, dans I'intÿr6t de nos futures gÿnÿrations.

Face & ces multiples ddfis qui n'ÿpargnent pas mon pays, le Mali, je n'ai",cross_year_duplicate_review
UNGA72_General_Debate_2017_statements/UNGA72_General_Debate_2017/malta__mt_en.pdf,2017,03f4101e616c7bd416207a9f64c74bb53684683c639d6cebf5eb3a6510ba8761,2017|2018,2017,72,"             REPUBLIC OF MALTA


PERMANENT MISSION

     OF THE

REPUBLIC OF MALTA                          Statement by

     TO THE

 UNITED NATIONS

                                  the Honourable Dr. Joseph Muscat

                             Prime Minister of the Republic of Malta





                                        72nd Session of the
                                   United Nations General Assembly




                                           United Nations

                                New York


                                       22nd September 2017

     249 East 35th Street
    New York, N.Y. 10016

     Phone: (212) 725-2345
     Fax: (212) 779-7097
     Emaih malta-un.newyork@gov.mt

                                                               (Check against delivery)
Mr President,


There can be no peace while poverty, especially extreme poverty, still exists.


Peace is not just the absence of war or conflict. It is rather, managing and addressing climate
change, migration, and food and water insecurity.


The UN instrument that weaves the sustainment of peace together with the universal challenges
is Agenda 2030.


On these lines, the Maltese Presidency of the Council of the European Union worked arduously
and successfully with other European Union Member States towards a new European Consensus
on Development, that encompasses the Global Development Agenda through a resolute plan of
action to eradicate poverty.


Never has it been more urgent to preserve humanity's future. Agenda 2030 is the first marker
towards achieving our sustainable development goals. All segments of society need to be on

board for us to deliver such an onerous",cross_year_duplicate_review
UNGA72_General_Debate_2017_statements/UNGA72_General_Debate_2017/marshall-islands__mh_en.pdf,2017,7a0110fd1edbd8ae991c467d9f2ec798b3e5a376f9f7f138359a80e0d2b07e72,2017|2018,,,"     PERMANENT MISSION OF THE  EPUBLIC OF THE MARSHALL ISLANDS
                    TO THE JNiTED NATIONS
                                ew :York


                  72ÿa United Nations Ge eral!Assembly - General Debate
                                  Hon, Mr. ÿolm Silk
                            Minister of   reign Affairs & Trade
                             Republic ol the Marshall Islands
                                  23 S ptember 2017
                                   United ]ÿ ations New York


                                                                                       check against delivery

Mr. President, Mr. Secretary-General, Excelle: cies,i Ladies & Gentlemen,

I have the honor to convey the warm greeting of¥okwe on behalf 0fthe government and people of the
Republic of the Marshall Islands.


Mr. President,

I congratulate you on your election, and I  n proud that your predecessor from the Pacific, Peter
Thomson, will continue his service to the UN  s the oceans envoy.

I also extend the condolences of nay govemm mt for the destruction and tragic loss from recent natural
disasters in Mexico, the United States, Pmtigu & Barbuda, Cuba, Haiti, the Bahamas, Dominica, Haiti,
the territories of the US and British Virgin I .andgl Puerto Rico, St. Barth, Amguilla, Turks & Caicos,
and other islands.

Mÿ: President,

The United Nations stands strong as the onl"" place that we - all of us in the world, have to meet our
starkest challenges together. Even if preseni moments in the world appear uncertain, all must remain
confident and committed to ensure this body  ¢ill speak for those who might not otherwise have such a

voice.


Mr, President,

Recent eve",cross_year_duplicate_review
UNGA72_General_Debate_2017_statements/UNGA72_General_Debate_2017/mauritania__mr_ar.pdf,2017,9bccfa17f2d07b3eb65701835c4a92a3c86123e4378d7bcaea7a73e814866c49,2017|2018,,,"               wt~Jlt

           ~ mt~,                              .;.v2Jt




         ~~~t        it>J4;'t-lt~)  1IIIldIIl~

          ~t



                If~~

                                     ~lu        ~~,..lt           ~,~t J ~~t"",,...tJjJ,
             ~t~t~t


                                                                  f,L..t

                                                ~tltt                           14Ldt                                                   _,.,..........





--.--             _.._.~-_._----~---_......                               ---------_._-------
                      Permanent Mission ofthe Islamic Republic ofMauritania to the United Nations
                           820 East Second Avenue Suite 17 A New York NY 10017
                                                                                      ~                   E-mail: mauritaniamissionrggmail.com e Tel: 212-252-0113                                                                            Fax: 212-252-0175
'~j~\                          ,~..,.J\ ~~ r~i         i.Aj         yLb:.;.                       1.)1 u1~~
'¥~j..,.J\ ~~)'I ~.)~\                                     ,~j.J\ ~   .llJ ~ ~\                              i.A.J
     .~~\ ~YJ ~W\ ~A?n ~\J ~ill\ ~.JJ~\ ~tbJ\ ~~





                                       ut~) lA$.~~ lA ~ u~j'J ~ ~ ~~\ ~ ue YJC1
            .~W\ ~A'"" ~U\ ojJ.ill ~Wj J~ ~~ ~~ ~





                                        1
",cross_year_duplicate_review
UNGA72_General_Debate_2017_statements/UNGA72_General_Debate_2017/mauritius__mu_en.pdf,2017,0d7a255903585570a470be8158099f865f23d6d3b06c25675ee72f9e7b3529b8,2017|2018,2017|2017,,"                                                                                Final





                                                                      vSOIC/
                                         StlVlSQoEMiSri

United Nations General Assembly
         New York

     19 - 25 September 2017





           ********************


          Intervention

 By Hon Pravind Kumar Jugnauth

         Prime Minister



             ****************





  Thursday 21 September 2017
Mr. President,
Secretary-General of the United Nations,
Excellencies,
Distinguished Delegates,

Let me begin by expressing my deepest sympathy and solidarity with the people and

govemment of Mexico following the devastating earthquake which has taken the lives of

hundreds of men, women and children.

Mr. President,
 It is a great honour for meto addressthe United Nations General Assembly for the first
time as the Prime Minister of Mauritius.  I am here today to reaffirm my country's
continued commitment to the universal values ofthisorganization.


Mr. President,

Congratulations on your election as the President ofthe seventy second session of the
General Assembly.  I assure you of our total support as you steer the work of this

assembly.

The six priorities that you have identified under the theme offocusing on people echo

our own aspirations as a nation.

Mr. President,

Warm congratulations to H.E. Mr. Antonio Guterres, on his appointment as the new UN

Secretary-General. I commend him for the multidimensional vision he has for the UN
and for the process he has  initiated on the  repositioning of the  United  Nations

Development System to effectively and efficiently deliver on the 2",cross_year_duplicate_review
UNGA72_General_Debate_2017_statements/UNGA72_General_Debate_2017/mexico__mx_es.pdf,2017,2a9fff10a4ae09096e9a0ca7f376cba5eeac8657c42fcbc77b5158df5acf700a,2017|2018,,,"                                                                                    -             I//,





                     Mision Permanente de Mexico
                       ANTE NACIONES UNIDAS


Intervencion del Secretario de Reiaciones Exteriores
                  de Mexico,

                Dr. Luis Videgaray Case



Debate General del Septuageslmo Segundo Periodo
de Sesiones de la Asamblea General de las Naciones
                    Unidas


                                              Nueva York, 21 de septiembre de 2017
                                                                 Cotejar contra lectura
Sehor Presidente,
Excelencias,
Distinguidos Delegados.
Sehoras y sehores.

•  Hoy me presento ante esta Asamblea en un momento duro y doloroso para  Ids
   mexicanos.

•   Nuestra nacion esta herida per Ids embates de la naturaleza. En las ultimas semanas,
   junto con nuestras hermanas naciones del Caribe y los estados de Florida y Texas en
   Estados  Unidos, hemos  sufrido desastres  naturales de gran magnitud que ban
   provocado sufrimiento, destruccion y muerte.

•  Lo mas grave ban sido dos terremotos consecutivos en tan solo 12 dias que ban puesto
    a prueba no solamente nuestra preparacion e  infraestructura, sino nuestra misma
   bumanidad.  El primer terremoto provoco un centenar de muertos y dejo 300  mil
   damnificados. El segundo, ocurrido bace 48 boras, ba causado basta ahora 251 victimas
   mortales, numerosos derrumbes de casas, escuelas, puentes, y miles de beridos en la
   Ciudad de Mexico y otras poblaciones del centro de la Republica.

•  Ante el desastre natural, Senor Presidente, boy me siento mas orgulloso que nunca de
   ser mex",cross_year_duplicate_review
UNGA72_General_Debate_2017_statements/UNGA72_General_Debate_2017/micronesia-federated-states__fm_en.pdf,2017,9eec659c336ada5af751656d69de6cbff7fe6845e05ae5359d341b2c11b736df,2017|2018,2017,,"                  Permanent Mission of the Federated States of Micronesia to the UN

                 300 East 42 Street, Suite 1600        Telephone: (212)697-8370
             New York, N.Y. 10017             Facsimile: (212) 697-8295

                     e-mail: fsmun@fsmgov.org            http ://www. fsmgov, org/




Address by Vice President Yosiwo George

before the United Nations General Assembly at its seventy-second session

New York, 23 September 2017                   Check aÿainst delivery




Mr. President,
Mr. Secretary-General,
Excellencies,
Distinguished guests,
Ladies and Gentlemen,


Let me at the outset congratulate you, Mr. President, on assuming your role as presiding officer over
this august body. I also congratulate your predecessor, Ambassador Peter Thomson of Fiji for a job
well done for the past year. I must also mention our distinguished Secretary-General Mr. Antonio
Guterres. In the few months since attaining the leadership of our Organization, he has already shown
himself to be more than equal to the tremendous tasks associated with his high office.


As we gather here today in this great Hall of the United Nations, natural disasters and calamities are
striking in many parts of our world. Hurricanes, typhoons and earthquakes have devastated
communities and displaced thousands of people in just these past few days. To the victims and
families around the world, I offer our sympathies and condolences on behalf of the people and the
Government of the Federated States of Micronesia.


We condemn the loss of innocent lives to terrorist attacks. Micronesia pledges its resolve to stand
united against terrorism in solidarity with affected nations. On",cross_year_duplicate_review
UNGA72_General_Debate_2017_statements/UNGA72_General_Debate_2017/monaco__mc_fr.pdf,2017,40b85bdab96785dd78b4d6450bc5775f6d648418a4f2414e415082c4015c841d,2017|2018,2017,,"PRINCIPAUTE DE MONACO





    ALLOCUTION DE SON ALTESSE SERENISSiME LE PRINCE ALBERT ÿ-1 DE MONACO





       Ddbat gdndral de la 72e''e session de l'Assemblde gdndrale des Nations Unies


                     New York, 19 septembre 2017




                                      Seul le prononcd fait foi
 Monsieur le Prdsident de l'Assemblÿe gÿnÿrale,
 Monsieur le Secrÿtalre gÿnÿral,
 Mesdames et Messieurs les Chefs d'Etat et de Gouvememellt,
  Excellences,
 Mesdames et Messieurs,

      Je tiens en premier lieu ÿ vous dire, Monsieur le Prÿsidellt, combien je suis heureux de vous
  voir conduire les travaux de la 72ÿme session de l'Assemblÿe gÿnÿrale des Nations ullies. Nos vceux
 de succÿs vous accompagnent dans cette importante et dÿlicate charge au service de la Communautd
  internationale.

      Sachez que je garde un exce!lent souvenir de la visite officielle que j'ai effectuÿe en
 Slovaquie, en mai demier. A cette occasion]'ai pu apprÿcier votre action et collsolider les bolmes
 relations entre nos deux Etats.

      < La paix doit ÿtre notre -but et notre guide >> mais << sans un environnement sain llous ne
 pouvons mettre fmÿ la pauvretÿ et construire la prospÿritÿ >>.

     Ce sont vos propres roots Monsieur le Secrÿtaire Gÿnÿral, et l'actualitÿ leur donne line
 rÿsonance particuliÿre.

      Force est de constater que la menace d'une escalade nuclÿaire en Asie ll'a jamais ÿtÿ aussi
 grande et cette perspective ne peut laisser aucun dirigeant indiff&ent.

     Conformÿment ÿ ses obligations, Monaco se soumet aux rÿsolutions du C0nseil de sÿcuritd
 adoptÿes sous le Chapitre VII de la Charte.

      Respecter les engagements qui sont ceux de chaqÿe Etat membre e",cross_year_duplicate_review
UNGA72_General_Debate_2017_statements/UNGA72_General_Debate_2017/mongolia__mn_en.pdf,2017,407454bd752f24be38074960c3cb54ebfc4a0ad85f5218b6c4e2e5e9c7b7b8a8,2017|2018,,,"

",cross_year_duplicate_review
UNGA72_General_Debate_2017_statements/UNGA72_General_Debate_2017/montenegro__me_en.pdf,2017,af775dcc18829177dff7a372b5311f01714874c4865409fa3e90363fee29a832,2017|2018,2017,72|72,"                           Address by HE Mr. Filip Vujanoviÿ
                    at the 72nd Session of the United Nations General Assembly
                     New York City, 20 September 2017


Dear President,
Distinguished Secretary-General,
Excellencies,
Ladies and gentlemen,

It is my pleasure to address you at the 72nd Session of the General Assembly and
reiterate a strong commitment of Montenegro to the values of the United Nations.


As one of the newest members of the United Nations, Montenegro actively contributes to
maintaining peace and security in the region. Good neighbourly relations and regional
cooperation in the Balkans are on the top our foreign policy agenda. We are strongly
committed to multilateral cooperation and affirmation of the international organizations
that contribute to the peace and stability. It is of great importance for Montenegro that it
became the 29th member of the North Atlantic Alliance.


As a member of the Alliance, we will continue to improve its cooperation and
partnership with the UN peace-keeping missions and regional organizations dedicated to
establishing and maintaining the peace and stability. At the same time, Montenegro has
proved to be a reliable partner of the European Union. Accession negotiations have
already ensured significant economic benefits.


International community is faced with the complex challenges such as long-term
conflicts, terrorism and violent extremism, refugee crises, systematic violation of human
rights, poverty. The United Nations, which are established to prevent war and human
suffering, should make more rapid adjustments to respond to these challenges and
adopt new mechanisms to prevent conflict",cross_year_duplicate_review
UNGA72_General_Debate_2017_statements/UNGA72_General_Debate_2017/morocco__ma_ar.pdf,2017,d7fb7548d593371df7467948aca59c83d9962ebcb5983848179fe48b19511de2,2017|2018,,,"             OjUaJlj ^jl;Jl Ojij-iJl ji^





5A?SiJl     ^UJl ^*4^ j5)U-Jtj LiUll


       2017    20
                                                    cO^A^i

                                                                      i^\jd\
                                           JAAdJij M^l^iltj        <^lX(^i
                                                 SjUdullj ^^^ilAAll
                                                                                        r'^ \\ i        r**«^ Vji .rtt r^rtj

    AjuaU^ ^£jLaJi3l      ^jaLoll A£1aa11 jaj ^mXj ^£13^1
^la (^jlll JJaaII (J^xib     Lo^  AIjilli A<0^ »nli 6^)   ^    cdjj^t
     .AiaiUj 6jSa 4lji    yic.     ^Rotor THOMSON <a^\ c^^iLa aj

C-^^1 <^1                         U^Vi       Hoc.J JJLaij
^jlxtiiia^lj 4jmlj>iill CjVI^^I      l^loc. ClU] djjjajj SJIsLLaII       AaIsIa
J|jj*j ^1JJ Ij^ >11 l^lLujajV      La^j                   (JjaLoil      A^Xoli A-llftVlj
                          .1^1^ ^   l(;jlr> (j^jaMololl           ^>^1

l^A.jiiai        (jj^)Jall ^JajlaJ          A^IaaII S^Luia (jc. AS       La£
(3,^>lallj            (JabJ A^la^l A-LluIa^^^Ij AiaLui^1 CA^I  (Jj*i3 U^J?'    <
Ajjla^A        (JjinTlj i^^ijluiAll AjaHII         cAjUjj               j  tAjALull
                                               .vUJ^l
                                                                                            ilUdull
(^^jjjuaAll  \il<<ir..  ^jjdLutl          ^1     ULila^LaA              IjaIIc- ^mi* i
^Lua^Luall            tA^ljJxuAll  AjaJjII  (jaaaj      AIIaIaII Aa!.^!^
AilU Aj^ cs^         (3''0                            (j:JJ l>®J .(jALuiajllj (jjlsull
                                              ;A^Vl

  ",cross_year_duplicate_review
UNGA72_General_Debate_2017_statements/UNGA72_General_Debate_2017/mozambique__mz_en.pdf,2017,240fa3594803d9a9992f3d1ea37c1b536992a19156990c801f4e92da850ab7d7,2017|2018,2017,72|72|72,"                                    Check against delivecv





                  Statement

                 by

       His Excellency Ant6nio Gumende

Permanent Representative of Mozambique to the

               United Nations



           at the Genera! Debate of the

   72nd Session of the United Nations General

                Assembly



           On the theme


            ""Focusing on People:
     Striding forpeace and decent bye for all
          on a sustainable planet""





             New YoJ:k, 25 September 2017
Mr. President
Mr. Secretary-General
Excellencies
Ladies and Gentlemen

I have the honour to address the 72nd session of the United Nations General Assembly, on behalf
of His Excellency Filipe Jacinto Nyusi, President of the Republic of Mozambique, who could not
attend this august gathering due to other commitments at home. Therefore, allow me to start by
conveying President's Nyusi good wishes for a successful session of this highest forum for global
political and diplomatic dialogue - the United Nations General Assembly.

I would like to seize this opportunity to join the speakers before me, in congratulating His
Excellency Miroslav Lajcfik, for his unanimous election to preside over the 72nd session of the
United Nations General Assembly.

I assure you, Mr. President, the full commitment of Mozambique to contribute towards the
realization of the goals we all envisage for this important session. We trust that your crafted
leadership and diplomatic experience will add value to our endeavours and contribute for the
success of the work of this session.

I equally congratulate your predecessor, His Excellency Peter Thomson, of Fij i, for his steward",cross_year_duplicate_review
UNGA72_General_Debate_2017_statements/UNGA72_General_Debate_2017/myanmar__mm_en.pdf,2017,2aa192187cd141ed695f226601c233b5cacead2f59e34caa58d58ab81bcac39b,2017|2018,2017|2017,,"             R




                                                                                                                                                                                                                                                                                                                                                          I
                                                                                                                                                                                                                                                                                                          i
                                           Please check against delivery



                   Statement by



          His Excellency U Henry Van Thio,



                  Vice-President of



        the Republic of the Union of Myanmar,



                 at the General Debate of



the 72na Session of the United Nations General Assembly





            New York, 20 September 2017





  PERMANENT MÿSSION OF THE REPUBLIC OF THE UNÿ[ON OF MYANMAR TO THE UNtTED NAT1ONS
       10 EAST 77TH STREET, NEW YORK, N?S. 10075 ÷ TEL, (212) 744J 271 e FAN (2!2) 744-1290
       Statement by His Excellency U Henry Van Thio, Vice-President of
         the Republic of the Union of Myanmar, at the General Debate of
             the 72na Session of the United Nations General Assembly
                     (New York, 20 September 2017)





Mr President,

          I would like to extend our congratulations to you on your election as President
of the 72na Session of the United Nations General Assembly. We are confident that

under ",cross_year_duplicate_review
UNGA72_General_Debate_2017_statements/UNGA72_General_Debate_2017/namibia__na_en.pdf,2017,b0f53eaa450465997ca4b36afb18fe914bf9add22a60f9dad9075b3df7cd43be,2017|2018,,72,"........... RE PUBLIC OF-NAMIBIA ÿ  .............





       STATEMENT BY H.E. DR. HAGE G. GEINGOB,
    PRESIDENT OF THE REPUBLIC OF NAMIBIA AT THE
     GENERAL DEBATE OF THE 72na SESSION OF THE
         UNITED NATIONS GENERAL ASSEMBLY



    SEPTEMBER 20, 2017            NEW YORK


                                             (Check Against Delivery)
Mr. MiroslavLajÿfik, President of the 72rid Session of the UNGenera|  ......... ÿ  ...................
Assembly,

Your Excellencies, Heads of State and Government,

Mr. Ant6nio Guterres, Secretary-General of the United Nations,
Fellow Delegates, Ladies and Gentlemen

Mr. President, yesterday you made a profound statement in saying,
""The UN was created for people. Its job is to help people who are striving for peace
and a decent life, on a sustainable planet"".


Namibia congratulates you on your election as President of the 72nd Session of
this Assembly. We pledge our full support to advancing a people-centered
approach to doing business in the United Nations. We also commend His

Excellency Peter Thomson, for his excellent stewardship during his tenure as
President of the General Assembly.


Your Excellency Secretary General, Yesterday, you stressed your commitment
towards global unity and multilateralism by saying, ""We call ourselves the

international community. We must act as one, because only together, as United
Nations, can we fulfill the promise of the Charter and advance human dignity for
all"". As the people of Namibia, we will do everything within our capabilities to

support your noble cause during your tenure as Secretary General of this
organization.

We also congratulate Madam Amina Mohamed, a daughter of Africa",cross_year_duplicate_review
UNGA72_General_Debate_2017_statements/UNGA72_General_Debate_2017/nauru__nr_en.pdf,2017,f006741f120d2eaff2dc5112377db8b8a564af1dcb37024b1b53f1b22095537f,2017|2018,2017,,"   Statement by His Excellency President Baron Divavesi Waqa
            72nd United Nations General Assembly
              Wednesday 20th September 2017


Thank you, Mr. President,

It is an honor to be here for the opening of 72na session of the
United Nations General Assembly. On behalf of the Republic of
Nauru, I would like to congratulate His Excellency Foreign
Minister Miroslav Laj(fik his recent assumption of the Presidency
of the General Assembly. Please be assured of my delegation's full
support and cooperation as you steer the work of this august body
during this critical session.

I would also like to thank His Excellency Mr. Peter Thompson for
his exceptional work as our outgoing President.

At this juncture, I would like to take this opportunity to express our
deepest sorrows and condolences to our brothers and sisters who
have suffered so much by the series of hurricanes, in the Caribbean
and the United States, and to our brothers and sisters in Mexico for
the devastating earthquakes. Your suffering and grief is shared by
us all and we pray that God will be your strength and great
provider during your recovery efforts.
 Mr. President,

The Government of Nauru shares your view that the full
 implementation of the Sustainable Development Goals must be at
the center of our work in the coming year. The 2030 Agenda is a
 universal agreement, representing our collective priorities, from
the largest to the smallest nations among us. Bringing that same
approach to our implementation effort is the only way to ensure
 that no country is left behind.

You will recall the five words that guided our work on the SDGs:
People, Planet, Prosperity, Peace, and Partnership, wh",cross_year_duplicate_review
UNGA72_General_Debate_2017_statements/UNGA72_General_Debate_2017/nepal__np_en.pdf,2017,e7490d5580fd3116b652055caf88289ca4a88f3c44de5e05394977f3f1c24c0c,2017|2018,2017,72,"Statement by The Right Honorable Sher Bahadur Deuba, Prime Minister and the Leader of Nepali
             Delegation to the 72nd Session of United Nations General Assembly

                      New York, 23 September 2017


Mr. President,

I bring warm greetings from the people and Government of Nepal, the land of Lord Buddha and
Mount Everest, to the delegates and best wishes for the success of this session.

I congratulate you, Mr. President, on your election to the presidency of the seventy-second session
of the UN General  Assembly.   I pledge  full  support  in the  discharge  of your important
responsibilities.

I also wish to place on record our appreciation to your predecessor, Ambassador Peter Thompson
of Fiji, for his sterling leadership.

I warmly congratulate His Excellency Antonio Guterres, on his appointment as the Secretary
General of the United Nations. With his experience, vision and versatility across a wide range of
areas, we are assured of his wise leadership of the organization in this challenging time. We extend
best wishes and full support to him, including on his reform efforts to make our organization fit-for-
purpose.

I also commend his predecessor Ban-ki Moon for his dynamic leadership of the organization.

Mr. President,

It has been almost two decades since I first addressed from this podium.

In decades that followed, the world has witnessed profound transformation. While there are some
notable achievements in poverty reduction, school enrollment, gender equality and combatting
communicable diseases, it is not without multiple and complex challenges.

The world has become more inter-dependent, and better connected. Growing interdependence
a",cross_year_duplicate_review
UNGA72_General_Debate_2017_statements/UNGA72_General_Debate_2017/netherlands__nl_en.pdf,2017,a52dfa96e5e6d505570e90cbeda9cca88514ce889d9b21c5526d849150f2be63,2017|2018,2017,,"                                                       /





                                                 [under embargo until delivery,

                                            check against delivery]





              General Assembly

           Seventy- second session





Speech by the Prime Minister of the Netherlands,

         His Excellency Mr. Mark Rutte .

  on behalf of the Kingdom of the Netherlands





       New York, 20 September 2017
Mr President,

Mr Secretary-General,

Your Excellencies,

fellow delegates,

ladies and gentlemen,




Every era, every decade has its problems, great and small. The problems we face now seem

overwhelming. These days, many people worry about the future. And that's understandable.

The last few years have been marked by terrorist attacks all over the world. In countries like

Myanmar, Syria, the Central African Republic and Yemen, the population is suffering as a

result of wars and conflicts. More and more people are fleeing their homes because of      --

violence, scarcity or poverty, leaving behind everything they have. Only recently, floods

claimed lives in the United States and Asia, and hurricane Irma has left a trail of destruction

in its wake, including in the Caribbean part of the Kingdom of the Netherlands. Nuclear

issues are once again a major concern, and geopolitical tensions are increasing. That is the

picture today. But if you take a long-term perspective - and as a historian, I like to do that -

there are grounds for optimism.


This Building here in New York- UNHQ -is concrete proof that progress is possible. Here in

this inviolable international zone, thousands of people from every continen",cross_year_duplicate_review
UNGA72_General_Debate_2017_statements/UNGA72_General_Debate_2017/new-zealand__nz_en.pdf,2017,b00a8f3f4a6e7cfdffcdf7844d5c57efbfcb522cfd4b9c3162c87a8c5dc6a245,2017|2018,2017,,"                         UNCLASSIFIED





UNGA 72: New Zealand National Statement



                    Delivered by Craig Hawke,
  Permanent Representative of New Zealand to the United Nations



                   25 September 2017





                         UNCLASSIFIED
                              UNCLASSIFIED



                                     Page 1 of 7

UNGA 72: New Zealand National Statement

Mr President,

There is no greater demonstration of the United Nations’s ability to bring the world

together than the opening on the General Assembly.


The breadth of issues which are discussed in this Hall is immense. Often there are

as many points of view as there are Member States.  But ultimately we as an

Organization share the common goal of making the world more peaceful, and

improving the lives of all of our peoples.


New Zealand is around a thousand kilometres away from our nearest neighbour in

the Pacific, but our international connections are an intrinsic part of our identity and

the foundation of our prosperity. We are an outward looking nation that relies on

global stability for our trade and the safety of our people.


As a founding member of the United Nations, New Zealand has always supported the

UN’s  leading  role  in a  multilateral system which  fosters  positive  international

relations.


Given significant ongoing challenges to international peace and security, the UN’s

role in preventing and resolving conflict is as relevant now as ever.


Amongst these challenges, North Korea presents some of the most pressing threats

to international security of our time.


The North Korean regime has consistently disregarded Security Council r",cross_year_duplicate_review
UNGA72_General_Debate_2017_statements/UNGA72_General_Debate_2017/nicaragua__ni_en.pdf,2017,b5b5bead6eaf21eb8cf0304e1b9fa9fa547513202ffe3090a38207fcae02cc8c,2017|2018,,,"

",cross_year_duplicate_review
UNGA72_General_Debate_2017_statements/UNGA72_General_Debate_2017/nicaragua__ni_es.pdf,2017,be831690e05c7d0a28f796c896278f68d1c22deb1014a933bd2b0c6cfe168585,2017|2018,,,"

",cross_year_duplicate_review
UNGA72_General_Debate_2017_statements/UNGA72_General_Debate_2017/niger__ne_fr.pdf,2017,128c73d373ff19aa0bf305f1909c1ea36d2536b74b8ecea1b1e1eeed61c86752,2017|2018,,72|72,"                   MISSION PERMANENTE DU NIGER
                  AUPRES DES NATIONS UNIES
               417 EAST 50TH STREET, NEW YORK, NY 10022
                       Tél: (212)421-3260/61/86 Fax: (212)753-6931
                             Email: nigermission@ymail.com





        DISCOURS DE SEM IBRAHIM YACOUBOU,

MINISTRE DES AFFAIRES ETRANGERES, DE LA COOPERATION,

           DE L’INTEGRATION AFRICAINE

            ET DES NIGERIENS A L’EXTERIEUR

  A L’OCCASION DE LA 72ème SESSION DE L’ASSEMBLEE

           GENERALE DES NATIONS UNIES





               NEW YORK



                 23 SEPTEMBRE 2017





                                                               1 | P a g e
Mesdames, Messieurs les Chefs d’Etat et de Gouvernement,

Monsieur le Président,

Monsieur le Secrétaire Général,

Mesdames et Messieurs,

Permettez-moi avant tout propos d’adresser au Président de la 72ème session de l’Assemblée
Générale des Nations Unies, Monsieur MIROSLAV LAJCAK mes sincères félicitations, ainsi que
tous mes vœux de réussite.

Je voudrais aussi féliciter le nouveau Secrétaire Général de l’ONU, Monsieur ANTONIO
GUTERRES, et lui souhaiter plein succès dans sa mission. Le Niger l’assure de tout son soutien.

Monsieur le Président

La présente session se tient dans un contexte particulier marqué par la dégradation de la
situation sécuritaire pour certains d'entre nous et tout récemment par les destructions
occasionnées par les cyclones dans d'autres Etats membres.

A ces pays affectés, je voudrais réitérer ici notre solidarité et notre compassion. Pour ceux qui
auraient eu la faiblesse de l'oublier ou de le négliger, la nature nous a rappelé qu'elle pouvait
souvent être indomp",cross_year_duplicate_review
UNGA72_General_Debate_2017_statements/UNGA72_General_Debate_2017/nigeria__ng_en.pdf,2017,083fd55f5a889f26e9820e6e602bed95db91a83dabb589629a311fbc51917bd7,2017|2018,2017,,"                STATEMENT




                DELIVERED BY



      HIS EXCELLENCY MUHAMMADU BUHARI,

 PRESIDENT OF THE FEDERAL REPUBLIC OF NIGERIA



                 AT



     THE GENERAL DEBATE OF THE 72No SESSION OF

 UNITED NATIONS GENERAL ASSEMBLY, IN NEW YORK,


                ON



           TUESDAY, 19 SEPTEMBER 2017





Sfafemenf by Presidenf Muhammadu Buhari af fhe General Debafe oF fhe 72na Session oF

                Unifed Nafions General Assembly, 19th Sepfember 2017.
 >Mr. President,


   Fellow Heads of State and Government,


 >Mr. Secretary-General,


 >Distinguished Delegates,


   Ladies and Gentlemen,





Statement by President Muhammadu Buhari at the General Debate of the 72ÿd Session

               of United Nations General Assembly, 19ÿh September 2017.
",cross_year_duplicate_review
UNGA72_General_Debate_2017_statements/UNGA72_General_Debate_2017/norway__no_en.pdf,2017,a4a95c954150c96aebb92e401612068235ed0650afef1560fcc212a0e26f6106,2017|2018,2017,,"                   6enerai Assembly
                     Seuentg-second session

                       25 September 2017

                     6eneral Debate

                   Statement by H.E. Tore Hattrem
            Ambassador and Permanent Representatiue




President, Excellencies, ladies and gentlemen,



The world has experienced unprecedented progress during the last decades. Extreme

poverty has been more than halved. People live longer, child mortality rates are falling, and

more girls attend school than ever before. Global political cooperation, trade, and common

'rules of the road' have brought us to where we are today.



That said, the progress we have made cannot be taken for granted. We must defend what

we have achieved while working together to ensure sustainability in all we do.



I would like to highlight four crucial building blocks for a sustainable future:

    1) Our core interests are common, and we can achieve more when we act together.


   2) There can be no security without development, and no development without security.

     The first universal roadmap for development, the 2030 Agenda for Sustainable

      Development, is premised on this holistic perspective

                         (Check against delivery)


            Permanent Mission of Norway to the United Nations, 825 Third Avenue, New York, NY 1oo22.
                         Phone: (212) 421-o828 Fax: (212) 688-0554 www.norway-un.org
3) Our security and welfare depend on our ability to uphold international law. Good global

and national governance and the rule of law are decisive for sustainable development.



4) Protectionism and isolationism will reverse our common deve",cross_year_duplicate_review
UNGA72_General_Debate_2017_statements/UNGA72_General_Debate_2017/oman__om_ar.pdf,2017,fb1ed0b809afd076fdd0c985dc73d1cb45718dc90ddf777eb2696c5d5bd55be5,2017|2018,,,"SidMtuite 0^ OfHOft                             l)


             A^

                         (^La& A'^lUti




                                                                \ 3 \i\\

                  C^ ^1jlc. ^  i-iuijj

          4^jlaJl 0J>ui21 Cf"" Jj>-^1

          ^liui i^jjj ^  s.wirtM      ^ixlt Ajxa^i ^LaI





                            o  V      Yr





                   Permanent Mission ofthe Sultanate ofOman to the United Nations
 3 Dag Hammarskjold Plaza 305East 47''Slivci, if Floor. New York, NY 10017 Tel: (212) 355-3505 Fax: (212) 644-0070
                                ^                      ^  UI UuLj

4Jj    CP^3 tSiWirt^i       4^1x11 Aj3L4x11 (^jjsujjAS^j A^l^l SjjiU Lumj ^^jlxiuV t^l^Jill

diA  jLaC-i                  J^Vl       I4J cxA^                J-a*ii Jl^-a ^       0^

aASj^I    ^:Ui^ 6-  ((^j^3AjuL4,32a jj^         t^SiluiJ              (2)^ Ujaau LaS ,Sjj.^t

^yabU ^Ui) AjX-AXhU (^)J3UAJuilj AjJI^I 5JJ.^ A^AdtfUj SJjd fLui JJ^iX (3^ 4j^ La ^^IC' JjiBiUlj

                                                                                                 .3.1x14])

Lalfi' lliai AjIxHjV           j^jlaj) (^Lla ^j Aiigl)) Cj)jl^        ^jSlu (j) b] uulsj La^

Ajlalui J)J*luij AJ         cA^LmJI Adftl^ ^ ^L^ij ^j^j!l]) (JS AJ         (dixlo])

(3^V) iaix )^ Uil^rt    Ai^i dbUi) (JjIxj] fLua&V) Jj^i jjLui      Ajla (2jjbl]) (^LtL




                                                                      iOi^j])

A^Loaji]) uullb Ajjaj^I (2)bjV       bijl£j bjLuaxj l^l^j CjjitJj) tijLyill cltjLiax])  (2)!

            4^_^,Ak])j ^jJLo]) JJl^ij (jSjUjIIj (^jjLui] ^Jl^ij ^)    A£>ja:^ Ci^j\ ^)
",cross_year_duplicate_review
UNGA72_General_Debate_2017_statements/UNGA72_General_Debate_2017/oman__om_en.pdf,2017,76c00a51f19880a739ab7c116ce061ae1f90a3e79763c3a136e3a0a9c09e3ff0,2017|2018,,72,"               STATEMENT

                   OF

          THE SULTANATE OF OMAN

              DELEVERED BY



     H.E.MR. YOUSEF BIN ALAWI BIN ABDULLAH

   MINISTER RESPONSIBLE FOR FOREIGN AFFAIRS



                  AT THE

     GENERAL DEBATE OF THE 72^"" SESSION

   OF THE UNITED NATIONS GENERAL ASSEMBLY


       NEW YORK, 23*^ SEPTEMBER2017





   PLEASE CHECK AGAINST DELEVERY           UNOFFICIAL TRANSLATION




                  Permanent Mission ofthe Sultanate ofOman to the United Nations
3 Dag llammarskjdtd Plaza 305 East 4T''Street, iT Floor. New York. NY10011 Tel: (212)355-3505 fax: (212)644-0070
Mr. President,

We would  like  at the outset to congratulate you and your
friendly  country, the Slovak  Republic, on  your  election  as
                           nH
President of the 72  Session of the United Nations' General
Assembly.

We are confident that your vast experience and competence
will enable you to steer the work of this session to a successful
conclusion.

We are also delighted to express our appreciation to your
predecessor Peter Thompson of the Republic of  Fiji for the
commendable efforts he has exerted during his presidency of
the 71^* session ofthe United Nations General Assembly.
It is also our pleasure to congratulate HE Antonio Guterres on
his election as Secretary General of the United Nations, wishing
him all success in his noble tasks. We would also like to assure
him of the Sultanate of Oman readiness to cooperate with him,
and with  all members of the United Nations, to achieve the
noble goals and objectives, at the forefront of which  is the
maintenance of international peace and security.



Mr. President

Earlier civilizations flou",cross_year_duplicate_review
UNGA72_General_Debate_2017_statements/UNGA72_General_Debate_2017/pakistan__pk_en.pdf,2017,5c03d8d40899b4ddda93ea0b275872aa49c97bb1d63193023c75e6547070cafd,2017|2018,2017,72|72,"               Statement by His Excellency Mr. Shahid Khaqan Abbasi,
   Prime Minister of the Islamic Republic of Pakistan, at the General Debate of the 72nd
                          Session of the UN General Assembly
                               21 September 2017

Mr. President,
Excellencies,
Distinguished delegates,
Ladies and Gentlemen

       Let me first congratulate Mr. Miroslav Lajcak on his election as the President of the 72nd
session of the General Assembly. I am confident that his long experience in public service and
international relations will be an asset in successfully guiding this august Assembly to address
the imposing challenges of security, development and governance that confront the world today.

Mr. President,

       For over 70 years – despite the Cold War, the nuclear arms race and scores of regional
conflicts – our world was able to avoid a global conflagration. This can be ascribed in large
measure to the adherence by most States to the prohibition of the use or threat of use of force
except under the authority of the UN Charter.

       Unfortunately, the principles of the UN Charter have been progressively eroded in the
new millennium. In recent years some countries have displayed a growing proclivity to resort to
unilateral force and intervention against other States. Coercion and threats have emerged again as
the main currency in the management of inter-state disputes and differences.

      Renewed East-West tensions may engulf Europe in another Cold War. Peace and
prosperity in Asia is threatened by emerging big power friction and rising tensions in South, East
and West Asia.

      The Middle East is wracked by war and violence – in S",cross_year_duplicate_review
UNGA72_General_Debate_2017_statements/UNGA72_General_Debate_2017/palau__pw_en.pdf,2017,57a4d170bbe1c0c8a8bb667a3ad6dc56fad35a8119ffc6585e35d6387f23b8b1,2017|2018,2017,72|72,"                               CHECK AGAINST DELIVERY





              Remarks by His Excellency Tommy E. Remengesau, Jr.
                           President of the Republic of Palau
       General Debate of the 72nd Session of the United Nations General Assembly
                          21 September 2017, New York

Mr. President, Mr. Secretary-General, Excellencies, Ladies and Gentlemen:

Let me first congratulate your Excellency, Miroslav Lajcak, for your election to lead our work in
the 72st session.  I would also like to thank His Excellency Peter Thompson for his exceptional
service during his recently completed term.

At the outset, the People of Palau extend our deepest condolences to those who have had their
lives devastated by the recent spate of hurricanes, typhoons, earthquakes and other natural
disasters across Asia and the Americas. We must not forget that many do not have the resources
necessary to rebuild.  The international community must work harder to ensure they are not
abandoned.

These record breaking storms are a harbinger of worse to come on a hotter planet. Palau and the
Pacific have experienced firsthand the impact of climate extremes.  For us, these super-storms
are akin to ticking time bombs. No one knows when or where the next one will detonate, but we
are keenly aware that it can wipe out years of progress in the span of hours.

Mr. President, your clear determination to focus future efforts on conflict prevention, peace,
migration and a decent life for all on a sustainable planet is certainly timely and well attuned to
the realities of our generation.  In fact, your attention to these very different, yet related issues,
demonstrates a cle",cross_year_duplicate_review
UNGA72_General_Debate_2017_statements/UNGA72_General_Debate_2017/palestine-state__ps_ar.pdf,2017,d55f57c4f9cbc64315bb8663c985e1d856c9afb9cc8fd34c6c8c32afc05db9f1,2017|2018,,,"

",cross_year_duplicate_review
UNGA72_General_Debate_2017_statements/UNGA72_General_Debate_2017/palestine-state__ps_en.pdf,2017,0d6a1e890975588edd1e08e8a88824e61404272fff654eeed7627005facb06f1,2017|2018,,,"

",cross_year_duplicate_review
UNGA72_General_Debate_2017_statements/UNGA72_General_Debate_2017/panama__pa_es.pdf,2017,46635ae0a676efa1192fd40e488150569c65ef7cb36c2415127ad8db1d970f15,2017|2018,,,"PALABRAS DEL  PRESIDENTE JUAN CARLOS
VARELA R. ANTE LA ASAMBLEA GENERAL DE
LAS NACIONES UNIDAS. NUEVA YORK, SALÓN DE
LA ASAMBLEA, 20 DE SEPTIEMBRE DE 2017.


Inicio  mis  palabras  extendiendo  mis  condolencias  y

solidaridad al pueblo y gobierno de México por las víctimas

del terremoto que ocurrió el día de ayer, de igual forma a los

de Cuba, Estados Unidos y los países del Caribe por las

muertes y los cuantiosos daños materiales que dejó el paso

de los huracanes Irma y Harvey y los que está causando el

Huracán  María  en  estos  momentos,  especialmente  a

Dominica, nuestras oraciones están con las víctimas y sus

familiares.





                                                                                               1
Estos desastres naturales nos dejan el claro mensaje de que

es necesario seguir construyendo puentes de solidaridad y

que las capacidades de protección y seguridad de nuestros

países deben ser utilizadas sólo para ayudarnos los unos a los

otros y no para enfrentarnos.


Señor Presidente, Miroslav Lajčák, quiero felicitarlo por

su elección para dirigir los debates de esta sesión de la

Asamblea General de las Naciones Unidas.


Extiendo un saludo al Señor Secretario General, António

Guterres, reciba mi compromiso como Presidente de  la

República de Panamá, el apoyo de mi gobierno y de mi país.


Desde esta tribuna, con respeto y cariño, envío un caluroso

saludo al Pueblo panameño que me dio la oportunidad de

servirle.



                                                                                               2
",cross_year_duplicate_review
UNGA72_General_Debate_2017_statements/UNGA72_General_Debate_2017/papua-new-guinea__pg_en.pdf,2017,1cce3644696230bc16378175831a62c076af7c60223d8ed8b7f7b228413935ab,2017|2018,2017,,"             Speech
                by

      Hon. Peter O’Neill CMG MP
           Prime Minister



Seventy-Second General Debate Session
of the United Nations General Assembly



         23 September 2017





                                                     (Page 1 of 6)
    •  Your Excellency Mr Miroslav Lajcak, President of the General Assembly;

    •  Mr Secretary-General of the United Nations;

    •  Excellences and distinguished delegates.

I am honoured, on behalf of the government and people of Papua New Guinea to
address the Assembly today.

Mr President,

I am pleased  to convey my country’s appreciation  to the outgoing General
Assembly President, His Excellency, Ambassador Peter Thomson of Fiji for his
outstanding Presidency this past year.

Now, as you assume your mandate, Mr President, Papua New Guinea welcomes
and congratulates you and the Republic of Slovakia on your election.

I pledge Papua New Guinea’s support for your Presidency under the areas of
priority you have chosen.

Mr President,

I would like to also welcome and extend our best wishes for every success to His
Excellency, Antonio Guterres, Secretary-General of the United Nations in his new,
demanding and vital role.

Secretary-General, it is heartening to note your passion and drive to transform the
UN.

This body must better serve the international community  in an accountable,
transparent, inclusive and fair manner.

For this, you have Papua New Guinea's strong support.

Let me also pay tribute to the former Secretary-General, Ban Ki-moon for the
outstanding work during his tenure.

Mr President,

Our world continues to be confronted by unprecedented and multiple challenges -
that ar",cross_year_duplicate_review
UNGA72_General_Debate_2017_statements/UNGA72_General_Debate_2017/paraguay__py_es.pdf,2017,c7fb07a8c5c66ea286ce652453965464063e9c8d87f18d0c6d06cec816625bf9,2017|2018,2017,,"    Intervención en nombre de la República del Paraguay

Debate General del Septuagésimo Segundo Período de Sesiones
       de la Asamblea General de las Naciones Unidas

 Excelentísimo Señor Presidente de la República del Paraguay

              Don Horacio Cartes

                Nueva York, 20 de septiembre de 2017

                                                                                             (Por favor verificar contra lectura)


       Statement on behalf of the Republic of Paraguay

   General Debate of the Seventy Second Period of Session
            of the United Nations General Assembly

 His Most Excellent, the President of the Republic of Paraguay

                Mr. Horacio Cartes

                 New York, 20 September 2017
                                                                                                        (Please check against delivery)
Señor Presidente,
En nombre del pueblo y del Gobierno del Paraguay, hago votos para que su digna presidencia de ésta
Asamblea General, contribuya al éxito de la misma y al cumplimiento de los fines de las Naciones Unidas.
Tras cumplir cuatro años al frente del Gobierno de la República del Paraguay, tengo el honor de participar de
ésta magna Asamblea, con el ánimo fortalecido de contribuir en la construcción de un orden mundial, regido
por los principios de la justicia, la paz y la solidaridad entre las naciones, en un marco de vigencia efectiva
de los derechos humanos, la institucionalidad y el Estado de Derecho.
Debemos persistir en nuestros esfuerzos por encontrar un razonable balance entre los intereses de todos los
Estados. Y construir un orden mundial democrático y equitativo, desarro",cross_year_duplicate_review
UNGA72_General_Debate_2017_statements/UNGA72_General_Debate_2017/peru__pe_es.pdf,2017,e948949c16266ba04647dd0e8b387118d22bd75825e546c3dbff46fb19f5fc80,2017|2018,,,"         Mÿ6n Pcÿanente dclPcrÿ
            ante las Nacioncs Unidas


                    (verificar con palabras del orador)

       PERUf



   intervenci6n deÿ Embajador Gustavo Meza-Cuadra,

Representante Permanente de la RepQblica dei PerQ, en

   em debate general dei 72° periodo de sesiones

   de Ra Asambÿea Generaÿ de mas Naciones Unidas





       Nueva York, 25 de septiembre de 2017
Sefior Presidente:

1. Es un honor dirigirme a esta Asamblea General, felicitarlo por
  su designaci6n, y expresarle nuestra disposici6n a contribuir
  con el exito de su gesti6n.

2. Deseo resaltar, en primer termino, el compromiso del PerQ con
   la Carta de las Naciones Unidas; con la paz y seguridad
  internacionales, el desarrollo sostenible y los derechos
  humanos; asi como con el Iogro de la paz sostenible. Para ello
  necesitamos fortalecer el multilateralismo, el dialogo y la
  cooperaci6n.

3. Para el PerQ, la Organizaci6n de las Naciones Unidas es
  fundamental para construir un futuro pacifico y sostenible,
  enfrentando desafios globales como el cambio climatico, el
   terrorismo o la gran corrupci6n, y fortaleciendo la gobernanza
  internacional con miras a alcanzar una globalizaci6n mas
  humana, abierta e inclusiva.

4. El PerQ se prepara para ser miembro no permanente del
  Consejo de Seguridad durante el bienio 2018-2019. Nuestra
  vocacion de paz y respeto por el derecho internacional, la
   eficiencia de la seguridad colectiva y el apego a la soluci6n
   pacifica de controversias, seran los principios rectores de
   nuestra acci6n.

5. Somos un pals en desarrollo que ha sufrido el terrorismo, y un
  firme defensor de los derechos humanos, y promotor de la
  de",cross_year_duplicate_review
UNGA72_General_Debate_2017_statements/UNGA72_General_Debate_2017/philippines__ph_en.pdf,2017,c733f3c574714c28b0dcccb043c7434a488cd6f9c7b3a50c0bd418d2acc41ea0,2017|2018,2017,,"                                                                  Check Against Delivery





                STATEMENT OF
       SECRETARY ALAN PETER S. CAYETANO
                    AT THE
         72ND SESSION OF THE GENERAL DEBATE
         OF THE UN GENERAL ASSEMBLY
                  23 September 2017


Blessed are the peacemakers for they shall be called children
of GOD. Matthew 5:9


Mr. President, Excellencies,

The path to peace must be walked with patience. To achieve any
purpose with others—be they powers or people, patience  is
needed. The opposite of patience is impatience—the cause and
aggravation of conflict.

Someone said that “Talk, talk is better than war, war.” Listening is
even better than talking. We must listen to others more than we
listen to ourselves. Hopefully we know what we are talking about.
But others may know what we do not. We can learn only  if we
stop talking, and listen.

We may think we know how others can do things better than
they’ve done  it. Maybe our way is more efficient. But the time
gained by that efficiency will be time lost convincing others that
our way is better, rather than a compromise between our way and
theirs.


Real change in the world order necessitates cooperation. Nothing
affecting  others  can  be  undertaken  without   their   willing
involvement, without getting their agreement on the purpose and
manner of it. Achieving a shared purpose beyond any single one’s
ability requires cooperation.


But how else can we get cooperation  if not with the patience to
explain why it is needed—and the equal patience to listen.


This is why we have the United Nations, the largest cooperative
endeavor in human history. We use the",cross_year_duplicate_review
UNGA72_General_Debate_2017_statements/UNGA72_General_Debate_2017/poland__pl_en.pdf,2017,41758b2d0182661aa2f74eb29e43e3592afae647cacf488b8e12c4f969541282,2017|2018,,72|72,"      REPUBLIC OF POLAND
       PERMANENT MISSION TO THE UNITED NATIONS



750 THIRD AVENUE, NEW YORK, NY 10017                  TEL. (212) 744-2506

                                          Cheek against deliverÿ





              STATEMENT BY


           H. Eo ANDRZEJ D UDA


   PRESIDENT OF THE REPUBLIC OF POLAND





    GENERAL DEBATE OF THE SEVENTY-SECOND SESSION
            OF THE GENERAL ASSEMBLY





         NEW YORK, 19TM SEPTEMBER 2017
                    Address by President of the Republic of Poland

                                   Mr. Andrzej Duda

              General debate, the 72nd session of the UN General Assembly




Excellencies,

Distinguished Delegates,

I wish to congratulate Mr. Miroslav Lajÿak, the Chairman of the 72nd Session of the UN General
Assembly, on his election to this honourable function. I wish to assure you, Sir, about my
country's full support for the measures you will take. At the same time, I wish to express my
gratitude to Mr. Peter Thomson for his active chairmanship over the 71st Session of the UN
General Assembly.

Ladies and Gentlemen!

The basic goals pursued by the international community, and by the same token, the
foundations of the United Nations system, are SUSTAINABLE DEVELOPMENT, ENSURING PEACE
AND SECURITY as well as PROTECTION OF HUMAN RIGHTS.

I was therefore truly satisfied to learn that the guiding motto of this year's session is the focus
on human needs. Too often in global politics have we devoted too much time and attention to
big models and economic or social systems, forgetting at the same time that politics and
economy are, as a matter of fact, human matters. The loss of human focus automatically
re",cross_year_duplicate_review
UNGA72_General_Debate_2017_statements/UNGA72_General_Debate_2017/portugal__pt_en.pdf,2017,a43e24ea975a8834c2e1c6aa6dfe6c46c44f63cd90efed04a466d6bd61bab79c,2017|2018,2017,72,"                                             [Check against delivery]





         Address by His Excellency

the Prime Minister of the Portuguese Republic

               Antbnio Costa



           72nd Session of the

      United Nations General Assembly


     New York, September 20, 2017





                                                                                                            !
                                                                                                   i

",cross_year_duplicate_review
UNGA72_General_Debate_2017_statements/UNGA72_General_Debate_2017/president-general-assembly-opening__pgaopening_en.pdf,2017,0e5eab111a0fc71d87bb0aa66ffb1e54c8276edc418f0ea45cc254ec000ca1a7,2017|2018,2017,72,"                       -Check against Delivery-




      U N I T E D N A T I O N S                  N A T I O N S U N I E S

    THE PRESIDENT OF THE UNITED NATIONS GENERAL ASSEMBLY

                     Opening of General Debate

                          19 September 2017



Heads of State and Government, Distinguished Ministers, Excellencies, Mr. Secretary-
General, Delegates, Ladies and Gentlemen,

I am honored to welcome you all to New York for the General Debate of the 72nd Session of
the General Assembly.

I wish, however, that I could deliver a speech today, which is different to the one I prepared.

I wish I could point to a long list of examples of mediation and early action successfully
averting conflicts. I would prefer to talk only about people who move and migrate out of
choice - not desperation. It would be great to congratulate you all for meeting your climate-
related commitments, and for relegating extreme poverty to the history books.

I hope that someone will, eventually, be able to deliver such a speech from this marble
podium. But it cannot be me today.

Instead, conflict persists as an ugly reality of our world. Civilians – not soldiers – are paying
the highest price. Schools and hospitals – not military barracks – are the targets of attacks.

I must also talk today about over 65 million people leaving their homes because they are
forced to do so - not because they want to.  I have to use my speech today to address other
major challenges, including persistent poverty, growing inequalities, indiscriminate terrorist
attacks, and worsening effects of climate change.

These are global challenges - every country is coping with at least one. But they are",cross_year_duplicate_review
UNGA72_General_Debate_2017_statements/UNGA72_General_Debate_2017/qatar__qa_ar.pdf,2017,084df32c078e2a252300f6cdfc6fe9187528384bfa09e0176fc092f16c06638f,2017|2018,,,"

",cross_year_duplicate_review
UNGA72_General_Debate_2017_statements/UNGA72_General_Debate_2017/qatar__qa_en.pdf,2017,baf85f04721158ea610afd48a77463ae2397e60ddeca4e582dff128b1e04e1c1,2017|2018,,,"

",cross_year_duplicate_review
UNGA72_General_Debate_2017_statements/UNGA72_General_Debate_2017/republic-moldova__md_en.pdf,2017,4feb52ccfb3ca1055e0ab15066eb0d0fff743f6751915df04c970ec12477087e,2017|2018,2017,,"      THE REPUBLIC OF MOLDOVA





         STATEMENT

               BY

             H.E. MR. PAVEL FILIP


           PRIME MINISTER
     OF THE REPUBLIC OF MOLDOVA





   GENERAL DEBATE OF THE 72ND SESSION
OF THE UNITED NATIONS GENERAL ASSEMBLY





            New York, 22 September 2017
Mr. President,
Mr. Secretary General,
Excellencies,
Ladies and gentlemen,

At the outset, I would like to warmly congratulate H.E. Miroslav Lajcak, on his election

as President of the seventy-second session of the General Assembly, wishing him success
in fulfilling his important mandate.

My thanks go also to his predecessor, H.E. Mr. Peter Thomson, for his dedication and

professionalism in conducting the works of the previous session.

I take this opportunity to express words of encouragement and support to the Secretary
General, Mr. Antdnio Guterres. I am confident that with his competent leadership and the
joint efforts of the Member States, we will succeed in redefining the role of the United
Nations and adjusting it to the requirements of the modern world.

Mr. President,

Clearly, all of us gathered in this great hall are deeply concerned by the challenges that
the international community is confronted with. The armed conflicts in the Middle East,
the protracted conflicts, terrorism and violent extremism, the affliction caused by poverty

are only some of the phenomena that undermine peace and sustainable development.

We are equally concerned by the excessive accumulation of conventional weapons and

the development of nuclear programs. An international environment marked by the

threats to use force, including nuclear arms, greatly exacerbates the sense of insecurity
and l",cross_year_duplicate_review
UNGA72_General_Debate_2017_statements/UNGA72_General_Debate_2017/republic-north-macedonia__mk_en.pdf,2017,2cbbba7b5bb533ea91f538621181d48f3f60b756384fc09e58fa35af363d231d,2017|2018,,,"

",cross_year_duplicate_review
UNGA72_General_Debate_2017_statements/UNGA72_General_Debate_2017/romania__ro_en.pdf,2017,7f64b07e5e737093d1e3f13a53a5c34514b0f8f14b65cf2b1508344ebeaab0ad,2017|2018,2017|2017,72,"PERMANENT MISSION OF ROMANIA                MISSION PERMANENTE DE LA ROUMANIE
   TO THE UNITED NATIONS                      AUPRES DES NATIONS UNIES


                                                          Check aqainst delivery



            72nd Session of the General Assembly of the United Nations

                    New York, 19 - 25 September 2017




                                Agenda Item 8

                            General Debate




                  Statement by


           H.E. Mr. Klaus Werner Iohannis

                President of Romania





                               Plenary meeting

                         20 September 2017





                                                           573-577 3:d Avenue, New York, NY 10016
                                                  Phone: (212) 682-3273, (212)682-3274, Fax: (212) 682-9746
                                                            E-mail: 0ewyork-onuÿ,mae.ro http://mpnewyork.mae.ro
 Mr. Secretary General,


 Mr. President of the General Assembly,


Your Excellencies,                 ..


 Ladies and Gentlemen,




Let me welcome this year's focus on peace and a decent life for all on a sustainable planet.

These are very important objectives, which require all of our determination, as responsible

leaders, in order to reach them, especially when we see the challenges before us.

Indeed, people across the globe still suffer from the brutal effects of war, poverty, inequality

and injustice.

Tensions over cultural identity and faith are rising even within traditionally open and tolerant

societies.

Natural disasters cause increasing damage every season. Terrorist attacks deepen ",cross_year_duplicate_review
UNGA72_General_Debate_2017_statements/UNGA72_General_Debate_2017/russian-federation__ru_en.pdf,2017,886ba3a72b98782a1793c409c491b71f61caf04efba286828be47cf686086409,2017|2018,2017,72,"Statement by H.E. Mr. Sergey V. LAVROV,
Minister of Foreign Affairs of the Russian
Federation, at the 72nd session of the UN
General Assembly


21 September 2017

Distinguished Mr. President,

Ladies and Gentlemen,

Last December, the UN General Assembly adopted the resolution on ""Promotion of a
democratic and equitable international order"", which clearly stipulated the
inadmissibility of interference into internal affairs of sovereign States, non-recognition
of coups d'état as a method of change of power and the need to exclude from the
international communication the attempts of unlawful pressure of certain States on
others, including exterritorial application of national jurisdiction.

The prevailing majority of Member States of this Organization voted in favor of this
resolution. The countries that, despite the goals and principles of the UN Charter, are
trying to dominate in global affairs and impose models of development, as well as their
own 'values' on States and peoples, guided by the logic of unipolarity that undermines
the international law, turned out to be outvoted.

Nevertheless, the world keeps changing. It is gratifying to note, as the U.S. president
Donald Trump unequivocally stated from this podium last Tuesday, that:it is important
to comply with the principles of sovereignty in the international affairs; it is necessary to
ensure leadership by example and not impose one's will on other nations; the countries
with different values, cultural patterns and aspirations can not only coexist, but also
work hand in hand on the basis of mutual respect. I believe that anyone can sign under
these words, especially, if the U.S. foreign policy is conducted precisel",cross_year_duplicate_review
UNGA72_General_Debate_2017_statements/UNGA72_General_Debate_2017/rwanda__rw_en.pdf,2017,a79af74d874da4f87cfb6af4a9bdab7bff41d36d2437fbd51361917589f75634,2017|2018,2017,,"                                                 1/5

   UNITED NATIONS GENERAL ASSEMBLY

    General Debate of the 72nd Regular Session

       New York, 20 September 2017


  •    Excellencies, Heads of State and Government

  •    Excellency, President of the General Assembly

  •    Distinguished Delegates

  •    Ladies and Gentlemen



Every year, the United Nations channels billions of

dollars in humanitarian assistance. It also sets the

global  agenda  on  key   policy   issues,  from

development, to women’s rights, while providing a

platform for major international agreements.


These are signs of an organisation that is both

relevant, and, in many cases, competent.


And yet there is a sense, that the United Nations is

not meeting our needs and expectations.
                                                 2/5

In  this  context,  I would  like  to commend the

Secretary General, for the two important initiatives

he championed  this  week, on  United  Nations

reform, and response to sexual exploitation and

abuse.


These steps go to the heart of the matter: the

deficit   of   trust  and  accountability,   in  the

international system.


To be truly effective at delivering a “decent life for

all”, the United Nations must treat all the people it

serves with impartiality and respect, and it must

be a good steward of the funds entrusted to it.


Abuse and waste are therefore not a mere public

relations problem, but an existential threat, which

must be tackled head-on.


The Secretary General deserves our full support, to

make the United Nations not only effective, but

transformational.
",cross_year_duplicate_review
UNGA72_General_Debate_2017_statements/UNGA72_General_Debate_2017/saint-kitts-and-nevis__kn_en.pdf,2017,c7cdbde69c21184fa34ab448f3d908d60981dd91edabfecca3f40d62b4b05e0a,2017|2018,,,"Mr. President, Mr. Secretary General, Distinguished Heads of State and Government,
Colleague Ministers, Heads of Delegations, Ladies and Gentlemen



I bring you greetings from the Government and people of the Federation of St. Kitts and
Nevis.

I wish from the outset to congratulate you Mr. President on your election as Chair of
this 72na Session, and to assure you of my delegation's full support as you carry out your
duties.


Permit me as well to extend congratulations to His Excellency Peter Thompson, President
of the 71st Session of the General Assembly. President Thompson ably steered the
deliberations of many pressing matters during this past year. As a representative of Fiji,
he proved once again that Small Island Nations continue to make significant
contributions to matters of global relevance.



I also extend a warm welcome to Secretary General Guterres as he assumes leadership of
this august body. Your Excellency has come to the helm at a critical time in our
collective history and we are confident that your competence, coupled with your political
and diplomatic experience will enable you to chart the course of this
organization towards a sustainable and peaceful future for all. Be assured, Your
Excellency of my Government's fullest support and commitment.

My Delegation also expresses appreciation to former Secretary General Ban Ki Moon for
his sterling service and wishes him well in his future endeavours.

Mr. President, the world has gathered here in New York at this 72nd General Assembly
under the theme: ""Focusing on People: Striving for Peace and a Decent Life for All on a
Sustainable Planet"".


The theme is comprehensive, yet simple; concise, yet inclusi",cross_year_duplicate_review
UNGA72_General_Debate_2017_statements/UNGA72_General_Debate_2017/saint-lucia__lc_en.pdf,2017,8d327861b4da9aff60979754f7bc09d5e69c17aa8145e7c0af6e8045f98e4e90,2017|2018,,72|72,"PERMANENT MISSION OF SAINT LUCIA TO THE UNITED NATIONS





                        STATEMENT BY

      THE HONOURABLE ALLEN M. CHASTANET

                  PRIME MINISTER OF SAINT LUCIA

AND MINISTER FOR FINANCE, ECONOMIC GROWTH, JOB CREATION EXTERNAL
                   AFFAIRS AND THE PUBLIC SERVICE





                TO THE GENERAL DEBATE OF THE

         72nd SESSION OF THE UNITED NATIONS GENERAL ASSEMBLY



                      NEW YORK

                      FRIDAY 22, SEPTEMBER, 2017





                                                                       Please check against deliverÿ.
Mr. President


Saint Lucia congratulates you on your assumption of the Presidency of the 72nd Session of
the United Nations General Assembly, and assures you of the full support and
cooperation of our delegation during your tenure.


We thank your predecessor H.E. Ambassador Peter Thompson of Fiji for his able
stewardship of this Assembly during the past year.


Mr. President

For Small ÿsland States like my own in the Caribbean region, the promise of the United
Nations is being tested today more than ever. The world is experiencing extraordinary
change at a breathtaking pace - change that is reshaping the way we live, the way we
work, our planet and the very nature of peace and security.


I arrived in New York earlier this week after a tour of the devastation wrought by
Hurricane Irma on islands in the Caribbean and for the entire week I have been engaged in
discussions focused on the region's recovery efforts. I have also watched from afar and
with a heavy heart, further destruction to my region - with Hurricane Maria's crushing
blow to the sister Isle of Dominica - there c",cross_year_duplicate_review
UNGA72_General_Debate_2017_statements/UNGA72_General_Debate_2017/saint-vincent-and-grenadines__vc_en.pdf,2017,294ad309f0cf56aebb52056773c78575108b1a28c7e57656ff475ffb023a7cd7,2017|2018,2017,72,"i ÿ  ........................   i  ......................................




          ST. VINCENT AND THE GRENADINES

                 Permanent Mission of St. Vincent and the Grenadines to the United Nations

                        685 3rd Ave.,Ste. 1108, New York, NY 10017. Tel: (212) 599-0950 • Fax: (212) 599-1020 .svgmission@gmail.com



                                  Statement




                                   By




                        H.E. Sir Louis Straker

         Deputy Prime Minister and Foreign Minister of Saint Vincent and the Grenadines





                                                At the


                                General Debate
               of the 72nd Session of the United Nations General Assembly





                                 22nd September, 2017
                           New York





        Please check against delivery
Mr. President, Excellencies, Distinguished Ladies and Gentlemen:


This Organisation was founded amid the still-glowing embers and simmering tensions of global war. In the shadows of

widespread death and destruction, the nations of the world united in recognition of the fact that global challenges are only

overcome through collective action and international law - not misguided unilateralism or short-sighted self-interest.


That recognition remains as valid today as it did 72 years ago, even as new threats to life and development have joined

armed conflict as challenges demanding concerted international response.



Mr. President


Saint Vincent and the Grenadines stands in solidarity with the Government and People of Mexico as they suffer the

devastating effects of yet another earthquake.
",cross_year_duplicate_review
UNGA72_General_Debate_2017_statements/UNGA72_General_Debate_2017/samoa__ws_en.pdf,2017,07824ebfafdf4c7265577d66f7a62bcbf6fc9615457a2697bc127c70850dc4e4,2017|2018,2017,72|72,"                       Statement
                         by
             Hon. Tuilaepa Sailele Halielegaoi
      Prime Hinister of the Independent State of Samoa
                              at the
   General Debate, 72nd session of the UN General Assembly
          22 September 2017, UN HQ, New York.



Mr President,
Fellow delegates,
Ladies and Gentlemen

Samoa warmly welcomes your assumption of the Presidency of the
72nd session of our General Assembly, at a time when our organization
is going through unprecedented volatile and difficult times. We look
forward to your leadership so that together we can chart a more safe,
predictable and humane pathway in our journey through life's
uncharted waters. You can count on Samoa's support as we work in
partnership to translate into tangible and measurable achievements
the overarching theme of your tenure ""Focusing on People -
Striving for Peace and a Decent Life for All on a Sustainable
Planet.""


Your predecessor, Ambassador Peter Thomson of Fiji demonstrated
strong leadership during his successful presidency and we wish him
well in his new calling,


                                        Page 1 of 10
Mr. President,
Secretary-General Guterres is passionate and committed to turn the
United Nations into an efficient and effective organization that is fit for
purpose and readily responsive to the needs of the very people it was
established to serve in the first place. In working to make the UN's
focus more people-centered than about processes, Samoa assures the
Secretary-General of its full support.


Mr President
This week's annual general debate is the twentieth successive general
debate of the General Assembly I have atte",cross_year_duplicate_review
UNGA72_General_Debate_2017_statements/UNGA72_General_Debate_2017/san-marino__sm_en.pdf,2017,ddd76fcb74bc3aa6d963264e7174285cac2a86c7f9063272b67394521d362906,2017|2018,2017,72,"                                      REPUBMC OF SAN MARINO



                           STATEMENT BY

                                 H.E. MR. NICOLA RENZt
                         MINISTER OF FOREIGN AND
                              POLITICAL AFFAIRS
                   WITH FUNCTIONS OF PRIME MINISTER

                            OF THE


                       REPUBLIC OF SAN MARINO





                        AT THE GEN EtLAL DEBATE
                       OF THE 72ND SESSION OF THE
                   UNITED NATIONS GENERAL ASSEMBLY

                          New York, 22 September 2017





J





!.



                                                                                                                 Cÿ.{tlst. detivc___ÿr.ÿ
Mr. President,

Mr. SecretatT-General,
Excdlencies,
Ladies and Gentlemen,


On behalf of tee Government of the Republic of San Marino, I would like to congratulate

H.E. Mkoslav Lajeÿk on his dection as President of the 72nd Session of the UN General
Assembly and to wish him a fruitful work. His experimÿce as Minister of For.eign Affairs of
Slovakia and los deep kmowledge of hxtemational a£fÿs aÿe valuable resoLÿces for the
United Nations. The San Marino delegation will ensure you, Me. President, its utmost
colÿaborat-km dui:ing all works of the General Assembly.


At the beginning of his mandate as SecretalT-General of the United Nations, my countU
would also like to offer heartfelt wishes to H.E. Ant6nio Guterres and thank him for the
energy and determination akeady shown at the hehn of the United Nations in these first

months of activiW,'


Mr. President,


 i am grateful for the theme chosen for this Session: ""Focusing on peo",cross_year_duplicate_review
UNGA72_General_Debate_2017_statements/UNGA72_General_Debate_2017/sao-tome-and-principe__st_en.pdf,2017,0f6ac72bd779523e52ddf4b3bccff004cb7130e642fed6309551dda627365a8c,2017|2018,,72,"Rep0blica Dem0cr tica      de S. T0m6 e Principe



Statement by His Excellency President Evaristo do Espirito Santo Carvalho at
         the 72rid Session of the United Nations General Assembly




Mister President of the 72nd Session of the General Assembly of the United
Nations

Excellency Mr Secretary-General of the United Nations,


Heads of State and Government

Excellencies, Ministers of Foreign Affairs and External Affairs

Distinguished delegates,

Excellencies,

It is with a great honor and satisfaction that I take the floor at the General
Assembly, for the first time, as Head of State of the Democratic Republic of Sÿo
Tomÿ and Principe. The 2016's elections, which elected me, witnessed once
again, in an expressive and unequivocal way, the level of democracy in Sÿo Tomÿ
and Principe and the regular functioning of its institutions.

At the outset, allow me to dedicate, with great pleasure, my first words to His
Excellency Miroslav Lajdÿk, whom ! congratulate on his election to the Presidency
of the 72nd General Assembly of the United Nations, conveying our full support
for his mandate and wishing that it will be very successful.

I would also like to Congratulate the outgoing President, His Excellency Peter
Thomson for the manner in which he conducted the work of the previous General
Assembly, judiciously, with enthusiasm and unselfishness, in an international
context that has posed serious challenges to our Organization.

 I also take the opportunity of such noble audience to address Your Excellency the
Secretary General Ant6nio Guterres and congratulate you for your brilliant
victory, insofar as your political clout is indisputable to lead
the United Nations an",cross_year_duplicate_review
UNGA72_General_Debate_2017_statements/UNGA72_General_Debate_2017/saudi-arabia__sa_ar.pdf,2017,904a4b21c8ae6ca9d32aabc2993c1e66b4dca101f809a3fcd1b6303b2161204f,2017|2018,,,"li
  lollie United Nations
    New York




               iUJjiUuJl

 ^ e-laoAll                       A^LLaI) |*Ui
              72J\



                                         1/. .1at>
                Xa^i ^         /jliuiS?i

                        Jij3


       ^2017      23


  Check againstdelivery
                             ^-4^ 4i,41jlSI Ajxa^I (Jjjjjj ^^1x4
                                    SjaIaII         pistil       <^1*4


                          ut 4jISjij ijl ^-»xjj

I  ...j'.j 4jlajW (iSliai u^L-utjj^ /Jj—uill ^^Ixa
t^ui^A    jjsjjJ) aj L14I4 t^-4Uii Aj*a^          ^iSii SjjjU
Sjjjil LWJ 6j   1114.^2 JJJ4 /Ja-^I <^Ua jS—ujI (^i    V^
(2yiu^lj ^JbJI Sjj^l JlAfti Uila     (> Aijj La   A^UII
                                                       Ajsla:^
Jaj >   l4i>^                           05
^1 jlajj               (J-^ LW^J—

 tbjLuij ^UajjII cjiidtj tVji c)L-uiWI Cikx      ^JL-uij ^1 JaxI
SjI^j     JjA l^jlSj—^ S^iIaII LjjLSIj-tAJ u-ajill CiSixj
 jjjLAA Ji         Ca
^  jijSj_u.vij cy^\ ft-«j!j       t3^!       (i'^
                                                ^^Uitj ASlalall
",cross_year_duplicate_review
UNGA72_General_Debate_2017_statements/UNGA72_General_Debate_2017/secretary-general-united-nations__unsg_ar.pdf,2017,262ec0749d4069ff12f0a721a71d1d94f4c5418148dd7581dc9f883a67c16199,2017|2018,,,"                               العام األمين كلمة
                           العامة الجمعية أمام
               201 7 سبتمبر / أيلول 19 نيويورك،
                          [الثالث باللغات ألقي كما الخطاب]

دمѧ ألخ اѧ إياھ وني ѧ أوليتم يѧ الت ةѧ لثقل ان ѧ واالمتن عѧ التواض اѧ ملؤھ روح ѧ ب اѧ ھن ف ѧ أق
                                                                               . العالم شعوب
                  . خطيرة تحديات نواجه ،“ المتحدة األمم” و ،“ الشعوب نحن ”
رون ѧ ي م ѧ وھ . بѧ بالغض عرون ѧ ويش ربѧ الك انون ѧ يع اسѧ والن . أزقѧ م يѧ ف اѧ وعالمن
               . يتغير والمناخ ينتشر والنزاع يزداد المساواة وعدم يتصاعد األمن انعدام
ىѧإل باالنتماء شعورنا فإن تزايد، م نحو على يتكامل العالمي االقتصاد كان إذاو
                                                  . التفكك طور في يكون قد عالمي مجتمع
البلدان داخل والثقة . باالستقطاب يتسم السياسي والخطاب . مجزأة والمجتمعات
                             . ويفرقون يُشيطِنون من بفعل فشيئا شيئا تضعف بينھا وفيما
                 . السالم يجمعه عالم إلى نحتاج ونحن . التفكك من يعاني فعالمنا
تعادة ѧ اس ا ѧ ويمكنن . الم ѧ الس ي ѧ نبن أن تطيع ѧ نس ا،ѧمع ا،ѧأنن راسخا اعتقادا أعتقد وأنا
                                                           . للجميع أفضل عالم وإيجاد الثقة
     . طريقنا تعترض التي ختباراتواال التھديدات من سبعة على اليوم سأركز
دھاѧنج أن عنا ѧ بوس أجوبة منھا لكل ولكن . الوضوح الشديدة مخاطره منھا ولكل
                                                              .بحقمتحدة أممك تصرفنا إذا

                                                   النووي الخطر أوال،
ىѧ وحت . هѧ في ر ѧ التفكي ن ѧ يمك ال اѧ مم ون ѧ يك أن ي ѧ ينبغ ةѧ النووي لحةѧ األس تخدامѧ فاس
                                            . أبدا عنه التغاضي يمكن لا باستخدام",cross_year_duplicate_review
UNGA72_General_Debate_2017_statements/UNGA72_General_Debate_2017/secretary-general-united-nations__unsg_en.pdf,2017,1a53563c6b2b23714ddddc3fd4fd9a60fb38af25599a6028d596901084bd2dd2,2017|2018,2017,," U N I T E D N A T I O N S                N A T I O N S U N I E S





    THE SECRETARY-GENERAL

                             --

ADDRESS TO THE GENERAL ASSEMBLY

   New York, 19 September 2017, 9:00


           CHECK AGAINST DELIVERY
                                       2

Mr. President of the General Assembly,
Distinguished Heads of State and Government,
Excellencies,
Ladies and gentlemen,


I am here in a spirit of gratitude and humility for the

trust you have placed in me to serve the world’s

peoples.


“We the peoples”, and our United Nations, face

grave challenges.


Our world is in trouble. People are hurting and

angry. They see insecurity rising, inequality

growing, conflict spreading and climate changing.


The global economy is increasingly integrated, but

our sense of global community may be

disintegrating.

                   *****
",cross_year_duplicate_review
UNGA72_General_Debate_2017_statements/UNGA72_General_Debate_2017/secretary-general-united-nations__unsg_en_fr_es.pdf,2017,23114fed54f34f1f4a974cad626f72c81a635b741b12c6d7dc4443649c8ee6c8,2017|2018,2017,,"                   THE SECRETARY-GENERAL
                                                        --
              ADDRESS TO THE GENERAL ASSEMBLY
                    New York, 19 September 2017

                                    [Trilingual, as delivered]

I am here in a spirit of gratitude and humility for the trust you have placed in me to serve the
world’s peoples.

“We the peoples”, and the United Nations, face grave challenges.

Our world is in trouble. People are hurting and angry. They see insecurity rising, inequality
growing, conflict spreading and climate changing.

The global economy is increasingly integrated, but our sense of global community may be
disintegrating.

Societies are fragmented. Political discourse is polarized. Trust within and among countries
is being driven down by those who demonize and divide.

We are a world in pieces. We need to be a world at peace.

And I strongly believe that, together, we can build peace. We can restore trust and create a
better world for all.

I will focus today on seven threats and tests that stand in our way.

For each, the dangers are all too clear. Yet for each, if we act as truly united nations, we can
find answers.

First, the nuclear peril.

The use of nuclear weapons should be unthinkable. Even the threat of their use can never be
condoned.

But today global anxieties about nuclear weapons are at the highest level since the end of the
Cold War.

The fear is not abstract. Millions of people live under a shadow of dread cast by the
provocative nuclear and missile tests of the Democratic People’s Republic of Korea.

Within the DPRK itself, such tests do nothing to ease the plight of those who are suffering
hunge",cross_year_duplicate_review
UNGA72_General_Debate_2017_statements/UNGA72_General_Debate_2017/secretary-general-united-nations__unsg_es.pdf,2017,20563e380a218d35a9f3955ebf6877c41b61743c953a54480cc380391f3116f2,2017|2018,,,"            Secretario General

           Discurso ante la Asamblea General

           Nueva York, 19 de septiembre de 2017

              (Intervención trilingüe)

               Comparezco ante ustedes con un espíritu de gratitud y humildad por la
            confianza que han depositado en mí para servir a los pueblos del mundo.

                “Nosotros los pueblos”, y las Naciones Unidas, enfrentamos graves
               retos.

                Nuestro mundo se encuentra en una situación difícil. Muchos están
             sufriendo y sienten rabia, mientras ven cómo aumentan la inseguridad y la
             desigualdad, se propagan los conflictos y cambia el clima.

              La economía mundial está cada vez más integrada, pero el sentimiento
            de pertenencia a una comunidad mundial podría estar desintegrándose.

                Las sociedades están fragmentadas. El discurso político está polarizado.
          La confianza en el seno de cada país y entre los países se ve socavada por
            quienes demonizan y dividen.

              Somos un mundo en pedazos. Es necesario que seamos un mundo en
             paz.

           Y creo firmemente que, juntos, podemos construir la paz, restablecer la
            confianza y crear un mundo mejor para todos.

           Me centraré hoy en siete amenazas y pruebas que se interponen en
             nuestro camino.

              En cada caso, son muy claros los peligros. Sin embargo, si ante cada
           una de esas amenazas y pruebas actuamos como naciones verdaderamente
             unidas, podremos encontrar respuestas.

              En primer lugar, refirámonos al peligro nuclear.

            ",cross_year_duplicate_review
UNGA72_General_Debate_2017_statements/UNGA72_General_Debate_2017/secretary-general-united-nations__unsg_fr.pdf,2017,2a0ba49a6d847b2b0eecfd7193d98aa99336c97aa8e0e7c3faf775f87d0948cc,2017|2018,2017,,"         Le Secrétaire général

           Allocution prononcée devant l’Assemblée générale

          New York, le 19 septembre 2017

             [Prononcée en trois langues]

                    Je vous remercie humblement de la confiance que vous avez placée en moi
              lorsque vous m’avez choisi pour servir les peuples du monde.

                 « Nous peuples des Nations Unies » et l’Organisation tout entière devons faire
              face à de graves problèmes.

                  Notre monde est en difficulté. Des êtres humains souffrent et la colère gronde.
               L’insécurité gagne du terrain, les inégalités s’accentuent, les conflits se propagent,
                les changements climatiques s’accélèrent.

                 Les pays sont de plus en plus dépendants les uns des autres sur  le plan
             économique, mais notre sentiment d’appartenance à une communauté mondiale
             semble s’estomper.

                 Les sociétés éclatent et les discours politiques se polarisent. La confiance à
                l’intérieur des pays  et entre les pays s’érode sous l’influence de tous ceux qui
              cherchent à diaboliser autrui et à semer la discorde.

                  Face aux divisions qui ébranlent notre monde, nous devons agir pour faire
              régner la paix.

                    Je suis fermement convaincu qu’ensemble nous pouvons instaurer la paix,
                rétablir la confiance et bâtir un monde meilleur pour tous.

                    Je  voudrais  aujourd’hui  mettre  l’accent  sur  sept menaces ou  épreuves
              auxquelles nous devons faire face.

                  Pour chacune d’elles, les d",cross_year_duplicate_review
UNGA72_General_Debate_2017_statements/UNGA72_General_Debate_2017/secretary-general-united-nations__unsg_ru.pdf,2017,32b1d606a6f078677f715928ff0fe1d8dce9a59a8580713b8e75b83a3cc9d56a,2017|2018,,,"                 ГЕНЕРАЛЬНЫЙ СЕКРЕТАРЬ

                                                                      - - -


                 ОБРАЩЕНИЕ К ГЕНЕРАЛЬНОЙ АССАМБЛЕЕ

                            Нью-Йорк, 19 сентября 2017 года

               (На трех языках, в соответствии с представленными материалами)


             Я преисполнен благодарности за то доверие, которое вы мне оказали, и
            возможность служить народам мира, что для меня большая честь.

              «Мы, народы» и Организация Объединенных Наций стоим перед лицом
            серьезных проблем.

              Нашему миру угрожает опасность. Люди страдают и озлоблены. На их
              глазах растут масштабы незащищенности и неравенства, ужесточаются кон-
            фликты, меняется климат.

                Хотя мировая экономика становится все более интегрированной, мы, как
             кажется, все реже испытываем чувство глобальной общности.

               Общество фрагментированно. Политические взгляды поляризованы. До-
             верие между людьми и странами подрывается субъектами, взявшими курс на
             запугивание и сегрегацию.

             Наш мир рассыпается на осколки. Мы должны стремиться к миру на зем-
               ле.

            И я глубоко убежден, что общими усилиями мы можем построить этот
             мир. Мы можем восстановить доверие и сделать жизнь лучше для всех.

                 Сегодня я буду говорить о семи угрозах и испытаниях, которые стоят на
           нашем пути.

                 Опасность, которую таит в себе каждая из этих угроз, более чем очевид-
               на. И тем не менее, если мы будем действовать в духе единства, мы сможем
            ",cross_year_duplicate_review
UNGA72_General_Debate_2017_statements/UNGA72_General_Debate_2017/secretary-general-united-nations__unsg_zh.pdf,2017,1b92e07a0a117cb45c1b4fe4ea12da66c417444606e3fdd9a5176d211ac69054,2017|2018,,,"                秘书长

               在大会的讲话


                                   2017 年9 月19 日，纽约

                     [讲话以三种语言发表]


        各位将服务世界人民的重任交给我，在此我心怀感激，又诚惶诚恐。

        我们各国人民以及联合国都面临严峻挑战。

        我们的世界出了问题。人民在遭受痛苦、感到愤怒。他们看到：不安全状况

      在加剧、不公平程度在上升、冲突在蔓延、气候在变化。

        全球经济日益融合，然而我们的全球一体感却似乎趋于瓦解。

        社会四分五裂，政治话语两极分化。有人搞妖魔化、闹分裂，侵蚀了国内各

      方、不同国家之间的信任。

        今日世界纷争不和，我们需要使之归于和睦。

        我坚信，只要我们大家齐心协力，就能实现和睦，就能恢复信任，为全人类

      建设更美好的世界。

        我今天要重点讲讲我们面临的七个挑战与考验。

        关于每个挑战与考验，危险都一目了然。但只要我们真正以“联合国家”的

      姿态采取行动，就能找到答案。

        首先，核威胁。

        核武器的使用应是不可想象的。即使是威胁使用核武器也是绝不能容忍的。

        然而，今天全球对核武器的担忧却非常严重，达到了冷战结束以来的最高程

      度。

        担忧并非空穴来风。朝鲜民主主义人民共和国以核试验、导弹试验发出挑衅，

      置数千万人于恐惧之中。

        在朝鲜国内，人民正在忍饥挨饿、人权遭到严重侵犯。这些试验无助于使其

      摆脱困境。

        我坚决谴责这些试验。

        我呼吁朝鲜和全体会员国充分遵守安全理事会决议。

         上周一致通过了第2375 号决议，加重了制裁措施，就该国的国际义务发出
      了明确讯息。


17-16451 (C)
                                                      2/7



        我呼吁安理会保持团结一致态度。

        只有这种团结一致态度才能使朝鲜半岛实现无核化，才能如该决议所确认的

      那样，为通过外交接触解决危机创造机会。

        随着紧张关系加剧，误判的机率也会上升。唇枪舌剑只会引起致命的误解。

        必须通过政治途径解决问题。需要运用政治艺术的时刻到了。

        我们绝不能因为梦游而误入战争之途。

        广而言之，所有国家都必须显示更大决心，致力实现全世界消除核武器这一

      普世目标。核武器国家特别有责任发挥带头作用。

        当前，扩散正在造成不堪设想的危险，裁军已陷入瘫痪。

        防扩散、促裁军、维护这些方面已取得的进展，已成当务之急。

        这两个目标环环相扣。在一个目标上取得进展，会推动在另一个目标上也取

      得进展。

        下面我想谈一谈全球恐怖主义威胁。

        任何原因、任何怨愤都不能作为恐怖主义的理由。

        恐怖主义仍在造成更多死亡、更多毁灭。

        恐怖主义摧毁社会、破坏区域稳定，使人力物力无法用于更有建设性的事业。

        国家和多边反恐工作的确破坏了恐怖网络、收复了领土、防止了袭击、挽救

      了生命。

        然而我们还需要加大反恐力度。加强国际合作对于反恐斗争依然至关重要。

        我的首批改革举措之一就是设立联合国反恐怖主义办公室。我感谢大会批准

      该举措。

        明年，我打算召开首届会员国反恐机构主管会议，打",cross_year_duplicate_review
UNGA72_General_Debate_2017_statements/UNGA72_General_Debate_2017/senegal__sn_fr.pdf,2017,bc8d636da275f56f191aaca17931227abea16c61de406173541c5b6e28a257d4,2017|2018,,72|72,"                            Rÿpublique du Sÿnÿgal

                        Un Peup/e-Un But-Une Foi





72e Session ordinaire de I'Assemblÿe gÿnÿrale des Nations Unies





                 AIIocution de SEM Macky SALL,

             Prdsident de la Rdpublique du Sdndgal





                              Nÿ yÿ,,k, tÿ ÿo ÿptvnbÿ ÿotÿ
Monsieur le Prbsident de I'Assemblbe Gbnbrale,

Chers Collbgues,

Monsieur le Secrbtaire Gbnbral,

Mesdames, Messieurs,

Monsieur le Prdsident,


La dÿlÿgation sÿnÿgalaise remercie votre prÿdÿcesseur et vous adresse

ses voeux de succÿs dans la conduite des travaux de notre Session.

Je renouvelle nos fÿlicitations et notre soutien au Secrÿtaire gÿnÿral,

Antonio Guterrez, pour la rÿussite de sa mission ÿ la tÿte de

I'Organisation.


Le thÿme de cette 72e Session nous engage ÿ donner la prioritÿ

/ÿtre humain pour/a paix et une vie d#cente pour tous sur une

planÿte prÿservÿe.



Hÿlas, en ces temps de turbulences et d'incertitudes, I'idÿal d'un monde

meilleur pour tous se heurte aux urgences d'un monde de conflits et

en conflit avec lui-mÿme.


Urgences sbcuritaires et humanitaires: des millions d'ÿtres

humains continuent de souffrir au quotidien des ravages de la guerre, du

terrorisme et de la violence sous toutes ses formes.

Urgences alimentaires : selon la FAO, plus d'un milliard de tonnes de

nourriture sont gaspillÿes chaque annie, pendant que chaque jour, plus

de 795 millions de personnes souffrent de la faim.
",cross_year_duplicate_review
UNGA72_General_Debate_2017_statements/UNGA72_General_Debate_2017/serbia__rs_en.pdf,2017,1ef5f7e7cbb1e6af15a31a8907f46a4f811f6bb4f6e4fbfcd15a0b2d197c8d4e,2017|2018,,,"REPUBLIC OF SERBIA



                                       Check against delivery



   STATEMENT

                  by

                                   v
         H.E. MR. ALEKSANDAR VUCIC
  PRESIDENT OF THE REPUBLIC OF SERBIA





   NEW YORK, 21 SEPTEMBER 2017
 Mr. President,
 Mr. Secretary General,
 Excellencies,
 Ladies and Gentlemen,



Honorable Mr. President Lajcak, I take this opportunity to congratulate you on assuming
 this extremely important duty.

Honorable Excellency, Mr. Thomson, I would like to congratulate you on your successful
presidency of the 71st session of the General Assembly. I avail myself of this opportunity to
thank and to pay my tribute to the new Secretary General Mr. Antonio Guterres for his
active engagement during the first year of his tenure, for a remarkably responsible duty of
the Secretary General and for initiating reform process of great importance for the
Organization.

 It is my great honor to address you for the first time from this place in the capacity of the
President of the Republic of Serbia.

We have carefully followed the world leaders in previous two days. It seems that we would
not overemphasize if it would be said that almost everybody was speaking about the
necessity of the reform of the UN, about peace and stability, often accusing someone else
- a confronted party - acting as someone preventing mentioned peace and stability or as
someone responsible for the difficult situation in the world. I would do my best to avoid
that kind of approach.

Last year at this very place it was said that the situation worldwide was difficult. Today it is
certainly more difficult than it was a year ago.

Today, ! take opportunity ",cross_year_duplicate_review
UNGA72_General_Debate_2017_statements/UNGA72_General_Debate_2017/seychelles__sc_en.pdf,2017,ecae30ff67384f3504f361778eed435e243bec3e3d2f5a41b36d753e2cd6dc52,2017|2018,,72,"         STATEMENT BY

       H.E, MR. DANNY FAURE

           PRESIDENT

           OFTHE

      REPUBLIC OF SEYCHELLES

          AT THE

        GENERAL DEBATE

  DURING THE 72ND SESSION OF THE

UNITED NATIONS GENERAL ASSEMBLY



        21 SEPTEMBER 2017

  UNITED NATIONS, HEADQUARTERS

         NEW YORK




                                         PLEASE CHECK AGAINST DELIVERY
President of the General Assembly,
Distinguished Heads of State and Government,
Excellencies,
Ladies and Gentlemen.


 I would like to join those who spoke before me in congratulating Your Excellency, Mr Miroslav
Lajcak (pronounced as MIH-roh-slahv L-EYE -chahk), on your election as President of this 72nd
session of the United Nations General Assembly.


I would also like to thank His Excellency, Ambassador Peter ThomSon, for making the small island
developing states and the rest of the international community proud by his strong leadership of
the 71st session.


Mr. President,
May I start by saying that the thoughts of the Government and people of Seychelles go out to
the millions of people in South Asia, Africa, the United States, and Mexico, and our island
brothers and sisters in the Caribbean who have suffered unimaginable losses from floods,
hurricanes and other forms of extreme weather these past months.


We-urge the international community to not only respond generously to these countries' calls
for support, but to take far more seriously the need to upscale the urgent action required to
prevent, prepare for, adapt to and recover from such increasingly destructive climate-related
disasters.


Mr. President,
Events around the world today sadly show that the theme of this year's General D",cross_year_duplicate_review
UNGA72_General_Debate_2017_statements/UNGA72_General_Debate_2017/sierra-leone__sl_en.pdf,2017,b9fcdc5cba67ae1d2790f9a17aa2f8db974e0de0344a93c88f698510304c5778,2017|2018,2017,,"PERMANENT MISSION OF THE REPUBLIC OF
 SIERRA LEONE TO THE UNITED NATIONS

             336 East 45th St., 8th Floor  • New York, NY 10017

               STATEMENT

                                of

       HIS EXCELLENCY DR. ERNEST BAI KOROMA
           President of the Republic of Sierra Leone

                                        at the
              Seventy-Second Regular Session of the
                United Nations General Assembly

                  On the Theme:
    ""Focusing on People: Striving for Peace and Decent Life for All
                  on a Sustainable Planet""

                     Deliveredby

               H.E. Dr. SAMURA M.W. KAMARA
    Minister of Foreign Affairs &International Cooperation

                    Friday 22""'' September 2017

    New York                                               Please checkagainst delivery
Mr. President,
Mr. Secretary General
Your Excellencies, Heads of State and Government
Distinguished Ladies and Gentlemen

I bring you fraternal greetings and very best wishes from His Excellency Dr.
Ernest Bai Koroma, President of the Republic of Sierra Leone.  President Koroma
deeply regrets that he is unable to participate in this 72^ Session of the General
Assembly due to unavoidable circumstances. He has however instructed me to
deliver to you this message from him, and I quote:

""I congratulate you, Mr. President, on your assumption of responsibility to direct
the work of the Seventy-Second Session of the General Assembly, and to assure
you of my personal and country's support throughout your tenure. Let me also
congratulate and warmly welcome our new Secretary-General, Mr. Antonio
Guterres.
I want to commend and thank",cross_year_duplicate_review
UNGA72_General_Debate_2017_statements/UNGA72_General_Debate_2017/singapore__sg_en.pdf,2017,02450263209c5a46c5fdf1187d4e24b3c58b4af26bd3842e963c9f62ff99a99f,2017|2018,,,"          Permanent Mission of the Republic of Singapore

                              UNITED NATIONS  I NEW YORK





           UNITED NATIONS GENERAL ASSEMBLY
                      72^ SESSION




                  GENERAL DEBATE




                   STATEMENT BY



          ins EXCELLENCY DR VIVIAN BALAKRISHNAN
              MINISTER FOR FOREIGN AFFAIRS
            OF THE REPBULIC OF SINGAPORE




                         23 SEPTEMBER 2017



                                                Please check against delivery





318 East 48th Street, New York, Nl' 10017, United States of America   I T +1 (212) 826 0840 F +1 (212) 826 2964  I mfa.gov.sg/newyork
    MULTILATERALISM, AN OPEN GLOBAL
           ARCHITECTURE AND
       INCLUSIVE ECONOMIC GROWTH

  SPEECH BY MINISTER FOR FOREIGN AFFAIRS
     DR VIVIAN BALAKRISHNAN AT THE
   72^® SESSION OF THE UN GENERAL ASSEMBLY
      NEW YORK, 23 SEPTEMBER 2017


Excellencies
Distinguished delegates


1           I congratulate His Excellency Miroslav Lajcak on his

election  as  President of the  72°^  session of the General
Assembly. I also congratulate Mr Peter Thomson ofFiji for his
leadership as President ofthe 7E' session.


2     We are meeting at a time of great imcertainty and
complex challenges globally.  The old fault  lines of race,
language and religion remain active. There is renewed anxiety
about jobs and inequality. New technologies and non-state
actors are challenging the international order.  Terrorist groups
are using  the  intemet  to spread  their  radical  ideologies,
including in Southeast Asia. Cyber-attacks and fake news have

                                                                         ",cross_year_duplicate_review
UNGA72_General_Debate_2017_statements/UNGA72_General_Debate_2017/slovakia__sk_en.pdf,2017,cd54084151aebd31e576e6820723031b0db6d3f501a434d6727f5781d52e1b7a,2017|2018,,,"           STATEMENT BY



           H.E. Mr. ANDREJ KISKA



             PRESIDENT
      OF THE SLOVAK REPUBLIC




          IN THE GENERAL DEBATE

          OF THE 72ND SESSION

OF THE UNITED NATIONS GENERAL ASSEMBLY





                               CHECK AGAINST DELIVERY




           NEW YORK
              19 SEPTEMBER 2017
     Dear Mr. President, Mr. Secretary-General.

      Excellences, Distinguished delegates.

      Ladies and Gentlemen.

          It is a great pleasure to be here with you today.

     Allow me to extend my congratulations to you, Mr. President, on your
assumption of the Presidency. And to wish you well in your endeavors during
the entire session. I am convinced that under your leadership the General
Assembly will swiftly and successfully advance its work.

     Every single minute while I speak here twelve children die of hunger

and more than one hundred is born to extreme poverty. Dozens die on
preventable diseases. People die on this planet on diseases that we have been
able to cure for decades. And it is responsibility of the people in this room to
do everything in our powers to help them.

     Challenges we face often don't require difficult strategies or
unprecedented amounts of money. They need just our dedication and true

leadership, on both sides. For those, who can help -- to give up on ignorance
and selfishness. And for those who receive the help -- to put the people at
the first place.

     So, Mr. President, I want to commend you for choosing such a sound

focus for this year's General Assembly session -- focus on our people, on

striving for peace and decent life for all in sustainable conditions. Indeed,
there is no bi",cross_year_duplicate_review
UNGA72_General_Debate_2017_statements/UNGA72_General_Debate_2017/slovenia__si_en.pdf,2017,41506449aea2941810f582f9737817b4eccb9edef6965a5f602993b4daa0564b,2017|2018,2017,72,"                                        Check against defivery!
DRAFT not for circulation

                          Statement
                         by
                     H.E. Mr. Miroslav Cerar
           Prime Minister of the Republic of Slovenia
            at the 72""d Session of the UN General Assembly

             New York, 21 September 2017




Mr. President,

Mr. Secretary-General,

Excellences,

Distinguished Delegates,

Ladies and Gentlemen,


Let me start by congratulating His Excellency Miroslav Lajÿ&k upon his

election as the President of the 72nd Session of the UN General

Assembly,ÿ.l wish him every success in discharging ÿhis duties. Mrÿ

President, _you can_count_ o_n _S!ovenia's full sup_poÿ. _Allow me also to

express gratitude to the outgoing President of the 71s! Session,, His

ExcellencyPetÿF-I-hb-rÿSi3fifor-hÿs important contfibÿtion-to-thework of

the General Assembly over the past year.


 I would also like to congratulate His Excel!eny AntSnio Guterres upon his

election as the Secretary-General. I commend his determination to

promote the United Nations, its values and its goals, and his tireless

endeavours to strengthen the Organisation.
 Excellences,



 The world continues to confront challenges to international peace and

 security. These are ever more complex and intertwined. Shocking

 images of human suffering are our daily reality. The consequence of

armed conflicts, degrading environment, famine, lack of economic

 opportunities, grave breaches of human rights, and terrorism are just

some of the global challenges. To be able to address them, effective

 international cooperation with the UN at its core is essential. We have

th",cross_year_duplicate_review
UNGA72_General_Debate_2017_statements/UNGA72_General_Debate_2017/solomon-islands__sb_en.pdf,2017,daf0b7a860886f8fc9e66bef0aa9fefe5d738267833347add2ce8935504bb26d,2017|2018,,72,"     Solomon Islands Statement

              by

Hon. Manasseh Damukana Sogavare, MP

          Prime Minister


             72""d Session

   United Nations General Assembly


           General Debate




                                    [CHECK AGAINST DELIVERY]
Mr. President,


Permit me to add the congratulations of my Delegation to those of other Distinguished


colleagues on your election as President of the 72nd Session of the United Nations General


Assembly. Your great experience and wisdom as a diplomat will guide our work going


forward in this session. I assure you that my delegation will, for its part, try to lighten your

burden by giving you the fullest cooperation throughout the proceedings of this august


Assembly.


For your predecessor, His Excellency Mr. Peter Thomson, what can I say?


Not only was he Fiji's first President of a Session of our General Assembly but he was also


the first Pacific Islander to assume that prestigious office. Among his many achievements


was his championing of the 1,350 voluntary commitments made at the UN Ocean Conference


held here in June. Allow me to thank the out-going President, Mr. Thomson, for a marvellous


job done.



Mr. President,


Our world is going through difficult times. 2017 has been a year dominated by intentional


provocation and natural disasters. As such, the decision to design our Theme ""Focusing on


people: Striving for peace and a decent life for all on a sustainable planet' is not only


appropriate but indeed perfectly timed.


On this note, may I, on behalf of the People of Solomon Islands, extend our heartfelt


sympathies to those affected by the recent natural disasters, in parti",cross_year_duplicate_review
UNGA72_General_Debate_2017_statements/UNGA72_General_Debate_2017/somalia__so_en.pdf,2017,d5eb91b02d42a865584761d2ca0ce96067ab2f0b6bc25eef29abf8d9f501cb25,2017|2018,,,"                   i





THE FEDERAL REPUBLIC OF SOMALIA

 PERMANENT MISSION TO THE UNITED NATIONS

    425 E 61ST STREET, # 702, NEW YORK,
  NY 10065 Tel (212) 688-9410, Fax (212) 759-
                     0651





          REMARKS BY

        H.E. MR. HASSAN ALI KHAIRE

PRIME MINISTER OF THE FEDERAL REPUBLIC OF
               SOMALIA



        THE 72""^ SESSION OF

   THE UNITED NATIONS GENERAL ASSEMBLY OF

           22""^ SEMPTEMBER,2017

          NEW YORK
Bismillahi Rahman! Rahim


Mr. President

Mr. Secretary-General of the United Nations

Honourable Delegates,

Excellencies,

Ladies and Gentlemen,

It is an honour to address the 72""^ Session ofthe UN General Assembly.

I bring you warm greetings and good wishes from our President, H.E.

Mohamed Abdullahi Mohamed Farmaajo, and the entire Government and

People ofthe Federal Republic of Somalia.

Allow me to first congratulate the President ofthe 72""^ Session of the

UN General Assembly for assuming this role, and for ably steering this

august body toward a successful gathering. This year's session also

coincides on International Peace Day.
",cross_year_duplicate_review
UNGA72_General_Debate_2017_statements/UNGA72_General_Debate_2017/south-africa__za_en.pdf,2017,6ec63611a004f82f7792a9f3130f1d109552a8e1fb0ba25b05e7d184591ce96f,2017|2018,,72," STATEMENT BY HIS EXCELLENCY PRESIDENT JACOB ZUMA DURING THE
   GENERAL DEBATE OF THE 72ND SESSION OF THE UNITED NATIONS
        GENERAL ASSEMBLY, UNITED NATIONS, NEW YORK
                         20 SEPTEMBER 2017


Your Excellency Miroslav Lajčák, President of the General Assembly;

Your Excellency, Mr António Guterres, Secretary-General of the United Nations;

Your Majesties;

Your Excellencies;

Distinguished Delegations;



Mr President,

I wish to congratulate you on your election as the President of the 72nd Session of

the General Assembly.



I assure you of South Africa's full support in the implementation of your priorities and

responsibilities throughout your term.

We also commend Mr Peter Thompson of Fiji for his exceptional leadership during
the 71st session of the General Assembly.



I also wish to warmly congratulate Mr António Guterres, on his appointment as the

Secretary General of the United Nations.




                                        1
We also congratulate Mr Ban Ki Moon on his successful tenure.



Mr President,

You have chosen an appropriate theme for this debate, given the challenges facing

the world today, namely; “Focusing on People: Striving for Peace and a Decent Life

for All On a Sustainable Planet”.



The theme encompasses the three pillars of the United Nations of peace and

security, humanitarian affairs and human rights as well as socio-economic and

sustainable development.



The adoption of the Sustainable Development Goals two years ago, in order to

continue the unfinished business of the Millennium Development Goals, marked a

significant shift and historic moment in the life of the United Nations. We all

committed o",cross_year_duplicate_review
UNGA72_General_Debate_2017_statements/UNGA72_General_Debate_2017/south-sudan__ss_en.pdf,2017,6fb22d53044f469000aa8cf8e0d214fd40d9497850b4b950f518d22f37c3040d,2017|2018,,72|72,"             Republic of South Sudan

          Office of the First Vice President




              STATEMENT


                 By

           H.Eo GEN. TABAN DENG GAI

         THE FIRST VICE PRESIDENT

         REPUBLIC OF SOUTH SUDAN



AT THE 72nd SESSION OF THE UNITED NATIONS

   GENERAL ASSEMBLY, NEW YORK, USA.
                        23rd SEPTEMBER 2017
                   New York USA





Your Excellency Miroslav Laÿ.j&k, President of the 72nd

Session of the United Nations General Assembly,


Your Excellencies Heads of State and Government,


Honourable Ministers,


Distinguished Delegates,


 Ladies and Gentlemen,



Good Morning.



Mr. President,

   1. I am honoured to give this statement on behalf of H.E.

     President Salva Kiir Mayardit, the President of the

     Republic of South Sudan who unfortunately could not

    be present here today due to pressing domestic

    commitments back home.
",cross_year_duplicate_review
UNGA72_General_Debate_2017_statements/UNGA72_General_Debate_2017/spain__es_en.pdf,2017,fd4133064e0fd9a7f1283aabd18720dd00926ec3bcaf5219bd64f37d580116e7,2017|2018,2017,,"                                                                                   1""""01
     ESPANA




                       INTERVENCION DEL
   MINISTRO DE ASUNTOS EXTERIORES Y DE COOPERACION DE ESPANA

              EXCMO. SR. D. ALFONSO DASTlS QUECEDO

                   EN EL DEBATE GENERAL DEL
        SEPTUAGESIMO SEGUNDO PERioDO DE SESIONES DE LA
           ASAMBLEA GENERAL DE LAS NACIONES UNIDAS

                  Nueva York, 21 de septiembre de 2017

                          (Cotejar con intervenci6n definitiva)




                       STATEMENT BY
    THE MINISTER FOR FOREIGN AFFAIRS AND COOPERATION OF SPAIN

                      H.E. MR. ALFONSO DASTIS QUECEDO


                 AT THE GENERAL DEBATE OF THE
 SEVENTY-SECOND SESSION OF THE UNITED NATIONS GENERAL ASSEMBLY


                   New York, 21 September 2017

                          (Check against delivery)




       MISION PERMANENTE DE ESPANA EN LAS NACIONES UNIDAS
245 EAST 47TH STREET , 36TH FL., NUEVA YORK , N.Y. 10017 TEL. (212) 661-1050
        Mr. President ,
        Mr. Secretary General,
      Heads of State and Government,
       Ladies and Gentlemen,


       Please allow me to first welcome the election of Miroslav l.ajcak as President of the
Assembly and to wish him every success  in  his important  role. This seventy-second
session is the first during the term of Secretary-General Antonio Guterres. The Secretary­
General can count on Spain's unwavering support for his work.
       Mr. President, Ladies and Gentlemen,
Spain is eager to make meaningful contributions to a fairer and freer world , a world with
greater solidarity.
       This  assertion  of our compromise  is particu",cross_year_duplicate_review
UNGA72_General_Debate_2017_statements/UNGA72_General_Debate_2017/spain__es_es.pdf,2017,409d2d2ce6e8047ed5012aad391ca957d0456722f14e01cc1ff768781794bd45,2017|2018,2017,,"                                                                                   1""""01
     ESPANA




                       INTERVENCION DEL
   MINISTRO DE ASUNTOS EXTERIORES Y DE COOPERACION DE ESPANA

              EXCMO. SR. D. ALFONSO DASTlS QUECEDO

                   EN EL DEBATE GENERAL DEL
        SEPTUAGESIMO SEGUNDO PERioDO DE SESIONES DE LA
           ASAMBLEA GENERAL DE LAS NACIONES UNIDAS

                  Nueva York, 21 de septiembre de 2017

                          (Cotejar con intervenci6n definitiva)




                       STATEMENT BY
    THE MINISTER FOR FOREIGN AFFAIRS AND COOPERATION OF SPAIN

                      H.E. MR. ALFONSO DASTIS QUECEDO


                 AT THE GENERAL DEBATE OF THE
 SEVENTY-SECOND SESSION OF THE UNITED NATIONS GENERAL ASSEMBLY


                   New York, 21 September 2017

                          (Check against delivery)




       MISION PERMANENTE DE ESPANA EN LAS NACIONES UNIDAS
245 EAST 47TH STREET , 36TH FL., NUEVA YORK , N.Y. 10017 TEL. (212) 661-1050
       Senor Presidente,
       Senor Secretario General,
       Senores Jefes de Estado y de Gobierno,
       Senoras y senores,


      Permitame en primer lugar saludar la eleccion de Miroslav Lajcak como Presidente
de  esta  Asamblea  y  desearle  muchos  exitos  en  su  alta  responsabilidad.  Este
septuaqesirno segundo periodo de sesiones es tambien  el primero en el mandato del
Secretario General Anton io Guterres. El Secretario General cuenta con el firme respaldo
de Espafia en el desernperio de su labor.
      Senor Presidente, senoras y senores,
      Espana quiere redoblar sus esfuerzos para  la consecucion de un mundo rnas
justo, rnas Iibre y",cross_year_duplicate_review
UNGA72_General_Debate_2017_statements/UNGA72_General_Debate_2017/sudan__sd_ar.pdf,2017,4c83da46981e2cd6a8b08632a2c81b4f8cc3e9f61322014419b1da4666e41a8d,2017|2018,,,"   U D A N
                PERMANENT MISSION TO THE UNITED NATIONS                           f 305 East 47th Street, New York, N.Y. 10017 -Tel: (212)573-6033, Fax: (212)573-6160





     H.E. Prof. ibrahim Ahmed Abdelaziz Ghandour
Minister for Foreign Affairs of The Republic of The Sudan

          oily1 ""    '

",cross_year_duplicate_review
UNGA72_General_Debate_2017_statements/UNGA72_General_Debate_2017/suriname__sr_en.pdf,2017,aebeefb9dcac9e36aed487bbff9b95c9befeada52a4a478ad214fc7eec1618b8,2017|2018,2017,72,"              STATEMENT

                      by

   Her Excellency Yldiz Pollack-Beighle

Minister of Foreign Affairs of the Republic of
               Suriname



     On the occasion of the General Debate
                           of the
                 72nd Session of the
         United Nations General Assembly




                    New York

                 23 September 2017





                                                     Please check against delivery.
Mr. President, Excellencies Colleagues, Ladies and Gentlemen,

On behalf of His Excellency Desiré Delano Bouterse, President of the Republic of
Suriname, I wish to extend to Mr. Lajčák congratulations on his election to preside
over the General Assembly.

Suriname is grateful to the past Chair for his efforts in addressing the issues of the
small and vulnerable states within the SIDS construct. We wish Mister Peter Thomson
success in his new role as Special Envoy of the Secretary General on Oceans.

Mr. President,

Allow me to address critical issues related to the theme of this year’s session, which
are directly related to Suriname and the Region we belong to.

Natural disasters and Climate Change
Suriname, Mr. President, cannot but  give special attention  to the extraordinary
fashion in which the annual hurricane season has presented itself in the Caribbean.
Our thoughts go out to the many families, the mothers, the children, the elderly and
the sick who are living the worst possible nightmares!

We are convinced that those affected will be comforted with the hope that all is not
lost, since the world community stands with them and pray for the betterment and
speedy recovery of our Region.

We also ",cross_year_duplicate_review
UNGA72_General_Debate_2017_statements/UNGA72_General_Debate_2017/sweden__se_en.pdf,2017,49ad367a9f3b07367acf6698a7f730e9fbcb0f0d0813bd9ad5868a1da0741189,2017|2018,,,"CHECK AGAINST DELIVERY

                72nd United Nations General Assembly

         National Statement on behalf of Sweden delivered by

   H.E. Ms Margot Wallström, Minister of Foreign Affairs, Sweden

                             _______________________


Mr President, Secretary-General, Excellencies,


In 1954, former Secretary-General, Dag Hammarskjöld, stated that “the United

Nations was not created to bring us to heaven, but to save us from hell”.


The need for a United Nations that seeks to save us from humanity’s worst impulses

remains. However, in these days of uncertainty we must also learn from - and build on

- what is positive in our world, and in the United Nations.


In his important address on Tuesday, our Secretary-General laid out the threats and

challenges we face; and how we can overcome them. Delivering a peaceful and

prosperous future will depend on collective action.


This is the moment for multilateralism, not unilateralism. We must grasp it or risk the

consequences.


The United Nations is at the centre of this effort. It is a tailor-made space for the world

to find the solutions to the common challenges of our time. And, despite the,

sometimes justified, criticisms, it is clear that we still believe in the United Nations’

power. If we did not, Presidents, Prime Ministers, business and civil society leaders

would not be here this week. I believe that we all recognise, that in the face of global

challenges, ‘going it alone’ is no longer an option.





                                           1
CHECK AGAINST DELIVERY


The United Nations, founded to save succeeding generations from the scourge of war

and to promote better standard",cross_year_duplicate_review
UNGA72_General_Debate_2017_statements/UNGA72_General_Debate_2017/switzerland__ch_en.pdf,2017,f607c36f6b349271222e719a00cbc3e2b90d55c3c0b6de7fbda9aa01a35067ca,2017|2018,2017,72,"Working together for a strong UN – for the
benefit of us all




      Statement by the President of the Swiss Confederation,
                Son Excellence Doris Leuthard,
              for the High-Level Week of the 72nd session
               of the United Nations General Assembly
                    in New York, 19 September 2017



                                                              The spoken word is final!





President of the General Assembly

Secretary-General

Heads of State and Government

Excellencies

Ladies and Gentlemen

Humanity has indeed made considerable progress since the beginning of this century in the fight
against the worst evils in the world, such as hunger, extreme poverty and poor access to education.
Nevertheless, there are still 795 million people going hungry, and every ten seconds a child dies of
starvation and malnutrition. In addition, we face further challenges: climate change, global
inequality, conflicts and humanitarian disasters, as well as forced displacement and migration.

No country, no actor alone can find solutions to the challenges of today. They are simply too big;
they are too complex; they do not stop at borders; and they concern the whole community of
nations.

We therefore need a forum where we can meet. We need a forum where we can develop solutions
and monitor their implementation. We need an actor with the necessary legitimacy throughout the
world to help implement solutions.
In other words, we need the UN, and we need a strong UN. That we are living at a time when this
has to be re-affirmed is a warning sign! In order to maintain and strengthen the UN’s ability to act,
we need to make new investments. Switze",cross_year_duplicate_review
UNGA72_General_Debate_2017_statements/UNGA72_General_Debate_2017/syrian-arab-republic__sy_ar.pdf,2017,9e0765d8a3a111dcd87e9f1d2132337f861e1637d7f4c26b190f8bfda3c4da7c,2017|2018,,,"THE PERMANENT MISSION OF THE SYRIAN ARAB
                                                         j^Vl       4—ftjIjJIREPUBLIC TOTHE UNITED NATIONS - NEW YORK

                                          *


                     lOiall iMi
         MjUtItc              'ibiAJI


                 ^j*ii


                         fUl





                   \  ^V(J^^i TV —liljjjj^               C'liiyi Ajc. jj-ajll AjuIoa pL^^l


                                                                         1
     (_s-^^  (jl5 4^1aJ1           ^l*Ji  ^LtiuaaAl 1-ui^         A.""'li           ^  cninj
                   4j*.AaJI  (JLac.i Sjl^ ^            ftiq-^ tff^        jSjil Lo^        ^La^i
      jaU                     4.j]jp  (.5^                                  .^J> »iH           (j^              .AjjhJaLoll
^Vi  (3^^^             .Ik-alAA]  l)i)*^  AjUI9|.i.iiflj ^>UajJaVi ^   ^la-ill  a1  Ij'ixn^  tS^alAll

                                                                                                                        .5.l2k3<6ll

                                                                 (SjLuJIj tiiijjLuJi i^i
^ ^""i..»A        jajuy  '          1.^* )  #La^J O^^Jaa.g  ^J^^jtjuda                   ^                                                      *              i
plj^l ^1 ^Uil SjIoI     cl^lj^j L-J^xjill       I^jIojAj l^jJajua (>a^ (.5*^    U^
4-il^.^l            t^l.^33lj t        ^1j ^(JlAjua)^                      (-jiafill
^Ic.            iLai  jSjjj UjljP                       Cy^ S^la. (J^axJ        LSS^J t^LuoVl^
                           .l^l^LuoA ^JOIwHJ^ C5^ UJjJUuall (3^

       I^UjI  frLoJ   (j-tt  C^JaAlj  ULaji         ^IjlSI  LJ^Xjui  ",cross_year_duplicate_review
UNGA72_General_Debate_2017_statements/UNGA72_General_Debate_2017/syrian-arab-republic__sy_en.pdf,2017,0f759e0d5aa5af1de854bbe588e1ba48d9c5b90d3f9c2e4f5e991f1fa367d238,2017|2018,,,"THE PERMANENT MISSIONOFTHE SYRIAN ARAR                               ^\V\   3                    A.                A..      A
                                                                                      jk_oVl (^<1—I ^  fliljjlREPORUC TO THE UNinO NATIONS - HEW YORK




                        Statement by

                   H.E. WalidAl-Moualem

                   Deputy Prime Minister

            Minister ofForeign Affairs andExpatriates

                       Of

                 The Syrian Arab Republic

       Head ofthe delegation ofthe Syrian Arab Republic

                           At

                   The General Debate
    Ofthe 72""^ Session ofthe UnitedNations General Assembly

                    New York

                    September 23'''', 2017




   Please check against delivery
President of the seventy-second session of the United Nations General Assembly,

        I would liketo congratulate youon yourelection as president of thecurrent session ofthe
General Assembly and wishyou all success. I would also like to thank yourpredecessor for his
important role at the helm of the General Assembly during the previous session. I congratulate
Mr. Antonio Guterres on his appointment as Secretary-General of the United Nations and wish
him the best in carrying out his responsibilities in service of the principles and purposes of the

UN Charter.

Ladies and gentlemen,

     As we meetagain,our world is facing mounting challenges and dangers on a dailybasis,
and a persistent standoffbetween two sets of forces: forces that seek to control and dominate
nationsand theirriches, by turningbackthe clock, re-establishing a unipolar worldorder, fueling
chao",cross_year_duplicate_review
UNGA72_General_Debate_2017_statements/UNGA72_General_Debate_2017/tajikistan__tj_en.pdf,2017,7000b89e14adb35e18b653a12ba2fc846d24f130ac09c4194b215b9379351973,2017|2018,2017,72|72,"PERMANENT MISSION OF TAJIKISTAN TO THE UNITED NATIONS
        216 East 49th Str., New York, N.Y. 10017; tel: (212) 207-3315;
                   fax: (212) 207-3855; e-mail: tajikistanun@un.int





             STATEMENT
                      by
              H.E. Emomali RAHMON
         President of the Republic of Tajikistan
                            at
the 72nd session of the United Nations General Assembly.


          New York, 19 September 2017





           Check against delivery





                                                                           1
Distinguished Mr. President,

Distinguished Mr. Secretary-General,

Distinguished Delegates,

Heads of State and Government,

Ladies and Gentlemen,

      At the outset, I would like to congratulate Mr. Miroslav Lajcak on his election as President
of  the  72nd  session  of  the UN General Assembly and wish him every  success  in  the
implementation of his most noble duties.
     May I also express my sincere appreciation to Mr. Peter Thomson for his continuous
support of Tajikistan’s national and international initiatives during his tenure of presidency at the
71st session of the UN General Assembly.

      The dynamic processes of globalization over the past decades, on the one hand,
contributed to the expansion of political and economic ties among countries, to integration among
different regions of the world, and, on the other hand, brought about massive challenges to the
people of the planet.
        In this context, the concerted efforts of the UN member states at ensuring safe and
peaceful life for the people have encountered serious obstacles.
              In this regard, the United Nations, as a",cross_year_duplicate_review
UNGA72_General_Debate_2017_statements/UNGA72_General_Debate_2017/thailand__th_en.pdf,2017,63ee8d45b6d2f965293a067667e151df59fb055ff2f6dc27ff9f056ca5d26b1c,2017|2018,2017,,"                                                         As of 21 Sep. 2017 @ 23.45 hrs.


                   Statement of His Excellency Mr. Don Pramudwinai
                    Minister of Foreign Affairs of the Kingdom of Thailand
                              at the General Debate of the 72""d Session
                             of the United Nations General Assembly
             on ""Focusing on people: strivingfor peace and a decent life for all
                              on a sustainable planet""
               at the United Nations Headquarters, New York, United States of America
                                     September, 2017


        Mr. President,

/             1. I am sure I speak on behalf of everyone here that our hearts and prayers are
            witti everyone in the Caribbean now facing the devastating effects of hurricanes,
         especially in Dominica and Puerto Rico. Our prayers are also with people of
           • Mexico in the aftermath of the deadly earthquake on Tuesday.


        Mr. President,


             2. Over the past few days, the words ""we the peoples"" have been echoed in
           this august assembly many times. Thailand shares the view of Secretary General
         Guterres and many member states that we need to focus more on the people and
         less on bureaucracy. The United Nations must be less about debates but more
         about actions and can truly impact changes on the ground.

             3. At the General Assembly this year, it is gratifying to hear world leaders
         focusing on people. Indeed, the life, survival, 'ond prosperity of a nation depend
       on the quality of life of its people. When peop",cross_year_duplicate_review
UNGA72_General_Debate_2017_statements/UNGA72_General_Debate_2017/timor-leste__tl_en.pdf,2017,1e75984a6e6d1779d388b9d268de1d4ccc0b8e8cd3f755af6ad8a16c80b708d4,2017|2018,2027,,"        SPEECH BY HIS EXCELLENCY FRANCISCO GUTERRES LU OLO
        PRESIDENT OF THE DEMOCRATIC REPUBLIC OF TIMOR-LESTE
     AT THE 72ND SESSION OF THE UNITED NATIONS GENERAL ASSEMBLY


                       TO BE DELIVERED
                            BY
                         H.E. MS. MARIA HELENA PIRES
  PERMANENT REPRESENTATIVE OF TIMOR-LESTE TO THE UNITED NATIONS


                      New York, 20 September 2027





Check against delivery
                                                                2


Excellencies, Mister President of the UN General Assembly
Mister Secretary General of the United Nations

I extend my congratulations to Mr President Miroslav Lajÿk on his election by the General
Assembly as well as my best wishes of success, and I salute the outgoing president Peter
Thomson for his leadership in conducting the work of the 71st session.




We, the United Nations

It is a happy coincidence that I was given the opportunity to address this General Assembly
today- on this very same day, 18 years ago, the first Australian and New Zealand personnel of
the INTERFET, the International Force in East Timor, arrived in my country, occupied at the
time. The arrival of that UN-mandated force on 20 September 1999 put an end to the
bloodshed and paved the way for us to attain national independence voted for the majority of
the Timorese people at the referendum for self-determination held under the supervision of
the United Nations, pursuant to international law.

On behalf of the Timorese people, I reiterate my heartfelt gratitude to the United Nations and
to all civilians and servicemen who, under the flag of the United Nations, protect innocents and,
ultima",review_header_conflict
UNGA72_General_Debate_2017_statements/UNGA72_General_Debate_2017/togo__tg_fr.pdf,2017,d8a420347d28d1cea8bfe4ad86200ece17e3f07db102ec49d8e0c97cf9e7562c,2017|2018,,,"

",cross_year_duplicate_review
UNGA72_General_Debate_2017_statements/UNGA72_General_Debate_2017/tonga__to_en.pdf,2017,7a68b36aa84d71cd6a0a2c8411983797bc53a3dd20f685470bf0d98c84618814,2017|2018,2017,72,"                   Statement of


               HIS MAJESTY KING TUPOU VI


SOVEREIGN AND HEAD OF STATE OF THE KINGDOM OF TONGA

               on the occasion of the

                    General Debate

                at the Seventy-second Session

          of the United Nations General Assembly


                Friday, 22nd September 2017


        United Nations Headquarters, New York
Mr. PresidenL


I congratulate you on the assumption of your presidency of the 72nd Session of the United

Nations General Assembly and I assure you that the Tonga delegation will fully support your

able leadership in revitalizing and enhancing the crucial role of this august Organization.



[ express gratitude to your predecessor, His Excellency Mr. Peter Thomson, a distinguished

son of the Pacific Islands Region, with progressing the implementation of the 2030

Development Agenda and successfully convening the inaugural Ocean Conference this year.



I also commend His Excellency Mr. Ant6nio Guterres the United Nations Secretary-General,

for the sterling stewardship since the beginning of his first year at the helm. The Tonga

delegation will fully support your important reform work.


We send our message of solidarity and sympathy to the people of Mexico, their families and

friends affected by the devastating earthquake and; to the millions of people in the Caribbean

and all those affected in recent weeks by the utter ravages of successive hurricanes.



Mr. President,



My delegation and I welcome your timely and relevant theme: ""Focusing on people: sn-iving

for peace and a decent life for all on a sustainable planet."" It essentially emphasizes the

peaceful wellbeing of a",cross_year_duplicate_review
UNGA72_General_Debate_2017_statements/UNGA72_General_Debate_2017/trinidad-and-tobago__tt_en.pdf,2017,16f3ee983466cab7bb844d05ff6991db2182d998cf3f863a67c9e2e0d6c132d4,2017|2018,2017,,"   TRINIDAD AND TOBAGO

PERMANENT MISSION OF THE REPUBLIC OF TRINIDAD AND TOBAGO TO THE UNITED NATIONS
     633 Third Avenue, 12th Floor • New York, N.Y. 10017 • Tel.: (212) 697-7620 • Fax: (212) 682-3580




                                                                     Please Check Against Delivery


                 Trinidad and Tobago

                   National Statement

                       by

         Senator the Honourable Dennis Moses

      Minister of Foreign and CARICOM Affairs ofthe

            Republic of Trinidad and Tobago

                           for the

   General Debate ofthe Seventy-second Session ofthe

           United Nations General Assembly





                                                                                           sl>




                          United Nations, New York
                           23 September 2017
Mr. President
Secretary General
Excellencies
Ladies and gentlemen


Eachyear, as a community of nations, we gather together to reaffirm the possibilities and potential
that come from our resolve,that findingsolutions to the many challengesfacing our planet canbest
be achieved through our collective action, shared dialogue, and striving for peace and a decent life
for all peoples.

On behalf of the Government and people of the Republic of Trinidad and Tobago, 1 am honoured
and delighted to address this Assembly today. 1 extend heartfelt congratulations to you on your
election as President of the 12^^ Session. We are confident that you will discharge your mandate
with efficiency and impartiality for the benefit of all nations, and you have the support of our
delegation

Further,  I seize  this opport",cross_year_duplicate_review
UNGA72_General_Debate_2017_statements/UNGA72_General_Debate_2017/tunisia__tn_ar_25.pdf,2017,018d75a7d00ffdef1009abe17fe6bfffb7dfdda0c0598074e079bb4fac8886f5,2017|2018,2017,,"REPUBLIC OF TUNISIA
 MINISTRY OF FOREIGN                           oi>^l 5jli3
       AFFAIRS                                               - J

                  m





                 A^jSl)                   Jih

          e.i»l4ll ^,4^ ^Ixll 4jt n-)ll

                           (2017     22


                Statement of H.E. Mr. Khemaies Jhinaoui,
            Minister of Foreign Affairs of the Republic of Tunisia

     on the occasion of the General debate of the 72""^ Session of the
                 General Assembly of the United Nations

                       (New York, 22 September 2017)
                                                                                        taLLumJI

                                                                                       iAjum/JI
                               6^1      tl^j^,.q-4.vJI ujLse,^!
                                               ^UtXI (i^Lse,^!
                                           (SjLmaJI^ cjI>,Lc<«JI

UiX-jj^""   :i^l             ^1^1  ^
 <AisA\ Sjj^ l^luj ^jUjji    "" Miroclav Lajcak

 j^jJaji         JJ^I   <-ilj\m   A^jjj     ^ji    Jjl    LaS
<ljj LJ sjiaiJi ^bu ^i*]| (j^vi ""Antonio GuterresL>-:Jj:jjj^
4,irtLuill AjaaVI                            (j^ A-al^^ Ar->tU. ul
(jjJj^l  tj-aVlj  ^»LJ1  Jilskj      \luKirtl  (_jjja-4]| jj^l jjj«jj

                                                       .'LdljluiAll 'LlojjII

^LuJi Sjj^ aj^Uj j!ik A^i ""Peter Thomson uj*^jj
            jku Ufl          SS=LLa]l ^bU ^UJl ^JXASJI

                              .2030     ^Iji-a1I
",cross_year_duplicate_review
UNGA72_General_Debate_2017_statements/UNGA72_General_Debate_2017/tuvalu__tv_en.pdf,2017,d76531c7b71c5bc4e2f9d963ca23c49e7fabdaabf8f0092d43c4a6bf167a90a9,2017|2018,2017|2000,72,"                TUVALU





                    Statement
                  Presented by the
       PRIME MINISTER OF TUVALU

          Honourable Enele Sosene Sopoaga

                         at

The 72""d Session of the United Nations General Assembly

                  General Debate

                September 21, 2017

              New York
 President of the General Assembly
 Excellencies
 Ladies and Gentlemen


 1.   Next week on the 1st of October, Tuvalu will mark its 39th Anniversary of
 Independence. It gives me great pleasure, on behalf of the Government and people of Tuvalu,
 to thank the United Nations and all its Membership for granting Tuvalu the recognition of
 full sovereignty in October 1978.

2.   Twenty-nine years after on the eve of the 21st Century, September 2000, Tuvalu was
 admitted as the 169th Member of the UN, with the rights of full participation as a Member of
the UN Family. Our joining the UN is a journey of hope. Hope in the noble values of this
great body, the UN, and trust in its ability to assure humanity, including small and
vulnerable countries like mine, peace and security, and prosperity for our survival.

3.     I record Tuvalu's sincere gratitude to the UN and its specialized agencies,
development partners especially our traditional partners in the Pacific, regional bodies of
the Pacific, friends in Asia, India, South Korea, Japan, in the Republic of China/Taiwan, in
the EU and others for all your support to my island nation of Tuvalu. We welcome the
friendship and partnership of UN members and other entities as we advance forward.


4.  Mr President, we applaud the theme of the 72nd General Debate, ""Focusing on people:
striving fo",cross_year_duplicate_review
UNGA72_General_Debate_2017_statements/UNGA72_General_Debate_2017/uganda__ug_en.pdf,2017,7761ed12c531ec7a9bd2766fdc564e9b5a2b964ec0deee75a762f04620792f6b,2017|2018,,72,"                                   THE REPUBLIC OF UGANDA


               ADDRESS


                 BY


           H.E. YOWERI KAGUTA MUSEVENI
    PRESIDENT OF THE REPUBLIC OF UGANDA


AT THE 72ND SESSION OF THE UN GENERAL ASSEMBLY


Theme: ""Focusing on People: Striving for Peace and a Decent
                  life for all on a Sustainable Planet"".



 19TM SEPTEMBER, 2017        NEW YORK
                                      THE REPUBLIC OF UGANDA

Excellencies Heads of State and Government;

President of the UN General Assembly;

Secretary General of United Nations;

Distinguished delegates;


Ladies -and-Gentlemen.       -  ...................................................................


FOCUSING ON PEOPLE STRIVING FOR PEACE AND A
DECENT LIFE FOR ALL, ON A SUSTAINABLE BASIS

I congratulate H.E. Mr Miroslav Lajÿk on his election as
President of the 72nd Session of the UN General Assembly and
assure him of Uganda's support. We are confident that he will
lead the Assembly effectively and successfully. I would also like
to express our gratitude to H.E. Mr Peter Thomson, for his
leadership of the 71st Session. I pay tribute to the Secretary-
General, H.E. Ant6nio Guterres, for his personal dedication and
commitment to the work of the United Nations.

The theme for this Session, ""Focusing on People: Striving for
Peace and a Decent life for all on a Sustainable Planet"" is
very pertinent.

I am happy this topic is being discussed. I have always
wondered why the elites in the different countries of the world
do not see this. Who would lose if all the people on the globe
led a decent life of:
(a)  having 2,000-2,500 calories per day for an adult person;
     having immun",cross_year_duplicate_review
UNGA72_General_Debate_2017_statements/UNGA72_General_Debate_2017/ukraine__ua_en.pdf,2017,465276e3d5ae36e89a8834f7f095fe2891939a105276b4246ac87b8d860bc143,2017|2018,2017,72|72,"          Statement by H.E. Mr. Petro Poroshenko,

                    President of Ukraine,

                 during the General Debate

  of the 72nd session of the United Nations General Assembly



                               September 20, 2017





Distinguished Mr. President,

Excellencies,

Ladies and gentlemen,

On behalf of Ukraine, I sincerely congratulate the honorable Mr. Miroslav Lajčák on his
election as President of the 72nd session of the General Assembly.

Mr. President, Ukraine fully supports all six priorities defined by you for the upcoming
session and is ready to assist you in your noble efforts.

A lot must be done to translate our common vision of a peaceful, prosperous and equal
world into reality.

The spiral of violence continues to affect more and more countries and regions.

Transnational terrorism, use of force in international relations, proliferation of weapons
of mass destruction, refugee crisis, poverty, human rights violations and environmental
fragility are only some of the challenges we face.

The scope of threats demands our joint resolute response.

It is time to act and we have a very narrow window of opportunity to avoid sliding down
into irreversible chaos.
The United Nations should be at the forefront of this process.

Ukraine has always advocated the need to reform the United Nations to meet the most
urgent global challenges timely and adequately.

In this regard, we welcome the efforts of the Secretary-General, since the first day of his
mandate, to develop and implement a robust, comprehensive UN reform agenda.

No less than we welcome and support the US initiative to promote an effective and
meaningful reform of the United ",cross_year_duplicate_review
UNGA72_General_Debate_2017_statements/UNGA72_General_Debate_2017/united-arab-emirates__ae_ar.pdf,2017,ea16cc46d697150df0c37dcccb6a60f850206c53a11e0656cf6b22d13d25e85f,2017|2018,,,"PERMANENT MISSION OF THE
    UNITED ARAB EMIRATES
   TO THE UNITED NATIONS
            NEW YORK





                         ,,Lÿ





                   2017 ÿ 22 ÿ.ÿ..ÿ.""





                            Page I of 7
PERMANENT MISSION OF THE
    UNITED ARAB EMIRATES
   TO THE UNITED NATIONS
            NEW YORK





                                        :_ÿYl M o.4.s ÿ M oL>iÿ





                             Page 2 of 7
",cross_year_duplicate_review
UNGA72_General_Debate_2017_statements/UNGA72_General_Debate_2017/united-kingdom-great-britain-and-northern-ireland__gb_ar.pdf,2017,35c0de2c07421b536c7bdf9bc6b7db16567b81515aa227f748933494cd928e38,2017|2018,,,"       اﻳﺮﻟﻨﺪوآ ﻟﻌﻈﻤﻰ ا ﻟﱪﻳﻄﺎﻧﻴﺎ ةﳌﺘﺤﺪا ﳌﻤﻠﻜﺔ ا وزراء ﺋﻴﺴﺔر ﻛﻠﻤﺔ
  ةﳌﺘﺤﺪا ﻟﻸﻣﻢ ﻟﻌﺎﻣﺔا ﻟﺠﻤﻌﻴﺔا مﻣﺎأ ،يﻣﺎ اﻳﺰريﺗ ةﻟﺴﻴﺪا ، ﻟﻴﺔ ام ﻟﺸ ا


Published:
2017 سبتمبر 20
Delivered
2017 سبتمبر 20
( Transcript of the speech, exactly as it was delivered)

       < HkÞÞþÖ<ÜøÇj‰]æ <°ée^â…ý]<ívÊ^ÓÚæ <HäÖ<ë‚’jÖ]æ <h^â…ý]<î×Â<íÚ^ÃÖ]<íéÃÛ¢]<Ý^Ú_<^ãjÛ×Ò<» <Hë^Ú <]ˆèi<Hð]…‡çÖ] <íŠéñ…<lˆÒ…
            <çjéËÖ]<…ææ <íè…ç‰ <» <íéÞ^ŠÞý]<ì^‰`¹]<gÞ^q<±c<HåÆæ<¼‰æù] <Ñ†Ö]<» <…]†Ïj‰÷] <Ý‚Ãe <gfŠj×Ö<ð^Ş‰æ <Ùø}<àÚ<ØÛÃi<Ùæ<Ù^ÃÊ_æ
                                                                                                                                                                                                                                .^ãéÊ <ê‰æ†Ö]


                                    ﺗﻜﻤﻦ ﲢﺪﻳﺎﺕ ﻧﻮﺍﺟﻪ ، ﺍﻟﻌﺎﻣﺔ ﺍﳉﻤﻌﻴﺔ ﻫﺬﻩ ﰲ ﻧﻠﺘﻘﻲ ﻭﳓﻦ ، ﺇﻧﻨﺎ
                                                          ﻗﻴﻤﻨﺎ ﲣﺘﱪ ﲢﺪﻳﺎﺕ  ﺇﻬﻧﺎ . ﻛﺄﻣﻢ ﳓﻦ ﻣﻦ : ﺍﻟﺴﺆﺍﻝ ﺻﻤﻴﻢ ﰲ
                                                ﺗﻌﺰﺯ ﺍﻟﱵ ﻭﺍﳌﻌﺎﻳﲑ ﺍﻟﻘﻮﺍﻋﺪ ﻋﻦ ﺍﻟﺪﻓﺎﻉ ﻋﻠﻰ ﻭﺇﺻﺮﺍﺭﻧﺎ ﻭﺭﺅﻳﺘﻨﺎ
                                                             ﺍﻟﻌﺎﻡ ﻫﻨﺎ ﻛﻠﻤﱵ ﰲ ﻨﺖ ﺑﻴ ﻭﻛﻤﺎ . ﺍﳌﻮﺍﻃﻨﲔ ﺇﺧﻮﺍﻧﻨﺎ ﻭﺍﺯﺩﻫﺎﺭ ﺃﻣﻦ
                                            ﲢﺘﺮﻡ  ﺃﻭ ﺗﻌﺘﺮﻑ ﻻ ﺍﻟﺘﺤﺪﻳﺎﺕ ﻫﺬﻩ ﻣﻦ ﺍﻟﻜﺜﲑ ﻓﺈﻥ ،ﺍﳌﺎﺿﻲ
           5ﻫﺬﻩ ﺑﻠﺪﻱ ﰲ ﻣﺮﺍﺕ   ﺫﻟﻚ ﰲ ﲟﺎ ، ﺑﻠﺪﺍﻧﻨﺎ ﻣﻦ ﺑﺎﻟﻜﺜﲑ ﻋﺼﻒ ﺍﻟﺬﻱ ﺑﺎﻹﺭﻫﺎﺏ ﻃﺒﻌﺎ ﺃﻓﻜﺮ ﺇﻧﲏ . ﺍﳉﻐﺮﺍﻓﻴﺔ ﺣﺪﻭﺩﻧﺎ
ﻭﻫﻢ ، ﺍﳌﺘﻄﺮﻑ ﺍﻟﻔﻜﺮ ﳓﻮ ﻳﻨﺠﺬﺑﻮﻥ ﺍﻟﺬﻳﻦ ﺍﻷﻓﺮﺍﺩ ﻣﻦ ﺍﳌﺘﺰﺍﻳﺪﺓ ﺍﻷﻋﺪﺍﺩ ﺗﻠﻚ ﺍﻹﺭﻫﺎﰊ ﺍﻟﺘﻬﺪﻳﺪ ﻫﺬﺍ ﻳﺆﺟﺞ ﻭﳑﻦ . ﺍﻟﺴﻨﺔ
ﻋﱪ ﻳﻨﺠﺬﺑﻮﻥ ﻣﻨﻬﻢ ﻛﺜﲑﻳﻦ ﺇﻥ ﺑﻞ ، ﺍﻻﺳﺘﻘﺮﺍﺭ ﻭﻋﺪﻡ ﺑﺎﻟﺼﺮﺍﻉ ﺍﺑﺘﻠﻴﺖ ﺍﻟﱵ ﺍﻷﻣﺎﻛﻦ ﰲ ﻥﻳﻌﻴﺸﻮ ﳑﻦ ﻓﻘﻂ ﻟﻴﺴﻮﺍ
ﺇﱃ ﻳﺆﺩﻱ ﺍﻟﺬﻱ ﺍﳌﻨﺎﺥ ﺮﺑﺘﻐﻴ ﺃﻳﻀﺎ ﻭﺃﻓﻜﺮ . ﺍﻟﺼﺮﺍﻋﺎﺕ ﺗﻠﻚ ﻣﻦ ﺍﻷﻣﻴﺎﻝ ﺁﻻﻑ ﻌﺪﺑ ﻋﻠﻰ ﺑﻴﻮﻬﺗﻢ ﰲ ﻭﻫﻢ ﺍﻹﻧﺘﺮﻧﺖ
                                     ",cross_year_duplicate_review
UNGA72_General_Debate_2017_statements/UNGA72_General_Debate_2017/united-kingdom-great-britain-and-northern-ireland__gb_en.pdf,2017,3083d314e513c1909817ef9a30f3f4bbb34f2e23798e0bbe575108d01dd09e8e,2017|2018,2017,72,"                Statement made by

     Her Excellency Theresa May, Prime Minister,
 United Kingdom of Great Britain and Northern Ireland

               At the General Debate
      of the 72nd Session of the General Assembly

               United Nations, New York, 20 September 2017



Mr President, Excellencies, ladies and gentlemen, I would like to begin
by expressing my sincere condolences to the government and people of
Mexico following the devastating earthquake. I also want to reiterate my
sympathies to those affected by the recent hurricanes in the Caribbean.
Our thoughts are with them all at this time.

As we meet at this General Assembly we face challenges that go right to
the heart of who we are as nations. Challenges that test our values, our
vision and our resolve to defend the rules and standards that underpin
the security and prosperity of our fellow citizens. As I argued in my
speech here last year, many of these challenges do not recognise or
respect geographical boundaries. I think of course of the terrorism that
has struck so many of our countries including my own 5 times this year.
And fuelling that terrorist threat the increasing numbers being drawn to
extremist ideologies not only in places riven by conflict and instability,
but many online in their homes thousands of miles away from those
conflicts. I think of the climate change which is depleting and degrading
the planet we leave to our children.

And I think of the vast challenges that come from the mass displacement
of people. Many are refugees fleeing conflict and persecution. Others,
economic migrants, prepared to risk everything on perilous sea
crossings in the desperate search for a better l",cross_year_duplicate_review
UNGA72_General_Debate_2017_statements/UNGA72_General_Debate_2017/united-republic-tanzania__tz_en.pdf,2017,13698fdae6a25aa22b9229ecb6db473f55067f185e85c39a62677ad68055ed2a,2017|2018,,72,"            Permanent Mission of the United Republic of Tanzania



                     CHECK AGAINST DELIVERY





                STATEMENT BY
    H.E. AMBASSADOR DR. AUGUSTINE P. MAHIGA (MP),
  MINISTER FOR FOREIGN AFFAIRS AND EAST AFRICAN
 COOPERATION OF THE UNITED REPUBLIC OF TANZANIA
AT THE 72nd SESSION OF THE UNITED NATIONS GENERAL
     ASSEMBLY, NEW YORK, 23 SEPTEMBER 2017





            NEW YORK. 23 SEPTEMBER 2017





           307 East 53rd Street, 5™Floor, New York NY 10022
                 Tel. No. 212-697-3612  | Fax. No. 212-697-3618
 Your Excellency, Mr. President;
 Your Excellency, Mr. Secretary-Qeneral;
 Excellencies Heads of State and Government;
 Excellencies Heads of Delegatio|is;

 Ladies and Gentlemen.


 I congratulate you Mr. President on your election to preside over the deliberations of
 this august Seventy-Second Assembly of the United Nations. My delegation pledges
 full support to you and your Bureau.

Allow me also to convey warm fraternal greetings from H.E. Dr. John Pombe Joseph
Magufuh, President of the United Republic of Tanzania, who wished to be here but
due to other pressing commitments at home is unable to attend this Session of the
Assembly.  President Magufuli has sent me  to  assure  this Assembly that his
Government will continue to support the United Nations and its noble mandate to
promote global peace, security, freedom and development. He also wishes to extend
Tanzania's imwavering support and cooperation  to the Secretary General, Mr.
Antonio Guterres as he continues to discharge his duties.

Mr. President^ My delegation pays tribute to your predecessor H.E. Ambassador
Peter Thompson, for the exemplary leadership during ",cross_year_duplicate_review
UNGA72_General_Debate_2017_statements/UNGA72_General_Debate_2017/united-states-america__us_en.pdf,2017,43e6caf890bb34661450aa208354dc6557ab2e0eb4b288b065251032a0f28614,2017|2018,,,"               STATEMENT BY

              H.E. MR. DONALD TRUMP
 PRESIDENT OF THE UNITED STATES OF AMERICA

     AT THE SEVENTY-SECOND REGULAR SESSION
    OF THE UNITED NATIONS GENERAL ASSEMBLY

         UNITED NATIONS HEADQUARTERS,
     NEW YORK TUESDAY, SEPTEMBER 19, 2017




                        AS DELIVERED

Mr. Secretary General, Mr. President, world leaders, and distinguished delegates:
Welcome to New York. It is a profound honor to stand here in my home city, as a
representative of the American people, to address the people of the world.

As millions of our citizens continue to suffer the effects of the devastating hurricanes
that have struck our country, I want to begin by expressing my appreciation to every
leader in this room who has offered assistance and aid. The American people are
strong and resilient, and they will emerge from these hardships more determined than
ever before.

Fortunately, the United States has done very well since Election Day last November 8th.
The stock market is at an all-time high -- a record. Unemployment is at its lowest level in
16 years, and because of our regulatory and other reforms, we have more people
working in the United States today than ever before. Companies are moving back,
creating job growth the likes of which our country has not seen in a very long time. And
it has just been announced that we will be spending almost $700 billion on our military
and defense.

Our military will soon be the strongest it has ever been. For more than 70 years, in
times of war and peace, the leaders of nations, movements, and religions have stood
before this assembly. Like them, I intend to address some of the very serious threats
before",cross_year_duplicate_review
UNGA72_General_Debate_2017_statements/UNGA72_General_Debate_2017/uruguay__uy_es.pdf,2017,80bd0af7d65b4d32df6f3c182c1dc4a91e1476b4c3a616cfd4b6b12cbd6cbb20,2017|2018,,,"   Debate General del 72 Período de Sesiones de la Asamblea General



Muy buenos días.



Al tiempo que saludamos a todas  las delegaciones, celebramos  la

realización del 72 Período de Sesiones de la Asamblea General: Uruguay

tiene la convicción de que es hoy más necesario que nunca fortalecer

estas instancias de coordinación y conducción internacional.



No hacerlo es dejar a la humanidad librada al sometimiento de poderes

de carácter transnacional que escapan a toda regulación e imponen

arbitrariamente su dominio. Ello sin perjuicio de la plena vigencia de las

soberanías nacionales, a las que, en el curso de la Historia, les resta

larga vida y valiosos retos por acometer.



Con  las  actualizaciones que resulten necesarias para adecuar sus

estructuras y metodologías a una época que es muy diversa de la que la

vio nacer,  las Naciones Unidas deben fortalecerse y su Asamblea

General, órgano principal, también debe verse jerarquizada.





                                                                                             1
Ello sería saludable, pues esta Asamblea es y seguirá siendo expresión

de un demos universal que la humanidad debe custodiar como ideal de

organización de una convivencia pacífica a escala mundial, en la que

todos  los Estados, grandes y pequeños, son igualmente dignas y

respetables.



La política exterior de Uruguay se ha centrado en determinados pilares

tradicionales que han regido su accionar a lo largo de la historia, tales

como democracia, estado de derecho, respeto y promoción de los

derechos humanos, defensa del multilateralismo, así como la apuesta al

diálogo y a la paz. Estos son los principios que históricamente",cross_year_duplicate_review
UNGA72_General_Debate_2017_statements/UNGA72_General_Debate_2017/uzbekistan__uz_en.pdf,2017,2c93ea68b5290fb574c29092cd461931af3aec98e66c336b8fab50fb38aa2910,2017|2018,2017,,"                             Check against deliveÿ





      ADDRESS

              by

     H,E. Mr, Shavkat Mirziyoyev
President of the Republic of Uzbetdstan

at the General Debate of the 72""d Session
of the United Nations General Assembly





    New York, September 19, 2017
     Dear Mr. Chairman!
     Your Excellencies!
     Ladies and Gentlemen!

      Allow me to express my sincere gratitude for the opportunity to speak from the
high rostrum of the United Nations.
    A few weeks ago, our people broadly celebrated the 26th anniversary of
Uzbekistan's state independence.
     Today, Uzbekistan is rapidly developing. Carefully preserving the wisdom of
past generations, we are consciously going towards resolute reforms and are
committed to forming a new image of the country.
     The political activity is growing with profound reforms are being implemented
in all spheres. Their goal is to build a democratic state and a just society, where the
priority is implementation of a simple and clear principle - <<The human interests
come first>>.
      Following the results of the nationwide discussion, the five-year Development
Strategy of Uzbekistan was adopted. While developing it, as if we have looked at
ourselves from outside, so as not only to objectively assess our potential and
opportunities, but also pay a close attention to our failures and mistakes.
     The strategy is the program of real actions of renewal. It is already being put
into practice.
    We have declared the year 2017 as the Year of Dialogue with People and
Human Interests in our country. Our goal is to strengthen the mechanisms that make
the people's power in the country not nominal, but real.
    ",cross_year_duplicate_review
UNGA72_General_Debate_2017_statements/UNGA72_General_Debate_2017/vanuatu__vu_fr.pdf,2017,fbca71281a86ba5882fd70815e0f87b9c57e2bc148d79261bb46f3ecdddd1db1,2017|2018,,72|72|72,"     ASSEMBLEE GEÿNEÿRALE DES NATIONS UNIES

                    72e SESSION


                  DIÿBAT GiÿNÿ'RAL

La priorit# 6 I'@tre humain pour la paix et une vie d#cente pour tous sur
                    une plan#te pr#serv#e


                Dÿ'CLARATION DE



             L'Honorable Chariot SALWAi Tabimasmas

          Premier ministre de la Rÿpublique de Vanuatu
 Introduction

 Monsieur le President de I'Assemblÿe gÿnÿrale,

 Excellences,

 1. C'est un grand honneur pour moi de prononcer cette dÿclaration au nom du

gouvernement et du peuple de la Rÿpublique de Vanuatu. Je m'associe aux

 autres intervenants pour fÿliciter son Excellence, Monsieur Miroslav Lajÿk,

 pour avoir assumÿ la prÿsidence de la 72e Assemblÿe gÿnÿrale des Nations

 Unies. En tant que vice-prÿsident ÿlu par cet auguste organe, le Vanuatu se

 rÿjouit de travailler en ÿtroite collaboration avec vous pour nous guider tout au

long de cette session. Sachez que vous bÿnÿficiez de I'entier soutien de ma

dÿlÿgation.

2. Je tiens en outre ÿ faire i'ÿioge de son Excellence Monsieur Peter Thomson

pour sa vision, son leadership et son dÿvouement durant son mandat de

president de la 71e Session. Permettez-moi aussi d'exprimer ma profonde

reconnaissance au Secrÿtaire-gÿnÿral, son Excellence Monsieur Antbnio

Guterres, pour son leadership notoire jusqu'ÿ ce jour.

3. Au nom du peuple de Vanuatu, j'adresse mes sincÿres condolÿances aux

victimes du tremblement de terre du Mexique, aux victimes des cyclones Maria

et Irma qui ont dÿvastÿ les Cara't'bes, et aux victimes du cyclone Harvey qui a

ravagÿ le Texas

Du thÿme de la 72e Session et de la situation dans le monde

Monsieur le President,

4. Ma ",cross_year_duplicate_review
UNGA72_General_Debate_2017_statements/UNGA72_General_Debate_2017/venezuela-bolivarian-republic__ve_es.pdf,2017,147553569217e9d0ed92922ad82e170d5999c47d560bec0a2214c2fbd96daba3,2017|2018,,,"  INTERVENCION DEL MINISTRO DEL PODER POPULAR PARA
RELACIGNES EXTERIORES DE LA REPUBLICA BOLIVARIANA DE
 VENEZUELA, JORGE ARREAZA MONTSERRAT, EN EL DEBATE
 GENERAL DEL 72° PERl'ODO DE SESIONES DE LA ASAMBLEA
          GENERAL DE LAS NAOIONES UNIDAS
             Nueva York, 25 de septiembre de 2017



Senor Presidente


Nos dirigimos a esta magna Asamblea en su 72° pen'odo en nombre del
Presidente Constitucional de la Republica Bolivariana de Venezuela,
Nicolas Maduro Moros, y, en consecuencia, en nombre de un pueblo
soberano, amante de  la Paz,  el  respeto  entre  las naciones y  el
cumplimlento de los princlplos mas puros del Derecho Internacional, el
Pueblo Bolivarlano de Venezuela. En el siglo XIX, el ejeroito libertador
de Simon Bolivar, salio de territorio venezolano, no para conquistar o
dominar,  sino  para  ayudar  a  pueblos  hermanos  a  alcanzar su
Independencia, para luego regresar a casa, con  la satisfaccion de
haberle sido utiles a la causa de la libertad y la igualdad. Ese es el
espi'ritu que caracteriza a nuestro pueblo y al accionar de nuestro
gobierno revolucionario en tiempos tan dificiles para la humanidad. Por
eso siempre nos aferramos  a  la  Diplomacia  Bolivariana de  Paz.
Precisamente, estamos en  la casa de  la Paz, en  el hogar de  las
soluciones pacfflcas, en el territorio del derecho internacional y sus




                                                                                               P^gina 1 de 16
principios. Nos abraza y nos protege, la Carta de las Naciones Unidas,
noble instrumento multilateral para evitar las guerras y las injusticias.

Este podio, por lo tanto, deberia ser respetado, protegido, cuidado per
todas las na",cross_year_duplicate_review
UNGA72_General_Debate_2017_statements/UNGA72_General_Debate_2017/viet-nam__vn_en.pdf,2017,e4168d5928c94995d326a3f65ee1992defc0249489afe8f905dee22d9074e1e8,2017|2018,,72,"                      ADDRESS BY

                      H.E. MR. PHAM BINH MINH,
     DEPUTY PRIME MINISTER, MINISTER OF FOREIGN AFFAIRS                                            ]  .-.
          OF THE SOCIALIST REPUBLIC OF VIETNAM
        AT THE GENERAL DEBATE OF THE 72ND SESSION OF
                THE UN GENERAL ASSEMBLY

                      (New York, September 22nd, 2017)



Mr. President,

          I extend my warmest congratulations to His Excellency Miroslav Lajcak on his
election as President of the 72nd Session of the United Nations General Assembly.

    My special thanks shall also go to the Secretary-General and the Secretariat. Only
in ten months, Mr. Guterres has already left his mark in the Organization's work for
peace, development and human rights.

      Mr. President,

    On 20 September i977, exactly forty years ago, Viet Nam was admitted to the
United Nations as its 149th member. One day later, then Deputy Prime Minister and
Foreign Minister ofViet Nam stood right here at this podium, addressing this Assembly.

      Representing a nation devastated by decades of war, he affirmed the unified Viet
Nam;s pledge to closely cooperate with other Members in striving tirelessly to turn the
lofty goals of the United Nations into reality -those are the goals of peace, national
independence, democracy and social progress.

     These forty years have been an era of transformations for my country.

      Viet Nam today is a dynamic economy on the path of reforms and sustainable
development. The country has transformed itself from an aid-dependent to a lower
middle-income country. Our MDG implementation efforts have helped bring tens of
millions of Vietname",cross_year_duplicate_review
UNGA72_General_Debate_2017_statements/UNGA72_General_Debate_2017/yemen__ye_ar.pdf,2017,5eb6763ede3399e0f8a410f9248025a64c83ba777b3a9ec2dc935f5e027c8a12,2017|2018,,,":   G-

     .,(-


    I++





I__.
 --q::ÿ





 +__+ ++





tÿ





                                                                                                                                                                                                                                                                                                  ,..+. +:++
I:





       -:   iÿ
                                                                                                                      ii



                                                                                         ?__
",cross_year_duplicate_review
UNGA72_General_Debate_2017_statements/UNGA72_General_Debate_2017/zambia__zm_en.pdf,2017,1ce84d1240dfbae40189671f524ec8b61c47e0ff7152c36befbbdffe5e7dd481,2017|2018,,,"       REPUBLIC OF ZAMBIA


Permanent Mission of Zambia to the United Nations, 237 East 52nd Street, New York, NY 10022
    Tex: (212) 888-5770 .     Fax: (212) 888-5213    E-mail: zambia@un.int





                                                              Please check against delivery





                          STATEMENT BY

                  HIS EXCELLENCY MR. EDGAR CHAGWA LUNGU
                 PRESIDENT OF THE REPUBLIC OF ZAMBIA

                              AT THE

              PLENARYOF THE HIGH LEVEL SEGMENT OF THE
                72ND SESSION OF THE UN GENERAL ASSEMBLY

                         19TM SEPTEMBER, 2017





      York
   ;eptember, 2017
     * YOUR EXCELLENCY MR. MIROSLAV LAJCAK, PRESIDENT OF THE 72ND SESSION OF THE UNITED

       NATIONS GENERAL ASSEMBLY,

        .  THE UNITED NATIONS SECRETARY-GENERAL MR. ANTONIO GUTERRES,

       ,)  EXCELLENCIES,

     * DISTIGUISHED LADIES AND GENTLEMEN


LET ME JOIN THE PREVIOUS SPEAKERS IN CONGRATULATING YOUR EXCELLENCY MR. MIROSLAV LAJCAK

ON THE ASSUMPTION OF THE PRESIDENCY OF .THE 72ND REGULAR SESSION OF THE UNITED NATIONS

GENERAL ASSEMBLY AND I ALSO CONVEY ZAMBIA'S SINCERE APPRECIATION TO HIS EXCELLENCY MR.

PETER THOMSON, FOR HIS ABLE LEADERSHIP DURING THE 71sT SESSION.


LET ME ALSO SINCERELY CONGRATULATE H.E. MR. ANTONIO GUTERRES, FOR HIS ELECTION AS THE 9TM

SECRETARY-GENERAL OF THE UNITED NATIONS. I AM CONFIDENT THAT HE WILL BUILD UPON THE

STRONG FOUNDATION THAT WAS LAID BY HIS PREDECESSOR MR. BAN KI-MOON, TO WHOM I WISH TO

PAY TRIBUTE FOR THE MANNER HE STEERED THIS ORGANISATION DURING HIS TENURE OF OFFICE.


MR. PRESIDENT,


THE THEME FOR THIS SESSION, 'FOCUSING ON PEOPLE: STRIVING FOR ",cross_year_duplicate_review
UNGA72_General_Debate_2017_statements/UNGA72_General_Debate_2017/zimbabwe__zw_en.pdf,2017,00a7c5399e3d79fd27c8c434fe913cb0daf5a56173e097e8e8284d463f8fc233,2017|2018,,72,"          STATEMENT

            BY

   HIS EXCELLENCY COMRADE R.G.

                                                                                                                                                     !
MUGABE, PRESIDENT OF THE REPUBLIC



                                                                                                                                                          ?
      OF ZIMBABWE, AT THE

UNITED NATIONS GENERAL ASSEMBLY,

         NEW YORK,

         21sT ;SEPTEMBER, 2017.





                        1
Your Excellency, Miroslav Lajcak, President of the 72nd Session   of the General Assembly,
Your Majesties,
Your Excellencies, Heads of State and   Government,
Your Excellency, Mr. Antonio Guterres, Secretary-General of         i,¸.  the United Nations,
Ladies and Gentlemen,
Comrades and Friends.

Mr. President,
 I wish to congratulate you on your election as the President of the Seventy Second Session of the
General Assembly, and your predecessor Mr Thomson, for his commitment and effort to
accelerate the implementation of the Sustainable Development Goals.

                                                                                                                                                    i'

Mr. President,
You could not have chosen a better and more relevant theme, given the times that we are living
in. For, the pursuit and maintenance of peace and the promotion of development, in solidarity, lie
at the core of the mission of the United Nations and its entire system.

Since the signing of the United Nations Charter seventy-two years ago, and in subsequent
conventions, resolutions and declarations adopted over ",cross_year_duplicate_review
UNGA73_General_Debate_2018_statements/UNGA73_General_Debate_2018/afghanistan__af_en.pdf,2018,9eadb7bcc60438b0fdb7ee9970582a72cc484bccb9e9e456069eb4536acb5e66,2017|2018,2017,72,"                   Islamic Republic ofAfghanistan




               STATEMENT


                   BY
          H.E. Mohammad Ashraf Ghani


President ofthe Islamic Republic ofAfghanistan


At the 72 nd Session of United Nations General Assembly



              19 September 2017



             NEWYORK

                (Please check against delivery)
                     Bismillah Rahrnan-ur-Rahim

Mr.  President,  Distinguished  Heads  of  State  and  Government,
Excellencies, Ladies and Gentlemen,

As  I stand here before you today,  I am reminded that the wise men
and women of 1945 displayed a unique capacity to learn from and act
on lessons  of  history.  Shaped  by  the  Great  Depression,  and
tempered by the carnage of World War 2, they 'established global
order through institutions that would provide security and stability for
generations to come.  The UN, the IMF, the World Bank and other
organizations were founded to coordinate responses to international
challenges and to make crimes against humanity a thing of the past.

There can be  little doubt that today, the scale, scope and speed of
their imagination and efforts have not yet been matched. But future
historians  will judge these institutions on how they respond  to the
challenges  of today, and the challenges we must confront  in the
future.

As global leaders, we seek certainty and familiarity in the rules of the
game which dominated the zo"" century. But in today's ever-changing
world,  the dominant contextual  characteristic defining our times  is
extreme uncertainty.  It is easy to illustrate this uncertainty by looking
at threats we are facing  to our economies, our  security, and our
values.

There ",quarantine_2018_collection
UNGA73_General_Debate_2018_statements/UNGA73_General_Debate_2018/albania__al_en.pdf,2018,a073a1a1f703a6aac608ef0399566e44dda9c022fbcb51979b8448402ba68a51,2017|2018,,,"STATEMENT OF THE PRIME MINISTER OF THE REPUBLIC OF ALBANIA,
H.E. MR. EDI RAMA TO THE GENERAL DEBATE OF THE 72ND SESSION OF THE
UNITED NATIONS GENERAL ASSEMBLY




Mr. President,
Ladies and Gentlemen,


     How many times has it happened that humanity was confronted in a relatively short time
with so many complex challenges as nowadays?
      Has there ever been another period in what we call the modem times When we had to deal
with so many pressing issues at the same time?
     When was the last time that we remember when we were all confronted with such a
conflicting prospect: that of an inspiring world that grows richer by the hour, driven by the
tremendous progress of science and technology; and, on the other hand, that of a planet that
seems to have lost its way, its energy and its vision and is erratically spiraling downwards?

      There are no simple answers to complex questions. Yet, facts are stubborn and, in many
respects reality looks grim.


       Global terrorism and extreme radicalization continue to threaten our values and our way
of life. They have become a persistent threat with the blind ability to strike everywhere,
indiscriminately, with far reaching consequences as we have, sadly, witnessed so many times,
including in the recent past.


       Several brutal and seemingly intractable conflicts continue to devastate the lives of
millions of people, threatening the future of entire generations. Armed conflicts are nowadays
greater in complexity, the actors involved are numerous and the weapon and tactics used are
more sophisticated. So are also the consequences, which continue to inflict endless human
sufferings. 65 million people, the highest number",quarantine_2018_collection
UNGA73_General_Debate_2018_statements/UNGA73_General_Debate_2018/algeria__dz_ar.pdf,2018,848f27c77dad862088319b1e0def1bb059a596a199a280737801a8735c7e28f1,2017|2018,,,"Permanent Mission of Algeria
   to the United Nations
       New York





                                                                                                                                                                                                                                I'   '





                             ""4..ÿ. jL:ÿl ÿ3J





             2o17 ÿ 22 ÿ ajÿ.#.""

",quarantine_2018_collection
UNGA73_General_Debate_2018_statements/UNGA73_General_Debate_2018/algeria__dz_fr.pdf,2018,614d7579e4ec611302d784f488ee98db1c475b44cb3b28424be6439eec946dd5,2017|2018,2017,,"                     ............  ""  .......  -  ...... 7  ...........

ALGE A





Permanent Mission of Algeria                                    ÿ.ÿ:ÿ p.ÿl ÿ.ÿj
    to the United Nations
  New York      ÿ         ÿJ'ÿ'""




                   Intervention




                            de

               S.E.M. Abdelkader MESSAHEL
                 Ministre des Affaires Etrang6res




             A l'occasion du Dÿbat Gÿnÿral
           de la 72+me Session de l'Assemblÿe Gÿnÿrale

              de l'Organisation des Nations Unies


                       New York 22 Septembre 2017
                                            ...............  I





Monsieur le President,
Monsieur le Secrÿtaire gÿn6ral,
Mesdames et Messieurs,

Je tiens tout d'abord it adresser mes sincÿres fÿlicitations h Son Excellence Monsieur
Miroslav LAJCAK, pour son 61ection bien mÿrit6e ÿ la tate de cette 72ÿm* Session
Ordinaire de l'Assemblÿe G6nÿrale et l'assurer du plein soutien de mon pays. Je
souhaiterais ÿgalement rendre hommage et exprimer notre reconnaissance it votre
pr6dÿcesseur S.E.M. Peter Thomson Ministre des Affaires Etrangÿres de Fidji pour le
travail remarquable qu'il a accompli durant la session ÿcoulÿe.


Monsieur le Pr6sident,


A chaque session de cette auguste Assembl6e, nous faisons le mÿme triste constat
concemant l'6tat du monde. Cette session ne d6roge malheureusement pas it la rÿgle
puisqu'elle se tient dans un contexte tout aussi pr6occupant marqu6 par la persistance
de conflits anciens en attente d'un rbglement qui demeure plus 6lusif que jamais,
l'apparition de nouveaux conflits meurtriers et de foyers de tension, la fragilisation de
l'dquiiibre ÿcologique de notre pl",quarantine_2018_collection
UNGA73_General_Debate_2018_statements/UNGA73_General_Debate_2018/andorra__ad_en.pdf,2018,93997f187d84ae6c80486582a21c2d66697cc67d2a248076791cce2a22915b1a,2018,2018,,"        MISSIO PERMANENT
    DEL PRINCIPAT D'ANDORRA
       A EES NACIONS UNIDES
                                                               CJ)eck against deliimy
          session of the United Nations General Assembly
 —speech by the Head of the Andonan Government, Antoni Maiti Petit—
               New York, 28""' September 2018

Madam President,

Ivlr. Secretary-General,

Your Excellencies,

Ladies and Gendcmcn,

For the people of Andorra, 2018 is a year of celebration in two ways: globally and
locally. On the 28""' of July, the Principality of Andorra celebrated 25 years since its
entry into the United Nations; and on the 10""' of December, it will be 70 years since
the Universal Declaration of Human Rights.

'i'hese two events have, as Thave already mentioned, a double meaning: a global one
and a local one. What some peojilc call 'glocal'. In fact, the 1948 Universal Declaration
of Human Rights has a global dimension for Andorra, as well as the other countries
that make up the international communitj'. But it also has great local roots; because
fundamcntfll rights have been respected in Andorra since rime immemorial; therefore,
it is no wonder that the Andorran Constitution expressly stales that the Universal
Declaration of Human Rights is in force in Andorra,

This is why our country has wanted to take an acdve part in the 'Stand Up for Human
Rights' campaign, emphasising  the dissemination  of  the Important rights in the
education area. The High Cojiimissioner for Human Rights, Michelle Bachelct —^with
whom I have had the honour of coinciding in the Ibcro-Amcrican community over
recent years— knows that slie may count on Antlorra for the Declaration made on the
",quarantine_2018_collection
UNGA73_General_Debate_2018_statements/UNGA73_General_Debate_2018/andorra__ad_es.pdf,2018,b2aaeaa365b1e2871f4be5cd0ae6f2684224d7e12dcb90ff4cc55d0a61a4a160,2017|2018,,,"                                                                                         Solo tsautentia) ellexlopmumdado

11  r i      MISSIO PERMANENT
     DEL PRINCIPAT D'ANDORRA
         A EES NACIONS UNIDES

                 72® Asamblea General de las Naciones Unidas
                  -discutso del jefe de gobierno, M.I. Sr. Antoni Mard Petit-
                     Nueva York, 22 de septiembre de 2017



       Senor Presidente de la Asamblea General,
       Senor Secretario General,
       Excelendas,
        Senoras y Senores,

       Permitanme empezar mi intcrvendon felidtando al presidente, el senor IVIirosIav
        Lajcak, por la decdon dd tema de esta 72*^ Asamblea General de las Naciones
        Unidas. Lavinculadon de la prevendon de la paz con la vida dignaes, sin duda, una
       de las cucstiones  clave de nuestro tiempo. Como tamblen lo es d  desarroUo
        sostenible, quc se ha convertido en d principal reto de la comunidad intemacional.
      Las prioddades marcadas por d presidente y el tema degido para esta Asamblea
       General subrayan la estrechada rdadon quc existe entre estas tres cuestiones; paz,
       vida digna y planeta sostenible.

      La decdon de las prioddades y d tema son coherentes con lo quc hemos estado
       construyendo, entre todos,a lo largo de los ultimos anos: asilo reflejan los objedvos
      de desarroUo sostenible de la Agenda 2030, que acordamos hace dos anos; y asf
       tambien se desprende de las acdones que d secretario general, d senor Antonio
       Guterres, ha llevado a cabo durante estos nuevc primeros mesesen los que ha estado

         al frcnte de las Nadones Unidas.

       El ano que viene conmemor",quarantine_2018_collection
UNGA73_General_Debate_2018_statements/UNGA73_General_Debate_2018/andorra__ad_fr.pdf,2018,ae2aeafaa177e614d55b17edddb342c5dccdddb16b1ba71fdd6f72dea1d65de4,2018,2018,,"        MISSIO PERMANENT
    DEL PRINCIPAT D'ANDORRA
       A EES NACIONS UNIDES

                                                                S^/// k (exleprononce faitfoi


    ly session de I'Assemblee genetale des Nations Unies

           - Discoui's du Chef du Gouvemement, M. Aiitoni Maid Petit -
              New York, le 28 septembre 2018

Madame la Presidenle,

Monsieur Ic Secretairegeneral,

Mesdames et Messieurs,

2018 cst, pour IcsAnclorranes et les Andorrans, une annec dc double celebration, a la
fois mondialc  et  locale. Le 28 juillet dernier, nous avons  celebre  les 25 ans de
I'adhcsion dc la principaute d'Andorre a I'Organisation dcs Nations unies ; et le
10 dcccmbrc prochain, nous feterons le 70*' anniversaire dc la Declaration universelle

des droits de I'liomme.

Comnic je viens de le mentionner, cos deux cvcncmcnts ont unc double signification :
mondiale et locale. Ce quc certains appellenl le « glocal». Kn effet, la Declaration
universelle des droits de rhommc dc 1948 revet pour PAndorre, commc pour le restc
des pays de la comniunautc Internationale, une dimension mondialc, Mais die cst
egalemenl enracinec localcmcnt, car les droits fondamentaux ont  etc rcspcctcs cn
Andorre  depuis  des temps immemoriaux.  II  n'est done  pas surprcnant quc  la
Constiluiion andon""anc stipule cxprcssement que la Declaration universelle dcs droits
dc I'hommc c.st cn vigucur en Andorre.

C'est pour cette raison quc PAndorre a souhaite parlicipet activcmcnt a la campagnc
Stand Vp for  H//wa/i        en  se  concentrant notammcnt  sur  la diffusion  dc
Pimporrancc dcs  droits de Phomme dans  ie domainc dc  I'cducation. La  Ilaut-
Conimissaire aux  drolls de Phomme, M",quarantine_2018_collection
UNGA73_General_Debate_2018_statements/UNGA73_General_Debate_2018/angola__ao_en.pdf,2018,e30400b24bde8f2c360fc11e977667b2d126857e2fe923144b2e94248090dbe4,2017|2018,,72|72,"          Permanent Mission of
The RepuMic of Angola to the United Nations





         STATEMENT BY


    H.E. MR. ISMAEL A. GASPAR MARTINS
    PERMANENT REPRESENTATIVE OF
       THE REPUBLIC OF ANGOLA
        TO THE UNITED NATIONS
   & HEAD OF THE ANGOLAN DELGATION
      TO THE 72nd SESSION OF THE
   UNITED NATIONS GENERAL ASSEMBLY


        AT THE GENERAL DEBATE


    NEW YORK, 25 SEPTEMBER 20i7



            CHECK AGAINST DEL!VERY





    820 Second Avenue, 12th Floor, New York, NY 10017
                       Statement by the RepuNic of Angola
               72nÿ Session of the United Nations General AssemNy
                           New York

Mr. President,
Mr. Secretary=General,
Your Excellencies,
Ladies and Gentlemen,

On behalf of the Government of the Republic of Angola, allow me to congratulate Mr. Niroslav
Lajc&k for having been elected to preside the 72nd Session of the General Assembly of the
United Nations, and to assure him the support of my country in the fulfillment of his mission.

I also congratulate Mr. Peter Thomson, President of the 71st session, for the capable manner in
which he conducted the work of the previous session, and Mr. Antdnio Guterres, for his
election to the post of Secretary-General of the United Nations. I wish him all the success in his
mandate, and I assure him of the support and cooperation of Angola.

Mr. President,

As has been reiterated several times in this forum, peace and security are fundamental
premises for stability, sustainable development, democracy and the promotion of, and respect
for human rights. The theme chosen for this session, 'Focusing on People: Striving for Peace
and a Decent Life for All on a Sustainab",quarantine_2018_collection
UNGA73_General_Debate_2018_statements/UNGA73_General_Debate_2018/antigua-and-barbuda__ag_en.pdf,2018,50976f4c30e63bfa053445e5283b6ced47621e08026984a0fd629c4721961be9,2017|2018,2017,,"    GOVERNMENT OF ANTIGUA AND BARBUDA



                 Statement

                  by

        Honourable Gaston Browne
            Prime Minister and
Minister of Finance and Corporate Governanee

    The 72""'' Session ofthe United Nations General Assembly





                  on

       Thursday 21®' September, 2017




                                               Check against delivery
Mr President, Mr Secretary-General, Distinguished Colleagues, Ladies and
Gentlemen.



On September 6th, my small, two-island State, Antigua and Barbuda, was the victim ofthe
ferocity ofHurricane Irma, the largest storm ever endured in the Atlantic in human history.



The island ofBarbuda was decimated; its entire population left homeless; and its buildings
reduced to empty shells.



Fortunately, Antigua and Barbuda was spared the full blast of Hurricane Maria just 9 days later,
although, sustained winds ofup to 60 miles per hour, gave us a troubling awareness, ofthe agony
visited on the nearby islands of Dominica, Guadeloupe and Puerto Rico.



Having witnessed the devastation ofBarbuda and the desolation ofits inhabitants after the
ravages of Irma, my heart bleeds for the people ofthe countries that have now been brutalized by
Maria, and those that will suffer its cruelty in the coming days.

Mr President, I have come to this Assembly because, I consider it to be ofutmost importance, to
speak to the world's representatives collectively about my country's experience and the huge
challenges faced by the Caribbean islands.



Barbuda and its inhabitants were among the worst in the region affected by Hurricane Irma.



Barbuda is 62 square miles.



When Irma thundered over the is",quarantine_2018_collection
UNGA73_General_Debate_2018_statements/UNGA73_General_Debate_2018/argentina__ar_es.pdf,2018,9fe64529b727bf91b7173d01e8d095c99d3758776cc2c3f085ca8863aa1ebee3,2017|2018,,,"           72° Periodo de sesiones
                  de la
   Asamblea General de las Naciones Unidas

          DEBATE GENERAL

lntervencibn de la SeSora Vicepresidente de la
           Repdblica Argentina,
              Gabriela Michetti





                              Nueva York, 20 de septiembre de 2017
                                                          Sirvase verificar contra lectura
 Muchas gracias, SeSor Presidente, me siento muy honrada y muy felfz de estar
 hoy con ustedes, representando a nuestro pals y a nuestro gobierno.

Como argentina y latinoamericana, no puedo empezar estas palabras, sin
 expresar mi solidaridad ante la tragedia que acaba de sufrir el hermano pueblo
 mexicano, que se suma a la devastaci6n causada pot sucesivos huracanes en
 el caribe.

 El medio ambiente y las fuerzas de la naturaleza nos ponen frente a desafios,
que piden respuesta de todos.

Saludo en Ud. SeSor Presidente, a todos los parses que conforman esta casa.
 Pero tambiÿn quisiera felicitar al SeSor Secretario General, por su elecci6n y
 por centrar nuestra tarea, en las personas.

 Si se trata de trabajar por la paz, por el dialogo, y el entendimiento, si se trata
de trabajar contra la pobreza, la violencia y la intolerancia, Argentina siempre
estar4 presente brindando su apoyo.

Los Ifderes del mundo had acordado un plan de acci6n en favor de las
personas y el planeta. La Agenda 2030 establece que la erradicaci6n de la
pobreza en todas sus formas, es el mayor desaffo que enfrenta el mundo para
Iograr un desarrollo sostenible. En coincidencia con esta aspiraci6n global,
nuestro gobierno estableci6, como uno de los ejes centrales de su programa, el
objetivo de avanzar ",quarantine_2018_collection
UNGA73_General_Debate_2018_statements/UNGA73_General_Debate_2018/armenia__am_en.pdf,2018,3b261d0e92113a07348f2070c9923d58ba02013cc48cd919c9f916c620cbe62b,2017|2018,2017,,"                       STATEMENT
  BY THE PRESIDENT OF THE REPUBLIC OF ARMENIA SERZH SARGSYAN
           AT THE GENERAL DEBATE OF THE 72ND SESSION
               OF THE UN GENERAL ASSEMBLY

                    New York, September 19, 2017

Distinguished President of the General Assembly,

Ladies and gentlemen,

I congratulate and wish success to Mr. Miroslav Laj(5.k upon his election as the President
of the 72na Session of the General Assembly.

I avail myself of this opportunity and congratulate anew Mr. Antdnio Guterres upon his
election to the office of the LJN Secretary General. Distinguished Mr. Secretary. General  ....
we wish you success in carrying out your important mission. The priorities you declared
enjoy Armenia' s support.

Ladies and gentlemen,

In 2017 we marked the 25th anniversary of Armenia's accession to the United Nations.
On March 2, 1992 the Armenian tricolor flaunted at this headquarters of the United
Nations family as a logical and sought for outcome of the exercise by our people of its
fundamental right to self-determination.

Over the years, Armenia has become a fully-fledged and responsible member of the
international community. There had been numerous challenges in before of us, and we
withstood them with dignity. The most important and intricate one was the Nagorno
Karabakh conflict.

It is for the fifth time that I have an opportunity to speak from this eminent podium and
again I am compelled to address the Nagorno Karabakh conflict. I should have rather
preferred to talk of peace, progress and cooperation, but unfortunately we are not there
yet. Hence, it is my duty to explain why we are so much away from that desirable stage.

The new phas",quarantine_2018_collection
UNGA73_General_Debate_2018_statements/UNGA73_General_Debate_2018/australia__au_en.pdf,2018,bf99ab9066d2a3af58b3d89cbbbf1218231e4872e73e92f6023318b9ae082d23,2017|2018,,,"         UNGA72 AUSTRALIA'S NATIONAL STATEMENT


Page 1


Mr President


The United Nations was founded in response to the horrors of World War II.

Nations resolved to prevent a repeat of that catastrophic global conflict. Over

the decades since, we have worked together to build an international rules-

based order that ensures disputes can be resolved peacefully and that

interests of less powerful nations can be protected from the overt or coercive

pressure of more powerful states.


It dictates how nations should behave and towards each other. Thatorder has

supported and enabled the greatest economic expansion in human history.


There have been times over the past seven decades when the rules-based

order has been under pressure.


We are now in a time when the challenges to that order are increasing.


The UN Security Council is the custodian of international peace, and security.


Yet the authority of the Council is being challenged, undermined, even ignored.


The most egregious example is North Korea.


The regime of Kim Jong Un is openly defying the UN Security Council.
Page 2


Its illegal nuclear and missile programs violate multiple UNSC resolutions. The

security of millions of people is at risk as a result of North Korea's refusal to

abide by international laws and norms.


The International Monitoring System of the Comprehensive Nuclear-Test-Ban

Treaty confirms that North Korea is the only state that is currently testing

nuclear weapons and the only state to do so this century.


The Security Council has responded with tough new economic sanctions. It is

crucial that all UN member states and especially the Permanent 5, who have a

particular respons",quarantine_2018_collection
UNGA73_General_Debate_2018_statements/UNGA73_General_Debate_2018/austria__at_fl.pdf,2018,96a299c9759c09d9b9efb6e06c29cd9a693a3334e6d35554ef85d43712c62e5f,2018,2018,,"AUSTRIA                                   PERMANENT MISSIO OF AUSTRIA
                                                                           to the United nations





                            Statement by



                          H.E. Ms. Karin Kneiss!

     Federal Minister for Europe, Integration and Foreign Affairs of the
                          Republic of Austria



                New York, 29 September 2018





    Check against delivery





           800 Third avenue, 31st Floor, New York, N.Y 10016 * Tel: {917) 542-8400 • f  (212) 948-1840
                                                                             16. 1»   il  -iL al

                                                     J  1 -- -1 *





  (JkJI liLaj  J j l l  i- la-o (_yi& (JS   ji j - ll   l Uj a Jl  js.j i. J   j  I aJ

     fcilJ' ) lH J 6  -q U t  Jl  -1ajjj ]1   l ilt ( ss aii.1   ilSl ?!
                                                                                                                             .' U jjSJ! I diinC i


           cJj 6 a iaJ! -1a3  jlc. (  *-    . -332 !   |j      l i] 3 j 1 > 1   t  iic-

              jAj ( ja lI iua «.lbi UaJ - i(_j3lqJ jl ij ( o (Jlaa Jlj (iLli JI  Je. jJa jjo   jJl _ a  lJ

             3 3   lj>-n l   l S U i  lc> na  J >l A dj a I j ilj a j -ui-t\I

                                                                                               . jj-aC.  <_ul!lj l_JjjaJI


                                                     ; lijjJ sJjJj  Lal I l-Jjlill ( * (Ji s!   l   I


                                                                                                                                   ji aJ! ;_) »» i",quarantine_2018_collection
UNGA73_General_Debate_2018_statements/UNGA73_General_Debate_2018/azerbaijan__az_en.pdf,2018,7788c7ee73fb33cbfbb335883fb125f09ba23e86634476b74b951fbc959535e8,2017|2018,2017,72,"     Azərbaycan Respublikasının                   Permanent Mission of the
      BMT yanında Daimi                          Republic of Azerbaijan
           Nümayəndəliyi                                 to the United Nations


                        633 Third Avenue, Suite 3210, New York, N.Y. 10017
                                      Tel.: (212) 371-2559; Fax: (212) 371-2784


      Statement by His Excellency Mr. Ilham Aliyev, President of the Republic of Azerbaijan
          at the General Debate of the 72nd session of the United Nations General Assembly

                       New York, September 20, 2017



                                                               Check against delivery




Mr. President,
Ladies and Gentlemen,


For more than 25 years Armenia occupies 20% of the territory of Azerbaijan, Nagorno-Karabakh
and 7 other regions of our country.

Nagorno-Karabakh is an ancient and historical part of Azerbaijan. As a result of Armenian
aggression almost 20% of the  internationally recognized  territory of Azerbaijan  is under
Armenian occupation. More than one million of Azerbaijanis became refugees and internally
displaced persons. Armenia conducted the policy of ethnic cleansing against Azerbaijanis in
Armenia, in Nagorno-Karabakh and 7 other regions of Azerbaijan.

Armenia committed genocide against Azerbaijanis in Khojaly. Khojaly genocide  is already
officially recognized by more than 10 countries. On February 26, 1992 Armenia committed war
crime killing 613 peaceful residents of Khojaly, among them 106 women and 63 children. One
of those war criminals who committed that terrible crime against humanity is current Armenian
President.

Leading in",quarantine_2018_collection
UNGA73_General_Debate_2018_statements/UNGA73_General_Debate_2018/bahamas__bs_en.pdf,2018,346545eda902b11dd525c513cf6617c519ec365c342357b88e530770e758ad3b,2017|2018,,72,"               THE NATIONAL STATEMENT OF
           THE COMMONWEALTH OF THE BAHAMAS

                      DELIVERED BY

              THE HON. DARREN HENFIELD, MP,
               MINISTER OF FOREIGN AFFAIRS OF
           THE COMMONWEALTH OF THE BAHAMAS

                DURING THE 72ND SESSION OF
          THE UNITED NATIONS GENERAL ASSEMBLY

            NEW YORK, 23RDSEPTEMBER, 2017



Please check against delivery
Mr. President,

On behalf of the people and Government of the Commonwealth of The Bahamas,  I
congratulate you on your election as President of the 72nd Session of the General Assembly,
and I assure you of my country’s full support and co-operation during your tenure.

I also extend sincere congratulations to your predecessor, His Excellency Ambassador Peter
Thomson, for his leadership of the Assembly during the 71st Session.

The Bahamas congratulates His Excellency Antonio Guterres on his election as the newest
Secretary-General of the United Nations.

He has the daunting task of continuing the implementation of the bold and ambitious Agenda
2030.

I commend him on the work he has done to date in steering the work of the organisation, and
wish to assure him of the full support of The Bahamas.

Mr. President,

In the time since the 29th of September 1729, when the first meeting of the Parliament of The
Bahamas took place, democratic values have taken deep root throughout the archipelago.

On the 10th of May 2017, The Bahamas conducted its eleventh consecutive round of General
Elections since attaining universal suffrage in 1962.

The people of The Bahamas, in a free, peaceful and democratic process, elected a new
Government, led by Dr. the Honourable Hubert M",quarantine_2018_collection
UNGA73_General_Debate_2018_statements/UNGA73_General_Debate_2018/bahrain__bh_ar.pdf,2018,25b85ece8bf1647bb2fb06da08853baf223d0b3d1fa411a58efbaf6edabe1543,2017|2018,,,"

",quarantine_2018_collection
UNGA73_General_Debate_2018_statements/UNGA73_General_Debate_2018/bahrain__bh_en.pdf,2018,f3a83b0502975b363e3924a1e2d99b82b4a169f6406fc4b1bfc7dbd53c8f8e80,2017|2018,,,"

",quarantine_2018_collection
UNGA73_General_Debate_2018_statements/UNGA73_General_Debate_2018/bangladesh__bd_en.pdf,2018,257afd2d2a0ea53818aaa87925efbfd9e1f75a84fb9c90fefd77c1fc95bd3a5b,2017|2018,2017,72|72,"      The 72nd Session of the UNGA





                Address

                by


              H. E. Sheikh Hasina
            Hon'ble Prime Minister
Government of the People's Republic of Bangladesh





            The United Nations
             New York
              21 September 2017
                                                 Bismiilahir Rahmanir Rahim

Mr. President,


         As-salamu alaikum and good afternoon.


         Let me extend my hem-tiest felicitations on your election as President of the 72nd session of the General Assembly. My
delegation assures you of our full support in discharging your priorities on people, peace and planet.


Mr. President,


         This is the 14th time I am addressing the 10N General Assembly. And this time I have come here with a heavy heart. I have
come here just after seeing the hungry, distressed and hopeless Rohingyas fi'om Myanmar who took shelter in Cox's Bazar,
Bangladesh. This forcibly displaced people of Myanlnar are fleeing an 'ethnic cleansing' in their own country where they have been
living for centuries.


               I can feel their pain as I, along with my younger sister, had been a refugee for 6 years after my father, the Father of the
Nation of Bangladesh Bangabandhu Sheilch Muiibur Rahman and almost all members of my family were assassinated in 1975.


           In 1974, in the first ever address of Bangladesh in this Assembly, my father Bangabandhu Sheikh Mujibur Rahman said, ""I
know that the souls of our martyrs join us in pledging that the Bengalee nation fully commits itself to the building of a world order in
which the aspirations of all men for peace and justice will be realized"".


M",quarantine_2018_collection
UNGA73_General_Debate_2018_statements/UNGA73_General_Debate_2018/barbados__bb_en.pdf,2018,45537da53320d4e22d8be61f997155496750716a874fb679b187570b23abc1f8,2017|2018,,72,"               Permanent Mission
                      of Barbados to
                  the United Nations



                  STATEMENT BY




          SENATOR THE HON. MAXINE MCCLEAN

     MINISTER OF FOREIGN AFFAIRS AND FOREIGN TRADE


                       AT THE


                 GENERAL DEBATE

                     OF THE

  72ND SESSION OF THE UNITED NATIONS GENERAL ASSEMBLY





                     22 SEPTEMBER, 2017





United Nations Headquarters                             please check against delivery
New York
                                                                                                                      "" ÿ i!ÿ: ? I I


Mr. President,

On behalf of my delegation, I congratulate you on your election to the

Presidency of the 72nd session of the United Nations General Assembly.

Please be assured that you have the full support and cooperation of the

Barbados delegation as you undertake your important duties as President

of this august body.


I also take this opportunity to commend your predecessor, H.E. Mr. Peter

Thomson, for his able leadership of the 71st session. He has served as

a worthy example of the valuable contribution which Small Island

Developing States (SIDS) can make to international organisations.

Barbados is pleased that he will continue to serve the international

community.



Mr. President,

The theme of this year's General Debate, 'Focusing on people: striving

for peace and a decent life for aft on a sustainable planet', serves as

a reminder of the purposes and principles that the United Nations has

embraced from its inception and which are enshrined in its Charter. It

brings into sharp focus our respons",quarantine_2018_collection
UNGA73_General_Debate_2018_statements/UNGA73_General_Debate_2018/belarus__by_en.pdf,2018,959d44e7f83ab6787abdc7e9f0627f909d8d7d06b9008de90f04d75a69154587,2017|2018,2017,72,"   B E L A R U S

                                                     Check against delivery
General Assembly
72nd session
General Debate
21 September 2017

STATEMENT
by His Excellency Vladimir Makei
Minister of Foreign Affairs of Belarus


Mr. President,
Ladies and Gentlemen,

The past few decades have been fraught with two contradictory tendencies – enhanced
political fragmentation and increased economic globalization.
The first tendency has been associated with global political instability. It resulted from
wars, conflicts, terrorism, xenophobia and other factors. It gives rise to the feeling of a
mounting chaos and despondency.
Why have we found ourselves in this predicament?
Because we failed to put an end to the last epochal conflict – the Cold War.
It did not end up with a peace treaty as had usually been the case with all other previous
major wars. Therefore, we were left without a universally accepted framework, which
could have guided our subsequent behavior.
Different powers began to interpret that state of geo-political uncertainty in a different
way and began to act accordingly. What was comprehensible and legitimate for some,
was incomprehensible and illegitimate for others.
By and large, all the problems that have piled up since the early 1990s resulted from our
inability to bring an end to the Cold War.
But it is never late to do what is right.
Last year, the President of Belarus came up with the idea to launch a new negotiating
process similar to the 1970s Helsinki process.
Certainly, it should be done with those challenges and threats in mind that are relevant
for all of us today. It is worth talking about such an option that foresees expanding and
reco",quarantine_2018_collection
UNGA73_General_Debate_2018_statements/UNGA73_General_Debate_2018/belarus__by_ru.pdf,2018,26b4a39f88a927bac0c87f5958f93058124ce4ff55259ff76d58a1e3f84266ec,2018,,,"         E  L A

                                                                                      Please check against delivery
BblCTyn/lEHME
MMHMCTpa HHOCTpaHHblX AGA
Pecny6/iMKM Be/iapycb B.B.MaKen
73-51 ceccM5) reHepa/ibHOM AccaM6/ieM OOH
OBiAan A^CKyccvifi

HbtO-MopK, 1 OKT5l6p51 2018 r.


       yBa)KaeMbiM rocnoAHH DpeAceAare/ib,

       yBa>KaeMbie ASMbi m rocnoAa,


        Mb! XMBeM 8 napaAOKca/ibHoe BpeMJi, KOfAa onTiiMMSM m neccMMHSM e pasHOM creneHM PB/iyiioTcn
HeoTbeMAeMbiMH cocraB/iflfoiuMMM HameM >km3hm.
        fleMCTBHTe/lbHO, COBCGM HGAaBHO  Mb!  npUHfl/IM XaKHG Ba>KHePilUMe AOKyMGHTbl, KBK IIOBeCTKa
OOH 2030 B o6/iacTM ycroMMMBoro paaBMTMB h napH>KCKoe cor/iauieHMe no icnHMaTy.
      B KOHue  3Toro  roAa  Me>KAyHapoAHoe  coo6LAecTBo ao/dkho Aaxb ""seAeHbiM  CBer"" eme AayM
AOKyMGHTaM, Ha KOTopbie B03/iaraK)TCfl oco6bie HaAe>KAbi na  ii3MeHeHnfl k /lyHuieMy  -  r/io6a/ibHbiM
cor/iaiijeHM5iM no BeMteHqaM m no MMrpaHraM.
        Pea/in3auMfl   Bcex  3tmx  snaKOBbix  MHMUMaTMB   npM3BaHa   caMbiM  cepbesHbiM  oSpasoM
TpaHc4)opMHpoBaTb >KM3Hb BCGx cipaH H HapoAOB, oBecneMMTb cnpaBeAAMByio r/io6anM3auMio, b
KOTopoM  6bi  He  6bi/io  npoHrpaBUjHx,  MCKopeHMTb  HHmeiy,  coxpaHMTb n/iaHery  a/iji  6yAyu4nx
nOKOAeHHH.
      noMCK OTBeroB Ha rAo6aAbHbie Bbisosbi, nyreii pemeHUH o6uj,hx saaan co bcgm OHesMAHOcrbK)
noKaBbiBaex:  hm  oahb  crpana  He  b  coctophmm  pemmb  hx  caMocronTe/ibHO.  He  MO>KeT  SbiTb
MHAHBHAya/ibHoro nporpecca 6e3 nporpecca KO/i/ieKTHBHoro.
      Hmghho no3T0My, Kaxaji 6bi cnpaBeA/iHBaa KpmMKa hm SBynaAa b aApec OOH, OpraHMaauMn no-
npe)KHeMy Hyxna nan xax yHMKa/ibHaa nnaT(t)opMa A-n^i corpyAHMMecTBa, AeMCTBeHHbiM MHorocropOHHMM
MexaHM3",quarantine_2018_collection
UNGA73_General_Debate_2018_statements/UNGA73_General_Debate_2018/belgium__be_fr.pdf,2018,ba171a1e3223f35c8b7dd2a027af8c4b8a888d4305815bd8c26efc328032aad7,2017|2018,,,"Monsieur ie Pr6sident,

Monsieur le Secr6taire G6n6rai,

Mesdames et Messieurs tes chefs d'Etat et de

gouvernement,

Mesdames et Messieurs les chefs de d616gation,


Prioritÿ : C|imat- environnement



]e souhaite exprimer notre soutien aux victimes des

derniers ouragans. Ainsi, qu'aux victimes des

tremblements de terre au Mexique.



Ces catastrophes naturelles brisent brutalement des

vies et des rÿves. Elles entrainent instabilitÿ et

insecuritY. Surtout, ces drames rÿsonnent comme un

coup de semonce. Le rappel de I'extrÿme urgence

agir, tous ensemble, contre le rÿchauffement

climatique.



Je salue ici, dans la foui6e des accords de Paris,

I'initiative du President franÿ;ais Emmanuel Macron,

visant ÿ consacrer un vÿritable et ambitieux << Pacte

pour I'environnement >>.
II n'est plus question de remettre ÿ plus tard ce que

nous devons faire aujourd'hui. Le doute n'est plus

permis. Pour de nombreux pays, en particuliers les

Etats insulaires du Pacifique, de I'Ocÿan Indien et des

Carafbes, ces phÿnom6nes naturels ont un impact

imm6diat pour leur survie.



Nous devons 16guer & nos enfants une planÿte vivable

et respirable, forte de sa diversit6 biologique.



Dÿployons le meilleur de nos intelligences, la force des

capacitÿs d'innovation, pour relever ce d6fi existentiel.


Prioritb : Libertb fondamentales - Etat de droit -

dignitb


Nous voulons un monde meilleur. Combattre sans

rel&che les injustices, les inÿgalit6s et toutes les formes

de discrimination, qu'elles soient fondÿes sur la religion,

la culture, la couleur de la peau ou encore les

orientations sexuelles. Faire progresser les libertÿs

fondamentales et universelles.
",quarantine_2018_collection
UNGA73_General_Debate_2018_statements/UNGA73_General_Debate_2018/belize__bz_en.pdf,2018,6977c24164c05b4f618ee9504084356617c99acf409085efc6bd9087aab549b1,2017|2018,,,"Before I deliver my statement, I wish to extend heartfelt condolences to our sister

countries in the Caribbean on the destruction and loss of life suffered in

consequence of Hurricanes Irma and Maria. ÿeÿtands united with the

Caribbean Community to render our full support.


I also extend solidarity to our northern neighbor Mexico as you begin to recover

from the recent earthquakes.


Mr. President,



As you observed in your opening statement, you have assumed the Presidency of

the General Assembly in a most challenging time for multilateralism. My

government and people have every confidence in your leadership and you can be

assured of our full and active support to fulfill the agenda of the seventy-second

session.



Focusing on people - striving for peace and a decent life for all on a sustainable

planet: the Belizean experience



Belize celebrated on 21 September, her thirty-sixth year of independence. Over

the thirty-six years, we have matured into a unified nation, embracing all peoples

in the fabric of our society, and enjoying a peaceful existence. We have worked

assiduously to uplift every Belizean especially those who have been victims of

anachronistic prejudices and we have done so with an eye to ensure that

successive generations can benefit from the fruits of our labor and our natural

resources. Our development has been modest in relative terms, but progressive

and steady.
Readily we have embraced the 2030 Agenda for Sustainable Development and

launched our Growth and Sustainable Development Strategy which integrates the

global sustainable development goals (SDGs). Our nationally determined

contributions under the Paris Agreement further c",quarantine_2018_collection
UNGA73_General_Debate_2018_statements/UNGA73_General_Debate_2018/benin__bj_fr.pdf,2018,0b002a1aba903764c683d95b2c0c7b644c1286d664f4c613ebcf972a36180191,2017|2018,2017|2016,,"72a  .... SESSION ORDINAIRE DE L'ASSEMBLEE GENERALE DES NATIONS UNIES

            NEW YORK, DU 19 AU 25 SEPTEMBRE 2017

                DEBAT GENERAL





                INTERVENTION

                   DE

              S.E.M. Aurdlien A. AGBENONCI

               MINISTRE DES AFFAIRES ETRANGERES

                   ET DE LA COOPERATION





                                                                      Vÿrifier au Prononcÿ





                                                 New York, le 22 septembre 2017
Monsieur Miroslav Lajkak, Prdsident de la 72ÿ*ÿe session de l'AssemblEe Gÿn&ale des

Nations Unies,

Monsieur Antonio GUTERRES, SecrEtaire GEndral des Nations Unies,


Distingu& dÿlSguÿs, Mesdames et Messieurs:


Monsieur Patrice TALON, Pr&ident de la Rdpublique, Chef de l'Etat, Chef du

Gouvernement m' a chargd de dElivrer en son nora et au nora du Gouvernement bEninois

le message dont la teneur suit :

Citation


Monsieur le Prdsident,


Je voudrais, avant tout propos, vous rEit&er rues chaleureuses felicitations pour votre Election ff la
Pÿsidence de la 726me session de l'AssemblEe GEn&ale des Nations Unies et vous fake part du

soutien de mon pays dans l'accomplissement de votre mission. Je profite de l'occasion pour

remercier, Peter THOMSON, votre prEddcesseur pour ses actions.


Je tiens fl renouveler rues chaleureuses felicitations ff Monsieur Antdnio Guterres, Secr&ake
GEnEral des Nations Unies et l'assurer, ff nouveau, de notre plein appui.

 Je voudrais enfin rendre hommage ff son prEdEcesseur, Monsieur BAN IZi-moon.

Je pr&ente rues condol&nces et exprime ma compassion aux Gouvemements et aux Peuples

am&icain, frangais, mexicain, sierra-lEonais ",quarantine_2018_collection
UNGA73_General_Debate_2018_statements/UNGA73_General_Debate_2018/bhutan__bt_en.pdf,2018,dbe6b584d74c76e9a806098c0d7ffa4f69e4bfa4e8ffb0322c5a43a37b4de6e4,2017|2018,,,"            ADDRESS BY H.E. DASHO TSHERING TOBGAY
 PRIME MINISTER OF BHUTAN AT THE 72ND SESSION OF THE UNITED NATIONS
                    GENERAL ASSEMBLY
                       22ND SEPTEMBER 2017

                                             <Check against delivery>


 Mr. President, Distinguished Delegates.

 1 bring warm greetings of His Majesty the Druk Gyalpo.

Climate Change

Distinguished Delegates.

Today my thoughts are with the people of Mexico, who have suffered two terrible
earthquakes this month.

My thoughts are also with the victims of other natural disasters that have recently
brought pain and misery to people around the world: the three recent hurricanes that
battered communities in the Caribbean and in the United States, and the devastating
floods in Bangladesh, India, Nepal, and Sri Lanka that have taken more than 1200 lives.

Please join me in observing a moment of silence, to reflect on the suffering of these
communities and to offer our prayers for their recovery.

Thank you.

These disasters are not isolated incidents. Experts are increasingly convinced that
natural disasters like hurricanes and floods are made worse by climate change.

Climate change is a reality. Each of the last three years has been the hottest in
recorded history. 16 of the 17 hottest years on record have all occurred in this new
century. And this must alarm us, for we are only in 2017.

There is no room for complacency, hesitation or finger pointing, excuses or
procrastination. The urgency is now. Our wellbeing is at stake. The survival of future
generations is at risk.

The Paris Agreement is proof that we have accepted that climate change is a reality,
and that we are willin",quarantine_2018_collection
UNGA73_General_Debate_2018_statements/UNGA73_General_Debate_2018/bolivia-plurinational-state__bo_es.pdf,2018,999093d38873c1ba9c6835bdb4cfd500ba2d7fcb4ace798f1aebb151f1c4dcdd,2017|2018,2017,,"   72° Periodo de Sesiones de la Asamblea
         General de Naciones Unidas

                   Martes, 19 de septiembre 2017


Hermano Secretario General de las Naciones Unidas, hermano Presidente de la Asamblea
General; hermanas y hermanos jefes de Estado y de gobiernos, hermanas y hermanos de las
delegaciones presentes y a organismos internacionales.

A nombre del pueblo de Bolivia expresar toda nuestra solidaridad  al pueblo de México,
consternados por lo sucedido hoy en la tarde con el terremoto. Expresar nuestra fuerza, con
hermandad enfrentar los problemas que se presentaron en México.

Hermanas y hermanos, nuevamente los líderes del mundo nos reunimos en el histórico salón de
la Asamblea General de las Naciones Unidas; nuevamente nos encontramos para expresar
nuestras posiciones sobre grandes desafíos que enfrenta nuestra familia, la familia humana. La
ONU, como reza la Carta de las Naciones Unidas, fue creada para preservar a las generaciones
venideras de la guerra, para promover el progreso social y elevar el nivel de vida de todas y de
todos. Lamentablemente muchas de estas promesas no se convirtieron en realidad, y después
de más de 70 años vemos que en muchos casos, en lugar de avanzar hacia esos objetivos,
hemos retrocedido.

Como  lo hemos afirmado en muchas oportunidades, producto de prácticas abusivas del
imperialismo, del mercado de consumo salvaje que sostiene al capitalismo y las interminables
aventuras colonialistas, el mundo está atravesando una multiplicidad de crisis que, en lugar de ir
resolviéndose, van empeorando. La guerra y los conflictos violentos siguen siendo el flagelo de
millones de personas; producto de agresiones externas en Irak se h",quarantine_2018_collection
UNGA73_General_Debate_2018_statements/UNGA73_General_Debate_2018/bosnia-and-herzegovina__ba_en.pdf,2018,8596ead47c3fd6ccf482d8e7475caa68ebb4fc7bd1a862736488ebe1eff88fc5,2017|2018,2017,72,"                BOSNIA AND HERZEGOVINA





                   STATEMENT

                       by H.E. Dragan Covic

         Chairman of the Presidency of Bosnia and Herzegovina

                   at the General Debate of the 72""'' Session
                  of the United Nations General Assembly





                          CHECK AGAINST DELIVERY




                            20 September 2017, New York





Musala 2, Sarajevo, Tel: (+387 33) 281-100, Fax: (+387 33) 227-156 • Musala 2, Sarajevo, Tel: (+387 33) 281-100, Fax: (+387 33) 227-156
Mr. President,
Mr. Secretary-General,

Excellences,
Distinguished delegates.


Distinguished President of the General Assembly, Mr. Lajcak,
Please allow me, first of all, to congratulate you on the mandate you have just started as the
President of the 72nd Session. I am convinced that your tact and diplomacy, which we in
Bosnia and Herzegovina have witnessed first hand, will help the most important body of the
United Nations make new progress and effectively face new challenges. My gratitude also
goes to the outgoing President, for the leadership he showed during the previous (71st)
Session. I would like to join others in congratulating H.E. Antdnio Guterres on his election
for the Secretary-General of the United Nations. His noble and wise intention to dedicate
more attention to building bridges that connect us all in the years ahead will surely have the
greatest possible support in Bosnia and Herzegovina.


In a world dominated by uncertainty and insecurity, it is simply not possible to overstate the
importance of theprinciples andthemultilateral framework defined for us by the founders of
the United Nations. The strength of",quarantine_2018_collection
UNGA73_General_Debate_2018_statements/UNGA73_General_Debate_2018/botswana__bw_en.pdf,2018,1cd2fc23d47ee2936fda237636c37ab65b18f5243c65b4ee5ef99de67d770986,2017|2018,,,"REPUBLIC OF
BOTSWANA
                          PERMANENT MISSION OF THE REPUBLIC OF
                           BOTSWANA TO THE UNITED NATIONS

                               154 EAST 46TH STREET • NEW YORK, N.Y. 10017
                                                TEL. (212) 889-2277




                             : ?iÿ ÿ ÿ:iÿiÿ ÿ  ....

                             .... STAT-EIVIENT

                  BY

 HIS HONOUR HR. iVtOKGWEETSI E. K. HASISI, N.Po,

            THE VICE PRESIDENT
       OF THE REPUBLIC OF BOTSWANA


        DURING THE GENERAL DEBATE
         OF THE 7-2ND SESSION OF THE
      UNITED NATIONS GENERAL ASSEHBLY


              21 SEPTEHBER 2017
         UNITED NATIONS, NEW YORK





                                               Please check against deliver]/.
   Mr. Presidentÿ
    Excellencies,
    Distinguished Ladies and Gentlemen,

            I feel deeply honoured and privileged to deliver this Statement
     on behalf of the President of the Republic of Botswana, His
       Excellency Lt. General Dr. Seretse Khama Ian Khama.

     On behalf of my delegation, I wish to join previous speakers in
      congratulating you on your election as President of the
      Seventy-Second Session of the UN General Assembly.

          I assure you of the full support and cooperation of my
       delegation in the discharge of your mandate.

       In the same vein, please allow me to pay tribute to your
      predecessor, His Excellency  IVlr. Peter Thomson, for his
      stewardship of the Seventy-First Session.

       lay I also seize this opportunity to extend a warm welcome to
      our new Secretary-General, His Excellency Mr. Antoni6
      Guterres an",quarantine_2018_collection
UNGA73_General_Debate_2018_statements/UNGA73_General_Debate_2018/brazil__br_en.pdf,2018,a9480ce45af65da991e3b90aaa327b73934423f7802c8e12ebd09d3abb6a7038,2017|2018,2017,,"    BRAZIL





               STATEMENT BY H. E. MR. MICHEL TEMER,

             PRESIDENT OF THE FEDERATIVE REPUBLIC OF BRAZIL


                   OPENING OF THE GENERAL DEBATE

      OF THE 72""D SESSION OF THE UNITED NATIONS GENERAL ASSEMBLY





                New York, 19 September 2017





                        (check against delivery)
Mr. Miroslav Lajÿ&k, President of the General Assembly of the United Nations,
Mr. Ant6nio Guterres, Secretary-General of the United Nations,

Ladies and Gentlemen Heads of State, Government, and Delegations,

Ladies and Gentlemen,


At the outset, I would like to congratulate you, Mr. President, on your election. You can
count on the support of the Brazilian delegation.

I am also pleased to greet the Secretary-General in our common language. Mr. Secretary-
General, I once again wish you enduring success during your tenure.

Mr. President,

The challenges faced by the United Nations since its creation have been manifold. And we
all know that the aspirations of its founders have not been fully realized.

But the truth is that, along these more than seventy years of existence, the UN has always
represented and continues to represent hope. The truth is that the UN has always
represented and continues to represent the possibility of a fairer world. A world of peace
and prosperity. A world in which no one should face discrimination, oppression and misery.
A world in which production and consumption patterns are compatible with the well-being of
the present and future generations.

The UN has established itself as a privileged arena to build this world to which we aspire.
And to build this world we need method and realism, without ever",quarantine_2018_collection
UNGA73_General_Debate_2018_statements/UNGA73_General_Debate_2018/brunei-darussalam__bn_en.pdf,2018,258e13191e3ec78aa275a90c9abdc291dafd4ecf17ca53636dac7ee84ecf0008,2017|2018,2017,72,"               PERMANENT MISSUON OF BRUNEm DARU$SALAM
                      TO THE UNITED NATmONS


                 771 UNITED NATIONS PLAZA, NEW YORK, NY 10017





                     Address By


       The Hon. Pehin Dato Seal Setia Lira Jock Seng
             Minister at the Prime Minister's Office
 and Second Minister of Foreign Affairs and Trade of Brunei
                      Darussalam



                  At the Generat Debate of
   the 72nd Session of the United Nations General Assembly



                  22 September 2017
                  New York


                        Theme:
""Focusing on people: striving for peace and a decent life for all
                on a sustainabme planet""
Mr. President,
Secretary-General,
Your Excellencies,
Ladies and Gentlemen,

I have the great honour to convey the warm greetings of His Majesty the Sultan and Yang
Di-Pertuan of Brunei Darussalam to this august body.

And to His Excellency Miroslav Lajÿ.ÿk, our congratulations on assuming the Presidency
of this session. We wish him much success in the coming year.

Also, our thanks to His Excellency Peter Thomson who has presided the Assembly with
utmost dedication for the past year.

I also wish to send my warm wishes to our Secretary-General, His Excellency Antonio
Guterres and praise him for his vision to strengthen our organisation.


Mr. President,

Two years ago, Brunei Darussalam proudly joined everyone to embark on an extended
journey to achieve a global set of ambitious goals for sustainable development.

For us, that moment was meaningful. It signified our organisation's relentless pursuit to
bring development and prosperity to all countries, regardless of their si",quarantine_2018_collection
UNGA73_General_Debate_2018_statements/UNGA73_General_Debate_2018/bulgaria__bg_en.pdf,2018,b694116c9c99c8652a9c8dcc36b597733a1cfb10870f6971f33fa00209380db3,2017|2018,2017,72,"         REPUBLIC OF BULGARIA




                                              i




            STATEMENT


         By H.E. Mr. Rumen Radev,
     President of the Republic of Bulgaria





           AT THE General Debate
OF THE 72""° Session of the UN General Assembly





      New York, 20 September 2017
 S l ATEMEM BY PRESIDEM RUMEN RADEV AT THE CJENERAE DEBATE OF

   THE 72NI) SESSION OF THE UNITED NAHONS CENERAE ASSEMBLY



Mr. President,^                                                                                       >»
Mr. Secretary General,
Excellencies,
Ladies and gentlemen.


It is an honour for me to address this distinguished forum. I congratulate His
Excellency Miroslav Lajcak on his election to preside over the 72nd Session of
the United Nations General Assembly and wish him every success  in  his
mission.  I would also like to extend my warmest gratitude to His Excellency
Mr. Peter Thomson for his tireless work as President of the 71st Session in
promoting the implementation of the Sustainable Development Goals.
This Session is a special one for my country as within its timeframe - in the first
semester of 2018  - Bulgaria will hold the Presidency of the Council of the
European Union.
This year the General Debate puts a special emphasis on our common strive for
peace and  a decent  life  for  all on  a  sustainable  planet  highlighting  the
importance of prevention, mediation, sustainable development, preservation of
the environment and  respect  for human  rights  through  a people-centered
approach. The United Nations upholds our shared goals of peace and security,
development and human rights.


Mr. President,
Conflicts in many parts of the wor",quarantine_2018_collection
UNGA73_General_Debate_2018_statements/UNGA73_General_Debate_2018/burkina-faso__bf_fr.pdf,2018,53f46e15de7daf08e5b9c63e5d34ab17fcdb6993c17875f15186a38a6c1375c0,2017|2018,,,"   SO|XANTE-DOUZIEME SESSION ORD|NAIRE
DE LÿASSEMBLEE GENERALE DES NATIONS UNIES





              DECLARATION

              DE SON [ÿCEi[I_[NC[
        MONS|EiUR ROCH MARC CItR|STIAN ÿBORi!
           PRESIDENT1)UBURK1NA FASO




             New York, ]e 21 ÿqeptembre 2017


                            (Vÿrifier au prononcÿ)





                   633 Third Avenue, 41st Street, Suite 31A, New York, N.Y. 10017
            Tglgphone : (1) 212-308-4720/21 - Fax : (1) 212- 308-4690 - E-mail : bfÿm@umint
Monsieur le President
Mesdames et Messieurs les Chefs d'Etat et de Gouvernement
Monsieur le Secrÿtaire g6nÿral des Nations Unies
Mesdames et Messieurs les Chefs de dÿlÿgation
Distinguÿs dÿlÿguÿs
Mesdames et Messieurs


La 72ÿme session de l'Assemblÿe gÿn6rale de notre Organisation se tient hun moment oh

la marche quotidienne du monde ne cesse de nous lancer d'importants dÿfis.


En effet, la prfiservation de la paix et de la sÿcuritÿ internationales, la lutte contre le

terrorisme et l'extrÿmisme, l'firadication de la pauvretÿ, le dÿveloppement durable et

l'instauration d'un ordre international plus juste et plus humain, sont les principales

prfioccupations de l'heure. Elles nous interpellent sans cesse et nous avons l'impfirieux

et pressant devoir de leur trouver des rfiponses urgentes et durables.




Monsieur le Prÿsident, ma dfilÿgation et moi-mÿme vous adressons nos ffilicitations

pour votre brillante ÿlection h la prÿsidence de la prÿsente session. Je puis vous assurer

de notre pleine et entihre cooperation pour le succÿs de nos travaux.


A votre prfidficesseur, j'exprime ma reconnaissance pour l'efficacitfi avec laquelle il s'est

acquitt6 de sa mission.


I",quarantine_2018_collection
UNGA73_General_Debate_2018_statements/UNGA73_General_Debate_2018/burundi__bi_fr.pdf,2018,53569e542af45b4c30c0c1989a2d8fa41c9b380abe13252f9076d0a5cd56040b,2017|2018,,,"                   Permanent Mission of Burundi to the United Nations
                            336 East 45th Street, 12th Floor, New York N,Y 10017
                                Tel: +1 (212) 499-0001 ÿ +1(212) 499 -0002 tl Fax +1 (212) 499-0006
                                           E-mail: ambabunewyork@yahoo,fr
                                    Website: http://www.burundimission.org



D6claration de S.E.M. Alain Aim6 NYAMITWE, Ministre des Relations Ext6rieures et de la
Coop6ration Internationale ÿ l'Assembl6e G6n6rale de I'ONU
 ....................................................................


New York, le 23 septembre 20] 7

Monsieur MIROSLAV LAJCAK, Pr6sident de la Soixante-douziÿme session de l'Assembl6e
G6n6rale de I'ONU,
Monsieur le Secr6taire G6n6ral de I'ONU,
Majest6s,
Excellences Mesdames, Messieurs les Chefs d'Etat et de Gouvernement,
Mesdames, Messieurs,
Avant route chose, permettez-moi de rendre grace au Seigneur Dieu Tout Puissant, pour nous
avoir 6pargn6s et permis de nous retrouver darts cette belle ville de New York.
Monsieur le Pr6sident,
Majest6s,
Excellences,
Mesdames, Mesdemoiselles, Messieurs,

J'ai le plaisir de vous presenter les salutations les plus fraternelles de S.Exc. M. Pierre
NKURUNZIZA, President de la Rÿpublique du Burundi. I1 avait souhaitÿ ÿtre parmi Vous, mais des
engagements pressants ÿ l'intÿrieur du Pays Font empÿchÿ d'effectuer le dÿplacement de New York.
Monsieur le President,

Ma dÿlÿgation souhaite tout d'abord vous presenter les fÿlicitations pour votre brillante ÿlection it la
tÿte de cette Soixante-douziÿme session de l'Assemblÿe Gÿnÿrale de notre Organisation. Je profite de
cette oppormnitÿ qui m'est offerte",quarantine_2018_collection
UNGA73_General_Debate_2018_statements/UNGA73_General_Debate_2018/cabo-verde__cv_en.pdf,2018,f19c6fefdc741c0be5da185d6ee787e0414be707b1bdda18edd6273703f1b127,2017|2018,,72|72|72,"      SPEECH BY HIS EXCELLENCY JOSE ULISSES DE PINA CORREIA E SILVA

     PRIME MINISTER, HEAD OF GOVERNMENT AND HEAD OF DELEGATION

                  OF THE REPUBLIC OF CABO VERDE

 AT THE HIGH LEVEL WEEK OF THE 72ND SESSION OF THE UN GENERAL ASSEMBLY

                NEW YORK, SEPTEMBER 22, 2017





Mr. President of the General Assembly

Mr. Secretary General

Excellences Heads of State, of Government and of Delegation

Ladies and Gentlemen



It is with great satisfaction and honor that I take part in this august Assembly,

gathered here at its 72nd session.



I bring with me the friendly greetings of the Cabo Verdean People living in the

country and in the diaspora.
I wanted to salute the President of the 71st session of the General Assembly, Mr.

Peter Thomson, who focused his leadership on implementing the sustainable

development goals.



I am pleased to reiterate the congratulations of my Government to Mr. Ant6nio

Guterres for his election to the post of Secretary-General. The Government of

Cabo Verde will lend its full support to the Secretary-General's work, especially in

carrying out the reforms he has announced--and which are in progress--to

strengthen the  delivery capacity, transparency and accountability of our

Organization.



I would like to welcome the President of the 72nd session of the General Assembly,

Mr. Miroslav LAJCÿ,K, and to wish him all the success. We listened with particular

interest to the six-point-program he announced for his presidency, and which are

all interlinked and geared towards ensuring the protection, dignity and well-being

of people.



Indeed, the theme proposed by Your Excellency for the 72nd session could not be
",quarantine_2018_collection
UNGA73_General_Debate_2018_statements/UNGA73_General_Debate_2018/cabo-verde__cv_fl.pdf,2018,b91bca0f058580e61efab87174cfbfc31dbad5c2d52c1dc794f2c1084e719d08,2018,,,"

",quarantine_2018_collection
UNGA73_General_Debate_2018_statements/UNGA73_General_Debate_2018/cambodia__kh_en.pdf,2018,bc72a74753a267dfb9cfcb5cf91ad4625ab50a01e9da85e119a2721baf60ee8a,2017|2018,2017,72,"      KINGDOM OF CAMBODIA
             NATION RELIGION KING





         STATEMENT

             BY

 HIS EXCELLENCY PRAK SOKHONN

       SENIOR MINISTER,

MINISTER OF FOREIGN AFFAIRS AND
  INTERNATIONAL COOPERATION

 OF THE KINGDOM OF CAMBODIA



               General Debate

            72nd Session of the
      United Nations General Assembly




      New York, 22 September 2017
Your Excellency Mr. President,

Excellencies, Ladies and Gentlemen,



   1. On behalf of the Royal Government of Cambodia and on my own behalf, I
      congratulate you, Excellency Miroslav Laj^^k, on your election as President
      of the 72nd United Nations General Assembly. I would like to take this
      opportunity to thank as well His Excellency President Peter Thomson of Fiji
       for his commitment and dedication to the works of our previous UNGA
       session. I join with previous speakers in expressing my deepest condolences
     and sympathy to the victims of the earthquake in Mexico and their families.
   2. My Delegation finds that the theme of this year's UNGA  is extremely
      relevant and sums up quite appropriately the six overarching priorities of
     your Presidency which are responsive to the global megatrends that are
      facing our world nowadays. The interactions between population growth,
     massive migration movements, climate change and food insecurity render
      these megatrends all the more worrisome.
   3. Similarly, the same forces of globalization, which in the past have made us
      so interdependent, are exposing deep flaws in the existing international
      order. A quarter century after the end of the Cold War, the world became
     by many ",quarantine_2018_collection
UNGA73_General_Debate_2018_statements/UNGA73_General_Debate_2018/cameroon__cm_fr.pdf,2018,319202937f5c3b22c22118e8ef793de5cb3d3ee2b7f0437f01665c90936dfae3,2017|2018,2017,,"    CAMEROON



                                                                /.


      72EME SESSION DE L'ASSEMBLEE GENERALE
              DES NATIONS UNIES
                   (New York, 12 septembre - 22 decembre 2017)

            Debat general

              Theme : Priorite a I'etre humain  :
             paix et vie decente pour tous
              sur une planete preservee


          DECLARATION DE S-E-M, PAUL BIYA,
            PRESIDENT DE LA REPUBLIQUE
                  DU CAMEROUN.





                             New York, le 22 septembre 2017
                          A verifier au prononce



MISSION Pl-KMANI-NTI- [)U CAMnROUN                              PHRMANENT MISSION OF CAMI-ROON
     AUPRI'S DKS NAHONS UNIHS                                       TO THE UNITED NATIONS

                                        22 KAS'i  73rcl S'l Ri;!-  !' Ni;W YORK. N.Y. 10021
                                              Id: (212)794 2295  i'ax: (212)249 05.33
                                    I>maii: delecam@delecam.us  / Cameroon,mission@vahoo.com
                                                     Websiie: wvvw.dclccam.us
         •  Monsieur ie President,
         •  Mesdames et Messieurs ies Chefs d'Etat et de Gouvernement,
         •  Monsieur Ie Secretaire General de i'ONU,
        •  Mesdames et Messieurs ies Chefs de delegations,

      Je voudrais, Monsieur Ie President, vous fellclter pour votre accession a
la presldence de la presente session de I'Assemblee Generale de TONU. Votre
grande experience vous permettra, j'en suls sur, de conduire avec plein succes
nos deliberations. Soyez assure.de Tentlere cooperation de ma delegation.

    A  I'Ambassadeu",quarantine_2018_collection
UNGA73_General_Debate_2018_statements/UNGA73_General_Debate_2018/canada__ca_en.pdf,2018,6a9516e571da0e65734a8fee74e91ce666419ffd939b48447e3a395a37f17e21,2018,,73|73,"       Statement by H. E. Mr. Marc-André Blanchard,
                     at the General Debate
         of the 73rd session of the General Assembly

                    1 October 2018



Together, through uncharted territory

Canada is honoured to help close this General Debate of the 73rd
session of the United Nations General Assembly.

Let me start with a simple question. Why does the UN matter?
The answer is also simple.

The magnitude of the contemporary challenges the world is
confronting, from climate change to terrorism, from economic
inequality to irregular migration, from protracted crises to
humanitarian emergencies, demands action.

Each of these challenges is systemic. None can be solved by
countries acting in isolation or bilaterally. All of them require the
world to work together.

The UN is the only place where we all come together to tackle
these challenges.

Indeed, this UN General Assembly – our Assembly – is the only
forum where representation is global.

This representation not only bestows legitimacy, it affords
opportunities to harness diversity of thought and experience, of
skills and knowledge, and of ideas, in support of better outcomes
for all.

Since the beginning of the postwar project, Canada has been at
the heart of the UN. A Canadian, John Peters Humphrey was

                                                                             1
among the drafters of the Universal Declaration of Human Rights.
We were at the advent of peacekeeping.

We helped to build the institutions at the core of the rules-based
international order. But these rules and institutions were not, and
should not be, static entities, impervious to change.

Notwithstandin",quarantine_2018_collection
UNGA73_General_Debate_2018_statements/UNGA73_General_Debate_2018/canada__ca_fr.pdf,2018,78e29b150e77ccdea9cd45de95f6fe9d67dcbed0c699ad391461d9aeeb5befd1,2018,,73,"Déclaration de S. E. M. Marc-André Blanchard,
au Débat général de la 73e session de l’Assemblée générale
1 octobre 2018





Ensemble en territoire inconnu

Le Canada est honoré de contribuer à la clôture du débat général
de la 73e séance de l’Assemblée générale des Nations Unies.

Permettez-moi de commencer par une simple question. Pourquoi
les Nations Unies sont-elles importantes? À cette simple
question, il y a une réponse tout aussi simple.

L’ampleur des défis contemporains auxquels le monde est
confronté, des changements climatiques au terrorisme, des
inégalités économiques aux migrations irrégulières, des crises
prolongées aux urgences humanitaires, exige d’agir.

Chacun de ces défis est systémique. Aucun d’entre eux ne peut
être relevé par un seul pays ou de façon bilatérale. Chacun de
ces défis exige que le monde entier travaille ensemble.

L’ONU est le seul endroit où nous nous rassemblons tous pour
nous attaquer à ces défis.

En effet, l’Assemblée générale des Nations Unies, NOTRE
assemblée, est la seule tribune où le monde entier est
représenté.

Cette représentation lui confère non seulement sa légitimité, mais
elle offre l’occasion de tirer parti de la diversité d’opinions,
d’expériences, de compétences, de connaissances et d’idées
dans le but d’obtenir de meilleurs résultats pour tous.
Depuis le début du projet d’après-guerre, le Canada occupe une
place centrale aux Nations Unies. Le Canadien John Peters
Humphrey a participé à la rédaction de la Déclaration universelle
des droits de la personne. Nous avons participé à l’avènement du
maintien de la paix.

Nous avons aidé à mettre en place les institutions qui sont au
cœur de l’ordre international fondé sur d",quarantine_2018_collection
UNGA73_General_Debate_2018_statements/UNGA73_General_Debate_2018/central-african-republic__cf_fr.pdf,2018,772a3c948d6067cd4b19979efbeec2422ea4654dd80b7d6d2d10bccc6070d4fd,2017|2018,,72|72,"DISCOURS DE SON EXCELLENCE MONSIEUR LE PRESIDENT DE
            LA REPUBLIQUE, CHEF DE L'ETAT
     LE PROFESSEUR FAUSTIN ARCHANGE TOUADERA
A L'OCCASION DE LA 72ÿme ASSEMBLEE GENERALE DE L'ONU

         NEW YORK LE 22 SEPTEMBRE 2017





                                                                                                                         1
   • Monsieur le Pr6sident ;

   • Excellences, Mesdames et Messieurs les Chefs d'Etat
        et de Gouvernement ;

   • Monsieur le Secrÿtaire Gÿndral des Nations Unies ;

   • Distinguÿs ddl6guÿs ;

   • Mesdames et Messieurs.

Je voudrais joindre ma voix a celle de tous ceux qui m'ont precede
cette tribune, pour vous adresser Monsieur le President, mes vives et
chaleureuses felicitations pour votre election a la Presidence de la
72e Session ordinaire de I'Assemblee Generale des Nations Unies, tout
en vous souhaitant plein succes dans raccomplissement de cette noble
tÿche.

Vos riches experiences sur les grandes questions internationales et
votre sens eleve du devoir ainsi que vos grandes qualites personnelles,
sont, j'en suis convaincu, un gage de succes de nos travaux.

Qu'il me soit aussi permis d'exprimer ÿi I'endroit de votre predecesseur,
Monsieur Peter THOMSON, ma profonde admiration pour I'enorme
travail qu'il a abattu et les resultats remarquables obtenus durant son
mandat.

C'est ici le lieu de saluer les actions deja accomplies par Son
Excellence Monsieur Antonio GUTERRES, Secretaire General des
Nations Unies, depuis son arrivee ÿl la tete de notre Organisation

commune.

   • Monsieur le President,

La 72e Session de I'Assemblee Generale des Nations Unies se tient au
moment oÿ, notre planete est confront",quarantine_2018_collection
UNGA73_General_Debate_2018_statements/UNGA73_General_Debate_2018/chad__td_fr.pdf,2018,dfc6319b92c6074604a52263e33a5d6741503392083ca5bb654c7b5db8972a25,2017|2018,2017,72|72,"                                                      Unité – Travail – Progrès


                       T C H A D

 72ème SESSION DE L’ASSEMBLEE GENERALE DES NATIONS-UNIES

  ALLOCUTION DE S.E. M. HISSEIN BRAHIM TAHA, MINISTRE DES
  AFFAIRES ETRANGERES, DE L’INEGRATION AFRICAINE ET DE LA
             COOPERATION INTERNATIONALE

             New-York, le 23 Septembre 2017

Monsieur le Président de l’Assemblée Générale ;
Mesdames, Messieurs les Chefs de Délégations ;
Monsieur le Secrétaire Général des Nations Unies ;
Mesdames et Messieurs ;

Permettez-moi d’adresser mes chaleureuses félicitations à Monsieur Miroslav
Lajcak, pour son élection à la présidence de la 72ème session de l’Assemblée
Générale des Nations Unies  et  l’assurons de  notre  collaboration dans
l’accomplissement de sa haute mission.

Je voudrais en même temps exprimer notre reconnaissance à Monsieur Peter
Thompson, qui a dirigé avec talent et clairvoyance les travaux de la 71ème
Session.

Mesdames et Messieurs,

Il y a une décennie, nous déplorions au sein de cette Assemblée, l’apparition
des   différentes   crises  mondiales,  notamment   financière,   et   leurs
conséquences néfastes sur l’économie mondiale.
Aujourd’hui encore,  les pays en voie de développement dont  le mien,
continuent d’en subir les conséquences, à cause de la chute des prix de leurs
produits d’exportation.

                                                                                1
Cette  conjoncture  impacte  négativement  le  financement  des  Plans  et
Stratégies de développement de nos pays.

L’humanité est aussi appelée à faire face aux conflits d’un genre nouveau, les
défis liés au terrorisme dont les tentacules grandis",quarantine_2018_collection
UNGA73_General_Debate_2018_statements/UNGA73_General_Debate_2018/chile__cl_en.pdf,2018,41dc74c6486a0f3554ed42d95646ac9b78a82fdf4aa57be96a673510dd9e0b36,2018,,,"

",quarantine_2018_collection
UNGA73_General_Debate_2018_statements/UNGA73_General_Debate_2018/chile__cl_es.pdf,2018,d8bef9222549b4286361a7fa978bd3aac20f457f919c0c785d00c47da406e578,2017|2018,,,"     Dirección de Prensa

          Discurso de S.E. la Presidenta de la República,
 Michelle Bachelet Jeria, en 72° Período Ordinario de Sesiones de la
            Asamblea General de Naciones Unidas



            Nueva York, 20 de septiembre de 2017



Señor Presidente:

Quiero iniciar estas palabras enviando un saludo fraterno al pueblo de
México y, muy especialmente, a los familiares y amigos de las víctimas
del terrible terremoto que asoló a este país hermano el día de ayer.

Quiero también saludar a los familiares de las víctimas y a todos los
afectados por los huracanes que en las últimas semanas y días se han
producido en la región, causando un daño enorme y pérdidas, en
algunos casos, irreparables.

Estas últimas catástrofes, generadas por huracanes más frecuentes y
violentos de lo habitual -en gran medida a causa del calentamiento de
los océanos- nos recuerdan que nos encontramos en un momento
clave de la historia de la humanidad, un momento de definiciones que
repercutirán en nuestras vidas y en las vidas de nuestros nietos y
bisnietos.

Si bien los desafíos que enfrentamos hoy son distintos de los que
dieron origen a esta organización hace 72 años, son tan relevantes y
tan  determinantes como  los que  enfrentó  la  generación de  la
posguerra.

Por un lado, la noción de desarrollo que predominaba hasta ahora ha
sido  remecida  por  la  implacable  realidad  del cambio  climático.
Podemos  cerrar  los  ojos  y  negar una  realidad  cuyos  efectos


                                                                 1
     Dirección de Prensa

devastadores serán cada vez más frecuentes e intensos, o asumir
nuestra responsabilidad.

Y ello implica, más allá de red",quarantine_2018_collection
UNGA73_General_Debate_2018_statements/UNGA73_General_Debate_2018/china__zh_en.pdf,2018,c08a0fd87d15151d55825021aa330e767c575921e253000905c101cae79c2b99,2018,2018,73,"Please check against delivery                                (Translation)


       Multilateralism, Shared Peace and Development



                     Statement by H.E. Wang Yi
  State Councilor andForeign Minister ofthePeople's Republic of China
 AttheGeneral Debate ofthe 73rd Session of theUNGeneral Assembly


              New York, 28 September 2018


Madam President,


   Every September, global attention focuses on the United Nations and
on this stately Assembly HalL People watch closely what is happening
here, hoping that the United Nations will deliver to the world peace,
development, harmony and prosperity. People look to the UN to help
realize their dream for a better life, a UN that is committed to ""Making
the United Nations Relevant to All People"", thus making our world a
better place for everyone to live in.

   The contemporary international order, whichbegan with the founding
of the United Nations, is based on the purposes and principles of the UN
Charter and enhanced by the vision and practice ofmultilateralism. It has,
over the past 70 years or more, brought about general peace and rapid
development A people-centered philosophy has gained wide acceptance,
and broad consensus has formed on the need for inter-dependence and
win-win cooperation. Yet, it is also true that the international order today
 faces  problems  and  challenges  and  needs  steady  reform  and
 improvement.

   The  world  is  changing.  As  we  celebrate  mankind*s  proud
achievements and progress in an ever-changing world, we must never
 lose sight of the challenges and difficulties we face, and must remain
vigilant. What we see today is that international rules and multilateral
m",quarantine_2018_collection
UNGA73_General_Debate_2018_statements/UNGA73_General_Debate_2018/china__zh_zh.pdf,2018,e86daac8b29f6510f3d1974b4afe6ed3ae16d8e370914f046d877e8ee04f9151,2017|2018,,,"±M3tk,

""^ik^M-M.' 'f^;5!i±«, **S¥tA.

ik'ftfcib T -^-M^i^o
     jft-frH etifB-f-i^ aft,
jfe, -k^ib,




!b, <fe-aa-K:^ii>FA,                                   ,


                  -2-
",quarantine_2018_collection
UNGA73_General_Debate_2018_statements/UNGA73_General_Debate_2018/colombia__co_es.pdf,2018,999821f4cab092bfe409de82bf80eb8f4994ffeadda5f2de2b1fc373a054259c,2017|2018,,,"                                                                                   1


   PALABRAS DEL PRESIDENTE DE LA REPÚBLICA DE
 COLOMBIA, JUAN MANUEL SANTOS, ANTE LA ASAMBLEA
   GENERAL DE LA ORGANIZACIÓN DE LAS NACIONES
UNIDAS EN EL 72 PERIODO DE SESIONES ORDINARIAS (v.FINAL)


                   Nueva York, 19 de septiembre de 2017


Señor Presidente de  la Asamblea General, señores Jefes de

Estado  y  de  Gobierno,  distinguidos  delegados,  señoras  y

señores:


Esta es la octava y la última vez que me dirijo a esta Asamblea en

mi condición de presidente de Colombia.


Han pasado muchas cosas desde aquel 24 de septiembre de

2010, cuando realicé mi primera intervención.


Colombia se ha transformado positivamente y el mundo ha vivido

avances y retrocesos, de los que todos hemos sido testigos,

víctimas o protagonistas.


Y miren esta paradoja: mi primera alocución televisada a los

colombianos, como su mandatario, la hice desde Nueva York,

aquel septiembre de 2010, un día antes de hablar ante esta

Asamblea.
                                                                                   2



¿Y cuál fue el motivo de esa intervención? Anuncié a Colombia y

a  la comunidad internacional que nuestras Fuerzas Armadas

habían abatido al jefe militar de la guerrilla de las FARC.


Hoy, siete años después, me siento muy feliz –¡muy feliz!– de que

las noticias que traigo de Colombia no tengan que ver con la

muerte sino con la vida.


Hoy vengo a decirles que el proceso de paz con las FARC no

solo culminó con un acuerdo sino con algo más grande, más

importante: ¡miles y miles de vidas humanas salvadas!


Así que la noticia hoy ya no es la muerte: ¡ES LA VIDA!",quarantine_2018_collection
UNGA73_General_Debate_2018_statements/UNGA73_General_Debate_2018/comoros__km_fr.pdf,2018,95594bf1260427d34677a6f79e9784f8b19bb3900df576e80efa87074e73b10d,2017|2018,2017,,"Allocution du Prdsident de l'Union des Comores devant
                l'Assemblde gdndrale
                des Nations unies.




       New York, le 21 septembre 2017.



                     Temps de prise de parole imparti "" 15 minutes

",quarantine_2018_collection
UNGA73_General_Debate_2018_statements/UNGA73_General_Debate_2018/congo__cg_fr.pdf,2018,06f39a2f446c95d8588bc0a17d3ce31439fcde508e6eacaaed809d248c8469f4,2018,2018,,"                                                Unite * Travail * Progres
Republique du Congo



            ALLOCUTION



            DE S.E.M JEAN-CLAUDE GAKOSSO,

           MINISTRE DES AFFAIRES ETRANGERES,

                        - DE LA COOPERATION ET DES

              CONGOLAIS DE L ETRANGER



   AU DEBAT GENERAL DE LA 73em SESSION DE L ASSEMBLEE
            GENEREALE DES NATIONS UNIES





                                                  Verifier au prononce



                       New York Le 29 Septembre 2018
                             2


  Madame la Presidente,

  Monsieur le Secretaire General des Nations Unies,

  Excellences Mesdames et Messieurs les Chefs

  de delegation,


C est pour moi un agreable devoi de prendre la parole a cette
auguste Assemblee, reunie en ce lieu a la fois mythique et
memorable devoue a la paix dans le monde, et ce au nom de
S.E.M. Denis Sassou N uesso, President de la Republique
du Congo.


Madame la Presidente,


La paix - on ne le dira jamais assez - n a pas
d alternative. Notre intime conviction est qu elle est un des
biens les plus precieux que nous tenons a la fois de la
Providence et de notre humaine intelligence.


La paix, Madame la Presidente, est bien ce tresor
irrempla able qu ont en partage toutes les nations du monde,
tons les peuples de la terre et I ensemble de la communaute
des Etats.


C est la paix  ne 1’oublions jamais - qui est la raison
d’etre de ce bel edifice que sont les Nations Unies. C est
bien die qui est le mobile essentiel de notre presence reguliere
et assidue en ces lieux.


Or, qu’observons-nous aujourd’hui en jetant un regard
panorantique sur notre monde et les «ideologies»
nouvelles qui e",quarantine_2018_collection
UNGA73_General_Debate_2018_statements/UNGA73_General_Debate_2018/costa-rica__cr_es.pdf,2018,9e2fc142ee87cb4df3523ddc101f23cc7d34e615d1ce51eca3662401d7d145df,2018,,,"                                 COSTA RICA
                                           GOBIEHNO DEL 8ICENTENARIO


  Discurso de la Se ora Vicepresidenta y Canciller de la
             Republica, Epsy Campbell Barr

     73a Asamblea General de las Naciones Unidas


     Making the UN relevant to all people: global leadership and shared
       responsibilities for peaceful, equitable and sustainable societies""

Presidente,

    Me es muy grato dirigirme a esta Asamblea como mujer Canciller y
Vicepresidenta de la Republica de Costa Rica. Le extiendo a usted y a los
honorables representantes de tod os los otros paises, los saludos del Presidente
Carlos Alvarado Quesada. Mi pais tiene absolute convencimiento de que unidos
podemos construir un future diferente, con coraje, con determinacion, imaginando
lo imposible y luchando por construirlo.

     Que hoy esta Asamblea sea presidida por una mujer, la cuarta en dirigir este
foro en 73 ahos de existencia, es parte de un nuevo momento de la historia donde
la igualdad entre hombres y mujeres se construye con actos concretes. Por eso mi
pais, celebra su eleccion y la felicita.

       El Presidente Carlos Alvarado Quesada, constituyo un gabinete paritario en
Costa Rica... jpor primera vez en su historia! El pais hoy se beneficia con el talento,
la capacidad, el conocimiento y el liderazgo de las mujeres desde esos puestos de
poder.

     Agradecemos al Secretario General por el impulse demostrado en alcanzar
la paridad de genero dentro del Sistema de Naciones Unidas y reafirmamos nuestro
empeho en seguir apoyando las medidas especificas propuestas con este fin.

      El empoderamiento economico de las mujeres es tambien de vital",quarantine_2018_collection
UNGA73_General_Debate_2018_statements/UNGA73_General_Debate_2018/cote-divoire__ci_fr.pdf,2018,cd5a0cfcf1478cf0ac300e008043accdca247206b1af36bec30f170ba6502a37,2017|2018,2017,,"PRESIDENCE DE LA REPUBLIQUE         REPUBLIQUE DE COTE D'IV01RE





                                                        Unio n-DiScipline-Travail





          72ÿME SESSION DE.L'ASSEMBLEE GENERALE
                DES NATIONS UNIES
            DECLARATION DE SON EXCELLENCE
            MONSIEUR ALASSANE OUATTARA
      PRESIDENT DE LA REPUBLIQUE DE COTE D'IVOIRE
                      New York, le 20 septembre 2017





A vOrifier au prononcÿ
     Excellence Monsieur Miroslav Lajcak, Pr6sident de la 72ÿme session de
    I'Assembl6e g6n6rale des Nations Unies ;
    Excellences, Mesdames et Messieurs les Chefs d'Etat et de
    Gouvernement ;
    Excellence Monsieur Antonio GUTERRES, Secr6taire G6n6ral des
     Nations Unies ;
    Mesdames et Messieurs ;
     Honorables D616gu6s,
    Monsieur le Pr6sident,
    Mesdames et Messieurs,

 Je voudrais, pour commencer, vous exprimer la gratitude du peuple
ivoirien, pour la grande mobilisation de vos pays, qui a port6 la C6te
d'Ivoire au Conseil de s6curit6 des Nations Unies pour la p6riode 2018-
201%
Cette 61ection t6moigne de votre soutien ÿ I'engagement constant de mon
pays en faveur de la paix et du dialogue.
Elle est aussi un appel ÿ partager, avec le monde, notre exp6rience en
mati&re de gestion de sortie de crise et de coop6ration efficace avec les
Nations Unies, comme le prouve le succÿs de I'op6ration des Nations Unies
en C6te d'Ivoire (ONUCI).

Les lemons de cette Op6ration de paix, reconnue par tous comme I'un des
rares succÿs de notre Organisation mondiale dans le domaine du maintien
de la paix depuis plusieurs d6cennies, doivent inspirer davantage les
Nations Unies dans leurs initiatives en faveur de la paix.
C'est ",quarantine_2018_collection
UNGA73_General_Debate_2018_statements/UNGA73_General_Debate_2018/croatia__hr_en.pdf,2018,6ec6886188a4bbcee1879ec63fd44d9457a7f7523c37990d4b5f7246899b798d,2017|2018,2017,72,"          CROATIA

                             Address by


                       H.E. Mr Andrej Plenković
               Prime Minister of the Republic of Croatia

                            at the 72nd session of the
                 General Assembly of the United Nations

                 New York, 21 September 2017





Check against delivery





               PERMANENT MISSION OF THE REPUBLIC OF CROATIA TO THE UNITED NATIONS
        820 SECOND AVE, 19. FL, NEW YORK, NY 10017 | TEL: 212 986 1585 | FAX: 212 986 2011 | CROMISS.UN@MVEP.HR
Mr. President,

Excellences, Ladies and Gentlemen,

Let me use this opportunity to offer my sincere condolences to all those affected by the destruction
wrought by hurricanes Irma and Maria as well as to the people of Mexico, who have been hit by
successive earth quakes these past few days.

1992-2017

25 years ago, my country’s first president, Franjo Tuđman, addressed the General Assembly as
Croatia was being admitted to the United Nations, bringing us back into the fold of free nations.

At that time, he appealed to the international community to help end the aggression against
Croatia and establish lasting peace.

Since then, my country has been rebuilt, modernised and profoundly transformed and has
become one of Europe's top tourist destinations.

Today, Croatia is a Member State of the European Union and NATO.

Building on its unique historical circumstances we are now actively participating in peacekeeping
operations around the globe and provide development aid to societies in need.

I address you as the Prime Minister of a country which has during this relatively short time served
on the Security Council, has presided over ",quarantine_2018_collection
UNGA73_General_Debate_2018_statements/UNGA73_General_Debate_2018/cuba__cu_ar.pdf,2018,9e6e3b93edb5706e6fb9e6f1de21fc5d2b91505b2684a653c503cfe57d5388da,2018,,,"uby'                            nrn'^'                5r^'
ni^^5TZ8         rTfTv> oT^^f^rp qp=^^5 sfTip 8SZ.        ^ I7I78
   ^'2%           'th'""1^ ^ 0917      11^ ^f<? ^   ?T ip^no
          r»3rW      917%   5P inr^°9 ^  oz.% 11^^ S?^
(rv j®^ *?^ one^p r      fu"" Cc' *r? rT|p^ Tll^    IPFK^'          ,.) Z.'0% ®^
ItTi®^ ®1 [f\^ ^       OOZ j®>""
jr^ 1[Cl®^ IF^1^IF^        yvTnr^ j-ji-;•p rirvrTp jw CjnP     ^
l""""FKr     Tr^? jr 11vw ^r o^ 5^n"" ir^                  i*>-^' M*) ""^J^Yi jP
^  ""cfj^      jO f^v-^ 0^      jPjFT) jj^ rr^   mr^ H®'Vi>l^ lFF*""®Fif>'

nerri nrrtry
[5^        >ePn ^      5V ®^ j""^P                   IF^    PlP
rrtTcTrS |-^P                            ' [^frfys  [(*^Trf>5 ofP vi  ^PS' ^ 5^ Tl^5n^ ^^P
P       l^r  IFT^^'^rr"" IF^         \ ^'*-^""1 *>      r^)     *.11 p p             r^i
^mr^P1|rPrfrrT^  rn-^ ""T^PI'P|f^P 51''^T^^ ^PT* ^ PPf^ If^P1®^' Pjppp PPp
^rf^ ir^ iri°^' iiP ^  5^11?         ]f.\'^n           f^V
 vO        ^           sfTl P \\*^^ ^P.'       IP11-'' V       rPP 1®^5^P

ir^ if,""^
IJirrfVc IjTriVry;
frrp  , 92 rri^j jFjTp 8i;o2 •
5^n P ir^f ir*i^ hf^''- ifisfs ^ n-ficTri ^cv m> ij*i»>     ift^«  ' ^
®^lTp'  ^T\®^ IF^ t-TTcfp rt^P       PrniO wC^m ^ IF^P* ^       n6v^Pr>
       Ldj    V ^^                           ^''^Ingli ojIc. 1 t>j l^^)xj
                    .(^(^^jOJuU Lq   J (Aj\iS]l
    (iUj      j£| Lq^ (4^ij!Luj^                    OJ;^) 1^1 ((3^112^1       (jl
    J ( ^Lojuiljll    Aj^U l^jt^USl   ^    t(jibaVW 6-^12x1^11 dibVjll cWJ
   jjLoJJ       ^LusasluiYI j ^UVl ^6^.1^1             j ybj^^Vl (J^jJuasJl A:>j
 ^IjJ J1 (^^31      J c^l-®^l  '  t^-»-'il b.i) t(_5jLu6a!Sl       (iPj .^U^l IIA Aj
           .^jl^Vl    ",quarantine_2018_collection
UNGA73_General_Debate_2018_statements/UNGA73_General_Debate_2018/cuba__cu_en.pdf,2018,7142c605a5c4812afd5b5b6b82895e789d28331cdfac3fa22309786dd1ab325d,2017|2018,,,"                                          REPUBLICADE CUBA
                                             Misi6n Permanente ante las Naciones Unidas


STATEMENT BY H.E.  Mr. BRUNO RODRIGUEZ PARRILLA, MINISTER OF
FOREIGN AFFAIRS OF THE REPUBLIC OF CUBA, AT THE SEVENTY
SECOND SESSION OF THE UNITED NATIONS GENERAL ASSEMBLY. NEW
YORK, SEPTEMBER 22, 2017.



Mr. President:

Mr. Secretary General;

Allow me to reiterate to you Cuba's, support to your work at the helm of the United
Nations and as a guarantor and advocate of international peace.

Heads of State and Government;

Distinguished delegates;

 I would like to express my deep condolences to the relatives of the deceased and
the victims of hurricanes Irma and Maria, as well as our disposition to increase our
cooperation, to the extent of our modest possibilities, with the brother peoples and
governments  of Dominica and Antigua and  Barbuda, small Caribbean  islands
which suffered a terrible devastation; with the Dominican Republic, Puerto Rico,
Saint Martin, Sint Maarten, Virgin Islands and Anguilla.

I call upon the international community to give the highest priority to this situation
and mobilize resources to assist the small Caribbean Island States and territories
which have suffered such devastation.

We would  like to convey Cuba's warmest feelings of solidarity to the government
and people of Mexico,  particularly to the victims and  their relatives, who were
affected by both earthquakes, and reiterate to them our disposition to assist the
population and support the recovery works with our modest efforts.

We also want to express our sorrow to the US people, as well as our heartfelt
condolences to the relatives of ",quarantine_2018_collection
UNGA73_General_Debate_2018_statements/UNGA73_General_Debate_2018/cuba__cu_es.pdf,2018,90f1a6f975aebef416e972baddd320433948a10afc7db50c4364dffa043cf3d1,2017|2018,,,"                                              REPUBLICA DE CUBA
                                              Mision Permanente ante las Naciones Unidas


INTERVENCION  DEL  MINISTRO  DE  RELACIONES  EXTERIORES  DE  LA
REPUBLICA DE CUBA, BRUNO RODRIGUEZ PARRILLA EN EL 72 PERIODO DE
SESIONES DE LA ASAMBLEA GENERAL DE LA ONU. NUEVA YORK. 22 DE
SEPTIEMBRE DE 2017.


Senor Presidente:


Senor Secretario General:

Le confirmo  el apoyo de Cuba en  su  labor  al  frente de  la Secretaria de  la
Organizacion de  las  Naciones  Unidas como  garante  y  defensor de  la  paz
internacional.

Senores Jefes de Estado y de Gobierno:

Distinguidas delegadas y delegados:

Expreso sinceras condolencias, extensivas a los familiares de los fallecidos y a los
damnificados, y nuestra disposiclon a incrementar nuestra cooperacion, dentro de
nuestras modestas posibilidades; a los hermanos pueblos y gobiernos de Dominica y
Antigua y Barbuda, pequenas islas que sufrieron terrible destruccion; a Republica
Dominicana, Puerto Rico, Saint Martin, Sint Maarten, Islas Virgenes y Anguila debido
a los huracanes Irma y Maria.

Llamo a la comunidad internacional a dar toda la prioridad y movilizar recursos para
ayudar a los pequenos estados y territorios insulares del Caribe devastados.

Reciba entranables sentimientos de  solidaridad de Cuba,  el  pueblo y gobierno
mexicanos, en especial los familiares de las victimas y los damnificados por ambos
terremotos,   a quienes reiteramos  la disposicion  a  asistir a  la poblacion y a  la
recuperacion de los dafios con nuestros modestos esfuerzos.
Hacemos  llegar  nuestro  pesar  al  pueblo  de  los  Estados  Unidos,  sentidas
condolencias a las familias de los ",quarantine_2018_collection
UNGA73_General_Debate_2018_statements/UNGA73_General_Debate_2018/cuba__cu_fr.pdf,2018,127778188b2afe317b5033306e8c9ae4f57f409a14b2ebaa24cdb97f9429e0e8,2017|2018,2017,,"                                              REPUBLICA DE CUBA
                                               Mision Permanente ante las Naciones Unidas


INTERVENTION DE M.  BRUNO RODRIGUEZ PARRILLA, MINISTRE CUBAIN
DES RELATIONS EXTERIEURES, A LA SOIXANTE-DOUZIEME SESSION DE
L'ASSEMBLEE GENERALE DES NATIONS UNIES, NEW YORK, le 22 septembre
2017.

Monsieur le President;

Monsieur le Secretaire general,

Je tiens a vous confirmer que Cuba continuera d'appuyer votre travail a  la tete du
secretariat de TOrganisation des Nations Unies comme garante et defenseur de la
paix Internationale.

Messieurs les chefs d'Etat ou de gouvernement;

Cheres deleguees, chers delegues,

J'adresse mes condoleances sinceres aux proches des decedes et aux sinistres, et
exprime la disposition de mon pays a accroTtre sa cooperation, selon ses modestes
possibilites, aux peuples et gouvernement freres de la Dominique et d'Antigua-et-
Barbuda,  petites Ties qui ont souffert de  terribles destructions ; de  la Republique
dominicaine. de Porto Rico, de Saint-Martin, des Ties Vierges et d'Anguila, par suite
du passage des cyclones Irma et Maria.

J'appelle la communaute internationale a donner la priorite requise et a mobiliser des
ressources afin d'aider les petits E^ais et territoires insulaires des Antilles qui viennent
d'etre devastes.

Que le peuple et le gouvernement mexicains, notamment les proches des victlmes et
les sinistres des deux seismes, sachent que Cuba a pour eux de profonds sentiments
de solidarite.

J'adresse aussi nos sentiments de regret au peuple etasunien, nos condoleances
sinceres aux families des decedes et notre vive sympathie a  toutes les personnes
touchees.
Monsieur le Pr",quarantine_2018_collection
UNGA73_General_Debate_2018_statements/UNGA73_General_Debate_2018/cuba__cu_pt.pdf,2018,a1582fbd708b3624bd9754528f87f77e7f54e032680bd4fb6ead259c2f714847,2018,,,"INTERVENQAO DO  PRESIDENTE DOS CONSELHOS DE ESTADO E DE
MINISTROS DE CUBA, MIGUEL DIAZ-CANEL BERMUDEZ, NO DEBATE GERAL
DO 73° PERIODO DE SESSOES DA ASSEMBLEIA-GERAL DAS NAQOES
UNIDAS. NOVA lORQUE, 26 DE SETEMBRO DE 2018.


Senhora Presldente:


Senhor Secretdrlo-Geral

 Resulta impossivel estar aqui,  falar desde esta tribuna em nome de Cuba e nao
evocar mementos  histbricos da Assembleia-Geral que o sao tambbm da nossa
memoria mais inesquedvel: Fidel Castro, Ernesto Che Guevara, Raul Castro Ruz e o
chanceler da  dignidade,  RaOl  Roa,  por apenas  citar os mais  transcendentes,
trouxeram ate aqui, nao so a voz do nosso povo, mas a de outros povos latino-
americanos e caribenhos, africanos, asibticos, nao-alinhados, com os quais temos
partilhado mais de meio seculo de bataiha por uma ordem internacional justa, que
ainda esta longe de ser alcangada.

^ absurdo, porem coerente com a irracionalidade de um mundo em que 0,7% mais
 rico da populagSo pode apropriar-se de 46% de toda a riqueza, ao passo que 70%
mais pobre apenas tem acesso a 2,7% da mesma; 3 460 milhoes de seres humanos
sobrevivem na pobreza; 821 milhoes padecem fome; 758 milhoes sao analfabetos e
844 milhoes carecem de servigos basicos de agua potbvel, cifras todas elas, falando
nisso, que elaboram e manejam habitualmente os organismos globais, mas que ao
que parece ainda nao alcangam  a  mobilizar suficientemente  a  conscibncia da
chamada comunidade internacional.

Essas  realidades  senhora  Presldente,  nao  sao  fruto  do  socialismo, como o
Presldente  dos  Estados  Unidos  da  Ambrica  afirmou  ontem  nesta  sala. Sao
consequencia do capitalismo, nomeadamente do imperialismo e do neoliberalismo;
do egofsm",quarantine_2018_collection
UNGA73_General_Debate_2018_statements/UNGA73_General_Debate_2018/cyprus__cy_en.pdf,2018,cdc94c64959682b7b11e90fa5bdfcf3e3a2cb05324ad3b077d7736534a4db232,2017|2018,2017,72,"                    STATEMENT BY HIS EXCELLENCY
               THE PRESIDENT OF THE REPUBLIC OF CYPRUS
                        MR. NICOS ANASTASIADES
AT THE GENERAL DEBATE OF THE 72NO SESSION OF THE GENERAL ASSEMBLY OF THE
                            UNITED NATIONS
                      New York, 21 September 2017



Mr. President,
Your Excellencies,
Ladies and Gentlemen,

At the outset, I wish to convey my Government's congratulations to Mr. Miroslav Lajÿ.bk
(^ÿ,TÿaK) on his election as President of the General Assembly for its 72nd Session and
assure of our unwavering support on his mission.

At the same time, I congratulate, once again, the Secretary - General, Mr. Antbnio Guterres,
on the assumption of his duties since January 1st 2017. The government of Cyprus and I
personally have full faith and confidence in his abilities and vision.

To this end, we stand ready to provide any assistance deemed necessary towards the
shared goal of promoting the values and principles of the UN in a period of great
uncertainty and instability.

Your Excellencies,

2017 has been another turbulent year. To name a few; terrorism, regional conflicts, forced
migration, the alarming effects of climate change and humanitarian crises are realities
which have placed enormous strain on our people and the environment.

Human nature drives us to aim for the best, for us and the generations to follow: for the
preservation of our planet; for a peaceful resolution to conflicts; for an end to terrorism and
extremism; for actions to prevent natural disasters; for joint efforts to alleviate the
immeasurable human suffering experienced around the world.

There is only one way to achieve this: Multilate",quarantine_2018_collection
UNGA73_General_Debate_2018_statements/UNGA73_General_Debate_2018/czech-republic__cz_en.pdf,2018,a8bad0626f834afff2216e0364f99976cf70d9d5af59aa9b4b8e339b04201a32,2017|2018,2017,72,"     President of the Czech Republic

      Speech at the 72nd session

         of UN General Assembly

               19 September 2017




Mr. President, ladies and gentlemen,

When I was a relatively young man, I was deeply influenced by two books. One of
them was “The End of History” by Francis Fukuyama and the second one, “The
Clash Civilizations” by Samuel Huntington. Fukuyama was something like
a description of a brave new world, the new Utopia, expecting that every country has
the same political system which is based on liberal parliamentary democracy. A nice
dream but nothing more than a dream. As for Huntington, he was realistic, he was
cynical, he simply predicted gradual conflicts of various types of civilizations. By the
way, in one of his articles in Foreign Affairs he speaks also about bloody waters of
Islam.

So, now we have a new type of civilization. I should call it the anti-civilization which
has emerged during the last two or three decades. The typical feature of this
civilization is the fact that it is based on terror and nothing more than terror. And we
see these terrorist actions all over Europe and not only Europe; we convey
condolences; we express our solidarity with the victims of terrorist actions; we
organize protests and demonstrations, but unfortunately, we still hesitate to fight with
the terrorist anti-civilization with our full power. And I must admit that one year ago,
I criticized here that the United Nations is not able to define the world terrorism. The
situation has changed. It has been seventy years in which it has not been able to
define the world terrorism, but on the other hand I highly appreciate the action of the
Secretary-Gen",quarantine_2018_collection
UNGA73_General_Debate_2018_statements/UNGA73_General_Debate_2018/democratic-peoples-republic-korea__kp_en.pdf,2018,6591da285644a88242f4e861bfa97f852329bf0cf82487345bfa11ccd2187cde,2017|2018,2017,72," mm    Democratic People's Republic of Korea

                     PERMANENT MISSION TO THE UNITED NATIONS

                                     820 Second Avenue, 13th Floor. New York, N.Y 10017
                                                      Tel: (212) 972-3105/3106   Fax: (212) 972-3154



                                                                  Please check against delivery

                         Statement by H.E. Mr. RI YONG HO,
                                Minister for Foreign Affairs
                        of the Democratic People's Republic of Korea
                             at the General Debate ofthe 72""'^ Session
                          ofthe United Nations General Assembly
                      New Yorky 23rd September 2017



Mr. President,

First of all, allow me to congratulate Your Excellency Mr. Miroslav Lajcak on your
election as the President ofthe 72nd Session ofthe United Nations General Assembly.

I look forward to successful outcome of the present session under your able guidance.

Before going into the main points in my debate, I feel forced to make comments on the
speech uttered 4 days ago by someone called the U.S. president that rendered this
sacred UN arena tainted.

Since Trump uttered such reckless and violent words provoking the supreme dignity of
the Democratic People's Republic of Korea (DPRK) at this very platform, I think it is
fair enough for me to make a response in the corresponding tone.

During his 8 months in power, he has turned the White House into a noisy marketing
place  full of crackling sounds of abacus beads and now he has tried to turn the UN
arena into a gangsters' nest where money is respected a",quarantine_2018_collection
UNGA73_General_Debate_2018_statements/UNGA73_General_Debate_2018/democratic-republic-congo__cd_fr.pdf,2018,8f073552497b0cb76305f83fb93b3344de24d03a823577d8e699cb0de23bd49b,2017|2018,2017,,"PRESIDENCE DE LA REPUBLIQUE              REPUBLIQUE DU CONGO
                                                     Unit6 - Travail - Progr6s





    DECLARATION DE SON EXCELLENCE MONSIEUR LE PRESIDENT DE
                   LA REPUBLiQUE DU CONGO



 AU DEBAT GENERAL DE LA 72ÿme SESSION ORDINAIRE DE L'ASSEMBLEE
          GENERALE      DES NATIONS UNIES





                 New York, le 20 septembre 2017





                                                                         1
  = Monsieur le Pr6sident de I'Assembl6e G6n6rale ;


      Monsieur ie Secr6taire G6nÿral de I'Organisation des Nations Unies ;


     Excellences Mesdames et Messieurs les Chefs d'Etat et de
     Gouvernement ;


      Excellences Mesdames et Messieurs ;


Je voudrais vous adresser, au nom de ma d616gation et au mien propre, Monsieur le

Pr6sident, toutes nos sinceres f61icitations pour votre 61ection & la pr6sidence de la

726me session ordinaire de I'Assembl6e G6n6rale des Nations Unies.


De meme, j'exprime toute notre reconnaissance & votre pr6d6cesseur, monsieur

Peter THOMSON, & qui nous rendons un vibrant hommage pour le travail accompli.

A monsieur Antonio GUTERRES, Secr6taire G6n6ral de  I' Organisation des

Nations Unies, je r6itÿre mes vceux de succes et de r6ussite dans I'accomplissement

de son mandat.


Je note, avec int6rÿt, la haute port6e du theme de ce d6bat g6n6ral.

En effet, rendre la priorit6 & 1'6tre humain, garantir la paix et la vie d6cente

tous sur une plan6te pr6serv6e, tel est 6noncÿ le d6fi majeur qui commande, &

nous tous, une attitude d'ouvertureet de responsabilit&





                                                     2
",quarantine_2018_collection
UNGA73_General_Debate_2018_statements/UNGA73_General_Debate_2018/denmark__dk_en.pdf,2018,6720311964fc11484a352cf90d7f961062f79335f02bec41ed8af65ef7d8e452,2017|2018,,72,"Statement by Denmark in General Debate of the 72nd Session of the UN GA


Mr. President, Excellencies, Ladies and Gentlemen,


This General Assembly is opening amidst a period of unprecedented change.


Threats and challenges such as poverty, terrorism, climate change, violations of
human  rights, gender inequality, armed  conflict, displacement and  irregular
migration are ever more inter-connected. Our responses to these challenges
must  reflect  their complexity. Our responses will require better and deeper
cooperation and must  involve more  stakeholders, new  solutions and more
effective international institutions.


The evolving global landscape gives us an opportunity to renew and redefine
how we work  together. The  United Nations must  seize  this  opportunity.
Denmark congratulates Mr. Ant6nio Guterres on the successful beginning of his
term as Secretary-General. You can count on Denmark's full support in your
efforts.


More  than  ever, we  need  leadership  and common purpose  to  steer  this
organization in a new direction. Staying on the current path is not an option if
we want to maintain the legitimacy of the United Nations. Fundamental and
ambitious reform is the only way forward .





                                      1
Mr. President,
This week, the Secretary-General has laid out a strong vision for a reformed
United Nations and a call for action to all - from Governments to the staff of
this great organization to our partners outside this building: we must all invest
in and commit to  this agenda  for change. As Member  States, we have a
responsibility to find common solutions that will turn our shared goals  into
positive change and protect the p",quarantine_2018_collection
UNGA73_General_Debate_2018_statements/UNGA73_General_Debate_2018/djibouti__dj_fr.pdf,2018,3aef83b5c13f7afe89707018f77e25aa36138fc517fae4ba589d6325e6d01249,2017|2018,,,"PRESS RELEASE

       1





            DISCOURS PRONONCE PAR


              SON EXCELLENCE
       MONSIEUR MAHAMOUD ALI YOUSSOUF
       MINiSTRE DES AFFAIRES ETRANGERES
      ET DE LA COOPERATION INTERNATIONALE
      CHEF DE LA DELEGATION DJIBOUTIENNE

         DEVANT LA 72EME SESSION DE
    L'ASSEMBLEE GENERALE DES NATIONS UNIES

   THEME ; « PRIORITE A L'ETRE HUMAIN; PAIX ET
     VIE DECENTE POUR TOUS SUR UNE PLANETE
                PRESERVEE »

          LE SAMEDI 23 SEPTEMBRE 2017




                                    VERIFIER A L'AUDITION


866•.ee IIU.N.MDIPLAZA. SUITE 4011, NEWmissionYORK, NYof 10017THE REPUBLIC•TEL: (212)OF753^163•FAXDJIBOUTI TO (212)THE UNITED223-1276NATIONS•E-MAIL: Djiboutlfnyctnet
Mesdames et Messieurs les Chefs d'Etats et de Gouvernement
Monsieur le President de ['Assemblee Generale
Monsieur le Secretaire General
Exceiiences
Mesdames et Messieurs,




     Permettez-moi d'emblee de vous feliciter a  la suite de votre election

en qualite de President de la 72enne session de I'Assemblee Generale. Je

saisis  cette  occasion  pour former  le  voeu  que sous  votre  houlette,

I'Assemblee Generale tirera profit de votre experience diplomatique, ainsi

que votre devouement. Je tiens a vous assurer du plein soutien de mon

pays a vos efforts.



     Je saisis aussi cette occasion pour rendre hommage a M. Peter

Thomson qui vous a precede a cette position.


     Je saisis cette opportunite pour reiterer nos chaleureuses felicitations

a M. Antonio Guterres, Secretaire General des Nations Unies pour sa
",quarantine_2018_collection
UNGA73_General_Debate_2018_statements/UNGA73_General_Debate_2018/dominica__dm_en.pdf,2018,fe83d46972977ba679974474141d3c13ad67435ae9769f217854b6703619a2b6,2017|2018,,,"        UNGA12^ SESSION STATEMENT.



Secretary General to the United Nations- H.E. Antonio Guterres,
President ofthe General Assembly- H.E. Miroslav Lajcak
Distinguished Heads ofDelegations,
Excellencies,

Ladies and Gentlemen:



Mr. President;
I come to you straight from the front line of the war on climate
change.


With physical and emotional difficulty/ I have left my bleeding
nation/ to be with you here today/ because these are the moments for

which the United Nations exists!


It is why we/ collectively/ have always respected/ and hold dear/ the

values ofthis institution!


We congratulate you/ Mr. President/ on your appointment/ and wish
you well/ in upholding the ideals ofhumanity's/ greatest invention!
And in keeping with this institution's regard for fraternity/ we take
this opportunity to express our condolences to our brothers and sisters
in Antigua and Barbuda, Anguilla, Cuba, St. Maarten, St. Thomas,
the British Virgin Islands, the Turks and Caicos islands, Puerto Rico
and the Dominican Republic/ and also to those who have suffered
losses in our host country, the United States - in Texas and Florida.


And to our brothers and sisters in Mexico/ we stand in prayerful
solidarity/ after the catastrophic earthquake this past week.


Mr. President/ warmer air and sea temperatures have permanently
altered the climate/ between the tropics ofCancer and Capricorn.


Heat is the fuel that takes ordinary storms - stormswe could normally
master in our sleep - and supercharges them into a devastating force.


In the past/ we would prepare for one heavy storm a year.
Now, thousands ofstorms/ form on a breeze in the mid-Atlantic/ and
line up to pormdus/ with maximum fo",quarantine_2018_collection
UNGA73_General_Debate_2018_statements/UNGA73_General_Debate_2018/dominican-republic__do_en.pdf,2018,a407923869e0ca2f61c0b668e0dcb33e3717f47bb06210834383b93d0db1ae9e,2017|2018,2017,72," PERMANENT MISSION OF THE DOMINICAN REPUBLIC TO THE
                  UNITED NATIONS



STATEMENT BY H. E. MIGUEL VARGAS, MINISTER OF FOREIGN
          AFFAIRS OF THE DOMINICAN REPUBLIC
    AT THE PLENARY OF THE 72ND GENERAL ASSEMBLY
              OF THE UNITED NATIONS





New York, September 20, 2017





                                                                   Check against delivery





            Candidate to the Security Council 2019-2020
His Excellency Mr. Miroslav Lajcak,
President of the 72nd Session of the General Assembly of the United Nations;

His Excellency Mr. Antonio Guterres,
Secretary-General of the UN;

Heads of State and Governments;

Honorable Ministers and Heads of Delegations;

Ladies and Gentlemen;

It is an honor to participate in this General Assembly of the United Nations, representing the people and
government of the Dominican Republic.

Before anything else, I would like to apologize on behalf of Dominican Republic President Danilo
Medina, for his absence from this forum, as he had to return to the country to face Hurricane Maria’s
threat.

This meeting coincides with a devastating season of natural disasters endured by our region for nearly a
month; the widespread catastrophe extends to Mexico, hit by two destructive earthquakes, and to the
Southern United States, viciously punished by Hurricane Harvey.

In this catalog of human suffering Antigua and Barbuda stand out, but in particular this last one where,
according to Prime Minister Gaston Browne, 90% of the infrastructure collapsed.

Not quite has Irma’s devastating winds dissipated when there is Maria leaving a new trail of destruction
and death, mainly in Dominica.

We express",quarantine_2018_collection
UNGA73_General_Debate_2018_statements/UNGA73_General_Debate_2018/dominican-republic__do_es.pdf,2018,08d60711c748ca582821c8fcb57bc24465da9351149dd47b83096de7efd1d6b7,2017|2018,2017,,"                     MISIÓN PERMANENTE DE LA REPÚBLICA DOMINICANA

                             ANTE LAS NACIONES UNIDAS





                           INTERVENCIÓN DE S. E MIGUEL VARGAS


              MINISTRO DE RELACIONES EXTERIORES DE LA REPÚBLICA DOMINICANA


                      ANTE EL PLENARIO DE LA 72 ASAMBLEA GENERAL

                              DE LAS NACIONES UNIDAS





Nueva York, 20 de septiembre, 2017





                                                                               (Verificar con la exposición del orador)




                 Candidato al Consejo de Seguridad 2019-2020

                                                1
Excelentísimo Señor Miroslav Lajcak,
Presidente del 72avo Período de Sesiones de la Asamblea General de la Organización de las Naciones
Unidas;

Excelentísimo Señor Antonio Guterres,
Secretario General de la ONU;

Señores Jefes de Estado y de Gobiernos;

Señores Ministros y Jefes de Delegaciones;

Señoras y señores;

Es un honor participar en esta Asamblea General de las Naciones Unidas, en representación del
pueblo y el gobierno de la República Dominicana.

En primer lugar, quiero presentar las excusas por  la ausencia de este foro del presidente dominicano
Danilo Medina, quien debió retornar al país ante la amenaza del huracán María.

Este encuentro coincide con circunstancias muy calamitosas para nuestra región que lleva casi un
mes sufriendo las consecuencias de una devastadora temporada de desastres naturales, que también
se han extendido a México, con dos terremotos de fuerza destructiva, y al sur norteamericano,
castigado por el huracán Harvey.

En este catálogo de sufrimiento humano causado por el huracán Irma",quarantine_2018_collection
UNGA73_General_Debate_2018_statements/UNGA73_General_Debate_2018/ecuador__ec_es.pdf,2018,a2896d035fb64286541de12730ed92b04b770ed92f01c74874e8f96b3ec626af,2017|2018,,,"                                 PRESIDENCIA DE LA REPÚBLICA DEL ECUADOR

                           INTERVENCIÓN DE S.E. LENÍN MORENO GARCÉS
                            PRESIDENTE CONSTITUCIONAL DE LA REPÚBLICA

                          DEBATE GENERAL

                          72 ASAMBLEA GENERAL ONU



Señor Presidente de la Asamblea General,
Señor Secretario General de las Naciones Unidas, querido amigo António Guterres, Representantes
de todos los países que forman parte de esta organización:


Hoy, al dirigirme a ustedes desde este podio, puedo constatar que hemos avanzado mucho para
alcanzar la inclusión y la accesibilidad.  Sin embargo, como sociedad, tenemos aún deudas
pendientes con mil millones de personas con discapacidad en el mundo.

Soy optimista. Tenemos toda la capacidad para encontrar soluciones. Es cuestión de decisión
política. Por ello, agradezco las adecuaciones realizadas para que hoy pueda dirigirme a esta sala.

Felicito al Presidente de la Asamblea General Miroslav Lajcak por proponer el tema para este
debate general: “centrados en las personas: por la paz y una vida decente para todos en un planeta
sostenible.” Estos son verdaderamente los imperativos actuales.

Sin duda, un gobierno responsable debe cuidar a sus ciudadanos para que tengan una vida decente,
en un planeta sostenible, en el que construimos cada día la paz.

Nuestra filosofía de gobierno coincide en que debemos preocuparnos por nuestros ciudadanos toda
una vida, desde el mismo momento de la concepción, hasta cuando Dios decide cerrarnos los ojos.
Debemos garantizar un buen vivir y un buen morir.

Por eso hemos organizado la gestión de gobierno en torno al plan que hemos llamado “T",quarantine_2018_collection
UNGA73_General_Debate_2018_statements/UNGA73_General_Debate_2018/egypt__eg_en.pdf,2018,946ddaab3c12515f62202f4dba6431772b7bd09c614200cde9124b9f78bab097,2017|2018,2017,72|72,"  EGYPT


The Permanent Mission of Egypt                              ÿ,,....ÿlÿl ÿ

    to the United Nations                               ÿ.ÿJ.I e....ÿtl ÿ,ÿ

     New York                                       ""J.x,ÿ..,ÿ. ""


                                   Unofficial Translation

                     Statement of
               H.E. Abdel Fattah A1-Sisi

         President of the Arab Republic of Egypt

        before the 72nd session of the United Nations
                  General Assembly


                       New York, 19 September 2017

                                      m





        Please check against deliveo,
                                                                                         .... <  ......................... ÿ  ....................... ÿ.  __ÿ  ................ 7  .......





Mr. President Miroslav Lajÿfik, President of the General Assembly,

     Allow me at the outset to congratulate you for assuming the
presidency of the 72nd session of the United Nations General Assembly. I
wish you all success in carrying out your duties. I also seize this opportunity
to express the utmost appreciation to Mr. Peter Thomson, the president of
the 71st session of the General Assembly, who has most ably overseen the
work of the previous session.


Mr. President,

     Each time we meet at this august body, we rekindle the hopes and
aspirations of the peoples whom we are honored to represent and serve, to
provide them with peace and development. New generations look up to us to
realize their dreams for a decent life within a just international order; a
global order that can face challenges, such as climate change, natural
disasters, diseases a",quarantine_2018_collection
UNGA73_General_Debate_2018_statements/UNGA73_General_Debate_2018/el-salvador__sv_es.pdf,2018,adde19c510e1699d69b477aef443cd17c2a1f4115b2614a272a5e389e61cbbb3,2017|2018,,,"                   MISION PERMANENTE DE EL SALVADOR
                     ANTE LAS NACIONES UNIDAS

ASAMBLEA GENEPJÿL DE LAS NACIONES UNIDAS
                   72°. PERIOOO OE SESmONES




         DEBATE GENERAL





              INTERVENCION DE
        S.E. SR. SALVADOR SANCHEZ CEREN
       PRESIDENTE DE LA REPUBLICA DE
               EL SALVADOR





                                                   Cotejar contra intervenci6n


       NUEVA YORK, 21 DE SEPTmEMBRE DE 2017
  Palabras del presidente de la Repliblica, Salvador Sinchez Cer6n, en ocasi6n de su
  intervenci6n durante el debate general del Septuag6simo Segundo Periodo Ordinario
    de Sesiones de la Asamblea General de la Organizaci6n de las Naeiones Unidas,
 denominado ""Centrados en las personas: por la paz y una vida deeente para *odos en
                           un planeta sostenible""

                     Nueva York, 21 de septiembre de 2017.

 En este d/a internacional de la paz, es un honor presentar a esta Septuag6sima Segunda
 Asamblea General de las Naciones Unidas, el mensaje de logros y retos de la Repfiblica de
 E1 Salvador en la agenda global.

 Quiero expresar nuestra solidaridad y condolencias al pueblo y gobierno de M6xico
 quienes han enfrentado un devastador terremoto. De igual manera, a los parses del Caribe y
 Estados Unidos, que hart sido afectados por los huracanes.

 E1 Salvador se identifica con el tema central de este debate y convenimos en el seguimiento
 de esta visidn para el cumplimiento de la Agenda 2030 y sus Objetivos de Desarrollo
 Sostenible.

La Agenda 2030 constituye un instrumento importante para los procesos de diÿilogo y
 concertacidn en E1 Salvador.

Hemos contribuid",quarantine_2018_collection
UNGA73_General_Debate_2018_statements/UNGA73_General_Debate_2018/equatorial-guinea__gq_es.pdf,2018,ec81e21ab468e40df4de3a8138c322d675100b514fd1e2e8111a009fa86d3f6d,2017|2018,,,"^tervencion t>E SU FxmFKirT.
 NSUEM/A  MBASOen,  PRESIhFMTP  bp   | ^                                                                                                                                                            '      '                 >1  I  ^   11^        I    i
pyetlSi^   be   6UINE/>   Fn/^rnpT^i
BURANTE   Fr   DEBATE   fiPMER^L    hFl
SEPTl/ASF.qTMO                  SESUNhf)                             PERinhn
                 •'^ESIONEs  df I^ ^c..,p| n
general hF LAS NACTOMFs UNlh4.<^




   Nueva York, a 21 Septiembre del 2017
      Serfor Presidenfe:
     inseguridL yazotado porTna crLrer
      Repijblica de Guinea Ecuatorial nnrf •    ®     ®'"" pf'cccdentcs,  la
     Debates Politicos yDiplomdticos^6/1X5optimismo en  los
    Septuageslmo Segundo      Sll. T    ecnerai de las NLones unlt po^ ua""o 1 f T    para este debate resumen  In nn        ! ^        '^®""""'® seleccionados
    olcanzar los objetivos propucstos cnsrF;aIc£o'^''S4?d""''''°''®'    mundo de paz, bienestaryde seguridad para la Jumird              """"

   experienda polftica ydiplomdtica lade^n /^-                 <'""« su  rica    asf como  la madurez de' losTmis Miel^ r,""-   condudr unos debatesfructlferos paracoZliZlZZZ""""''''""

   Peter THOMPSON, las Nactes'luL°SeSor
   del mundo actual,  lo cual incentiva mds ^       """"            ocertado
  soluciones definitiVas ysostenibles de loc                            ?<""""<"" ""egar a
  anuestro planeta.                     cspmosos problemas gue afectan
  Excelentfsimo Se^ZZ^GU^ERREsZZ'              ®®""®'°' seleccdn de los temas sometidosanuestra consideraS.                      '®

 Sepfor Presidenfe:
 Wstinguidos Jefes de Estado yde Sobierno;",quarantine_2018_collection
UNGA73_General_Debate_2018_statements/UNGA73_General_Debate_2018/eritrea__er_en.pdf,2018,86401a5b3b833da2ca63dd90dca6710e916b07e3f5f3698d95fed777030c28d3,2017|2018,,,"Permanent Mission of Eritrea to the United Nations
              New York


                                                  Check against Delivery





            ADDRESS
             BY
  H.E. Mr. OSMAN SALEH MOHAMMED


  MINISTER OF FOREIGN AFFAIRS OF
      THE STATE OF ERITREA


    TO THE    SESSION OF THE
     UN GENERAL ASSEMBLY




   NEW YORK, 23 SEPTEMBER 2017
President of the General Assembly

Mr. Secretary General

Excellencies and distinguished delegates.

It  is another year and another session of the UN General Assembly. We meet in the same
assembly hall and deliver our addresses from the same podium.

Yet, no modicum of protocol can mask the gaping divide in our ranks.

We live in an increasingly fragile, unjust and unequal world. A small minority holds the reins of
power and wealth between nations and, for the most part, within nations. The overwhelming
majority of nations and tlieir citizens are without power, without voice, without the means for a
decent life, and often without peace and security. We may be called the United Nations, but the
reality is that we ai*e divided nations and societies.

Despite our deep divisions, however, our destinies are inter-twined in a fundamental way. We
share a common home, a small planet in a vast universe, a tiny boat in a vast ocean. Whatever
calamity happens anywhere in our world -  epidemics, poverty, violence, mass displacement,
war, terror- it will eventually catch up with all ofus.

We share responsibility to address the fundamental problems of our common world. Certainly,
the mighty and wealthy should shoulder bigger responsibility as they command vast power and
resources. It is only fair that more is asked ",quarantine_2018_collection
UNGA73_General_Debate_2018_statements/UNGA73_General_Debate_2018/estonia__ee_en.pdf,2018,209707f3a0095150d7ae95b8c884c699d8d15466f508944c54f001624ffabae8,2017|2018,2017,,"                                               *** 1 ***


  Address by the President of the Republic of Estonia Kersti Kaljulaid at the
        General Debate of the 72st United Nations General Assembly

                         September 19, 2017

Mr. President, Mr. Secretary General, Excellences , Ladies and Gentlemen

Our world is unpredictable. Much of this unpredictability stems from climate change.
Climate change can be counterbalanced by rapid technological disruption of our
wasteful ways of  life. But  it is easy to see that technological development, at this
moment especially  the rapid upscaling  of  digital technologies  into the hands  of
billions,  while   it  certainly  has a  positive  transformation  potential, adds  to the
drfficullie's on.i""nde-rshmding our Tutu-re      .

This new world offers opportunities . Unfortunately,  it also enhances the risks. To
grab the first and manage the last we need flexible and quick action also on global
stage.

Estonia, a nation of just over one million, is sensitive to the fact that unpredictability
is especially hard to cope with for those who are inherently weak -  poor, disabled,
very young or very old.  It is hard for those made weak by discrimination  -  often
women , ethnic and  religious  minorities.  Estonia  itself has gone through a rapid
transformation period of a quarter of a century, after regaining independence. As our
economic and social statistics prove, we were quite good to protect the weaker in our
society while rapidly adapting and growing our economy. We know it can be done.

We suffered long from Hobbesian position of international community that liberty
might bring chaos,  that bad  rule  is be",quarantine_2018_collection
UNGA73_General_Debate_2018_statements/UNGA73_General_Debate_2018/eswatini__sz_en.pdf,2018,07367fa13507bb2ff734a54a4b978f864248820023b2b8e9d5ef674e71c4252c,2017|2018,2017,72,"       Permanent Mission of the Kingdom of Swaziland
                       to the United Nations




                      Statement by

               His Majesty King Nlswati III

        Head of Stareof the Kingdom of Swaziland



        on the occasion of the General Debate of the

     72""a session of the United Nations General Assembly


                   20 September 2017

                 New York





                                                            Please Check Against .Delivery





408 East 5Oth Street, New York, New York 10022 . (212)371-89t0, Fax: (212) 754-2755. swÿzilatJd(ÿ'un.int
Mr. President Miroslav Lajÿk,
Your Excellencies,
Heads of States and Government,
United Nations Secretary-General Mr. Ant6nio Guterres,
Distinguished Delegates,
Ladies and Gentlemen,



Mr, Presidentf

Allow me to express our sincere congratulations to you on your election as the
President of the 72nd session of the United Nations General Assembly.

We commend you for immediately identifying six overarching priorities for
your tenure that touch on attaining peace, giving impetus to the SDGS,
climate change commitments, equality and human rights for al!, among
others.

These priorities truly capture several of the current troublesome global
challenges and we took forward to working c!osely with you on these issues.

The Kingdom of eSwatini would also like to commend the leadership of the
new Secretary-General, who is committed to transforming the UN to be fit
for the 21st century.

Mr, Presidentÿ

The reform of the United Nations and its attendant bodies has been discussed
for a substantial period of time. My delegation believes that fresh impetus
must be given to th",quarantine_2018_collection
UNGA73_General_Debate_2018_statements/UNGA73_General_Debate_2018/ethiopia__et_en.pdf,2018,dcd75ed4ed74e62e8b18f9b6d6b939afd5ff17f0bff6b6517186ca13cbd82b62,2017|2018,2017|2017,72,"                                            PERMANENT MISSION OF THE FEDERALni'nn4.^
                  •iT'flA.h £^ -roAdn-f?                   DEMOCRATIC REPUBLIC OF ETHIOPIA
            a-M   %.<!)• f-ch                            TO THE UNITED NATIONS




                                     866Second Avenue, 3rd Floor• New York, N.Y. 10017



                                      Check aaainst Delivei





                    REMARKS



              H.E. MR. HAILEMARIAM DESSALEGN

      PRIME MINISTER OF THE FEDERAL DEMOCRATIC

                 REPUBLIC OF ETHIOPIA



    THE 72""° SESSION OF THE UNITED NATIONS GENERAL

                    ASSEMBLY





                                   22 September 2017

                                        New York
Mr. President,
       I would like to join other delegations in congratulating you on
your election to preside over the work of the 72nd session of the
General Assembly and  I wish  to assure you of the support and
cooperation  of my  delegation   in   the   discharge   of  your
responsibilities throughout the course of this session. Let me also
take this opportunity to express appreciation to your Predecessor
who has  effectively guided the work of the  last session of the
General Assembly.
   We welcome the appointment of Mr. Antonio Guterres as the
new Secretary-General of the United Nations and support his call
for a surge in diplomacy for peace in addressing the many crisis
situations that the world is facing today. Let me stress here we are
behind the Secretary-General in the effort he is making at reforming
the Organization in the three interrelated areas — development,
peace and security and management.
Mr. Pr",quarantine_2018_collection
UNGA73_General_Debate_2018_statements/UNGA73_General_Debate_2018/european-union__eu_en.pdf,2018,96e104bc97e4b061c908c912354664b2a513b35ba0b5efc566c7cc23fc36366f,2017|2018,2017,,"                           -1-

      Address by Donald Tusk, President of the European Council

               to the 72rid United Nations General Assembly

               New York, 20 September 2017





Mr President,

Mr Secretary General,

Excellencies,

Ladies and gentlemen,





The European Union stands for freedom and a credible rules-based global

order. Because this order is a real sine qua non condition for peace, stability

and a global economy that works for everyone. An alternative to this order is

chaos which always encourages violence, egoism and extremisms.


The United Nations is the best tool we have to address, on a global scale,

today's conflicts, famine, forced displacement, terrorism, and a return to

nuclear tensions. For the EU and its Member States, it is imperative that the

UN rise to these challenges. This is why together we contribute approximately

one third of UN core financing, make one third of UN peacekeeping

contributions, and put in half of all voluntary contributions to UN funds and

programmes.



But we also expect the UN to become a more energetic, and a less

bureaucratic organisation that can act with clarity and purpose in all its actions.

Therefore, the EU considers the reform ideas of the UN currently on the table

as the necessary minimum. What is needed is more ambition, not less.
                            -2-


The UN remains a vital forum to debate and a tool to implement our collective

 will, even if it has declined in popular esteem in recent years. I take the action

by the UN Security Council on 11 September to sanction North Korea for

carrying out more nuclear testing as a sign that the capacity for real leade",quarantine_2018_collection
UNGA73_General_Debate_2018_statements/UNGA73_General_Debate_2018/fiji__fj_en.pdf,2018,094e543c86668896cac10049c1d1a85dd196035ceecfc3b2f1d3ebde221e6fc4,2017|2018,2017,72|72,"                                                                                                                                                                         .............. ÿr  ..........................





     Honourable Josaia Voreqe Bainimarama, CF(Mil), OSt.J, MSD, jssc, psc
   Prime Minister and Minister for iTaukei Affairs, Sugar Industry and Foreign
                                            Affai rs

  NATIONAL STATEMENT AT THE 72nd SESSION
 OF THE UNITED NATIONS GENERAL ASSEMBLY


 UNGA                                                 Weds., 20 Sept. 2017
 New York



The President of the General Assembly,

The Secretary General of the United Nations,

 Excellencies,

Distinguished delegates



Bula vinaka and a very good evening to you all,



Mr President, I want to begin by congratulating you

on assuming the presidency of the 72nd session and

to wish you every success in the year ahead. As we all

know, the global community faces a great many

challenges, of which climate change is only one.


                                                     Page 1 off6
But i'm sure that we all want to send a message of

solidarity and sympathy tonight to the millions of

people in the Caribbean who are again suffering from

the ravages of Hurricane Maria. it is an especially

cruel ordeal so soon after Hurricane Irma carved a

path of destruction through the Caribbean and

southern United States. And the thoughts and prayers

of all of us are with those who are affected.



The Fijian people share a special sense of solidarity

with those who have either lost loved ones or their

homes and possessions in these events. Last year, we

lost 44 of our own peop",quarantine_2018_collection
UNGA73_General_Debate_2018_statements/UNGA73_General_Debate_2018/finland__fi_en.pdf,2018,9fbb6774ee35297b757e9229ae05effe6d6abde3625673854425301877e304ac,2017|2018,2017,72,"      United Nations General Assembly
          Seventy-second Session
              General Debate





               Statement by

               H.E. Mr. Sauli Niinisto
     President of the Republic of Finland


      New York, 20 September 2017





           (check against delivery)





 PERMANENT MISSION OF FINLAND
TO THE UNITED NATIONS, NEW YORK
Mr. President, Secretary-General, Distinguished Delegates, Ladies and Gentlemen,
I congratulate you, Mr. President, on your election as President of the 72nd session of the
General Assembly.
Finland fully supports your six prioritiesand we appreciate the selection of ""People"" as your
mandate's centrepiece.

Let me also extend my heartfelt congratulations to Secretary-General Antonio Guterres.
Yourdetermination in reforming the United Nations is laudable. Transparency, accountability,
efficiencyand gender balance should be the guiding principles of the UN System.

I also welcome your focus on conflict prevention.
Successful conflict prevention saves livesand financial resources.

Finland continues to advocate the use of mediation in conflict resolution. Mediation efforts,
when successful, prevent conflicts and decrease human suffering.

Those who are marginalized must be given a voice in peace processes. Women, children and
adolescents often pay the highest price in conflicts but they can also help to pave a way out of
the crisis.

Finland has contributed to the establishment of a Nordic network of women mediators.
It aims at sustaining peace through the inclusive and meaningful participation of women in all
phases of peace processes.

Peacekeeping and Special Political Missions are at the core of the UN's mandate.
Havin",quarantine_2018_collection
UNGA73_General_Debate_2018_statements/UNGA73_General_Debate_2018/france__fr_en.pdf,2018,aa1bfe6e4d3908c80e264d9a3ba823baaaf0a501d7b28e2635ca80a232f7ba6b,2017|2018,2017,,"France’s  values  –  Syria  –  Terrorism  –  Migration  –  Development  –  Climate  change  –
Libya/Venezuela/Ukraine – North Korea – Iran – Multilateralism – UN reform

72nd United Nations General Assembly – Syria/Sahel/migration/North Korea/climate –
Speech by M. Emmanuel Macron, President of the Republic

New York, 19 September 2017



     United Nations Secretary-General,

     Heads of state and government,

FRANCE’S VALUES

        It is a privilege to be speaking here before you today and I know who I owe that to.  I
owe it to all those who, a little over 70 years ago, rose up against a barbaric regime which
seized my country, France.   I owe  it to the nations who heard the cry of these resistance
fighters and who sent their children, from America, Africa, Oceania and Asia, to French
shores to help. They did not all know what France was, but they knew that defeat for France
also meant the defeat of the ideals that they shared, that they were proud of and for which they
were willing to die. They knew that their freedom and their values depended on the freedom
of other men and women living thousands of kilometres from them.

       I owe it to those who, when the war was over, dared to reconcile and rebuild a new
international order. To those who, like René Cassin, understood that human rights were at the
heart of international legitimacy.  To those who judged the guilty, picked up the victims,
righted the wrongs, to those who wanted to believe that the values that the war violated
needed to be restored, values of tolerance, freedom, humanity which are the foundations of the
United Nations. Not because these values were good, but because they were fair and allowed
",quarantine_2018_collection
UNGA73_General_Debate_2018_statements/UNGA73_General_Debate_2018/france__fr_fr.pdf,2018,aa8e658c4e8daf34489729353466aedf5de4f081e58f0a63c49e6dc73cb28be4,2017|2018,2017,,"72ème Assemblée générale des Nations unies – Discours de Mr. Emmanuel Macron,
Président de la République

New York, 19 septembre 2017

Monsieur le Secrétaire Général des Nations Unies,
Mesdames et Messieurs les Chefs d’Etat et de Gouvernement,

Si j’ai aujourd’hui le privilège de m’exprimer devant vous, je sais à qui je le dois. Je le dois à
tous ceux qui, voici un peu plus de soixante-dix ans, se sont levés contre un régime barbare
qui s’était emparé de mon pays, la France. Je le dois aux Nations qui ont entendu le cri de ces
résistants et qui, d’Amérique, d’Afrique, d’Océanie, d’Asie, ont, vers les côtes françaises,
envoyé à leurs secours leurs filles et leurs fils. Ils ne savaient pas tous ce qu’était la France,
mais ils savaient que la défaite de la France était aussi la défaite d’idéaux qu’ils partageaient,
dont ils étaient fiers et pour lesquels ils étaient prêts à mourir. Ils savaient que leur liberté et
leurs valeurs, dépendaient de la liberté d’autres femmes, d’autres hommes vivant à des
milliers de kilomètres d’eux.

Je le dois à ceux qui, la guerre finie, ont osé la réconciliation et ont reconstruit un nouvel
ordre international. A ceux qui, comme René CASSIN, ont compris que les Droits de
l’Homme étaient au cœur de la légitimité internationale. A ceux qui ont jugé les coupables,
recueilli les victimes, réparé les fautes, à ceux qui ont voulu croire que les valeurs, que cette
guerre avait bafouées, devaient reprendre leur place, les valeurs de tolérance, de liberté,
d’humanité qui sont fondatrices des Nations unies. Pas parce que ces valeurs étaient belles,
mais parce qu’elles étaient justes et permettaient d’éviter que le pire n’advienne.

Si je vous dis tout ",quarantine_2018_collection
UNGA73_General_Debate_2018_statements/UNGA73_General_Debate_2018/gabon__ga_fr.pdf,2018,d2c19ebb3dff96384f2eab1b0efce18027cba7014de890f3fca215083954e91d,2017|2018,2017,,"                                                                 RliFUlilJl^,t)li UAiSUINAiaili

                                            UNION  TRAVAIL  JUSTICE





                                                       NavA


              DISCOURS
                 DE

          SON EXCELLENCE
    MONSIEUR ALI BONGO ONDIMBA
PRESIDENT DE LA REPUBLIQUE GABONAISE,
            CHEF DE L'ETAT




           DEBAT GENERAL

   DE LA 72EME SESSION ORDINAIRE DE
L'ASSEMBLEE GENERALE DES NATIONS UNIES



         New York, le 21 Septembre 2017

                                                                       Verifier a f'audition



      MISSION PERMANENTE DU GABON AUPRES DES NATIONS UNIES
   18EAST 41ST STREET • NEW YORK, NEW YORK 10017 •TEL. (212) 686-9720
    Monsieur le President,
    Majestes,
    Excellences Mesdames  et Messieurs  les Chefs
    d'Etat et de Gouvernement,
    Excellences Mesdames et Messieurs les Ministres
    et Chefs de delegations,
    Excellences Mesdames et Messieurs

    Monsieur le President,

    Tout  d'abord,  permettez-moi  de  vous   feliciter
chaleureusement pour votre brillante election a la tete de
la 72®™® session ordinaire de I'Assemblee Generale des
Nations Unies. D'ores et deja, je tiens a vous assurer du
soutien du Gabon dans I'exercice du mandat qui vous a
ete confie.
    Je tiens egalement a saluer le travail appreciable de
votre predecesseur, I'Ambassadeur Peter Thomson.
     C'est enfin un privilege pour moi que d'adresser mes
chaleureuses felicitations au nouveau Secretaire General,
Monsieur Antonio GUTERRES, Je reste persuade que sa
riche et longue experience est un atout appreciable pour
la conduite de notre organisation",quarantine_2018_collection
UNGA73_General_Debate_2018_statements/UNGA73_General_Debate_2018/gambia-republic__gm_en.pdf,2018,9b6a3d2b5a52425cdf10c0072874c1f9bfad712bc9dbe1c0e5913ee5d279e6e8,2018,,72|73,"              STATEMENT


H.E. MR. ADAMA BARROW
          PRESIDENT
                 OF THE
     REPUBLIC OF THE GAMBIA
               AT THE


         GENERAL DEBATE
             OF THE
                73""^° SESSION OF THE
 UNITED NATIONS GENERAL ASSEMBLY


        TUESDAY 25™ SEPTEMBER 2018
             NEW YORK
Mr. Secretary-General,
Madam President,
Your Majesties,
Distinguished Heads of State and Government,
Ladies and Gentlemen,

Ail praise is due to the Almighty Allah for granting us the favor of gathering in
this August Assembly, once again, to discuss and advance our common global
agenda. Please allow me to begin by sincerely thanking H.E. Mr. Miroslav
Lajcak for the excellent manner he presided over the 72  Session as President.
By the same token, I congratulate you. Madam Maria Garces on your
assumption of the Presidency of the 73  Session. I assure you that, as one of
your Vice Presidents, The Gambia pledges its full support and cooperation
during your tenure of office.

Madam Presidentj

The theme for the 73'^^ Session, ""Making the UN relevant to all people: global
leadership and shared responsibilities for peaceful, equitable and sustainable
 societies,"" is indeed very relevant in today's global affairs. By implication, the
 pursuit of the UN's mission for peace, development and human rights also
 remains as relevant today as it was in 1945 when it was adopted in response to
 the horrific experiences and destruction during that gloomy era.

 Amid the complex multilateral challenges that continue to confront us globally,
 no country can thrive or solve all its challenges in isolation. Our salvation, as
 human beings, lies in strengthening our multilateral in",quarantine_2018_collection
UNGA73_General_Debate_2018_statements/UNGA73_General_Debate_2018/georgia__ge_en.pdf,2018,03640875a57b44e7083312b3c26488c934075fc361943b3bfde779b284487c80,2017|2018,,," President, Distinguished Delegates,


Ladies and Gentlemen,



At the outset let me express my deepest condolences
and sympathy to the victims of the natural disasters that
have  occurred  in  recent days  in  North America —

hurricanes  that  have  devastated  Caribbean  island
nations  and  parts  of  the  United  States   -  and
earthquakes  that have  hit  Mexico. We convey our
solidarity to the governments of these nations during
these difficult times. No country, including Georgia,  is
immune  from  natural  disasters.  Solidarity   is  what
strengthens    nations   addressing   these   severe
challenges.


Excellences,


My fellow countrymen share  with me  the  honor  of
addressing you today, because the message that I am
entrusted  to  deliver  is one they understand  in  their
bones, having personally experienced   it,  lived   it, and

embraced  it.



That message—^their message—is straightforward: By
putting  the  Georgian  citizens  at  the  center  of our
strategy, we  aim  to  strengthen  further  democratic
institutions,  ensure  peace and  accelerate economic
growth.   These  are  the  essential  multipliers  for
sustainable development, which connects us with the
region and the world.



This year marks  the 25th  anniversary  of  Georgia's
membership in the United Nations. Over this period, we
managed   to  transform  our  country  from   a  UN
humanitarian aid recipient to a top reformer that recently
was elected as the Chair of the Open Government
Partnership.



Georgia brings to this task the same vision we embrace
",quarantine_2018_collection
UNGA73_General_Debate_2018_statements/UNGA73_General_Debate_2018/germany__de_de.pdf,2018,f1e66f5281768b330b940e7fd8861ac452fa091f58cc7bf34c24c8770c8a4cc4,2018,2018,,"                           1





Rede des Bundesministers des
        Auswärtigen
      Heiko Maas, MdB



     in der Generaldebatte
 der 73. Generalversammlung
    der Vereinten Nationen



New York, 28. September 2018
                                     2

Sehr geehrte Frau Präsidentin (ggf. sehr
geehrter Herr Präsident),
meine Damen und Herren,


Jede Generalversammlung hat ihre Krise, ihr
großes Thema – so hat es mir ein Veteran der
UN-Diplomatie in diesen Tagen berichtet.


Was also ist das eine Thema im Jahr 2018?
Syrien? Nordkorea? Der Mittlere Osten? Oder
die weltweiten Flüchtlingsdramen – vom
Mittelmeer bis Venezuela?


Tritt man einen Schritt zurück, dann entsteht
aus diesem Flickenteppich von Konflikten ein
größeres Bild, dann zeigt sich ein klares
Muster. Dann wird deutlich, dass wir es
tatsächlich mit einer Krise zu tun haben:
Der Krise des Multilateralismus. Einer
Krise, die Konflikte weltweit scheinbar
unlösbar werden lässt.
",quarantine_2018_collection
UNGA73_General_Debate_2018_statements/UNGA73_General_Debate_2018/germany__de_en.pdf,2018,3f61a609e0cfbde687c99f072c811a043f232086456700950069d0432454305a,2017|2018,2017,72,"                              Speech by

                             Sigmar Gabriel,
                 Member of the German Bundestag and
                        Federal Minister for Foreign Affairs



                                 at the 72nd session of the

                         United Nations General Assembly



                   New York, 21 September 2017





Translation of advance text
Mr President,

Ladles and gentlemen,


We seem to be confronted with a phase of political hurricanes and earthquakes. And
the tone of the confrontations seems to get harsher, more intransigent and belligerent
from day to day and from speech to speech.


As responsible politicians, it Is vital that we ask ourselves:

How can we bring about a change in direction? A change of direction which will bring
about more peace, more stability, less hunger and poverty and better prospects for
everyone in the world.



How do we ensure that globalisation finally delivers justice for all, not riches to the
few?



One answer as to how we achieve this change in direction can be found in a report to
the United Nations Secretary-General. It states:

We must not limit ourselves to the ""traditional questions of peace and war,"" but must
also work towards overcoming ""world hunger, mass misery and alarming disparities
between the living conditions of rich and poor.""

Ifind this analysis very apt.

However, the bitter thing about this quote is that it comes from a report to the UN
Secretary-General which is forty years old. This apt analysis of the global situation
can be found in a report commissioned for the United Nations almost forty years ago
to the day.


It was in the report of the Internatio",quarantine_2018_collection
UNGA73_General_Debate_2018_statements/UNGA73_General_Debate_2018/ghana__gh_en.pdf,2018,13ae4f6330a21d2057b2a708ce09f8250cdd7c06a8cdcc01d263d0577a924dd4,2017|2018,2015,,"GHANA            PERMANENT MISSION OF GHANA
                                                        TO THE UNITED NATIONS
                                                                                 19 EAST 47TH STREET
                                                     NEW YORK, N.Y. 10017
                                                               TEL. 212-832-1300 • FAX 212-751-6743





                                                                     Check against delivery

        STATEMENT

                    BY

           HIS EXCELLENCY
  NANA ADDO DANKWA AKUFO-ADDO
PRESIDENT OF THE REPUBLIC OF GHANA


             ON THE OCCASION OF

       THE 72ÿ SESSION OF THE
   UNITED NATIONS GENERAL ASSEMBLY




NEW YORK, 21sr SEPTEMBER, 2017
 ADDRESS DELIEVERED BY THE PRESIDENT OF THE REPUBLIC OF
   GHANA, ÿANA ADDO DANKWA AKUFO=ADDO, AT THE 72ND
  SESSION OF THE UNITED NATIONS"" GENERAL ASSEHBLY ON
       THURSDAY, 21sT SEPTEMBER, 2017, NEW YORK.


President of the General Assembly, Secretary General, Your Excellencies,

It has been sixty years since my country, Ghana, became a member of this
Organisation. We joined at our independence some twelve years after the
first meeting of the Organisation in San Francisco, and Ghana has been an
active participant in the United Nations since then.

I want, Mr President, to thank the United Nations for the honour done
Ghana by my appointment, by the Secretary General, as co-Chair of the
Group of Advocates of Eminent Persons of the UN Sustainable Development
Goals, to continue in the position that was held by my predecessor as
President, His Excellency John Dramani Mahama. This mark of trust in
Ghana's leaders is a matter",quarantine_2018_collection
UNGA73_General_Debate_2018_statements/UNGA73_General_Debate_2018/greece__gr_en.pdf,2018,e18e2c10212a850297feb8e5dda87ea61ad1ebc25d62d0070dbdaa1d707abc47,2017|2018,2017,,"PERMANENT MISSION OF GREECE TO THE UNITED NATIONS
       866 2-a Avenue, 13th Floor. New York, NY 10017-2905
                    e-maih gr_del,un@mfa.gr





                                                                   www.mfa.gr/un





             Seventy-Second Session

   of the General Assembly of the United Nations





                   Statement by
              H.E. Mr. Nikos Kotzias
             Minister for Foreign Affairs
                of the Hellenic Repubhe



           NEW YORK
              Friday, September 22, 2017





                                Chec(c againsÿ
    Mr President,
    Mr Secretary General,
     Dear Colleagues,
     Ladies and Gentlemen,

    Mr President,

 I would like first of all to wish every success to the new Secretary General Mr Guterres and
to reaffirm our full support to his work.

Allow me also to congratulate you on both your election to the office of President of this
72nd General Assembly and the choice of this year's main topic.

Our world is changing rapidly today. We are going through the second machine era. An
era when machines no longer constitute the extension of physical strength, but rather
produce spiritual wealth and knowledge. Machines that are faster and smaller, yet have an
immense impact on our daily lives. On the way we work and produce, On the way we
communicate and interact. This trend can be described as the fourth industrial revolution.

This new era brings with it innovations and advantages, but also challenges, especially for
states. Challenges that they need to face effectively if they are to survive in today's
complex international reality.

States have to show resilience and meet the ne",quarantine_2018_collection
UNGA73_General_Debate_2018_statements/UNGA73_General_Debate_2018/grenada__gd_en.pdf,2018,2441ed09bfff4db8db9f4cb512ad22d05d1dbd2f8e97dee8eb1c88dbe5e038ee,2017|2018,,,"                           STATEMENT
                              BY


                 HONOURABLE ELVIN NIMROD
             MINISTER FOR FOREIGN AFFAIRS OF GRENADA


                              AT
           THE GENERAL DEBATE OF THE SEVENTY-SECOND
                        REGULAR SESSION
                           OF THE
                 UNITED NATIONS GENERAL ASSEMBLY



                              23 SEPTEMBER 2017
                         NEW YORK





CHECK AGAINST DELIVERY





                       PERMANENT MISSION OF GRENADA TO THE UNITED NATIONS


                           685 THIRD AVENUE, SUITE 1101 "" NEW YORK, NY 10017


                               TEL: (212) 599""-0301 "" FAX: (212! 599-1540
Mr. President,
Distinguished Colleagues,
Ladies and Gentlemen



 I bring warmest greetings from Grenada's Prime Minister, Dr. The Rtÿ

Honourable Keith C. Mitchell.




Mr. President, Prime Minister Mitchell believes in the work of the General

Assembly and is only absent because he believes that as Chair of

CARICOM his presence in the region allows his colleague prime ministers

to travel to New York to plead the cases of their hurricane-stricken

countries..




Our hearts and prayers go out to all the victims in our Caribbean region,

Mexico and across the world, who are presently suffering adverse effects of

climate change and natural disasters. Within the last few weeks, our fellow

OECS and Caribbean Small Island Developing States of Barbuda and the

Commonwealth of Dominica were ravaged by hurricanes Irma and Maria

causing near total destruction and the loss of many lives. Our hearts also

go out to the people of Cuba, with whom our region shares a spe",quarantine_2018_collection
UNGA73_General_Debate_2018_statements/UNGA73_General_Debate_2018/guatemala__gt_es.pdf,2018,fa8b64565707aa138d05741d9a2dbc77398796eea90188f6884e4566d59bc55f,2017|2018,,," GUATEMALA

                                                                                      Verificar al momento de su presentaddn




              DEBATE GENERAL
 Del SEPTUAGtÿSIMO SEGUNDO PERIODO DE SESIONES
DE LA ASAMBLEA GENERAL DE LAS NACIONES UNIDAS





              INTERVENCION DE

        S.E. St. Jimmy Morales


  PRESIDENTE DE LA REPUBLICA DE GUATEMALA





         Nueva York, 19 de septiembre de 2017
Sefior Presidente,

Sefiores Jefes de Estado y de Gobierno,

Sefiores Ministros y Secretarios de Relaciones Exteriores,

Sefiores Delegados, sefior Secretario General, arnigos todos:





Presento mi agradecimiento al sefior Peter Thomson por su excelente desempefio COlilO

presidente en el pasado periodo de sesiones y auguro al sefior Miroslav (lajchac) Lajcfik

el mayor de los 6xitos como presidente del actual periodo de sesiones. Asimismo,

aprovecho para dar la mils cordial bienvenida a nuestro secretario general, sefior Antonio

Guten'es, a qulen ya tuve ocasidn de felicitar.



Sefior presidente,



Como muestra del compromiso con la paz y el desarrollo, el pasado 6 de julio de 2017

finnamos el ""compromiso pot la agenda nacional de desarrollo: los ODS y su

articulacidn aI programa nacional de desarrollo K'atÿn: nuestra Guatemala 2032"", para

alcanzar los objetivos, metas e indicadores trazados en la agenda 2030 para el desarrollo

sostenible, y asÿ incidir en el bienestar de los guatemaltecos.



Asimismo, mi pals tiene como prioridad garantizar la seguridad alimentaria; alcanzar el

respeto y promoci6n de los derechos humanos; poner fin a la pobreza; elevar las

condiciones de las personas mgts vulnerables; el cuidado de los recursos namrales; y ",quarantine_2018_collection
UNGA73_General_Debate_2018_statements/UNGA73_General_Debate_2018/guinea-bissau__gw_en.pdf,2018,b7da189bcea6f57cd8301d32f52c1ff33de530412c51bd2d8268d03c46858245,2017|2018,2017,72,"     REPUBLIC OF GUINEA-BISSAU



           STATEMENT


              TO

 THE GERAL DEBATE OF THE 72ND SESSION

               OF
THE UNITED NATIONS GENERAL ASSEMBLY


            DELIVERED
              BY

H,E. MR. UMARO SISSOCO EMBALO

       PRIME MINISTER





              New York, September 21, 2017
Your Excellency, Mr, President of the General
Assembly

Distinguished Heads of State and Government

Mr, Secretary-General

Ladies and gentlemen


I am honored to stand on this podium and speak to the
international community gathered here in the  full
expression of our universality.

Allow me to convey greetings from the Bissau-Guinean
people to all of you - distinguished Heads of State and
Government, representatives of the member States of the
United Nations who came to add pomp and substance to
this General Assembly.

I take this opportunity to congratulate Mr. Miroslav Lajcak,
the Minister of Foreign Affairs of Slovakia, who was elected
President of the 72nd Session of the United Nations General
Assembly.

To your illustrious predecessor, Ambassador Peter
Thomson, I would like to express our recognition of his
performance and wish him continued success in his
remarkable diplomatic career.


Ladies and gentlemen


As we all know, the world today is full of complex and grave
challenges:


         Hotspots of political instability and geopolitical
          tension around the world, the seriousness of
         which cannot be overlooked by statesmen and
            citizens of the world;
",quarantine_2018_collection
UNGA73_General_Debate_2018_statements/UNGA73_General_Debate_2018/guinea__gn_fr.pdf,2018,1da6a35c1940958b51e55f57b06e404018fa971b0cafd30270a0b465ea972995,2017|2018,2017,72|72,"       REPUBLIQUE DE GUINEE
                  ----------
        Travail-Justice-Solidarité
                       ------------





Déclaration de Son Excellence Professeur Alpha CONDE
          Président de la République de Guinée
        Président en exercice de l’Union Africaine


                  Débat général

    72ème Session ordinaire de l’Assemblée générale des
                   Nations Unies





                 New York, le 19 septembre 2017





                                                                               1
Excellences, Mesdames et Messieurs les Chefs d’État et de Gouvernement,

Monsieur le Secrétaire général,

Mesdames et Messieurs les Délégués,

Mesdames et Messieurs,




C’est avec un grand honneur, en ma qualité de Président en exercice de l’Union Africaine,

que je prends la parole dans ce creuset du multilatéralisme pour m’adresser à cette auguste

assemblée, réunie autour du thème : « Priorité à l’être humain : paix et vie décente pour tous

sur une planète préservée », thème d’une pertinence particulière pour le continent.

D’emblée, Monsieur le Président, je tiens à vous exprimer mes chaleureuses félicitations suite
à votre élection à la présidence de la 72ème session ordinaire de l’Assemblée générale.

Je ne doute point du dynamisme que vous imprimerez à nos travaux dans la perspective de

renforcer l’action de votre prédécesseur, M. Peter Thomson, à qui nous rendons un vibrant

hommage pour avoir fait de l’Afrique sa priorité, donnant ainsi une impulsion remarquable à

la mise en œuvre de l’Agenda de développement 2030.




Monsieur le Président,

L’Afrique, jadis subjuguée, corvéable et malléable à dessein, et marginalisée s’e",quarantine_2018_collection
UNGA73_General_Debate_2018_statements/UNGA73_General_Debate_2018/guyana__gy_en.pdf,2018,7ee59e7b51707f13a73a4975c2f852046d4518c8e9e3427b6050184987252208,2017|2018,,,"             Cooperative Republic ofGuyana




                of
  His Excellency Brigadier David Granger
  President ofthe Cooperative Republic o/Guyana
         to the 72""d Session ofthe
General Assembly of the United Nations

           2017.09.20
 Salutations

Mr President,


Mr Secretary-General,


 Distinguished Heads of State and Government,

 Excellencies, ladies and gentlemen.


The Cooperative Republic of Guyana extends its congratulations to His Excellency

Miroslav Lajcak on his election to the Presidency of the General Assembly. We are

confident, Mr. President, that underyour guidance, progress will be made in advancing

theinternational agenda andinrealising thetheme ofthisyear's session oftheAssembly

- """"Focusing on people: striving for peace and a decent lifefor all on a sustainable

planet.""

Guyana expresses its appreciation for the sterling performance of your predecessor.

Ambassador PeterThompson of Fiji for his stewardship ofthe Assembly over the past


year.

I take this opportunity, also, to congratulate the distinguished Secretary-General, Mr

Antonio Guterres, on his election last year. I wish him a successful tenure.
",quarantine_2018_collection
UNGA73_General_Debate_2018_statements/UNGA73_General_Debate_2018/haiti__ht_fr.pdf,2018,0bdb55d71d3edb7da2088dde29a92da6de073eff5c4590560902723b40efbfb3,2017|2018,,,"    II n ITI


                   fllloculion

                 de

  Son GHoellence lllon/ieur Joyencl fllOISG
     Pre/iden( de ici Repubiique d'Hciili



Debot genercii de lo 72eme 5e//ion ordinoire
 de rfl/zembiee generciie de i'Organi/cition

            de/ RciUon/ Unie/





            new York, le 21 /eplembre 2017


                                                              (YcriMer ciu prononce)
Monsieur le President,

Je voudrais, tout d'abord, vous adresser mesplus chaleureuses felicitations pour votre election a
 la presidence de I'Assemblee generate,
        Aujourd'hui, tous les regards se toument legitimement vers I'Organisation des Nations
 Unies, dont la mission n'a jamais ete aussi essentielle.

         II est done necessaire de poursuivre la reforme engagee depuis des annees, en vue de
mieux adapter notre Organisation aux realites contemporaines, afin qu'elle puisse poursuivre
efficacement les buts enonces dans sa Charte fondatrice.

       Je salue, a cet egard, la vision et le leadership du Secretaire General, Monsieur Antonio
GUTERRES. Je souhaite que, sous sa direction avisee, I'Grganisation maintienne le cap sur les
engagements et initiatives susceptibles d'ameliorer les conditions devie detous les habitants de
laterre, depermettre defaire face aux menaces globales, deprevenir et deregler les conflits.

Monsieur le President,

     La Republique d'Haiti appuie pleinement toute initiative susceptible de prevenir des
tensions intemationales, desamorcer des crises et rechercher une issue pacifique aux differends.
Elle estime que faction des Nations Unies doit d'abord s'inscrire dans une dynamique de
prevention des conflits.

     La Republique d",quarantine_2018_collection
UNGA73_General_Debate_2018_statements/UNGA73_General_Debate_2018/holy-see__va_en.pdf,2018,4059cff98543c9bf82481e551b81340942692b66f26d71b23ed0eca696e3614f,2017|2018,2017,,"              H. E. Archbishop Paul Richard Gallagher
                      Secretary for Relations with States
             Head of the Delegation of the Holy See to the
      Seventy-second Session of the United Nations General Assembly

                       United Nations General Assembly Hall
                        Monday, 25 September 2017

                           FOCUSING ON PEOPLE:
         STRIVING FOR PEACE AND A DECENT LIFE ON A SUSTAINABLE PLANET



     Mr. President,

    On behalf of His Holiness Pope Francis, I am pleased to congratulate Your
Excellency on your election as President of this august Assembly and to commend
you on the choice of the topic for this General Debate: “Focusing on People:
Striving for peace and a decent life on a sustainable planet.”

        It is a congenial topic for the Holy See. Pope Francis never tires of insisting
on people first, especially those who suffer, those who are excluded, marginalized
and left behind. The Catholic Church expresses the meaning of focusing on people
in these words: “The joys and the hopes, the griefs and the anxieties of the men [and
women] of this age, especially those who are poor or in any way afflicted… are the
joys and hopes, the griefs and anxieties of the followers of Christ,” because “indeed,
nothing genuinely human fails to raise an echo in their hearts.”1
                                                         P a g e | 2

      Focusing on people means not only protecting them from heinous crimes but
also placing them ahead of all national and geopolitical interests and fulfilling all the
international political commitments undertaken along the history of the United
Nations  that  r",quarantine_2018_collection
UNGA73_General_Debate_2018_statements/UNGA73_General_Debate_2018/honduras__hn_es.pdf,2018,6984315eb153c0388415aff8cc9cf576d333c4d13fbd439392f8d64a4f7803f4,2017|2018,,,"Senor Presidente,
Senor Secretario General,
Senoras y Senores Jefes de Estado y de Gobierno,
Representantes Permanentes,
Delegados:

El pueblo hondureno se solidariza con los hermanos mexicanos, ante la tragedia
sufrida el di'a de hoy.

Hace casi 4 anos, compared' por primera vez en esta Asamblea General. 4 ahos
despues, veo hacia atras como Honduras ha enfrentado los principales retos que
encontramos.

Este di'a quiero compartir con el mundo, como estamos construyendo una NUEVA
HONDURAS!!

Hace 4 ahos,  el crimen organizado transnacional habia colocado a Honduras
como  un  pai's con altos niveles de violencia.  A fines de 2013 tuvimos 75
homicidios por cada ICQ mil habitantes. En 4 ahos hemos disminuido esas cifras
en 30 puntos. En su ultimo informe, el I'ndice Global de Paz nos ubico con una
mejona de 17 escalones en lo que va de nuestra gestion.

Tambien logramos reducir nuestro deficit fiscal de 8% a 3% del PIB. Saneamos la
economia hondureha, la cual crecera este aho 4.1%. Nuestras exportaciones han
aumentado. La inversion va en ascenso. Nuestras reservas internacionales son
suficientes para casi  seis meses de importaciones. La moneda nacional se ha
revalorizado y la tasa de inflacion es muy moderada. Las empresas  calificadoras
de riesgo han aumentado la calificacion crediticia de Honduras, siendo hoy la
mejor de la historia.

Este aho, junto con Guatemala hemos establecido e implementado la primera
Union Aduanera de las Americas. Hoy Honduras y Guatemala tienen una zona de
libre circulacion de bienes, servicios y personas. Estamos en negociaciones para
que El Salvador y Nicaragua se sumen a la Union Aduanera y en el futuro, con la
adhesion de Costa Rica y Panama, ",quarantine_2018_collection
UNGA73_General_Debate_2018_statements/UNGA73_General_Debate_2018/iceland__is_en.pdf,2018,416ca244fda3425c0cbb05f9ea897de8e12e5552223bfb11c20698c31fa3768a,2017|2018,2017,," The Permanent Mission of Iceland

        to the United Nations




         72 United Nations General Assembly





                Statement by Iceland

           Gudlaugur Thor Thordarsson

         Minister of Foreign Affairs of Iceland

                    22 September, 2017





                                   CHECK AGAINST DELIVERY



                   www.iceland.org/un/nyc
_________________________________________________________

    The Permanent Mission of Iceland to the United Nations
  800 Third Ave. 36th fl. - Tel 212-593-2700. - Fax 212-593-6269
Mr. President,

We live in a world of opportunity: Never have we had such potential to end poverty and hunger,
to end human rights violation, to focus on the people striving for a decent life. We can either
succeed or we can fail. It is a choice, it is a decision. This is our responsibility, this is our task.
This task is not just about numbers or statistics, this task is about real-life people. “There is
purpose and worth to each and every life.” Let us not forget.

Our task is not easy. But the most important things in life are never easy, the right path is always
difficult. And for sure, we face  difficulties. The consequences of climate change, bad
governance, terrorism and  conflict have made our world seem “more dangerous,  less
predictable, more chaotic” as our Secretary General put it. It is our common responsibility to
protect the progress we have made since the establishment of this institution and make good on
our promises of prosperity for all.

Mr. President,

The world’s economic and social progress has in large part been driven by science and rational
action, based on evidence. We must hold fir",quarantine_2018_collection
UNGA73_General_Debate_2018_statements/UNGA73_General_Debate_2018/india__in_en.pdf,2018,dd28d4942c0d8f027c1d59fabbd1e57da5be03b231a341b96cfe843d8091a4f0,2017|2018,2017,,"                                            Check aaainst delivei





                     General Debate

                           of the 72""^
             United Nations General Assembly-


                       Address


             Minister of External Affairs of India
                  Smt. Sushma Swaraj




                 23 September 2017





                Permanent Mission of India to the United Nations
235 East 43rd Street, New York, NY 10017 • Tel: (212) 490-9660 • Fax: (212) 490-9656
                                E-Mail: india@un.int
Mr President
Let me begin by offering my heartiest congratulations on your election as
President of the 72nd United Nations General Assembly. For those of us
fortunate to represent our nations as Foreign Minister this is a particularly
happy event: one of us has this honour.


Mr President
2: India welcomes your efforts to place people at the heart of international
diplomacy as you shape policy and lend direction to world affairs from your
august chair.  I thank you for the theme you have chosen: 'Focusing on
people: Striving for peace and a decent life on a sustainable planet'. People,
peace, decency, sustenance and focus define a noble objective.


Mr President
3: The United Nations was established for the welfare, security, harmony,
rights and economic progress of the people of our world. India fully supports
your efforts in this great mission.

4: I had spoken before this Assembly last year as well. It is a year that has
seen much change both in this Assembly ^d iii the world it. represents. We
have a new Secretary General at the United Nations.  He is determined to
prepare and strengthen the United Nations to meet ",quarantine_2018_collection
UNGA73_General_Debate_2018_statements/UNGA73_General_Debate_2018/indonesia__id_en.pdf,2018,4372f998d2437b75ede485d6ac35b394ba062768fa95480d37c14cbe8e4f39d8,2017|2018,,,"                                     Check aqainst delivery





              STATEMENT



              H.E. MR. JUSUF KALLA
VICE PRESIDENT OF THE REPUBLIC OF INDONESIA





         AT THE GENERAL DEBATE
          OF THE 72ND SESSION
 OF THE UNITED NATIONS GENERAL ASSEMBLY





      NEW YORK, 21 SEPTEMBER 2017





                     INDONESIA
Mr. President,


Allow me to begin by wishing ""Happy New Year"" to those who celebrate the
New Islamic Year 1439 Hijra... may peace be upon us all.


I would also like to extend Indonesia's deep sympathies and condolences,
to those affected by the recent natural disasters.


These include, earthquake in Mexico, hurricanes in the Caribbean, and
parts of the United States, as well as floods in South Asia.

Our prayers go out to all the victims.


Mr. President,


I congratulate you, on your election as President, of the seventy-second
General Assembly.


Indonesia is committed, to contribute to your successful presidency.


I would also like, to thank His Excellency Peter Thomson, of Fiji, for his
able stewardship, as the President of the seventy first session.

We commend his role in driving a universal push for the SDGs.


Mr. President,


We are all represented in same world map. Yet, we see many different
worlds.


Our world today, is far from equitable.





                                                                                                                 -1

                            INDONESIA
",quarantine_2018_collection
UNGA73_General_Debate_2018_statements/UNGA73_General_Debate_2018/iran-islamic-republic__ir_en.pdf,2018,e63442b9c45c4008abecd41ac116b3910b8dc84ffbc88a1b5fcf7ac5d3154111,2017|2018,2017,,"                     Statement by


       H.E. Dr. Hassan Rouhani

President of the Islamic Republic of Iran




   at the 72nd 'Session of the General Assembly

            of the United Nations





          (New York - 20 September 2017)

                                        Please check against delivery
                        In the name of God, the Compassionate, the Merciful


Mr. President,

Mr. Secretary-General,

Excellencies,

Ladiesand Gentlemen,

I wish at the outset to congratulate your election to the Presidency of the General Assembly and
Secretary-General Guterres' election to his high office and wish him every success in his crucial
responsibilities.

Four months ago, over 41 million people-constituting 73% of Iran's total eligible voters-came
to the polls in the country's 12th presidential election and once again expressed confidence in my
platform, which calls for moderation and respect for human rights and prosperity and economic
revitalization at home, and constructive engagement around the world. Their vote manifested
the maturity of the electorate in a society that has experienced free and democratic governance
for only four decades. This was not merely a vote for a president, but a huge political investment
by our population; a resilient people who truly constitute our most reliable asset.

Human and citizens' rights, along with the quest for justice and Islamic values, have constituted
the most pivotal demands of the Iranian people in over 150 years of struggle, and particularly in
the  Islamic  Revolution  of  1979.  In  its  first  term,  while  pursuing  nuclear  negotiations
internationally, my government focused at home on the deliberat",quarantine_2018_collection
UNGA73_General_Debate_2018_statements/UNGA73_General_Debate_2018/iraq__iq_ar.pdf,2018,16e683a3c482a1bb02b26eaffe169b91545595cd6d3a8b01973fccb90017bff5,2017|2018,,,"ةﻟﻤﺘﺤﺪا ﻟﻸﻣﻢ ﻟﻌﺎﻣﺔا ﻟﺠﻤﻌﻴﺔا ﻓﻲ اقﻟﻌﺮا ﻳﺔرﺟﻤﻬﻮ ﻛﻠﻤﺔ

                  (72 ) ورة ﻟﺪا

               ركﻧﻴﻮﻳﻮ


  يﻟﺠﻌﻔﺮ ا ﻷﺷﻴﻘﺮ ا ﻫﻴﻢ اﺑﺮإ رﻟﺪﻛﺘﻮا ﻣﻌﺎﻟﻲ ﻳﻠﻘﻴﻬﺎ

          اقﻟﻌﺮ ا ﻳﺔرﺟﻤﻬﻮ ﺟﻴﺔر ﺧﺎ ﻳﺮوز

                  ﻓﻲ

            201 7 / 9 / 2 3




                                        1
                   م ﺤﻴر ﻝا نﺤﻤر ﻝا ﷲا م ﺒﺴ
                      آدم ﺒﻨﻲ ﻤﻨﺎر ﻜ دﻝﻘو


                           رم ﻝﻤﺤﺘا ﻝﻌﺎﻤﺔا ﺔ ﻝﺠﻤﻌﻴ        ا سﺌﻴر د ﻝﺴﻴ    ا
              ونﻤر ﻝﻤﺤﺘا دةﻝﺴﻌﺎ وا ﻝﻔﺨﺎﻤﺔا ب ﺼﺤﺎأ دة ﻝﺴﺎا
                         ونﻤر ﻝﻤﺤﺘا دة ﻝﺴﺎوا دات ﻝﺴﻴ    ا

كﻻﻴﭽﻴ ف ﺴﻼرو ﻤﻴ  د ﻝﻠﺴﻴﻴرك ﻴﺒﺎ  أن ديﺒﻼ  د ﻓوﻝ ب ﻴ ط
ددﻝﺼا  ذاﺒﻬ  ﻬﻨﺊ ﻴو  دة، ﻝﻤﺘﺤا  م ﻝﻸﻤ  ﻝﻌﺎﻤﺔا  ﺔ ﻝﻠﺠﻤﻌﻴ       ﺌﺎﺴﺘﻪر
أن  ﺘﻨﺎوﻴﻔ ﻻو ، ﻋﻤﻠﻪ ﻓﻲ قﻓﻴوﻝﺘ ا ﻝﻪ ﻰ ﻴﺘﻤﻨو ، ﻓﺎﻜﻴﺎوﺴﻠ ﺔ ﻴﺠﻤﻬور
ﺘﻪدارﻹ ونﻤﺴوﺘ ر ﺒﻴﺘ د ﻝﺴﻴﻬا ﺴﻠﻔﻪ  ُود ﻝﺠﻨﻨﺎر ﻴ د ﺘﻘو  ﻨﺎر ﺸﻜ م دﻘ
                                ﻝﺴﺎﺒﻘﺔ. ا دورة ﻝ ا ل ﻷﻋﻤﺎ ﻝﺤﻜﻴﻤﺔا





                                         2
",quarantine_2018_collection
UNGA73_General_Debate_2018_statements/UNGA73_General_Debate_2018/ireland__ie_en.pdf,2018,b22d7e31398100dfcdbb89d8432ee594d9644c36e18fcaace55adc5be3c699ee,2017|2018,,,"                                                                                                 •   .iv



President

Allow me at the beginning of my statement to offer Ireland's sympathy to all those in Mexico

affected by the devastating earthquake earlier this week and to commend those who have been

engaged in the heroic rescue operations. I also want to extend condolences to the representatives

of people in the Caribbean who are facing extraordinarily difficulties following the recent

hurricanes.


President

This is no time for business as usual. The international community is facing unprecedented

challenges.


I'm here because I think this Organisation matters. This is an Organisation that now faces daily

challenges to its political and management missions. We need to move from debate to action.



My country, Ireland, has kept faith with the UN since we joined as a young Republic which had

fought hard for its independence and saw being a member of the UN as fundamental to its future

and its people's future peace and security. We still do over 60 years later.



Our faith has not been misplaced. It is as strong today as ever in the past. But we certainly have

something to say about the future of the Organisation and the role we believe it must play in

reducing suffering across the globe, and securing our shared peace, security and prosperity. The

UN matters to us.



Today I will focus on where we see we can make a difference as the UN, and where Ireland

makes a difference in the UN.



 Given our history as a small country, with its own troubled past, we see very clearly the

 advantages of a rules-based order in international affairs. Even more than th",quarantine_2018_collection
UNGA73_General_Debate_2018_statements/UNGA73_General_Debate_2018/israel__il_en.pdf,2018,d0528dee7c56c043c1a2dc6757d4e2ef63a399417ec2b1416fd9006bc4cd733b,2018,2018,73,"                73rd Session of the United Nations General Assembly
                        Annual General Debate

             Address by H.E. Mr. Benjamin Netanyahu
                     Prime Minister of Israel

             New York, 27 September 2018


Distinguished Delegates, Ladies and Gentlemen,

When I spoke here, three years ago, Israel stood alone among the nations. Of the nearly 200
countries that sit in this hall, only Israel openly opposed the nuclear deal with Iran. We oppose it
because it threatens our future, even our very survival. We oppose it because the deal paved
Iran’s path to a nuclear arsenal. And by lifting the sanctions, it’s fueled Iran’s campaign of
carnage and conquest throughout the Middle East.

We oppose it, we oppose it because the deal was based on a fundamental lie—that Iran is not
seeking to develop nuclear weapons.

Now, Israel exposed that lie earlier this year. Last February, Israeli conducted a daring raid on
Iran’s secret atomic archive. We obtained over 100,000 documents and videos that had been
stashed in vaults in an innocent looking building in the heart of Tehran.

In May, I presented a short summary of what we obtained to the international media. I provided
hard evidence of Iran’s plans to build nuclear weapons and its plans to deceive the international
community. Israel shared this information and even more damning evidence that we found with
members of the P5+1, and with the International Atomic Energy Agency.

Months have passed. The IAEA has still not taken any action. It has not posed a single question
to Iran. It has not demanded to inspect a single new site discovered in that secret archive.

So, given this inaction, I",quarantine_2018_collection
UNGA73_General_Debate_2018_statements/UNGA73_General_Debate_2018/italy__it_en.pdf,2018,8fe4e5884e0854042cd6d56bd0645d5c559917bde85650a440e72c595abd6e05,2017|2018,,72,"  72st GENERAL ASSEMBLY OF THE UNITED NATIONS




             STATEMENT

               BY

             HIS EXCELLENCY

THE PRESIDENT OF THE COUNCIL OF MINISTERS


    THE HONORABLE PAOLO GENTILONI




      (NEW YORK, 20 SEPTEMBER 2017)
Mr. President, Secretary-General, my fellow delegates, ladies and
gentlemen,

    The opening of the 72nd session of the General Assembly is taking
     place in a complex and constantly-moving global context. The
     socio-economic effects of globalization, which can create hardship
     and inequalities, also compound the persistence of major instability
      in the international geopolitical framework, which is at the root of
      multiple crisis situations.


    The provocations of North Korea--which Italy condemns in no
     uncertain terms--threaten regional and international security and
     pose a real challenge to the international nuclear non-proliferation
     regime and the United Nations system.

    The uncertainties and fears of our citizens are heightened,
     moreover, by the plague of terrorism, which is being fought with
     growing effectiveness but has certainly not been defeated, and
     climate change, which risks jeopardizing the future of our planet
     and the fate of future generations.


   • The desperation of migrants and refugees, victims of ruthless
      criminal trafficking, continues to unfold before our eyes.


     These are enormous challenges from which no Country is immune
     and against which there is an inevitable temptation to seek refuge
      in isolationism, racism and intolerance.

     But it is precisely in the face of extraordinary challenges that the
      international commu",quarantine_2018_collection
UNGA73_General_Debate_2018_statements/UNGA73_General_Debate_2018/jamaica__jm_en.pdf,2018,c0dee2212ee7025d00d8eed8db51d457d00fae450416fd069b74a39edf12e88a,2017|2018,,72,"                   STATEMENT


                    BY


     SENATOR THE HONOURABLE KAMINA JOHNSON SMITH
  MINISTER OF FOREIGN AFFAIRS AND FOREIGN TRADE OF JAMAICA

                    ON

  AT THE GENERAL DEBATE OF THE 72""d SESSION OF THE UNITED
               NATIONS GENERAL ASSEMBLY




           NEW YORK - 23rd SEPTEMBER 2017





                                                              Please check against delivery



l[ÿaÿe
  Focusing on people: striving for peace and a decent life for all on a sustainable planet





Mr. President,

           I am delighted to extend Jamaica's warm congratulations on your election to the
Presidency of this 72nd session of our General Assembly, and to assure you of our support.

           I am particularly pleased to note your selection of a theme that underscores the
fundamental importance of the ambitious and transformative 2030 Agenda for People, Planet
and Prosperity.





Mr. President,

      As I stand before you today, I express on behalf of the Government and People of
Jamaica, our deepest sympathies and prayers for the families and loved ones of victims of the
recent hurricanes, which directly impacted our Caribbean brothers and sisters, as well as the
families and loved ones of victims of the recent earthquakes in Mexico, our dear friend from
the region.

            I am deeply moved by the fact that following the passage of two massive hurricanes,
thousands of people across the Caribbean are now forced into a life that is dramatically
different from what it was just a few days ago. On behalf of our Caribbean brothers and
sisters directly impacted by the hurricanes, we wish to thank those countries and
organizati",quarantine_2018_collection
UNGA73_General_Debate_2018_statements/UNGA73_General_Debate_2018/japan__jp_en.pdf,2018,b38411ab3f6a192f864ebadc1a547fb61cedf91a5c146b7b628bd7fe35a3149a,2017|2018,2017,,"CHECKAGAINST DELIVERY

Address by Prime Minister Shinzo Abe
at the Seventy-Second Session of the United Nations General
Assembly
NewYork,Wednesday, September 20,2017
[Provisional translation]

1.

Mr. President, ladies and gentlemen,

Today,Ihad intended first ofallto tellyouofthe sinceritywithwhichJapan is
implementing the SDGs.Ialso had hoped to introduce to you the innovative ways
bywhichwe have been fostering public awareness withinJapan towardsthose
goals.

Iwanted to tell you why the Women Entrepreneurs Finance Initiative, or ""We-Fi,"" is
important to me personally as well as to the Government ofJapan.

Ihave been saying we willmake universal health coverage part ofthe ""Japan
brand.""We will hold a major conference this December in Tokyotaking up UHC
as the theme.

The list ofthings Iwould have liked to raise here is long indeed - our
 contributions towards the rule oflaw; our determination to undertake the Paris
Agreement in a steadfast manner; our policy of addressing global infrastructure
demand through quality investments.

Moreover,what Japanwants to safeguard in every respect is the free,liberal, open
 international order and multilateral frameworks.

The world certainly holds high expectations towards the UNas the flagbearer
upholding these.That is exactlywhy the Security Council should be reformed
without delay, in response to the demands of the times.

Japanwill strive togetherwith its friends to achieve these reforms. I had intended
 to state thatJapan^ abiding determination is to play an active role for world peace
 as a permanent member of the Security Council.

 However, I have no choice but to focus my remarks on a single issue, that ofNorth
 Korea.
CHEC",quarantine_2018_collection
UNGA73_General_Debate_2018_statements/UNGA73_General_Debate_2018/jordan__jo_en.pdf,2018,a78438228e4410eb49c56fd03f60b1516c79def7bc89b15329f729723b867828,2017|2018,,,"                         REMARKS BY
        HIS ROYAL HIGHNESS CROWN PRINCE AL HUSSEIN BIN ABDULLAH lI
       AT THE 72ND SESSION OF THE UNITED NATIONS GENERAL ASSEMBLY
                       NEW YORK
                                21 SEPTEMBER 2017



In the Name of God, the Most Merciful, the Compassionate


Mr. President,


Mr. Secretary General,

Distinguished Heads of Delegation,


Your Excellencies,

           I am honored today to speak on behalf of His Majesty King Abdullah II and
the people of Jordan.


      President Laj(fik, I bring Jordan's sincere congratulations on your election
and our commitment to the work of this General Assembly. To Secretary General
Guterres, I extend my country's great appreciation for your partnership with our
people.

Distinguished Members of the General Assembly,


     Two years ago, I had the chance to advocate on behalf of my generation, and
chair a United Nations Security Council meeting to adopt the first resolution on
youth. Our joint efforts resulted in the historic, unanimous adoption of Resolution
2250 on Youth, Peace and Security, aimed at empowering young people to
participate in peace processes and dispute resolution.


      Today, I stand before you as a representative of my beloved Jordan, but also
as a member of the largest generation of young people in history.


      Like every other generation, we have inherited the collective wisdom and
values of our elders. And like others before us, we must often struggle to reconcile
them with our reality today. What that reality is, is unprecedented.


      Ours is a world at an epic intersection, driven by the confluence of deepened
globalization and disruptive technol",quarantine_2018_collection
UNGA73_General_Debate_2018_statements/UNGA73_General_Debate_2018/kazakhstan__kz_en2.pdf,2018,14957a43808b4556206e86208db003bd7821838b1a5ee78a9e7d386d2ed0e949,2018,2018,73|73,"                                                   Check against delivery

             Statement by H.E. Mr. Kairat Abdrakhmanov,
        Minister of Foreign Affairs of the Republic of Kazakhstan

     the High-Level General Debate of the 73rd session of the UNGA
   “Making the United Nations relevant to all people: Global leadership and
   shared responsibilities for peaceful, equitable and sustainable societies”

                New York, 28 September 2018

    Madam/Mr. President,
     Excellencies,
     Ladies and gentlemen,

    As we commemorate this year, the 100th anniversary of the birth of one
of the greatest sons of humanity – Nelson Mandela – I would like to begin my
statement with his quote: “It is easy to break down and destroy. The heroes
are those who make peace and build.”

    Madam/Mr. President,
   We have approached the 73rd session of the General Assembly with a
grown number of problems vis-à-vis last year, facing a lack of trust and mutual
respect. We find ourselves in a state of a profound world-wide crisis that
touches  every  aspect  of  the  life  of each and  every  person  in  our
interconnected and rapidly accelerating world.
      Millions of people live under a shadow of dreadful wars, such as in
Syria, Yemen and many other corners of the Globe. Kazakhstan believes that
war can never be a lasting solution to any problem.
    Based on this conviction and sharing the belief that the only viable
solution to the current crisis in Syria is the inclusive and Syrian-led political
process, we launched the Astana process towards strengthening confidence-
building measures between the conflicting parties in Syria.
     Our  far-reaching commitment  ",quarantine_2018_collection
UNGA73_General_Debate_2018_statements/UNGA73_General_Debate_2018/kenya__ke_en.pdf,2018,3f037c5f6d64861392323be038ca0f9d073e26246ce0557ec3f96007ce1c713c,2017|2018,,,"

",quarantine_2018_collection
UNGA73_General_Debate_2018_statements/UNGA73_General_Debate_2018/kiribati__ki_en.pdf,2018,343bc39c00803fada289425df987f30036c554f1022423fcf0b410d4fac3fa5e,2017|2018,2017,72|72,"    REPUBLIC OF KIRIBATI





               Statement

                 By

       His Excellency Taneti Maamau

     President of the Republic of Kiribati





The General Debate of the 72nd Session of the

      United Nations General Assembly

         Friday, 22nd September 2017





           (Check against delivery)




                             1
Mr. President

Secretary General Antonio Guterres

Excellencies

Heads of delegations

Distinguished delegates

Secretariat team

Observers

Members of civil society and private sector

Members of the media

Ladies and gentlemen





I bring warm greetings from the Government and the people of the Republic of

Kiribati on whose behalf  I am very honored and humbled to address this august

gathering. In our traditional way and in the Lord’s name, I share with you blessings

and peace.


Kam na bane ni mauri!


Acknowledgement


Mr. President


I join previous speakers in congratulating you on your election to the presidency of

the 72nd Session of the General Assembly. You have an important responsibility to

chart and lead the course of our work during this Session. I am confident that under

your able leadership we will achieve the goals and targets set for this Session based

on the theme “Focusing on People: Striving for Peace and a Decent Life for All on a

Sustainable Planet. Please be assured of our full support and cooperation.





                                        2
",quarantine_2018_collection
UNGA73_General_Debate_2018_statements/UNGA73_General_Debate_2018/kuwait__kw_ar.pdf,2018,2ef7a2602c9e0076f963189cb0a4b94083bb7c3a61ae6005aad6b2de3c1b792c,2017|2018,,,"        Diwan oÿ
Hÿ Highness The Prime Minister
               tate oJRuwait





               p20t7 ..ÿ.' 20 5ÿ1.ÿt
      ®iwan(
His ÿghness The ÿime Minister
            5tare of @wait





                                                                  ,,, d3.ÿi S.ÿ.ÿ3 1ÿI ,.ÿ.ÿ
",quarantine_2018_collection
UNGA73_General_Debate_2018_statements/UNGA73_General_Debate_2018/kuwait__kw_en.pdf,2018,5134da3f1d546bf7ecf854296b848d702bcf3067c76e3419a735c097eed3b2da,2017|2018,,72,"PLEASE CHECK AGAINST DELIVERY




             STATEMENT OF THE STATE OF KUWAIT



                        DELIVERED BY

         THE REPRESENTATIVE OF HIS HIGHNESS THE AMIR
                  OF THE STATE OF KUWAIT


    HIS HIGHNESS SHEIKH JABER AL MUBARAK AL HAMAD AL SABAH
             PRIME MINISTER OF THE STATE OF KUWAIT


                        BEFORE
       THE SEVENTY-SECOND SESSION OF THE UNITED NATIONS
                   GENERAL ASSEMBLY


                    GENERALDEBATE

           UNITED NATIONS HEADQUARTERS - NEW YORK



               WEDNESDAY, 20 SEPTEMBER 2017
Mr. President,
Your Excellencies,
Mr. Secretary-General,
Ladies and Gentlemen,


          THE PEACE, MERCY AND BLESSINGS OF ALLAH
                       BE UPON YOU



    On behalf of the Government and people of the State of Kuwait, it pleases
me at the outset, to extend our sincere congratulations to you personally, and
your friendly country, the Republic of Slovakia, on your election as President of
the 72nd Session of the United Nations General Assembly. I would also like to
assure you of my country's support in all actions you undertake to facilitate your
work and the fulfillment of your responsibilities. We are fully confident that your
vast experience in international issues will contribute valuably to the conduct of
the work of this session. In addition, ! would like to avail myself of this
opportunity to express my sincere appreciation for the outstanding work of your
predecessor, Ambassador Peter Thompson, during his capable and successful
presidency of the previous session.

      Allow me also to take this opportunity to congratulate His Excellency the
Secretary-General of the United",quarantine_2018_collection
UNGA73_General_Debate_2018_statements/UNGA73_General_Debate_2018/kyrgyzstan__kg_en.pdf,2018,11805b2775e800fbaa84859a98ff96fd6d0be500ce63e5c6a059f5d220f44fca,2018,2018,73|73,"      KYRGYZ REPUBLIC

                              Please check asainst delivef





          STATEMENT
       of H.E. Mr. Sooronbay Jeenbekov
       President of the Kyrgyz Republic
              at the General Debate
of the 73rd Session of the UN General Assembly





     New York, 25 September 2018
    Madam President,
      Ladies and gentlemen,
        I greet youwarmly on behalfof the freedom-loving and ancient people with themillennial history
ofthe Great Mountains!
      From the high rostrum of the United Nations, I want to dwell on topical issues that the Kyrgyz
Republic considers urgent and require joint solutions at the national, regional and global levels.

    Madam President,
      Ladies and gentlemen.
      Allow me to welcome all the participants of the 73rd session of the UN General Assembly on
behalfofthe Kyrgyz Republic
     The globalpolitical, economic and environmental situation is changing rapidly.
     The tendency of regionalism in world politics is growing. Price increase, lack of liquidity, ""war""
ofsanctions in the economy is continuing. The threat of terrorism and extremism spreads to all countries.
Preservation of ecological balance has become a global task for the whole planet. Despite their origin
these issues are the matter ofconcern ofeveryone, especially small countries with open economies.
      The above stated processes have been sensitive for Kyrgyzstan. Therefore, I believe that today it is
well-timed to discuss at the General Assembly the relevance of the United Nations for all people, as well
as global leadershipand mutual responsibilityfor peaceful,equitable and sustainable societies.
      Usingthe high tribune ofthe UN, I ",quarantine_2018_collection
UNGA73_General_Debate_2018_statements/UNGA73_General_Debate_2018/kyrgyzstan__kg_ru.pdf,2018,fc51a1cb43e9ed3d46a7e0b27064a0c1db0b9b1cfd3d6c70879a1a5dc1c28bdd,2017|2018,,,"             КЫРГЫЗСКАЯ РЕСПУБЛИКА




                                           Please check against delivery





                   Выступление
    Его Превосходительства г-на Алмазбека Атамбаева
          Президента Кыргызской Республики
на Общих дебатах 72-й сессии Генеральной Ассамблеи ООН





                 г. Нью-Йорк, 20 сентября 2017 года


                                                                   - 1 -
           Уважаемый господин Председатель!

         Уважаемый господин Генеральный секретарь!

                Ваши превосходительства!

                   Дамы и господа!


     Позвольте мне  поприветствовать  вас  всех  от имени
народа Кыргызской Республики!

    Мой древний народ прошел  долгий и трудный  путь
исторического развития и становления. Нам в своё время
посчастливилось  создать  собственную  письменность,  своё
многонациональное   государство,  именуемое   в   истории
кыргызским великодержавием.

    К  сожалению,  последующие  исторические  события
привели к потере кыргызского каганата и уничтожению большей
части населения.

   О нас говорили, как об исчезающем этносе. Поэтому
свобода,  независимость  и  суверенное  государство  были
национальной идеей, пассионарной движущей силой моего
народа на всем протяжении его исторического пути. Этот путь
привел страну к обретению суверенитета в 1991 году.

    Однако борьба за свободу, демократию и справедливость
продолжалась,  и  я  горжусь  своим  народом,  который  за
последние  12  лет совершил  две народные революции  и
доказал, что единственным источником власти в Кыргызской
Республике может быть только народ.

    «В других странах подобные события могли разрушить
демократию, принести",quarantine_2018_collection
UNGA73_General_Debate_2018_statements/UNGA73_General_Debate_2018/lao-peoples-democratic-republic__la_en.pdf,2018,2367024ad6413806f1e338e99da24f111763da9b03e84e80ac43799869ec3173,2017|2018,,,"

",quarantine_2018_collection
UNGA73_General_Debate_2018_statements/UNGA73_General_Debate_2018/latvia__lv_en.pdf,2018,6172c2a76d68ace5f2129d1663bceaad51204a9d690a1915b63b56d8b965c341,2017|2018,2017|2017,72|72,"                                     Check against delivery





        Permanent Mission of Latvia to the United Nations
             333 East 50th Street, New York, NY 10022
                   Telephone (1 212) 838-8877
                     Fax (1 212) 838-8920
                   E-mail: mission.un-ny@mfa.gov.lv


              Statement by


       H.E. Mr. Raimonds Vÿjonis
    President of the Republic of Latvia

                    at


the 72nd session of the United Nations General
               Assembly





            United Nations, New York
             20 September 2017
       Statement of President of the Republic of Latvia,
                H.E. Mr. Raimonds Vejonis
   at the 72nd session of the United Nations General Assembly
           New York, 20 September 2017

 ""Focusing on people: striving for peace and a decent life for all
                on a sustainable planet""

Mr. President, Excellencies!


[At the outset, I wish to congratulate you, Mr. Lajddk, on assuming

the post of President of the current session of the General

Assembly. I am sure you will make our region proud.]


The United Nations is, and will be, the central forum for

multilateralism and a rules-based global order. This is the place

where all nations come together to carry our shared responsibility

to deliver peace and security, advance human rights and

sustainable development, and cooperate for a better future.


As the only truly global organization, the United Nations must be

able to effectively respond to the serious global issues which we

face: regional conflicts and humanitarian crises, the threat of

terrorism, and insecurities related to migration, climate change,

and ",quarantine_2018_collection
UNGA73_General_Debate_2018_statements/UNGA73_General_Debate_2018/lebanon__lb_ar.pdf,2018,622b761c6a3e17a81aa0718396a4adcbdf799a138988b769bba473d7600036ce,2017|2018,,,"

",quarantine_2018_collection
UNGA73_General_Debate_2018_statements/UNGA73_General_Debate_2018/lebanon__lb_en.pdf,2018,57aee2376bdb9862c31393cc635af8f7f210a3742726aeba009923dd4502396d,2017|2018,,,"

",quarantine_2018_collection
UNGA73_General_Debate_2018_statements/UNGA73_General_Debate_2018/lebanon__lb_fr.pdf,2018,c01b295c2427df9c00df03895db5c578c613472a0d15b2823249212acedf87eb,2018,,,"

",quarantine_2018_collection
UNGA73_General_Debate_2018_statements/UNGA73_General_Debate_2018/lesotho__ls_en.pdf,2018,46cdbcd21bee485756b3b611c214552962871870bebbe8185e8d32d6d06d6a46,2017|2018,,,"     X





STATEMENT BY THE RIGHT HONOURABLE THE PRIME

     MINISTER OF THE KINGDOM OF LESOTHO



        DR. MOTSOAHAE THOMAS THABANE


 DELIVERED AT THE 72""^° SESSION OF THE UNITED

         NATIONS GENERAL ASSEMBLY


    NEW YORK, UNITED STATES OF AMERICA


              22 SEPTEMBER, 2017



                                  Check Against Delivery
President of the 72""^ Session of the General Assembly,
Your Excellencies Heads of State and Government,
Your Excellency, Mr Antonio Guterres, Secretary General of the
United Nations,
Distinguished Ladles and Gentlemen,


Allow me to begin by congratulating you, Mr. President, for your election to the
Presidency of the 72""^ Session of the United Nations General Assembly. Your illustrious
career as a diplomat assures us of a successful session. I assure you of my delegation's
full support and cooperation during your tenure of  office.  Let me also hasten  to
commend your predecessor, Mr. Peter Thomson, for his distinct leadership of the 71st
Session of the General Assembly. He handled the great responsibility of leading  this
august body with commendable skill and devotion.

During the last session we also witnessed the election of the new Secretary General,
Mr. Antonio Guterres, whose impeccable credentials and distinct service within the UN,
coupled with the wealth of knowledge and experience that he possesses, leave us
hopeful that he  will handle the challenges of  his new  position with commendable
dexterity.  We, therefore, congratulate you, Mr. Secretary General, on your well-
deserved appointment and wish you success in the long journey ahead. In the same
breath, we pay tribute to the former Secretary General, Mr. Ba",quarantine_2018_collection
UNGA73_General_Debate_2018_statements/UNGA73_General_Debate_2018/liberia__lr_en.pdf,2018,e28055abf1d17509786361f48181df48f090bd2ba6ba71d069374828fa50ccb0,2017|2018,,,"                                           CHECK AGAINST DELIVERY




                 STATEMENT BY



     HER EXCELLENCY MRS. ELLEN JOHNSON SIRLEAF

        PRESIDENT OF THE REPUBLIC OF LIBERIA


                    AT THE

       SEVENTY-SECOND REGULAR SESSION OF THE
          UNITED NATIONS GENERAL ASSEMBLY
               ON THE THEME:
   ""Focusing on People: Striving for Peace and Decent Life for All on a
                         Sustainable Planet""




       UNITED NATIONS HEADQUARTERS, NEW YORK

            TUESDAY, SEPTEMBER 19, 2017

                 MORNING SESSION





lIPage
Mr. President
Mr. Secretary General
Excellencies, Heads of State and Government
Distinguished Ladies and Gentlemen

This 72ÿd Regular Session of the United Nations General Assembly is
being convened at a time of historic transition in Liberia, and during
a period of acute challenges to our global order. Today, we face the
threat of climate change, the violence of terrorism, the risk and
indignation of migration, and a nuclear escalation on the Korean
peninsula. More over there is a race against time to accommodate a
restless youthful population in search of opportunity and a brighter
future.


Mr. Secretary General I congratulate you on your election.


Your progressive and creative leadership assures us of our
commitment and your action to reform the United Nations for
increased efficiency, better coordination and gender parity by 2021
at the senior leadership level. My delegation is also pleased with the
initial steps taken toward the implementation of the Sustainable
Development Goals.


I congratulate you, Mr. MiroslavLajcak, on your election as President
of the General Assembly. Your",quarantine_2018_collection
UNGA73_General_Debate_2018_statements/UNGA73_General_Debate_2018/libya__ly_ar.pdf,2018,33ba84b31010930a94bc3bf6fb5310c89e7d92e2ad54ed0f60d6ee4c2f706d8d,2017|2018,,,"

",quarantine_2018_collection
UNGA73_General_Debate_2018_statements/UNGA73_General_Debate_2018/liechtenstein__li_en.pdf,2018,c04a5ec97fb0b2458e52dd91657553d5cd1261bfaec81ff3345587676fc0a634,2017|2018,,,"PERMANENT MISSION
OF THE PRINCIPALITY OF LIECHTENSTEIN
TO THE UNITED NATIONS
NEW YORK





                NEW YORK, 22 SEPTEMBER 2017


                UN GENERAL ASSEMBLY, 72""D SESSION
                         GENERAL DEBATE



               STATEMENT BY H.E. Ms. AUREUA FRICK
          FOREIGN MINISTER OF THE PRINCIPALITY OF LIECHTENSTEIN





                       CHECK AGAINST DELIVERY





633 Third Avenue 27th Floorl New Yorkl NY 10017 I T +1 (212) 599 0220 I F +1 (212) 599 00641 mission@nyc.llv.li I www.newyork,liechtenstein.li
Mr. President,

Excellencies,

Dear colleagues,



It is good to see you preside over this session of the Assembly, Mr. President. We know that we

are in able hands. I look forward to working closely with you. We also salute Secretary-General

Guterres for his leadership. I am confident that he will chart an intelligent course to the

changes that we wish to see in the United Nations.



Mr. President

You have suggested to us the theme ""focus on people"". This takes us back to the very beginning

of the UN Charter, written on behalf of the peoples of the world. To this day, the United

Nations symbolizes great hope around theglobe: Hope for peace, hope for justice, hope for a

life in dignity and decency. It represents nothing but the most basic ambition of every human

being. And yet, attaining these hopes remains elusive for millions. And they are shattered for

millions of others.



Intolerance and nationalism were drivers of World War II in response to which this organization

was founded. It is a place where we seek solutions, together - instead of pursuing nationalist

agendas. Only in embracing this understanding will we be able t",quarantine_2018_collection
UNGA73_General_Debate_2018_statements/UNGA73_General_Debate_2018/lithuania__lt_en.pdf,2018,0a4d30a241eae9115005285bc556db1d8511ac02fe6173154fe4c7b97341dd4d,2017|2018,2017,,"                                                      Check against delivery

                         Statement
         by the President of the Republic of Lithuania
                 Ms. Dalia Grybauskaitÿ
   at the General Debate of the United Nations General Assembly

                    19 September 2017, New York



Mr. President, Ladies and Gentlemen,

The topic of this year' s debate invites to focus on people and our responsibility to ensure their
peaceful and sustainable future.

However, in today's world such peaceful future is threatened as never before.

Authoritarian regimes continue to kill with impunity, extremist ideologies treat innocent
people with unspeakable cruelty and thousands die after leaving their homes in search for

better lives.

The world's attention is now focused on North Korea and Syria, but the same methods of
blaclÿnail, bullying and aggression are being used by Russia in Ukraine and along NATO's

eastern border.

As we speak, around one hundred thousand Russian troops are engaged in offensive military
exercises ""Zapad 2017"" on the borders of Baltic States, Poland and even in the Arctic. The
Kremlin is rehearsing aggressive scenarios against its neighbours, training its army to attack
the West. The exercise is also part of information warfare aimed at spreading uncertainty and

fear.

Even more disturbingly, Zapad exercise is just one symptom of Kremlin's inability to finally
end its hatred towards the West.

Despite Russia's special responsibility to protect international peace as permanent member
of the Security Council, it violated the UN Charter by attacking Georgia, illegally annexing
Crimea, and directly participating in the war i",quarantine_2018_collection
UNGA73_General_Debate_2018_statements/UNGA73_General_Debate_2018/luxembourg__lu_fr.pdf,2018,da1900a3e4497123265954d9bafa3448702b8dbd2cde8228b1a1a59cf35d3600,2017|2018,,,"

",quarantine_2018_collection
UNGA73_General_Debate_2018_statements/UNGA73_General_Debate_2018/madagascar__mg_fr.pdf,2018,0966a687260dab051a8b94f405de933adc611ce32ded9763946815fc2d406dc5,2017|2018,,72,"Monsieur Le Président de l’Assemblée Générale,

Mesdames et Messieurs Les Chefs d’Etat et de Gouvernement,

Monsieur Le Secrétaire Général,

Mesdames et Messieurs Les Chefs de Délégations,

Mesdames et Messieurs,




C’est pour moi une très grande fierté et un immense honneur de prendre la parole à cette

tribune à l’occasion de la 72ème session de l’Assemblée générale des Nations Unies, en ma

qualité de Président de la République de Madagascar, au nom du peuple malagasy, mais

également en tant que Président de l’organisation du Marché commun de l’Afrique orien-

tale et australe, le COMESA, et Président en exercice du Sommet de la Francophonie.


Permettez-moi, tout d’abord, Monsieur le Président, de saluer votre élection à la tête de
notre Assemblée et de vous réitérer toutes mes félicitations les plus sincères et les plus

chaleureuses.


Madagascar, à vos côtés, comme Vice-président de cette Assemblée qui rassemble les 193

États membres de l’ONU, mais aussi après avoir accueilli, les 26 et 27 novembre 2016, le

XVIe Sommet de la Francophonie, ne peut que partager les valeurs et les idéaux qui nous

réunissent ici, pour parvenir ensemble à un monde plus juste et plus stable que consti-
tuent: le développement, la paix, la sécurité et le droit international.


C’est vous dire combien le thème de notre débat « priorité à l’être humain : lutter pour la

paix et une vie décente pour tous sur une planète préservée », nous interpelle tous puisque

le sens même de la raison d’être de chaque Etat est d’assurer le bien-être de son peuple

avec les voies et moyens de son choix. Pour Madagascar, le choix est clair et évident : nous

avons mis et mettons l’humain au centre de n",quarantine_2018_collection
UNGA73_General_Debate_2018_statements/UNGA73_General_Debate_2018/malawi__mw_en.pdf,2018,d0181f9ade5edae7e22e3292e7a524c8d37543e5c10a0d570f8aeb640a9bbaab,2017|2018,,,"                   REPUBLIC OF MALAWI


                  STATEMENT

                     BY

   HIS EXCELLENCY PROF. ARTHUR PETER MUTHARIKAÿ
        PRESIDENT OF THE REPUBLIC OF MALAWI

                    AT THE

  GENBRAL DEBATE OF THE 72ÿD SESSION OF THE UNITED
            NATIONS GENERAL ASSEMBLY



            MALAWFS COMMITMENT IN

""FOCUSING ON PEOPLE: STRIVING FOR PEACE AND A DECENT
         LIFE FOR ALL ON A SUSTAINABLE PLANET""


                NEW YORK
                  20 SEPTEMBER 2017
Your Excellency, Mr. Miroslav Lajcak, President of the General Assembly;


 o  Your Excellency, Mr. Antonio Guterres, Secretary General of the United Nations;


 ®  Your Excellencies, Heads of State and Government;


 •  Distinguished Delegates;


 o  Ladies and Gentlemen




     The cause that rallies us together is that we are one humanity, on one planet. This is

the tie that binds us all. And all our differences and national interests are secondary to this

overriding cause.



     The United Nations was founded to safeguard the human race, its human rights, and

its potential. We are here to protect people, their existence and their rights. We are here to

ensure that the potential of every people, everywhere, fully blossoms into flowers of hope. It

is our sacred duty, as a generation, to take actions that offer hope to next generations.



          It is therefore befitting, that this year, we meet to think about focusing on people. For

Africa, we should be focusing on investing in the people if the full potential of African people

is to be realised.



      Unfortunately, there are many outside the African continent who choose to focus on

its socio-political weak",quarantine_2018_collection
UNGA73_General_Debate_2018_statements/UNGA73_General_Debate_2018/malaysia__my_en.pdf,2018,c042d6838bd07a4f2a78319b969ced2aff4c9f157d2154621bbf594bb8369d7b,2017|2018,,,"               MALAYSIA'S STATEMENT


      THE HONOURABLE DATO' SRI ANIFAH AMAN,

      MINISTER OF FOREIGN AFFAIRS OF MALAYSIA

             AT THE GENERAL DEBATE

                    OF THE
72**°SESSION OF THE UNITED NATIONS GENERAL ASSEMBLY
     2000 - 2030 HOURS, FRIDAY, 22 SEPTEMBER 2017,
        GENERAL ASSEMBLY HALL, NEW YORK
Mr. President, Excellencies, Ladles and Gentlemen,


I congratulate you on your appointment as the President of the

Seventy-Second  (72""'') Session of the United Nations General

Assembly (UNGA).


I am confident that under your able stewardship, the General

Assembly, as the main deliberative and policy-making organ of the

United Nations, will see substantial advancement in addressing the

many challenges our Organisation faces today.


I also congratulate His Excellency Mr. Antonio Guterres on his

appointment as the 9""' UN Secretary-General early this year. Your

endeavour to make the United Nations an effective, relevant and

august Organisation, I assure you, has Malaysia's fullest support

and cooperation.
",quarantine_2018_collection
UNGA73_General_Debate_2018_statements/UNGA73_General_Debate_2018/mali__ml_fr.pdf,2018,e3d218c78d0cc065bfc82c692538db46a29736210af58c1255195296c80078cf,2017|2018,,,"      I)US ÿAIIIDÿS UÿIiÿS



   DEBAT Gÿ



                -- 00 --



ALLOCUTIOfl DE S.E.M. IBRAIIIM BOUBACAR I(EITA,
    President de la Republique, Chef de I'Etat





                      NEWYORÿ 19 SEFTEMBR£ 2017
Monsieur le Prdsident de I'Assemblÿe gdndrale ;

Majestds ;

Mesdames, Messieurs les Chefs d'Etat et de Gouvernement ;

Monsieur le Secrdtaire gdndral ;

Mesdames, Messieurs ;

Permettez-moi, tout d'abord, de vous adresser les chaleureuses f61icitations de
la dÿlegation du Mali pour votre brillante ÿlection en qualite de President de la
72eme session ordinaire de I'Assembl6e g6n6rale des Nations Unies et saluer le
travail remarquable abattu par votre prÿd6cesseur, I'Ambassadeur Peter
Thomson.

Qu'il me soit ÿgalement permis de rendre un vibrant hommage au Secrÿtaire
general de notre Organisation commune, mon cher ami Antbnio GUTERRES,
pour son leadership, sa vision et son engagement en faveur des valeurs,
principes et buts des Nations Unies.

Monsieur le Prdsident ;

Le Mali se rejouit du choix du thÿme de la pr6sente session, intitulÿ <, Priorit#
I'ÿtre humain : paix et vie dÿcente pour tous sur une planÿte prÿservÿe ÿ>.
Ce theme est, & la fois, pertinent et d'une actualitÿ brOlante, dans un monde
confrontÿ aux d6fis multiples poses & la paix, & la securite et aux efforts si
importants visant I'amÿlioration des conditions de vie de nos populations. En
effet, la plus haute prioritÿ actuelle de nos efforts communs ne vise-t-elle pas
la preservation efficace de notre planÿte, bien sOr dans notre interet bien
compris, mais plus urgent encore, dans I'intÿr6t de nos futures gÿnÿrations.

Face & ces multiples ddfis qui n'ÿpargnent pas mon pays, le Mali, je n'ai",quarantine_2018_collection
UNGA73_General_Debate_2018_statements/UNGA73_General_Debate_2018/malta__mt_en.pdf,2018,03f4101e616c7bd416207a9f64c74bb53684683c639d6cebf5eb3a6510ba8761,2017|2018,2017,72,"             REPUBLIC OF MALTA


PERMANENT MISSION

     OF THE

REPUBLIC OF MALTA                          Statement by

     TO THE

 UNITED NATIONS

                                  the Honourable Dr. Joseph Muscat

                             Prime Minister of the Republic of Malta





                                        72nd Session of the
                                   United Nations General Assembly




                                           United Nations

                                New York


                                       22nd September 2017

     249 East 35th Street
    New York, N.Y. 10016

     Phone: (212) 725-2345
     Fax: (212) 779-7097
     Emaih malta-un.newyork@gov.mt

                                                               (Check against delivery)
Mr President,


There can be no peace while poverty, especially extreme poverty, still exists.


Peace is not just the absence of war or conflict. It is rather, managing and addressing climate
change, migration, and food and water insecurity.


The UN instrument that weaves the sustainment of peace together with the universal challenges
is Agenda 2030.


On these lines, the Maltese Presidency of the Council of the European Union worked arduously
and successfully with other European Union Member States towards a new European Consensus
on Development, that encompasses the Global Development Agenda through a resolute plan of
action to eradicate poverty.


Never has it been more urgent to preserve humanity's future. Agenda 2030 is the first marker
towards achieving our sustainable development goals. All segments of society need to be on

board for us to deliver such an onerous",quarantine_2018_collection
UNGA73_General_Debate_2018_statements/UNGA73_General_Debate_2018/marshall-islands__mh_en.pdf,2018,7a0110fd1edbd8ae991c467d9f2ec798b3e5a376f9f7f138359a80e0d2b07e72,2017|2018,,,"     PERMANENT MISSION OF THE  EPUBLIC OF THE MARSHALL ISLANDS
                    TO THE JNiTED NATIONS
                                ew :York


                  72ÿa United Nations Ge eral!Assembly - General Debate
                                  Hon, Mr. ÿolm Silk
                            Minister of   reign Affairs & Trade
                             Republic ol the Marshall Islands
                                  23 S ptember 2017
                                   United ]ÿ ations New York


                                                                                       check against delivery

Mr. President, Mr. Secretary-General, Excelle: cies,i Ladies & Gentlemen,

I have the honor to convey the warm greeting of¥okwe on behalf 0fthe government and people of the
Republic of the Marshall Islands.


Mr. President,

I congratulate you on your election, and I  n proud that your predecessor from the Pacific, Peter
Thomson, will continue his service to the UN  s the oceans envoy.

I also extend the condolences of nay govemm mt for the destruction and tragic loss from recent natural
disasters in Mexico, the United States, Pmtigu & Barbuda, Cuba, Haiti, the Bahamas, Dominica, Haiti,
the territories of the US and British Virgin I .andgl Puerto Rico, St. Barth, Amguilla, Turks & Caicos,
and other islands.

Mÿ: President,

The United Nations stands strong as the onl"" place that we - all of us in the world, have to meet our
starkest challenges together. Even if preseni moments in the world appear uncertain, all must remain
confident and committed to ensure this body  ¢ill speak for those who might not otherwise have such a

voice.


Mr, President,

Recent eve",quarantine_2018_collection
UNGA73_General_Debate_2018_statements/UNGA73_General_Debate_2018/mauritania__mr_ar.pdf,2018,9bccfa17f2d07b3eb65701835c4a92a3c86123e4378d7bcaea7a73e814866c49,2017|2018,,,"               wt~Jlt

           ~ mt~,                              .;.v2Jt




         ~~~t        it>J4;'t-lt~)  1IIIldIIl~

          ~t



                If~~

                                     ~lu        ~~,..lt           ~,~t J ~~t"",,...tJjJ,
             ~t~t~t


                                                                  f,L..t

                                                ~tltt                           14Ldt                                                   _,.,..........





--.--             _.._.~-_._----~---_......                               ---------_._-------
                      Permanent Mission ofthe Islamic Republic ofMauritania to the United Nations
                           820 East Second Avenue Suite 17 A New York NY 10017
                                                                                      ~                   E-mail: mauritaniamissionrggmail.com e Tel: 212-252-0113                                                                            Fax: 212-252-0175
'~j~\                          ,~..,.J\ ~~ r~i         i.Aj         yLb:.;.                       1.)1 u1~~
'¥~j..,.J\ ~~)'I ~.)~\                                     ,~j.J\ ~   .llJ ~ ~\                              i.A.J
     .~~\ ~YJ ~W\ ~A?n ~\J ~ill\ ~.JJ~\ ~tbJ\ ~~





                                       ut~) lA$.~~ lA ~ u~j'J ~ ~ ~~\ ~ ue YJC1
            .~W\ ~A'"" ~U\ ojJ.ill ~Wj J~ ~~ ~~ ~





                                        1
",quarantine_2018_collection
UNGA73_General_Debate_2018_statements/UNGA73_General_Debate_2018/mauritius__mu_en.pdf,2018,0d7a255903585570a470be8158099f865f23d6d3b06c25675ee72f9e7b3529b8,2017|2018,2017|2017,,"                                                                                Final





                                                                      vSOIC/
                                         StlVlSQoEMiSri

United Nations General Assembly
         New York

     19 - 25 September 2017





           ********************


          Intervention

 By Hon Pravind Kumar Jugnauth

         Prime Minister



             ****************





  Thursday 21 September 2017
Mr. President,
Secretary-General of the United Nations,
Excellencies,
Distinguished Delegates,

Let me begin by expressing my deepest sympathy and solidarity with the people and

govemment of Mexico following the devastating earthquake which has taken the lives of

hundreds of men, women and children.

Mr. President,
 It is a great honour for meto addressthe United Nations General Assembly for the first
time as the Prime Minister of Mauritius.  I am here today to reaffirm my country's
continued commitment to the universal values ofthisorganization.


Mr. President,

Congratulations on your election as the President ofthe seventy second session of the
General Assembly.  I assure you of our total support as you steer the work of this

assembly.

The six priorities that you have identified under the theme offocusing on people echo

our own aspirations as a nation.

Mr. President,

Warm congratulations to H.E. Mr. Antonio Guterres, on his appointment as the new UN

Secretary-General. I commend him for the multidimensional vision he has for the UN
and for the process he has  initiated on the  repositioning of the  United  Nations

Development System to effectively and efficiently deliver on the 2",quarantine_2018_collection
UNGA73_General_Debate_2018_statements/UNGA73_General_Debate_2018/mexico__mx_es.pdf,2018,2a9fff10a4ae09096e9a0ca7f376cba5eeac8657c42fcbc77b5158df5acf700a,2017|2018,,,"                                                                                    -             I//,





                     Mision Permanente de Mexico
                       ANTE NACIONES UNIDAS


Intervencion del Secretario de Reiaciones Exteriores
                  de Mexico,

                Dr. Luis Videgaray Case



Debate General del Septuageslmo Segundo Periodo
de Sesiones de la Asamblea General de las Naciones
                    Unidas


                                              Nueva York, 21 de septiembre de 2017
                                                                 Cotejar contra lectura
Sehor Presidente,
Excelencias,
Distinguidos Delegados.
Sehoras y sehores.

•  Hoy me presento ante esta Asamblea en un momento duro y doloroso para  Ids
   mexicanos.

•   Nuestra nacion esta herida per Ids embates de la naturaleza. En las ultimas semanas,
   junto con nuestras hermanas naciones del Caribe y los estados de Florida y Texas en
   Estados  Unidos, hemos  sufrido desastres  naturales de gran magnitud que ban
   provocado sufrimiento, destruccion y muerte.

•  Lo mas grave ban sido dos terremotos consecutivos en tan solo 12 dias que ban puesto
    a prueba no solamente nuestra preparacion e  infraestructura, sino nuestra misma
   bumanidad.  El primer terremoto provoco un centenar de muertos y dejo 300  mil
   damnificados. El segundo, ocurrido bace 48 boras, ba causado basta ahora 251 victimas
   mortales, numerosos derrumbes de casas, escuelas, puentes, y miles de beridos en la
   Ciudad de Mexico y otras poblaciones del centro de la Republica.

•  Ante el desastre natural, Senor Presidente, boy me siento mas orgulloso que nunca de
   ser mex",quarantine_2018_collection
UNGA73_General_Debate_2018_statements/UNGA73_General_Debate_2018/micronesia-federated-states__fm_en.pdf,2018,9eec659c336ada5af751656d69de6cbff7fe6845e05ae5359d341b2c11b736df,2017|2018,2017,,"                  Permanent Mission of the Federated States of Micronesia to the UN

                 300 East 42 Street, Suite 1600        Telephone: (212)697-8370
             New York, N.Y. 10017             Facsimile: (212) 697-8295

                     e-mail: fsmun@fsmgov.org            http ://www. fsmgov, org/




Address by Vice President Yosiwo George

before the United Nations General Assembly at its seventy-second session

New York, 23 September 2017                   Check aÿainst delivery




Mr. President,
Mr. Secretary-General,
Excellencies,
Distinguished guests,
Ladies and Gentlemen,


Let me at the outset congratulate you, Mr. President, on assuming your role as presiding officer over
this august body. I also congratulate your predecessor, Ambassador Peter Thomson of Fiji for a job
well done for the past year. I must also mention our distinguished Secretary-General Mr. Antonio
Guterres. In the few months since attaining the leadership of our Organization, he has already shown
himself to be more than equal to the tremendous tasks associated with his high office.


As we gather here today in this great Hall of the United Nations, natural disasters and calamities are
striking in many parts of our world. Hurricanes, typhoons and earthquakes have devastated
communities and displaced thousands of people in just these past few days. To the victims and
families around the world, I offer our sympathies and condolences on behalf of the people and the
Government of the Federated States of Micronesia.


We condemn the loss of innocent lives to terrorist attacks. Micronesia pledges its resolve to stand
united against terrorism in solidarity with affected nations. On",quarantine_2018_collection
UNGA73_General_Debate_2018_statements/UNGA73_General_Debate_2018/monaco__mc_fr.pdf,2018,40b85bdab96785dd78b4d6450bc5775f6d648418a4f2414e415082c4015c841d,2017|2018,2017,,"PRINCIPAUTE DE MONACO





    ALLOCUTION DE SON ALTESSE SERENISSiME LE PRINCE ALBERT ÿ-1 DE MONACO





       Ddbat gdndral de la 72e''e session de l'Assemblde gdndrale des Nations Unies


                     New York, 19 septembre 2017




                                      Seul le prononcd fait foi
 Monsieur le Prdsident de l'Assemblÿe gÿnÿrale,
 Monsieur le Secrÿtalre gÿnÿral,
 Mesdames et Messieurs les Chefs d'Etat et de Gouvememellt,
  Excellences,
 Mesdames et Messieurs,

      Je tiens en premier lieu ÿ vous dire, Monsieur le Prÿsidellt, combien je suis heureux de vous
  voir conduire les travaux de la 72ÿme session de l'Assemblÿe gÿnÿrale des Nations ullies. Nos vceux
 de succÿs vous accompagnent dans cette importante et dÿlicate charge au service de la Communautd
  internationale.

      Sachez que je garde un exce!lent souvenir de la visite officielle que j'ai effectuÿe en
 Slovaquie, en mai demier. A cette occasion]'ai pu apprÿcier votre action et collsolider les bolmes
 relations entre nos deux Etats.

      < La paix doit ÿtre notre -but et notre guide >> mais << sans un environnement sain llous ne
 pouvons mettre fmÿ la pauvretÿ et construire la prospÿritÿ >>.

     Ce sont vos propres roots Monsieur le Secrÿtaire Gÿnÿral, et l'actualitÿ leur donne line
 rÿsonance particuliÿre.

      Force est de constater que la menace d'une escalade nuclÿaire en Asie ll'a jamais ÿtÿ aussi
 grande et cette perspective ne peut laisser aucun dirigeant indiff&ent.

     Conformÿment ÿ ses obligations, Monaco se soumet aux rÿsolutions du C0nseil de sÿcuritd
 adoptÿes sous le Chapitre VII de la Charte.

      Respecter les engagements qui sont ceux de chaqÿe Etat membre e",quarantine_2018_collection
UNGA73_General_Debate_2018_statements/UNGA73_General_Debate_2018/mongolia__mn_en.pdf,2018,407454bd752f24be38074960c3cb54ebfc4a0ad85f5218b6c4e2e5e9c7b7b8a8,2017|2018,,,"

",quarantine_2018_collection
UNGA73_General_Debate_2018_statements/UNGA73_General_Debate_2018/montenegro__me_en.pdf,2018,af775dcc18829177dff7a372b5311f01714874c4865409fa3e90363fee29a832,2017|2018,2017,72|72,"                           Address by HE Mr. Filip Vujanoviÿ
                    at the 72nd Session of the United Nations General Assembly
                     New York City, 20 September 2017


Dear President,
Distinguished Secretary-General,
Excellencies,
Ladies and gentlemen,

It is my pleasure to address you at the 72nd Session of the General Assembly and
reiterate a strong commitment of Montenegro to the values of the United Nations.


As one of the newest members of the United Nations, Montenegro actively contributes to
maintaining peace and security in the region. Good neighbourly relations and regional
cooperation in the Balkans are on the top our foreign policy agenda. We are strongly
committed to multilateral cooperation and affirmation of the international organizations
that contribute to the peace and stability. It is of great importance for Montenegro that it
became the 29th member of the North Atlantic Alliance.


As a member of the Alliance, we will continue to improve its cooperation and
partnership with the UN peace-keeping missions and regional organizations dedicated to
establishing and maintaining the peace and stability. At the same time, Montenegro has
proved to be a reliable partner of the European Union. Accession negotiations have
already ensured significant economic benefits.


International community is faced with the complex challenges such as long-term
conflicts, terrorism and violent extremism, refugee crises, systematic violation of human
rights, poverty. The United Nations, which are established to prevent war and human
suffering, should make more rapid adjustments to respond to these challenges and
adopt new mechanisms to prevent conflict",quarantine_2018_collection
UNGA73_General_Debate_2018_statements/UNGA73_General_Debate_2018/morocco__ma_ar.pdf,2018,d7fb7548d593371df7467948aca59c83d9962ebcb5983848179fe48b19511de2,2017|2018,,,"             OjUaJlj ^jl;Jl Ojij-iJl ji^





5A?SiJl     ^UJl ^*4^ j5)U-Jtj LiUll


       2017    20
                                                    cO^A^i

                                                                      i^\jd\
                                           JAAdJij M^l^iltj        <^lX(^i
                                                 SjUdullj ^^^ilAAll
                                                                                        r'^ \\ i        r**«^ Vji .rtt r^rtj

    AjuaU^ ^£jLaJi3l      ^jaLoll A£1aa11 jaj ^mXj ^£13^1
^la (^jlll JJaaII (J^xib     Lo^  AIjilli A<0^ »nli 6^)   ^    cdjj^t
     .AiaiUj 6jSa 4lji    yic.     ^Rotor THOMSON <a^\ c^^iLa aj

C-^^1 <^1                         U^Vi       Hoc.J JJLaij
^jlxtiiia^lj 4jmlj>iill CjVI^^I      l^loc. ClU] djjjajj SJIsLLaII       AaIsIa
J|jj*j ^1JJ Ij^ >11 l^lLujajV      La^j                   (JjaLoil      A^Xoli A-llftVlj
                          .1^1^ ^   l(;jlr> (j^jaMololl           ^>^1

l^A.jiiai        (jj^)Jall ^JajlaJ          A^IaaII S^Luia (jc. AS       La£
(3,^>lallj            (JabJ A^la^l A-LluIa^^^Ij AiaLui^1 CA^I  (Jj*i3 U^J?'    <
Ajjla^A        (JjinTlj i^^ijluiAll AjaHII         cAjUjj               j  tAjALull
                                               .vUJ^l
                                                                                            ilUdull
(^^jjjuaAll  \il<<ir..  ^jjdLutl          ^1     ULila^LaA              IjaIIc- ^mi* i
^Lua^Luall            tA^ljJxuAll  AjaJjII  (jaaaj      AIIaIaII Aa!.^!^
AilU Aj^ cs^         (3''0                            (j:JJ l>®J .(jALuiajllj (jjlsull
                                              ;A^Vl

  ",quarantine_2018_collection
UNGA73_General_Debate_2018_statements/UNGA73_General_Debate_2018/mozambique__mz_en.pdf,2018,240fa3594803d9a9992f3d1ea37c1b536992a19156990c801f4e92da850ab7d7,2017|2018,2017,72|72|72,"                                    Check against delivecv





                  Statement

                 by

       His Excellency Ant6nio Gumende

Permanent Representative of Mozambique to the

               United Nations



           at the Genera! Debate of the

   72nd Session of the United Nations General

                Assembly



           On the theme


            ""Focusing on People:
     Striding forpeace and decent bye for all
          on a sustainable planet""





             New YoJ:k, 25 September 2017
Mr. President
Mr. Secretary-General
Excellencies
Ladies and Gentlemen

I have the honour to address the 72nd session of the United Nations General Assembly, on behalf
of His Excellency Filipe Jacinto Nyusi, President of the Republic of Mozambique, who could not
attend this august gathering due to other commitments at home. Therefore, allow me to start by
conveying President's Nyusi good wishes for a successful session of this highest forum for global
political and diplomatic dialogue - the United Nations General Assembly.

I would like to seize this opportunity to join the speakers before me, in congratulating His
Excellency Miroslav Lajcfik, for his unanimous election to preside over the 72nd session of the
United Nations General Assembly.

I assure you, Mr. President, the full commitment of Mozambique to contribute towards the
realization of the goals we all envisage for this important session. We trust that your crafted
leadership and diplomatic experience will add value to our endeavours and contribute for the
success of the work of this session.

I equally congratulate your predecessor, His Excellency Peter Thomson, of Fij i, for his steward",quarantine_2018_collection
UNGA73_General_Debate_2018_statements/UNGA73_General_Debate_2018/myanmar__mm_en.pdf,2018,2aa192187cd141ed695f226601c233b5cacead2f59e34caa58d58ab81bcac39b,2017|2018,2017|2017,,"             R




                                                                                                                                                                                                                                                                                                                                                          I
                                                                                                                                                                                                                                                                                                          i
                                           Please check against delivery



                   Statement by



          His Excellency U Henry Van Thio,



                  Vice-President of



        the Republic of the Union of Myanmar,



                 at the General Debate of



the 72na Session of the United Nations General Assembly





            New York, 20 September 2017





  PERMANENT MÿSSION OF THE REPUBLIC OF THE UNÿ[ON OF MYANMAR TO THE UNtTED NAT1ONS
       10 EAST 77TH STREET, NEW YORK, N?S. 10075 ÷ TEL, (212) 744J 271 e FAN (2!2) 744-1290
       Statement by His Excellency U Henry Van Thio, Vice-President of
         the Republic of the Union of Myanmar, at the General Debate of
             the 72na Session of the United Nations General Assembly
                     (New York, 20 September 2017)





Mr President,

          I would like to extend our congratulations to you on your election as President
of the 72na Session of the United Nations General Assembly. We are confident that

under ",quarantine_2018_collection
UNGA73_General_Debate_2018_statements/UNGA73_General_Debate_2018/namibia__na_en.pdf,2018,b0f53eaa450465997ca4b36afb18fe914bf9add22a60f9dad9075b3df7cd43be,2017|2018,,72,"........... RE PUBLIC OF-NAMIBIA ÿ  .............





       STATEMENT BY H.E. DR. HAGE G. GEINGOB,
    PRESIDENT OF THE REPUBLIC OF NAMIBIA AT THE
     GENERAL DEBATE OF THE 72na SESSION OF THE
         UNITED NATIONS GENERAL ASSEMBLY



    SEPTEMBER 20, 2017            NEW YORK


                                             (Check Against Delivery)
Mr. MiroslavLajÿfik, President of the 72rid Session of the UNGenera|  ......... ÿ  ...................
Assembly,

Your Excellencies, Heads of State and Government,

Mr. Ant6nio Guterres, Secretary-General of the United Nations,
Fellow Delegates, Ladies and Gentlemen

Mr. President, yesterday you made a profound statement in saying,
""The UN was created for people. Its job is to help people who are striving for peace
and a decent life, on a sustainable planet"".


Namibia congratulates you on your election as President of the 72nd Session of
this Assembly. We pledge our full support to advancing a people-centered
approach to doing business in the United Nations. We also commend His

Excellency Peter Thomson, for his excellent stewardship during his tenure as
President of the General Assembly.


Your Excellency Secretary General, Yesterday, you stressed your commitment
towards global unity and multilateralism by saying, ""We call ourselves the

international community. We must act as one, because only together, as United
Nations, can we fulfill the promise of the Charter and advance human dignity for
all"". As the people of Namibia, we will do everything within our capabilities to

support your noble cause during your tenure as Secretary General of this
organization.

We also congratulate Madam Amina Mohamed, a daughter of Africa",quarantine_2018_collection
UNGA73_General_Debate_2018_statements/UNGA73_General_Debate_2018/nauru__nr_en.pdf,2018,f006741f120d2eaff2dc5112377db8b8a564af1dcb37024b1b53f1b22095537f,2017|2018,2017,,"   Statement by His Excellency President Baron Divavesi Waqa
            72nd United Nations General Assembly
              Wednesday 20th September 2017


Thank you, Mr. President,

It is an honor to be here for the opening of 72na session of the
United Nations General Assembly. On behalf of the Republic of
Nauru, I would like to congratulate His Excellency Foreign
Minister Miroslav Laj(fik his recent assumption of the Presidency
of the General Assembly. Please be assured of my delegation's full
support and cooperation as you steer the work of this august body
during this critical session.

I would also like to thank His Excellency Mr. Peter Thompson for
his exceptional work as our outgoing President.

At this juncture, I would like to take this opportunity to express our
deepest sorrows and condolences to our brothers and sisters who
have suffered so much by the series of hurricanes, in the Caribbean
and the United States, and to our brothers and sisters in Mexico for
the devastating earthquakes. Your suffering and grief is shared by
us all and we pray that God will be your strength and great
provider during your recovery efforts.
 Mr. President,

The Government of Nauru shares your view that the full
 implementation of the Sustainable Development Goals must be at
the center of our work in the coming year. The 2030 Agenda is a
 universal agreement, representing our collective priorities, from
the largest to the smallest nations among us. Bringing that same
approach to our implementation effort is the only way to ensure
 that no country is left behind.

You will recall the five words that guided our work on the SDGs:
People, Planet, Prosperity, Peace, and Partnership, wh",quarantine_2018_collection
UNGA73_General_Debate_2018_statements/UNGA73_General_Debate_2018/nepal__np_en.pdf,2018,e7490d5580fd3116b652055caf88289ca4a88f3c44de5e05394977f3f1c24c0c,2017|2018,2017,72,"Statement by The Right Honorable Sher Bahadur Deuba, Prime Minister and the Leader of Nepali
             Delegation to the 72nd Session of United Nations General Assembly

                      New York, 23 September 2017


Mr. President,

I bring warm greetings from the people and Government of Nepal, the land of Lord Buddha and
Mount Everest, to the delegates and best wishes for the success of this session.

I congratulate you, Mr. President, on your election to the presidency of the seventy-second session
of the UN General  Assembly.   I pledge  full  support  in the  discharge  of your important
responsibilities.

I also wish to place on record our appreciation to your predecessor, Ambassador Peter Thompson
of Fiji, for his sterling leadership.

I warmly congratulate His Excellency Antonio Guterres, on his appointment as the Secretary
General of the United Nations. With his experience, vision and versatility across a wide range of
areas, we are assured of his wise leadership of the organization in this challenging time. We extend
best wishes and full support to him, including on his reform efforts to make our organization fit-for-
purpose.

I also commend his predecessor Ban-ki Moon for his dynamic leadership of the organization.

Mr. President,

It has been almost two decades since I first addressed from this podium.

In decades that followed, the world has witnessed profound transformation. While there are some
notable achievements in poverty reduction, school enrollment, gender equality and combatting
communicable diseases, it is not without multiple and complex challenges.

The world has become more inter-dependent, and better connected. Growing interdependence
a",quarantine_2018_collection
UNGA73_General_Debate_2018_statements/UNGA73_General_Debate_2018/netherlands__nl_en.pdf,2018,a52dfa96e5e6d505570e90cbeda9cca88514ce889d9b21c5526d849150f2be63,2017|2018,2017,,"                                                       /





                                                 [under embargo until delivery,

                                            check against delivery]





              General Assembly

           Seventy- second session





Speech by the Prime Minister of the Netherlands,

         His Excellency Mr. Mark Rutte .

  on behalf of the Kingdom of the Netherlands





       New York, 20 September 2017
Mr President,

Mr Secretary-General,

Your Excellencies,

fellow delegates,

ladies and gentlemen,




Every era, every decade has its problems, great and small. The problems we face now seem

overwhelming. These days, many people worry about the future. And that's understandable.

The last few years have been marked by terrorist attacks all over the world. In countries like

Myanmar, Syria, the Central African Republic and Yemen, the population is suffering as a

result of wars and conflicts. More and more people are fleeing their homes because of      --

violence, scarcity or poverty, leaving behind everything they have. Only recently, floods

claimed lives in the United States and Asia, and hurricane Irma has left a trail of destruction

in its wake, including in the Caribbean part of the Kingdom of the Netherlands. Nuclear

issues are once again a major concern, and geopolitical tensions are increasing. That is the

picture today. But if you take a long-term perspective - and as a historian, I like to do that -

there are grounds for optimism.


This Building here in New York- UNHQ -is concrete proof that progress is possible. Here in

this inviolable international zone, thousands of people from every continen",quarantine_2018_collection
UNGA73_General_Debate_2018_statements/UNGA73_General_Debate_2018/new-zealand__nz_en.pdf,2018,b00a8f3f4a6e7cfdffcdf7844d5c57efbfcb522cfd4b9c3162c87a8c5dc6a245,2017|2018,2017,,"                         UNCLASSIFIED





UNGA 72: New Zealand National Statement



                    Delivered by Craig Hawke,
  Permanent Representative of New Zealand to the United Nations



                   25 September 2017





                         UNCLASSIFIED
                              UNCLASSIFIED



                                     Page 1 of 7

UNGA 72: New Zealand National Statement

Mr President,

There is no greater demonstration of the United Nations’s ability to bring the world

together than the opening on the General Assembly.


The breadth of issues which are discussed in this Hall is immense. Often there are

as many points of view as there are Member States.  But ultimately we as an

Organization share the common goal of making the world more peaceful, and

improving the lives of all of our peoples.


New Zealand is around a thousand kilometres away from our nearest neighbour in

the Pacific, but our international connections are an intrinsic part of our identity and

the foundation of our prosperity. We are an outward looking nation that relies on

global stability for our trade and the safety of our people.


As a founding member of the United Nations, New Zealand has always supported the

UN’s  leading  role  in a  multilateral system which  fosters  positive  international

relations.


Given significant ongoing challenges to international peace and security, the UN’s

role in preventing and resolving conflict is as relevant now as ever.


Amongst these challenges, North Korea presents some of the most pressing threats

to international security of our time.


The North Korean regime has consistently disregarded Security Council r",quarantine_2018_collection
UNGA73_General_Debate_2018_statements/UNGA73_General_Debate_2018/nicaragua__ni_en.pdf,2018,b5b5bead6eaf21eb8cf0304e1b9fa9fa547513202ffe3090a38207fcae02cc8c,2017|2018,,,"

",quarantine_2018_collection
UNGA73_General_Debate_2018_statements/UNGA73_General_Debate_2018/nicaragua__ni_es.pdf,2018,be831690e05c7d0a28f796c896278f68d1c22deb1014a933bd2b0c6cfe168585,2017|2018,,,"

",quarantine_2018_collection
UNGA73_General_Debate_2018_statements/UNGA73_General_Debate_2018/niger__ne_fr.pdf,2018,128c73d373ff19aa0bf305f1909c1ea36d2536b74b8ecea1b1e1eeed61c86752,2017|2018,,72|72,"                   MISSION PERMANENTE DU NIGER
                  AUPRES DES NATIONS UNIES
               417 EAST 50TH STREET, NEW YORK, NY 10022
                       Tél: (212)421-3260/61/86 Fax: (212)753-6931
                             Email: nigermission@ymail.com





        DISCOURS DE SEM IBRAHIM YACOUBOU,

MINISTRE DES AFFAIRES ETRANGERES, DE LA COOPERATION,

           DE L’INTEGRATION AFRICAINE

            ET DES NIGERIENS A L’EXTERIEUR

  A L’OCCASION DE LA 72ème SESSION DE L’ASSEMBLEE

           GENERALE DES NATIONS UNIES





               NEW YORK



                 23 SEPTEMBRE 2017





                                                               1 | P a g e
Mesdames, Messieurs les Chefs d’Etat et de Gouvernement,

Monsieur le Président,

Monsieur le Secrétaire Général,

Mesdames et Messieurs,

Permettez-moi avant tout propos d’adresser au Président de la 72ème session de l’Assemblée
Générale des Nations Unies, Monsieur MIROSLAV LAJCAK mes sincères félicitations, ainsi que
tous mes vœux de réussite.

Je voudrais aussi féliciter le nouveau Secrétaire Général de l’ONU, Monsieur ANTONIO
GUTERRES, et lui souhaiter plein succès dans sa mission. Le Niger l’assure de tout son soutien.

Monsieur le Président

La présente session se tient dans un contexte particulier marqué par la dégradation de la
situation sécuritaire pour certains d'entre nous et tout récemment par les destructions
occasionnées par les cyclones dans d'autres Etats membres.

A ces pays affectés, je voudrais réitérer ici notre solidarité et notre compassion. Pour ceux qui
auraient eu la faiblesse de l'oublier ou de le négliger, la nature nous a rappelé qu'elle pouvait
souvent être indomp",quarantine_2018_collection
UNGA73_General_Debate_2018_statements/UNGA73_General_Debate_2018/nigeria__ng_en.pdf,2018,083fd55f5a889f26e9820e6e602bed95db91a83dabb589629a311fbc51917bd7,2017|2018,2017,,"                STATEMENT




                DELIVERED BY



      HIS EXCELLENCY MUHAMMADU BUHARI,

 PRESIDENT OF THE FEDERAL REPUBLIC OF NIGERIA



                 AT



     THE GENERAL DEBATE OF THE 72No SESSION OF

 UNITED NATIONS GENERAL ASSEMBLY, IN NEW YORK,


                ON



           TUESDAY, 19 SEPTEMBER 2017





Sfafemenf by Presidenf Muhammadu Buhari af fhe General Debafe oF fhe 72na Session oF

                Unifed Nafions General Assembly, 19th Sepfember 2017.
 >Mr. President,


   Fellow Heads of State and Government,


 >Mr. Secretary-General,


 >Distinguished Delegates,


   Ladies and Gentlemen,





Statement by President Muhammadu Buhari at the General Debate of the 72ÿd Session

               of United Nations General Assembly, 19ÿh September 2017.
",quarantine_2018_collection
UNGA73_General_Debate_2018_statements/UNGA73_General_Debate_2018/norway__no_en.pdf,2018,a4a95c954150c96aebb92e401612068235ed0650afef1560fcc212a0e26f6106,2017|2018,2017,,"                   6enerai Assembly
                     Seuentg-second session

                       25 September 2017

                     6eneral Debate

                   Statement by H.E. Tore Hattrem
            Ambassador and Permanent Representatiue




President, Excellencies, ladies and gentlemen,



The world has experienced unprecedented progress during the last decades. Extreme

poverty has been more than halved. People live longer, child mortality rates are falling, and

more girls attend school than ever before. Global political cooperation, trade, and common

'rules of the road' have brought us to where we are today.



That said, the progress we have made cannot be taken for granted. We must defend what

we have achieved while working together to ensure sustainability in all we do.



I would like to highlight four crucial building blocks for a sustainable future:

    1) Our core interests are common, and we can achieve more when we act together.


   2) There can be no security without development, and no development without security.

     The first universal roadmap for development, the 2030 Agenda for Sustainable

      Development, is premised on this holistic perspective

                         (Check against delivery)


            Permanent Mission of Norway to the United Nations, 825 Third Avenue, New York, NY 1oo22.
                         Phone: (212) 421-o828 Fax: (212) 688-0554 www.norway-un.org
3) Our security and welfare depend on our ability to uphold international law. Good global

and national governance and the rule of law are decisive for sustainable development.



4) Protectionism and isolationism will reverse our common deve",quarantine_2018_collection
UNGA73_General_Debate_2018_statements/UNGA73_General_Debate_2018/oman__om_ar.pdf,2018,fb1ed0b809afd076fdd0c985dc73d1cb45718dc90ddf777eb2696c5d5bd55be5,2017|2018,,,"SidMtuite 0^ OfHOft                             l)


             A^

                         (^La& A'^lUti




                                                                \ 3 \i\\

                  C^ ^1jlc. ^  i-iuijj

          4^jlaJl 0J>ui21 Cf"" Jj>-^1

          ^liui i^jjj ^  s.wirtM      ^ixlt Ajxa^i ^LaI





                            o  V      Yr





                   Permanent Mission ofthe Sultanate ofOman to the United Nations
 3 Dag Hammarskjold Plaza 305East 47''Slivci, if Floor. New York, NY 10017 Tel: (212) 355-3505 Fax: (212) 644-0070
                                ^                      ^  UI UuLj

4Jj    CP^3 tSiWirt^i       4^1x11 Aj3L4x11 (^jjsujjAS^j A^l^l SjjiU Lumj ^^jlxiuV t^l^Jill

diA  jLaC-i                  J^Vl       I4J cxA^                J-a*ii Jl^-a ^       0^

aASj^I    ^:Ui^ 6-  ((^j^3AjuL4,32a jj^         t^SiluiJ              (2)^ Ujaau LaS ,Sjj.^t

^yabU ^Ui) AjX-AXhU (^)J3UAJuilj AjJI^I 5JJ.^ A^AdtfUj SJjd fLui JJ^iX (3^ 4j^ La ^^IC' JjiBiUlj

                                                                                                 .3.1x14])

Lalfi' lliai AjIxHjV           j^jlaj) (^Lla ^j Aiigl)) Cj)jl^        ^jSlu (j) b] uulsj La^

Ajlalui J)J*luij AJ         cA^LmJI Adftl^ ^ ^L^ij ^j^j!l]) (JS AJ         (dixlo])

(3^V) iaix )^ Uil^rt    Ai^i dbUi) (JjIxj] fLua&V) Jj^i jjLui      Ajla (2jjbl]) (^LtL




                                                                      iOi^j])

A^Loaji]) uullb Ajjaj^I (2)bjV       bijl£j bjLuaxj l^l^j CjjitJj) tijLyill cltjLiax])  (2)!

            4^_^,Ak])j ^jJLo]) JJl^ij (jSjUjIIj (^jjLui] ^Jl^ij ^)    A£>ja:^ Ci^j\ ^)
",quarantine_2018_collection
UNGA73_General_Debate_2018_statements/UNGA73_General_Debate_2018/oman__om_en.pdf,2018,76c00a51f19880a739ab7c116ce061ae1f90a3e79763c3a136e3a0a9c09e3ff0,2017|2018,,72,"               STATEMENT

                   OF

          THE SULTANATE OF OMAN

              DELEVERED BY



     H.E.MR. YOUSEF BIN ALAWI BIN ABDULLAH

   MINISTER RESPONSIBLE FOR FOREIGN AFFAIRS



                  AT THE

     GENERAL DEBATE OF THE 72^"" SESSION

   OF THE UNITED NATIONS GENERAL ASSEMBLY


       NEW YORK, 23*^ SEPTEMBER2017





   PLEASE CHECK AGAINST DELEVERY           UNOFFICIAL TRANSLATION




                  Permanent Mission ofthe Sultanate ofOman to the United Nations
3 Dag llammarskjdtd Plaza 305 East 4T''Street, iT Floor. New York. NY10011 Tel: (212)355-3505 fax: (212)644-0070
Mr. President,

We would  like  at the outset to congratulate you and your
friendly  country, the Slovak  Republic, on  your  election  as
                           nH
President of the 72  Session of the United Nations' General
Assembly.

We are confident that your vast experience and competence
will enable you to steer the work of this session to a successful
conclusion.

We are also delighted to express our appreciation to your
predecessor Peter Thompson of the Republic of  Fiji for the
commendable efforts he has exerted during his presidency of
the 71^* session ofthe United Nations General Assembly.
It is also our pleasure to congratulate HE Antonio Guterres on
his election as Secretary General of the United Nations, wishing
him all success in his noble tasks. We would also like to assure
him of the Sultanate of Oman readiness to cooperate with him,
and with  all members of the United Nations, to achieve the
noble goals and objectives, at the forefront of which  is the
maintenance of international peace and security.



Mr. President

Earlier civilizations flou",quarantine_2018_collection
UNGA73_General_Debate_2018_statements/UNGA73_General_Debate_2018/pakistan__pk_en.pdf,2018,5c03d8d40899b4ddda93ea0b275872aa49c97bb1d63193023c75e6547070cafd,2017|2018,2017,72|72,"               Statement by His Excellency Mr. Shahid Khaqan Abbasi,
   Prime Minister of the Islamic Republic of Pakistan, at the General Debate of the 72nd
                          Session of the UN General Assembly
                               21 September 2017

Mr. President,
Excellencies,
Distinguished delegates,
Ladies and Gentlemen

       Let me first congratulate Mr. Miroslav Lajcak on his election as the President of the 72nd
session of the General Assembly. I am confident that his long experience in public service and
international relations will be an asset in successfully guiding this august Assembly to address
the imposing challenges of security, development and governance that confront the world today.

Mr. President,

       For over 70 years – despite the Cold War, the nuclear arms race and scores of regional
conflicts – our world was able to avoid a global conflagration. This can be ascribed in large
measure to the adherence by most States to the prohibition of the use or threat of use of force
except under the authority of the UN Charter.

       Unfortunately, the principles of the UN Charter have been progressively eroded in the
new millennium. In recent years some countries have displayed a growing proclivity to resort to
unilateral force and intervention against other States. Coercion and threats have emerged again as
the main currency in the management of inter-state disputes and differences.

      Renewed East-West tensions may engulf Europe in another Cold War. Peace and
prosperity in Asia is threatened by emerging big power friction and rising tensions in South, East
and West Asia.

      The Middle East is wracked by war and violence – in S",quarantine_2018_collection
UNGA73_General_Debate_2018_statements/UNGA73_General_Debate_2018/palau__pw_en.pdf,2018,57a4d170bbe1c0c8a8bb667a3ad6dc56fad35a8119ffc6585e35d6387f23b8b1,2017|2018,2017,72|72,"                               CHECK AGAINST DELIVERY





              Remarks by His Excellency Tommy E. Remengesau, Jr.
                           President of the Republic of Palau
       General Debate of the 72nd Session of the United Nations General Assembly
                          21 September 2017, New York

Mr. President, Mr. Secretary-General, Excellencies, Ladies and Gentlemen:

Let me first congratulate your Excellency, Miroslav Lajcak, for your election to lead our work in
the 72st session.  I would also like to thank His Excellency Peter Thompson for his exceptional
service during his recently completed term.

At the outset, the People of Palau extend our deepest condolences to those who have had their
lives devastated by the recent spate of hurricanes, typhoons, earthquakes and other natural
disasters across Asia and the Americas. We must not forget that many do not have the resources
necessary to rebuild.  The international community must work harder to ensure they are not
abandoned.

These record breaking storms are a harbinger of worse to come on a hotter planet. Palau and the
Pacific have experienced firsthand the impact of climate extremes.  For us, these super-storms
are akin to ticking time bombs. No one knows when or where the next one will detonate, but we
are keenly aware that it can wipe out years of progress in the span of hours.

Mr. President, your clear determination to focus future efforts on conflict prevention, peace,
migration and a decent life for all on a sustainable planet is certainly timely and well attuned to
the realities of our generation.  In fact, your attention to these very different, yet related issues,
demonstrates a cle",quarantine_2018_collection
UNGA73_General_Debate_2018_statements/UNGA73_General_Debate_2018/palestine-state__ps_ar.pdf,2018,d55f57c4f9cbc64315bb8663c985e1d856c9afb9cc8fd34c6c8c32afc05db9f1,2017|2018,,,"

",quarantine_2018_collection
UNGA73_General_Debate_2018_statements/UNGA73_General_Debate_2018/palestine-state__ps_en.pdf,2018,0d6a1e890975588edd1e08e8a88824e61404272fff654eeed7627005facb06f1,2017|2018,,,"

",quarantine_2018_collection
UNGA73_General_Debate_2018_statements/UNGA73_General_Debate_2018/panama__pa_es.pdf,2018,46635ae0a676efa1192fd40e488150569c65ef7cb36c2415127ad8db1d970f15,2017|2018,,,"PALABRAS DEL  PRESIDENTE JUAN CARLOS
VARELA R. ANTE LA ASAMBLEA GENERAL DE
LAS NACIONES UNIDAS. NUEVA YORK, SALÓN DE
LA ASAMBLEA, 20 DE SEPTIEMBRE DE 2017.


Inicio  mis  palabras  extendiendo  mis  condolencias  y

solidaridad al pueblo y gobierno de México por las víctimas

del terremoto que ocurrió el día de ayer, de igual forma a los

de Cuba, Estados Unidos y los países del Caribe por las

muertes y los cuantiosos daños materiales que dejó el paso

de los huracanes Irma y Harvey y los que está causando el

Huracán  María  en  estos  momentos,  especialmente  a

Dominica, nuestras oraciones están con las víctimas y sus

familiares.





                                                                                               1
Estos desastres naturales nos dejan el claro mensaje de que

es necesario seguir construyendo puentes de solidaridad y

que las capacidades de protección y seguridad de nuestros

países deben ser utilizadas sólo para ayudarnos los unos a los

otros y no para enfrentarnos.


Señor Presidente, Miroslav Lajčák, quiero felicitarlo por

su elección para dirigir los debates de esta sesión de la

Asamblea General de las Naciones Unidas.


Extiendo un saludo al Señor Secretario General, António

Guterres, reciba mi compromiso como Presidente de  la

República de Panamá, el apoyo de mi gobierno y de mi país.


Desde esta tribuna, con respeto y cariño, envío un caluroso

saludo al Pueblo panameño que me dio la oportunidad de

servirle.



                                                                                               2
",quarantine_2018_collection
UNGA73_General_Debate_2018_statements/UNGA73_General_Debate_2018/papua-new-guinea__pg_en.pdf,2018,1cce3644696230bc16378175831a62c076af7c60223d8ed8b7f7b228413935ab,2017|2018,2017,,"             Speech
                by

      Hon. Peter O’Neill CMG MP
           Prime Minister



Seventy-Second General Debate Session
of the United Nations General Assembly



         23 September 2017





                                                     (Page 1 of 6)
    •  Your Excellency Mr Miroslav Lajcak, President of the General Assembly;

    •  Mr Secretary-General of the United Nations;

    •  Excellences and distinguished delegates.

I am honoured, on behalf of the government and people of Papua New Guinea to
address the Assembly today.

Mr President,

I am pleased  to convey my country’s appreciation  to the outgoing General
Assembly President, His Excellency, Ambassador Peter Thomson of Fiji for his
outstanding Presidency this past year.

Now, as you assume your mandate, Mr President, Papua New Guinea welcomes
and congratulates you and the Republic of Slovakia on your election.

I pledge Papua New Guinea’s support for your Presidency under the areas of
priority you have chosen.

Mr President,

I would like to also welcome and extend our best wishes for every success to His
Excellency, Antonio Guterres, Secretary-General of the United Nations in his new,
demanding and vital role.

Secretary-General, it is heartening to note your passion and drive to transform the
UN.

This body must better serve the international community  in an accountable,
transparent, inclusive and fair manner.

For this, you have Papua New Guinea's strong support.

Let me also pay tribute to the former Secretary-General, Ban Ki-moon for the
outstanding work during his tenure.

Mr President,

Our world continues to be confronted by unprecedented and multiple challenges -
that ar",quarantine_2018_collection
UNGA73_General_Debate_2018_statements/UNGA73_General_Debate_2018/paraguay__py_es.pdf,2018,c7fb07a8c5c66ea286ce652453965464063e9c8d87f18d0c6d06cec816625bf9,2017|2018,2017,,"    Intervención en nombre de la República del Paraguay

Debate General del Septuagésimo Segundo Período de Sesiones
       de la Asamblea General de las Naciones Unidas

 Excelentísimo Señor Presidente de la República del Paraguay

              Don Horacio Cartes

                Nueva York, 20 de septiembre de 2017

                                                                                             (Por favor verificar contra lectura)


       Statement on behalf of the Republic of Paraguay

   General Debate of the Seventy Second Period of Session
            of the United Nations General Assembly

 His Most Excellent, the President of the Republic of Paraguay

                Mr. Horacio Cartes

                 New York, 20 September 2017
                                                                                                        (Please check against delivery)
Señor Presidente,
En nombre del pueblo y del Gobierno del Paraguay, hago votos para que su digna presidencia de ésta
Asamblea General, contribuya al éxito de la misma y al cumplimiento de los fines de las Naciones Unidas.
Tras cumplir cuatro años al frente del Gobierno de la República del Paraguay, tengo el honor de participar de
ésta magna Asamblea, con el ánimo fortalecido de contribuir en la construcción de un orden mundial, regido
por los principios de la justicia, la paz y la solidaridad entre las naciones, en un marco de vigencia efectiva
de los derechos humanos, la institucionalidad y el Estado de Derecho.
Debemos persistir en nuestros esfuerzos por encontrar un razonable balance entre los intereses de todos los
Estados. Y construir un orden mundial democrático y equitativo, desarro",quarantine_2018_collection
UNGA73_General_Debate_2018_statements/UNGA73_General_Debate_2018/peru__pe_es.pdf,2018,e948949c16266ba04647dd0e8b387118d22bd75825e546c3dbff46fb19f5fc80,2017|2018,,,"         Mÿ6n Pcÿanente dclPcrÿ
            ante las Nacioncs Unidas


                    (verificar con palabras del orador)

       PERUf



   intervenci6n deÿ Embajador Gustavo Meza-Cuadra,

Representante Permanente de la RepQblica dei PerQ, en

   em debate general dei 72° periodo de sesiones

   de Ra Asambÿea Generaÿ de mas Naciones Unidas





       Nueva York, 25 de septiembre de 2017
Sefior Presidente:

1. Es un honor dirigirme a esta Asamblea General, felicitarlo por
  su designaci6n, y expresarle nuestra disposici6n a contribuir
  con el exito de su gesti6n.

2. Deseo resaltar, en primer termino, el compromiso del PerQ con
   la Carta de las Naciones Unidas; con la paz y seguridad
  internacionales, el desarrollo sostenible y los derechos
  humanos; asi como con el Iogro de la paz sostenible. Para ello
  necesitamos fortalecer el multilateralismo, el dialogo y la
  cooperaci6n.

3. Para el PerQ, la Organizaci6n de las Naciones Unidas es
  fundamental para construir un futuro pacifico y sostenible,
  enfrentando desafios globales como el cambio climatico, el
   terrorismo o la gran corrupci6n, y fortaleciendo la gobernanza
  internacional con miras a alcanzar una globalizaci6n mas
  humana, abierta e inclusiva.

4. El PerQ se prepara para ser miembro no permanente del
  Consejo de Seguridad durante el bienio 2018-2019. Nuestra
  vocacion de paz y respeto por el derecho internacional, la
   eficiencia de la seguridad colectiva y el apego a la soluci6n
   pacifica de controversias, seran los principios rectores de
   nuestra acci6n.

5. Somos un pals en desarrollo que ha sufrido el terrorismo, y un
  firme defensor de los derechos humanos, y promotor de la
  de",quarantine_2018_collection
UNGA73_General_Debate_2018_statements/UNGA73_General_Debate_2018/philippines__ph_en.pdf,2018,c733f3c574714c28b0dcccb043c7434a488cd6f9c7b3a50c0bd418d2acc41ea0,2017|2018,2017,,"                                                                  Check Against Delivery





                STATEMENT OF
       SECRETARY ALAN PETER S. CAYETANO
                    AT THE
         72ND SESSION OF THE GENERAL DEBATE
         OF THE UN GENERAL ASSEMBLY
                  23 September 2017


Blessed are the peacemakers for they shall be called children
of GOD. Matthew 5:9


Mr. President, Excellencies,

The path to peace must be walked with patience. To achieve any
purpose with others—be they powers or people, patience  is
needed. The opposite of patience is impatience—the cause and
aggravation of conflict.

Someone said that “Talk, talk is better than war, war.” Listening is
even better than talking. We must listen to others more than we
listen to ourselves. Hopefully we know what we are talking about.
But others may know what we do not. We can learn only  if we
stop talking, and listen.

We may think we know how others can do things better than
they’ve done  it. Maybe our way is more efficient. But the time
gained by that efficiency will be time lost convincing others that
our way is better, rather than a compromise between our way and
theirs.


Real change in the world order necessitates cooperation. Nothing
affecting  others  can  be  undertaken  without   their   willing
involvement, without getting their agreement on the purpose and
manner of it. Achieving a shared purpose beyond any single one’s
ability requires cooperation.


But how else can we get cooperation  if not with the patience to
explain why it is needed—and the equal patience to listen.


This is why we have the United Nations, the largest cooperative
endeavor in human history. We use the",quarantine_2018_collection
UNGA73_General_Debate_2018_statements/UNGA73_General_Debate_2018/poland__pl_en.pdf,2018,41758b2d0182661aa2f74eb29e43e3592afae647cacf488b8e12c4f969541282,2017|2018,,72|72,"      REPUBLIC OF POLAND
       PERMANENT MISSION TO THE UNITED NATIONS



750 THIRD AVENUE, NEW YORK, NY 10017                  TEL. (212) 744-2506

                                          Cheek against deliverÿ





              STATEMENT BY


           H. Eo ANDRZEJ D UDA


   PRESIDENT OF THE REPUBLIC OF POLAND





    GENERAL DEBATE OF THE SEVENTY-SECOND SESSION
            OF THE GENERAL ASSEMBLY





         NEW YORK, 19TM SEPTEMBER 2017
                    Address by President of the Republic of Poland

                                   Mr. Andrzej Duda

              General debate, the 72nd session of the UN General Assembly




Excellencies,

Distinguished Delegates,

I wish to congratulate Mr. Miroslav Lajÿak, the Chairman of the 72nd Session of the UN General
Assembly, on his election to this honourable function. I wish to assure you, Sir, about my
country's full support for the measures you will take. At the same time, I wish to express my
gratitude to Mr. Peter Thomson for his active chairmanship over the 71st Session of the UN
General Assembly.

Ladies and Gentlemen!

The basic goals pursued by the international community, and by the same token, the
foundations of the United Nations system, are SUSTAINABLE DEVELOPMENT, ENSURING PEACE
AND SECURITY as well as PROTECTION OF HUMAN RIGHTS.

I was therefore truly satisfied to learn that the guiding motto of this year's session is the focus
on human needs. Too often in global politics have we devoted too much time and attention to
big models and economic or social systems, forgetting at the same time that politics and
economy are, as a matter of fact, human matters. The loss of human focus automatically
re",quarantine_2018_collection
UNGA73_General_Debate_2018_statements/UNGA73_General_Debate_2018/portugal__pt_en.pdf,2018,a43e24ea975a8834c2e1c6aa6dfe6c46c44f63cd90efed04a466d6bd61bab79c,2017|2018,2017,72,"                                             [Check against delivery]





         Address by His Excellency

the Prime Minister of the Portuguese Republic

               Antbnio Costa



           72nd Session of the

      United Nations General Assembly


     New York, September 20, 2017





                                                                                                            !
                                                                                                   i

",quarantine_2018_collection
UNGA73_General_Debate_2018_statements/UNGA73_General_Debate_2018/portugal__pt_pt.pdf,2018,8957165817db05091ce966e2a01d394a59e58c4f62f99e63aefc8adacf41db38,2018,,,"

",quarantine_2018_collection
UNGA73_General_Debate_2018_statements/UNGA73_General_Debate_2018/president-general-assembly-closing__pgaclosing_es.pdf,2018,934e97dcb7d020c0735c5d064a34507b298b84498e285df7a6bdec69cfa6eb5e,2018,,,"   DECLARACIÓN POR LA PRESIDENTA DE LA ASAMBLEA GENERAL,
               MARÍA FERNANDA ESPINOSA GARCÉS
             Clausura del Debate General
               1ro de octubre de 2018



Estimados  Representantes  Permanentes,  Estimados
Delegados,
Señora Vice Secretaria General,



                                           I.


1.Permítanme comenzar expresando mis condolencias y

  solidaridad con los pueblos de Indonesia, Barbados y

  Japón que fueron afectados por  terribles eventos

  naturales.  Estoy profundamente entristecida por las

  víctimas y la magnitud de la destrucción que han sufrido

  estos países.





                                                 Página 1 de 19
Excelencias,


2.El Debate General que hoy concluimos es una muestra

  más de la relevancia que tiene esta Asamblea General y

   la Organización de las Naciones Unidas.



3.Ha sido una semana de encuentro, de diálogo; la semana

  en  la que más se pronuncia  el nombre de  esta

  Organización en medios de comunicación y redes

  sociales alrededor del mundo; es la semana en la que la

  agenda de las Naciones Unidas ocupa los primeros

  lugares en los despachos presidenciales. Esta semana

  marcará sin duda nuestra agenda y trabajo durante el

  año.





                                                 Página 2 de 19
",quarantine_2018_collection
UNGA73_General_Debate_2018_statements/UNGA73_General_Debate_2018/president-general-assembly-opening__pgaopening_en.pdf,2018,0e5eab111a0fc71d87bb0aa66ffb1e54c8276edc418f0ea45cc254ec000ca1a7,2017|2018,2017,72,"                       -Check against Delivery-




      U N I T E D N A T I O N S                  N A T I O N S U N I E S

    THE PRESIDENT OF THE UNITED NATIONS GENERAL ASSEMBLY

                     Opening of General Debate

                          19 September 2017



Heads of State and Government, Distinguished Ministers, Excellencies, Mr. Secretary-
General, Delegates, Ladies and Gentlemen,

I am honored to welcome you all to New York for the General Debate of the 72nd Session of
the General Assembly.

I wish, however, that I could deliver a speech today, which is different to the one I prepared.

I wish I could point to a long list of examples of mediation and early action successfully
averting conflicts. I would prefer to talk only about people who move and migrate out of
choice - not desperation. It would be great to congratulate you all for meeting your climate-
related commitments, and for relegating extreme poverty to the history books.

I hope that someone will, eventually, be able to deliver such a speech from this marble
podium. But it cannot be me today.

Instead, conflict persists as an ugly reality of our world. Civilians – not soldiers – are paying
the highest price. Schools and hospitals – not military barracks – are the targets of attacks.

I must also talk today about over 65 million people leaving their homes because they are
forced to do so - not because they want to.  I have to use my speech today to address other
major challenges, including persistent poverty, growing inequalities, indiscriminate terrorist
attacks, and worsening effects of climate change.

These are global challenges - every country is coping with at least one. But they are",quarantine_2018_collection
UNGA73_General_Debate_2018_statements/UNGA73_General_Debate_2018/president-general-assembly-opening__pgaopening_en_fr_es.pdf,2018,7ac80b99dd4091c75b6a6aa3bcbb1f923d294663b4505b88cc5d5a0c8b13521a,2018,,,"    DECLARACION POR LA PRESIDENTA DE LA ASAMBLEA GENERAL,

              MARIA FERNANDA ESPINOSA GARCES


                     Apertura del Debate General
                     25 de septiembre de 2018


Jefes de Estado y de Gobierno,
Distinguidos Ministros,
Excelencias,
Senor Secretario General,
Senora Vicesecretaria General,
Excelencias,

                                                          1.


1. Para mi es un honor darles la bienvenida al 73 Periodo de Sesiones de la
  Asamblea General de las Naciones Unidas. Bienvenidos, al unico lugar
  donde un encuentro como este es posible. Solo esta Asamblea, como
   principal organo deliberative y  representative de las Naciones Unidas,
   ofrece, a todos los pueblos y lideres del mundo,  la oportunidad de
   escuchar y ser escuchados, en igualdad de condiciones.





                                        Pagina 1 de 11
Excelencias,


2. El aporte de las Naciones Unidas a la humanidad ha sido inmenso. El
   derecho internadonal, la promodon de la paz, los derechos humanos,
   los estandares de protecdon del medio ambiente, los objetivos para
   avanzar hada el desarrollo sostenible y los aspectos mas destacados que
   rigen la convivenda internadonal, se derivan de esta misma Asamblea.


3. La realidad es que el trabajo de las Nadones Unidas sigue siendo tan

   relevante como lo fue hace 73 ahos.


4. El multilateralismo constituye la unica respuesta posible a los problemas
   globales que enfrentamos. Debilitarlo o ponerlo en cuestion solo genera
   inestabilidad ydesconderto, des'confianza y polarizadon.

5. En el mundo, millones de personas sufren de violenda, de guerras, de
   carencias materiales y de los efectos d",quarantine_2018_collection
UNGA73_General_Debate_2018_statements/UNGA73_General_Debate_2018/qatar__qa_ar.pdf,2018,084df32c078e2a252300f6cdfc6fe9187528384bfa09e0176fc092f16c06638f,2017|2018,,,"

",quarantine_2018_collection
UNGA73_General_Debate_2018_statements/UNGA73_General_Debate_2018/qatar__qa_en.pdf,2018,baf85f04721158ea610afd48a77463ae2397e60ddeca4e582dff128b1e04e1c1,2017|2018,,,"

",quarantine_2018_collection
UNGA73_General_Debate_2018_statements/UNGA73_General_Debate_2018/republic-korea__kr_2_en.pdf,2018,33e205931cdc2cf3a4c51d5d9205c13e8627424454f2a8c5e1fde4482d910ba3,2018,2018,73|73,"     Address by President Moon Jae-in of the Republic of Korea
      at the 73rd Session of the United Nations General Assembly

                                                   September 26, 2018


Madam President, Mr. Secretary-General and distinguished delegates,

I would like to express my deepest condolences on the passing of Kofi Annan,
the 7th Secretary-General of the United Nations. The world will forever
remember his name that has been etched in the road to peace.

I would like to congratulate Ms. Maria Espinosa, on assuming the Presidency of
the General Assembly. I hope the United Nations will be able to reach out to
every corner of the globe through the 73rd Session of the General Assembly.

I also hope that the United Nations will make further progress in contributing to
the international community under Secretary-General Antonio Guterres’s
excellent leadership.

As I had done last year, I stand here once again with a sense of urgency and
excitement.

Over the past year, something miraculous has taken place on the Korean
Peninsula. For the first time in history, the leader of North Korea crossed the
Military Demarcation Line to visit Panmunjeom. A historic summit between the
United States and North Korea was also held on the Sentosa Island in Singapore.

Chairman Kim Jong Un and I removed the shadow of war and resolved to usher
in an era of peace and prosperity. At the U.S-North Korea summit, the two sides
agreed to work towards achieving complete denuclearization on the Korean
Peninsula, ending hostile relations and establishing a permanent peace regime.
President Trump and Chairman Kim moved and gave hope to those who desire
peace all around the world.

No",quarantine_2018_collection
UNGA73_General_Debate_2018_statements/UNGA73_General_Debate_2018/republic-moldova__md_en.pdf,2018,4feb52ccfb3ca1055e0ab15066eb0d0fff743f6751915df04c970ec12477087e,2017|2018,2017,,"      THE REPUBLIC OF MOLDOVA





         STATEMENT

               BY

             H.E. MR. PAVEL FILIP


           PRIME MINISTER
     OF THE REPUBLIC OF MOLDOVA





   GENERAL DEBATE OF THE 72ND SESSION
OF THE UNITED NATIONS GENERAL ASSEMBLY





            New York, 22 September 2017
Mr. President,
Mr. Secretary General,
Excellencies,
Ladies and gentlemen,

At the outset, I would like to warmly congratulate H.E. Miroslav Lajcak, on his election

as President of the seventy-second session of the General Assembly, wishing him success
in fulfilling his important mandate.

My thanks go also to his predecessor, H.E. Mr. Peter Thomson, for his dedication and

professionalism in conducting the works of the previous session.

I take this opportunity to express words of encouragement and support to the Secretary
General, Mr. Antdnio Guterres. I am confident that with his competent leadership and the
joint efforts of the Member States, we will succeed in redefining the role of the United
Nations and adjusting it to the requirements of the modern world.

Mr. President,

Clearly, all of us gathered in this great hall are deeply concerned by the challenges that
the international community is confronted with. The armed conflicts in the Middle East,
the protracted conflicts, terrorism and violent extremism, the affliction caused by poverty

are only some of the phenomena that undermine peace and sustainable development.

We are equally concerned by the excessive accumulation of conventional weapons and

the development of nuclear programs. An international environment marked by the

threats to use force, including nuclear arms, greatly exacerbates the sense of insecurity
and l",quarantine_2018_collection
UNGA73_General_Debate_2018_statements/UNGA73_General_Debate_2018/republic-north-macedonia__mk_en.pdf,2018,2cbbba7b5bb533ea91f538621181d48f3f60b756384fc09e58fa35af363d231d,2017|2018,,,"

",quarantine_2018_collection
UNGA73_General_Debate_2018_statements/UNGA73_General_Debate_2018/romania__ro_en.pdf,2018,7f64b07e5e737093d1e3f13a53a5c34514b0f8f14b65cf2b1508344ebeaab0ad,2017|2018,2017|2017,72,"PERMANENT MISSION OF ROMANIA                MISSION PERMANENTE DE LA ROUMANIE
   TO THE UNITED NATIONS                      AUPRES DES NATIONS UNIES


                                                          Check aqainst delivery



            72nd Session of the General Assembly of the United Nations

                    New York, 19 - 25 September 2017




                                Agenda Item 8

                            General Debate




                  Statement by


           H.E. Mr. Klaus Werner Iohannis

                President of Romania





                               Plenary meeting

                         20 September 2017





                                                           573-577 3:d Avenue, New York, NY 10016
                                                  Phone: (212) 682-3273, (212)682-3274, Fax: (212) 682-9746
                                                            E-mail: 0ewyork-onuÿ,mae.ro http://mpnewyork.mae.ro
 Mr. Secretary General,


 Mr. President of the General Assembly,


Your Excellencies,                 ..


 Ladies and Gentlemen,




Let me welcome this year's focus on peace and a decent life for all on a sustainable planet.

These are very important objectives, which require all of our determination, as responsible

leaders, in order to reach them, especially when we see the challenges before us.

Indeed, people across the globe still suffer from the brutal effects of war, poverty, inequality

and injustice.

Tensions over cultural identity and faith are rising even within traditionally open and tolerant

societies.

Natural disasters cause increasing damage every season. Terrorist attacks deepen ",quarantine_2018_collection
UNGA73_General_Debate_2018_statements/UNGA73_General_Debate_2018/russian-federation__ru_en.pdf,2018,886ba3a72b98782a1793c409c491b71f61caf04efba286828be47cf686086409,2017|2018,2017,72,"Statement by H.E. Mr. Sergey V. LAVROV,
Minister of Foreign Affairs of the Russian
Federation, at the 72nd session of the UN
General Assembly


21 September 2017

Distinguished Mr. President,

Ladies and Gentlemen,

Last December, the UN General Assembly adopted the resolution on ""Promotion of a
democratic and equitable international order"", which clearly stipulated the
inadmissibility of interference into internal affairs of sovereign States, non-recognition
of coups d'état as a method of change of power and the need to exclude from the
international communication the attempts of unlawful pressure of certain States on
others, including exterritorial application of national jurisdiction.

The prevailing majority of Member States of this Organization voted in favor of this
resolution. The countries that, despite the goals and principles of the UN Charter, are
trying to dominate in global affairs and impose models of development, as well as their
own 'values' on States and peoples, guided by the logic of unipolarity that undermines
the international law, turned out to be outvoted.

Nevertheless, the world keeps changing. It is gratifying to note, as the U.S. president
Donald Trump unequivocally stated from this podium last Tuesday, that:it is important
to comply with the principles of sovereignty in the international affairs; it is necessary to
ensure leadership by example and not impose one's will on other nations; the countries
with different values, cultural patterns and aspirations can not only coexist, but also
work hand in hand on the basis of mutual respect. I believe that anyone can sign under
these words, especially, if the U.S. foreign policy is conducted precisel",quarantine_2018_collection
UNGA73_General_Debate_2018_statements/UNGA73_General_Debate_2018/russian-federation__ru_ru.pdf,2018,122aa52c84414de4d9a8c4efd0dc2d003e82e59d1cf51ce0c7c2006444075958,2018,,,"

",quarantine_2018_collection
UNGA73_General_Debate_2018_statements/UNGA73_General_Debate_2018/rwanda__rw_en.pdf,2018,a79af74d874da4f87cfb6af4a9bdab7bff41d36d2437fbd51361917589f75634,2017|2018,2017,,"                                                 1/5

   UNITED NATIONS GENERAL ASSEMBLY

    General Debate of the 72nd Regular Session

       New York, 20 September 2017


  •    Excellencies, Heads of State and Government

  •    Excellency, President of the General Assembly

  •    Distinguished Delegates

  •    Ladies and Gentlemen



Every year, the United Nations channels billions of

dollars in humanitarian assistance. It also sets the

global  agenda  on  key   policy   issues,  from

development, to women’s rights, while providing a

platform for major international agreements.


These are signs of an organisation that is both

relevant, and, in many cases, competent.


And yet there is a sense, that the United Nations is

not meeting our needs and expectations.
                                                 2/5

In  this  context,  I would  like  to commend the

Secretary General, for the two important initiatives

he championed  this  week, on  United  Nations

reform, and response to sexual exploitation and

abuse.


These steps go to the heart of the matter: the

deficit   of   trust  and  accountability,   in  the

international system.


To be truly effective at delivering a “decent life for

all”, the United Nations must treat all the people it

serves with impartiality and respect, and it must

be a good steward of the funds entrusted to it.


Abuse and waste are therefore not a mere public

relations problem, but an existential threat, which

must be tackled head-on.


The Secretary General deserves our full support, to

make the United Nations not only effective, but

transformational.
",quarantine_2018_collection
UNGA73_General_Debate_2018_statements/UNGA73_General_Debate_2018/saint-kitts-and-nevis__kn_en.pdf,2018,c7cdbde69c21184fa34ab448f3d908d60981dd91edabfecca3f40d62b4b05e0a,2017|2018,,,"Mr. President, Mr. Secretary General, Distinguished Heads of State and Government,
Colleague Ministers, Heads of Delegations, Ladies and Gentlemen



I bring you greetings from the Government and people of the Federation of St. Kitts and
Nevis.

I wish from the outset to congratulate you Mr. President on your election as Chair of
this 72na Session, and to assure you of my delegation's full support as you carry out your
duties.


Permit me as well to extend congratulations to His Excellency Peter Thompson, President
of the 71st Session of the General Assembly. President Thompson ably steered the
deliberations of many pressing matters during this past year. As a representative of Fiji,
he proved once again that Small Island Nations continue to make significant
contributions to matters of global relevance.



I also extend a warm welcome to Secretary General Guterres as he assumes leadership of
this august body. Your Excellency has come to the helm at a critical time in our
collective history and we are confident that your competence, coupled with your political
and diplomatic experience will enable you to chart the course of this
organization towards a sustainable and peaceful future for all. Be assured, Your
Excellency of my Government's fullest support and commitment.

My Delegation also expresses appreciation to former Secretary General Ban Ki Moon for
his sterling service and wishes him well in his future endeavours.

Mr. President, the world has gathered here in New York at this 72nd General Assembly
under the theme: ""Focusing on People: Striving for Peace and a Decent Life for All on a
Sustainable Planet"".


The theme is comprehensive, yet simple; concise, yet inclusi",quarantine_2018_collection
UNGA73_General_Debate_2018_statements/UNGA73_General_Debate_2018/saint-lucia__lc_en.pdf,2018,8d327861b4da9aff60979754f7bc09d5e69c17aa8145e7c0af6e8045f98e4e90,2017|2018,,72|72,"PERMANENT MISSION OF SAINT LUCIA TO THE UNITED NATIONS





                        STATEMENT BY

      THE HONOURABLE ALLEN M. CHASTANET

                  PRIME MINISTER OF SAINT LUCIA

AND MINISTER FOR FINANCE, ECONOMIC GROWTH, JOB CREATION EXTERNAL
                   AFFAIRS AND THE PUBLIC SERVICE





                TO THE GENERAL DEBATE OF THE

         72nd SESSION OF THE UNITED NATIONS GENERAL ASSEMBLY



                      NEW YORK

                      FRIDAY 22, SEPTEMBER, 2017





                                                                       Please check against deliverÿ.
Mr. President


Saint Lucia congratulates you on your assumption of the Presidency of the 72nd Session of
the United Nations General Assembly, and assures you of the full support and
cooperation of our delegation during your tenure.


We thank your predecessor H.E. Ambassador Peter Thompson of Fiji for his able
stewardship of this Assembly during the past year.


Mr. President

For Small ÿsland States like my own in the Caribbean region, the promise of the United
Nations is being tested today more than ever. The world is experiencing extraordinary
change at a breathtaking pace - change that is reshaping the way we live, the way we
work, our planet and the very nature of peace and security.


I arrived in New York earlier this week after a tour of the devastation wrought by
Hurricane Irma on islands in the Caribbean and for the entire week I have been engaged in
discussions focused on the region's recovery efforts. I have also watched from afar and
with a heavy heart, further destruction to my region - with Hurricane Maria's crushing
blow to the sister Isle of Dominica - there c",quarantine_2018_collection
UNGA73_General_Debate_2018_statements/UNGA73_General_Debate_2018/saint-vincent-and-grenadines__vc_en.pdf,2018,294ad309f0cf56aebb52056773c78575108b1a28c7e57656ff475ffb023a7cd7,2017|2018,2017,72,"i ÿ  ........................   i  ......................................




          ST. VINCENT AND THE GRENADINES

                 Permanent Mission of St. Vincent and the Grenadines to the United Nations

                        685 3rd Ave.,Ste. 1108, New York, NY 10017. Tel: (212) 599-0950 • Fax: (212) 599-1020 .svgmission@gmail.com



                                  Statement




                                   By




                        H.E. Sir Louis Straker

         Deputy Prime Minister and Foreign Minister of Saint Vincent and the Grenadines





                                                At the


                                General Debate
               of the 72nd Session of the United Nations General Assembly





                                 22nd September, 2017
                           New York





        Please check against delivery
Mr. President, Excellencies, Distinguished Ladies and Gentlemen:


This Organisation was founded amid the still-glowing embers and simmering tensions of global war. In the shadows of

widespread death and destruction, the nations of the world united in recognition of the fact that global challenges are only

overcome through collective action and international law - not misguided unilateralism or short-sighted self-interest.


That recognition remains as valid today as it did 72 years ago, even as new threats to life and development have joined

armed conflict as challenges demanding concerted international response.



Mr. President


Saint Vincent and the Grenadines stands in solidarity with the Government and People of Mexico as they suffer the

devastating effects of yet another earthquake.
",quarantine_2018_collection
UNGA73_General_Debate_2018_statements/UNGA73_General_Debate_2018/samoa__ws_en.pdf,2018,07824ebfafdf4c7265577d66f7a62bcbf6fc9615457a2697bc127c70850dc4e4,2017|2018,2017,72|72,"                       Statement
                         by
             Hon. Tuilaepa Sailele Halielegaoi
      Prime Hinister of the Independent State of Samoa
                              at the
   General Debate, 72nd session of the UN General Assembly
          22 September 2017, UN HQ, New York.



Mr President,
Fellow delegates,
Ladies and Gentlemen

Samoa warmly welcomes your assumption of the Presidency of the
72nd session of our General Assembly, at a time when our organization
is going through unprecedented volatile and difficult times. We look
forward to your leadership so that together we can chart a more safe,
predictable and humane pathway in our journey through life's
uncharted waters. You can count on Samoa's support as we work in
partnership to translate into tangible and measurable achievements
the overarching theme of your tenure ""Focusing on People -
Striving for Peace and a Decent Life for All on a Sustainable
Planet.""


Your predecessor, Ambassador Peter Thomson of Fiji demonstrated
strong leadership during his successful presidency and we wish him
well in his new calling,


                                        Page 1 of 10
Mr. President,
Secretary-General Guterres is passionate and committed to turn the
United Nations into an efficient and effective organization that is fit for
purpose and readily responsive to the needs of the very people it was
established to serve in the first place. In working to make the UN's
focus more people-centered than about processes, Samoa assures the
Secretary-General of its full support.


Mr President
This week's annual general debate is the twentieth successive general
debate of the General Assembly I have atte",quarantine_2018_collection
UNGA73_General_Debate_2018_statements/UNGA73_General_Debate_2018/san-marino__sm_en.pdf,2018,ddd76fcb74bc3aa6d963264e7174285cac2a86c7f9063272b67394521d362906,2017|2018,2017,72,"                                      REPUBMC OF SAN MARINO



                           STATEMENT BY

                                 H.E. MR. NICOLA RENZt
                         MINISTER OF FOREIGN AND
                              POLITICAL AFFAIRS
                   WITH FUNCTIONS OF PRIME MINISTER

                            OF THE


                       REPUBLIC OF SAN MARINO





                        AT THE GEN EtLAL DEBATE
                       OF THE 72ND SESSION OF THE
                   UNITED NATIONS GENERAL ASSEMBLY

                          New York, 22 September 2017





J





!.



                                                                                                                 Cÿ.{tlst. detivc___ÿr.ÿ
Mr. President,

Mr. SecretatT-General,
Excdlencies,
Ladies and Gentlemen,


On behalf of tee Government of the Republic of San Marino, I would like to congratulate

H.E. Mkoslav Lajeÿk on his dection as President of the 72nd Session of the UN General
Assembly and to wish him a fruitful work. His experimÿce as Minister of For.eign Affairs of
Slovakia and los deep kmowledge of hxtemational a£fÿs aÿe valuable resoLÿces for the
United Nations. The San Marino delegation will ensure you, Me. President, its utmost
colÿaborat-km dui:ing all works of the General Assembly.


At the beginning of his mandate as SecretalT-General of the United Nations, my countU
would also like to offer heartfelt wishes to H.E. Ant6nio Guterres and thank him for the
energy and determination akeady shown at the hehn of the United Nations in these first

months of activiW,'


Mr. President,


 i am grateful for the theme chosen for this Session: ""Focusing on peo",quarantine_2018_collection
UNGA73_General_Debate_2018_statements/UNGA73_General_Debate_2018/sao-tome-and-principe__st_en.pdf,2018,0f6ac72bd779523e52ddf4b3bccff004cb7130e642fed6309551dda627365a8c,2017|2018,,72,"Rep0blica Dem0cr tica      de S. T0m6 e Principe



Statement by His Excellency President Evaristo do Espirito Santo Carvalho at
         the 72rid Session of the United Nations General Assembly




Mister President of the 72nd Session of the General Assembly of the United
Nations

Excellency Mr Secretary-General of the United Nations,


Heads of State and Government

Excellencies, Ministers of Foreign Affairs and External Affairs

Distinguished delegates,

Excellencies,

It is with a great honor and satisfaction that I take the floor at the General
Assembly, for the first time, as Head of State of the Democratic Republic of Sÿo
Tomÿ and Principe. The 2016's elections, which elected me, witnessed once
again, in an expressive and unequivocal way, the level of democracy in Sÿo Tomÿ
and Principe and the regular functioning of its institutions.

At the outset, allow me to dedicate, with great pleasure, my first words to His
Excellency Miroslav Lajdÿk, whom ! congratulate on his election to the Presidency
of the 72nd General Assembly of the United Nations, conveying our full support
for his mandate and wishing that it will be very successful.

I would also like to Congratulate the outgoing President, His Excellency Peter
Thomson for the manner in which he conducted the work of the previous General
Assembly, judiciously, with enthusiasm and unselfishness, in an international
context that has posed serious challenges to our Organization.

 I also take the opportunity of such noble audience to address Your Excellency the
Secretary General Ant6nio Guterres and congratulate you for your brilliant
victory, insofar as your political clout is indisputable to lead
the United Nations an",quarantine_2018_collection
UNGA73_General_Debate_2018_statements/UNGA73_General_Debate_2018/saudi-arabia__sa_ar.pdf,2018,904a4b21c8ae6ca9d32aabc2993c1e66b4dca101f809a3fcd1b6303b2161204f,2017|2018,,,"li
  lollie United Nations
    New York




               iUJjiUuJl

 ^ e-laoAll                       A^LLaI) |*Ui
              72J\



                                         1/. .1at>
                Xa^i ^         /jliuiS?i

                        Jij3


       ^2017      23


  Check againstdelivery
                             ^-4^ 4i,41jlSI Ajxa^I (Jjjjjj ^^1x4
                                    SjaIaII         pistil       <^1*4


                          ut 4jISjij ijl ^-»xjj

I  ...j'.j 4jlajW (iSliai u^L-utjj^ /Jj—uill ^^Ixa
t^ui^A    jjsjjJ) aj L14I4 t^-4Uii Aj*a^          ^iSii SjjjU
Sjjjil LWJ 6j   1114.^2 JJJ4 /Ja-^I <^Ua jS—ujI (^i    V^
(2yiu^lj ^JbJI Sjj^l JlAfti Uila     (> Aijj La   A^UII
                                                       Ajsla:^
Jaj >   l4i>^                           05
^1 jlajj               (J-^ LW^J—

 tbjLuij ^UajjII cjiidtj tVji c)L-uiWI Cikx      ^JL-uij ^1 JaxI
SjI^j     JjA l^jlSj—^ S^iIaII LjjLSIj-tAJ u-ajill CiSixj
 jjjLAA Ji         Ca
^  jijSj_u.vij cy^\ ft-«j!j       t3^!       (i'^
                                                ^^Uitj ASlalall
",quarantine_2018_collection
UNGA73_General_Debate_2018_statements/UNGA73_General_Debate_2018/secretary-general-united-nations__unsg_ar.pdf,2018,262ec0749d4069ff12f0a721a71d1d94f4c5418148dd7581dc9f883a67c16199,2017|2018,,,"                               العام األمين كلمة
                           العامة الجمعية أمام
               201 7 سبتمبر / أيلول 19 نيويورك،
                          [الثالث باللغات ألقي كما الخطاب]

دمѧ ألخ اѧ إياھ وني ѧ أوليتم يѧ الت ةѧ لثقل ان ѧ واالمتن عѧ التواض اѧ ملؤھ روح ѧ ب اѧ ھن ف ѧ أق
                                                                               . العالم شعوب
                  . خطيرة تحديات نواجه ،“ المتحدة األمم” و ،“ الشعوب نحن ”
رون ѧ ي م ѧ وھ . بѧ بالغض عرون ѧ ويش ربѧ الك انون ѧ يع اسѧ والن . أزقѧ م يѧ ف اѧ وعالمن
               . يتغير والمناخ ينتشر والنزاع يزداد المساواة وعدم يتصاعد األمن انعدام
ىѧإل باالنتماء شعورنا فإن تزايد، م نحو على يتكامل العالمي االقتصاد كان إذاو
                                                  . التفكك طور في يكون قد عالمي مجتمع
البلدان داخل والثقة . باالستقطاب يتسم السياسي والخطاب . مجزأة والمجتمعات
                             . ويفرقون يُشيطِنون من بفعل فشيئا شيئا تضعف بينھا وفيما
                 . السالم يجمعه عالم إلى نحتاج ونحن . التفكك من يعاني فعالمنا
تعادة ѧ اس ا ѧ ويمكنن . الم ѧ الس ي ѧ نبن أن تطيع ѧ نس ا،ѧمع ا،ѧأنن راسخا اعتقادا أعتقد وأنا
                                                           . للجميع أفضل عالم وإيجاد الثقة
     . طريقنا تعترض التي ختباراتواال التھديدات من سبعة على اليوم سأركز
دھاѧنج أن عنا ѧ بوس أجوبة منھا لكل ولكن . الوضوح الشديدة مخاطره منھا ولكل
                                                              .بحقمتحدة أممك تصرفنا إذا

                                                   النووي الخطر أوال،
ىѧ وحت . هѧ في ر ѧ التفكي ن ѧ يمك ال اѧ مم ون ѧ يك أن ي ѧ ينبغ ةѧ النووي لحةѧ األس تخدامѧ فاس
                                            . أبدا عنه التغاضي يمكن لا باستخدام",quarantine_2018_collection
UNGA73_General_Debate_2018_statements/UNGA73_General_Debate_2018/secretary-general-united-nations__unsg_en.pdf,2018,1a53563c6b2b23714ddddc3fd4fd9a60fb38af25599a6028d596901084bd2dd2,2017|2018,2017,," U N I T E D N A T I O N S                N A T I O N S U N I E S





    THE SECRETARY-GENERAL

                             --

ADDRESS TO THE GENERAL ASSEMBLY

   New York, 19 September 2017, 9:00


           CHECK AGAINST DELIVERY
                                       2

Mr. President of the General Assembly,
Distinguished Heads of State and Government,
Excellencies,
Ladies and gentlemen,


I am here in a spirit of gratitude and humility for the

trust you have placed in me to serve the world’s

peoples.


“We the peoples”, and our United Nations, face

grave challenges.


Our world is in trouble. People are hurting and

angry. They see insecurity rising, inequality

growing, conflict spreading and climate changing.


The global economy is increasingly integrated, but

our sense of global community may be

disintegrating.

                   *****
",quarantine_2018_collection
UNGA73_General_Debate_2018_statements/UNGA73_General_Debate_2018/secretary-general-united-nations__unsg_en_fr_es.pdf,2018,23114fed54f34f1f4a974cad626f72c81a635b741b12c6d7dc4443649c8ee6c8,2017|2018,2017,,"                   THE SECRETARY-GENERAL
                                                        --
              ADDRESS TO THE GENERAL ASSEMBLY
                    New York, 19 September 2017

                                    [Trilingual, as delivered]

I am here in a spirit of gratitude and humility for the trust you have placed in me to serve the
world’s peoples.

“We the peoples”, and the United Nations, face grave challenges.

Our world is in trouble. People are hurting and angry. They see insecurity rising, inequality
growing, conflict spreading and climate changing.

The global economy is increasingly integrated, but our sense of global community may be
disintegrating.

Societies are fragmented. Political discourse is polarized. Trust within and among countries
is being driven down by those who demonize and divide.

We are a world in pieces. We need to be a world at peace.

And I strongly believe that, together, we can build peace. We can restore trust and create a
better world for all.

I will focus today on seven threats and tests that stand in our way.

For each, the dangers are all too clear. Yet for each, if we act as truly united nations, we can
find answers.

First, the nuclear peril.

The use of nuclear weapons should be unthinkable. Even the threat of their use can never be
condoned.

But today global anxieties about nuclear weapons are at the highest level since the end of the
Cold War.

The fear is not abstract. Millions of people live under a shadow of dread cast by the
provocative nuclear and missile tests of the Democratic People’s Republic of Korea.

Within the DPRK itself, such tests do nothing to ease the plight of those who are suffering
hunge",quarantine_2018_collection
UNGA73_General_Debate_2018_statements/UNGA73_General_Debate_2018/secretary-general-united-nations__unsg_es.pdf,2018,20563e380a218d35a9f3955ebf6877c41b61743c953a54480cc380391f3116f2,2017|2018,,,"            Secretario General

           Discurso ante la Asamblea General

           Nueva York, 19 de septiembre de 2017

              (Intervención trilingüe)

               Comparezco ante ustedes con un espíritu de gratitud y humildad por la
            confianza que han depositado en mí para servir a los pueblos del mundo.

                “Nosotros los pueblos”, y las Naciones Unidas, enfrentamos graves
               retos.

                Nuestro mundo se encuentra en una situación difícil. Muchos están
             sufriendo y sienten rabia, mientras ven cómo aumentan la inseguridad y la
             desigualdad, se propagan los conflictos y cambia el clima.

              La economía mundial está cada vez más integrada, pero el sentimiento
            de pertenencia a una comunidad mundial podría estar desintegrándose.

                Las sociedades están fragmentadas. El discurso político está polarizado.
          La confianza en el seno de cada país y entre los países se ve socavada por
            quienes demonizan y dividen.

              Somos un mundo en pedazos. Es necesario que seamos un mundo en
             paz.

           Y creo firmemente que, juntos, podemos construir la paz, restablecer la
            confianza y crear un mundo mejor para todos.

           Me centraré hoy en siete amenazas y pruebas que se interponen en
             nuestro camino.

              En cada caso, son muy claros los peligros. Sin embargo, si ante cada
           una de esas amenazas y pruebas actuamos como naciones verdaderamente
             unidas, podremos encontrar respuestas.

              En primer lugar, refirámonos al peligro nuclear.

            ",quarantine_2018_collection
UNGA73_General_Debate_2018_statements/UNGA73_General_Debate_2018/secretary-general-united-nations__unsg_fr.pdf,2018,2a0ba49a6d847b2b0eecfd7193d98aa99336c97aa8e0e7c3faf775f87d0948cc,2017|2018,2017,,"         Le Secrétaire général

           Allocution prononcée devant l’Assemblée générale

          New York, le 19 septembre 2017

             [Prononcée en trois langues]

                    Je vous remercie humblement de la confiance que vous avez placée en moi
              lorsque vous m’avez choisi pour servir les peuples du monde.

                 « Nous peuples des Nations Unies » et l’Organisation tout entière devons faire
              face à de graves problèmes.

                  Notre monde est en difficulté. Des êtres humains souffrent et la colère gronde.
               L’insécurité gagne du terrain, les inégalités s’accentuent, les conflits se propagent,
                les changements climatiques s’accélèrent.

                 Les pays sont de plus en plus dépendants les uns des autres sur  le plan
             économique, mais notre sentiment d’appartenance à une communauté mondiale
             semble s’estomper.

                 Les sociétés éclatent et les discours politiques se polarisent. La confiance à
                l’intérieur des pays  et entre les pays s’érode sous l’influence de tous ceux qui
              cherchent à diaboliser autrui et à semer la discorde.

                  Face aux divisions qui ébranlent notre monde, nous devons agir pour faire
              régner la paix.

                    Je suis fermement convaincu qu’ensemble nous pouvons instaurer la paix,
                rétablir la confiance et bâtir un monde meilleur pour tous.

                    Je  voudrais  aujourd’hui  mettre  l’accent  sur  sept menaces ou  épreuves
              auxquelles nous devons faire face.

                  Pour chacune d’elles, les d",quarantine_2018_collection
UNGA73_General_Debate_2018_statements/UNGA73_General_Debate_2018/secretary-general-united-nations__unsg_ru.pdf,2018,32b1d606a6f078677f715928ff0fe1d8dce9a59a8580713b8e75b83a3cc9d56a,2017|2018,,,"                 ГЕНЕРАЛЬНЫЙ СЕКРЕТАРЬ

                                                                      - - -


                 ОБРАЩЕНИЕ К ГЕНЕРАЛЬНОЙ АССАМБЛЕЕ

                            Нью-Йорк, 19 сентября 2017 года

               (На трех языках, в соответствии с представленными материалами)


             Я преисполнен благодарности за то доверие, которое вы мне оказали, и
            возможность служить народам мира, что для меня большая честь.

              «Мы, народы» и Организация Объединенных Наций стоим перед лицом
            серьезных проблем.

              Нашему миру угрожает опасность. Люди страдают и озлоблены. На их
              глазах растут масштабы незащищенности и неравенства, ужесточаются кон-
            фликты, меняется климат.

                Хотя мировая экономика становится все более интегрированной, мы, как
             кажется, все реже испытываем чувство глобальной общности.

               Общество фрагментированно. Политические взгляды поляризованы. До-
             верие между людьми и странами подрывается субъектами, взявшими курс на
             запугивание и сегрегацию.

             Наш мир рассыпается на осколки. Мы должны стремиться к миру на зем-
               ле.

            И я глубоко убежден, что общими усилиями мы можем построить этот
             мир. Мы можем восстановить доверие и сделать жизнь лучше для всех.

                 Сегодня я буду говорить о семи угрозах и испытаниях, которые стоят на
           нашем пути.

                 Опасность, которую таит в себе каждая из этих угроз, более чем очевид-
               на. И тем не менее, если мы будем действовать в духе единства, мы сможем
            ",quarantine_2018_collection
UNGA73_General_Debate_2018_statements/UNGA73_General_Debate_2018/secretary-general-united-nations__unsg_zh.pdf,2018,1b92e07a0a117cb45c1b4fe4ea12da66c417444606e3fdd9a5176d211ac69054,2017|2018,,,"                秘书长

               在大会的讲话


                                   2017 年9 月19 日，纽约

                     [讲话以三种语言发表]


        各位将服务世界人民的重任交给我，在此我心怀感激，又诚惶诚恐。

        我们各国人民以及联合国都面临严峻挑战。

        我们的世界出了问题。人民在遭受痛苦、感到愤怒。他们看到：不安全状况

      在加剧、不公平程度在上升、冲突在蔓延、气候在变化。

        全球经济日益融合，然而我们的全球一体感却似乎趋于瓦解。

        社会四分五裂，政治话语两极分化。有人搞妖魔化、闹分裂，侵蚀了国内各

      方、不同国家之间的信任。

        今日世界纷争不和，我们需要使之归于和睦。

        我坚信，只要我们大家齐心协力，就能实现和睦，就能恢复信任，为全人类

      建设更美好的世界。

        我今天要重点讲讲我们面临的七个挑战与考验。

        关于每个挑战与考验，危险都一目了然。但只要我们真正以“联合国家”的

      姿态采取行动，就能找到答案。

        首先，核威胁。

        核武器的使用应是不可想象的。即使是威胁使用核武器也是绝不能容忍的。

        然而，今天全球对核武器的担忧却非常严重，达到了冷战结束以来的最高程

      度。

        担忧并非空穴来风。朝鲜民主主义人民共和国以核试验、导弹试验发出挑衅，

      置数千万人于恐惧之中。

        在朝鲜国内，人民正在忍饥挨饿、人权遭到严重侵犯。这些试验无助于使其

      摆脱困境。

        我坚决谴责这些试验。

        我呼吁朝鲜和全体会员国充分遵守安全理事会决议。

         上周一致通过了第2375 号决议，加重了制裁措施，就该国的国际义务发出
      了明确讯息。


17-16451 (C)
                                                      2/7



        我呼吁安理会保持团结一致态度。

        只有这种团结一致态度才能使朝鲜半岛实现无核化，才能如该决议所确认的

      那样，为通过外交接触解决危机创造机会。

        随着紧张关系加剧，误判的机率也会上升。唇枪舌剑只会引起致命的误解。

        必须通过政治途径解决问题。需要运用政治艺术的时刻到了。

        我们绝不能因为梦游而误入战争之途。

        广而言之，所有国家都必须显示更大决心，致力实现全世界消除核武器这一

      普世目标。核武器国家特别有责任发挥带头作用。

        当前，扩散正在造成不堪设想的危险，裁军已陷入瘫痪。

        防扩散、促裁军、维护这些方面已取得的进展，已成当务之急。

        这两个目标环环相扣。在一个目标上取得进展，会推动在另一个目标上也取

      得进展。

        下面我想谈一谈全球恐怖主义威胁。

        任何原因、任何怨愤都不能作为恐怖主义的理由。

        恐怖主义仍在造成更多死亡、更多毁灭。

        恐怖主义摧毁社会、破坏区域稳定，使人力物力无法用于更有建设性的事业。

        国家和多边反恐工作的确破坏了恐怖网络、收复了领土、防止了袭击、挽救

      了生命。

        然而我们还需要加大反恐力度。加强国际合作对于反恐斗争依然至关重要。

        我的首批改革举措之一就是设立联合国反恐怖主义办公室。我感谢大会批准

      该举措。

        明年，我打算召开首届会员国反恐机构主管会议，打",quarantine_2018_collection
UNGA73_General_Debate_2018_statements/UNGA73_General_Debate_2018/senegal__sn_fr.pdf,2018,bc8d636da275f56f191aaca17931227abea16c61de406173541c5b6e28a257d4,2017|2018,,72|72,"                            Rÿpublique du Sÿnÿgal

                        Un Peup/e-Un But-Une Foi





72e Session ordinaire de I'Assemblÿe gÿnÿrale des Nations Unies





                 AIIocution de SEM Macky SALL,

             Prdsident de la Rdpublique du Sdndgal





                              Nÿ yÿ,,k, tÿ ÿo ÿptvnbÿ ÿotÿ
Monsieur le Prbsident de I'Assemblbe Gbnbrale,

Chers Collbgues,

Monsieur le Secrbtaire Gbnbral,

Mesdames, Messieurs,

Monsieur le Prdsident,


La dÿlÿgation sÿnÿgalaise remercie votre prÿdÿcesseur et vous adresse

ses voeux de succÿs dans la conduite des travaux de notre Session.

Je renouvelle nos fÿlicitations et notre soutien au Secrÿtaire gÿnÿral,

Antonio Guterrez, pour la rÿussite de sa mission ÿ la tÿte de

I'Organisation.


Le thÿme de cette 72e Session nous engage ÿ donner la prioritÿ

/ÿtre humain pour/a paix et une vie d#cente pour tous sur une

planÿte prÿservÿe.



Hÿlas, en ces temps de turbulences et d'incertitudes, I'idÿal d'un monde

meilleur pour tous se heurte aux urgences d'un monde de conflits et

en conflit avec lui-mÿme.


Urgences sbcuritaires et humanitaires: des millions d'ÿtres

humains continuent de souffrir au quotidien des ravages de la guerre, du

terrorisme et de la violence sous toutes ses formes.

Urgences alimentaires : selon la FAO, plus d'un milliard de tonnes de

nourriture sont gaspillÿes chaque annie, pendant que chaque jour, plus

de 795 millions de personnes souffrent de la faim.
",quarantine_2018_collection
UNGA73_General_Debate_2018_statements/UNGA73_General_Debate_2018/serbia__rs_en.pdf,2018,1ef5f7e7cbb1e6af15a31a8907f46a4f811f6bb4f6e4fbfcd15a0b2d197c8d4e,2017|2018,,,"REPUBLIC OF SERBIA



                                       Check against delivery



   STATEMENT

                  by

                                   v
         H.E. MR. ALEKSANDAR VUCIC
  PRESIDENT OF THE REPUBLIC OF SERBIA





   NEW YORK, 21 SEPTEMBER 2017
 Mr. President,
 Mr. Secretary General,
 Excellencies,
 Ladies and Gentlemen,



Honorable Mr. President Lajcak, I take this opportunity to congratulate you on assuming
 this extremely important duty.

Honorable Excellency, Mr. Thomson, I would like to congratulate you on your successful
presidency of the 71st session of the General Assembly. I avail myself of this opportunity to
thank and to pay my tribute to the new Secretary General Mr. Antonio Guterres for his
active engagement during the first year of his tenure, for a remarkably responsible duty of
the Secretary General and for initiating reform process of great importance for the
Organization.

 It is my great honor to address you for the first time from this place in the capacity of the
President of the Republic of Serbia.

We have carefully followed the world leaders in previous two days. It seems that we would
not overemphasize if it would be said that almost everybody was speaking about the
necessity of the reform of the UN, about peace and stability, often accusing someone else
- a confronted party - acting as someone preventing mentioned peace and stability or as
someone responsible for the difficult situation in the world. I would do my best to avoid
that kind of approach.

Last year at this very place it was said that the situation worldwide was difficult. Today it is
certainly more difficult than it was a year ago.

Today, ! take opportunity ",quarantine_2018_collection
UNGA73_General_Debate_2018_statements/UNGA73_General_Debate_2018/seychelles__sc_en.pdf,2018,ecae30ff67384f3504f361778eed435e243bec3e3d2f5a41b36d753e2cd6dc52,2017|2018,,72,"         STATEMENT BY

       H.E, MR. DANNY FAURE

           PRESIDENT

           OFTHE

      REPUBLIC OF SEYCHELLES

          AT THE

        GENERAL DEBATE

  DURING THE 72ND SESSION OF THE

UNITED NATIONS GENERAL ASSEMBLY



        21 SEPTEMBER 2017

  UNITED NATIONS, HEADQUARTERS

         NEW YORK




                                         PLEASE CHECK AGAINST DELIVERY
President of the General Assembly,
Distinguished Heads of State and Government,
Excellencies,
Ladies and Gentlemen.


 I would like to join those who spoke before me in congratulating Your Excellency, Mr Miroslav
Lajcak (pronounced as MIH-roh-slahv L-EYE -chahk), on your election as President of this 72nd
session of the United Nations General Assembly.


I would also like to thank His Excellency, Ambassador Peter ThomSon, for making the small island
developing states and the rest of the international community proud by his strong leadership of
the 71st session.


Mr. President,
May I start by saying that the thoughts of the Government and people of Seychelles go out to
the millions of people in South Asia, Africa, the United States, and Mexico, and our island
brothers and sisters in the Caribbean who have suffered unimaginable losses from floods,
hurricanes and other forms of extreme weather these past months.


We-urge the international community to not only respond generously to these countries' calls
for support, but to take far more seriously the need to upscale the urgent action required to
prevent, prepare for, adapt to and recover from such increasingly destructive climate-related
disasters.


Mr. President,
Events around the world today sadly show that the theme of this year's General D",quarantine_2018_collection
UNGA73_General_Debate_2018_statements/UNGA73_General_Debate_2018/sierra-leone__sl_en.pdf,2018,b9fcdc5cba67ae1d2790f9a17aa2f8db974e0de0344a93c88f698510304c5778,2017|2018,2017,,"PERMANENT MISSION OF THE REPUBLIC OF
 SIERRA LEONE TO THE UNITED NATIONS

             336 East 45th St., 8th Floor  • New York, NY 10017

               STATEMENT

                                of

       HIS EXCELLENCY DR. ERNEST BAI KOROMA
           President of the Republic of Sierra Leone

                                        at the
              Seventy-Second Regular Session of the
                United Nations General Assembly

                  On the Theme:
    ""Focusing on People: Striving for Peace and Decent Life for All
                  on a Sustainable Planet""

                     Deliveredby

               H.E. Dr. SAMURA M.W. KAMARA
    Minister of Foreign Affairs &International Cooperation

                    Friday 22""'' September 2017

    New York                                               Please checkagainst delivery
Mr. President,
Mr. Secretary General
Your Excellencies, Heads of State and Government
Distinguished Ladies and Gentlemen

I bring you fraternal greetings and very best wishes from His Excellency Dr.
Ernest Bai Koroma, President of the Republic of Sierra Leone.  President Koroma
deeply regrets that he is unable to participate in this 72^ Session of the General
Assembly due to unavoidable circumstances. He has however instructed me to
deliver to you this message from him, and I quote:

""I congratulate you, Mr. President, on your assumption of responsibility to direct
the work of the Seventy-Second Session of the General Assembly, and to assure
you of my personal and country's support throughout your tenure. Let me also
congratulate and warmly welcome our new Secretary-General, Mr. Antonio
Guterres.
I want to commend and thank",quarantine_2018_collection
UNGA73_General_Debate_2018_statements/UNGA73_General_Debate_2018/singapore__sg_en.pdf,2018,02450263209c5a46c5fdf1187d4e24b3c58b4af26bd3842e963c9f62ff99a99f,2017|2018,,,"          Permanent Mission of the Republic of Singapore

                              UNITED NATIONS  I NEW YORK





           UNITED NATIONS GENERAL ASSEMBLY
                      72^ SESSION




                  GENERAL DEBATE




                   STATEMENT BY



          ins EXCELLENCY DR VIVIAN BALAKRISHNAN
              MINISTER FOR FOREIGN AFFAIRS
            OF THE REPBULIC OF SINGAPORE




                         23 SEPTEMBER 2017



                                                Please check against delivery





318 East 48th Street, New York, Nl' 10017, United States of America   I T +1 (212) 826 0840 F +1 (212) 826 2964  I mfa.gov.sg/newyork
    MULTILATERALISM, AN OPEN GLOBAL
           ARCHITECTURE AND
       INCLUSIVE ECONOMIC GROWTH

  SPEECH BY MINISTER FOR FOREIGN AFFAIRS
     DR VIVIAN BALAKRISHNAN AT THE
   72^® SESSION OF THE UN GENERAL ASSEMBLY
      NEW YORK, 23 SEPTEMBER 2017


Excellencies
Distinguished delegates


1           I congratulate His Excellency Miroslav Lajcak on his

election  as  President of the  72°^  session of the General
Assembly. I also congratulate Mr Peter Thomson ofFiji for his
leadership as President ofthe 7E' session.


2     We are meeting at a time of great imcertainty and
complex challenges globally.  The old fault  lines of race,
language and religion remain active. There is renewed anxiety
about jobs and inequality. New technologies and non-state
actors are challenging the international order.  Terrorist groups
are using  the  intemet  to spread  their  radical  ideologies,
including in Southeast Asia. Cyber-attacks and fake news have

                                                                         ",quarantine_2018_collection
UNGA73_General_Debate_2018_statements/UNGA73_General_Debate_2018/slovakia__sk_en.pdf,2018,cd54084151aebd31e576e6820723031b0db6d3f501a434d6727f5781d52e1b7a,2017|2018,,,"           STATEMENT BY



           H.E. Mr. ANDREJ KISKA



             PRESIDENT
      OF THE SLOVAK REPUBLIC




          IN THE GENERAL DEBATE

          OF THE 72ND SESSION

OF THE UNITED NATIONS GENERAL ASSEMBLY





                               CHECK AGAINST DELIVERY




           NEW YORK
              19 SEPTEMBER 2017
     Dear Mr. President, Mr. Secretary-General.

      Excellences, Distinguished delegates.

      Ladies and Gentlemen.

          It is a great pleasure to be here with you today.

     Allow me to extend my congratulations to you, Mr. President, on your
assumption of the Presidency. And to wish you well in your endeavors during
the entire session. I am convinced that under your leadership the General
Assembly will swiftly and successfully advance its work.

     Every single minute while I speak here twelve children die of hunger

and more than one hundred is born to extreme poverty. Dozens die on
preventable diseases. People die on this planet on diseases that we have been
able to cure for decades. And it is responsibility of the people in this room to
do everything in our powers to help them.

     Challenges we face often don't require difficult strategies or
unprecedented amounts of money. They need just our dedication and true

leadership, on both sides. For those, who can help -- to give up on ignorance
and selfishness. And for those who receive the help -- to put the people at
the first place.

     So, Mr. President, I want to commend you for choosing such a sound

focus for this year's General Assembly session -- focus on our people, on

striving for peace and decent life for all in sustainable conditions. Indeed,
there is no bi",quarantine_2018_collection
UNGA73_General_Debate_2018_statements/UNGA73_General_Debate_2018/slovenia__si_en.pdf,2018,41506449aea2941810f582f9737817b4eccb9edef6965a5f602993b4daa0564b,2017|2018,2017,72,"                                        Check against defivery!
DRAFT not for circulation

                          Statement
                         by
                     H.E. Mr. Miroslav Cerar
           Prime Minister of the Republic of Slovenia
            at the 72""d Session of the UN General Assembly

             New York, 21 September 2017




Mr. President,

Mr. Secretary-General,

Excellences,

Distinguished Delegates,

Ladies and Gentlemen,


Let me start by congratulating His Excellency Miroslav Lajÿ&k upon his

election as the President of the 72nd Session of the UN General

Assembly,ÿ.l wish him every success in discharging ÿhis duties. Mrÿ

President, _you can_count_ o_n _S!ovenia's full sup_poÿ. _Allow me also to

express gratitude to the outgoing President of the 71s! Session,, His

ExcellencyPetÿF-I-hb-rÿSi3fifor-hÿs important contfibÿtion-to-thework of

the General Assembly over the past year.


 I would also like to congratulate His Excel!eny AntSnio Guterres upon his

election as the Secretary-General. I commend his determination to

promote the United Nations, its values and its goals, and his tireless

endeavours to strengthen the Organisation.
 Excellences,



 The world continues to confront challenges to international peace and

 security. These are ever more complex and intertwined. Shocking

 images of human suffering are our daily reality. The consequence of

armed conflicts, degrading environment, famine, lack of economic

 opportunities, grave breaches of human rights, and terrorism are just

some of the global challenges. To be able to address them, effective

 international cooperation with the UN at its core is essential. We have

th",quarantine_2018_collection
UNGA73_General_Debate_2018_statements/UNGA73_General_Debate_2018/solomon-islands__sb_en.pdf,2018,daf0b7a860886f8fc9e66bef0aa9fefe5d738267833347add2ce8935504bb26d,2017|2018,,72,"     Solomon Islands Statement

              by

Hon. Manasseh Damukana Sogavare, MP

          Prime Minister


             72""d Session

   United Nations General Assembly


           General Debate




                                    [CHECK AGAINST DELIVERY]
Mr. President,


Permit me to add the congratulations of my Delegation to those of other Distinguished


colleagues on your election as President of the 72nd Session of the United Nations General


Assembly. Your great experience and wisdom as a diplomat will guide our work going


forward in this session. I assure you that my delegation will, for its part, try to lighten your

burden by giving you the fullest cooperation throughout the proceedings of this august


Assembly.


For your predecessor, His Excellency Mr. Peter Thomson, what can I say?


Not only was he Fiji's first President of a Session of our General Assembly but he was also


the first Pacific Islander to assume that prestigious office. Among his many achievements


was his championing of the 1,350 voluntary commitments made at the UN Ocean Conference


held here in June. Allow me to thank the out-going President, Mr. Thomson, for a marvellous


job done.



Mr. President,


Our world is going through difficult times. 2017 has been a year dominated by intentional


provocation and natural disasters. As such, the decision to design our Theme ""Focusing on


people: Striving for peace and a decent life for all on a sustainable planet' is not only


appropriate but indeed perfectly timed.


On this note, may I, on behalf of the People of Solomon Islands, extend our heartfelt


sympathies to those affected by the recent natural disasters, in parti",quarantine_2018_collection
UNGA73_General_Debate_2018_statements/UNGA73_General_Debate_2018/somalia__so_en.pdf,2018,d5eb91b02d42a865584761d2ca0ce96067ab2f0b6bc25eef29abf8d9f501cb25,2017|2018,,,"                   i





THE FEDERAL REPUBLIC OF SOMALIA

 PERMANENT MISSION TO THE UNITED NATIONS

    425 E 61ST STREET, # 702, NEW YORK,
  NY 10065 Tel (212) 688-9410, Fax (212) 759-
                     0651





          REMARKS BY

        H.E. MR. HASSAN ALI KHAIRE

PRIME MINISTER OF THE FEDERAL REPUBLIC OF
               SOMALIA



        THE 72""^ SESSION OF

   THE UNITED NATIONS GENERAL ASSEMBLY OF

           22""^ SEMPTEMBER,2017

          NEW YORK
Bismillahi Rahman! Rahim


Mr. President

Mr. Secretary-General of the United Nations

Honourable Delegates,

Excellencies,

Ladies and Gentlemen,

It is an honour to address the 72""^ Session ofthe UN General Assembly.

I bring you warm greetings and good wishes from our President, H.E.

Mohamed Abdullahi Mohamed Farmaajo, and the entire Government and

People ofthe Federal Republic of Somalia.

Allow me to first congratulate the President ofthe 72""^ Session of the

UN General Assembly for assuming this role, and for ably steering this

august body toward a successful gathering. This year's session also

coincides on International Peace Day.
",quarantine_2018_collection
UNGA73_General_Debate_2018_statements/UNGA73_General_Debate_2018/south-africa__za_en.pdf,2018,6ec63611a004f82f7792a9f3130f1d109552a8e1fb0ba25b05e7d184591ce96f,2017|2018,,72," STATEMENT BY HIS EXCELLENCY PRESIDENT JACOB ZUMA DURING THE
   GENERAL DEBATE OF THE 72ND SESSION OF THE UNITED NATIONS
        GENERAL ASSEMBLY, UNITED NATIONS, NEW YORK
                         20 SEPTEMBER 2017


Your Excellency Miroslav Lajčák, President of the General Assembly;

Your Excellency, Mr António Guterres, Secretary-General of the United Nations;

Your Majesties;

Your Excellencies;

Distinguished Delegations;



Mr President,

I wish to congratulate you on your election as the President of the 72nd Session of

the General Assembly.



I assure you of South Africa's full support in the implementation of your priorities and

responsibilities throughout your term.

We also commend Mr Peter Thompson of Fiji for his exceptional leadership during
the 71st session of the General Assembly.



I also wish to warmly congratulate Mr António Guterres, on his appointment as the

Secretary General of the United Nations.




                                        1
We also congratulate Mr Ban Ki Moon on his successful tenure.



Mr President,

You have chosen an appropriate theme for this debate, given the challenges facing

the world today, namely; “Focusing on People: Striving for Peace and a Decent Life

for All On a Sustainable Planet”.



The theme encompasses the three pillars of the United Nations of peace and

security, humanitarian affairs and human rights as well as socio-economic and

sustainable development.



The adoption of the Sustainable Development Goals two years ago, in order to

continue the unfinished business of the Millennium Development Goals, marked a

significant shift and historic moment in the life of the United Nations. We all

committed o",quarantine_2018_collection
UNGA73_General_Debate_2018_statements/UNGA73_General_Debate_2018/south-sudan__ss_en.pdf,2018,6fb22d53044f469000aa8cf8e0d214fd40d9497850b4b950f518d22f37c3040d,2017|2018,,72|72,"             Republic of South Sudan

          Office of the First Vice President




              STATEMENT


                 By

           H.Eo GEN. TABAN DENG GAI

         THE FIRST VICE PRESIDENT

         REPUBLIC OF SOUTH SUDAN



AT THE 72nd SESSION OF THE UNITED NATIONS

   GENERAL ASSEMBLY, NEW YORK, USA.
                        23rd SEPTEMBER 2017
                   New York USA





Your Excellency Miroslav Laÿ.j&k, President of the 72nd

Session of the United Nations General Assembly,


Your Excellencies Heads of State and Government,


Honourable Ministers,


Distinguished Delegates,


 Ladies and Gentlemen,



Good Morning.



Mr. President,

   1. I am honoured to give this statement on behalf of H.E.

     President Salva Kiir Mayardit, the President of the

     Republic of South Sudan who unfortunately could not

    be present here today due to pressing domestic

    commitments back home.
",quarantine_2018_collection
UNGA73_General_Debate_2018_statements/UNGA73_General_Debate_2018/spain__es_en.pdf,2018,fd4133064e0fd9a7f1283aabd18720dd00926ec3bcaf5219bd64f37d580116e7,2017|2018,2017,,"                                                                                   1""""01
     ESPANA




                       INTERVENCION DEL
   MINISTRO DE ASUNTOS EXTERIORES Y DE COOPERACION DE ESPANA

              EXCMO. SR. D. ALFONSO DASTlS QUECEDO

                   EN EL DEBATE GENERAL DEL
        SEPTUAGESIMO SEGUNDO PERioDO DE SESIONES DE LA
           ASAMBLEA GENERAL DE LAS NACIONES UNIDAS

                  Nueva York, 21 de septiembre de 2017

                          (Cotejar con intervenci6n definitiva)




                       STATEMENT BY
    THE MINISTER FOR FOREIGN AFFAIRS AND COOPERATION OF SPAIN

                      H.E. MR. ALFONSO DASTIS QUECEDO


                 AT THE GENERAL DEBATE OF THE
 SEVENTY-SECOND SESSION OF THE UNITED NATIONS GENERAL ASSEMBLY


                   New York, 21 September 2017

                          (Check against delivery)




       MISION PERMANENTE DE ESPANA EN LAS NACIONES UNIDAS
245 EAST 47TH STREET , 36TH FL., NUEVA YORK , N.Y. 10017 TEL. (212) 661-1050
        Mr. President ,
        Mr. Secretary General,
      Heads of State and Government,
       Ladies and Gentlemen,


       Please allow me to first welcome the election of Miroslav l.ajcak as President of the
Assembly and to wish him every success  in  his important  role. This seventy-second
session is the first during the term of Secretary-General Antonio Guterres. The Secretary­
General can count on Spain's unwavering support for his work.
       Mr. President, Ladies and Gentlemen,
Spain is eager to make meaningful contributions to a fairer and freer world , a world with
greater solidarity.
       This  assertion  of our compromise  is particu",quarantine_2018_collection
UNGA73_General_Debate_2018_statements/UNGA73_General_Debate_2018/spain__es_es.pdf,2018,409d2d2ce6e8047ed5012aad391ca957d0456722f14e01cc1ff768781794bd45,2017|2018,2017,,"                                                                                   1""""01
     ESPANA




                       INTERVENCION DEL
   MINISTRO DE ASUNTOS EXTERIORES Y DE COOPERACION DE ESPANA

              EXCMO. SR. D. ALFONSO DASTlS QUECEDO

                   EN EL DEBATE GENERAL DEL
        SEPTUAGESIMO SEGUNDO PERioDO DE SESIONES DE LA
           ASAMBLEA GENERAL DE LAS NACIONES UNIDAS

                  Nueva York, 21 de septiembre de 2017

                          (Cotejar con intervenci6n definitiva)




                       STATEMENT BY
    THE MINISTER FOR FOREIGN AFFAIRS AND COOPERATION OF SPAIN

                      H.E. MR. ALFONSO DASTIS QUECEDO


                 AT THE GENERAL DEBATE OF THE
 SEVENTY-SECOND SESSION OF THE UNITED NATIONS GENERAL ASSEMBLY


                   New York, 21 September 2017

                          (Check against delivery)




       MISION PERMANENTE DE ESPANA EN LAS NACIONES UNIDAS
245 EAST 47TH STREET , 36TH FL., NUEVA YORK , N.Y. 10017 TEL. (212) 661-1050
       Senor Presidente,
       Senor Secretario General,
       Senores Jefes de Estado y de Gobierno,
       Senoras y senores,


      Permitame en primer lugar saludar la eleccion de Miroslav Lajcak como Presidente
de  esta  Asamblea  y  desearle  muchos  exitos  en  su  alta  responsabilidad.  Este
septuaqesirno segundo periodo de sesiones es tambien  el primero en el mandato del
Secretario General Anton io Guterres. El Secretario General cuenta con el firme respaldo
de Espafia en el desernperio de su labor.
      Senor Presidente, senoras y senores,
      Espana quiere redoblar sus esfuerzos para  la consecucion de un mundo rnas
justo, rnas Iibre y",quarantine_2018_collection
UNGA73_General_Debate_2018_statements/UNGA73_General_Debate_2018/sri-lanka__lk_en.pdf,2018,1447760e0a23f08a59f6b3202d09d2b705d6467aa06ef89a381efcc701632e53,2018,2018,73|73,"                Address by H.E. Maithripala Sirisena,

             President of Sri Lanka at the 73rd Session of the

                   United Nations General Assembly

                        25 September 2018, New York


May the Noble Triple Gem bless all of you!

Mr. President,

Mr. Secretary-General,

Distinguished Heads of State,

Distinguished Delegates,

Friends,

I am extremely pleased to participate in the 73rd Session of the United Nations General Assembly
representing Sri Lanka for the fourth consecutive occasion. Sri Lanka, as a Member State of the
United Nations, is fully committed to adhere to its Charter, Conventions and Agreements and their
implementation.

As Head of State, I am pleased to note the progress that has been made by Sri Lanka and my
government during the past three-and-a-half years. When I was elected by the people of Sri Lanka
as Head of State in January 2015, the Executive Office that I hold today, had excessive powers,
which were comparable to those of a king, or even an emperor.  I am pleased to state that I was
able to relinquish these emperor-like excessive powers and transfer them to the Parliament of Sri
Lanka, fulfilling the utmost duty of an elected leader.

During the past three-and-a-half years, democracy has been strengthened in my country.  In
addition, human rights, freedom of the people and the media as well as the independence of the
judiciary have been strengthened. Therefore, the Sri Lanka of today is not what it used to be three-
and-a-half years ago. I can clearly state that the Sri Lanka of today is a society which is more
inclusive and humane.

We, as Member States of the United Nations, must consider it as our duty a",quarantine_2018_collection
UNGA73_General_Debate_2018_statements/UNGA73_General_Debate_2018/sudan__sd_ar.pdf,2018,4c83da46981e2cd6a8b08632a2c81b4f8cc3e9f61322014419b1da4666e41a8d,2017|2018,,,"   U D A N
                PERMANENT MISSION TO THE UNITED NATIONS                           f 305 East 47th Street, New York, N.Y. 10017 -Tel: (212)573-6033, Fax: (212)573-6160





     H.E. Prof. ibrahim Ahmed Abdelaziz Ghandour
Minister for Foreign Affairs of The Republic of The Sudan

          oily1 ""    '

",quarantine_2018_collection
UNGA73_General_Debate_2018_statements/UNGA73_General_Debate_2018/suriname__sr_en.pdf,2018,aebeefb9dcac9e36aed487bbff9b95c9befeada52a4a478ad214fc7eec1618b8,2017|2018,2017,72,"              STATEMENT

                      by

   Her Excellency Yldiz Pollack-Beighle

Minister of Foreign Affairs of the Republic of
               Suriname



     On the occasion of the General Debate
                           of the
                 72nd Session of the
         United Nations General Assembly




                    New York

                 23 September 2017





                                                     Please check against delivery.
Mr. President, Excellencies Colleagues, Ladies and Gentlemen,

On behalf of His Excellency Desiré Delano Bouterse, President of the Republic of
Suriname, I wish to extend to Mr. Lajčák congratulations on his election to preside
over the General Assembly.

Suriname is grateful to the past Chair for his efforts in addressing the issues of the
small and vulnerable states within the SIDS construct. We wish Mister Peter Thomson
success in his new role as Special Envoy of the Secretary General on Oceans.

Mr. President,

Allow me to address critical issues related to the theme of this year’s session, which
are directly related to Suriname and the Region we belong to.

Natural disasters and Climate Change
Suriname, Mr. President, cannot but  give special attention  to the extraordinary
fashion in which the annual hurricane season has presented itself in the Caribbean.
Our thoughts go out to the many families, the mothers, the children, the elderly and
the sick who are living the worst possible nightmares!

We are convinced that those affected will be comforted with the hope that all is not
lost, since the world community stands with them and pray for the betterment and
speedy recovery of our Region.

We also ",quarantine_2018_collection
UNGA73_General_Debate_2018_statements/UNGA73_General_Debate_2018/sweden__se_en.pdf,2018,49ad367a9f3b07367acf6698a7f730e9fbcb0f0d0813bd9ad5868a1da0741189,2017|2018,,,"CHECK AGAINST DELIVERY

                72nd United Nations General Assembly

         National Statement on behalf of Sweden delivered by

   H.E. Ms Margot Wallström, Minister of Foreign Affairs, Sweden

                             _______________________


Mr President, Secretary-General, Excellencies,


In 1954, former Secretary-General, Dag Hammarskjöld, stated that “the United

Nations was not created to bring us to heaven, but to save us from hell”.


The need for a United Nations that seeks to save us from humanity’s worst impulses

remains. However, in these days of uncertainty we must also learn from - and build on

- what is positive in our world, and in the United Nations.


In his important address on Tuesday, our Secretary-General laid out the threats and

challenges we face; and how we can overcome them. Delivering a peaceful and

prosperous future will depend on collective action.


This is the moment for multilateralism, not unilateralism. We must grasp it or risk the

consequences.


The United Nations is at the centre of this effort. It is a tailor-made space for the world

to find the solutions to the common challenges of our time. And, despite the,

sometimes justified, criticisms, it is clear that we still believe in the United Nations’

power. If we did not, Presidents, Prime Ministers, business and civil society leaders

would not be here this week. I believe that we all recognise, that in the face of global

challenges, ‘going it alone’ is no longer an option.





                                           1
CHECK AGAINST DELIVERY


The United Nations, founded to save succeeding generations from the scourge of war

and to promote better standard",quarantine_2018_collection
UNGA73_General_Debate_2018_statements/UNGA73_General_Debate_2018/switzerland__ch_en.pdf,2018,f607c36f6b349271222e719a00cbc3e2b90d55c3c0b6de7fbda9aa01a35067ca,2017|2018,2017,72,"Working together for a strong UN – for the
benefit of us all




      Statement by the President of the Swiss Confederation,
                Son Excellence Doris Leuthard,
              for the High-Level Week of the 72nd session
               of the United Nations General Assembly
                    in New York, 19 September 2017



                                                              The spoken word is final!





President of the General Assembly

Secretary-General

Heads of State and Government

Excellencies

Ladies and Gentlemen

Humanity has indeed made considerable progress since the beginning of this century in the fight
against the worst evils in the world, such as hunger, extreme poverty and poor access to education.
Nevertheless, there are still 795 million people going hungry, and every ten seconds a child dies of
starvation and malnutrition. In addition, we face further challenges: climate change, global
inequality, conflicts and humanitarian disasters, as well as forced displacement and migration.

No country, no actor alone can find solutions to the challenges of today. They are simply too big;
they are too complex; they do not stop at borders; and they concern the whole community of
nations.

We therefore need a forum where we can meet. We need a forum where we can develop solutions
and monitor their implementation. We need an actor with the necessary legitimacy throughout the
world to help implement solutions.
In other words, we need the UN, and we need a strong UN. That we are living at a time when this
has to be re-affirmed is a warning sign! In order to maintain and strengthen the UN’s ability to act,
we need to make new investments. Switze",quarantine_2018_collection
UNGA73_General_Debate_2018_statements/UNGA73_General_Debate_2018/switzerland__ch_fr.pdf,2018,3b4dece09c4b1c4e12bd2ae34b8431c3d5d92ae73f4275382547b0f0db0e9e7d,2018,,,"

",quarantine_2018_collection
UNGA73_General_Debate_2018_statements/UNGA73_General_Debate_2018/syrian-arab-republic__sy_ar.pdf,2018,9e0765d8a3a111dcd87e9f1d2132337f861e1637d7f4c26b190f8bfda3c4da7c,2017|2018,,,"THE PERMANENT MISSION OF THE SYRIAN ARAB
                                                         j^Vl       4—ftjIjJIREPUBLIC TOTHE UNITED NATIONS - NEW YORK

                                          *


                     lOiall iMi
         MjUtItc              'ibiAJI


                 ^j*ii


                         fUl





                   \  ^V(J^^i TV —liljjjj^               C'liiyi Ajc. jj-ajll AjuIoa pL^^l


                                                                         1
     (_s-^^  (jl5 4^1aJ1           ^l*Ji  ^LtiuaaAl 1-ui^         A.""'li           ^  cninj
                   4j*.AaJI  (JLac.i Sjl^ ^            ftiq-^ tff^        jSjil Lo^        ^La^i
      jaU                     4.j]jp  (.5^                                  .^J> »iH           (j^              .AjjhJaLoll
^Vi  (3^^^             .Ik-alAA]  l)i)*^  AjUI9|.i.iiflj ^>UajJaVi ^   ^la-ill  a1  Ij'ixn^  tS^alAll

                                                                                                                        .5.l2k3<6ll

                                                                 (SjLuJIj tiiijjLuJi i^i
^ ^""i..»A        jajuy  '          1.^* )  #La^J O^^Jaa.g  ^J^^jtjuda                   ^                                                      *              i
plj^l ^1 ^Uil SjIoI     cl^lj^j L-J^xjill       I^jIojAj l^jJajua (>a^ (.5*^    U^
4-il^.^l            t^l.^33lj t        ^1j ^(JlAjua)^                      (-jiafill
^Ic.            iLai  jSjjj UjljP                       Cy^ S^la. (J^axJ        LSS^J t^LuoVl^
                           .l^l^LuoA ^JOIwHJ^ C5^ UJjJUuall (3^

       I^UjI  frLoJ   (j-tt  C^JaAlj  ULaji         ^IjlSI  LJ^Xjui  ",quarantine_2018_collection
UNGA73_General_Debate_2018_statements/UNGA73_General_Debate_2018/syrian-arab-republic__sy_en.pdf,2018,0f759e0d5aa5af1de854bbe588e1ba48d9c5b90d3f9c2e4f5e991f1fa367d238,2017|2018,,,"THE PERMANENT MISSIONOFTHE SYRIAN ARAR                               ^\V\   3                    A.                A..      A
                                                                                      jk_oVl (^<1—I ^  fliljjlREPORUC TO THE UNinO NATIONS - HEW YORK




                        Statement by

                   H.E. WalidAl-Moualem

                   Deputy Prime Minister

            Minister ofForeign Affairs andExpatriates

                       Of

                 The Syrian Arab Republic

       Head ofthe delegation ofthe Syrian Arab Republic

                           At

                   The General Debate
    Ofthe 72""^ Session ofthe UnitedNations General Assembly

                    New York

                    September 23'''', 2017




   Please check against delivery
President of the seventy-second session of the United Nations General Assembly,

        I would liketo congratulate youon yourelection as president of thecurrent session ofthe
General Assembly and wishyou all success. I would also like to thank yourpredecessor for his
important role at the helm of the General Assembly during the previous session. I congratulate
Mr. Antonio Guterres on his appointment as Secretary-General of the United Nations and wish
him the best in carrying out his responsibilities in service of the principles and purposes of the

UN Charter.

Ladies and gentlemen,

     As we meetagain,our world is facing mounting challenges and dangers on a dailybasis,
and a persistent standoffbetween two sets of forces: forces that seek to control and dominate
nationsand theirriches, by turningbackthe clock, re-establishing a unipolar worldorder, fueling
chao",quarantine_2018_collection
UNGA73_General_Debate_2018_statements/UNGA73_General_Debate_2018/tajikistan__tj_en.pdf,2018,7000b89e14adb35e18b653a12ba2fc846d24f130ac09c4194b215b9379351973,2017|2018,2017,72|72,"PERMANENT MISSION OF TAJIKISTAN TO THE UNITED NATIONS
        216 East 49th Str., New York, N.Y. 10017; tel: (212) 207-3315;
                   fax: (212) 207-3855; e-mail: tajikistanun@un.int





             STATEMENT
                      by
              H.E. Emomali RAHMON
         President of the Republic of Tajikistan
                            at
the 72nd session of the United Nations General Assembly.


          New York, 19 September 2017





           Check against delivery





                                                                           1
Distinguished Mr. President,

Distinguished Mr. Secretary-General,

Distinguished Delegates,

Heads of State and Government,

Ladies and Gentlemen,

      At the outset, I would like to congratulate Mr. Miroslav Lajcak on his election as President
of  the  72nd  session  of  the UN General Assembly and wish him every  success  in  the
implementation of his most noble duties.
     May I also express my sincere appreciation to Mr. Peter Thomson for his continuous
support of Tajikistan’s national and international initiatives during his tenure of presidency at the
71st session of the UN General Assembly.

      The dynamic processes of globalization over the past decades, on the one hand,
contributed to the expansion of political and economic ties among countries, to integration among
different regions of the world, and, on the other hand, brought about massive challenges to the
people of the planet.
        In this context, the concerted efforts of the UN member states at ensuring safe and
peaceful life for the people have encountered serious obstacles.
              In this regard, the United Nations, as a",quarantine_2018_collection
UNGA73_General_Debate_2018_statements/UNGA73_General_Debate_2018/thailand__th_en.pdf,2018,63ee8d45b6d2f965293a067667e151df59fb055ff2f6dc27ff9f056ca5d26b1c,2017|2018,2017,,"                                                         As of 21 Sep. 2017 @ 23.45 hrs.


                   Statement of His Excellency Mr. Don Pramudwinai
                    Minister of Foreign Affairs of the Kingdom of Thailand
                              at the General Debate of the 72""d Session
                             of the United Nations General Assembly
             on ""Focusing on people: strivingfor peace and a decent life for all
                              on a sustainable planet""
               at the United Nations Headquarters, New York, United States of America
                                     September, 2017


        Mr. President,

/             1. I am sure I speak on behalf of everyone here that our hearts and prayers are
            witti everyone in the Caribbean now facing the devastating effects of hurricanes,
         especially in Dominica and Puerto Rico. Our prayers are also with people of
           • Mexico in the aftermath of the deadly earthquake on Tuesday.


        Mr. President,


             2. Over the past few days, the words ""we the peoples"" have been echoed in
           this august assembly many times. Thailand shares the view of Secretary General
         Guterres and many member states that we need to focus more on the people and
         less on bureaucracy. The United Nations must be less about debates but more
         about actions and can truly impact changes on the ground.

             3. At the General Assembly this year, it is gratifying to hear world leaders
         focusing on people. Indeed, the life, survival, 'ond prosperity of a nation depend
       on the quality of life of its people. When peop",quarantine_2018_collection
UNGA73_General_Debate_2018_statements/UNGA73_General_Debate_2018/timor-leste__tl_en.pdf,2018,1e75984a6e6d1779d388b9d268de1d4ccc0b8e8cd3f755af6ad8a16c80b708d4,2017|2018,2027,,"        SPEECH BY HIS EXCELLENCY FRANCISCO GUTERRES LU OLO
        PRESIDENT OF THE DEMOCRATIC REPUBLIC OF TIMOR-LESTE
     AT THE 72ND SESSION OF THE UNITED NATIONS GENERAL ASSEMBLY


                       TO BE DELIVERED
                            BY
                         H.E. MS. MARIA HELENA PIRES
  PERMANENT REPRESENTATIVE OF TIMOR-LESTE TO THE UNITED NATIONS


                      New York, 20 September 2027





Check against delivery
                                                                2


Excellencies, Mister President of the UN General Assembly
Mister Secretary General of the United Nations

I extend my congratulations to Mr President Miroslav Lajÿk on his election by the General
Assembly as well as my best wishes of success, and I salute the outgoing president Peter
Thomson for his leadership in conducting the work of the 71st session.




We, the United Nations

It is a happy coincidence that I was given the opportunity to address this General Assembly
today- on this very same day, 18 years ago, the first Australian and New Zealand personnel of
the INTERFET, the International Force in East Timor, arrived in my country, occupied at the
time. The arrival of that UN-mandated force on 20 September 1999 put an end to the
bloodshed and paved the way for us to attain national independence voted for the majority of
the Timorese people at the referendum for self-determination held under the supervision of
the United Nations, pursuant to international law.

On behalf of the Timorese people, I reiterate my heartfelt gratitude to the United Nations and
to all civilians and servicemen who, under the flag of the United Nations, protect innocents and,
ultima",quarantine_2018_collection
UNGA73_General_Debate_2018_statements/UNGA73_General_Debate_2018/togo__tg_fr.pdf,2018,d8a420347d28d1cea8bfe4ad86200ece17e3f07db102ec49d8e0c97cf9e7562c,2017|2018,,,"

",quarantine_2018_collection
UNGA73_General_Debate_2018_statements/UNGA73_General_Debate_2018/tonga__to_en.pdf,2018,7a68b36aa84d71cd6a0a2c8411983797bc53a3dd20f685470bf0d98c84618814,2017|2018,2017,72,"                   Statement of


               HIS MAJESTY KING TUPOU VI


SOVEREIGN AND HEAD OF STATE OF THE KINGDOM OF TONGA

               on the occasion of the

                    General Debate

                at the Seventy-second Session

          of the United Nations General Assembly


                Friday, 22nd September 2017


        United Nations Headquarters, New York
Mr. PresidenL


I congratulate you on the assumption of your presidency of the 72nd Session of the United

Nations General Assembly and I assure you that the Tonga delegation will fully support your

able leadership in revitalizing and enhancing the crucial role of this august Organization.



[ express gratitude to your predecessor, His Excellency Mr. Peter Thomson, a distinguished

son of the Pacific Islands Region, with progressing the implementation of the 2030

Development Agenda and successfully convening the inaugural Ocean Conference this year.



I also commend His Excellency Mr. Ant6nio Guterres the United Nations Secretary-General,

for the sterling stewardship since the beginning of his first year at the helm. The Tonga

delegation will fully support your important reform work.


We send our message of solidarity and sympathy to the people of Mexico, their families and

friends affected by the devastating earthquake and; to the millions of people in the Caribbean

and all those affected in recent weeks by the utter ravages of successive hurricanes.



Mr. President,



My delegation and I welcome your timely and relevant theme: ""Focusing on people: sn-iving

for peace and a decent life for all on a sustainable planet."" It essentially emphasizes the

peaceful wellbeing of a",quarantine_2018_collection
UNGA73_General_Debate_2018_statements/UNGA73_General_Debate_2018/trinidad-and-tobago__tt_en.pdf,2018,16f3ee983466cab7bb844d05ff6991db2182d998cf3f863a67c9e2e0d6c132d4,2017|2018,2017,,"   TRINIDAD AND TOBAGO

PERMANENT MISSION OF THE REPUBLIC OF TRINIDAD AND TOBAGO TO THE UNITED NATIONS
     633 Third Avenue, 12th Floor • New York, N.Y. 10017 • Tel.: (212) 697-7620 • Fax: (212) 682-3580




                                                                     Please Check Against Delivery


                 Trinidad and Tobago

                   National Statement

                       by

         Senator the Honourable Dennis Moses

      Minister of Foreign and CARICOM Affairs ofthe

            Republic of Trinidad and Tobago

                           for the

   General Debate ofthe Seventy-second Session ofthe

           United Nations General Assembly





                                                                                           sl>




                          United Nations, New York
                           23 September 2017
Mr. President
Secretary General
Excellencies
Ladies and gentlemen


Eachyear, as a community of nations, we gather together to reaffirm the possibilities and potential
that come from our resolve,that findingsolutions to the many challengesfacing our planet canbest
be achieved through our collective action, shared dialogue, and striving for peace and a decent life
for all peoples.

On behalf of the Government and people of the Republic of Trinidad and Tobago, 1 am honoured
and delighted to address this Assembly today. 1 extend heartfelt congratulations to you on your
election as President of the 12^^ Session. We are confident that you will discharge your mandate
with efficiency and impartiality for the benefit of all nations, and you have the support of our
delegation

Further,  I seize  this opport",quarantine_2018_collection
UNGA73_General_Debate_2018_statements/UNGA73_General_Debate_2018/tunisia__tn_ar.pdf,2018,018d75a7d00ffdef1009abe17fe6bfffb7dfdda0c0598074e079bb4fac8886f5,2017|2018,2017,,"REPUBLIC OF TUNISIA
 MINISTRY OF FOREIGN                           oi>^l 5jli3
       AFFAIRS                                               - J

                  m





                 A^jSl)                   Jih

          e.i»l4ll ^,4^ ^Ixll 4jt n-)ll

                           (2017     22


                Statement of H.E. Mr. Khemaies Jhinaoui,
            Minister of Foreign Affairs of the Republic of Tunisia

     on the occasion of the General debate of the 72""^ Session of the
                 General Assembly of the United Nations

                       (New York, 22 September 2017)
                                                                                        taLLumJI

                                                                                       iAjum/JI
                               6^1      tl^j^,.q-4.vJI ujLse,^!
                                               ^UtXI (i^Lse,^!
                                           (SjLmaJI^ cjI>,Lc<«JI

UiX-jj^""   :i^l             ^1^1  ^
 <AisA\ Sjj^ l^luj ^jUjji    "" Miroclav Lajcak

 j^jJaji         JJ^I   <-ilj\m   A^jjj     ^ji    Jjl    LaS
<ljj LJ sjiaiJi ^bu ^i*]| (j^vi ""Antonio GuterresL>-:Jj:jjj^
4,irtLuill AjaaVI                            (j^ A-al^^ Ar->tU. ul
(jjJj^l  tj-aVlj  ^»LJ1  Jilskj      \luKirtl  (_jjja-4]| jj^l jjj«jj

                                                       .'LdljluiAll 'LlojjII

^LuJi Sjj^ aj^Uj j!ik A^i ""Peter Thomson uj*^jj
            jku Ufl          SS=LLa]l ^bU ^UJl ^JXASJI

                              .2030     ^Iji-a1I
",quarantine_2018_collection
UNGA73_General_Debate_2018_statements/UNGA73_General_Debate_2018/turkmenistan__tm_en.pdf,2018,fb637b7b3e8c0259210fd4a838261a3909827386d190b29716079a03640a1a21,2018,,73|72,"
                   STATEMENT
          BY THE PRESIDENT OF TURKMENISTAN
                     HIS EXCELLENCY
          MR. GURBANGULY BERDIMUHAMEDOV
       AT THE 73RD SESSION OF THE UNITED NATIONS
                GENERAL ASSEMBLY



   Dear Mr. (Mrs.) Preside t,

  De r heads of deleg tio s,

   Ladies nd ge tleme ,


    First of all, allow me to congratulate Mrs. Maria Fernanda Espinosa Garces on
her election to the post of the 73rd session of the UN General Assembly and wish
her success in the forthcoming responsible work. I would also like to express my
appreciation to Mr. Miroslav Lajcak, President of the 72nd session on his

knowledgeable and effective work on this post.


   Disti uished P rticip nts,


  The current session of the General Assembly is taking place against the
background of complex trends in international politics. In spite of the efforts, of the
international community, primarily represented by the United Nations, situation in

a number of regions of the globe continues to remain complicated and we witness

a proliferation of conflict prone areas and simultaneously with this a decrease in
the general level of trust and mutual understanding in our views on the ways and

prospects of global development.
   Under those circumstances the issue of ensuring general, reliable and long-term
security becomes all too apparent and acute thereby imposing the responsibility

for mankind s destiny on every state.
  We believe that the United Nations is called upon to play the main and decisive
role in preserving the foundations of international order on the basis of the
principles of mutual respect and peaceful political dialogue. The validity of this
mission o",quarantine_2018_collection
UNGA73_General_Debate_2018_statements/UNGA73_General_Debate_2018/tuvalu__tv_en.pdf,2018,d76531c7b71c5bc4e2f9d963ca23c49e7fabdaabf8f0092d43c4a6bf167a90a9,2017|2018,2017|2000,72,"                TUVALU





                    Statement
                  Presented by the
       PRIME MINISTER OF TUVALU

          Honourable Enele Sosene Sopoaga

                         at

The 72""d Session of the United Nations General Assembly

                  General Debate

                September 21, 2017

              New York
 President of the General Assembly
 Excellencies
 Ladies and Gentlemen


 1.   Next week on the 1st of October, Tuvalu will mark its 39th Anniversary of
 Independence. It gives me great pleasure, on behalf of the Government and people of Tuvalu,
 to thank the United Nations and all its Membership for granting Tuvalu the recognition of
 full sovereignty in October 1978.

2.   Twenty-nine years after on the eve of the 21st Century, September 2000, Tuvalu was
 admitted as the 169th Member of the UN, with the rights of full participation as a Member of
the UN Family. Our joining the UN is a journey of hope. Hope in the noble values of this
great body, the UN, and trust in its ability to assure humanity, including small and
vulnerable countries like mine, peace and security, and prosperity for our survival.

3.     I record Tuvalu's sincere gratitude to the UN and its specialized agencies,
development partners especially our traditional partners in the Pacific, regional bodies of
the Pacific, friends in Asia, India, South Korea, Japan, in the Republic of China/Taiwan, in
the EU and others for all your support to my island nation of Tuvalu. We welcome the
friendship and partnership of UN members and other entities as we advance forward.


4.  Mr President, we applaud the theme of the 72nd General Debate, ""Focusing on people:
striving fo",quarantine_2018_collection
UNGA73_General_Debate_2018_statements/UNGA73_General_Debate_2018/uganda__ug_en.pdf,2018,7761ed12c531ec7a9bd2766fdc564e9b5a2b964ec0deee75a762f04620792f6b,2017|2018,,72,"                                   THE REPUBLIC OF UGANDA


               ADDRESS


                 BY


           H.E. YOWERI KAGUTA MUSEVENI
    PRESIDENT OF THE REPUBLIC OF UGANDA


AT THE 72ND SESSION OF THE UN GENERAL ASSEMBLY


Theme: ""Focusing on People: Striving for Peace and a Decent
                  life for all on a Sustainable Planet"".



 19TM SEPTEMBER, 2017        NEW YORK
                                      THE REPUBLIC OF UGANDA

Excellencies Heads of State and Government;

President of the UN General Assembly;

Secretary General of United Nations;

Distinguished delegates;


Ladies -and-Gentlemen.       -  ...................................................................


FOCUSING ON PEOPLE STRIVING FOR PEACE AND A
DECENT LIFE FOR ALL, ON A SUSTAINABLE BASIS

I congratulate H.E. Mr Miroslav Lajÿk on his election as
President of the 72nd Session of the UN General Assembly and
assure him of Uganda's support. We are confident that he will
lead the Assembly effectively and successfully. I would also like
to express our gratitude to H.E. Mr Peter Thomson, for his
leadership of the 71st Session. I pay tribute to the Secretary-
General, H.E. Ant6nio Guterres, for his personal dedication and
commitment to the work of the United Nations.

The theme for this Session, ""Focusing on People: Striving for
Peace and a Decent life for all on a Sustainable Planet"" is
very pertinent.

I am happy this topic is being discussed. I have always
wondered why the elites in the different countries of the world
do not see this. Who would lose if all the people on the globe
led a decent life of:
(a)  having 2,000-2,500 calories per day for an adult person;
     having immun",quarantine_2018_collection
UNGA73_General_Debate_2018_statements/UNGA73_General_Debate_2018/ukraine__ua_en.pdf,2018,465276e3d5ae36e89a8834f7f095fe2891939a105276b4246ac87b8d860bc143,2017|2018,2017,72|72,"          Statement by H.E. Mr. Petro Poroshenko,

                    President of Ukraine,

                 during the General Debate

  of the 72nd session of the United Nations General Assembly



                               September 20, 2017





Distinguished Mr. President,

Excellencies,

Ladies and gentlemen,

On behalf of Ukraine, I sincerely congratulate the honorable Mr. Miroslav Lajčák on his
election as President of the 72nd session of the General Assembly.

Mr. President, Ukraine fully supports all six priorities defined by you for the upcoming
session and is ready to assist you in your noble efforts.

A lot must be done to translate our common vision of a peaceful, prosperous and equal
world into reality.

The spiral of violence continues to affect more and more countries and regions.

Transnational terrorism, use of force in international relations, proliferation of weapons
of mass destruction, refugee crisis, poverty, human rights violations and environmental
fragility are only some of the challenges we face.

The scope of threats demands our joint resolute response.

It is time to act and we have a very narrow window of opportunity to avoid sliding down
into irreversible chaos.
The United Nations should be at the forefront of this process.

Ukraine has always advocated the need to reform the United Nations to meet the most
urgent global challenges timely and adequately.

In this regard, we welcome the efforts of the Secretary-General, since the first day of his
mandate, to develop and implement a robust, comprehensive UN reform agenda.

No less than we welcome and support the US initiative to promote an effective and
meaningful reform of the United ",quarantine_2018_collection
UNGA73_General_Debate_2018_statements/UNGA73_General_Debate_2018/united-arab-emirates__ae_ar.pdf,2018,ea16cc46d697150df0c37dcccb6a60f850206c53a11e0656cf6b22d13d25e85f,2017|2018,,,"PERMANENT MISSION OF THE
    UNITED ARAB EMIRATES
   TO THE UNITED NATIONS
            NEW YORK





                         ,,Lÿ





                   2017 ÿ 22 ÿ.ÿ..ÿ.""





                            Page I of 7
PERMANENT MISSION OF THE
    UNITED ARAB EMIRATES
   TO THE UNITED NATIONS
            NEW YORK





                                        :_ÿYl M o.4.s ÿ M oL>iÿ





                             Page 2 of 7
",quarantine_2018_collection
UNGA73_General_Debate_2018_statements/UNGA73_General_Debate_2018/united-kingdom-great-britain-and-northern-ireland__gb_ar.pdf,2018,35c0de2c07421b536c7bdf9bc6b7db16567b81515aa227f748933494cd928e38,2017|2018,,,"       اﻳﺮﻟﻨﺪوآ ﻟﻌﻈﻤﻰ ا ﻟﱪﻳﻄﺎﻧﻴﺎ ةﳌﺘﺤﺪا ﳌﻤﻠﻜﺔ ا وزراء ﺋﻴﺴﺔر ﻛﻠﻤﺔ
  ةﳌﺘﺤﺪا ﻟﻸﻣﻢ ﻟﻌﺎﻣﺔا ﻟﺠﻤﻌﻴﺔا مﻣﺎأ ،يﻣﺎ اﻳﺰريﺗ ةﻟﺴﻴﺪا ، ﻟﻴﺔ ام ﻟﺸ ا


Published:
2017 سبتمبر 20
Delivered
2017 سبتمبر 20
( Transcript of the speech, exactly as it was delivered)

       < HkÞÞþÖ<ÜøÇj‰]æ <°ée^â…ý]<ívÊ^ÓÚæ <HäÖ<ë‚’jÖ]æ <h^â…ý]<î×Â<íÚ^ÃÖ]<íéÃÛ¢]<Ý^Ú_<^ãjÛ×Ò<» <Hë^Ú <]ˆèi<Hð]…‡çÖ] <íŠéñ…<lˆÒ…
            <çjéËÖ]<…ææ <íè…ç‰ <» <íéÞ^ŠÞý]<ì^‰`¹]<gÞ^q<±c<HåÆæ<¼‰æù] <Ñ†Ö]<» <…]†Ïj‰÷] <Ý‚Ãe <gfŠj×Ö<ð^Ş‰æ <Ùø}<àÚ<ØÛÃi<Ùæ<Ù^ÃÊ_æ
                                                                                                                                                                                                                                .^ãéÊ <ê‰æ†Ö]


                                    ﺗﻜﻤﻦ ﲢﺪﻳﺎﺕ ﻧﻮﺍﺟﻪ ، ﺍﻟﻌﺎﻣﺔ ﺍﳉﻤﻌﻴﺔ ﻫﺬﻩ ﰲ ﻧﻠﺘﻘﻲ ﻭﳓﻦ ، ﺇﻧﻨﺎ
                                                          ﻗﻴﻤﻨﺎ ﲣﺘﱪ ﲢﺪﻳﺎﺕ  ﺇﻬﻧﺎ . ﻛﺄﻣﻢ ﳓﻦ ﻣﻦ : ﺍﻟﺴﺆﺍﻝ ﺻﻤﻴﻢ ﰲ
                                                ﺗﻌﺰﺯ ﺍﻟﱵ ﻭﺍﳌﻌﺎﻳﲑ ﺍﻟﻘﻮﺍﻋﺪ ﻋﻦ ﺍﻟﺪﻓﺎﻉ ﻋﻠﻰ ﻭﺇﺻﺮﺍﺭﻧﺎ ﻭﺭﺅﻳﺘﻨﺎ
                                                             ﺍﻟﻌﺎﻡ ﻫﻨﺎ ﻛﻠﻤﱵ ﰲ ﻨﺖ ﺑﻴ ﻭﻛﻤﺎ . ﺍﳌﻮﺍﻃﻨﲔ ﺇﺧﻮﺍﻧﻨﺎ ﻭﺍﺯﺩﻫﺎﺭ ﺃﻣﻦ
                                            ﲢﺘﺮﻡ  ﺃﻭ ﺗﻌﺘﺮﻑ ﻻ ﺍﻟﺘﺤﺪﻳﺎﺕ ﻫﺬﻩ ﻣﻦ ﺍﻟﻜﺜﲑ ﻓﺈﻥ ،ﺍﳌﺎﺿﻲ
           5ﻫﺬﻩ ﺑﻠﺪﻱ ﰲ ﻣﺮﺍﺕ   ﺫﻟﻚ ﰲ ﲟﺎ ، ﺑﻠﺪﺍﻧﻨﺎ ﻣﻦ ﺑﺎﻟﻜﺜﲑ ﻋﺼﻒ ﺍﻟﺬﻱ ﺑﺎﻹﺭﻫﺎﺏ ﻃﺒﻌﺎ ﺃﻓﻜﺮ ﺇﻧﲏ . ﺍﳉﻐﺮﺍﻓﻴﺔ ﺣﺪﻭﺩﻧﺎ
ﻭﻫﻢ ، ﺍﳌﺘﻄﺮﻑ ﺍﻟﻔﻜﺮ ﳓﻮ ﻳﻨﺠﺬﺑﻮﻥ ﺍﻟﺬﻳﻦ ﺍﻷﻓﺮﺍﺩ ﻣﻦ ﺍﳌﺘﺰﺍﻳﺪﺓ ﺍﻷﻋﺪﺍﺩ ﺗﻠﻚ ﺍﻹﺭﻫﺎﰊ ﺍﻟﺘﻬﺪﻳﺪ ﻫﺬﺍ ﻳﺆﺟﺞ ﻭﳑﻦ . ﺍﻟﺴﻨﺔ
ﻋﱪ ﻳﻨﺠﺬﺑﻮﻥ ﻣﻨﻬﻢ ﻛﺜﲑﻳﻦ ﺇﻥ ﺑﻞ ، ﺍﻻﺳﺘﻘﺮﺍﺭ ﻭﻋﺪﻡ ﺑﺎﻟﺼﺮﺍﻉ ﺍﺑﺘﻠﻴﺖ ﺍﻟﱵ ﺍﻷﻣﺎﻛﻦ ﰲ ﻥﻳﻌﻴﺸﻮ ﳑﻦ ﻓﻘﻂ ﻟﻴﺴﻮﺍ
ﺇﱃ ﻳﺆﺩﻱ ﺍﻟﺬﻱ ﺍﳌﻨﺎﺥ ﺮﺑﺘﻐﻴ ﺃﻳﻀﺎ ﻭﺃﻓﻜﺮ . ﺍﻟﺼﺮﺍﻋﺎﺕ ﺗﻠﻚ ﻣﻦ ﺍﻷﻣﻴﺎﻝ ﺁﻻﻑ ﻌﺪﺑ ﻋﻠﻰ ﺑﻴﻮﻬﺗﻢ ﰲ ﻭﻫﻢ ﺍﻹﻧﺘﺮﻧﺖ
                                     ",quarantine_2018_collection
UNGA73_General_Debate_2018_statements/UNGA73_General_Debate_2018/united-kingdom-great-britain-and-northern-ireland__gb_en.pdf,2018,3083d314e513c1909817ef9a30f3f4bbb34f2e23798e0bbe575108d01dd09e8e,2017|2018,2017,72,"                Statement made by

     Her Excellency Theresa May, Prime Minister,
 United Kingdom of Great Britain and Northern Ireland

               At the General Debate
      of the 72nd Session of the General Assembly

               United Nations, New York, 20 September 2017



Mr President, Excellencies, ladies and gentlemen, I would like to begin
by expressing my sincere condolences to the government and people of
Mexico following the devastating earthquake. I also want to reiterate my
sympathies to those affected by the recent hurricanes in the Caribbean.
Our thoughts are with them all at this time.

As we meet at this General Assembly we face challenges that go right to
the heart of who we are as nations. Challenges that test our values, our
vision and our resolve to defend the rules and standards that underpin
the security and prosperity of our fellow citizens. As I argued in my
speech here last year, many of these challenges do not recognise or
respect geographical boundaries. I think of course of the terrorism that
has struck so many of our countries including my own 5 times this year.
And fuelling that terrorist threat the increasing numbers being drawn to
extremist ideologies not only in places riven by conflict and instability,
but many online in their homes thousands of miles away from those
conflicts. I think of the climate change which is depleting and degrading
the planet we leave to our children.

And I think of the vast challenges that come from the mass displacement
of people. Many are refugees fleeing conflict and persecution. Others,
economic migrants, prepared to risk everything on perilous sea
crossings in the desperate search for a better l",quarantine_2018_collection
UNGA73_General_Debate_2018_statements/UNGA73_General_Debate_2018/united-republic-tanzania__tz_en.pdf,2018,13698fdae6a25aa22b9229ecb6db473f55067f185e85c39a62677ad68055ed2a,2017|2018,,72,"            Permanent Mission of the United Republic of Tanzania



                     CHECK AGAINST DELIVERY





                STATEMENT BY
    H.E. AMBASSADOR DR. AUGUSTINE P. MAHIGA (MP),
  MINISTER FOR FOREIGN AFFAIRS AND EAST AFRICAN
 COOPERATION OF THE UNITED REPUBLIC OF TANZANIA
AT THE 72nd SESSION OF THE UNITED NATIONS GENERAL
     ASSEMBLY, NEW YORK, 23 SEPTEMBER 2017





            NEW YORK. 23 SEPTEMBER 2017





           307 East 53rd Street, 5™Floor, New York NY 10022
                 Tel. No. 212-697-3612  | Fax. No. 212-697-3618
 Your Excellency, Mr. President;
 Your Excellency, Mr. Secretary-Qeneral;
 Excellencies Heads of State and Government;
 Excellencies Heads of Delegatio|is;

 Ladies and Gentlemen.


 I congratulate you Mr. President on your election to preside over the deliberations of
 this august Seventy-Second Assembly of the United Nations. My delegation pledges
 full support to you and your Bureau.

Allow me also to convey warm fraternal greetings from H.E. Dr. John Pombe Joseph
Magufuh, President of the United Republic of Tanzania, who wished to be here but
due to other pressing commitments at home is unable to attend this Session of the
Assembly.  President Magufuli has sent me  to  assure  this Assembly that his
Government will continue to support the United Nations and its noble mandate to
promote global peace, security, freedom and development. He also wishes to extend
Tanzania's imwavering support and cooperation  to the Secretary General, Mr.
Antonio Guterres as he continues to discharge his duties.

Mr. President^ My delegation pays tribute to your predecessor H.E. Ambassador
Peter Thompson, for the exemplary leadership during ",quarantine_2018_collection
UNGA73_General_Debate_2018_statements/UNGA73_General_Debate_2018/united-states-america__us_en.pdf,2018,43e6caf890bb34661450aa208354dc6557ab2e0eb4b288b065251032a0f28614,2017|2018,,,"               STATEMENT BY

              H.E. MR. DONALD TRUMP
 PRESIDENT OF THE UNITED STATES OF AMERICA

     AT THE SEVENTY-SECOND REGULAR SESSION
    OF THE UNITED NATIONS GENERAL ASSEMBLY

         UNITED NATIONS HEADQUARTERS,
     NEW YORK TUESDAY, SEPTEMBER 19, 2017




                        AS DELIVERED

Mr. Secretary General, Mr. President, world leaders, and distinguished delegates:
Welcome to New York. It is a profound honor to stand here in my home city, as a
representative of the American people, to address the people of the world.

As millions of our citizens continue to suffer the effects of the devastating hurricanes
that have struck our country, I want to begin by expressing my appreciation to every
leader in this room who has offered assistance and aid. The American people are
strong and resilient, and they will emerge from these hardships more determined than
ever before.

Fortunately, the United States has done very well since Election Day last November 8th.
The stock market is at an all-time high -- a record. Unemployment is at its lowest level in
16 years, and because of our regulatory and other reforms, we have more people
working in the United States today than ever before. Companies are moving back,
creating job growth the likes of which our country has not seen in a very long time. And
it has just been announced that we will be spending almost $700 billion on our military
and defense.

Our military will soon be the strongest it has ever been. For more than 70 years, in
times of war and peace, the leaders of nations, movements, and religions have stood
before this assembly. Like them, I intend to address some of the very serious threats
before",quarantine_2018_collection
UNGA73_General_Debate_2018_statements/UNGA73_General_Debate_2018/uruguay__uy_es.pdf,2018,80bd0af7d65b4d32df6f3c182c1dc4a91e1476b4c3a616cfd4b6b12cbd6cbb20,2017|2018,,,"   Debate General del 72 Período de Sesiones de la Asamblea General



Muy buenos días.



Al tiempo que saludamos a todas  las delegaciones, celebramos  la

realización del 72 Período de Sesiones de la Asamblea General: Uruguay

tiene la convicción de que es hoy más necesario que nunca fortalecer

estas instancias de coordinación y conducción internacional.



No hacerlo es dejar a la humanidad librada al sometimiento de poderes

de carácter transnacional que escapan a toda regulación e imponen

arbitrariamente su dominio. Ello sin perjuicio de la plena vigencia de las

soberanías nacionales, a las que, en el curso de la Historia, les resta

larga vida y valiosos retos por acometer.



Con  las  actualizaciones que resulten necesarias para adecuar sus

estructuras y metodologías a una época que es muy diversa de la que la

vio nacer,  las Naciones Unidas deben fortalecerse y su Asamblea

General, órgano principal, también debe verse jerarquizada.





                                                                                             1
Ello sería saludable, pues esta Asamblea es y seguirá siendo expresión

de un demos universal que la humanidad debe custodiar como ideal de

organización de una convivencia pacífica a escala mundial, en la que

todos  los Estados, grandes y pequeños, son igualmente dignas y

respetables.



La política exterior de Uruguay se ha centrado en determinados pilares

tradicionales que han regido su accionar a lo largo de la historia, tales

como democracia, estado de derecho, respeto y promoción de los

derechos humanos, defensa del multilateralismo, así como la apuesta al

diálogo y a la paz. Estos son los principios que históricamente",quarantine_2018_collection
UNGA73_General_Debate_2018_statements/UNGA73_General_Debate_2018/uzbekistan__uz_en.pdf,2018,2c93ea68b5290fb574c29092cd461931af3aec98e66c336b8fab50fb38aa2910,2017|2018,2017,,"                             Check against deliveÿ





      ADDRESS

              by

     H,E. Mr, Shavkat Mirziyoyev
President of the Republic of Uzbetdstan

at the General Debate of the 72""d Session
of the United Nations General Assembly





    New York, September 19, 2017
     Dear Mr. Chairman!
     Your Excellencies!
     Ladies and Gentlemen!

      Allow me to express my sincere gratitude for the opportunity to speak from the
high rostrum of the United Nations.
    A few weeks ago, our people broadly celebrated the 26th anniversary of
Uzbekistan's state independence.
     Today, Uzbekistan is rapidly developing. Carefully preserving the wisdom of
past generations, we are consciously going towards resolute reforms and are
committed to forming a new image of the country.
     The political activity is growing with profound reforms are being implemented
in all spheres. Their goal is to build a democratic state and a just society, where the
priority is implementation of a simple and clear principle - <<The human interests
come first>>.
      Following the results of the nationwide discussion, the five-year Development
Strategy of Uzbekistan was adopted. While developing it, as if we have looked at
ourselves from outside, so as not only to objectively assess our potential and
opportunities, but also pay a close attention to our failures and mistakes.
     The strategy is the program of real actions of renewal. It is already being put
into practice.
    We have declared the year 2017 as the Year of Dialogue with People and
Human Interests in our country. Our goal is to strengthen the mechanisms that make
the people's power in the country not nominal, but real.
    ",quarantine_2018_collection
UNGA73_General_Debate_2018_statements/UNGA73_General_Debate_2018/uzbekistan__uz_ru.pdf,2018,7551a0ec853fc4620b0d096efcab299cdc08e5fe2d69a11d8d53c2ce105b2fea,2018,,,"          Выступление на Общих дебатах 73-й сессии
                Генеральной Ассамблеи ООН
                         (29 сентября 2018г.)

     Уважаемые госпожа Председатель!
    Ваши Превосходительства!
    Дамы и господа!

     Позвольте выразить искреннюю благодарность за возможность
выступить с этой высокой трибуны.
     Хочу  поздравить  Ее  Превосходительство Марию  Фернанда
Эспиноса Гарсес с избранием Председателем 73-й сессии Генеральной
Ассамблеи.

     Уважаемые участники заседания!

     Республика Узбекистан находиться сегодня на важном этапе
коренных и динамичных преобразований.
    Их цель - укрепление и дальнейшее развитие демократического
правового  государства,  открытой  и  социально  ориентированной
рыночной  экономики и  справедливого  гражданского  общества,  в
котором главной ценностью являются  права, свободы и законные
интересы человека.
    По    инициативе    Президента    Республики    Узбекистан
Ш.М.Мирзиёева    принята    пятилетняя    Стратегия    действий,
предусматривающая фундаментальные преобразования в экономике,
государственном управлении, правовой и социальной сферах, в области
безопасности,     в     обеспечении     межнационального     и
межконфессионального мира и согласия.
     Краеугольной основой программы демократических реформ
является принцип: «Не народ служит государственным органам, а
государственные органы - народу»
     Практическим воплощением конституционного принципа «Народ
является единственным источником государственной власти» стало
расширение полномочий парламента и политических партий, усиление
подотчётности исполнительной власти и прозрачности ее деятельности,
укрепление   институтов   общественного   контроля  ",quarantine_2018_collection
UNGA73_General_Debate_2018_statements/UNGA73_General_Debate_2018/vanuatu__vu_fr.pdf,2018,fbca71281a86ba5882fd70815e0f87b9c57e2bc148d79261bb46f3ecdddd1db1,2017|2018,,72|72|72,"     ASSEMBLEE GEÿNEÿRALE DES NATIONS UNIES

                    72e SESSION


                  DIÿBAT GiÿNÿ'RAL

La priorit# 6 I'@tre humain pour la paix et une vie d#cente pour tous sur
                    une plan#te pr#serv#e


                Dÿ'CLARATION DE



             L'Honorable Chariot SALWAi Tabimasmas

          Premier ministre de la Rÿpublique de Vanuatu
 Introduction

 Monsieur le President de I'Assemblÿe gÿnÿrale,

 Excellences,

 1. C'est un grand honneur pour moi de prononcer cette dÿclaration au nom du

gouvernement et du peuple de la Rÿpublique de Vanuatu. Je m'associe aux

 autres intervenants pour fÿliciter son Excellence, Monsieur Miroslav Lajÿk,

 pour avoir assumÿ la prÿsidence de la 72e Assemblÿe gÿnÿrale des Nations

 Unies. En tant que vice-prÿsident ÿlu par cet auguste organe, le Vanuatu se

 rÿjouit de travailler en ÿtroite collaboration avec vous pour nous guider tout au

long de cette session. Sachez que vous bÿnÿficiez de I'entier soutien de ma

dÿlÿgation.

2. Je tiens en outre ÿ faire i'ÿioge de son Excellence Monsieur Peter Thomson

pour sa vision, son leadership et son dÿvouement durant son mandat de

president de la 71e Session. Permettez-moi aussi d'exprimer ma profonde

reconnaissance au Secrÿtaire-gÿnÿral, son Excellence Monsieur Antbnio

Guterres, pour son leadership notoire jusqu'ÿ ce jour.

3. Au nom du peuple de Vanuatu, j'adresse mes sincÿres condolÿances aux

victimes du tremblement de terre du Mexique, aux victimes des cyclones Maria

et Irma qui ont dÿvastÿ les Cara't'bes, et aux victimes du cyclone Harvey qui a

ravagÿ le Texas

Du thÿme de la 72e Session et de la situation dans le monde

Monsieur le President,

4. Ma ",quarantine_2018_collection
UNGA73_General_Debate_2018_statements/UNGA73_General_Debate_2018/venezuela-bolivarian-republic__ve_en.pdf,2018,c2a93395584b9f4290c521c6f7e7ee027c31e836110f95e44377a324fc257932,2018,,73,"    STATEMENT BY THE PRESIDENT OF THE BOLIVARIAN REPUBLIC OF
 VENEZUELA NICOLAS MADURO DURING THE 73RD SESSION OF THE UNITED
                  NATIONS GENERAL ASSEMBLY


    UN General Assembly Hall – New York, United States, September 26th, 2018

President of the Bolivarian Republic of Venezuela, Nicolas Maduro

Ambassadors, heads of delegations of the countries members of the United Nations
Organization, President-elect of the General Assembly, Mrs. Maria Fernanda Espinoza, may I
extend to you the congratulations on behalf of the delegation of the Bolivarian Republic of
Venezuela – our government – on assuming the presidency of the 73rd session of the General
Assembly as the first Latin-American woman to be president of a General Assembly session. In
this occasion, we have been invited to work and address an important and vital issue, entitled as
follows: “Making the United Nations Relevant to All People: Global Leadership and Shared
Responsibilities for Peaceful, Equitable and Sustainable Societies”. So we are here to make the
United Nations relevant for all people.

This is precisely a noble purpose up to what the United Nations system has to build in light of
the 21st century: a century of great opportunities and certainly a century that will make the
difference regarding the human liberation processes – political liberation, peoples’ liberation –
that, sooner or later, will impact significantly on the future of the United Nations Organization.

The current United Nations Organization was born at the end of Second World War (1945).
During the 20th century, its configuration expressed the conflicts and forms of actions by the
bipolar world of the postwar years and, af",quarantine_2018_collection
UNGA73_General_Debate_2018_statements/UNGA73_General_Debate_2018/venezuela-bolivarian-republic__ve_es.pdf,2018,147553569217e9d0ed92922ad82e170d5999c47d560bec0a2214c2fbd96daba3,2017|2018,,,"  INTERVENCION DEL MINISTRO DEL PODER POPULAR PARA
RELACIGNES EXTERIORES DE LA REPUBLICA BOLIVARIANA DE
 VENEZUELA, JORGE ARREAZA MONTSERRAT, EN EL DEBATE
 GENERAL DEL 72° PERl'ODO DE SESIONES DE LA ASAMBLEA
          GENERAL DE LAS NAOIONES UNIDAS
             Nueva York, 25 de septiembre de 2017



Senor Presidente


Nos dirigimos a esta magna Asamblea en su 72° pen'odo en nombre del
Presidente Constitucional de la Republica Bolivariana de Venezuela,
Nicolas Maduro Moros, y, en consecuencia, en nombre de un pueblo
soberano, amante de  la Paz,  el  respeto  entre  las naciones y  el
cumplimlento de los princlplos mas puros del Derecho Internacional, el
Pueblo Bolivarlano de Venezuela. En el siglo XIX, el ejeroito libertador
de Simon Bolivar, salio de territorio venezolano, no para conquistar o
dominar,  sino  para  ayudar  a  pueblos  hermanos  a  alcanzar su
Independencia, para luego regresar a casa, con  la satisfaccion de
haberle sido utiles a la causa de la libertad y la igualdad. Ese es el
espi'ritu que caracteriza a nuestro pueblo y al accionar de nuestro
gobierno revolucionario en tiempos tan dificiles para la humanidad. Por
eso siempre nos aferramos  a  la  Diplomacia  Bolivariana de  Paz.
Precisamente, estamos en  la casa de  la Paz, en  el hogar de  las
soluciones pacfflcas, en el territorio del derecho internacional y sus




                                                                                               P^gina 1 de 16
principios. Nos abraza y nos protege, la Carta de las Naciones Unidas,
noble instrumento multilateral para evitar las guerras y las injusticias.

Este podio, por lo tanto, deberia ser respetado, protegido, cuidado per
todas las na",quarantine_2018_collection
UNGA73_General_Debate_2018_statements/UNGA73_General_Debate_2018/viet-nam__vn_en.pdf,2018,e4168d5928c94995d326a3f65ee1992defc0249489afe8f905dee22d9074e1e8,2017|2018,,72,"                      ADDRESS BY

                      H.E. MR. PHAM BINH MINH,
     DEPUTY PRIME MINISTER, MINISTER OF FOREIGN AFFAIRS                                            ]  .-.
          OF THE SOCIALIST REPUBLIC OF VIETNAM
        AT THE GENERAL DEBATE OF THE 72ND SESSION OF
                THE UN GENERAL ASSEMBLY

                      (New York, September 22nd, 2017)



Mr. President,

          I extend my warmest congratulations to His Excellency Miroslav Lajcak on his
election as President of the 72nd Session of the United Nations General Assembly.

    My special thanks shall also go to the Secretary-General and the Secretariat. Only
in ten months, Mr. Guterres has already left his mark in the Organization's work for
peace, development and human rights.

      Mr. President,

    On 20 September i977, exactly forty years ago, Viet Nam was admitted to the
United Nations as its 149th member. One day later, then Deputy Prime Minister and
Foreign Minister ofViet Nam stood right here at this podium, addressing this Assembly.

      Representing a nation devastated by decades of war, he affirmed the unified Viet
Nam;s pledge to closely cooperate with other Members in striving tirelessly to turn the
lofty goals of the United Nations into reality -those are the goals of peace, national
independence, democracy and social progress.

     These forty years have been an era of transformations for my country.

      Viet Nam today is a dynamic economy on the path of reforms and sustainable
development. The country has transformed itself from an aid-dependent to a lower
middle-income country. Our MDG implementation efforts have helped bring tens of
millions of Vietname",quarantine_2018_collection
UNGA73_General_Debate_2018_statements/UNGA73_General_Debate_2018/yemen__ye_ar.pdf,2018,5eb6763ede3399e0f8a410f9248025a64c83ba777b3a9ec2dc935f5e027c8a12,2017|2018,,,":   G-

     .,(-


    I++





I__.
 --q::ÿ





 +__+ ++





tÿ





                                                                                                                                                                                                                                                                                                  ,..+. +:++
I:





       -:   iÿ
                                                                                                                      ii



                                                                                         ?__
",quarantine_2018_collection
UNGA73_General_Debate_2018_statements/UNGA73_General_Debate_2018/zambia__zm_en.pdf,2018,1ce84d1240dfbae40189671f524ec8b61c47e0ff7152c36befbbdffe5e7dd481,2017|2018,,,"       REPUBLIC OF ZAMBIA


Permanent Mission of Zambia to the United Nations, 237 East 52nd Street, New York, NY 10022
    Tex: (212) 888-5770 .     Fax: (212) 888-5213    E-mail: zambia@un.int





                                                              Please check against delivery





                          STATEMENT BY

                  HIS EXCELLENCY MR. EDGAR CHAGWA LUNGU
                 PRESIDENT OF THE REPUBLIC OF ZAMBIA

                              AT THE

              PLENARYOF THE HIGH LEVEL SEGMENT OF THE
                72ND SESSION OF THE UN GENERAL ASSEMBLY

                         19TM SEPTEMBER, 2017





      York
   ;eptember, 2017
     * YOUR EXCELLENCY MR. MIROSLAV LAJCAK, PRESIDENT OF THE 72ND SESSION OF THE UNITED

       NATIONS GENERAL ASSEMBLY,

        .  THE UNITED NATIONS SECRETARY-GENERAL MR. ANTONIO GUTERRES,

       ,)  EXCELLENCIES,

     * DISTIGUISHED LADIES AND GENTLEMEN


LET ME JOIN THE PREVIOUS SPEAKERS IN CONGRATULATING YOUR EXCELLENCY MR. MIROSLAV LAJCAK

ON THE ASSUMPTION OF THE PRESIDENCY OF .THE 72ND REGULAR SESSION OF THE UNITED NATIONS

GENERAL ASSEMBLY AND I ALSO CONVEY ZAMBIA'S SINCERE APPRECIATION TO HIS EXCELLENCY MR.

PETER THOMSON, FOR HIS ABLE LEADERSHIP DURING THE 71sT SESSION.


LET ME ALSO SINCERELY CONGRATULATE H.E. MR. ANTONIO GUTERRES, FOR HIS ELECTION AS THE 9TM

SECRETARY-GENERAL OF THE UNITED NATIONS. I AM CONFIDENT THAT HE WILL BUILD UPON THE

STRONG FOUNDATION THAT WAS LAID BY HIS PREDECESSOR MR. BAN KI-MOON, TO WHOM I WISH TO

PAY TRIBUTE FOR THE MANNER HE STEERED THIS ORGANISATION DURING HIS TENURE OF OFFICE.


MR. PRESIDENT,


THE THEME FOR THIS SESSION, 'FOCUSING ON PEOPLE: STRIVING FOR ",quarantine_2018_collection
UNGA73_General_Debate_2018_statements/UNGA73_General_Debate_2018/zimbabwe__zw_en.pdf,2018,00a7c5399e3d79fd27c8c434fe913cb0daf5a56173e097e8e8284d463f8fc233,2017|2018,,72,"          STATEMENT

            BY

   HIS EXCELLENCY COMRADE R.G.

                                                                                                                                                     !
MUGABE, PRESIDENT OF THE REPUBLIC



                                                                                                                                                          ?
      OF ZIMBABWE, AT THE

UNITED NATIONS GENERAL ASSEMBLY,

         NEW YORK,

         21sT ;SEPTEMBER, 2017.





                        1
Your Excellency, Miroslav Lajcak, President of the 72nd Session   of the General Assembly,
Your Majesties,
Your Excellencies, Heads of State and   Government,
Your Excellency, Mr. Antonio Guterres, Secretary-General of         i,¸.  the United Nations,
Ladies and Gentlemen,
Comrades and Friends.

Mr. President,
 I wish to congratulate you on your election as the President of the Seventy Second Session of the
General Assembly, and your predecessor Mr Thomson, for his commitment and effort to
accelerate the implementation of the Sustainable Development Goals.

                                                                                                                                                    i'

Mr. President,
You could not have chosen a better and more relevant theme, given the times that we are living
in. For, the pursuit and maintenance of peace and the promotion of development, in solidarity, lie
at the core of the mission of the United Nations and its entire system.

Since the signing of the United Nations Charter seventy-two years ago, and in subsequent
conventions, resolutions and declarations adopted over ",quarantine_2018_collection
UNGA77_General_Debate_2022_statements/UNGA77_General_Debate_2022/colombia__co_es.pdf,2022,aedba7796bf24c5a0ab2beb50ae8841c061b3029f10efde2a7fd0f4c3d6909b9,2022|2023,,,"        DISCURSO ASAMBLEA GENERAL DE LAS NACIONES UNIDAS

                   GUSTAVO PETRO URREGO


Vengo de uno de los tres países más bellos de la Tierra.


Allí hay una explosión de vida. Miles de especies multicolores en los mares, en

los cielos, en las tierras…vengo de la tierra de las mariposas amarillas y de la

magia. Allí en las montañas y valles de todos los verdes, no solo bajan las aguas

abundantes, bajan también los torrentes de la sangre. Vengo de un país de

belleza ensangrentada.


Mi país no solo es bello, es también violento.


¿Cómo puede conjugarse la belleza con la muerte?, ¿cómo puede erupcionar

la biodiversidad de la vida con las danzas de la muerte y el horror? ¿Quién es el
culpable de romper el encanto con el terror?


¿Quién o qué es el responsable de ahogar la vida en las decisiones rutinarias de

la riqueza y del interés? ¿Quién nos lleva a la destrucción como nación y como

pueblo?


Mi país es bello porque tiene la Selva Amazónica, la del Chocó, las aguas, las

cordilleras de los Andes, y los océanos.
Allí en esas  selvas, se emana oxígeno planetario y se absorbe  el CO2

atmosférico. Una de esas plantas que absorbe el CO2, entre millones de

especies, es una de las más perseguidas de la tierra. A cómo dé lugar, se busca

su destrucción: es una planta amazónica, es la planta de la coca, planta sagrada
de los Incas.


Como en un cruce de caminos paradójico. La selva que se intenta salvar es al

mismo tiempo, destruida.


Para destruir la planta de coca arrojan venenos, glifosato en masa que corre por
las aguas, detienen a sus cultivadores y los encarcelan. Por destruir o poseer la

hoja de la coca mueren un millón de latinoamericanos asesin",cross_year_duplicate_review
UNGA77_General_Debate_2022_statements/UNGA77_General_Debate_2022/kenya__ke_en.pdf,2022,568ece763766ecf90d08c6e7a41a1ad08bf8ff2fdf2909d6961a5c05aa0a3d84,2022,2016,77|77,"                                                                            1



Permanent Mission of the Republic of Kenya to the United Nations
                           866, UN Plaza, Room 304, New York, NY 10017.
                  Tel: (212) 421-4740   Fax: (212) 486-1985    E-mail: info@kenyaun.org





                         STATEMENT

                              BY

                    H.E. DR. WILLIAM SAMOEI RUTO, EGH
               PRESIDENT AND COMMANDER IN-CHIEF
         OF THE DEFENCE FORCES OF THE REPUBLIC OF KENYA

                          DURING

                             THE

                       GENERAL DEBATE

                          OF THE

                               77TH SESSION
                          OF THE
               UNITED NATIONS GENERAL ASSEMBLY


                WEDNESDAY, SEPTEMBER 21, 2022
                    UNITED NATIONS, NEW YORK




                                                                      Please check against delivery
                                                                         2

MR. PRESIDENT OF THIS 77TH SESSION OF THE UN GENERAL

ASSEMBLY, YOUR EXCELLENCY CSABA KÖRÖSI,

SECRETARY GENERAL OF THE  UNITED  NATIONS, YOUR

EXCELLENCY ANTONIO GUTERRES,

EXCELLENCIES,

DISTINGUISHED DELEGATES,

I am grateful for the immense privilege to join Your Excellencies in this

distinguished  Assembly; a  privilege  accorded me through a  peaceful,
democratic transition following free and fair elections in Kenya on 9th August,

2022. Elections that stand as testimony of the universal power of democracy,

but also of the manifest ability of African peoples to invest in stronger nations

and a secure futur",review_header_conflict
UNGA78_General_Debate_2023_statements/UNGA78_General_Debate_2023/colombia__co_es.pdf,2023,aedba7796bf24c5a0ab2beb50ae8841c061b3029f10efde2a7fd0f4c3d6909b9,2022|2023,,,"        DISCURSO ASAMBLEA GENERAL DE LAS NACIONES UNIDAS

                   GUSTAVO PETRO URREGO


Vengo de uno de los tres países más bellos de la Tierra.


Allí hay una explosión de vida. Miles de especies multicolores en los mares, en

los cielos, en las tierras…vengo de la tierra de las mariposas amarillas y de la

magia. Allí en las montañas y valles de todos los verdes, no solo bajan las aguas

abundantes, bajan también los torrentes de la sangre. Vengo de un país de

belleza ensangrentada.


Mi país no solo es bello, es también violento.


¿Cómo puede conjugarse la belleza con la muerte?, ¿cómo puede erupcionar

la biodiversidad de la vida con las danzas de la muerte y el horror? ¿Quién es el
culpable de romper el encanto con el terror?


¿Quién o qué es el responsable de ahogar la vida en las decisiones rutinarias de

la riqueza y del interés? ¿Quién nos lleva a la destrucción como nación y como

pueblo?


Mi país es bello porque tiene la Selva Amazónica, la del Chocó, las aguas, las

cordilleras de los Andes, y los océanos.
Allí en esas  selvas, se emana oxígeno planetario y se absorbe  el CO2

atmosférico. Una de esas plantas que absorbe el CO2, entre millones de

especies, es una de las más perseguidas de la tierra. A cómo dé lugar, se busca

su destrucción: es una planta amazónica, es la planta de la coca, planta sagrada
de los Incas.


Como en un cruce de caminos paradójico. La selva que se intenta salvar es al

mismo tiempo, destruida.


Para destruir la planta de coca arrojan venenos, glifosato en masa que corre por
las aguas, detienen a sus cultivadores y los encarcelan. Por destruir o poseer la

hoja de la coca mueren un millón de latinoamericanos asesin",cross_year_duplicate_review
UNGA78_General_Debate_2023_statements/UNGA78_General_Debate_2023/tonga__to_en.pdf,2023,713afb76ee9b7da16f441630caef601b28e95bcaa6b77d8d4d928c2c4a684f3d,2023,2022,78|78,"      HON. HUʻAKAVAMEILIKU
    PRIME MINISTER OF TONGA




   Statement on the occasion of the
           General Debate

     at the Seventy-eighth Session
of the United Nations General Assembly





     Friday, 22nd September 2022
 United Nations Headquarters, New York





                                       Check Against Delivery
     250 East 51st Street, New York, NY 10022
   TEL: (646) 692- 3552 – FAX (646) 692- 6070
      EMAIL: tongaunmission@gmail.com
Mr. President,

I bring warm greetings from the Kingdom of Tonga and congratulate you on your
assumption of the presidency of the 78th session of the United Nations General
Assembly.

I thank your predecessor, His Excellency Csaba Kőrösi, for his able stewardship in
driving solutions built on solidarity, science and seeking sustainability.

Our delegation fully supports your vision for this 78th session – “Peace, Prosperity,
Progress and Sustainability.”

The General Assembly's essential work is in expert hands with your leadership, and
we hope it will continue and improve.

The theme for this session of “Rebuilding trust and reigniting global solidarity:
accelerating action on the 2030 Agenda and its Sustainable Development Goals
towards peace, prosperity, progress and sustainability for all” is more urgent than
ever.

I thank the Secretary-General, Mr. Antonio Guterres, for his stewardship of the UN
during these most challenging times.

I offer my heartfelt condolences to the governments and peoples of Morocco and
Libya. The people of my country feel for the families of the victims, for the tragic
loss of lives in the recent natural disasters that occurred in their countries.

Mr. President,

We convene at a ",review_header_conflict
UNGA79_General_Debate_2024_statements/UNGA79_General_Debate_2024/greece__gr_en.pdf,2024,35e78b96e3a2d1ddd3499845b1f87062849f8bc35be10908c04373348acb239c,2024,2023,,"UNITED NATIONS GENERAL ASSEMBLY ADDRESS 2024


Monsieur Le President, heads of Government and State, ladies and

gentlemen,


This is the sixth occasion on which  I have addressed the United

Nations General Assembly as Greece’s Prime Minister. But it is the

first in which I stand before you as the leader of a country which is an

incoming member of the United Nations Security Council.


Greece is honored to accept that responsibility, for the third time, and

I am personally grateful for the trust of the broader UN membership

has placed in our candidacy for the 2025/26 term.


Three words of Greek origin, but of universal meaning, will guide

Greece’s upcoming  tenure on  the  Security  Council:  Dialogue,

Diplomacy, and Democracy.


Six core priorities underpin those guiding principles: the peaceful

settlement of disputes; respect for International Law and the rules and

principles of the UN Charter; women, peace and security; climate,

peace and security; children in armed conflict; and of course, as a

seafaring nation, maritime security.





                                                                                  1
Ladies and gentlemen,


Addressing you today 12 months on from  last  time round  in

September 2023, I don’t think any of us can claim we are somehow

better off now than we were back then.  If anything, our world grows

less secure by the day.


Whether  it be escalating conflicts, geopolitical division, the climate

crisis, mass migration, rising inequality, even the unchecked rise of

Artificial Intelligence, these challenges jeopardize our present and our

future. And yet within these challenges lie unique opportunities to

transform the",review_header_conflict
UNGA80_General_Debate_2025_statements/UNGA80_General_Debate_2025/kiribati__ki_en.pdf,2025,282c1b2b4dd217b226da600311aea6183c14535feead8d523351e6a4128a6ef3,2025,2024,80|80," Statement of the President of the Republic of Kiribati to the United Nations at its
                 80th Session to be delivered on September 24, 2024
               Headquarters of the United Nations in New York.



President of the General Assembly

Head of States and Governments

Secretary General of the United Nations,

Excellencies,

Ladies and Gentlemen

                                      1
In His Holy Name and on behalf of the Government and People of Kiribati I extend our

warm greetings to you all: Kam na bane ni mauri


I am honoured to warmly congratulate you, Madam President, on your election to preside

over this historic 80th session of the United Nations General Assembly and I wish you

every success as you guide these important deliberations.


Madam President, we commend your theme: “Better Together: 80 Years and More for

Peace, Development, and Human Rights”, reminding us of the enduring importance of

multilateral cooperation in addressing global challenges. For Kiribati, it underscores the

value of working collectively to advance peace, safeguard human rights, and promote

sustainable development.


                                      2
",review_header_conflict
