source_id,year,iso3,source_type,file,sha256,url,language,eligible,pages,speaker_evidence,qualification
2017_afghanistan,2017,AFG,local PDF,data/UNGA72_General_Debate_2017_statements/UNGA72_General_Debate_2017/afghanistan__af_en.pdf,9eadb7bcc60438b0fdb7ee9970582a72cc484bccb9e9e456069eb4536acb5e66,https://gadebate.un.org/sites/default/files/gastatements/72/af_en.pdf,en,1,7,Local cover or explicit delivery statement; external metadata where recorded,Prepared/as-delivered status varies; no systematic video verification
2017_albania,2017,ALB,local PDF,data/UNGA72_General_Debate_2017_statements/UNGA72_General_Debate_2017/albania__al_en.pdf,a073a1a1f703a6aac608ef0399566e44dda9c022fbcb51979b8448402ba68a51,https://gadebate.un.org/sites/default/files/gastatements/72/al_en.pdf,en,1,5,Local cover or explicit delivery statement; external metadata where recorded,Prepared/as-delivered status varies; no systematic video verification
2017_algeria,2017,DZA,local PDF,data/UNGA72_General_Debate_2017_statements/UNGA72_General_Debate_2017/algeria__dz_fr.pdf,614d7579e4ec611302d784f488ee98db1c475b44cb3b28424be6439eec946dd5,https://gadebate.un.org/sites/default/files/gastatements/72/dz_fr.pdf,fr,1,7,Local cover or explicit delivery statement; external metadata where recorded,Prepared/as-delivered status varies; no systematic video verification
2017_andorra,2017,AND,local PDF,data/UNGA72_General_Debate_2017_statements/UNGA72_General_Debate_2017/andorra__ad_es.pdf,b2aaeaa365b1e2871f4be5cd0ae6f2684224d7e12dcb90ff4cc55d0a61a4a160,https://gadebate.un.org/sites/default/files/gastatements/72/ad_es.pdf,es,1,9,Local cover or explicit delivery statement; external metadata where recorded,Prepared/as-delivered status varies; no systematic video verification
2017_angola,2017,AGO,local PDF,data/UNGA72_General_Debate_2017_statements/UNGA72_General_Debate_2017/angola__ao_en.pdf,e30400b24bde8f2c360fc11e977667b2d126857e2fe923144b2e94248090dbe4,https://gadebate.un.org/sites/default/files/gastatements/72/ao_en.pdf,en,1,6,Local cover or explicit delivery statement; external metadata where recorded,Prepared/as-delivered status varies; no systematic video verification
2017_antigua-and-barbuda,2017,ATG,local PDF,data/UNGA72_General_Debate_2017_statements/UNGA72_General_Debate_2017/antigua-and-barbuda__ag_en.pdf,50976f4c30e63bfa053445e5283b6ced47621e08026984a0fd629c4721961be9,https://gadebate.un.org/sites/default/files/gastatements/72/ag_en.pdf,en,1,12,Local cover or explicit delivery statement; external metadata where recorded,Prepared/as-delivered status varies; no systematic video verification
2017_argentina,2017,ARG,local PDF,data/UNGA72_General_Debate_2017_statements/UNGA72_General_Debate_2017/argentina__ar_es.pdf,9fe64529b727bf91b7173d01e8d095c99d3758776cc2c3f085ca8863aa1ebee3,https://gadebate.un.org/sites/default/files/gastatements/72/ar_es.pdf,es,1,4,Local cover or explicit delivery statement; external metadata where recorded,Prepared/as-delivered status varies; no systematic video verification
2017_armenia,2017,ARM,local PDF,data/UNGA72_General_Debate_2017_statements/UNGA72_General_Debate_2017/armenia__am_en.pdf,3b261d0e92113a07348f2070c9923d58ba02013cc48cd919c9f916c620cbe62b,https://gadebate.un.org/sites/default/files/gastatements/72/am_en.pdf,en,1,5,Local cover or explicit delivery statement; external metadata where recorded,Prepared/as-delivered status varies; no systematic video verification
2017_australia,2017,AUS,local PDF,data/UNGA72_General_Debate_2017_statements/UNGA72_General_Debate_2017/australia__au_en.pdf,bf99ab9066d2a3af58b3d89cbbbf1218231e4872e73e92f6023318b9ae082d23,https://gadebate.un.org/sites/default/files/gastatements/72/au_en.pdf,en,1,10,Local cover or explicit delivery statement; external metadata where recorded,Prepared/as-delivered status varies; no systematic video verification
2017_austria,2017,AUT,local PDF,data/UNGA72_General_Debate_2017_statements/UNGA72_General_Debate_2017/austria__at_en.pdf,a5132a2d54f44ddc01df4954f9e1ae0a69a01ead60ecf6eed7638a07b02f085c,https://gadebate.un.org/sites/default/files/gastatements/72/at_en.pdf,en,1,10,Local cover or explicit delivery statement; external metadata where recorded,Prepared/as-delivered status varies; no systematic video verification
2017_azerbaijan,2017,AZE,local PDF,data/UNGA72_General_Debate_2017_statements/UNGA72_General_Debate_2017/azerbaijan__az_en.pdf,7788c7ee73fb33cbfbb335883fb125f09ba23e86634476b74b951fbc959535e8,https://gadebate.un.org/sites/default/files/gastatements/72/az_en.pdf,en,1,5,Local cover or explicit delivery statement; external metadata where recorded,Prepared/as-delivered status varies; no systematic video verification
2017_bahamas,2017,BHS,local PDF,data/UNGA72_General_Debate_2017_statements/UNGA72_General_Debate_2017/bahamas__bs_en.pdf,346545eda902b11dd525c513cf6617c519ec365c342357b88e530770e758ad3b,https://gadebate.un.org/sites/default/files/gastatements/72/bs_en.pdf,en,1,8,Local cover or explicit delivery statement; external metadata where recorded,Prepared/as-delivered status varies; no systematic video verification
2017_bahrain,2017,BHR,local PDF,data/UNGA72_General_Debate_2017_statements/UNGA72_General_Debate_2017/bahrain__bh_en.pdf,f3a83b0502975b363e3924a1e2d99b82b4a169f6406fc4b1bfc7dbd53c8f8e80,https://gadebate.un.org/sites/default/files/gastatements/72/bh_en.pdf,en,1,9,Local cover or explicit delivery statement; external metadata where recorded,Prepared/as-delivered status varies; no systematic video verification
2017_bangladesh,2017,BGD,local PDF,data/UNGA72_General_Debate_2017_statements/UNGA72_General_Debate_2017/bangladesh__bd_en.pdf,257afd2d2a0ea53818aaa87925efbfd9e1f75a84fb9c90fefd77c1fc95bd3a5b,https://gadebate.un.org/sites/default/files/gastatements/72/bd_en.pdf,en,1,5,Local cover or explicit delivery statement; external metadata where recorded,Prepared/as-delivered status varies; no systematic video verification
2017_barbados,2017,BRB,local PDF,data/UNGA72_General_Debate_2017_statements/UNGA72_General_Debate_2017/barbados__bb_en.pdf,45537da53320d4e22d8be61f997155496750716a874fb679b187570b23abc1f8,https://gadebate.un.org/sites/default/files/gastatements/72/bb_en.pdf,en,1,13,Local cover or explicit delivery statement; external metadata where recorded,Prepared/as-delivered status varies; no systematic video verification
2017_belarus,2017,BLR,local PDF,data/UNGA72_General_Debate_2017_statements/UNGA72_General_Debate_2017/belarus__by_en.pdf,959d44e7f83ab6787abdc7e9f0627f909d8d7d06b9008de90f04d75a69154587,https://gadebate.un.org/sites/default/files/gastatements/72/by_en.pdf,en,1,4,Local cover or explicit delivery statement; external metadata where recorded,Prepared/as-delivered status varies; no systematic video verification
2017_belgium,2017,BEL,local PDF,data/UNGA72_General_Debate_2017_statements/UNGA72_General_Debate_2017/belgium__be_fr.pdf,ba171a1e3223f35c8b7dd2a027af8c4b8a888d4305815bd8c26efc328032aad7,https://gadebate.un.org/sites/default/files/gastatements/72/be_fr.pdf,fr,1,17,Local cover or explicit delivery statement; external metadata where recorded,Prepared/as-delivered status varies; no systematic video verification
2017_belize,2017,BLZ,local PDF,data/UNGA72_General_Debate_2017_statements/UNGA72_General_Debate_2017/belize__bz_en.pdf,6977c24164c05b4f618ee9504084356617c99acf409085efc6bd9087aab549b1,https://gadebate.un.org/sites/default/files/gastatements/72/bz_en.pdf,en,1,10,Local cover or explicit delivery statement; external metadata where recorded,Prepared/as-delivered status varies; no systematic video verification
2017_benin,2017,BEN,local PDF,data/UNGA72_General_Debate_2017_statements/UNGA72_General_Debate_2017/benin__bj_fr.pdf,0b002a1aba903764c683d95b2c0c7b644c1286d664f4c613ebcf972a36180191,https://gadebate.un.org/sites/default/files/gastatements/72/bj_fr.pdf,fr,1,5,Local cover or explicit delivery statement; external metadata where recorded,Prepared/as-delivered status varies; no systematic video verification
2017_bhutan,2017,BTN,local PDF,data/UNGA72_General_Debate_2017_statements/UNGA72_General_Debate_2017/bhutan__bt_en.pdf,dbe6b584d74c76e9a806098c0d7ffa4f69e4bfa4e8ffb0322c5a43a37b4de6e4,https://gadebate.un.org/sites/default/files/gastatements/72/bt_en.pdf,en,1,5,Local cover or explicit delivery statement; external metadata where recorded,Prepared/as-delivered status varies; no systematic video verification
2017_bolivia-plurinational-state,2017,BOL,local PDF,data/UNGA72_General_Debate_2017_statements/UNGA72_General_Debate_2017/bolivia-plurinational-state__bo_es.pdf,999093d38873c1ba9c6835bdb4cfd500ba2d7fcb4ace798f1aebb151f1c4dcdd,https://gadebate.un.org/sites/default/files/gastatements/72/bo_es.pdf,es,1,4,Local cover or explicit delivery statement; external metadata where recorded,Prepared/as-delivered status varies; no systematic video verification
2017_bosnia-and-herzegovina,2017,BIH,local PDF,data/UNGA72_General_Debate_2017_statements/UNGA72_General_Debate_2017/bosnia-and-herzegovina__ba_en.pdf,8596ead47c3fd6ccf482d8e7475caa68ebb4fc7bd1a862736488ebe1eff88fc5,https://gadebate.un.org/sites/default/files/gastatements/72/ba_en.pdf,en,1,8,Local cover or explicit delivery statement; external metadata where recorded,Prepared/as-delivered status varies; no systematic video verification
2017_botswana,2017,BWA,local PDF,data/UNGA72_General_Debate_2017_statements/UNGA72_General_Debate_2017/botswana__bw_en.pdf,1cd2fc23d47ee2936fda237636c37ab65b18f5243c65b4ee5ef99de67d770986,https://gadebate.un.org/sites/default/files/gastatements/72/bw_en.pdf,en,1,13,Local cover or explicit delivery statement; external metadata where recorded,Prepared/as-delivered status varies; no systematic video verification
2017_brazil,2017,BRA,local PDF,data/UNGA72_General_Debate_2017_statements/UNGA72_General_Debate_2017/brazil__br_en.pdf,a9480ce45af65da991e3b90aaa327b73934423f7802c8e12ebd09d3abb6a7038,https://gadebate.un.org/sites/default/files/gastatements/72/br_en.pdf,en,1,6,Local cover or explicit delivery statement; external metadata where recorded,Prepared/as-delivered status varies; no systematic video verification
2017_brunei-darussalam,2017,BRN,local PDF,data/UNGA72_General_Debate_2017_statements/UNGA72_General_Debate_2017/brunei-darussalam__bn_en.pdf,258e13191e3ec78aa275a90c9abdc291dafd4ecf17ca53636dac7ee84ecf0008,https://gadebate.un.org/sites/default/files/gastatements/72/bn_en.pdf,en,1,5,Local cover or explicit delivery statement; external metadata where recorded,Prepared/as-delivered status varies; no systematic video verification
2017_bulgaria,2017,BGR,local PDF,data/UNGA72_General_Debate_2017_statements/UNGA72_General_Debate_2017/bulgaria__bg_en.pdf,b694116c9c99c8652a9c8dcc36b597733a1cfb10870f6971f33fa00209380db3,https://gadebate.un.org/sites/default/files/gastatements/72/bg_en.pdf,en,1,6,Local cover or explicit delivery statement; external metadata where recorded,Prepared/as-delivered status varies; no systematic video verification
2017_burkina-faso,2017,BFA,local PDF,data/UNGA72_General_Debate_2017_statements/UNGA72_General_Debate_2017/burkina-faso__bf_fr.pdf,53f46e15de7daf08e5b9c63e5d34ab17fcdb6993c17875f15186a38a6c1375c0,https://gadebate.un.org/sites/default/files/gastatements/72/bf_fr.pdf,fr,1,7,Local cover or explicit delivery statement; external metadata where recorded,Prepared/as-delivered status varies; no systematic video verification
2017_burundi,2017,BDI,local PDF,data/UNGA72_General_Debate_2017_statements/UNGA72_General_Debate_2017/burundi__bi_fr.pdf,53569e542af45b4c30c0c1989a2d8fa41c9b380abe13252f9076d0a5cd56040b,https://gadebate.un.org/sites/default/files/gastatements/72/bi_fr.pdf,fr,1,4,Local cover or explicit delivery statement; external metadata where recorded,Prepared/as-delivered status varies; no systematic video verification
2017_cabo-verde,2017,CPV,local PDF,data/UNGA72_General_Debate_2017_statements/UNGA72_General_Debate_2017/cabo-verde__cv_en.pdf,f19c6fefdc741c0be5da185d6ee787e0414be707b1bdda18edd6273703f1b127,https://gadebate.un.org/sites/default/files/gastatements/72/cv_en.pdf,en,1,11,Local cover or explicit delivery statement; external metadata where recorded,Prepared/as-delivered status varies; no systematic video verification
2017_cambodia,2017,KHM,local PDF,data/UNGA72_General_Debate_2017_statements/UNGA72_General_Debate_2017/cambodia__kh_en.pdf,bc72a74753a267dfb9cfcb5cf91ad4625ab50a01e9da85e119a2721baf60ee8a,https://gadebate.un.org/sites/default/files/gastatements/72/kh_en.pdf,en,1,7,Local cover or explicit delivery statement; external metadata where recorded,Prepared/as-delivered status varies; no systematic video verification
2017_cameroon,2017,CMR,local PDF,data/UNGA72_General_Debate_2017_statements/UNGA72_General_Debate_2017/cameroon__cm_en.pdf,cdf38e944e9ddb731c4b7f4ccf6daeb595f8d0d49c9cbb2dc263f6b11b208407,https://gadebate.un.org/sites/default/files/gastatements/72/cm_en.pdf,en,1,5,Local cover or explicit delivery statement; external metadata where recorded,Prepared/as-delivered status varies; no systematic video verification
2017_canada,2017,CAN,local PDF,data/UNGA72_General_Debate_2017_statements/UNGA72_General_Debate_2017/canada__ca_en_fr.pdf,94afac209658e6aa77e5b15b4556fd0317d1ca6ec827846b4791cde1eec8526f,https://gadebate.un.org/sites/default/files/gastatements/72/ca_en_fr.pdf,fr,1,53,Local cover or explicit delivery statement; external metadata where recorded,Prepared/as-delivered status varies; no systematic video verification
2017_central-african-republic,2017,CAF,local PDF,data/UNGA72_General_Debate_2017_statements/UNGA72_General_Debate_2017/central-african-republic__cf_fr.pdf,772a3c948d6067cd4b19979efbeec2422ea4654dd80b7d6d2d10bccc6070d4fd,https://gadebate.un.org/sites/default/files/gastatements/72/cf_fr.pdf,fr,1,14,Local cover or explicit delivery statement; external metadata where recorded,Prepared/as-delivered status varies; no systematic video verification
2017_chad,2017,TCD,local PDF,data/UNGA72_General_Debate_2017_statements/UNGA72_General_Debate_2017/chad__td_fr.pdf,dfc6319b92c6074604a52263e33a5d6741503392083ca5bb654c7b5db8972a25,https://gadebate.un.org/sites/default/files/gastatements/72/td_fr.pdf,fr,1,7,Local cover or explicit delivery statement; external metadata where recorded,Prepared/as-delivered status varies; no systematic video verification
2017_chile,2017,CHL,local PDF,data/UNGA72_General_Debate_2017_statements/UNGA72_General_Debate_2017/chile__cl_es.pdf,d8bef9222549b4286361a7fa978bd3aac20f457f919c0c785d00c47da406e578,https://gadebate.un.org/sites/default/files/gastatements/72/cl_es.pdf,es,1,11,Local cover or explicit delivery statement; external metadata where recorded,Prepared/as-delivered status varies; no systematic video verification
2017_china,2017,CHN,local PDF,data/UNGA72_General_Debate_2017_statements/UNGA72_General_Debate_2017/china__zh_zh.pdf,e86daac8b29f6510f3d1974b4afe6ed3ae16d8e370914f046d877e8ee04f9151,https://gadebate.un.org/sites/default/files/gastatements/72/zh_zh.pdf,zh,1,13,Local cover or explicit delivery statement; external metadata where recorded,Prepared/as-delivered status varies; no systematic video verification
2017_colombia,2017,COL,local PDF,data/UNGA72_General_Debate_2017_statements/UNGA72_General_Debate_2017/colombia__co_es.pdf,999821f4cab092bfe409de82bf80eb8f4994ffeadda5f2de2b1fc373a054259c,https://gadebate.un.org/sites/default/files/gastatements/72/co_es.pdf,es,1,13,Local cover or explicit delivery statement; external metadata where recorded,Prepared/as-delivered status varies; no systematic video verification
2017_comoros,2017,COM,local PDF,data/UNGA72_General_Debate_2017_statements/UNGA72_General_Debate_2017/comoros__km_fr.pdf,95594bf1260427d34677a6f79e9784f8b19bb3900df576e80efa87074e73b10d,https://gadebate.un.org/sites/default/files/gastatements/72/km_fr.pdf,fr,1,11,Local cover or explicit delivery statement; external metadata where recorded,Prepared/as-delivered status varies; no systematic video verification
2017_congo,2017,COG,local PDF,data/UNGA72_General_Debate_2017_statements/UNGA72_General_Debate_2017/congo__cd_fr.pdf,8f073552497b0cb76305f83fb93b3344de24d03a823577d8e699cb0de23bd49b,https://gadebate.un.org/sites/default/files/gastatements/72/cd_fr.pdf,fr,1,8,Local cover or explicit delivery statement; external metadata where recorded,Prepared/as-delivered status varies; no systematic video verification
2017_costa-rica,2017,CRI,local PDF,data/UNGA72_General_Debate_2017_statements/UNGA72_General_Debate_2017/costa-rica__cr_en.pdf,40c6986f3c243020755a6a82876a85743c9efaba44187b15a2af5eb7b06bc101,https://gadebate.un.org/sites/default/files/gastatements/72/cr_en.pdf,en,1,15,Local cover or explicit delivery statement; external metadata where recorded,Prepared/as-delivered status varies; no systematic video verification
2017_cote-divoire,2017,CIV,local PDF,data/UNGA72_General_Debate_2017_statements/UNGA72_General_Debate_2017/cote-divoire__ci_fr.pdf,cd5a0cfcf1478cf0ac300e008043accdca247206b1af36bec30f170ba6502a37,https://gadebate.un.org/sites/default/files/gastatements/72/ci_fr.pdf,fr,1,7,Local cover or explicit delivery statement; external metadata where recorded,Prepared/as-delivered status varies; no systematic video verification
2017_croatia,2017,HRV,local PDF,data/UNGA72_General_Debate_2017_statements/UNGA72_General_Debate_2017/croatia__hr_en.pdf,6ec6886188a4bbcee1879ec63fd44d9457a7f7523c37990d4b5f7246899b798d,https://gadebate.un.org/sites/default/files/gastatements/72/hr_en.pdf,en,1,9,Local cover or explicit delivery statement; external metadata where recorded,Prepared/as-delivered status varies; no systematic video verification
2017_cuba,2017,CUB,local PDF,data/UNGA72_General_Debate_2017_statements/UNGA72_General_Debate_2017/cuba__cu_en.pdf,7142c605a5c4812afd5b5b6b82895e789d28331cdfac3fa22309786dd1ab325d,https://gadebate.un.org/sites/default/files/gastatements/72/cu_en.pdf,en,1,10,Local cover or explicit delivery statement; external metadata where recorded,Prepared/as-delivered status varies; no systematic video verification
2017_cyprus,2017,CYP,local PDF,data/UNGA72_General_Debate_2017_statements/UNGA72_General_Debate_2017/cyprus__cy_en.pdf,cdc94c64959682b7b11e90fa5bdfcf3e3a2cb05324ad3b077d7736534a4db232,https://gadebate.un.org/sites/default/files/gastatements/72/cy_en.pdf,en,1,7,Local cover or explicit delivery statement; external metadata where recorded,Prepared/as-delivered status varies; no systematic video verification
2017_czech-republic,2017,CZE,local PDF,data/UNGA72_General_Debate_2017_statements/UNGA72_General_Debate_2017/czech-republic__cz_en.pdf,a8bad0626f834afff2216e0364f99976cf70d9d5af59aa9b4b8e339b04201a32,https://gadebate.un.org/sites/default/files/gastatements/72/cz_en.pdf,en,1,2,Local cover or explicit delivery statement; external metadata where recorded,Prepared/as-delivered status varies; no systematic video verification
2017_democratic-peoples-republic-korea,2017,PRK,local PDF,data/UNGA72_General_Debate_2017_statements/UNGA72_General_Debate_2017/democratic-peoples-republic-korea__kp_en.pdf,6591da285644a88242f4e861bfa97f852329bf0cf82487345bfa11ccd2187cde,https://gadebate.un.org/sites/default/files/gastatements/72/kp_en.pdf,en,1,8,Local cover or explicit delivery statement; external metadata where recorded,Prepared/as-delivered status varies; no systematic video verification
2017_democratic-republic-congo,2017,COD,local PDF,data/UNGA72_General_Debate_2017_statements/UNGA72_General_Debate_2017/democratic-republic-congo__cd_fr_26.pdf,98498babf81fb631abcc6bfb9e1eebc222a5f9a12c2b433c36c9575d9dbba09d,https://gadebate.un.org/sites/default/files/gastatements/72/cd_fr_26.pdf,fr,1,9,Local cover or explicit delivery statement; external metadata where recorded,Prepared/as-delivered status varies; no systematic video verification
2017_denmark,2017,DNK,local PDF,data/UNGA72_General_Debate_2017_statements/UNGA72_General_Debate_2017/denmark__dk_en.pdf,6720311964fc11484a352cf90d7f961062f79335f02bec41ed8af65ef7d8e452,https://gadebate.un.org/sites/default/files/gastatements/72/dk_en.pdf,en,1,8,Local cover or explicit delivery statement; external metadata where recorded,Prepared/as-delivered status varies; no systematic video verification
2017_djibouti,2017,DJI,local PDF,data/UNGA72_General_Debate_2017_statements/UNGA72_General_Debate_2017/djibouti__dj_fr.pdf,3aef83b5c13f7afe89707018f77e25aa36138fc517fae4ba589d6325e6d01249,https://gadebate.un.org/sites/default/files/gastatements/72/dj_fr.pdf,fr,1,11,Local cover or explicit delivery statement; external metadata where recorded,Prepared/as-delivered status varies; no systematic video verification
2017_dominica,2017,DMA,local PDF,data/UNGA72_General_Debate_2017_statements/UNGA72_General_Debate_2017/dominica__dm_en.pdf,fe83d46972977ba679974474141d3c13ad67435ae9769f217854b6703619a2b6,https://gadebate.un.org/sites/default/files/gastatements/72/dm_en.pdf,en,1,12,Local cover or explicit delivery statement; external metadata where recorded,Prepared/as-delivered status varies; no systematic video verification
2017_dominican-republic,2017,DOM,local PDF,data/UNGA72_General_Debate_2017_statements/UNGA72_General_Debate_2017/dominican-republic__do_en.pdf,a407923869e0ca2f61c0b668e0dcb33e3717f47bb06210834383b93d0db1ae9e,https://gadebate.un.org/sites/default/files/gastatements/72/do_en.pdf,en,1,5,Local cover or explicit delivery statement; external metadata where recorded,Prepared/as-delivered status varies; no systematic video verification
2017_ecuador,2017,ECU,local PDF,data/UNGA72_General_Debate_2017_statements/UNGA72_General_Debate_2017/ecuador__ec_es.pdf,a2896d035fb64286541de12730ed92b04b770ed92f01c74874e8f96b3ec626af,https://gadebate.un.org/sites/default/files/gastatements/72/ec_es.pdf,es,1,5,Local cover or explicit delivery statement; external metadata where recorded,Prepared/as-delivered status varies; no systematic video verification
2017_egypt,2017,EGY,local PDF,data/UNGA72_General_Debate_2017_statements/UNGA72_General_Debate_2017/egypt__eg_en.pdf,946ddaab3c12515f62202f4dba6431772b7bd09c614200cde9124b9f78bab097,https://gadebate.un.org/sites/default/files/gastatements/72/eg_en.pdf,en,1,8,Local cover or explicit delivery statement; external metadata where recorded,Prepared/as-delivered status varies; no systematic video verification
2017_el-salvador,2017,SLV,local PDF,data/UNGA72_General_Debate_2017_statements/UNGA72_General_Debate_2017/el-salvador__sv_es.pdf,adde19c510e1699d69b477aef443cd17c2a1f4115b2614a272a5e389e61cbbb3,https://gadebate.un.org/sites/default/files/gastatements/72/sv_es.pdf,es,1,5,Local cover or explicit delivery statement; external metadata where recorded,Prepared/as-delivered status varies; no systematic video verification
2017_equatorial-guinea,2017,GNQ,local PDF,data/UNGA72_General_Debate_2017_statements/UNGA72_General_Debate_2017/equatorial-guinea__gq_es.pdf,ec81e21ab468e40df4de3a8138c322d675100b514fd1e2e8111a009fa86d3f6d,https://gadebate.un.org/sites/default/files/gastatements/72/gq_es.pdf,es,1,6,Local cover or explicit delivery statement; external metadata where recorded,Prepared/as-delivered status varies; no systematic video verification
2017_eritrea,2017,ERI,local PDF,data/UNGA72_General_Debate_2017_statements/UNGA72_General_Debate_2017/eritrea__er_en.pdf,86401a5b3b833da2ca63dd90dca6710e916b07e3f5f3698d95fed777030c28d3,https://gadebate.un.org/sites/default/files/gastatements/72/er_en.pdf,en,1,4,Local cover or explicit delivery statement; external metadata where recorded,Prepared/as-delivered status varies; no systematic video verification
2017_estonia,2017,EST,local PDF,data/UNGA72_General_Debate_2017_statements/UNGA72_General_Debate_2017/estonia__ee_en.pdf,209707f3a0095150d7ae95b8c884c699d8d15466f508944c54f001624ffabae8,https://gadebate.un.org/sites/default/files/gastatements/72/ee_en.pdf,en,1,6,Local cover or explicit delivery statement; external metadata where recorded,Prepared/as-delivered status varies; no systematic video verification
2017_eswatini,2017,SWZ,local PDF,data/UNGA72_General_Debate_2017_statements/UNGA72_General_Debate_2017/eswatini__sz_en.pdf,07367fa13507bb2ff734a54a4b978f864248820023b2b8e9d5ef674e71c4252c,https://gadebate.un.org/sites/default/files/gastatements/72/sz_en.pdf,en,1,7,Local cover or explicit delivery statement; external metadata where recorded,Prepared/as-delivered status varies; no systematic video verification
2017_ethiopia,2017,ETH,local PDF,data/UNGA72_General_Debate_2017_statements/UNGA72_General_Debate_2017/ethiopia__et_en.pdf,dcd75ed4ed74e62e8b18f9b6d6b939afd5ff17f0bff6b6517186ca13cbd82b62,https://gadebate.un.org/sites/default/files/gastatements/72/et_en.pdf,en,1,7,Local cover or explicit delivery statement; external metadata where recorded,Prepared/as-delivered status varies; no systematic video verification
2017_fiji,2017,FJI,local PDF,data/UNGA72_General_Debate_2017_statements/UNGA72_General_Debate_2017/fiji__fj_en.pdf,094e543c86668896cac10049c1d1a85dd196035ceecfc3b2f1d3ebde221e6fc4,https://gadebate.un.org/sites/default/files/gastatements/72/fj_en.pdf,en,1,22,Local cover or explicit delivery statement; external metadata where recorded,Prepared/as-delivered status varies; no systematic video verification
2017_finland,2017,FIN,local PDF,data/UNGA72_General_Debate_2017_statements/UNGA72_General_Debate_2017/finland__fi_en.pdf,9fbb6774ee35297b757e9229ae05effe6d6abde3625673854425301877e304ac,https://gadebate.un.org/sites/default/files/gastatements/72/fi_en.pdf,en,1,5,Local cover or explicit delivery statement; external metadata where recorded,Prepared/as-delivered status varies; no systematic video verification
2017_france,2017,FRA,local PDF,data/UNGA72_General_Debate_2017_statements/UNGA72_General_Debate_2017/france__fr_en.pdf,aa1bfe6e4d3908c80e264d9a3ba823baaaf0a501d7b28e2635ca80a232f7ba6b,https://gadebate.un.org/sites/default/files/gastatements/72/fr_en.pdf,en,1,8,Local cover or explicit delivery statement; external metadata where recorded,Prepared/as-delivered status varies; no systematic video verification
2017_gabon,2017,GAB,local PDF,data/UNGA72_General_Debate_2017_statements/UNGA72_General_Debate_2017/gabon__ga_fr.pdf,d2c19ebb3dff96384f2eab1b0efce18027cba7014de890f3fca215083954e91d,https://gadebate.un.org/sites/default/files/gastatements/72/ga_fr.pdf,fr,1,10,Local cover or explicit delivery statement; external metadata where recorded,Prepared/as-delivered status varies; no systematic video verification
2017_gambia-republic,2017,GMB,local PDF,data/UNGA72_General_Debate_2017_statements/UNGA72_General_Debate_2017/gambia-republic__ga_en.pdf,3e373c733688a21db6f2421765228f46f1c05f3516be2daaad9e3d7f78133508,https://gadebate.un.org/sites/default/files/gastatements/72/ga_en.pdf,en,1,6,Local cover or explicit delivery statement; external metadata where recorded,Prepared/as-delivered status varies; no systematic video verification
2017_georgia,2017,GEO,local PDF,data/UNGA72_General_Debate_2017_statements/UNGA72_General_Debate_2017/georgia__ge_en.pdf,03640875a57b44e7083312b3c26488c934075fc361943b3bfde779b284487c80,https://gadebate.un.org/sites/default/files/gastatements/72/ge_en.pdf,en,1,15,Local cover or explicit delivery statement; external metadata where recorded,Prepared/as-delivered status varies; no systematic video verification
2017_germany,2017,DEU,local PDF,data/UNGA72_General_Debate_2017_statements/UNGA72_General_Debate_2017/germany__de_en.pdf,3f61a609e0cfbde687c99f072c811a043f232086456700950069d0432454305a,https://gadebate.un.org/sites/default/files/gastatements/72/de_en.pdf,en,1,13,Local cover or explicit delivery statement; external metadata where recorded,Prepared/as-delivered status varies; no systematic video verification
2017_ghana,2017,GHA,local PDF,data/UNGA72_General_Debate_2017_statements/UNGA72_General_Debate_2017/ghana__gh_en.pdf,13ae4f6330a21d2057b2a708ce09f8250cdd7c06a8cdcc01d263d0577a924dd4,https://gadebate.un.org/sites/default/files/gastatements/72/gh_en.pdf,en,1,6,Local cover or explicit delivery statement; external metadata where recorded,Prepared/as-delivered status varies; no systematic video verification
2017_greece,2017,GRC,local PDF,data/UNGA72_General_Debate_2017_statements/UNGA72_General_Debate_2017/greece__gr_en.pdf,e18e2c10212a850297feb8e5dda87ea61ad1ebc25d62d0070dbdaa1d707abc47,https://gadebate.un.org/sites/default/files/gastatements/72/gr_en.pdf,en,1,6,Local cover or explicit delivery statement; external metadata where recorded,Prepared/as-delivered status varies; no systematic video verification
2017_grenada,2017,GRD,local PDF,data/UNGA72_General_Debate_2017_statements/UNGA72_General_Debate_2017/grenada__gd_en.pdf,2441ed09bfff4db8db9f4cb512ad22d05d1dbd2f8e97dee8eb1c88dbe5e038ee,https://gadebate.un.org/sites/default/files/gastatements/72/gd_en.pdf,en,1,12,Local cover or explicit delivery statement; external metadata where recorded,Prepared/as-delivered status varies; no systematic video verification
2017_guatemala,2017,GTM,local PDF,data/UNGA72_General_Debate_2017_statements/UNGA72_General_Debate_2017/guatemala__gt_es.pdf,fa8b64565707aa138d05741d9a2dbc77398796eea90188f6884e4566d59bc55f,https://gadebate.un.org/sites/default/files/gastatements/72/gt_es.pdf,es,1,8,Local cover or explicit delivery statement; external metadata where recorded,Prepared/as-delivered status varies; no systematic video verification
2017_guinea,2017,GIN,local PDF,data/UNGA72_General_Debate_2017_statements/UNGA72_General_Debate_2017/guinea__gn_fr.pdf,1da6a35c1940958b51e55f57b06e404018fa971b0cafd30270a0b465ea972995,https://gadebate.un.org/sites/default/files/gastatements/72/gn_fr.pdf,fr,1,8,Local cover or explicit delivery statement; external metadata where recorded,Prepared/as-delivered status varies; no systematic video verification
2017_guinea-bissau,2017,GNB,local PDF,data/UNGA72_General_Debate_2017_statements/UNGA72_General_Debate_2017/guinea-bissau__gw_en.pdf,b7da189bcea6f57cd8301d32f52c1ff33de530412c51bd2d8268d03c46858245,https://gadebate.un.org/sites/default/files/gastatements/72/gw_en.pdf,en,1,10,Local cover or explicit delivery statement; external metadata where recorded,Prepared/as-delivered status varies; no systematic video verification
2017_guyana,2017,GUY,local PDF,data/UNGA72_General_Debate_2017_statements/UNGA72_General_Debate_2017/guyana__gy_en.pdf,7ee59e7b51707f13a73a4975c2f852046d4518c8e9e3427b6050184987252208,https://gadebate.un.org/sites/default/files/gastatements/72/gy_en.pdf,en,1,7,Local cover or explicit delivery statement; external metadata where recorded,Prepared/as-delivered status varies; no systematic video verification
2017_haiti,2017,HTI,local PDF,data/UNGA72_General_Debate_2017_statements/UNGA72_General_Debate_2017/haiti__ht_fr.pdf,0bdb55d71d3edb7da2088dde29a92da6de073eff5c4590560902723b40efbfb3,https://gadebate.un.org/sites/default/files/gastatements/72/ht_fr.pdf,fr,1,10,Local cover or explicit delivery statement; external metadata where recorded,Prepared/as-delivered status varies; no systematic video verification
2017_honduras,2017,HND,local PDF,data/UNGA72_General_Debate_2017_statements/UNGA72_General_Debate_2017/honduras__hn_es.pdf,6984315eb153c0388415aff8cc9cf576d333c4d13fbd439392f8d64a4f7803f4,https://gadebate.un.org/sites/default/files/gastatements/72/hn_es.pdf,es,1,5,Local cover or explicit delivery statement; external metadata where recorded,Prepared/as-delivered status varies; no systematic video verification
2017_hungary,2017,HUN,local PDF,data/UNGA72_General_Debate_2017_statements/UNGA72_General_Debate_2017/hungary__hu_en.pdf,3b2a273c6c679f313ef64bf81696b8fec9e68096ff85f0b6e4ccecd70fc1ae05,https://gadebate.un.org/sites/default/files/gastatements/72/hu_en.pdf,en,1,5,Local cover or explicit delivery statement; external metadata where recorded,Prepared/as-delivered status varies; no systematic video verification
2017_iceland,2017,ISL,local PDF,data/UNGA72_General_Debate_2017_statements/UNGA72_General_Debate_2017/iceland__is_en.pdf,416ca244fda3425c0cbb05f9ea897de8e12e5552223bfb11c20698c31fa3768a,https://gadebate.un.org/sites/default/files/gastatements/72/is_en.pdf,en,1,5,Local cover or explicit delivery statement; external metadata where recorded,Prepared/as-delivered status varies; no systematic video verification
2017_india,2017,IND,local PDF,data/UNGA72_General_Debate_2017_statements/UNGA72_General_Debate_2017/india__in_en.pdf,dd28d4942c0d8f027c1d59fabbd1e57da5be03b231a341b96cfe843d8091a4f0,https://gadebate.un.org/sites/default/files/gastatements/72/in_en.pdf,en,1,8,Local cover or explicit delivery statement; external metadata where recorded,Prepared/as-delivered status varies; no systematic video verification
2017_indonesia,2017,IDN,local PDF,data/UNGA72_General_Debate_2017_statements/UNGA72_General_Debate_2017/indonesia__id_en.pdf,4372f998d2437b75ede485d6ac35b394ba062768fa95480d37c14cbe8e4f39d8,https://gadebate.un.org/sites/default/files/gastatements/72/id_en.pdf,en,1,10,Local cover or explicit delivery statement; external metadata where recorded,Prepared/as-delivered status varies; no systematic video verification
2017_iran-islamic-republic,2017,IRN,local PDF,data/UNGA72_General_Debate_2017_statements/UNGA72_General_Debate_2017/iran-islamic-republic__ir_en.pdf,e63442b9c45c4008abecd41ac116b3910b8dc84ffbc88a1b5fcf7ac5d3154111,https://gadebate.un.org/sites/default/files/gastatements/72/ir_en.pdf,en,1,6,Local cover or explicit delivery statement; external metadata where recorded,Prepared/as-delivered status varies; no systematic video verification
2017_iraq,2017,IRQ,local PDF,data/UNGA72_General_Debate_2017_statements/UNGA72_General_Debate_2017/iraq__iq_ar.pdf,16e683a3c482a1bb02b26eaffe169b91545595cd6d3a8b01973fccb90017bff5,https://gadebate.un.org/sites/default/files/gastatements/72/iq_ar.pdf,ar,1,21,Local cover or explicit delivery statement; external metadata where recorded,Prepared/as-delivered status varies; no systematic video verification
2017_ireland,2017,IRL,local PDF,data/UNGA72_General_Debate_2017_statements/UNGA72_General_Debate_2017/ireland__ie_en.pdf,b22d7e31398100dfcdbb89d8432ee594d9644c36e18fcaace55adc5be3c699ee,https://gadebate.un.org/sites/default/files/gastatements/72/ie_en.pdf,en,1,9,Local cover or explicit delivery statement; external metadata where recorded,Prepared/as-delivered status varies; no systematic video verification
2017_italy,2017,ITA,local PDF,data/UNGA72_General_Debate_2017_statements/UNGA72_General_Debate_2017/italy__it_en.pdf,8fe4e5884e0854042cd6d56bd0645d5c559917bde85650a440e72c595abd6e05,https://gadebate.un.org/sites/default/files/gastatements/72/it_en.pdf,en,1,15,Local cover or explicit delivery statement; external metadata where recorded,Prepared/as-delivered status varies; no systematic video verification
2017_jamaica,2017,JAM,local PDF,data/UNGA72_General_Debate_2017_statements/UNGA72_General_Debate_2017/jamaica__jm_en.pdf,c0dee2212ee7025d00d8eed8db51d457d00fae450416fd069b74a39edf12e88a,https://gadebate.un.org/sites/default/files/gastatements/72/jm_en.pdf,en,1,7,Local cover or explicit delivery statement; external metadata where recorded,Prepared/as-delivered status varies; no systematic video verification
2017_japan,2017,JPN,local PDF,data/UNGA72_General_Debate_2017_statements/UNGA72_General_Debate_2017/japan__jp_en.pdf,b38411ab3f6a192f864ebadc1a547fb61cedf91a5c146b7b628bd7fe35a3149a,https://gadebate.un.org/sites/default/files/gastatements/72/jp_en.pdf,en,1,7,Local cover or explicit delivery statement; external metadata where recorded,Prepared/as-delivered status varies; no systematic video verification
2017_jordan,2017,JOR,local PDF,data/UNGA72_General_Debate_2017_statements/UNGA72_General_Debate_2017/jordan__jo_en.pdf,a78438228e4410eb49c56fd03f60b1516c79def7bc89b15329f729723b867828,https://gadebate.un.org/sites/default/files/gastatements/72/jo_en.pdf,en,1,5,Local cover or explicit delivery statement; external metadata where recorded,Prepared/as-delivered status varies; no systematic video verification
2017_kazakhstan,2017,KAZ,local PDF,data/UNGA72_General_Debate_2017_statements/UNGA72_General_Debate_2017/kazakhstan__kz_en.pdf,fcdac26d00a729cdad201fb9b32c5e7b979565d5d10cf404f218e29c8b7b1fe8,https://gadebate.un.org/sites/default/files/gastatements/72/kz_en.pdf,en,1,9,Local cover or explicit delivery statement; external metadata where recorded,Prepared/as-delivered status varies; no systematic video verification
2017_kenya,2017,KEN,local PDF,data/UNGA72_General_Debate_2017_statements/UNGA72_General_Debate_2017/kenya__ke_en.pdf,3f037c5f6d64861392323be038ca0f9d073e26246ce0557ec3f96007ce1c713c,https://gadebate.un.org/sites/default/files/gastatements/72/ke_en.pdf,en,1,6,Local cover or explicit delivery statement; external metadata where recorded,Prepared/as-delivered status varies; no systematic video verification
2017_kiribati,2017,KIR,local PDF,data/UNGA72_General_Debate_2017_statements/UNGA72_General_Debate_2017/kiribati__ki_en.pdf,343bc39c00803fada289425df987f30036c554f1022423fcf0b410d4fac3fa5e,https://gadebate.un.org/sites/default/files/gastatements/72/ki_en.pdf,en,1,10,Local cover or explicit delivery statement; external metadata where recorded,Prepared/as-delivered status varies; no systematic video verification
2017_kuwait,2017,KWT,local PDF,data/UNGA72_General_Debate_2017_statements/UNGA72_General_Debate_2017/kuwait__kw_en.pdf,5134da3f1d546bf7ecf854296b848d702bcf3067c76e3419a735c097eed3b2da,https://gadebate.un.org/sites/default/files/gastatements/72/kw_en.pdf,en,1,9,Local cover or explicit delivery statement; external metadata where recorded,Prepared/as-delivered status varies; no systematic video verification
2017_kyrgyzstan,2017,KGZ,local PDF,data/UNGA72_General_Debate_2017_statements/UNGA72_General_Debate_2017/kyrgyzstan__kg_ru.pdf,fc51a1cb43e9ed3d46a7e0b27064a0c1db0b9b1cfd3d6c70879a1a5dc1c28bdd,https://gadebate.un.org/sites/default/files/gastatements/72/kg_ru.pdf,ru,1,13,Local cover or explicit delivery statement; external metadata where recorded,Prepared/as-delivered status varies; no systematic video verification
2017_lao-peoples-democratic-republic,2017,LAO,local PDF,data/UNGA72_General_Debate_2017_statements/UNGA72_General_Debate_2017/lao-peoples-democratic-republic__la_en.pdf,2367024ad6413806f1e338e99da24f111763da9b03e84e80ac43799869ec3173,https://gadebate.un.org/sites/default/files/gastatements/72/la_en.pdf,en,1,7,Local cover or explicit delivery statement; external metadata where recorded,Prepared/as-delivered status varies; no systematic video verification
2017_latvia,2017,LVA,local PDF,data/UNGA72_General_Debate_2017_statements/UNGA72_General_Debate_2017/latvia__lv_en.pdf,6172c2a76d68ace5f2129d1663bceaad51204a9d690a1915b63b56d8b965c341,https://gadebate.un.org/sites/default/files/gastatements/72/lv_en.pdf,en,1,11,Local cover or explicit delivery statement; external metadata where recorded,Prepared/as-delivered status varies; no systematic video verification
2017_lebanon,2017,LBN,local PDF,data/UNGA72_General_Debate_2017_statements/UNGA72_General_Debate_2017/lebanon__lb_en.pdf,57aee2376bdb9862c31393cc635af8f7f210a3742726aeba009923dd4502396d,https://gadebate.un.org/sites/default/files/gastatements/72/lb_en.pdf,en,1,5,Local cover or explicit delivery statement; external metadata where recorded,Prepared/as-delivered status varies; no systematic video verification
2017_lesotho,2017,LSO,local PDF,data/UNGA72_General_Debate_2017_statements/UNGA72_General_Debate_2017/lesotho__ls_en.pdf,46cdbcd21bee485756b3b611c214552962871870bebbe8185e8d32d6d06d6a46,https://gadebate.un.org/sites/default/files/gastatements/72/ls_en.pdf,en,1,10,Local cover or explicit delivery statement; external metadata where recorded,Prepared/as-delivered status varies; no systematic video verification
2017_liberia,2017,LBR,local PDF,data/UNGA72_General_Debate_2017_statements/UNGA72_General_Debate_2017/liberia__lr_en.pdf,e28055abf1d17509786361f48181df48f090bd2ba6ba71d069374828fa50ccb0,https://gadebate.un.org/sites/default/files/gastatements/72/lr_en.pdf,en,1,7,Local cover or explicit delivery statement; external metadata where recorded,Prepared/as-delivered status varies; no systematic video verification
2017_libya,2017,LBY,local PDF,data/UNGA72_General_Debate_2017_statements/UNGA72_General_Debate_2017/libya__ly_ar.pdf,33ba84b31010930a94bc3bf6fb5310c89e7d92e2ad54ed0f60d6ee4c2f706d8d,https://gadebate.un.org/sites/default/files/gastatements/72/ly_ar.pdf,ar,1,6,Local cover or explicit delivery statement; external metadata where recorded,Prepared/as-delivered status varies; no systematic video verification
2017_liechtenstein,2017,LIE,local PDF,data/UNGA72_General_Debate_2017_statements/UNGA72_General_Debate_2017/liechtenstein__li_en.pdf,c04a5ec97fb0b2458e52dd91657553d5cd1261bfaec81ff3345587676fc0a634,https://gadebate.un.org/sites/default/files/gastatements/72/li_en.pdf,en,1,6,Local cover or explicit delivery statement; external metadata where recorded,Prepared/as-delivered status varies; no systematic video verification
2017_lithuania,2017,LTU,local PDF,data/UNGA72_General_Debate_2017_statements/UNGA72_General_Debate_2017/lithuania__lt_en.pdf,0a4d30a241eae9115005285bc556db1d8511ac02fe6173154fe4c7b97341dd4d,https://gadebate.un.org/sites/default/files/gastatements/72/lt_en.pdf,en,1,2,Local cover or explicit delivery statement; external metadata where recorded,Prepared/as-delivered status varies; no systematic video verification
2017_luxembourg,2017,LUX,local PDF,data/UNGA72_General_Debate_2017_statements/UNGA72_General_Debate_2017/luxembourg__lu_fr.pdf,da1900a3e4497123265954d9bafa3448702b8dbd2cde8228b1a1a59cf35d3600,https://gadebate.un.org/sites/default/files/gastatements/72/lu_fr.pdf,fr,1,13,Local cover or explicit delivery statement; external metadata where recorded,Prepared/as-delivered status varies; no systematic video verification
2017_madagascar,2017,MDG,local PDF,data/UNGA72_General_Debate_2017_statements/UNGA72_General_Debate_2017/madagascar__mg_fr.pdf,0966a687260dab051a8b94f405de933adc611ce32ded9763946815fc2d406dc5,https://gadebate.un.org/sites/default/files/gastatements/72/mg_fr.pdf,fr,1,7,Local cover or explicit delivery statement; external metadata where recorded,Prepared/as-delivered status varies; no systematic video verification
2017_malawi,2017,MWI,local PDF,data/UNGA72_General_Debate_2017_statements/UNGA72_General_Debate_2017/malawi__mw_en.pdf,d0181f9ade5edae7e22e3292e7a524c8d37543e5c10a0d570f8aeb640a9bbaab,https://gadebate.un.org/sites/default/files/gastatements/72/mw_en.pdf,en,1,6,Local cover or explicit delivery statement; external metadata where recorded,Prepared/as-delivered status varies; no systematic video verification
2017_malaysia,2017,MYS,local PDF,data/UNGA72_General_Debate_2017_statements/UNGA72_General_Debate_2017/malaysia__my_en.pdf,c042d6838bd07a4f2a78319b969ced2aff4c9f157d2154621bbf594bb8369d7b,https://gadebate.un.org/sites/default/files/gastatements/72/my_en.pdf,en,1,16,Local cover or explicit delivery statement; external metadata where recorded,Prepared/as-delivered status varies; no systematic video verification
2017_maldives,2017,MDV,local PDF,data/UNGA72_General_Debate_2017_statements/UNGA72_General_Debate_2017/maldives__mv_en.pdf,22b019e8faec8e0a2c66c64206b783053c765cc121daac7e8934158f8345ffe7,https://gadebate.un.org/sites/default/files/gastatements/72/mv_en.pdf,en,1,8,Local cover or explicit delivery statement; external metadata where recorded,Prepared/as-delivered status varies; no systematic video verification
2017_mali,2017,MLI,local PDF,data/UNGA72_General_Debate_2017_statements/UNGA72_General_Debate_2017/mali__ml_fr.pdf,e3d218c78d0cc065bfc82c692538db46a29736210af58c1255195296c80078cf,https://gadebate.un.org/sites/default/files/gastatements/72/ml_fr.pdf,fr,1,9,Local cover or explicit delivery statement; external metadata where recorded,Prepared/as-delivered status varies; no systematic video verification
2017_malta,2017,MLT,local PDF,data/UNGA72_General_Debate_2017_statements/UNGA72_General_Debate_2017/malta__mt_en.pdf,03f4101e616c7bd416207a9f64c74bb53684683c639d6cebf5eb3a6510ba8761,https://gadebate.un.org/sites/default/files/gastatements/72/mt_en.pdf,en,1,4,Local cover or explicit delivery statement; external metadata where recorded,Prepared/as-delivered status varies; no systematic video verification
2017_marshall-islands,2017,MHL,local PDF,data/UNGA72_General_Debate_2017_statements/UNGA72_General_Debate_2017/marshall-islands__mh_en.pdf,7a0110fd1edbd8ae991c467d9f2ec798b3e5a376f9f7f138359a80e0d2b07e72,https://gadebate.un.org/sites/default/files/gastatements/72/mh_en.pdf,en,1,4,Local cover or explicit delivery statement; external metadata where recorded,Prepared/as-delivered status varies; no systematic video verification
2017_mauritania,2017,MRT,local PDF,data/UNGA72_General_Debate_2017_statements/UNGA72_General_Debate_2017/mauritania__mr_ar.pdf,9bccfa17f2d07b3eb65701835c4a92a3c86123e4378d7bcaea7a73e814866c49,https://gadebate.un.org/sites/default/files/gastatements/72/mr_ar.pdf,ar,1,9,Local cover or explicit delivery statement; external metadata where recorded,Prepared/as-delivered status varies; no systematic video verification
2017_mauritius,2017,MUS,local PDF,data/UNGA72_General_Debate_2017_statements/UNGA72_General_Debate_2017/mauritius__mu_en.pdf,0d7a255903585570a470be8158099f865f23d6d3b06c25675ee72f9e7b3529b8,https://gadebate.un.org/sites/default/files/gastatements/72/mu_en.pdf,en,1,9,Local cover or explicit delivery statement; external metadata where recorded,Prepared/as-delivered status varies; no systematic video verification
2017_mexico,2017,MEX,local PDF,data/UNGA72_General_Debate_2017_statements/UNGA72_General_Debate_2017/mexico__mx_es.pdf,2a9fff10a4ae09096e9a0ca7f376cba5eeac8657c42fcbc77b5158df5acf700a,https://gadebate.un.org/sites/default/files/gastatements/72/mx_es.pdf,es,1,9,Local cover or explicit delivery statement; external metadata where recorded,Prepared/as-delivered status varies; no systematic video verification
2017_micronesia-federated-states,2017,FSM,local PDF,data/UNGA72_General_Debate_2017_statements/UNGA72_General_Debate_2017/micronesia-federated-states__fm_en.pdf,9eec659c336ada5af751656d69de6cbff7fe6845e05ae5359d341b2c11b736df,https://gadebate.un.org/sites/default/files/gastatements/72/fm_en.pdf,en,1,4,Local cover or explicit delivery statement; external metadata where recorded,Prepared/as-delivered status varies; no systematic video verification
2017_monaco,2017,MCO,local PDF,data/UNGA72_General_Debate_2017_statements/UNGA72_General_Debate_2017/monaco__mc_fr.pdf,40b85bdab96785dd78b4d6450bc5775f6d648418a4f2414e415082c4015c841d,https://gadebate.un.org/sites/default/files/gastatements/72/mc_fr.pdf,fr,1,6,Local cover or explicit delivery statement; external metadata where recorded,Prepared/as-delivered status varies; no systematic video verification
2017_mongolia,2017,MNG,local PDF,data/UNGA72_General_Debate_2017_statements/UNGA72_General_Debate_2017/mongolia__mn_en.pdf,407454bd752f24be38074960c3cb54ebfc4a0ad85f5218b6c4e2e5e9c7b7b8a8,https://gadebate.un.org/sites/default/files/gastatements/72/mn_en.pdf,en,1,7,Local cover or explicit delivery statement; external metadata where recorded,Prepared/as-delivered status varies; no systematic video verification
2017_montenegro,2017,MNE,local PDF,data/UNGA72_General_Debate_2017_statements/UNGA72_General_Debate_2017/montenegro__me_en.pdf,af775dcc18829177dff7a372b5311f01714874c4865409fa3e90363fee29a832,https://gadebate.un.org/sites/default/files/gastatements/72/me_en.pdf,en,1,4,Local cover or explicit delivery statement; external metadata where recorded,Prepared/as-delivered status varies; no systematic video verification
2017_morocco,2017,MAR,local PDF,data/UNGA72_General_Debate_2017_statements/UNGA72_General_Debate_2017/morocco__ma_ar.pdf,d7fb7548d593371df7467948aca59c83d9962ebcb5983848179fe48b19511de2,https://gadebate.un.org/sites/default/files/gastatements/72/ma_ar.pdf,ar,1,11,Local cover or explicit delivery statement; external metadata where recorded,Prepared/as-delivered status varies; no systematic video verification
2017_mozambique,2017,MOZ,local PDF,data/UNGA72_General_Debate_2017_statements/UNGA72_General_Debate_2017/mozambique__mz_en.pdf,240fa3594803d9a9992f3d1ea37c1b536992a19156990c801f4e92da850ab7d7,https://gadebate.un.org/sites/default/files/gastatements/72/mz_en.pdf,en,1,7,Local cover or explicit delivery statement; external metadata where recorded,Prepared/as-delivered status varies; no systematic video verification
2017_myanmar,2017,MMR,local PDF,data/UNGA72_General_Debate_2017_statements/UNGA72_General_Debate_2017/myanmar__mm_en.pdf,2aa192187cd141ed695f226601c233b5cacead2f59e34caa58d58ab81bcac39b,https://gadebate.un.org/sites/default/files/gastatements/72/mm_en.pdf,en,1,7,Local cover or explicit delivery statement; external metadata where recorded,Prepared/as-delivered status varies; no systematic video verification
2017_namibia,2017,NAM,local PDF,data/UNGA72_General_Debate_2017_statements/UNGA72_General_Debate_2017/namibia__na_en.pdf,b0f53eaa450465997ca4b36afb18fe914bf9add22a60f9dad9075b3df7cd43be,https://gadebate.un.org/sites/default/files/gastatements/72/na_en.pdf,en,1,7,Local cover or explicit delivery statement; external metadata where recorded,Prepared/as-delivered status varies; no systematic video verification
2017_nauru,2017,NRU,local PDF,data/UNGA72_General_Debate_2017_statements/UNGA72_General_Debate_2017/nauru__nr_en.pdf,f006741f120d2eaff2dc5112377db8b8a564af1dcb37024b1b53f1b22095537f,https://gadebate.un.org/sites/default/files/gastatements/72/nr_en.pdf,en,1,7,Local cover or explicit delivery statement; external metadata where recorded,Prepared/as-delivered status varies; no systematic video verification
2017_nepal,2017,NPL,local PDF,data/UNGA72_General_Debate_2017_statements/UNGA72_General_Debate_2017/nepal__np_en.pdf,e7490d5580fd3116b652055caf88289ca4a88f3c44de5e05394977f3f1c24c0c,https://gadebate.un.org/sites/default/files/gastatements/72/np_en.pdf,en,1,7,Local cover or explicit delivery statement; external metadata where recorded,Prepared/as-delivered status varies; no systematic video verification
2017_netherlands,2017,NLD,local PDF,data/UNGA72_General_Debate_2017_statements/UNGA72_General_Debate_2017/netherlands__nl_en.pdf,a52dfa96e5e6d505570e90cbeda9cca88514ce889d9b21c5526d849150f2be63,https://gadebate.un.org/sites/default/files/gastatements/72/nl_en.pdf,en,1,6,Local cover or explicit delivery statement; external metadata where recorded,Prepared/as-delivered status varies; no systematic video verification
2017_new-zealand,2017,NZL,local PDF,data/UNGA72_General_Debate_2017_statements/UNGA72_General_Debate_2017/new-zealand__nz_en.pdf,b00a8f3f4a6e7cfdffcdf7844d5c57efbfcb522cfd4b9c3162c87a8c5dc6a245,https://gadebate.un.org/sites/default/files/gastatements/72/nz_en.pdf,en,1,8,Local cover or explicit delivery statement; external metadata where recorded,Prepared/as-delivered status varies; no systematic video verification
2017_nicaragua,2017,NIC,local PDF,data/UNGA72_General_Debate_2017_statements/UNGA72_General_Debate_2017/nicaragua__ni_en.pdf,b5b5bead6eaf21eb8cf0304e1b9fa9fa547513202ffe3090a38207fcae02cc8c,https://gadebate.un.org/sites/default/files/gastatements/72/ni_en.pdf,en,1,6,Local cover or explicit delivery statement; external metadata where recorded,Prepared/as-delivered status varies; no systematic video verification
2017_niger,2017,NER,local PDF,data/UNGA72_General_Debate_2017_statements/UNGA72_General_Debate_2017/niger__ne_fr.pdf,128c73d373ff19aa0bf305f1909c1ea36d2536b74b8ecea1b1e1eeed61c86752,https://gadebate.un.org/sites/default/files/gastatements/72/ne_fr.pdf,fr,1,8,Local cover or explicit delivery statement; external metadata where recorded,Prepared/as-delivered status varies; no systematic video verification
2017_nigeria,2017,NGA,local PDF,data/UNGA72_General_Debate_2017_statements/UNGA72_General_Debate_2017/nigeria__ng_en.pdf,083fd55f5a889f26e9820e6e602bed95db91a83dabb589629a311fbc51917bd7,https://gadebate.un.org/sites/default/files/gastatements/72/ng_en.pdf,en,1,22,Local cover or explicit delivery statement; external metadata where recorded,Prepared/as-delivered status varies; no systematic video verification
2017_norway,2017,NOR,local PDF,data/UNGA72_General_Debate_2017_statements/UNGA72_General_Debate_2017/norway__no_en.pdf,a4a95c954150c96aebb92e401612068235ed0650afef1560fcc212a0e26f6106,https://gadebate.un.org/sites/default/files/gastatements/72/no_en.pdf,en,1,8,Local cover or explicit delivery statement; external metadata where recorded,Prepared/as-delivered status varies; no systematic video verification
2017_oman,2017,OMN,local PDF,data/UNGA72_General_Debate_2017_statements/UNGA72_General_Debate_2017/oman__om_en.pdf,76c00a51f19880a739ab7c116ce061ae1f90a3e79763c3a136e3a0a9c09e3ff0,https://gadebate.un.org/sites/default/files/gastatements/72/om_en.pdf,en,1,6,Local cover or explicit delivery statement; external metadata where recorded,Prepared/as-delivered status varies; no systematic video verification
2017_pakistan,2017,PAK,local PDF,data/UNGA72_General_Debate_2017_statements/UNGA72_General_Debate_2017/pakistan__pk_en.pdf,5c03d8d40899b4ddda93ea0b275872aa49c97bb1d63193023c75e6547070cafd,https://gadebate.un.org/sites/default/files/gastatements/72/pk_en.pdf,en,1,6,Local cover or explicit delivery statement; external metadata where recorded,Prepared/as-delivered status varies; no systematic video verification
2017_palau,2017,PLW,local PDF,data/UNGA72_General_Debate_2017_statements/UNGA72_General_Debate_2017/palau__pw_en.pdf,57a4d170bbe1c0c8a8bb667a3ad6dc56fad35a8119ffc6585e35d6387f23b8b1,https://gadebate.un.org/sites/default/files/gastatements/72/pw_en.pdf,en,1,4,Local cover or explicit delivery statement; external metadata where recorded,Prepared/as-delivered status varies; no systematic video verification
2017_panama,2017,PAN,local PDF,data/UNGA72_General_Debate_2017_statements/UNGA72_General_Debate_2017/panama__pa_es.pdf,46635ae0a676efa1192fd40e488150569c65ef7cb36c2415127ad8db1d970f15,https://gadebate.un.org/sites/default/files/gastatements/72/pa_es.pdf,es,1,19,Local cover or explicit delivery statement; external metadata where recorded,Prepared/as-delivered status varies; no systematic video verification
2017_papua-new-guinea,2017,PNG,local PDF,data/UNGA72_General_Debate_2017_statements/UNGA72_General_Debate_2017/papua-new-guinea__pg_en.pdf,1cce3644696230bc16378175831a62c076af7c60223d8ed8b7f7b228413935ab,https://gadebate.un.org/sites/default/files/gastatements/72/pg_en.pdf,en,1,6,Local cover or explicit delivery statement; external metadata where recorded,Prepared/as-delivered status varies; no systematic video verification
2017_paraguay,2017,PRY,local PDF,data/UNGA72_General_Debate_2017_statements/UNGA72_General_Debate_2017/paraguay__py_en.pdf,8ad732910eea2bec9b7416a91fce1f30048e82adfe10c6f7f048808e0e6775a6,https://gadebate.un.org/sites/default/files/gastatements/72/py_en.pdf,en,1,5,Local cover or explicit delivery statement; external metadata where recorded,Prepared/as-delivered status varies; no systematic video verification
2017_peru,2017,PER,local PDF,data/UNGA72_General_Debate_2017_statements/UNGA72_General_Debate_2017/peru__pe_es.pdf,e948949c16266ba04647dd0e8b387118d22bd75825e546c3dbff46fb19f5fc80,https://gadebate.un.org/sites/default/files/gastatements/72/pe_es.pdf,es,1,5,Local cover or explicit delivery statement; external metadata where recorded,Prepared/as-delivered status varies; no systematic video verification
2017_philippines,2017,PHL,local PDF,data/UNGA72_General_Debate_2017_statements/UNGA72_General_Debate_2017/philippines__ph_en.pdf,c733f3c574714c28b0dcccb043c7434a488cd6f9c7b3a50c0bd418d2acc41ea0,https://gadebate.un.org/sites/default/files/gastatements/72/ph_en.pdf,en,1,15,Local cover or explicit delivery statement; external metadata where recorded,Prepared/as-delivered status varies; no systematic video verification
2017_poland,2017,POL,local PDF,data/UNGA72_General_Debate_2017_statements/UNGA72_General_Debate_2017/poland__pl_en.pdf,41758b2d0182661aa2f74eb29e43e3592afae647cacf488b8e12c4f969541282,https://gadebate.un.org/sites/default/files/gastatements/72/pl_en.pdf,en,1,6,Local cover or explicit delivery statement; external metadata where recorded,Prepared/as-delivered status varies; no systematic video verification
2017_portugal,2017,PRT,local PDF,data/UNGA72_General_Debate_2017_statements/UNGA72_General_Debate_2017/portugal__pt_en.pdf,a43e24ea975a8834c2e1c6aa6dfe6c46c44f63cd90efed04a466d6bd61bab79c,https://gadebate.un.org/sites/default/files/gastatements/72/pt_en.pdf,en,1,6,Local cover or explicit delivery statement; external metadata where recorded,Prepared/as-delivered status varies; no systematic video verification
2017_qatar,2017,QAT,local PDF,data/UNGA72_General_Debate_2017_statements/UNGA72_General_Debate_2017/qatar__qa_en.pdf,baf85f04721158ea610afd48a77463ae2397e60ddeca4e582dff128b1e04e1c1,https://gadebate.un.org/sites/default/files/gastatements/72/qa_en.pdf,en,1,8,Local cover or explicit delivery statement; external metadata where recorded,Prepared/as-delivered status varies; no systematic video verification
2017_republic-korea,2017,KOR,local PDF,data/UNGA72_General_Debate_2017_statements/UNGA72_General_Debate_2017/republic-korea__kr_en.pdf,7fa8e4597cc2f21ad8eca1ab9ba4397c178c44f30b3abcddcfc791099aee6288,https://gadebate.un.org/sites/default/files/gastatements/72/kr_en.pdf,en,1,7,Local cover or explicit delivery statement; external metadata where recorded,Prepared/as-delivered status varies; no systematic video verification
2017_republic-moldova,2017,MDA,local PDF,data/UNGA72_General_Debate_2017_statements/UNGA72_General_Debate_2017/republic-moldova__md_en.pdf,4feb52ccfb3ca1055e0ab15066eb0d0fff743f6751915df04c970ec12477087e,https://gadebate.un.org/sites/default/files/gastatements/72/md_en.pdf,en,1,6,Local cover or explicit delivery statement; external metadata where recorded,Prepared/as-delivered status varies; no systematic video verification
2017_republic-north-macedonia,2017,MKD,local PDF,data/UNGA72_General_Debate_2017_statements/UNGA72_General_Debate_2017/republic-north-macedonia__mk_en.pdf,2cbbba7b5bb533ea91f538621181d48f3f60b756384fc09e58fa35af363d231d,https://gadebate.un.org/sites/default/files/gastatements/72/mk_en.pdf,en,1,5,Local cover or explicit delivery statement; external metadata where recorded,Prepared/as-delivered status varies; no systematic video verification
2017_romania,2017,ROU,local PDF,data/UNGA72_General_Debate_2017_statements/UNGA72_General_Debate_2017/romania__ro_en.pdf,7f64b07e5e737093d1e3f13a53a5c34514b0f8f14b65cf2b1508344ebeaab0ad,https://gadebate.un.org/sites/default/files/gastatements/72/ro_en.pdf,en,1,6,Local cover or explicit delivery statement; external metadata where recorded,Prepared/as-delivered status varies; no systematic video verification
2017_russian-federation,2017,RUS,local PDF,data/UNGA72_General_Debate_2017_statements/UNGA72_General_Debate_2017/russian-federation__ru_en.pdf,886ba3a72b98782a1793c409c491b71f61caf04efba286828be47cf686086409,https://gadebate.un.org/sites/default/files/gastatements/72/ru_en.pdf,en,1,7,Local cover or explicit delivery statement; external metadata where recorded,Prepared/as-delivered status varies; no systematic video verification
2017_rwanda,2017,RWA,local PDF,data/UNGA72_General_Debate_2017_statements/UNGA72_General_Debate_2017/rwanda__rw_en.pdf,a79af74d874da4f87cfb6af4a9bdab7bff41d36d2437fbd51361917589f75634,https://gadebate.un.org/sites/default/files/gastatements/72/rw_en.pdf,en,1,5,Local cover or explicit delivery statement; external metadata where recorded,Prepared/as-delivered status varies; no systematic video verification
2017_saint-kitts-and-nevis,2017,KNA,local PDF,data/UNGA72_General_Debate_2017_statements/UNGA72_General_Debate_2017/saint-kitts-and-nevis__kn_en.pdf,c7cdbde69c21184fa34ab448f3d908d60981dd91edabfecca3f40d62b4b05e0a,https://gadebate.un.org/sites/default/files/gastatements/72/kn_en.pdf,en,1,6,Local cover or explicit delivery statement; external metadata where recorded,Prepared/as-delivered status varies; no systematic video verification
2017_saint-lucia,2017,LCA,local PDF,data/UNGA72_General_Debate_2017_statements/UNGA72_General_Debate_2017/saint-lucia__lc_en.pdf,8d327861b4da9aff60979754f7bc09d5e69c17aa8145e7c0af6e8045f98e4e90,https://gadebate.un.org/sites/default/files/gastatements/72/lc_en.pdf,en,1,7,Local cover or explicit delivery statement; external metadata where recorded,Prepared/as-delivered status varies; no systematic video verification
2017_saint-vincent-and-grenadines,2017,VCT,local PDF,data/UNGA72_General_Debate_2017_statements/UNGA72_General_Debate_2017/saint-vincent-and-grenadines__vc_en.pdf,294ad309f0cf56aebb52056773c78575108b1a28c7e57656ff475ffb023a7cd7,https://gadebate.un.org/sites/default/files/gastatements/72/vc_en.pdf,en,1,7,Local cover or explicit delivery statement; external metadata where recorded,Prepared/as-delivered status varies; no systematic video verification
2017_samoa,2017,WSM,local PDF,data/UNGA72_General_Debate_2017_statements/UNGA72_General_Debate_2017/samoa__ws_en.pdf,07824ebfafdf4c7265577d66f7a62bcbf6fc9615457a2697bc127c70850dc4e4,https://gadebate.un.org/sites/default/files/gastatements/72/ws_en.pdf,en,1,10,Local cover or explicit delivery statement; external metadata where recorded,Prepared/as-delivered status varies; no systematic video verification
2017_san-marino,2017,SMR,local PDF,data/UNGA72_General_Debate_2017_statements/UNGA72_General_Debate_2017/san-marino__sm_en.pdf,ddd76fcb74bc3aa6d963264e7174285cac2a86c7f9063272b67394521d362906,https://gadebate.un.org/sites/default/files/gastatements/72/sm_en.pdf,en,1,8,Local cover or explicit delivery statement; external metadata where recorded,Prepared/as-delivered status varies; no systematic video verification
2017_sao-tome-and-principe,2017,STP,local PDF,data/UNGA72_General_Debate_2017_statements/UNGA72_General_Debate_2017/sao-tome-and-principe__st_en.pdf,0f6ac72bd779523e52ddf4b3bccff004cb7130e642fed6309551dda627365a8c,https://gadebate.un.org/sites/default/files/gastatements/72/st_en.pdf,en,1,7,Local cover or explicit delivery statement; external metadata where recorded,Prepared/as-delivered status varies; no systematic video verification
2017_saudi-arabia,2017,SAU,local PDF,data/UNGA72_General_Debate_2017_statements/UNGA72_General_Debate_2017/saudi-arabia__sa_ar.pdf,904a4b21c8ae6ca9d32aabc2993c1e66b4dca101f809a3fcd1b6303b2161204f,https://gadebate.un.org/sites/default/files/gastatements/72/sa_ar.pdf,ar,1,8,Local cover or explicit delivery statement; external metadata where recorded,Prepared/as-delivered status varies; no systematic video verification
2017_senegal,2017,SEN,local PDF,data/UNGA72_General_Debate_2017_statements/UNGA72_General_Debate_2017/senegal__sn_fr.pdf,bc8d636da275f56f191aaca17931227abea16c61de406173541c5b6e28a257d4,https://gadebate.un.org/sites/default/files/gastatements/72/sn_fr.pdf,fr,1,7,Local cover or explicit delivery statement; external metadata where recorded,Prepared/as-delivered status varies; no systematic video verification
2017_serbia,2017,SRB,local PDF,data/UNGA72_General_Debate_2017_statements/UNGA72_General_Debate_2017/serbia__rs_en.pdf,1ef5f7e7cbb1e6af15a31a8907f46a4f811f6bb4f6e4fbfcd15a0b2d197c8d4e,https://gadebate.un.org/sites/default/files/gastatements/72/rs_en.pdf,en,1,5,Local cover or explicit delivery statement; external metadata where recorded,Prepared/as-delivered status varies; no systematic video verification
2017_seychelles,2017,SYC,local PDF,data/UNGA72_General_Debate_2017_statements/UNGA72_General_Debate_2017/seychelles__sc_en.pdf,ecae30ff67384f3504f361778eed435e243bec3e3d2f5a41b36d753e2cd6dc52,https://gadebate.un.org/sites/default/files/gastatements/72/sc_en.pdf,en,1,5,Local cover or explicit delivery statement; external metadata where recorded,Prepared/as-delivered status varies; no systematic video verification
2017_sierra-leone,2017,SLE,local PDF,data/UNGA72_General_Debate_2017_statements/UNGA72_General_Debate_2017/sierra-leone__sl_en.pdf,b9fcdc5cba67ae1d2790f9a17aa2f8db974e0de0344a93c88f698510304c5778,https://gadebate.un.org/sites/default/files/gastatements/72/sl_en.pdf,en,1,7,Local cover or explicit delivery statement; external metadata where recorded,Prepared/as-delivered status varies; no systematic video verification
2017_singapore,2017,SGP,local PDF,data/UNGA72_General_Debate_2017_statements/UNGA72_General_Debate_2017/singapore__sg_en.pdf,02450263209c5a46c5fdf1187d4e24b3c58b4af26bd3842e963c9f62ff99a99f,https://gadebate.un.org/sites/default/files/gastatements/72/sg_en.pdf,en,1,11,Local cover or explicit delivery statement; external metadata where recorded,Prepared/as-delivered status varies; no systematic video verification
2017_slovakia,2017,SVK,local PDF,data/UNGA72_General_Debate_2017_statements/UNGA72_General_Debate_2017/slovakia__sk_en.pdf,cd54084151aebd31e576e6820723031b0db6d3f501a434d6727f5781d52e1b7a,https://gadebate.un.org/sites/default/files/gastatements/72/sk_en.pdf,en,1,6,Local cover or explicit delivery statement; external metadata where recorded,Prepared/as-delivered status varies; no systematic video verification
2017_slovenia,2017,SVN,local PDF,data/UNGA72_General_Debate_2017_statements/UNGA72_General_Debate_2017/slovenia__si_en.pdf,41506449aea2941810f582f9737817b4eccb9edef6965a5f602993b4daa0564b,https://gadebate.un.org/sites/default/files/gastatements/72/si_en.pdf,en,1,8,Local cover or explicit delivery statement; external metadata where recorded,Prepared/as-delivered status varies; no systematic video verification
2017_solomon-islands,2017,SLB,local PDF,data/UNGA72_General_Debate_2017_statements/UNGA72_General_Debate_2017/solomon-islands__sb_en.pdf,daf0b7a860886f8fc9e66bef0aa9fefe5d738267833347add2ce8935504bb26d,https://gadebate.un.org/sites/default/files/gastatements/72/sb_en.pdf,en,1,14,Local cover or explicit delivery statement; external metadata where recorded,Prepared/as-delivered status varies; no systematic video verification
2017_somalia,2017,SOM,local PDF,data/UNGA72_General_Debate_2017_statements/UNGA72_General_Debate_2017/somalia__so_en.pdf,d5eb91b02d42a865584761d2ca0ce96067ab2f0b6bc25eef29abf8d9f501cb25,https://gadebate.un.org/sites/default/files/gastatements/72/so_en.pdf,en,1,12,Local cover or explicit delivery statement; external metadata where recorded,Prepared/as-delivered status varies; no systematic video verification
2017_south-africa,2017,ZAF,local PDF,data/UNGA72_General_Debate_2017_statements/UNGA72_General_Debate_2017/south-africa__za_en.pdf,6ec63611a004f82f7792a9f3130f1d109552a8e1fb0ba25b05e7d184591ce96f,https://gadebate.un.org/sites/default/files/gastatements/72/za_en.pdf,en,1,9,Local cover or explicit delivery statement; external metadata where recorded,Prepared/as-delivered status varies; no systematic video verification
2017_south-sudan,2017,SSD,local PDF,data/UNGA72_General_Debate_2017_statements/UNGA72_General_Debate_2017/south-sudan__ss_en.pdf,6fb22d53044f469000aa8cf8e0d214fd40d9497850b4b950f518d22f37c3040d,https://gadebate.un.org/sites/default/files/gastatements/72/ss_en.pdf,en,1,16,Local cover or explicit delivery statement; external metadata where recorded,Prepared/as-delivered status varies; no systematic video verification
2017_spain,2017,ESP,local PDF,data/UNGA72_General_Debate_2017_statements/UNGA72_General_Debate_2017/spain__es_en.pdf,fd4133064e0fd9a7f1283aabd18720dd00926ec3bcaf5219bd64f37d580116e7,https://gadebate.un.org/sites/default/files/gastatements/72/es_en.pdf,en,1,6,Local cover or explicit delivery statement; external metadata where recorded,Prepared/as-delivered status varies; no systematic video verification
2017_sudan,2017,SDN,local PDF,data/UNGA72_General_Debate_2017_statements/UNGA72_General_Debate_2017/sudan__sd_ar.pdf,4c83da46981e2cd6a8b08632a2c81b4f8cc3e9f61322014419b1da4666e41a8d,https://gadebate.un.org/sites/default/files/gastatements/72/sd_ar.pdf,ar,1,9,Local cover or explicit delivery statement; external metadata where recorded,Prepared/as-delivered status varies; no systematic video verification
2017_suriname,2017,SUR,local PDF,data/UNGA72_General_Debate_2017_statements/UNGA72_General_Debate_2017/suriname__sr_en.pdf,aebeefb9dcac9e36aed487bbff9b95c9befeada52a4a478ad214fc7eec1618b8,https://gadebate.un.org/sites/default/files/gastatements/72/sr_en.pdf,en,1,8,Local cover or explicit delivery statement; external metadata where recorded,Prepared/as-delivered status varies; no systematic video verification
2017_sweden,2017,SWE,local PDF,data/UNGA72_General_Debate_2017_statements/UNGA72_General_Debate_2017/sweden__se_en.pdf,49ad367a9f3b07367acf6698a7f730e9fbcb0f0d0813bd9ad5868a1da0741189,https://gadebate.un.org/sites/default/files/gastatements/72/se_en.pdf,en,1,9,Local cover or explicit delivery statement; external metadata where recorded,Prepared/as-delivered status varies; no systematic video verification
2017_switzerland,2017,CHE,local PDF,data/UNGA72_General_Debate_2017_statements/UNGA72_General_Debate_2017/switzerland__ch_en.pdf,f607c36f6b349271222e719a00cbc3e2b90d55c3c0b6de7fbda9aa01a35067ca,https://gadebate.un.org/sites/default/files/gastatements/72/ch_en.pdf,en,1,3,Local cover or explicit delivery statement; external metadata where recorded,Prepared/as-delivered status varies; no systematic video verification
2017_syrian-arab-republic,2017,SYR,local PDF,data/UNGA72_General_Debate_2017_statements/UNGA72_General_Debate_2017/syrian-arab-republic__sy_en.pdf,0f759e0d5aa5af1de854bbe588e1ba48d9c5b90d3f9c2e4f5e991f1fa367d238,https://gadebate.un.org/sites/default/files/gastatements/72/sy_en.pdf,en,1,9,Local cover or explicit delivery statement; external metadata where recorded,Prepared/as-delivered status varies; no systematic video verification
2017_tajikistan,2017,TJK,local PDF,data/UNGA72_General_Debate_2017_statements/UNGA72_General_Debate_2017/tajikistan__tj_en.pdf,7000b89e14adb35e18b653a12ba2fc846d24f130ac09c4194b215b9379351973,https://gadebate.un.org/sites/default/files/gastatements/72/tj_en.pdf,en,1,6,Local cover or explicit delivery statement; external metadata where recorded,Prepared/as-delivered status varies; no systematic video verification
2017_thailand,2017,THA,local PDF,data/UNGA72_General_Debate_2017_statements/UNGA72_General_Debate_2017/thailand__th_en.pdf,63ee8d45b6d2f965293a067667e151df59fb055ff2f6dc27ff9f056ca5d26b1c,https://gadebate.un.org/sites/default/files/gastatements/72/th_en.pdf,en,1,4,Local cover or explicit delivery statement; external metadata where recorded,Prepared/as-delivered status varies; no systematic video verification
2017_timor-leste,2017,TLS,local PDF,data/UNGA72_General_Debate_2017_statements/UNGA72_General_Debate_2017/timor-leste__tl_en.pdf,1e75984a6e6d1779d388b9d268de1d4ccc0b8e8cd3f755af6ad8a16c80b708d4,https://gadebate.un.org/sites/default/files/gastatements/72/tl_en.pdf,en,1,9,Local cover or explicit delivery statement; external metadata where recorded,Prepared/as-delivered status varies; no systematic video verification
2017_togo,2017,TGO,local PDF,data/UNGA72_General_Debate_2017_statements/UNGA72_General_Debate_2017/togo__tg_fr.pdf,d8a420347d28d1cea8bfe4ad86200ece17e3f07db102ec49d8e0c97cf9e7562c,https://gadebate.un.org/sites/default/files/gastatements/72/tg_fr.pdf,fr,1,6,Local cover or explicit delivery statement; external metadata where recorded,Prepared/as-delivered status varies; no systematic video verification
2017_tonga,2017,TON,local PDF,data/UNGA72_General_Debate_2017_statements/UNGA72_General_Debate_2017/tonga__to_en.pdf,7a68b36aa84d71cd6a0a2c8411983797bc53a3dd20f685470bf0d98c84618814,https://gadebate.un.org/sites/default/files/gastatements/72/to_en.pdf,en,1,7,Local cover or explicit delivery statement; external metadata where recorded,Prepared/as-delivered status varies; no systematic video verification
2017_trinidad-and-tobago,2017,TTO,local PDF,data/UNGA72_General_Debate_2017_statements/UNGA72_General_Debate_2017/trinidad-and-tobago__tt_en.pdf,16f3ee983466cab7bb844d05ff6991db2182d998cf3f863a67c9e2e0d6c132d4,https://gadebate.un.org/sites/default/files/gastatements/72/tt_en.pdf,en,1,6,Local cover or explicit delivery statement; external metadata where recorded,Prepared/as-delivered status varies; no systematic video verification
2017_tunisia,2017,TUN,local PDF,data/UNGA72_General_Debate_2017_statements/UNGA72_General_Debate_2017/tunisia__tn_ar_25.pdf,018d75a7d00ffdef1009abe17fe6bfffb7dfdda0c0598074e079bb4fac8886f5,https://gadebate.un.org/sites/default/files/gastatements/72/tn_ar_25.pdf,ar,1,13,Local cover or explicit delivery statement; external metadata where recorded,Prepared/as-delivered status varies; no systematic video verification
2017_turkiye,2017,TUR,local PDF,data/UNGA72_General_Debate_2017_statements/UNGA72_General_Debate_2017/turkiye__tr_en.pdf,f2d41feed01129b77e02110a1834e635864c41e70d812bfeb8f427e6f9c902da,https://gadebate.un.org/sites/default/files/gastatements/72/tr_en.pdf,en,1,9,Local cover or explicit delivery statement; external metadata where recorded,Prepared/as-delivered status varies; no systematic video verification
2017_turkmenistan,2017,TKM,local PDF,data/UNGA72_General_Debate_2017_statements/UNGA72_General_Debate_2017/turkmenistan__tm_ru.pdf,e4a8e083ba84580054dfcb0d3af1ff00d98cc9eecdb84e8cce7c9ea42710f85b,https://gadebate.un.org/sites/default/files/gastatements/72/tm_ru.pdf,ru,1,9,Local cover or explicit delivery statement; external metadata where recorded,Prepared/as-delivered status varies; no systematic video verification
2017_tuvalu,2017,TUV,local PDF,data/UNGA72_General_Debate_2017_statements/UNGA72_General_Debate_2017/tuvalu__tv_en.pdf,d76531c7b71c5bc4e2f9d963ca23c49e7fabdaabf8f0092d43c4a6bf167a90a9,https://gadebate.un.org/sites/default/files/gastatements/72/tv_en.pdf,en,1,7,Local cover or explicit delivery statement; external metadata where recorded,Prepared/as-delivered status varies; no systematic video verification
2017_uganda,2017,UGA,local PDF,data/UNGA72_General_Debate_2017_statements/UNGA72_General_Debate_2017/uganda__ug_en.pdf,7761ed12c531ec7a9bd2766fdc564e9b5a2b964ec0deee75a762f04620792f6b,https://gadebate.un.org/sites/default/files/gastatements/72/ug_en.pdf,en,1,4,Local cover or explicit delivery statement; external metadata where recorded,Prepared/as-delivered status varies; no systematic video verification
2017_ukraine,2017,UKR,local PDF,data/UNGA72_General_Debate_2017_statements/UNGA72_General_Debate_2017/ukraine__ua_en.pdf,465276e3d5ae36e89a8834f7f095fe2891939a105276b4246ac87b8d860bc143,https://gadebate.un.org/sites/default/files/gastatements/72/ua_en.pdf,en,1,10,Local cover or explicit delivery statement; external metadata where recorded,Prepared/as-delivered status varies; no systematic video verification
2017_united-arab-emirates,2017,ARE,local PDF,data/UNGA72_General_Debate_2017_statements/UNGA72_General_Debate_2017/united-arab-emirates__ae_en.pdf,78b9e2db2171b329903dab81506b9d034c30424f85e3d68436460122fcfddc8f,https://gadebate.un.org/sites/default/files/gastatements/72/ae_en.pdf,en,1,6,Local cover or explicit delivery statement; external metadata where recorded,Prepared/as-delivered status varies; no systematic video verification
2017_united-kingdom-great-britain-and-northern-ireland,2017,GBR,local PDF,data/UNGA72_General_Debate_2017_statements/UNGA72_General_Debate_2017/united-kingdom-great-britain-and-northern-ireland__gb_en.pdf,3083d314e513c1909817ef9a30f3f4bbb34f2e23798e0bbe575108d01dd09e8e,https://gadebate.un.org/sites/default/files/gastatements/72/gb_en.pdf,en,1,9,Local cover or explicit delivery statement; external metadata where recorded,Prepared/as-delivered status varies; no systematic video verification
2017_united-republic-tanzania,2017,TZA,local PDF,data/UNGA72_General_Debate_2017_statements/UNGA72_General_Debate_2017/united-republic-tanzania__tz_en.pdf,13698fdae6a25aa22b9229ecb6db473f55067f185e85c39a62677ad68055ed2a,https://gadebate.un.org/sites/default/files/gastatements/72/tz_en.pdf,en,1,9,Local cover or explicit delivery statement; external metadata where recorded,Prepared/as-delivered status varies; no systematic video verification
2017_united-states-america,2017,USA,local PDF,data/UNGA72_General_Debate_2017_statements/UNGA72_General_Debate_2017/united-states-america__us_en.pdf,43e6caf890bb34661450aa208354dc6557ab2e0eb4b288b065251032a0f28614,https://gadebate.un.org/sites/default/files/gastatements/72/us_en.pdf,en,1,11,Local cover or explicit delivery statement; external metadata where recorded,Prepared/as-delivered status varies; no systematic video verification
2017_uruguay,2017,URY,local PDF,data/UNGA72_General_Debate_2017_statements/UNGA72_General_Debate_2017/uruguay__uy_es.pdf,80bd0af7d65b4d32df6f3c182c1dc4a91e1476b4c3a616cfd4b6b12cbd6cbb20,https://gadebate.un.org/sites/default/files/gastatements/72/uy_es.pdf,es,1,17,Local cover or explicit delivery statement; external metadata where recorded,Prepared/as-delivered status varies; no systematic video verification
2017_uzbekistan,2017,UZB,local PDF,data/UNGA72_General_Debate_2017_statements/UNGA72_General_Debate_2017/uzbekistan__uz_en.pdf,2c93ea68b5290fb574c29092cd461931af3aec98e66c336b8fab50fb38aa2910,https://gadebate.un.org/sites/default/files/gastatements/72/uz_en.pdf,en,1,6,Local cover or explicit delivery statement; external metadata where recorded,Prepared/as-delivered status varies; no systematic video verification
2017_vanuatu,2017,VUT,local PDF,data/UNGA72_General_Debate_2017_statements/UNGA72_General_Debate_2017/vanuatu__vu_fr.pdf,fbca71281a86ba5882fd70815e0f87b9c57e2bc148d79261bb46f3ecdddd1db1,https://gadebate.un.org/sites/default/files/gastatements/72/vu_fr.pdf,fr,1,12,Local cover or explicit delivery statement; external metadata where recorded,Prepared/as-delivered status varies; no systematic video verification
2017_venezuela-bolivarian-republic,2017,VEN,local PDF,data/UNGA72_General_Debate_2017_statements/UNGA72_General_Debate_2017/venezuela-bolivarian-republic__ve_es.pdf,147553569217e9d0ed92922ad82e170d5999c47d560bec0a2214c2fbd96daba3,https://gadebate.un.org/sites/default/files/gastatements/72/ve_es.pdf,es,1,16,Local cover or explicit delivery statement; external metadata where recorded,Prepared/as-delivered status varies; no systematic video verification
2017_viet-nam,2017,VNM,local PDF,data/UNGA72_General_Debate_2017_statements/UNGA72_General_Debate_2017/viet-nam__vn_en.pdf,e4168d5928c94995d326a3f65ee1992defc0249489afe8f905dee22d9074e1e8,https://gadebate.un.org/sites/default/files/gastatements/72/vn_en.pdf,en,1,4,Local cover or explicit delivery statement; external metadata where recorded,Prepared/as-delivered status varies; no systematic video verification
2017_yemen,2017,YEM,local PDF,data/UNGA72_General_Debate_2017_statements/UNGA72_General_Debate_2017/yemen__ye_ar.pdf,5eb6763ede3399e0f8a410f9248025a64c83ba777b3a9ec2dc935f5e027c8a12,https://gadebate.un.org/sites/default/files/gastatements/72/ye_ar.pdf,ar,1,7,Local cover or explicit delivery statement; external metadata where recorded,Prepared/as-delivered status varies; no systematic video verification
2017_zambia,2017,ZMB,local PDF,data/UNGA72_General_Debate_2017_statements/UNGA72_General_Debate_2017/zambia__zm_en.pdf,1ce84d1240dfbae40189671f524ec8b61c47e0ff7152c36befbbdffe5e7dd481,https://gadebate.un.org/sites/default/files/gastatements/72/zm_en.pdf,en,1,7,Local cover or explicit delivery statement; external metadata where recorded,Prepared/as-delivered status varies; no systematic video verification
2017_zimbabwe,2017,ZWE,local PDF,data/UNGA72_General_Debate_2017_statements/UNGA72_General_Debate_2017/zimbabwe__zw_en.pdf,00a7c5399e3d79fd27c8c434fe913cb0daf5a56173e097e8e8284d463f8fc233,https://gadebate.un.org/sites/default/files/gastatements/72/zw_en.pdf,en,1,4,Local cover or explicit delivery statement; external metadata where recorded,Prepared/as-delivered status varies; no systematic video verification
2018_afghanistan,2018,AFG,local PDF,data/UNGA73_General_Debate_2018_statements/UNGA73_General_Debate_2018/afghanistan__af_en.pdf,9eadb7bcc60438b0fdb7ee9970582a72cc484bccb9e9e456069eb4536acb5e66,https://gadebate.un.org/sites/default/files/gastatements/73/af_en.pdf,en,0,7,Local cover or explicit delivery statement; external metadata where recorded,Prepared/as-delivered status varies; no systematic video verification
2018_albania,2018,ALB,local PDF,data/UNGA73_General_Debate_2018_statements/UNGA73_General_Debate_2018/albania__al_en.pdf,a073a1a1f703a6aac608ef0399566e44dda9c022fbcb51979b8448402ba68a51,https://gadebate.un.org/sites/default/files/gastatements/73/al_en.pdf,en,0,5,Local cover or explicit delivery statement; external metadata where recorded,Prepared/as-delivered status varies; no systematic video verification
2018_algeria,2018,DZA,local PDF,data/UNGA73_General_Debate_2018_statements/UNGA73_General_Debate_2018/algeria__dz_fr.pdf,614d7579e4ec611302d784f488ee98db1c475b44cb3b28424be6439eec946dd5,https://gadebate.un.org/sites/default/files/gastatements/73/dz_fr.pdf,fr,0,7,Local cover or explicit delivery statement; external metadata where recorded,Prepared/as-delivered status varies; no systematic video verification
2018_andorra,2018,AND,local PDF,data/UNGA73_General_Debate_2018_statements/UNGA73_General_Debate_2018/andorra__ad_en.pdf,93997f187d84ae6c80486582a21c2d66697cc67d2a248076791cce2a22915b1a,https://gadebate.un.org/sites/default/files/gastatements/73/ad_en.pdf,en,1,8,Local cover or explicit delivery statement; external metadata where recorded,Prepared/as-delivered status varies; no systematic video verification
2018_angola,2018,AGO,local PDF,data/UNGA73_General_Debate_2018_statements/UNGA73_General_Debate_2018/angola__ao_en.pdf,e30400b24bde8f2c360fc11e977667b2d126857e2fe923144b2e94248090dbe4,https://gadebate.un.org/sites/default/files/gastatements/73/ao_en.pdf,en,0,6,Local cover or explicit delivery statement; external metadata where recorded,Prepared/as-delivered status varies; no systematic video verification
2018_antigua-and-barbuda,2018,ATG,local PDF,data/UNGA73_General_Debate_2018_statements/UNGA73_General_Debate_2018/antigua-and-barbuda__ag_en.pdf,50976f4c30e63bfa053445e5283b6ced47621e08026984a0fd629c4721961be9,https://gadebate.un.org/sites/default/files/gastatements/73/ag_en.pdf,en,0,12,Local cover or explicit delivery statement; external metadata where recorded,Prepared/as-delivered status varies; no systematic video verification
2018_argentina,2018,ARG,local PDF,data/UNGA73_General_Debate_2018_statements/UNGA73_General_Debate_2018/argentina__ar_es.pdf,9fe64529b727bf91b7173d01e8d095c99d3758776cc2c3f085ca8863aa1ebee3,https://gadebate.un.org/sites/default/files/gastatements/73/ar_es.pdf,es,0,4,Local cover or explicit delivery statement; external metadata where recorded,Prepared/as-delivered status varies; no systematic video verification
2018_armenia,2018,ARM,local PDF,data/UNGA73_General_Debate_2018_statements/UNGA73_General_Debate_2018/armenia__am_en.pdf,3b261d0e92113a07348f2070c9923d58ba02013cc48cd919c9f916c620cbe62b,https://gadebate.un.org/sites/default/files/gastatements/73/am_en.pdf,en,0,5,Local cover or explicit delivery statement; external metadata where recorded,Prepared/as-delivered status varies; no systematic video verification
2018_australia,2018,AUS,local PDF,data/UNGA73_General_Debate_2018_statements/UNGA73_General_Debate_2018/australia__au_en.pdf,bf99ab9066d2a3af58b3d89cbbbf1218231e4872e73e92f6023318b9ae082d23,https://gadebate.un.org/sites/default/files/gastatements/73/au_en.pdf,en,0,10,Local cover or explicit delivery statement; external metadata where recorded,Prepared/as-delivered status varies; no systematic video verification
2018_austria,2018,AUT,local PDF,data/UNGA73_General_Debate_2018_statements/UNGA73_General_Debate_2018/austria__at_fl.pdf,96a299c9759c09d9b9efb6e06c29cd9a693a3334e6d35554ef85d43712c62e5f,https://gadebate.un.org/sites/default/files/gastatements/73/at_fl.pdf,fl,1,8,Local cover or explicit delivery statement; external metadata where recorded,Prepared/as-delivered status varies; no systematic video verification
2018_azerbaijan,2018,AZE,local PDF,data/UNGA73_General_Debate_2018_statements/UNGA73_General_Debate_2018/azerbaijan__az_en.pdf,7788c7ee73fb33cbfbb335883fb125f09ba23e86634476b74b951fbc959535e8,https://gadebate.un.org/sites/default/files/gastatements/73/az_en.pdf,en,0,5,Local cover or explicit delivery statement; external metadata where recorded,Prepared/as-delivered status varies; no systematic video verification
2018_bahamas,2018,BHS,local PDF,data/UNGA73_General_Debate_2018_statements/UNGA73_General_Debate_2018/bahamas__bs_en.pdf,346545eda902b11dd525c513cf6617c519ec365c342357b88e530770e758ad3b,https://gadebate.un.org/sites/default/files/gastatements/73/bs_en.pdf,en,0,8,Local cover or explicit delivery statement; external metadata where recorded,Prepared/as-delivered status varies; no systematic video verification
2018_bahrain,2018,BHR,local PDF,data/UNGA73_General_Debate_2018_statements/UNGA73_General_Debate_2018/bahrain__bh_en.pdf,f3a83b0502975b363e3924a1e2d99b82b4a169f6406fc4b1bfc7dbd53c8f8e80,https://gadebate.un.org/sites/default/files/gastatements/73/bh_en.pdf,en,0,9,Local cover or explicit delivery statement; external metadata where recorded,Prepared/as-delivered status varies; no systematic video verification
2018_bangladesh,2018,BGD,local PDF,data/UNGA73_General_Debate_2018_statements/UNGA73_General_Debate_2018/bangladesh__bd_en.pdf,257afd2d2a0ea53818aaa87925efbfd9e1f75a84fb9c90fefd77c1fc95bd3a5b,https://gadebate.un.org/sites/default/files/gastatements/73/bd_en.pdf,en,0,5,Local cover or explicit delivery statement; external metadata where recorded,Prepared/as-delivered status varies; no systematic video verification
2018_barbados,2018,BRB,local PDF,data/UNGA73_General_Debate_2018_statements/UNGA73_General_Debate_2018/barbados__bb_en.pdf,45537da53320d4e22d8be61f997155496750716a874fb679b187570b23abc1f8,https://gadebate.un.org/sites/default/files/gastatements/73/bb_en.pdf,en,0,13,Local cover or explicit delivery statement; external metadata where recorded,Prepared/as-delivered status varies; no systematic video verification
2018_belarus,2018,BLR,local PDF,data/UNGA73_General_Debate_2018_statements/UNGA73_General_Debate_2018/belarus__by_ru.pdf,26b4a39f88a927bac0c87f5958f93058124ce4ff55259ff76d58a1e3f84266ec,https://gadebate.un.org/sites/default/files/gastatements/73/by_ru.pdf,ru,1,4,Local cover or explicit delivery statement; external metadata where recorded,Prepared/as-delivered status varies; no systematic video verification
2018_belgium,2018,BEL,local PDF,data/UNGA73_General_Debate_2018_statements/UNGA73_General_Debate_2018/belgium__be_fr.pdf,ba171a1e3223f35c8b7dd2a027af8c4b8a888d4305815bd8c26efc328032aad7,https://gadebate.un.org/sites/default/files/gastatements/73/be_fr.pdf,fr,0,17,Local cover or explicit delivery statement; external metadata where recorded,Prepared/as-delivered status varies; no systematic video verification
2018_belize,2018,BLZ,local PDF,data/UNGA73_General_Debate_2018_statements/UNGA73_General_Debate_2018/belize__bz_en.pdf,6977c24164c05b4f618ee9504084356617c99acf409085efc6bd9087aab549b1,https://gadebate.un.org/sites/default/files/gastatements/73/bz_en.pdf,en,0,10,Local cover or explicit delivery statement; external metadata where recorded,Prepared/as-delivered status varies; no systematic video verification
2018_benin,2018,BEN,local PDF,data/UNGA73_General_Debate_2018_statements/UNGA73_General_Debate_2018/benin__bj_fr.pdf,0b002a1aba903764c683d95b2c0c7b644c1286d664f4c613ebcf972a36180191,https://gadebate.un.org/sites/default/files/gastatements/73/bj_fr.pdf,fr,0,5,Local cover or explicit delivery statement; external metadata where recorded,Prepared/as-delivered status varies; no systematic video verification
2018_bhutan,2018,BTN,local PDF,data/UNGA73_General_Debate_2018_statements/UNGA73_General_Debate_2018/bhutan__bt_en.pdf,dbe6b584d74c76e9a806098c0d7ffa4f69e4bfa4e8ffb0322c5a43a37b4de6e4,https://gadebate.un.org/sites/default/files/gastatements/73/bt_en.pdf,en,0,5,Local cover or explicit delivery statement; external metadata where recorded,Prepared/as-delivered status varies; no systematic video verification
2018_bolivia-plurinational-state,2018,BOL,local PDF,data/UNGA73_General_Debate_2018_statements/UNGA73_General_Debate_2018/bolivia-plurinational-state__bo_es.pdf,999093d38873c1ba9c6835bdb4cfd500ba2d7fcb4ace798f1aebb151f1c4dcdd,https://gadebate.un.org/sites/default/files/gastatements/73/bo_es.pdf,es,0,4,Local cover or explicit delivery statement; external metadata where recorded,Prepared/as-delivered status varies; no systematic video verification
2018_bosnia-and-herzegovina,2018,BIH,local PDF,data/UNGA73_General_Debate_2018_statements/UNGA73_General_Debate_2018/bosnia-and-herzegovina__ba_en.pdf,8596ead47c3fd6ccf482d8e7475caa68ebb4fc7bd1a862736488ebe1eff88fc5,https://gadebate.un.org/sites/default/files/gastatements/73/ba_en.pdf,en,0,8,Local cover or explicit delivery statement; external metadata where recorded,Prepared/as-delivered status varies; no systematic video verification
2018_botswana,2018,BWA,local PDF,data/UNGA73_General_Debate_2018_statements/UNGA73_General_Debate_2018/botswana__bw_en.pdf,1cd2fc23d47ee2936fda237636c37ab65b18f5243c65b4ee5ef99de67d770986,https://gadebate.un.org/sites/default/files/gastatements/73/bw_en.pdf,en,0,13,Local cover or explicit delivery statement; external metadata where recorded,Prepared/as-delivered status varies; no systematic video verification
2018_brazil,2018,BRA,local PDF,data/UNGA73_General_Debate_2018_statements/UNGA73_General_Debate_2018/brazil__br_en.pdf,a9480ce45af65da991e3b90aaa327b73934423f7802c8e12ebd09d3abb6a7038,https://gadebate.un.org/sites/default/files/gastatements/73/br_en.pdf,en,0,6,Local cover or explicit delivery statement; external metadata where recorded,Prepared/as-delivered status varies; no systematic video verification
2018_brunei-darussalam,2018,BRN,local PDF,data/UNGA73_General_Debate_2018_statements/UNGA73_General_Debate_2018/brunei-darussalam__bn_en.pdf,258e13191e3ec78aa275a90c9abdc291dafd4ecf17ca53636dac7ee84ecf0008,https://gadebate.un.org/sites/default/files/gastatements/73/bn_en.pdf,en,0,5,Local cover or explicit delivery statement; external metadata where recorded,Prepared/as-delivered status varies; no systematic video verification
2018_bulgaria,2018,BGR,local PDF,data/UNGA73_General_Debate_2018_statements/UNGA73_General_Debate_2018/bulgaria__bg_en.pdf,b694116c9c99c8652a9c8dcc36b597733a1cfb10870f6971f33fa00209380db3,https://gadebate.un.org/sites/default/files/gastatements/73/bg_en.pdf,en,0,6,Local cover or explicit delivery statement; external metadata where recorded,Prepared/as-delivered status varies; no systematic video verification
2018_burkina-faso,2018,BFA,local PDF,data/UNGA73_General_Debate_2018_statements/UNGA73_General_Debate_2018/burkina-faso__bf_fr.pdf,53f46e15de7daf08e5b9c63e5d34ab17fcdb6993c17875f15186a38a6c1375c0,https://gadebate.un.org/sites/default/files/gastatements/73/bf_fr.pdf,fr,0,7,Local cover or explicit delivery statement; external metadata where recorded,Prepared/as-delivered status varies; no systematic video verification
2018_burundi,2018,BDI,local PDF,data/UNGA73_General_Debate_2018_statements/UNGA73_General_Debate_2018/burundi__bi_fr.pdf,53569e542af45b4c30c0c1989a2d8fa41c9b380abe13252f9076d0a5cd56040b,https://gadebate.un.org/sites/default/files/gastatements/73/bi_fr.pdf,fr,0,4,Local cover or explicit delivery statement; external metadata where recorded,Prepared/as-delivered status varies; no systematic video verification
2018_cabo-verde,2018,CPV,local PDF,data/UNGA73_General_Debate_2018_statements/UNGA73_General_Debate_2018/cabo-verde__cv_fl.pdf,b91bca0f058580e61efab87174cfbfc31dbad5c2d52c1dc794f2c1084e719d08,https://gadebate.un.org/sites/default/files/gastatements/73/cv_fl.pdf,fl,1,9,Local cover or explicit delivery statement; external metadata where recorded,Prepared/as-delivered status varies; no systematic video verification
2018_cambodia,2018,KHM,local PDF,data/UNGA73_General_Debate_2018_statements/UNGA73_General_Debate_2018/cambodia__kh_en.pdf,bc72a74753a267dfb9cfcb5cf91ad4625ab50a01e9da85e119a2721baf60ee8a,https://gadebate.un.org/sites/default/files/gastatements/73/kh_en.pdf,en,0,7,Local cover or explicit delivery statement; external metadata where recorded,Prepared/as-delivered status varies; no systematic video verification
2018_cameroon,2018,CMR,local PDF,data/UNGA73_General_Debate_2018_statements/UNGA73_General_Debate_2018/cameroon__cm_fr.pdf,319202937f5c3b22c22118e8ef793de5cb3d3ee2b7f0437f01665c90936dfae3,https://gadebate.un.org/sites/default/files/gastatements/73/cm_fr.pdf,fr,0,5,Local cover or explicit delivery statement; external metadata where recorded,Prepared/as-delivered status varies; no systematic video verification
2018_canada,2018,CAN,local PDF,data/UNGA73_General_Debate_2018_statements/UNGA73_General_Debate_2018/canada__ca_en.pdf,6a9516e571da0e65734a8fee74e91ce666419ffd939b48447e3a395a37f17e21,https://gadebate.un.org/sites/default/files/gastatements/73/ca_en.pdf,en,1,10,Local cover or explicit delivery statement; external metadata where recorded,Prepared/as-delivered status varies; no systematic video verification
2018_central-african-republic,2018,CAF,local PDF,data/UNGA73_General_Debate_2018_statements/UNGA73_General_Debate_2018/central-african-republic__cf_fr.pdf,772a3c948d6067cd4b19979efbeec2422ea4654dd80b7d6d2d10bccc6070d4fd,https://gadebate.un.org/sites/default/files/gastatements/73/cf_fr.pdf,fr,0,14,Local cover or explicit delivery statement; external metadata where recorded,Prepared/as-delivered status varies; no systematic video verification
2018_chad,2018,TCD,local PDF,data/UNGA73_General_Debate_2018_statements/UNGA73_General_Debate_2018/chad__td_fr.pdf,dfc6319b92c6074604a52263e33a5d6741503392083ca5bb654c7b5db8972a25,https://gadebate.un.org/sites/default/files/gastatements/73/td_fr.pdf,fr,0,7,Local cover or explicit delivery statement; external metadata where recorded,Prepared/as-delivered status varies; no systematic video verification
2018_chile,2018,CHL,local PDF,data/UNGA73_General_Debate_2018_statements/UNGA73_General_Debate_2018/chile__cl_en.pdf,41dc74c6486a0f3554ed42d95646ac9b78a82fdf4aa57be96a673510dd9e0b36,https://gadebate.un.org/sites/default/files/gastatements/73/cl_en.pdf,en,1,9,Local cover or explicit delivery statement; external metadata where recorded,Prepared/as-delivered status varies; no systematic video verification
2018_china,2018,CHN,local PDF,data/UNGA73_General_Debate_2018_statements/UNGA73_General_Debate_2018/china__zh_en.pdf,c08a0fd87d15151d55825021aa330e767c575921e253000905c101cae79c2b99,https://gadebate.un.org/sites/default/files/gastatements/73/zh_en.pdf,en,1,11,Local cover or explicit delivery statement; external metadata where recorded,Prepared/as-delivered status varies; no systematic video verification
2018_colombia,2018,COL,local PDF,data/UNGA73_General_Debate_2018_statements/UNGA73_General_Debate_2018/colombia__co_es.pdf,999821f4cab092bfe409de82bf80eb8f4994ffeadda5f2de2b1fc373a054259c,https://gadebate.un.org/sites/default/files/gastatements/73/co_es.pdf,es,0,13,Local cover or explicit delivery statement; external metadata where recorded,Prepared/as-delivered status varies; no systematic video verification
2018_comoros,2018,COM,local PDF,data/UNGA73_General_Debate_2018_statements/UNGA73_General_Debate_2018/comoros__km_fr.pdf,95594bf1260427d34677a6f79e9784f8b19bb3900df576e80efa87074e73b10d,https://gadebate.un.org/sites/default/files/gastatements/73/km_fr.pdf,fr,0,11,Local cover or explicit delivery statement; external metadata where recorded,Prepared/as-delivered status varies; no systematic video verification
2018_congo,2018,COG,local PDF,data/UNGA73_General_Debate_2018_statements/UNGA73_General_Debate_2018/congo__cg_fr.pdf,06f39a2f446c95d8588bc0a17d3ce31439fcde508e6eacaaed809d248c8469f4,https://gadebate.un.org/sites/default/files/gastatements/73/cg_fr.pdf,fr,1,9,Local cover or explicit delivery statement; external metadata where recorded,Prepared/as-delivered status varies; no systematic video verification
2018_costa-rica,2018,CRI,local PDF,data/UNGA73_General_Debate_2018_statements/UNGA73_General_Debate_2018/costa-rica__cr_es.pdf,9e2fc142ee87cb4df3523ddc101f23cc7d34e615d1ce51eca3662401d7d145df,https://gadebate.un.org/sites/default/files/gastatements/73/cr_es.pdf,es,1,7,Local cover or explicit delivery statement; external metadata where recorded,Prepared/as-delivered status varies; no systematic video verification
2018_cote-divoire,2018,CIV,local PDF,data/UNGA73_General_Debate_2018_statements/UNGA73_General_Debate_2018/cote-divoire__ci_fr.pdf,cd5a0cfcf1478cf0ac300e008043accdca247206b1af36bec30f170ba6502a37,https://gadebate.un.org/sites/default/files/gastatements/73/ci_fr.pdf,fr,0,7,Local cover or explicit delivery statement; external metadata where recorded,Prepared/as-delivered status varies; no systematic video verification
2018_croatia,2018,HRV,local PDF,data/UNGA73_General_Debate_2018_statements/UNGA73_General_Debate_2018/croatia__hr_en.pdf,6ec6886188a4bbcee1879ec63fd44d9457a7f7523c37990d4b5f7246899b798d,https://gadebate.un.org/sites/default/files/gastatements/73/hr_en.pdf,en,0,9,Local cover or explicit delivery statement; external metadata where recorded,Prepared/as-delivered status varies; no systematic video verification
2018_cuba,2018,CUB,local PDF,data/UNGA73_General_Debate_2018_statements/UNGA73_General_Debate_2018/cuba__cu_pt.pdf,a1582fbd708b3624bd9754528f87f77e7f54e032680bd4fb6ead259c2f714847,https://gadebate.un.org/sites/default/files/gastatements/73/cu_pt.pdf,pt,1,8,Local cover or explicit delivery statement; external metadata where recorded,Prepared/as-delivered status varies; no systematic video verification
2018_cyprus,2018,CYP,local PDF,data/UNGA73_General_Debate_2018_statements/UNGA73_General_Debate_2018/cyprus__cy_en.pdf,cdc94c64959682b7b11e90fa5bdfcf3e3a2cb05324ad3b077d7736534a4db232,https://gadebate.un.org/sites/default/files/gastatements/73/cy_en.pdf,en,0,7,Local cover or explicit delivery statement; external metadata where recorded,Prepared/as-delivered status varies; no systematic video verification
2018_czech-republic,2018,CZE,local PDF,data/UNGA73_General_Debate_2018_statements/UNGA73_General_Debate_2018/czech-republic__cz_en.pdf,a8bad0626f834afff2216e0364f99976cf70d9d5af59aa9b4b8e339b04201a32,https://gadebate.un.org/sites/default/files/gastatements/73/cz_en.pdf,en,0,2,Local cover or explicit delivery statement; external metadata where recorded,Prepared/as-delivered status varies; no systematic video verification
2018_democratic-peoples-republic-korea,2018,PRK,local PDF,data/UNGA73_General_Debate_2018_statements/UNGA73_General_Debate_2018/democratic-peoples-republic-korea__kp_en.pdf,6591da285644a88242f4e861bfa97f852329bf0cf82487345bfa11ccd2187cde,https://gadebate.un.org/sites/default/files/gastatements/73/kp_en.pdf,en,0,8,Local cover or explicit delivery statement; external metadata where recorded,Prepared/as-delivered status varies; no systematic video verification
2018_democratic-republic-congo,2018,COD,local PDF,data/UNGA73_General_Debate_2018_statements/UNGA73_General_Debate_2018/democratic-republic-congo__cd_fr.pdf,8f073552497b0cb76305f83fb93b3344de24d03a823577d8e699cb0de23bd49b,https://gadebate.un.org/sites/default/files/gastatements/73/cd_fr.pdf,fr,0,8,Local cover or explicit delivery statement; external metadata where recorded,Prepared/as-delivered status varies; no systematic video verification
2018_denmark,2018,DNK,local PDF,data/UNGA73_General_Debate_2018_statements/UNGA73_General_Debate_2018/denmark__dk_en.pdf,6720311964fc11484a352cf90d7f961062f79335f02bec41ed8af65ef7d8e452,https://gadebate.un.org/sites/default/files/gastatements/73/dk_en.pdf,en,0,8,Local cover or explicit delivery statement; external metadata where recorded,Prepared/as-delivered status varies; no systematic video verification
2018_djibouti,2018,DJI,local PDF,data/UNGA73_General_Debate_2018_statements/UNGA73_General_Debate_2018/djibouti__dj_fr.pdf,3aef83b5c13f7afe89707018f77e25aa36138fc517fae4ba589d6325e6d01249,https://gadebate.un.org/sites/default/files/gastatements/73/dj_fr.pdf,fr,0,11,Local cover or explicit delivery statement; external metadata where recorded,Prepared/as-delivered status varies; no systematic video verification
2018_dominica,2018,DMA,local PDF,data/UNGA73_General_Debate_2018_statements/UNGA73_General_Debate_2018/dominica__dm_en.pdf,fe83d46972977ba679974474141d3c13ad67435ae9769f217854b6703619a2b6,https://gadebate.un.org/sites/default/files/gastatements/73/dm_en.pdf,en,0,12,Local cover or explicit delivery statement; external metadata where recorded,Prepared/as-delivered status varies; no systematic video verification
2018_dominican-republic,2018,DOM,local PDF,data/UNGA73_General_Debate_2018_statements/UNGA73_General_Debate_2018/dominican-republic__do_en.pdf,a407923869e0ca2f61c0b668e0dcb33e3717f47bb06210834383b93d0db1ae9e,https://gadebate.un.org/sites/default/files/gastatements/73/do_en.pdf,en,0,5,Local cover or explicit delivery statement; external metadata where recorded,Prepared/as-delivered status varies; no systematic video verification
2018_ecuador,2018,ECU,local PDF,data/UNGA73_General_Debate_2018_statements/UNGA73_General_Debate_2018/ecuador__ec_es.pdf,a2896d035fb64286541de12730ed92b04b770ed92f01c74874e8f96b3ec626af,https://gadebate.un.org/sites/default/files/gastatements/73/ec_es.pdf,es,0,5,Local cover or explicit delivery statement; external metadata where recorded,Prepared/as-delivered status varies; no systematic video verification
2018_egypt,2018,EGY,local PDF,data/UNGA73_General_Debate_2018_statements/UNGA73_General_Debate_2018/egypt__eg_en.pdf,946ddaab3c12515f62202f4dba6431772b7bd09c614200cde9124b9f78bab097,https://gadebate.un.org/sites/default/files/gastatements/73/eg_en.pdf,en,0,8,Local cover or explicit delivery statement; external metadata where recorded,Prepared/as-delivered status varies; no systematic video verification
2018_el-salvador,2018,SLV,local PDF,data/UNGA73_General_Debate_2018_statements/UNGA73_General_Debate_2018/el-salvador__sv_es.pdf,adde19c510e1699d69b477aef443cd17c2a1f4115b2614a272a5e389e61cbbb3,https://gadebate.un.org/sites/default/files/gastatements/73/sv_es.pdf,es,0,5,Local cover or explicit delivery statement; external metadata where recorded,Prepared/as-delivered status varies; no systematic video verification
2018_equatorial-guinea,2018,GNQ,local PDF,data/UNGA73_General_Debate_2018_statements/UNGA73_General_Debate_2018/equatorial-guinea__gq_es.pdf,ec81e21ab468e40df4de3a8138c322d675100b514fd1e2e8111a009fa86d3f6d,https://gadebate.un.org/sites/default/files/gastatements/73/gq_es.pdf,es,0,6,Local cover or explicit delivery statement; external metadata where recorded,Prepared/as-delivered status varies; no systematic video verification
2018_eritrea,2018,ERI,local PDF,data/UNGA73_General_Debate_2018_statements/UNGA73_General_Debate_2018/eritrea__er_en.pdf,86401a5b3b833da2ca63dd90dca6710e916b07e3f5f3698d95fed777030c28d3,https://gadebate.un.org/sites/default/files/gastatements/73/er_en.pdf,en,0,4,Local cover or explicit delivery statement; external metadata where recorded,Prepared/as-delivered status varies; no systematic video verification
2018_estonia,2018,EST,local PDF,data/UNGA73_General_Debate_2018_statements/UNGA73_General_Debate_2018/estonia__ee_en.pdf,209707f3a0095150d7ae95b8c884c699d8d15466f508944c54f001624ffabae8,https://gadebate.un.org/sites/default/files/gastatements/73/ee_en.pdf,en,0,6,Local cover or explicit delivery statement; external metadata where recorded,Prepared/as-delivered status varies; no systematic video verification
2018_eswatini,2018,SWZ,local PDF,data/UNGA73_General_Debate_2018_statements/UNGA73_General_Debate_2018/eswatini__sz_en.pdf,07367fa13507bb2ff734a54a4b978f864248820023b2b8e9d5ef674e71c4252c,https://gadebate.un.org/sites/default/files/gastatements/73/sz_en.pdf,en,0,7,Local cover or explicit delivery statement; external metadata where recorded,Prepared/as-delivered status varies; no systematic video verification
2018_ethiopia,2018,ETH,local PDF,data/UNGA73_General_Debate_2018_statements/UNGA73_General_Debate_2018/ethiopia__et_en.pdf,dcd75ed4ed74e62e8b18f9b6d6b939afd5ff17f0bff6b6517186ca13cbd82b62,https://gadebate.un.org/sites/default/files/gastatements/73/et_en.pdf,en,0,7,Local cover or explicit delivery statement; external metadata where recorded,Prepared/as-delivered status varies; no systematic video verification
2018_fiji,2018,FJI,local PDF,data/UNGA73_General_Debate_2018_statements/UNGA73_General_Debate_2018/fiji__fj_en.pdf,094e543c86668896cac10049c1d1a85dd196035ceecfc3b2f1d3ebde221e6fc4,https://gadebate.un.org/sites/default/files/gastatements/73/fj_en.pdf,en,0,22,Local cover or explicit delivery statement; external metadata where recorded,Prepared/as-delivered status varies; no systematic video verification
2018_finland,2018,FIN,local PDF,data/UNGA73_General_Debate_2018_statements/UNGA73_General_Debate_2018/finland__fi_en.pdf,9fbb6774ee35297b757e9229ae05effe6d6abde3625673854425301877e304ac,https://gadebate.un.org/sites/default/files/gastatements/73/fi_en.pdf,en,0,5,Local cover or explicit delivery statement; external metadata where recorded,Prepared/as-delivered status varies; no systematic video verification
2018_france,2018,FRA,local PDF,data/UNGA73_General_Debate_2018_statements/UNGA73_General_Debate_2018/france__fr_en.pdf,aa1bfe6e4d3908c80e264d9a3ba823baaaf0a501d7b28e2635ca80a232f7ba6b,https://gadebate.un.org/sites/default/files/gastatements/73/fr_en.pdf,en,0,8,Local cover or explicit delivery statement; external metadata where recorded,Prepared/as-delivered status varies; no systematic video verification
2018_gabon,2018,GAB,local PDF,data/UNGA73_General_Debate_2018_statements/UNGA73_General_Debate_2018/gabon__ga_fr.pdf,d2c19ebb3dff96384f2eab1b0efce18027cba7014de890f3fca215083954e91d,https://gadebate.un.org/sites/default/files/gastatements/73/ga_fr.pdf,fr,0,10,Local cover or explicit delivery statement; external metadata where recorded,Prepared/as-delivered status varies; no systematic video verification
2018_gambia-republic,2018,GMB,local PDF,data/UNGA73_General_Debate_2018_statements/UNGA73_General_Debate_2018/gambia-republic__gm_en.pdf,9b6a3d2b5a52425cdf10c0072874c1f9bfad712bc9dbe1c0e5913ee5d279e6e8,https://gadebate.un.org/sites/default/files/gastatements/73/gm_en.pdf,en,1,8,Local cover or explicit delivery statement; external metadata where recorded,Prepared/as-delivered status varies; no systematic video verification
2018_georgia,2018,GEO,local PDF,data/UNGA73_General_Debate_2018_statements/UNGA73_General_Debate_2018/georgia__ge_en.pdf,03640875a57b44e7083312b3c26488c934075fc361943b3bfde779b284487c80,https://gadebate.un.org/sites/default/files/gastatements/73/ge_en.pdf,en,0,15,Local cover or explicit delivery statement; external metadata where recorded,Prepared/as-delivered status varies; no systematic video verification
2018_germany,2018,DEU,local PDF,data/UNGA73_General_Debate_2018_statements/UNGA73_General_Debate_2018/germany__de_de.pdf,f1e66f5281768b330b940e7fd8861ac452fa091f58cc7bf34c24c8770c8a4cc4,https://gadebate.un.org/sites/default/files/gastatements/73/de_de.pdf,de,1,21,Local cover or explicit delivery statement; external metadata where recorded,Prepared/as-delivered status varies; no systematic video verification
2018_ghana,2018,GHA,local PDF,data/UNGA73_General_Debate_2018_statements/UNGA73_General_Debate_2018/ghana__gh_en.pdf,13ae4f6330a21d2057b2a708ce09f8250cdd7c06a8cdcc01d263d0577a924dd4,https://gadebate.un.org/sites/default/files/gastatements/73/gh_en.pdf,en,0,6,Local cover or explicit delivery statement; external metadata where recorded,Prepared/as-delivered status varies; no systematic video verification
2018_greece,2018,GRC,local PDF,data/UNGA73_General_Debate_2018_statements/UNGA73_General_Debate_2018/greece__gr_en.pdf,e18e2c10212a850297feb8e5dda87ea61ad1ebc25d62d0070dbdaa1d707abc47,https://gadebate.un.org/sites/default/files/gastatements/73/gr_en.pdf,en,0,6,Local cover or explicit delivery statement; external metadata where recorded,Prepared/as-delivered status varies; no systematic video verification
2018_grenada,2018,GRD,local PDF,data/UNGA73_General_Debate_2018_statements/UNGA73_General_Debate_2018/grenada__gd_en.pdf,2441ed09bfff4db8db9f4cb512ad22d05d1dbd2f8e97dee8eb1c88dbe5e038ee,https://gadebate.un.org/sites/default/files/gastatements/73/gd_en.pdf,en,0,12,Local cover or explicit delivery statement; external metadata where recorded,Prepared/as-delivered status varies; no systematic video verification
2018_guatemala,2018,GTM,local PDF,data/UNGA73_General_Debate_2018_statements/UNGA73_General_Debate_2018/guatemala__gt_es.pdf,fa8b64565707aa138d05741d9a2dbc77398796eea90188f6884e4566d59bc55f,https://gadebate.un.org/sites/default/files/gastatements/73/gt_es.pdf,es,0,8,Local cover or explicit delivery statement; external metadata where recorded,Prepared/as-delivered status varies; no systematic video verification
2018_guinea,2018,GIN,local PDF,data/UNGA73_General_Debate_2018_statements/UNGA73_General_Debate_2018/guinea__gn_fr.pdf,1da6a35c1940958b51e55f57b06e404018fa971b0cafd30270a0b465ea972995,https://gadebate.un.org/sites/default/files/gastatements/73/gn_fr.pdf,fr,0,8,Local cover or explicit delivery statement; external metadata where recorded,Prepared/as-delivered status varies; no systematic video verification
2018_guinea-bissau,2018,GNB,local PDF,data/UNGA73_General_Debate_2018_statements/UNGA73_General_Debate_2018/guinea-bissau__gw_en.pdf,b7da189bcea6f57cd8301d32f52c1ff33de530412c51bd2d8268d03c46858245,https://gadebate.un.org/sites/default/files/gastatements/73/gw_en.pdf,en,0,10,Local cover or explicit delivery statement; external metadata where recorded,Prepared/as-delivered status varies; no systematic video verification
2018_guyana,2018,GUY,local PDF,data/UNGA73_General_Debate_2018_statements/UNGA73_General_Debate_2018/guyana__gy_en.pdf,7ee59e7b51707f13a73a4975c2f852046d4518c8e9e3427b6050184987252208,https://gadebate.un.org/sites/default/files/gastatements/73/gy_en.pdf,en,0,7,Local cover or explicit delivery statement; external metadata where recorded,Prepared/as-delivered status varies; no systematic video verification
2018_haiti,2018,HTI,local PDF,data/UNGA73_General_Debate_2018_statements/UNGA73_General_Debate_2018/haiti__ht_fr.pdf,0bdb55d71d3edb7da2088dde29a92da6de073eff5c4590560902723b40efbfb3,https://gadebate.un.org/sites/default/files/gastatements/73/ht_fr.pdf,fr,0,10,Local cover or explicit delivery statement; external metadata where recorded,Prepared/as-delivered status varies; no systematic video verification
2018_honduras,2018,HND,local PDF,data/UNGA73_General_Debate_2018_statements/UNGA73_General_Debate_2018/honduras__hn_es.pdf,6984315eb153c0388415aff8cc9cf576d333c4d13fbd439392f8d64a4f7803f4,https://gadebate.un.org/sites/default/files/gastatements/73/hn_es.pdf,es,0,5,Local cover or explicit delivery statement; external metadata where recorded,Prepared/as-delivered status varies; no systematic video verification
2018_iceland,2018,ISL,local PDF,data/UNGA73_General_Debate_2018_statements/UNGA73_General_Debate_2018/iceland__is_en.pdf,416ca244fda3425c0cbb05f9ea897de8e12e5552223bfb11c20698c31fa3768a,https://gadebate.un.org/sites/default/files/gastatements/73/is_en.pdf,en,0,5,Local cover or explicit delivery statement; external metadata where recorded,Prepared/as-delivered status varies; no systematic video verification
2018_india,2018,IND,local PDF,data/UNGA73_General_Debate_2018_statements/UNGA73_General_Debate_2018/india__in_en.pdf,dd28d4942c0d8f027c1d59fabbd1e57da5be03b231a341b96cfe843d8091a4f0,https://gadebate.un.org/sites/default/files/gastatements/73/in_en.pdf,en,0,8,Local cover or explicit delivery statement; external metadata where recorded,Prepared/as-delivered status varies; no systematic video verification
2018_indonesia,2018,IDN,local PDF,data/UNGA73_General_Debate_2018_statements/UNGA73_General_Debate_2018/indonesia__id_en.pdf,4372f998d2437b75ede485d6ac35b394ba062768fa95480d37c14cbe8e4f39d8,https://gadebate.un.org/sites/default/files/gastatements/73/id_en.pdf,en,0,10,Local cover or explicit delivery statement; external metadata where recorded,Prepared/as-delivered status varies; no systematic video verification
2018_iran-islamic-republic,2018,IRN,local PDF,data/UNGA73_General_Debate_2018_statements/UNGA73_General_Debate_2018/iran-islamic-republic__ir_en.pdf,e63442b9c45c4008abecd41ac116b3910b8dc84ffbc88a1b5fcf7ac5d3154111,https://gadebate.un.org/sites/default/files/gastatements/73/ir_en.pdf,en,0,6,Local cover or explicit delivery statement; external metadata where recorded,Prepared/as-delivered status varies; no systematic video verification
2018_iraq,2018,IRQ,local PDF,data/UNGA73_General_Debate_2018_statements/UNGA73_General_Debate_2018/iraq__iq_ar.pdf,16e683a3c482a1bb02b26eaffe169b91545595cd6d3a8b01973fccb90017bff5,https://gadebate.un.org/sites/default/files/gastatements/73/iq_ar.pdf,ar,0,21,Local cover or explicit delivery statement; external metadata where recorded,Prepared/as-delivered status varies; no systematic video verification
2018_ireland,2018,IRL,local PDF,data/UNGA73_General_Debate_2018_statements/UNGA73_General_Debate_2018/ireland__ie_en.pdf,b22d7e31398100dfcdbb89d8432ee594d9644c36e18fcaace55adc5be3c699ee,https://gadebate.un.org/sites/default/files/gastatements/73/ie_en.pdf,en,0,9,Local cover or explicit delivery statement; external metadata where recorded,Prepared/as-delivered status varies; no systematic video verification
2018_israel,2018,ISR,local PDF,data/UNGA73_General_Debate_2018_statements/UNGA73_General_Debate_2018/israel__il_en.pdf,d0528dee7c56c043c1a2dc6757d4e2ef63a399417ec2b1416fd9006bc4cd733b,https://gadebate.un.org/sites/default/files/gastatements/73/il_en.pdf,en,1,9,Local cover or explicit delivery statement; external metadata where recorded,Prepared/as-delivered status varies; no systematic video verification
2018_italy,2018,ITA,local PDF,data/UNGA73_General_Debate_2018_statements/UNGA73_General_Debate_2018/italy__it_en.pdf,8fe4e5884e0854042cd6d56bd0645d5c559917bde85650a440e72c595abd6e05,https://gadebate.un.org/sites/default/files/gastatements/73/it_en.pdf,en,0,15,Local cover or explicit delivery statement; external metadata where recorded,Prepared/as-delivered status varies; no systematic video verification
2018_jamaica,2018,JAM,local PDF,data/UNGA73_General_Debate_2018_statements/UNGA73_General_Debate_2018/jamaica__jm_en.pdf,c0dee2212ee7025d00d8eed8db51d457d00fae450416fd069b74a39edf12e88a,https://gadebate.un.org/sites/default/files/gastatements/73/jm_en.pdf,en,0,7,Local cover or explicit delivery statement; external metadata where recorded,Prepared/as-delivered status varies; no systematic video verification
2018_japan,2018,JPN,local PDF,data/UNGA73_General_Debate_2018_statements/UNGA73_General_Debate_2018/japan__jp_en.pdf,b38411ab3f6a192f864ebadc1a547fb61cedf91a5c146b7b628bd7fe35a3149a,https://gadebate.un.org/sites/default/files/gastatements/73/jp_en.pdf,en,0,7,Local cover or explicit delivery statement; external metadata where recorded,Prepared/as-delivered status varies; no systematic video verification
2018_jordan,2018,JOR,local PDF,data/UNGA73_General_Debate_2018_statements/UNGA73_General_Debate_2018/jordan__jo_en.pdf,a78438228e4410eb49c56fd03f60b1516c79def7bc89b15329f729723b867828,https://gadebate.un.org/sites/default/files/gastatements/73/jo_en.pdf,en,0,5,Local cover or explicit delivery statement; external metadata where recorded,Prepared/as-delivered status varies; no systematic video verification
2018_kazakhstan,2018,KAZ,local PDF,data/UNGA73_General_Debate_2018_statements/UNGA73_General_Debate_2018/kazakhstan__kz_en2.pdf,14957a43808b4556206e86208db003bd7821838b1a5ee78a9e7d386d2ed0e949,https://gadebate.un.org/sites/default/files/gastatements/73/kz_en2.pdf,en,1,8,Local cover or explicit delivery statement; external metadata where recorded,Prepared/as-delivered status varies; no systematic video verification
2018_kenya,2018,KEN,local PDF,data/UNGA73_General_Debate_2018_statements/UNGA73_General_Debate_2018/kenya__ke_en.pdf,3f037c5f6d64861392323be038ca0f9d073e26246ce0557ec3f96007ce1c713c,https://gadebate.un.org/sites/default/files/gastatements/73/ke_en.pdf,en,0,6,Local cover or explicit delivery statement; external metadata where recorded,Prepared/as-delivered status varies; no systematic video verification
2018_kiribati,2018,KIR,local PDF,data/UNGA73_General_Debate_2018_statements/UNGA73_General_Debate_2018/kiribati__ki_en.pdf,343bc39c00803fada289425df987f30036c554f1022423fcf0b410d4fac3fa5e,https://gadebate.un.org/sites/default/files/gastatements/73/ki_en.pdf,en,0,10,Local cover or explicit delivery statement; external metadata where recorded,Prepared/as-delivered status varies; no systematic video verification
2018_kuwait,2018,KWT,local PDF,data/UNGA73_General_Debate_2018_statements/UNGA73_General_Debate_2018/kuwait__kw_en.pdf,5134da3f1d546bf7ecf854296b848d702bcf3067c76e3419a735c097eed3b2da,https://gadebate.un.org/sites/default/files/gastatements/73/kw_en.pdf,en,0,9,Local cover or explicit delivery statement; external metadata where recorded,Prepared/as-delivered status varies; no systematic video verification
2018_kyrgyzstan,2018,KGZ,local PDF,data/UNGA73_General_Debate_2018_statements/UNGA73_General_Debate_2018/kyrgyzstan__kg_en.pdf,11805b2775e800fbaa84859a98ff96fd6d0be500ce63e5c6a059f5d220f44fca,https://gadebate.un.org/sites/default/files/gastatements/73/kg_en.pdf,en,1,4,Local cover or explicit delivery statement; external metadata where recorded,Prepared/as-delivered status varies; no systematic video verification
2018_lao-peoples-democratic-republic,2018,LAO,local PDF,data/UNGA73_General_Debate_2018_statements/UNGA73_General_Debate_2018/lao-peoples-democratic-republic__la_en.pdf,2367024ad6413806f1e338e99da24f111763da9b03e84e80ac43799869ec3173,https://gadebate.un.org/sites/default/files/gastatements/73/la_en.pdf,en,0,7,Local cover or explicit delivery statement; external metadata where recorded,Prepared/as-delivered status varies; no systematic video verification
2018_latvia,2018,LVA,local PDF,data/UNGA73_General_Debate_2018_statements/UNGA73_General_Debate_2018/latvia__lv_en.pdf,6172c2a76d68ace5f2129d1663bceaad51204a9d690a1915b63b56d8b965c341,https://gadebate.un.org/sites/default/files/gastatements/73/lv_en.pdf,en,0,11,Local cover or explicit delivery statement; external metadata where recorded,Prepared/as-delivered status varies; no systematic video verification
2018_lebanon,2018,LBN,local PDF,data/UNGA73_General_Debate_2018_statements/UNGA73_General_Debate_2018/lebanon__lb_fr.pdf,c01b295c2427df9c00df03895db5c578c613472a0d15b2823249212acedf87eb,https://gadebate.un.org/sites/default/files/gastatements/73/lb_fr.pdf,fr,1,6,Local cover or explicit delivery statement; external metadata where recorded,Prepared/as-delivered status varies; no systematic video verification
2018_lesotho,2018,LSO,local PDF,data/UNGA73_General_Debate_2018_statements/UNGA73_General_Debate_2018/lesotho__ls_en.pdf,46cdbcd21bee485756b3b611c214552962871870bebbe8185e8d32d6d06d6a46,https://gadebate.un.org/sites/default/files/gastatements/73/ls_en.pdf,en,0,10,Local cover or explicit delivery statement; external metadata where recorded,Prepared/as-delivered status varies; no systematic video verification
2018_liberia,2018,LBR,local PDF,data/UNGA73_General_Debate_2018_statements/UNGA73_General_Debate_2018/liberia__lr_en.pdf,e28055abf1d17509786361f48181df48f090bd2ba6ba71d069374828fa50ccb0,https://gadebate.un.org/sites/default/files/gastatements/73/lr_en.pdf,en,0,7,Local cover or explicit delivery statement; external metadata where recorded,Prepared/as-delivered status varies; no systematic video verification
2018_libya,2018,LBY,local PDF,data/UNGA73_General_Debate_2018_statements/UNGA73_General_Debate_2018/libya__ly_ar.pdf,33ba84b31010930a94bc3bf6fb5310c89e7d92e2ad54ed0f60d6ee4c2f706d8d,https://gadebate.un.org/sites/default/files/gastatements/73/ly_ar.pdf,ar,0,6,Local cover or explicit delivery statement; external metadata where recorded,Prepared/as-delivered status varies; no systematic video verification
2018_liechtenstein,2018,LIE,local PDF,data/UNGA73_General_Debate_2018_statements/UNGA73_General_Debate_2018/liechtenstein__li_en.pdf,c04a5ec97fb0b2458e52dd91657553d5cd1261bfaec81ff3345587676fc0a634,https://gadebate.un.org/sites/default/files/gastatements/73/li_en.pdf,en,0,6,Local cover or explicit delivery statement; external metadata where recorded,Prepared/as-delivered status varies; no systematic video verification
2018_lithuania,2018,LTU,local PDF,data/UNGA73_General_Debate_2018_statements/UNGA73_General_Debate_2018/lithuania__lt_en.pdf,0a4d30a241eae9115005285bc556db1d8511ac02fe6173154fe4c7b97341dd4d,https://gadebate.un.org/sites/default/files/gastatements/73/lt_en.pdf,en,0,2,Local cover or explicit delivery statement; external metadata where recorded,Prepared/as-delivered status varies; no systematic video verification
2018_luxembourg,2018,LUX,local PDF,data/UNGA73_General_Debate_2018_statements/UNGA73_General_Debate_2018/luxembourg__lu_fr.pdf,da1900a3e4497123265954d9bafa3448702b8dbd2cde8228b1a1a59cf35d3600,https://gadebate.un.org/sites/default/files/gastatements/73/lu_fr.pdf,fr,0,13,Local cover or explicit delivery statement; external metadata where recorded,Prepared/as-delivered status varies; no systematic video verification
2018_madagascar,2018,MDG,local PDF,data/UNGA73_General_Debate_2018_statements/UNGA73_General_Debate_2018/madagascar__mg_fr.pdf,0966a687260dab051a8b94f405de933adc611ce32ded9763946815fc2d406dc5,https://gadebate.un.org/sites/default/files/gastatements/73/mg_fr.pdf,fr,0,7,Local cover or explicit delivery statement; external metadata where recorded,Prepared/as-delivered status varies; no systematic video verification
2018_malawi,2018,MWI,local PDF,data/UNGA73_General_Debate_2018_statements/UNGA73_General_Debate_2018/malawi__mw_en.pdf,d0181f9ade5edae7e22e3292e7a524c8d37543e5c10a0d570f8aeb640a9bbaab,https://gadebate.un.org/sites/default/files/gastatements/73/mw_en.pdf,en,0,6,Local cover or explicit delivery statement; external metadata where recorded,Prepared/as-delivered status varies; no systematic video verification
2018_malaysia,2018,MYS,local PDF,data/UNGA73_General_Debate_2018_statements/UNGA73_General_Debate_2018/malaysia__my_en.pdf,c042d6838bd07a4f2a78319b969ced2aff4c9f157d2154621bbf594bb8369d7b,https://gadebate.un.org/sites/default/files/gastatements/73/my_en.pdf,en,0,16,Local cover or explicit delivery statement; external metadata where recorded,Prepared/as-delivered status varies; no systematic video verification
2018_mali,2018,MLI,local PDF,data/UNGA73_General_Debate_2018_statements/UNGA73_General_Debate_2018/mali__ml_fr.pdf,e3d218c78d0cc065bfc82c692538db46a29736210af58c1255195296c80078cf,https://gadebate.un.org/sites/default/files/gastatements/73/ml_fr.pdf,fr,0,9,Local cover or explicit delivery statement; external metadata where recorded,Prepared/as-delivered status varies; no systematic video verification
2018_malta,2018,MLT,local PDF,data/UNGA73_General_Debate_2018_statements/UNGA73_General_Debate_2018/malta__mt_en.pdf,03f4101e616c7bd416207a9f64c74bb53684683c639d6cebf5eb3a6510ba8761,https://gadebate.un.org/sites/default/files/gastatements/73/mt_en.pdf,en,0,4,Local cover or explicit delivery statement; external metadata where recorded,Prepared/as-delivered status varies; no systematic video verification
2018_marshall-islands,2018,MHL,local PDF,data/UNGA73_General_Debate_2018_statements/UNGA73_General_Debate_2018/marshall-islands__mh_en.pdf,7a0110fd1edbd8ae991c467d9f2ec798b3e5a376f9f7f138359a80e0d2b07e72,https://gadebate.un.org/sites/default/files/gastatements/73/mh_en.pdf,en,0,4,Local cover or explicit delivery statement; external metadata where recorded,Prepared/as-delivered status varies; no systematic video verification
2018_mauritania,2018,MRT,local PDF,data/UNGA73_General_Debate_2018_statements/UNGA73_General_Debate_2018/mauritania__mr_ar.pdf,9bccfa17f2d07b3eb65701835c4a92a3c86123e4378d7bcaea7a73e814866c49,https://gadebate.un.org/sites/default/files/gastatements/73/mr_ar.pdf,ar,0,9,Local cover or explicit delivery statement; external metadata where recorded,Prepared/as-delivered status varies; no systematic video verification
2018_mauritius,2018,MUS,local PDF,data/UNGA73_General_Debate_2018_statements/UNGA73_General_Debate_2018/mauritius__mu_en.pdf,0d7a255903585570a470be8158099f865f23d6d3b06c25675ee72f9e7b3529b8,https://gadebate.un.org/sites/default/files/gastatements/73/mu_en.pdf,en,0,9,Local cover or explicit delivery statement; external metadata where recorded,Prepared/as-delivered status varies; no systematic video verification
2018_mexico,2018,MEX,local PDF,data/UNGA73_General_Debate_2018_statements/UNGA73_General_Debate_2018/mexico__mx_es.pdf,2a9fff10a4ae09096e9a0ca7f376cba5eeac8657c42fcbc77b5158df5acf700a,https://gadebate.un.org/sites/default/files/gastatements/73/mx_es.pdf,es,0,9,Local cover or explicit delivery statement; external metadata where recorded,Prepared/as-delivered status varies; no systematic video verification
2018_micronesia-federated-states,2018,FSM,local PDF,data/UNGA73_General_Debate_2018_statements/UNGA73_General_Debate_2018/micronesia-federated-states__fm_en.pdf,9eec659c336ada5af751656d69de6cbff7fe6845e05ae5359d341b2c11b736df,https://gadebate.un.org/sites/default/files/gastatements/73/fm_en.pdf,en,0,4,Local cover or explicit delivery statement; external metadata where recorded,Prepared/as-delivered status varies; no systematic video verification
2018_monaco,2018,MCO,local PDF,data/UNGA73_General_Debate_2018_statements/UNGA73_General_Debate_2018/monaco__mc_fr.pdf,40b85bdab96785dd78b4d6450bc5775f6d648418a4f2414e415082c4015c841d,https://gadebate.un.org/sites/default/files/gastatements/73/mc_fr.pdf,fr,0,6,Local cover or explicit delivery statement; external metadata where recorded,Prepared/as-delivered status varies; no systematic video verification
2018_mongolia,2018,MNG,local PDF,data/UNGA73_General_Debate_2018_statements/UNGA73_General_Debate_2018/mongolia__mn_en.pdf,407454bd752f24be38074960c3cb54ebfc4a0ad85f5218b6c4e2e5e9c7b7b8a8,https://gadebate.un.org/sites/default/files/gastatements/73/mn_en.pdf,en,0,7,Local cover or explicit delivery statement; external metadata where recorded,Prepared/as-delivered status varies; no systematic video verification
2018_montenegro,2018,MNE,local PDF,data/UNGA73_General_Debate_2018_statements/UNGA73_General_Debate_2018/montenegro__me_en.pdf,af775dcc18829177dff7a372b5311f01714874c4865409fa3e90363fee29a832,https://gadebate.un.org/sites/default/files/gastatements/73/me_en.pdf,en,0,4,Local cover or explicit delivery statement; external metadata where recorded,Prepared/as-delivered status varies; no systematic video verification
2018_morocco,2018,MAR,local PDF,data/UNGA73_General_Debate_2018_statements/UNGA73_General_Debate_2018/morocco__ma_ar.pdf,d7fb7548d593371df7467948aca59c83d9962ebcb5983848179fe48b19511de2,https://gadebate.un.org/sites/default/files/gastatements/73/ma_ar.pdf,ar,0,11,Local cover or explicit delivery statement; external metadata where recorded,Prepared/as-delivered status varies; no systematic video verification
2018_mozambique,2018,MOZ,local PDF,data/UNGA73_General_Debate_2018_statements/UNGA73_General_Debate_2018/mozambique__mz_en.pdf,240fa3594803d9a9992f3d1ea37c1b536992a19156990c801f4e92da850ab7d7,https://gadebate.un.org/sites/default/files/gastatements/73/mz_en.pdf,en,0,7,Local cover or explicit delivery statement; external metadata where recorded,Prepared/as-delivered status varies; no systematic video verification
2018_myanmar,2018,MMR,local PDF,data/UNGA73_General_Debate_2018_statements/UNGA73_General_Debate_2018/myanmar__mm_en.pdf,2aa192187cd141ed695f226601c233b5cacead2f59e34caa58d58ab81bcac39b,https://gadebate.un.org/sites/default/files/gastatements/73/mm_en.pdf,en,0,7,Local cover or explicit delivery statement; external metadata where recorded,Prepared/as-delivered status varies; no systematic video verification
2018_namibia,2018,NAM,local PDF,data/UNGA73_General_Debate_2018_statements/UNGA73_General_Debate_2018/namibia__na_en.pdf,b0f53eaa450465997ca4b36afb18fe914bf9add22a60f9dad9075b3df7cd43be,https://gadebate.un.org/sites/default/files/gastatements/73/na_en.pdf,en,0,7,Local cover or explicit delivery statement; external metadata where recorded,Prepared/as-delivered status varies; no systematic video verification
2018_nauru,2018,NRU,local PDF,data/UNGA73_General_Debate_2018_statements/UNGA73_General_Debate_2018/nauru__nr_en.pdf,f006741f120d2eaff2dc5112377db8b8a564af1dcb37024b1b53f1b22095537f,https://gadebate.un.org/sites/default/files/gastatements/73/nr_en.pdf,en,0,7,Local cover or explicit delivery statement; external metadata where recorded,Prepared/as-delivered status varies; no systematic video verification
2018_nepal,2018,NPL,local PDF,data/UNGA73_General_Debate_2018_statements/UNGA73_General_Debate_2018/nepal__np_en.pdf,e7490d5580fd3116b652055caf88289ca4a88f3c44de5e05394977f3f1c24c0c,https://gadebate.un.org/sites/default/files/gastatements/73/np_en.pdf,en,0,7,Local cover or explicit delivery statement; external metadata where recorded,Prepared/as-delivered status varies; no systematic video verification
2018_netherlands,2018,NLD,local PDF,data/UNGA73_General_Debate_2018_statements/UNGA73_General_Debate_2018/netherlands__nl_en.pdf,a52dfa96e5e6d505570e90cbeda9cca88514ce889d9b21c5526d849150f2be63,https://gadebate.un.org/sites/default/files/gastatements/73/nl_en.pdf,en,0,6,Local cover or explicit delivery statement; external metadata where recorded,Prepared/as-delivered status varies; no systematic video verification
2018_new-zealand,2018,NZL,local PDF,data/UNGA73_General_Debate_2018_statements/UNGA73_General_Debate_2018/new-zealand__nz_en.pdf,b00a8f3f4a6e7cfdffcdf7844d5c57efbfcb522cfd4b9c3162c87a8c5dc6a245,https://gadebate.un.org/sites/default/files/gastatements/73/nz_en.pdf,en,0,8,Local cover or explicit delivery statement; external metadata where recorded,Prepared/as-delivered status varies; no systematic video verification
2018_nicaragua,2018,NIC,local PDF,data/UNGA73_General_Debate_2018_statements/UNGA73_General_Debate_2018/nicaragua__ni_en.pdf,b5b5bead6eaf21eb8cf0304e1b9fa9fa547513202ffe3090a38207fcae02cc8c,https://gadebate.un.org/sites/default/files/gastatements/73/ni_en.pdf,en,0,6,Local cover or explicit delivery statement; external metadata where recorded,Prepared/as-delivered status varies; no systematic video verification
2018_niger,2018,NER,local PDF,data/UNGA73_General_Debate_2018_statements/UNGA73_General_Debate_2018/niger__ne_fr.pdf,128c73d373ff19aa0bf305f1909c1ea36d2536b74b8ecea1b1e1eeed61c86752,https://gadebate.un.org/sites/default/files/gastatements/73/ne_fr.pdf,fr,0,8,Local cover or explicit delivery statement; external metadata where recorded,Prepared/as-delivered status varies; no systematic video verification
2018_nigeria,2018,NGA,local PDF,data/UNGA73_General_Debate_2018_statements/UNGA73_General_Debate_2018/nigeria__ng_en.pdf,083fd55f5a889f26e9820e6e602bed95db91a83dabb589629a311fbc51917bd7,https://gadebate.un.org/sites/default/files/gastatements/73/ng_en.pdf,en,0,22,Local cover or explicit delivery statement; external metadata where recorded,Prepared/as-delivered status varies; no systematic video verification
2018_norway,2018,NOR,local PDF,data/UNGA73_General_Debate_2018_statements/UNGA73_General_Debate_2018/norway__no_en.pdf,a4a95c954150c96aebb92e401612068235ed0650afef1560fcc212a0e26f6106,https://gadebate.un.org/sites/default/files/gastatements/73/no_en.pdf,en,0,8,Local cover or explicit delivery statement; external metadata where recorded,Prepared/as-delivered status varies; no systematic video verification
2018_oman,2018,OMN,local PDF,data/UNGA73_General_Debate_2018_statements/UNGA73_General_Debate_2018/oman__om_en.pdf,76c00a51f19880a739ab7c116ce061ae1f90a3e79763c3a136e3a0a9c09e3ff0,https://gadebate.un.org/sites/default/files/gastatements/73/om_en.pdf,en,0,6,Local cover or explicit delivery statement; external metadata where recorded,Prepared/as-delivered status varies; no systematic video verification
2018_pakistan,2018,PAK,local PDF,data/UNGA73_General_Debate_2018_statements/UNGA73_General_Debate_2018/pakistan__pk_en.pdf,5c03d8d40899b4ddda93ea0b275872aa49c97bb1d63193023c75e6547070cafd,https://gadebate.un.org/sites/default/files/gastatements/73/pk_en.pdf,en,0,6,Local cover or explicit delivery statement; external metadata where recorded,Prepared/as-delivered status varies; no systematic video verification
2018_palau,2018,PLW,local PDF,data/UNGA73_General_Debate_2018_statements/UNGA73_General_Debate_2018/palau__pw_en.pdf,57a4d170bbe1c0c8a8bb667a3ad6dc56fad35a8119ffc6585e35d6387f23b8b1,https://gadebate.un.org/sites/default/files/gastatements/73/pw_en.pdf,en,0,4,Local cover or explicit delivery statement; external metadata where recorded,Prepared/as-delivered status varies; no systematic video verification
2018_panama,2018,PAN,local PDF,data/UNGA73_General_Debate_2018_statements/UNGA73_General_Debate_2018/panama__pa_es.pdf,46635ae0a676efa1192fd40e488150569c65ef7cb36c2415127ad8db1d970f15,https://gadebate.un.org/sites/default/files/gastatements/73/pa_es.pdf,es,0,19,Local cover or explicit delivery statement; external metadata where recorded,Prepared/as-delivered status varies; no systematic video verification
2018_papua-new-guinea,2018,PNG,local PDF,data/UNGA73_General_Debate_2018_statements/UNGA73_General_Debate_2018/papua-new-guinea__pg_en.pdf,1cce3644696230bc16378175831a62c076af7c60223d8ed8b7f7b228413935ab,https://gadebate.un.org/sites/default/files/gastatements/73/pg_en.pdf,en,0,6,Local cover or explicit delivery statement; external metadata where recorded,Prepared/as-delivered status varies; no systematic video verification
2018_paraguay,2018,PRY,local PDF,data/UNGA73_General_Debate_2018_statements/UNGA73_General_Debate_2018/paraguay__py_es.pdf,c7fb07a8c5c66ea286ce652453965464063e9c8d87f18d0c6d06cec816625bf9,https://gadebate.un.org/sites/default/files/gastatements/73/py_es.pdf,es,0,5,Local cover or explicit delivery statement; external metadata where recorded,Prepared/as-delivered status varies; no systematic video verification
2018_peru,2018,PER,local PDF,data/UNGA73_General_Debate_2018_statements/UNGA73_General_Debate_2018/peru__pe_es.pdf,e948949c16266ba04647dd0e8b387118d22bd75825e546c3dbff46fb19f5fc80,https://gadebate.un.org/sites/default/files/gastatements/73/pe_es.pdf,es,0,5,Local cover or explicit delivery statement; external metadata where recorded,Prepared/as-delivered status varies; no systematic video verification
2018_philippines,2018,PHL,local PDF,data/UNGA73_General_Debate_2018_statements/UNGA73_General_Debate_2018/philippines__ph_en.pdf,c733f3c574714c28b0dcccb043c7434a488cd6f9c7b3a50c0bd418d2acc41ea0,https://gadebate.un.org/sites/default/files/gastatements/73/ph_en.pdf,en,0,15,Local cover or explicit delivery statement; external metadata where recorded,Prepared/as-delivered status varies; no systematic video verification
2018_poland,2018,POL,local PDF,data/UNGA73_General_Debate_2018_statements/UNGA73_General_Debate_2018/poland__pl_en.pdf,41758b2d0182661aa2f74eb29e43e3592afae647cacf488b8e12c4f969541282,https://gadebate.un.org/sites/default/files/gastatements/73/pl_en.pdf,en,0,6,Local cover or explicit delivery statement; external metadata where recorded,Prepared/as-delivered status varies; no systematic video verification
2018_portugal,2018,PRT,local PDF,data/UNGA73_General_Debate_2018_statements/UNGA73_General_Debate_2018/portugal__pt_pt.pdf,8957165817db05091ce966e2a01d394a59e58c4f62f99e63aefc8adacf41db38,https://gadebate.un.org/sites/default/files/gastatements/73/pt_pt.pdf,pt,1,6,Local cover or explicit delivery statement; external metadata where recorded,Prepared/as-delivered status varies; no systematic video verification
2018_qatar,2018,QAT,local PDF,data/UNGA73_General_Debate_2018_statements/UNGA73_General_Debate_2018/qatar__qa_en.pdf,baf85f04721158ea610afd48a77463ae2397e60ddeca4e582dff128b1e04e1c1,https://gadebate.un.org/sites/default/files/gastatements/73/qa_en.pdf,en,0,8,Local cover or explicit delivery statement; external metadata where recorded,Prepared/as-delivered status varies; no systematic video verification
2018_republic-korea,2018,KOR,local PDF,data/UNGA73_General_Debate_2018_statements/UNGA73_General_Debate_2018/republic-korea__kr_2_en.pdf,33e205931cdc2cf3a4c51d5d9205c13e8627424454f2a8c5e1fde4482d910ba3,https://gadebate.un.org/sites/default/files/gastatements/73/kr_2_en.pdf,en,1,7,Local cover or explicit delivery statement; external metadata where recorded,Prepared/as-delivered status varies; no systematic video verification
2018_republic-moldova,2018,MDA,local PDF,data/UNGA73_General_Debate_2018_statements/UNGA73_General_Debate_2018/republic-moldova__md_en.pdf,4feb52ccfb3ca1055e0ab15066eb0d0fff743f6751915df04c970ec12477087e,https://gadebate.un.org/sites/default/files/gastatements/73/md_en.pdf,en,0,6,Local cover or explicit delivery statement; external metadata where recorded,Prepared/as-delivered status varies; no systematic video verification
2018_republic-north-macedonia,2018,MKD,local PDF,data/UNGA73_General_Debate_2018_statements/UNGA73_General_Debate_2018/republic-north-macedonia__mk_en.pdf,2cbbba7b5bb533ea91f538621181d48f3f60b756384fc09e58fa35af363d231d,https://gadebate.un.org/sites/default/files/gastatements/73/mk_en.pdf,en,0,5,Local cover or explicit delivery statement; external metadata where recorded,Prepared/as-delivered status varies; no systematic video verification
2018_romania,2018,ROU,local PDF,data/UNGA73_General_Debate_2018_statements/UNGA73_General_Debate_2018/romania__ro_en.pdf,7f64b07e5e737093d1e3f13a53a5c34514b0f8f14b65cf2b1508344ebeaab0ad,https://gadebate.un.org/sites/default/files/gastatements/73/ro_en.pdf,en,0,6,Local cover or explicit delivery statement; external metadata where recorded,Prepared/as-delivered status varies; no systematic video verification
2018_russian-federation,2018,RUS,local PDF,data/UNGA73_General_Debate_2018_statements/UNGA73_General_Debate_2018/russian-federation__ru_ru.pdf,122aa52c84414de4d9a8c4efd0dc2d003e82e59d1cf51ce0c7c2006444075958,https://gadebate.un.org/sites/default/files/gastatements/73/ru_ru.pdf,ru,1,9,Local cover or explicit delivery statement; external metadata where recorded,Prepared/as-delivered status varies; no systematic video verification
2018_rwanda,2018,RWA,local PDF,data/UNGA73_General_Debate_2018_statements/UNGA73_General_Debate_2018/rwanda__rw_en.pdf,a79af74d874da4f87cfb6af4a9bdab7bff41d36d2437fbd51361917589f75634,https://gadebate.un.org/sites/default/files/gastatements/73/rw_en.pdf,en,0,5,Local cover or explicit delivery statement; external metadata where recorded,Prepared/as-delivered status varies; no systematic video verification
2018_saint-kitts-and-nevis,2018,KNA,local PDF,data/UNGA73_General_Debate_2018_statements/UNGA73_General_Debate_2018/saint-kitts-and-nevis__kn_en.pdf,c7cdbde69c21184fa34ab448f3d908d60981dd91edabfecca3f40d62b4b05e0a,https://gadebate.un.org/sites/default/files/gastatements/73/kn_en.pdf,en,0,6,Local cover or explicit delivery statement; external metadata where recorded,Prepared/as-delivered status varies; no systematic video verification
2018_saint-lucia,2018,LCA,local PDF,data/UNGA73_General_Debate_2018_statements/UNGA73_General_Debate_2018/saint-lucia__lc_en.pdf,8d327861b4da9aff60979754f7bc09d5e69c17aa8145e7c0af6e8045f98e4e90,https://gadebate.un.org/sites/default/files/gastatements/73/lc_en.pdf,en,0,7,Local cover or explicit delivery statement; external metadata where recorded,Prepared/as-delivered status varies; no systematic video verification
2018_saint-vincent-and-grenadines,2018,VCT,local PDF,data/UNGA73_General_Debate_2018_statements/UNGA73_General_Debate_2018/saint-vincent-and-grenadines__vc_en.pdf,294ad309f0cf56aebb52056773c78575108b1a28c7e57656ff475ffb023a7cd7,https://gadebate.un.org/sites/default/files/gastatements/73/vc_en.pdf,en,0,7,Local cover or explicit delivery statement; external metadata where recorded,Prepared/as-delivered status varies; no systematic video verification
2018_samoa,2018,WSM,local PDF,data/UNGA73_General_Debate_2018_statements/UNGA73_General_Debate_2018/samoa__ws_en.pdf,07824ebfafdf4c7265577d66f7a62bcbf6fc9615457a2697bc127c70850dc4e4,https://gadebate.un.org/sites/default/files/gastatements/73/ws_en.pdf,en,0,10,Local cover or explicit delivery statement; external metadata where recorded,Prepared/as-delivered status varies; no systematic video verification
2018_san-marino,2018,SMR,local PDF,data/UNGA73_General_Debate_2018_statements/UNGA73_General_Debate_2018/san-marino__sm_en.pdf,ddd76fcb74bc3aa6d963264e7174285cac2a86c7f9063272b67394521d362906,https://gadebate.un.org/sites/default/files/gastatements/73/sm_en.pdf,en,0,8,Local cover or explicit delivery statement; external metadata where recorded,Prepared/as-delivered status varies; no systematic video verification
2018_sao-tome-and-principe,2018,STP,local PDF,data/UNGA73_General_Debate_2018_statements/UNGA73_General_Debate_2018/sao-tome-and-principe__st_en.pdf,0f6ac72bd779523e52ddf4b3bccff004cb7130e642fed6309551dda627365a8c,https://gadebate.un.org/sites/default/files/gastatements/73/st_en.pdf,en,0,7,Local cover or explicit delivery statement; external metadata where recorded,Prepared/as-delivered status varies; no systematic video verification
2018_saudi-arabia,2018,SAU,local PDF,data/UNGA73_General_Debate_2018_statements/UNGA73_General_Debate_2018/saudi-arabia__sa_ar.pdf,904a4b21c8ae6ca9d32aabc2993c1e66b4dca101f809a3fcd1b6303b2161204f,https://gadebate.un.org/sites/default/files/gastatements/73/sa_ar.pdf,ar,0,8,Local cover or explicit delivery statement; external metadata where recorded,Prepared/as-delivered status varies; no systematic video verification
2018_senegal,2018,SEN,local PDF,data/UNGA73_General_Debate_2018_statements/UNGA73_General_Debate_2018/senegal__sn_fr.pdf,bc8d636da275f56f191aaca17931227abea16c61de406173541c5b6e28a257d4,https://gadebate.un.org/sites/default/files/gastatements/73/sn_fr.pdf,fr,0,7,Local cover or explicit delivery statement; external metadata where recorded,Prepared/as-delivered status varies; no systematic video verification
2018_serbia,2018,SRB,local PDF,data/UNGA73_General_Debate_2018_statements/UNGA73_General_Debate_2018/serbia__rs_en.pdf,1ef5f7e7cbb1e6af15a31a8907f46a4f811f6bb4f6e4fbfcd15a0b2d197c8d4e,https://gadebate.un.org/sites/default/files/gastatements/73/rs_en.pdf,en,0,5,Local cover or explicit delivery statement; external metadata where recorded,Prepared/as-delivered status varies; no systematic video verification
2018_seychelles,2018,SYC,local PDF,data/UNGA73_General_Debate_2018_statements/UNGA73_General_Debate_2018/seychelles__sc_en.pdf,ecae30ff67384f3504f361778eed435e243bec3e3d2f5a41b36d753e2cd6dc52,https://gadebate.un.org/sites/default/files/gastatements/73/sc_en.pdf,en,0,5,Local cover or explicit delivery statement; external metadata where recorded,Prepared/as-delivered status varies; no systematic video verification
2018_sierra-leone,2018,SLE,local PDF,data/UNGA73_General_Debate_2018_statements/UNGA73_General_Debate_2018/sierra-leone__sl_en.pdf,b9fcdc5cba67ae1d2790f9a17aa2f8db974e0de0344a93c88f698510304c5778,https://gadebate.un.org/sites/default/files/gastatements/73/sl_en.pdf,en,0,7,Local cover or explicit delivery statement; external metadata where recorded,Prepared/as-delivered status varies; no systematic video verification
2018_singapore,2018,SGP,local PDF,data/UNGA73_General_Debate_2018_statements/UNGA73_General_Debate_2018/singapore__sg_en.pdf,02450263209c5a46c5fdf1187d4e24b3c58b4af26bd3842e963c9f62ff99a99f,https://gadebate.un.org/sites/default/files/gastatements/73/sg_en.pdf,en,0,11,Local cover or explicit delivery statement; external metadata where recorded,Prepared/as-delivered status varies; no systematic video verification
2018_slovakia,2018,SVK,local PDF,data/UNGA73_General_Debate_2018_statements/UNGA73_General_Debate_2018/slovakia__sk_en.pdf,cd54084151aebd31e576e6820723031b0db6d3f501a434d6727f5781d52e1b7a,https://gadebate.un.org/sites/default/files/gastatements/73/sk_en.pdf,en,0,6,Local cover or explicit delivery statement; external metadata where recorded,Prepared/as-delivered status varies; no systematic video verification
2018_slovenia,2018,SVN,local PDF,data/UNGA73_General_Debate_2018_statements/UNGA73_General_Debate_2018/slovenia__si_en.pdf,41506449aea2941810f582f9737817b4eccb9edef6965a5f602993b4daa0564b,https://gadebate.un.org/sites/default/files/gastatements/73/si_en.pdf,en,0,8,Local cover or explicit delivery statement; external metadata where recorded,Prepared/as-delivered status varies; no systematic video verification
2018_solomon-islands,2018,SLB,local PDF,data/UNGA73_General_Debate_2018_statements/UNGA73_General_Debate_2018/solomon-islands__sb_en.pdf,daf0b7a860886f8fc9e66bef0aa9fefe5d738267833347add2ce8935504bb26d,https://gadebate.un.org/sites/default/files/gastatements/73/sb_en.pdf,en,0,14,Local cover or explicit delivery statement; external metadata where recorded,Prepared/as-delivered status varies; no systematic video verification
2018_somalia,2018,SOM,local PDF,data/UNGA73_General_Debate_2018_statements/UNGA73_General_Debate_2018/somalia__so_en.pdf,d5eb91b02d42a865584761d2ca0ce96067ab2f0b6bc25eef29abf8d9f501cb25,https://gadebate.un.org/sites/default/files/gastatements/73/so_en.pdf,en,0,12,Local cover or explicit delivery statement; external metadata where recorded,Prepared/as-delivered status varies; no systematic video verification
2018_south-africa,2018,ZAF,local PDF,data/UNGA73_General_Debate_2018_statements/UNGA73_General_Debate_2018/south-africa__za_en.pdf,6ec63611a004f82f7792a9f3130f1d109552a8e1fb0ba25b05e7d184591ce96f,https://gadebate.un.org/sites/default/files/gastatements/73/za_en.pdf,en,0,9,Local cover or explicit delivery statement; external metadata where recorded,Prepared/as-delivered status varies; no systematic video verification
2018_south-sudan,2018,SSD,local PDF,data/UNGA73_General_Debate_2018_statements/UNGA73_General_Debate_2018/south-sudan__ss_en.pdf,6fb22d53044f469000aa8cf8e0d214fd40d9497850b4b950f518d22f37c3040d,https://gadebate.un.org/sites/default/files/gastatements/73/ss_en.pdf,en,0,16,Local cover or explicit delivery statement; external metadata where recorded,Prepared/as-delivered status varies; no systematic video verification
2018_spain,2018,ESP,local PDF,data/UNGA73_General_Debate_2018_statements/UNGA73_General_Debate_2018/spain__es_en.pdf,fd4133064e0fd9a7f1283aabd18720dd00926ec3bcaf5219bd64f37d580116e7,https://gadebate.un.org/sites/default/files/gastatements/73/es_en.pdf,en,0,6,Local cover or explicit delivery statement; external metadata where recorded,Prepared/as-delivered status varies; no systematic video verification
2018_sri-lanka,2018,LKA,local PDF,data/UNGA73_General_Debate_2018_statements/UNGA73_General_Debate_2018/sri-lanka__lk_en.pdf,1447760e0a23f08a59f6b3202d09d2b705d6467aa06ef89a381efcc701632e53,https://gadebate.un.org/sites/default/files/gastatements/73/lk_en.pdf,en,1,3,Local cover or explicit delivery statement; external metadata where recorded,Prepared/as-delivered status varies; no systematic video verification
2018_sudan,2018,SDN,local PDF,data/UNGA73_General_Debate_2018_statements/UNGA73_General_Debate_2018/sudan__sd_ar.pdf,4c83da46981e2cd6a8b08632a2c81b4f8cc3e9f61322014419b1da4666e41a8d,https://gadebate.un.org/sites/default/files/gastatements/73/sd_ar.pdf,ar,0,9,Local cover or explicit delivery statement; external metadata where recorded,Prepared/as-delivered status varies; no systematic video verification
2018_suriname,2018,SUR,local PDF,data/UNGA73_General_Debate_2018_statements/UNGA73_General_Debate_2018/suriname__sr_en.pdf,aebeefb9dcac9e36aed487bbff9b95c9befeada52a4a478ad214fc7eec1618b8,https://gadebate.un.org/sites/default/files/gastatements/73/sr_en.pdf,en,0,8,Local cover or explicit delivery statement; external metadata where recorded,Prepared/as-delivered status varies; no systematic video verification
2018_sweden,2018,SWE,local PDF,data/UNGA73_General_Debate_2018_statements/UNGA73_General_Debate_2018/sweden__se_en.pdf,49ad367a9f3b07367acf6698a7f730e9fbcb0f0d0813bd9ad5868a1da0741189,https://gadebate.un.org/sites/default/files/gastatements/73/se_en.pdf,en,0,9,Local cover or explicit delivery statement; external metadata where recorded,Prepared/as-delivered status varies; no systematic video verification
2018_switzerland,2018,CHE,local PDF,data/UNGA73_General_Debate_2018_statements/UNGA73_General_Debate_2018/switzerland__ch_fr.pdf,3b4dece09c4b1c4e12bd2ae34b8431c3d5d92ae73f4275382547b0f0db0e9e7d,https://gadebate.un.org/sites/default/files/gastatements/73/ch_fr.pdf,fr,1,4,Local cover or explicit delivery statement; external metadata where recorded,Prepared/as-delivered status varies; no systematic video verification
2018_syrian-arab-republic,2018,SYR,local PDF,data/UNGA73_General_Debate_2018_statements/UNGA73_General_Debate_2018/syrian-arab-republic__sy_en.pdf,0f759e0d5aa5af1de854bbe588e1ba48d9c5b90d3f9c2e4f5e991f1fa367d238,https://gadebate.un.org/sites/default/files/gastatements/73/sy_en.pdf,en,0,9,Local cover or explicit delivery statement; external metadata where recorded,Prepared/as-delivered status varies; no systematic video verification
2018_tajikistan,2018,TJK,local PDF,data/UNGA73_General_Debate_2018_statements/UNGA73_General_Debate_2018/tajikistan__tj_en.pdf,7000b89e14adb35e18b653a12ba2fc846d24f130ac09c4194b215b9379351973,https://gadebate.un.org/sites/default/files/gastatements/73/tj_en.pdf,en,0,6,Local cover or explicit delivery statement; external metadata where recorded,Prepared/as-delivered status varies; no systematic video verification
2018_thailand,2018,THA,local PDF,data/UNGA73_General_Debate_2018_statements/UNGA73_General_Debate_2018/thailand__th_en.pdf,63ee8d45b6d2f965293a067667e151df59fb055ff2f6dc27ff9f056ca5d26b1c,https://gadebate.un.org/sites/default/files/gastatements/73/th_en.pdf,en,0,4,Local cover or explicit delivery statement; external metadata where recorded,Prepared/as-delivered status varies; no systematic video verification
2018_timor-leste,2018,TLS,local PDF,data/UNGA73_General_Debate_2018_statements/UNGA73_General_Debate_2018/timor-leste__tl_en.pdf,1e75984a6e6d1779d388b9d268de1d4ccc0b8e8cd3f755af6ad8a16c80b708d4,https://gadebate.un.org/sites/default/files/gastatements/73/tl_en.pdf,en,0,9,Local cover or explicit delivery statement; external metadata where recorded,Prepared/as-delivered status varies; no systematic video verification
2018_togo,2018,TGO,local PDF,data/UNGA73_General_Debate_2018_statements/UNGA73_General_Debate_2018/togo__tg_fr.pdf,d8a420347d28d1cea8bfe4ad86200ece17e3f07db102ec49d8e0c97cf9e7562c,https://gadebate.un.org/sites/default/files/gastatements/73/tg_fr.pdf,fr,0,6,Local cover or explicit delivery statement; external metadata where recorded,Prepared/as-delivered status varies; no systematic video verification
2018_tonga,2018,TON,local PDF,data/UNGA73_General_Debate_2018_statements/UNGA73_General_Debate_2018/tonga__to_en.pdf,7a68b36aa84d71cd6a0a2c8411983797bc53a3dd20f685470bf0d98c84618814,https://gadebate.un.org/sites/default/files/gastatements/73/to_en.pdf,en,0,7,Local cover or explicit delivery statement; external metadata where recorded,Prepared/as-delivered status varies; no systematic video verification
2018_trinidad-and-tobago,2018,TTO,local PDF,data/UNGA73_General_Debate_2018_statements/UNGA73_General_Debate_2018/trinidad-and-tobago__tt_en.pdf,16f3ee983466cab7bb844d05ff6991db2182d998cf3f863a67c9e2e0d6c132d4,https://gadebate.un.org/sites/default/files/gastatements/73/tt_en.pdf,en,0,6,Local cover or explicit delivery statement; external metadata where recorded,Prepared/as-delivered status varies; no systematic video verification
2018_tunisia,2018,TUN,local PDF,data/UNGA73_General_Debate_2018_statements/UNGA73_General_Debate_2018/tunisia__tn_ar.pdf,018d75a7d00ffdef1009abe17fe6bfffb7dfdda0c0598074e079bb4fac8886f5,https://gadebate.un.org/sites/default/files/gastatements/73/tn_ar.pdf,ar,0,13,Local cover or explicit delivery statement; external metadata where recorded,Prepared/as-delivered status varies; no systematic video verification
2018_turkmenistan,2018,TKM,local PDF,data/UNGA73_General_Debate_2018_statements/UNGA73_General_Debate_2018/turkmenistan__tm_en.pdf,fb637b7b3e8c0259210fd4a838261a3909827386d190b29716079a03640a1a21,https://gadebate.un.org/sites/default/files/gastatements/73/tm_en.pdf,en,1,5,Local cover or explicit delivery statement; external metadata where recorded,Prepared/as-delivered status varies; no systematic video verification
2018_tuvalu,2018,TUV,local PDF,data/UNGA73_General_Debate_2018_statements/UNGA73_General_Debate_2018/tuvalu__tv_en.pdf,d76531c7b71c5bc4e2f9d963ca23c49e7fabdaabf8f0092d43c4a6bf167a90a9,https://gadebate.un.org/sites/default/files/gastatements/73/tv_en.pdf,en,0,7,Local cover or explicit delivery statement; external metadata where recorded,Prepared/as-delivered status varies; no systematic video verification
2018_uganda,2018,UGA,local PDF,data/UNGA73_General_Debate_2018_statements/UNGA73_General_Debate_2018/uganda__ug_en.pdf,7761ed12c531ec7a9bd2766fdc564e9b5a2b964ec0deee75a762f04620792f6b,https://gadebate.un.org/sites/default/files/gastatements/73/ug_en.pdf,en,0,4,Local cover or explicit delivery statement; external metadata where recorded,Prepared/as-delivered status varies; no systematic video verification
2018_ukraine,2018,UKR,local PDF,data/UNGA73_General_Debate_2018_statements/UNGA73_General_Debate_2018/ukraine__ua_en.pdf,465276e3d5ae36e89a8834f7f095fe2891939a105276b4246ac87b8d860bc143,https://gadebate.un.org/sites/default/files/gastatements/73/ua_en.pdf,en,0,10,Local cover or explicit delivery statement; external metadata where recorded,Prepared/as-delivered status varies; no systematic video verification
2018_united-arab-emirates,2018,ARE,local PDF,data/UNGA73_General_Debate_2018_statements/UNGA73_General_Debate_2018/united-arab-emirates__ae_ar.pdf,ea16cc46d697150df0c37dcccb6a60f850206c53a11e0656cf6b22d13d25e85f,https://gadebate.un.org/sites/default/files/gastatements/73/ae_ar.pdf,ar,0,7,Local cover or explicit delivery statement; external metadata where recorded,Prepared/as-delivered status varies; no systematic video verification
2018_united-kingdom-great-britain-and-northern-ireland,2018,GBR,local PDF,data/UNGA73_General_Debate_2018_statements/UNGA73_General_Debate_2018/united-kingdom-great-britain-and-northern-ireland__gb_en.pdf,3083d314e513c1909817ef9a30f3f4bbb34f2e23798e0bbe575108d01dd09e8e,https://gadebate.un.org/sites/default/files/gastatements/73/gb_en.pdf,en,0,9,Local cover or explicit delivery statement; external metadata where recorded,Prepared/as-delivered status varies; no systematic video verification
2018_united-republic-tanzania,2018,TZA,local PDF,data/UNGA73_General_Debate_2018_statements/UNGA73_General_Debate_2018/united-republic-tanzania__tz_en.pdf,13698fdae6a25aa22b9229ecb6db473f55067f185e85c39a62677ad68055ed2a,https://gadebate.un.org/sites/default/files/gastatements/73/tz_en.pdf,en,0,9,Local cover or explicit delivery statement; external metadata where recorded,Prepared/as-delivered status varies; no systematic video verification
2018_united-states-america,2018,USA,local PDF,data/UNGA73_General_Debate_2018_statements/UNGA73_General_Debate_2018/united-states-america__us_en.pdf,43e6caf890bb34661450aa208354dc6557ab2e0eb4b288b065251032a0f28614,https://gadebate.un.org/sites/default/files/gastatements/73/us_en.pdf,en,0,11,Local cover or explicit delivery statement; external metadata where recorded,Prepared/as-delivered status varies; no systematic video verification
2018_uruguay,2018,URY,local PDF,data/UNGA73_General_Debate_2018_statements/UNGA73_General_Debate_2018/uruguay__uy_es.pdf,80bd0af7d65b4d32df6f3c182c1dc4a91e1476b4c3a616cfd4b6b12cbd6cbb20,https://gadebate.un.org/sites/default/files/gastatements/73/uy_es.pdf,es,0,17,Local cover or explicit delivery statement; external metadata where recorded,Prepared/as-delivered status varies; no systematic video verification
2018_uzbekistan,2018,UZB,local PDF,data/UNGA73_General_Debate_2018_statements/UNGA73_General_Debate_2018/uzbekistan__uz_ru.pdf,7551a0ec853fc4620b0d096efcab299cdc08e5fe2d69a11d8d53c2ce105b2fea,https://gadebate.un.org/sites/default/files/gastatements/73/uz_ru.pdf,ru,1,7,Local cover or explicit delivery statement; external metadata where recorded,Prepared/as-delivered status varies; no systematic video verification
2018_vanuatu,2018,VUT,local PDF,data/UNGA73_General_Debate_2018_statements/UNGA73_General_Debate_2018/vanuatu__vu_fr.pdf,fbca71281a86ba5882fd70815e0f87b9c57e2bc148d79261bb46f3ecdddd1db1,https://gadebate.un.org/sites/default/files/gastatements/73/vu_fr.pdf,fr,0,12,Local cover or explicit delivery statement; external metadata where recorded,Prepared/as-delivered status varies; no systematic video verification
2018_venezuela-bolivarian-republic,2018,VEN,local PDF,data/UNGA73_General_Debate_2018_statements/UNGA73_General_Debate_2018/venezuela-bolivarian-republic__ve_en.pdf,c2a93395584b9f4290c521c6f7e7ee027c31e836110f95e44377a324fc257932,https://gadebate.un.org/sites/default/files/gastatements/73/ve_en.pdf,en,1,8,Local cover or explicit delivery statement; external metadata where recorded,Prepared/as-delivered status varies; no systematic video verification
2018_viet-nam,2018,VNM,local PDF,data/UNGA73_General_Debate_2018_statements/UNGA73_General_Debate_2018/viet-nam__vn_en.pdf,e4168d5928c94995d326a3f65ee1992defc0249489afe8f905dee22d9074e1e8,https://gadebate.un.org/sites/default/files/gastatements/73/vn_en.pdf,en,0,4,Local cover or explicit delivery statement; external metadata where recorded,Prepared/as-delivered status varies; no systematic video verification
2018_yemen,2018,YEM,local PDF,data/UNGA73_General_Debate_2018_statements/UNGA73_General_Debate_2018/yemen__ye_ar.pdf,5eb6763ede3399e0f8a410f9248025a64c83ba777b3a9ec2dc935f5e027c8a12,https://gadebate.un.org/sites/default/files/gastatements/73/ye_ar.pdf,ar,0,7,Local cover or explicit delivery statement; external metadata where recorded,Prepared/as-delivered status varies; no systematic video verification
2018_zambia,2018,ZMB,local PDF,data/UNGA73_General_Debate_2018_statements/UNGA73_General_Debate_2018/zambia__zm_en.pdf,1ce84d1240dfbae40189671f524ec8b61c47e0ff7152c36befbbdffe5e7dd481,https://gadebate.un.org/sites/default/files/gastatements/73/zm_en.pdf,en,0,7,Local cover or explicit delivery statement; external metadata where recorded,Prepared/as-delivered status varies; no systematic video verification
2018_zimbabwe,2018,ZWE,local PDF,data/UNGA73_General_Debate_2018_statements/UNGA73_General_Debate_2018/zimbabwe__zw_en.pdf,00a7c5399e3d79fd27c8c434fe913cb0daf5a56173e097e8e8284d463f8fc233,https://gadebate.un.org/sites/default/files/gastatements/73/zw_en.pdf,en,0,4,Local cover or explicit delivery statement; external metadata where recorded,Prepared/as-delivered status varies; no systematic video verification
2020_afghanistan,2020,AFG,local PDF,data/UNGA75_General_Debate_2020_statements/UNGA75_General_Debate_2020/2020-09-23_PM_09_Afghanistan_en.pdf,8d70a3bbef484e53175ed9169eb241c54c498428556b31fa1b5fc53748f739d1,https://estatements.un.org/estatements/10.0010/20200923/aCaK5IQSX0PR/uSRBDvfsI7jO_en.pdf,en,1,9,Local cover or explicit delivery statement; external metadata where recorded,Prepared/as-delivered status varies; no systematic video verification
2020_albania,2020,ALB,local PDF,data/UNGA75_General_Debate_2020_statements/UNGA75_General_Debate_2020/2020-09-24_AM_03_Albania_en.pdf,4de52b8e0bcd80c7541e4f0fbb02dfe12c4eb46fcde2907672f06e85418bff7a,https://estatements.un.org/estatements/10.0010/20200924/D2gMNUFTawVH/MIo6TR6h7gv0_en.pdf,en,1,12,Local cover or explicit delivery statement; external metadata where recorded,Prepared/as-delivered status varies; no systematic video verification
2020_algeria,2020,DZA,local PDF,data/UNGA75_General_Debate_2020_statements/UNGA75_General_Debate_2020/2020-09-23_AM_14_Algeria_ar.pdf,0a8e15e5be62d871d89803f5a092420bec4572d9d11af9e6f010a7a365def0ce,https://estatements.un.org/estatements/10.0010/20200923/bVdkQECcmuDt/NoB6kbRQbTgW_ar.pdf,ar,1,8,Local cover or explicit delivery statement; external metadata where recorded,Prepared/as-delivered status varies; no systematic video verification
2020_andorra,2020,AND,local PDF,data/UNGA75_General_Debate_2020_statements/UNGA75_General_Debate_2020/2020-09-26_AM_03_Andorra_en.pdf,5cf79468f98f372f859dc56b03c89e56cb720a49eedaf1e43e9bca7a342d8aee,https://estatements.un.org/estatements/10.0010/20200926/49thYJTCPljx/4mFCUDjzu2Nc_en.pdf,en,1,7,Local cover or explicit delivery statement; external metadata where recorded,Prepared/as-delivered status varies; no systematic video verification
2020_angola,2020,AGO,local PDF,data/UNGA75_General_Debate_2020_statements/UNGA75_General_Debate_2020/2020-09-22_PM_09_Angola_en.pdf,75243c2e2913fd422a76d88c595a91b9c388e1ef543a551a79d09ba7657ab293,https://estatements.un.org/estatements/10.0010/20200922/T3qdozGNpyYp/qkTRPROWXa1Y_en.pdf,en,1,5,Local cover or explicit delivery statement; external metadata where recorded,Prepared/as-delivered status varies; no systematic video verification
2020_antigua-and-barbuda,2020,ATG,local PDF,data/UNGA75_General_Debate_2020_statements/UNGA75_General_Debate_2020/2020-09-25_PM_09_Antigua-and-Barbuda_en.pdf,6a112c10e7704af039ccbf4225beab797b041d673f2170a670fdcc62ed68cbf7,https://estatements.un.org/estatements/10.0010/20200925/SxuqgUXRYBC2/vAFawNCnKuzz_en.pdf,en,1,6,Local cover or explicit delivery statement; external metadata where recorded,Prepared/as-delivered status varies; no systematic video verification
2020_argentina,2020,ARG,local PDF,data/UNGA75_General_Debate_2020_statements/UNGA75_General_Debate_2020/2020-09-22_PM_10_Argentina_es.pdf,f89ed73ec46d43e89ed4ff4031e1a7c3c62e7656ba805f962c773e3497b84eea,https://estatements.un.org/estatements/10.0010/20200922/T3qdozGNpyYp/AnEyRksOlOBm_es.pdf,es,1,7,Local cover or explicit delivery statement; external metadata where recorded,Prepared/as-delivered status varies; no systematic video verification
2020_armenia,2020,ARM,local PDF,data/UNGA75_General_Debate_2020_statements/UNGA75_General_Debate_2020/2020-09-25_AM_12_Armenia_en.pdf,9f7b3dd0c056b243d30b2130462eeb2f12908a9aa5959c71a706fefc2f528d8a,https://estatements.un.org/estatements/10.0010/20200925/3Yf6QppA2NrI/h11FH9uASyrq_en.pdf,en,1,4,Local cover or explicit delivery statement; external metadata where recorded,Prepared/as-delivered status varies; no systematic video verification
2020_australia,2020,AUS,local PDF,data/UNGA75_General_Debate_2020_statements/UNGA75_General_Debate_2020/2020-09-25_PM_10_Australia_en.pdf,ddbaffe178396282ea4ee4b708839be51897a3695e3620f43517f9c3468f3b5a,https://estatements.un.org/estatements/10.0010/20200925/SxuqgUXRYBC2/Kn3V0jJb3rFk_en.pdf,en,1,10,Local cover or explicit delivery statement; external metadata where recorded,Prepared/as-delivered status varies; no systematic video verification
2020_austria,2020,AUT,local PDF,data/UNGA75_General_Debate_2020_statements/UNGA75_General_Debate_2020/2020-09-26_PM_13_Austria_en.pdf,0f85c31fa2010da72995176f29c309defd62903f9e678281e5f207d875df187c,https://estatements.un.org/estatements/10.0010/20200926/zRoJPMqtsmnf/CHCnsTl5L1ps_en.pdf,en,1,8,Local cover or explicit delivery statement; external metadata where recorded,Prepared/as-delivered status varies; no systematic video verification
2020_azerbaijan,2020,AZE,local PDF,data/UNGA75_General_Debate_2020_statements/UNGA75_General_Debate_2020/2020-09-24_PM_01_Azerbaijan_en.pdf,99b61d044fcc9c6b58799a22915933966b1879079556aa5c02c2ffe78c534906,https://estatements.un.org/estatements/10.0010/20200924/we2wQ8CowvRE/UcHaYOBat38E_en.pdf,en,1,11,Local cover or explicit delivery statement; external metadata where recorded,Prepared/as-delivered status varies; no systematic video verification
2020_bahamas,2020,BHS,local PDF,data/UNGA75_General_Debate_2020_statements/UNGA75_General_Debate_2020/2020-09-26_PM_04_Bahamas_en.pdf,9018c66815b0bdd531d25b6fb5e11993368803b6c57406c5cf175c8e439ab835,https://estatements.un.org/estatements/10.0010/20200926/zRoJPMqtsmnf/tygbzEI3RKMM_en.pdf,en,1,25,Local cover or explicit delivery statement; external metadata where recorded,Prepared/as-delivered status varies; no systematic video verification
2020_bangladesh,2020,BGD,local PDF,data/UNGA75_General_Debate_2020_statements/UNGA75_General_Debate_2020/2020-09-26_AM_05_Bangladesh_en.pdf,fd8d990535456c9ec081e640bc6c93d72ab196793d1e1c203a418b52dc6bc48a,https://estatements.un.org/estatements/10.0010/20200926/49thYJTCPljx/SQE5MlpJw4hl_en.pdf,en,1,7,Local cover or explicit delivery statement; external metadata where recorded,Prepared/as-delivered status varies; no systematic video verification
2020_barbados,2020,BRB,local PDF,data/UNGA75_General_Debate_2020_statements/UNGA75_General_Debate_2020/2020-09-29_PM_02_Barbados_en.pdf,47612771626079c1b7e02d17e345d92e528c6dbaa8946d2f0eb465ca71d86de6,https://estatements.un.org/estatements/10.0010/20200929/azzQgcBAMYqv/JQYecGL8topv_en.pdf,en,1,7,Local cover or explicit delivery statement; external metadata where recorded,Prepared/as-delivered status varies; no systematic video verification
2020_belarus,2020,BLR,local PDF,data/UNGA75_General_Debate_2020_statements/UNGA75_General_Debate_2020/2020-09-26_PM_14_Belarus_ru.pdf,a0b4088b7eab96a5181b3315a1200859cfdb474fe973b8436599ce6944d76556,https://estatements.un.org/estatements/10.0010/20200926/zRoJPMqtsmnf/cPNvJbTvQyaQ_ru.pdf,ru,1,4,Local cover or explicit delivery statement; external metadata where recorded,Prepared/as-delivered status varies; no systematic video verification
2020_belgium,2020,BEL,local PDF,data/UNGA75_General_Debate_2020_statements/UNGA75_General_Debate_2020/2020-09-26_AM_17_Belgium_fr.pdf,6b2810a6627991ec8dc72201f484a575f8dcae72668a4170725069eec608bf47,https://estatements.un.org/estatements/10.0010/20200926/49thYJTCPljx/VEkmApNCPYG4_fr.pdf,fr,1,11,Local cover or explicit delivery statement; external metadata where recorded,Prepared/as-delivered status varies; no systematic video verification
2020_belize,2020,BLZ,local PDF,data/UNGA75_General_Debate_2020_statements/UNGA75_General_Debate_2020/2020-09-29_AM_05_Belize_en.pdf,4afeaa4b87f82b4d04154fe7f1e516d156267e4dedd6d954fc4e3d934f97a562,https://estatements.un.org/estatements/10.0010/20200929/uvy65GbbAgSh/EY6B610DG5FS_en.pdf,en,1,20,Local cover or explicit delivery statement; external metadata where recorded,Prepared/as-delivered status varies; no systematic video verification
2020_benin,2020,BEN,local PDF,data/UNGA75_General_Debate_2020_statements/UNGA75_General_Debate_2020/2020-09-29_AM_13_Benin_fr.pdf,80763ae05e203062365bcbde538afa5e44ee0736fec1d15b6991a1ace4a811c4,https://estatements.un.org/estatements/10.0010/20200929/uvy65GbbAgSh/MvVmPCOsf304_fr.pdf,fr,1,6,Local cover or explicit delivery statement; external metadata where recorded,Prepared/as-delivered status varies; no systematic video verification
2020_bhutan,2020,BTN,local PDF,data/UNGA75_General_Debate_2020_statements/UNGA75_General_Debate_2020/2020-09-25_PM_11_Bhutan_en.pdf,3fa62ed1db09af4848ad12458bab5daadc4ae7ed8cc4fe0b7cad2f20ac296e8c,https://estatements.un.org/estatements/10.0010/20200925/SxuqgUXRYBC2/v09tpubc1MF1_en.pdf,en,1,9,Local cover or explicit delivery statement; external metadata where recorded,Prepared/as-delivered status varies; no systematic video verification
2020_bolivia-plurinational-state,2020,BOL,local PDF,data/UNGA75_General_Debate_2020_statements/UNGA75_General_Debate_2020/2020-09-23_PM_02_Bolivia-Plurinational-State-of_es.pdf,73cb157de6b0ee3062fdad31fa7797e1d3ad7d8404edf66877c6cde378a68370,https://estatements.un.org/estatements/10.0010/20200923/aCaK5IQSX0PR/5yRBCMrQ1XNT_es.pdf,es,1,5,Local cover or explicit delivery statement; external metadata where recorded,Prepared/as-delivered status varies; no systematic video verification
2020_bosnia-and-herzegovina,2020,BIH,local PDF,data/UNGA75_General_Debate_2020_statements/UNGA75_General_Debate_2020/2020-09-23_AM_01_Bosnia-and-Herzegovina_en.pdf,64f30f193e3dc24b2bdf2f18bea3aea8d8d383cd4a4137a72b356ff88bfa9a07,https://estatements.un.org/estatements/10.0010/20200923/bVdkQECcmuDt/uVHKrbvhAboE_en.pdf,en,1,7,Local cover or explicit delivery statement; external metadata where recorded,Prepared/as-delivered status varies; no systematic video verification
2020_botswana,2020,BWA,local PDF,data/UNGA75_General_Debate_2020_statements/UNGA75_General_Debate_2020/2020-09-24_AM_12_Botswana_en.pdf,c8e66ee0bf09871e32bbde2d2ca640ecb724613cb434f4a51eba1c773d9b5281,https://estatements.un.org/estatements/10.0010/20200924/D2gMNUFTawVH/H73K0WhfCxll_en.pdf,en,1,16,Local cover or explicit delivery statement; external metadata where recorded,Prepared/as-delivered status varies; no systematic video verification
2020_brazil,2020,BRA,local PDF,data/UNGA75_General_Debate_2020_statements/UNGA75_General_Debate_2020/2020-09-22_AM_03_Brazil_en.pdf,ea4fc8d8a31b220bb981b210b9a31b3752f278f5785cb80ad1cd4a73d56fafe4,https://estatements.un.org/estatements/10.0010/20200922/cVOfMr0rKnhR/lIeAuB7WE9ug_en.pdf,en,1,10,Local cover or explicit delivery statement; external metadata where recorded,Prepared/as-delivered status varies; no systematic video verification
2020_bulgaria,2020,BGR,local PDF,data/UNGA75_General_Debate_2020_statements/UNGA75_General_Debate_2020/2020-09-25_PM_03_Bulgaria_en.pdf,b808f5b8833119f1de547fced2fa3452b019d402d3dc7af45f14949e23bd739b,https://estatements.un.org/estatements/10.0010/20200925/SxuqgUXRYBC2/SQwDSdSdscN0_en.pdf,en,1,6,Local cover or explicit delivery statement; external metadata where recorded,Prepared/as-delivered status varies; no systematic video verification
2020_burkina-faso,2020,BFA,local PDF,data/UNGA75_General_Debate_2020_statements/UNGA75_General_Debate_2020/2020-09-24_AM_07_Burkina-Faso_fr.pdf,124245bcad2203cde9d8b809296887f5e1906caec52b602bf0ffed62855feaa8,https://estatements.un.org/estatements/10.0010/20200924/D2gMNUFTawVH/DqJo5xNNx7kF_fr.pdf,fr,1,7,Local cover or explicit delivery statement; external metadata where recorded,Prepared/as-delivered status varies; no systematic video verification
2020_burundi,2020,BDI,local PDF,data/UNGA75_General_Debate_2020_statements/UNGA75_General_Debate_2020/2020-09-24_PM_15_Burundi_fr.pdf,693b4f84d17de1fbf2d5f506fef40685633c0e40b6942b4dac03378e6e836703,https://estatements.un.org/estatements/10.0010/20200924/we2wQ8CowvRE/aOJqNjr9Q34O_fr.pdf,fr,1,30,Local cover or explicit delivery statement; external metadata where recorded,Prepared/as-delivered status varies; no systematic video verification
2020_cabo-verde,2020,CPV,local PDF,data/UNGA75_General_Debate_2020_statements/UNGA75_General_Debate_2020/2020-09-26_PM_07_Cabo-Verde_en.pdf,7916fb9fb46efdb9b08e36cf110f9bb1dd57ee61069596d18f1b6e4e3f3e75d1,https://estatements.un.org/estatements/10.0010/20200926/zRoJPMqtsmnf/Leu6Y2B7UoAY_en.pdf,en,1,8,Local cover or explicit delivery statement; external metadata where recorded,Prepared/as-delivered status varies; no systematic video verification
2020_cambodia,2020,KHM,local PDF,data/UNGA75_General_Debate_2020_statements/UNGA75_General_Debate_2020/2020-09-26_AM_08_Cambodia_en.pdf,4547e3ca2dd3019c1dcb8a40fdf9f8700d6d5bac190096c26da6a1a9eee77787,https://estatements.un.org/estatements/10.0010/20200926/49thYJTCPljx/qtj0egJ9dwQ1_en.pdf,en,1,5,Local cover or explicit delivery statement; external metadata where recorded,Prepared/as-delivered status varies; no systematic video verification
2020_cameroon,2020,CMR,local PDF,data/UNGA75_General_Debate_2020_statements/UNGA75_General_Debate_2020/2020-09-29_PM_03_Cameroon_fr.pdf,082f7a47e6708d564c310724c57dd4900c9e73153465b8967569d91d61325c60,https://estatements.un.org/estatements/10.0010/20200929/azzQgcBAMYqv/GLn67lWx5Hlz_fr.pdf,fr,1,12,Local cover or explicit delivery statement; external metadata where recorded,Prepared/as-delivered status varies; no systematic video verification
2020_canada,2020,CAN,local PDF,data/UNGA75_General_Debate_2020_statements/UNGA75_General_Debate_2020/2020-09-25_PM_08_Canada_en.pdf,0bc4ee40c52c834cf9f011a772b0bd1c1ddf7f971ec086e3a31bb418c1252410,https://estatements.un.org/estatements/10.0010/20200925/SxuqgUXRYBC2/723YD9SlW9Yx_en.pdf,en,1,4,Local cover or explicit delivery statement; external metadata where recorded,Prepared/as-delivered status varies; no systematic video verification
2020_central-african-republic,2020,CAF,local PDF,data/UNGA75_General_Debate_2020_statements/UNGA75_General_Debate_2020/2020-09-24_PM_13_Central-African-Republic_fr.pdf,4757325d92f68910b9ba4ddc7d0765d9f40e495449467c4115ce587d275f2fbc,https://estatements.un.org/estatements/10.0010/20200924/we2wQ8CowvRE/cI4EwmLzuVa1_fr.pdf,fr,1,8,Local cover or explicit delivery statement; external metadata where recorded,Prepared/as-delivered status varies; no systematic video verification
2020_chad,2020,TCD,local PDF,data/UNGA75_General_Debate_2020_statements/UNGA75_General_Debate_2020/2020-09-25_PM_17_Chad_fr.pdf,1d3ac950037a29907ac847517bf48bb885c869864df93b2238c58f7c5f2e11cb,https://estatements.un.org/estatements/10.0010/20200925/SxuqgUXRYBC2/VsNU94vSsNcu_fr.pdf,fr,1,14,Local cover or explicit delivery statement; external metadata where recorded,Prepared/as-delivered status varies; no systematic video verification
2020_chile,2020,CHL,local PDF,data/UNGA75_General_Debate_2020_statements/UNGA75_General_Debate_2020/2020-09-22_AM_07_Chile_es.pdf,66ccf5d3d1fc155668408fad14b0e0139485acd2b8ed3e47e01600819943a649,https://estatements.un.org/estatements/10.0010/20200922/cVOfMr0rKnhR/1ycNAWDC69X8_es.pdf,es,1,14,Local cover or explicit delivery statement; external metadata where recorded,Prepared/as-delivered status varies; no systematic video verification
2020_china,2020,CHN,local PDF,data/UNGA75_General_Debate_2020_statements/UNGA75_General_Debate_2020/2020-09-22_AM_06_China_en.pdf,0287bb432160c3b6b9b18942b5c4a8cc9d47ad5cec8f5cd6567401e5a8bb2a3b,https://estatements.un.org/estatements/10.0010/20200922/cVOfMr0rKnhR/qR2WoyhEseD8_en.pdf,en,1,8,Local cover or explicit delivery statement; external metadata where recorded,Prepared/as-delivered status varies; no systematic video verification
2020_colombia,2020,COL,local PDF,data/UNGA75_General_Debate_2020_statements/UNGA75_General_Debate_2020/2020-09-22_PM_01_Colombia_es.pdf,43b8a9d457ea6f239e18879f72897adef125d6e677f8fffec9ec3a2f8602f54f,https://estatements.un.org/estatements/10.0010/20200922/T3qdozGNpyYp/bjVlHdgpHSrb_es.pdf,es,1,10,Local cover or explicit delivery statement; external metadata where recorded,Prepared/as-delivered status varies; no systematic video verification
2020_comoros,2020,COM,local PDF,data/UNGA75_General_Debate_2020_statements/UNGA75_General_Debate_2020/2020-09-24_PM_09_the-Comoros_fr.pdf,3d951a5745a34a06b36a15d5a2b3f92dd2da77af6282317be85c2fad7c25da6e,https://estatements.un.org/estatements/10.0010/20200924/we2wQ8CowvRE/UWy6npsQy8Yr_fr.pdf,fr,1,6,Local cover or explicit delivery statement; external metadata where recorded,Prepared/as-delivered status varies; no systematic video verification
2020_congo,2020,COG,local PDF,data/UNGA75_General_Debate_2020_statements/UNGA75_General_Debate_2020/2020-09-24_AM_10_Congo_fr.pdf,0c7f4ad12d5d4828fe7933300fdc451187b21d20f154cbfc5ce056b28e56325c,https://estatements.un.org/estatements/10.0010/20200924/D2gMNUFTawVH/SpnvJKIjUdCE_fr.pdf,fr,1,10,Local cover or explicit delivery statement; external metadata where recorded,Prepared/as-delivered status varies; no systematic video verification
2020_costa-rica,2020,CRI,local PDF,data/UNGA75_General_Debate_2020_statements/UNGA75_General_Debate_2020/2020-09-22_PM_14_Costa-Rica_es.pdf,cb32081f40b7a338206cbbb0357a63d94d552e98adc248695f3817442e56ee4e,https://estatements.un.org/estatements/10.0010/20200922/T3qdozGNpyYp/e8WVyhmvcIVa_es.pdf,es,1,5,Local cover or explicit delivery statement; external metadata where recorded,Prepared/as-delivered status varies; no systematic video verification
2020_cote-divoire,2020,CIV,local PDF,data/UNGA75_General_Debate_2020_statements/UNGA75_General_Debate_2020/2020-09-24_AM_02_Cote-d-Ivoire_fr.pdf,fd8780a3266933484ac21db25c3b38175704aa965c0a8eadd87bc43d151e3b32,https://estatements.un.org/estatements/10.0010/20200924/D2gMNUFTawVH/vYt3hNPWw6Qv_fr.pdf,fr,1,6,Local cover or explicit delivery statement; external metadata where recorded,Prepared/as-delivered status varies; no systematic video verification
2020_croatia,2020,HRV,local PDF,data/UNGA75_General_Debate_2020_statements/UNGA75_General_Debate_2020/2020-09-25_AM_10_Croatia_en.pdf,2598d60380d5ff21fbcbaaf3b29528de7a04e977eb9a1894d9dbcaf3c28ad840,https://estatements.un.org/estatements/10.0010/20200925/3Yf6QppA2NrI/vnhF1H0zzGnx_en.pdf,en,1,10,Local cover or explicit delivery statement; external metadata where recorded,Prepared/as-delivered status varies; no systematic video verification
2020_cuba,2020,CUB,local PDF,data/UNGA75_General_Debate_2020_statements/UNGA75_General_Debate_2020/2020-09-22_AM_09_Cuba_en.pdf,05868a0d189841f801715f91bb9a8d21a0b3442f2ccd6483f6f5b611ee6e24c3,https://estatements.un.org/estatements/10.0010/20200922/cVOfMr0rKnhR/vySPzMYVHm9S_en.pdf,en,1,13,Local cover or explicit delivery statement; external metadata where recorded,Prepared/as-delivered status varies; no systematic video verification
2020_cyprus,2020,CYP,local PDF,data/UNGA75_General_Debate_2020_statements/UNGA75_General_Debate_2020/2020-09-24_AM_17_Cyprus_en.pdf,af3d5993fdee55adc2d878e26f06df634e0a40e9fd37d605e6c09d3b5f905de6,https://estatements.un.org/estatements/10.0010/20200924/D2gMNUFTawVH/kd5u4ejWSKk5_en.pdf,en,1,13,Local cover or explicit delivery statement; external metadata where recorded,Prepared/as-delivered status varies; no systematic video verification
2020_czechia,2020,CZE,local PDF,data/UNGA75_General_Debate_2020_statements/UNGA75_General_Debate_2020/2020-09-25_AM_08_Czechia_en.pdf,27333eb13fecf2e9af52e6288583e6826a67d331710ceb3254e70ec63e0633d2,https://estatements.un.org/estatements/10.0010/20200925/3Yf6QppA2NrI/O3M5B0oJ0ep9_en.pdf,en,1,7,Local cover or explicit delivery statement; external metadata where recorded,Prepared/as-delivered status varies; no systematic video verification
2020_democratic-peoples-republic-korea,2020,PRK,local PDF,data/UNGA75_General_Debate_2020_statements/UNGA75_General_Debate_2020/2020-09-29_PM_05_Democratic-People-s-Republic-of-Korea_en.pdf,2f854681f8e082331468bb527365c1fa5b04b42b14ff2621623d9f711dcfc058,https://estatements.un.org/estatements/10.0010/20200929/azzQgcBAMYqv/WaUGJrE2AJvT_en.pdf,en,1,6,Local cover or explicit delivery statement; external metadata where recorded,Prepared/as-delivered status varies; no systematic video verification
2020_democratic-republic-congo,2020,COD,local PDF,data/UNGA75_General_Debate_2020_statements/UNGA75_General_Debate_2020/2020-09-22_PM_18_Democratic-Republic-of-the-Congo_fr.pdf,dcdb78ac248aa712c831db15cf8e18c2c8fea3dafa132897f559f8b3457c2154,https://estatements.un.org/estatements/10.0010/20200922/T3qdozGNpyYp/vCDUjRUdjfCv_fr.pdf,fr,1,8,Local cover or explicit delivery statement; external metadata where recorded,Prepared/as-delivered status varies; no systematic video verification
2020_denmark,2020,DNK,local PDF,data/UNGA75_General_Debate_2020_statements/UNGA75_General_Debate_2020/2020-09-25_PM_05_Denmark_en.pdf,60955ae84babe99b573bccac1761a2badb0a28aaaed247f117a3c18a8817ed87,https://estatements.un.org/estatements/10.0010/20200925/SxuqgUXRYBC2/0oqaBUuEJP0T_en.pdf,en,1,3,Local cover or explicit delivery statement; external metadata where recorded,Prepared/as-delivered status varies; no systematic video verification
2020_djibouti,2020,DJI,local PDF,data/UNGA75_General_Debate_2020_statements/UNGA75_General_Debate_2020/2020-09-24_PM_14_Djibouti_fr.pdf,7b35a2d8cad5cb588bae8d2bf853ac1e0cd409f30c990b1bfbe003522c47adfa,https://estatements.un.org/estatements/10.0010/20200924/we2wQ8CowvRE/W2XBy4lXCfaV_fr.pdf,fr,1,14,Local cover or explicit delivery statement; external metadata where recorded,Prepared/as-delivered status varies; no systematic video verification
2020_dominican-republic,2020,DOM,local PDF,data/UNGA75_General_Debate_2020_statements/UNGA75_General_Debate_2020/2020-09-23_PM_11_Dominican-Republic_en.pdf,06e3b2994732a340713120e3b32e250a7eda0b96081db0560da527c265de8981,https://estatements.un.org/estatements/10.0010/20200923/aCaK5IQSX0PR/lf97KhyIJK9d_en.pdf,en,1,8,Local cover or explicit delivery statement; external metadata where recorded,Prepared/as-delivered status varies; no systematic video verification
2020_ecuador,2020,ECU,local PDF,data/UNGA75_General_Debate_2020_statements/UNGA75_General_Debate_2020/2020-09-23_PM_01_Ecuador_es.pdf,fc420afd270430a7e90172f6ff60e5b84ea945214f4b2ff942c51bdef9ffdae1,https://estatements.un.org/estatements/10.0010/20200923/aCaK5IQSX0PR/6CeI23qBzXe6_es.pdf,es,1,5,Local cover or explicit delivery statement; external metadata where recorded,Prepared/as-delivered status varies; no systematic video verification
2020_egypt,2020,EGY,local PDF,data/UNGA75_General_Debate_2020_statements/UNGA75_General_Debate_2020/2020-09-22_PM_03_Egypt_ar.pdf,798a402edb6f8a1373a8027049f7286a253e1625cbdfa2f8a5ee162067b8aee6,https://estatements.un.org/estatements/10.0010/20200922/T3qdozGNpyYp/MNOa07MynEch_ar.pdf,ar,1,10,Local cover or explicit delivery statement; external metadata where recorded,Prepared/as-delivered status varies; no systematic video verification
2020_equatorial-guinea,2020,GNQ,local PDF,data/UNGA75_General_Debate_2020_statements/UNGA75_General_Debate_2020/2020-09-24_PM_03_Equatorial-Guinea_es.pdf,b2997821ec532058e740c73347f33c6b9a6467c1c9d417925af9669e86daa7f5,https://estatements.un.org/estatements/10.0010/20200924/we2wQ8CowvRE/yv7a3bQtjEYX_es.pdf,es,1,14,Local cover or explicit delivery statement; external metadata where recorded,Prepared/as-delivered status varies; no systematic video verification
2020_eritrea,2020,ERI,local PDF,data/UNGA75_General_Debate_2020_statements/UNGA75_General_Debate_2020/2020-09-29_AM_07_Eritrea_en.pdf,01f666d0a64f8b244da2ee360b8d655b36da74be382ce009d0d844fb3cfb6f0c,https://estatements.un.org/estatements/10.0010/20200929/uvy65GbbAgSh/0FyqljSJoHn4_en.pdf,en,1,4,Local cover or explicit delivery statement; external metadata where recorded,Prepared/as-delivered status varies; no systematic video verification
2020_estonia,2020,EST,local PDF,data/UNGA75_General_Debate_2020_statements/UNGA75_General_Debate_2020/2020-09-24_AM_08_Estonia_en.pdf,5d35ae59a5f1db2b69d42bc3533142c68abb5059a78fd63506b41bcd755be13a,https://estatements.un.org/estatements/10.0010/20200924/D2gMNUFTawVH/B5sHN8xhLyWm_en.pdf,en,1,3,Local cover or explicit delivery statement; external metadata where recorded,Prepared/as-delivered status varies; no systematic video verification
2020_eswatini,2020,SWZ,local PDF,data/UNGA75_General_Debate_2020_statements/UNGA75_General_Debate_2020/2020-09-25_PM_15_Eswatini_en.pdf,e36280790ac45e04e5e4e28880568f61e0c7ca0240531ef36827a24b34cab8c9,https://estatements.un.org/estatements/10.0010/20200925/SxuqgUXRYBC2/az4C8VGR4NYD_en.pdf,en,1,8,Local cover or explicit delivery statement; external metadata where recorded,Prepared/as-delivered status varies; no systematic video verification
2020_ethiopia,2020,ETH,local PDF,data/UNGA75_General_Debate_2020_statements/UNGA75_General_Debate_2020/2020-09-25_PM_04_Ethiopia_en.pdf,a49e24eb00898ef6721c929eb3f2ba8b793a9ac5c9f5fab188dc15e6b3bba6e2,https://estatements.un.org/estatements/10.0010/20200925/SxuqgUXRYBC2/aWygH7HjQqWK_en.pdf,en,1,6,Local cover or explicit delivery statement; external metadata where recorded,Prepared/as-delivered status varies; no systematic video verification
2020_fiji,2020,FJI,local PDF,data/UNGA75_General_Debate_2020_statements/UNGA75_General_Debate_2020/2020-09-26_AM_06_Fiji_en.pdf,49da2cd639a5db546195191085b6a8d263a4d57eaf1e3fea212dd0eae81252c8,https://estatements.un.org/estatements/10.0010/20200926/49thYJTCPljx/V4YwBD3GNnSM_en.pdf,en,1,16,Local cover or explicit delivery statement; external metadata where recorded,Prepared/as-delivered status varies; no systematic video verification
2020_finland,2020,FIN,local PDF,data/UNGA75_General_Debate_2020_statements/UNGA75_General_Debate_2020/2020-09-23_AM_10_Finland_en.pdf,75d0187d2119a216ebadf0858ede7e487727af054fcf968438b9246585688c7e,https://estatements.un.org/estatements/10.0010/20200923/bVdkQECcmuDt/ahytya6tlE37_en.pdf,en,1,5,Local cover or explicit delivery statement; external metadata where recorded,Prepared/as-delivered status varies; no systematic video verification
2020_france,2020,FRA,local PDF,data/UNGA75_General_Debate_2020_statements/UNGA75_General_Debate_2020/2020-09-22_AM_16_France_fr.pdf,2a34c9c31ee5b14495099075b4c1a469fb63cc1f395f5acdcbb6deeae8a78ef9,https://estatements.un.org/estatements/10.0010/20200922/cVOfMr0rKnhR/9eVpHVnLueJL_fr.pdf,fr,1,12,Local cover or explicit delivery statement; external metadata where recorded,Prepared/as-delivered status varies; no systematic video verification
2020_gabon,2020,GAB,local PDF,data/UNGA75_General_Debate_2020_statements/UNGA75_General_Debate_2020/2020-09-24_AM_15_Gabon_fr.pdf,8706749c6d0e9bb3cb7985b97e9dfcc29d6cffec350d5573806ce31362ba0ac2,https://estatements.un.org/estatements/10.0010/20200924/D2gMNUFTawVH/1DesGBfz4sVm_fr.pdf,fr,1,13,Local cover or explicit delivery statement; external metadata where recorded,Prepared/as-delivered status varies; no systematic video verification
2020_gambia-republic,2020,GMB,local PDF,data/UNGA75_General_Debate_2020_statements/UNGA75_General_Debate_2020/2020-09-24_AM_14_Gambia_en.pdf,0f93981578705c4e4784976b0abf625eea33cc03b08d4688e3f876a13d96f42f,https://estatements.un.org/estatements/10.0010/20200924/D2gMNUFTawVH/Iw7OdA4mwWnd_en.pdf,en,1,7,Local cover or explicit delivery statement; external metadata where recorded,Prepared/as-delivered status varies; no systematic video verification
2020_georgia,2020,GEO,local PDF,data/UNGA75_General_Debate_2020_statements/UNGA75_General_Debate_2020/2020-09-25_AM_07_Georgia_en.pdf,f330570aeba033935cdb6243955000686c342f26cec229663fc41b1df1deb391,https://estatements.un.org/estatements/10.0010/20200925/3Yf6QppA2NrI/lV1ddYx1kJS0_en.pdf,en,1,5,Local cover or explicit delivery statement; external metadata where recorded,Prepared/as-delivered status varies; no systematic video verification
2020_germany,2020,DEU,local PDF,data/UNGA75_General_Debate_2020_statements/UNGA75_General_Debate_2020/2020-09-29_AM_04_Germany_en.pdf,8b397bfa831e1c72d9f6ff393c00d167a6e62c6c7969648ea61b7da62952c6c2,https://estatements.un.org/estatements/10.0010/20200929/uvy65GbbAgSh/hdVVu6BFzXhp_en.pdf,en,1,20,Local cover or explicit delivery statement; external metadata where recorded,Prepared/as-delivered status varies; no systematic video verification
2020_ghana,2020,GHA,local PDF,data/UNGA75_General_Debate_2020_statements/UNGA75_General_Debate_2020/2020-09-23_AM_07_Ghana_en.pdf,3d4ea4360a32239959a42246832098ad627a04a04682b0ca068cf67c79f95cab,https://estatements.un.org/estatements/10.0010/20200923/bVdkQECcmuDt/Xal1PSXyKPaM_en.pdf,en,1,4,Local cover or explicit delivery statement; external metadata where recorded,Prepared/as-delivered status varies; no systematic video verification
2020_greece,2020,GRC,local PDF,data/UNGA75_General_Debate_2020_statements/UNGA75_General_Debate_2020/2020-09-25_AM_09_Greece_en.pdf,f430501a0e51029d02cc62d698bafa1f1250ba6a3052278b45cd65905ecab249,https://estatements.un.org/estatements/10.0010/20200925/3Yf6QppA2NrI/5v3m0Q9EO0cF_en.pdf,en,1,6,Local cover or explicit delivery statement; external metadata where recorded,Prepared/as-delivered status varies; no systematic video verification
2020_grenada,2020,GRD,local PDF,data/UNGA75_General_Debate_2020_statements/UNGA75_General_Debate_2020/2020-09-29_PM_01_Grenada_en.pdf,d19e4df61e0b85f76f9765d50ca4158879cea6860e2bb534544b9d18ac435c96,https://estatements.un.org/estatements/10.0010/20200929/azzQgcBAMYqv/6rF9EDGasnld_en.pdf,en,1,10,Local cover or explicit delivery statement; external metadata where recorded,Prepared/as-delivered status varies; no systematic video verification
2020_guatemala,2020,GTM,local PDF,data/UNGA75_General_Debate_2020_statements/UNGA75_General_Debate_2020/2020-09-29_AM_14_Guatemala_en.pdf,5f8ffdee57046294a24d6262c9e261a86fe5211ca1acce26eb36799c84a678d3,https://estatements.un.org/estatements/10.0010/20200929/uvy65GbbAgSh/IkwqeIb6LccX_en.pdf,en,1,5,Local cover or explicit delivery statement; external metadata where recorded,Prepared/as-delivered status varies; no systematic video verification
2020_guinea,2020,GIN,local PDF,data/UNGA75_General_Debate_2020_statements/UNGA75_General_Debate_2020/2020-09-24_AM_13_Guinea_fr.pdf,73d31e6cc9958c960b5c31ac53c39c32884475369a3dd31107cc0eb7f2f41fd3,https://estatements.un.org/estatements/10.0010/20200924/D2gMNUFTawVH/feAWcnlcxsmn_fr.pdf,fr,1,7,Local cover or explicit delivery statement; external metadata where recorded,Prepared/as-delivered status varies; no systematic video verification
2020_guinea-bissau,2020,GNB,local PDF,data/UNGA75_General_Debate_2020_statements/UNGA75_General_Debate_2020/2020-09-24_PM_11_Guinea-Bissau_fr.pdf,825ab99461f89f0bd9cc9f0661f3c8377a61868afb909124979388e0b0433e4c,https://estatements.un.org/estatements/10.0010/20200924/we2wQ8CowvRE/m7YbbDk9CY7t_fr.pdf,fr,1,4,Local cover or explicit delivery statement; external metadata where recorded,Prepared/as-delivered status varies; no systematic video verification
2020_guyana,2020,GUY,local PDF,data/UNGA75_General_Debate_2020_statements/UNGA75_General_Debate_2020/2020-09-23_PM_07_Guyana_en.pdf,601f977fbc24237ff733a2f694433003c010b35001414f13d7276dc6795bae5b,https://estatements.un.org/estatements/10.0010/20200923/aCaK5IQSX0PR/O4Kj9Dr1JbUA_en.pdf,en,1,7,Local cover or explicit delivery statement; external metadata where recorded,Prepared/as-delivered status varies; no systematic video verification
2020_haiti,2020,HTI,local PDF,data/UNGA75_General_Debate_2020_statements/UNGA75_General_Debate_2020/2020-09-24_PM_04_Haiti_fr.pdf,4f318cd90e616c9cb7755d119616ab5456de988ff12ee1494f91b03168ed889a,https://estatements.un.org/estatements/10.0010/20200924/we2wQ8CowvRE/Gg9QDIMooycb_fr.pdf,fr,1,7,Local cover or explicit delivery statement; external metadata where recorded,Prepared/as-delivered status varies; no systematic video verification
2020_honduras,2020,HND,local PDF,data/UNGA75_General_Debate_2020_statements/UNGA75_General_Debate_2020/2020-09-23_AM_15_Honduras_es.pdf,d6bfe9d32a5e817466b1afef4364b73955fc6e84cbb426ffe4934abb815e9b5f,https://estatements.un.org/estatements/10.0010/20200923/bVdkQECcmuDt/y860vE9v6AGu_es.pdf,es,1,5,Local cover or explicit delivery statement; external metadata where recorded,Prepared/as-delivered status varies; no systematic video verification
2020_hungary,2020,HUN,local PDF,data/UNGA75_General_Debate_2020_statements/UNGA75_General_Debate_2020/2020-09-23_AM_03_Hungary_en.pdf,ffe69246afd1b53571c153692abfecf1bad1490c91ce67378462877702ca700c,https://estatements.un.org/estatements/10.0010/20200923/bVdkQECcmuDt/sML6rrc6lnkB_en.pdf,en,1,2,Local cover or explicit delivery statement; external metadata where recorded,Prepared/as-delivered status varies; no systematic video verification
2020_iceland,2020,ISL,local PDF,data/UNGA75_General_Debate_2020_statements/UNGA75_General_Debate_2020/2020-09-29_AM_01_Iceland_en.pdf,a6e30c4446d085b01ead636c9e340041796d4ffb579bcdd2fb58c766d39e8745,https://estatements.un.org/estatements/10.0010/20200929/uvy65GbbAgSh/J8snEhCAn6hO_en.pdf,en,1,5,Local cover or explicit delivery statement; external metadata where recorded,Prepared/as-delivered status varies; no systematic video verification
2020_india,2020,IND,local PDF,data/UNGA75_General_Debate_2020_statements/UNGA75_General_Debate_2020/2020-09-26_AM_01_India_en.pdf,1ee8f8efad599769532df5a80802be635c79a9cc4d4a1e21ce9b3820181df235,https://estatements.un.org/estatements/10.0010/20200926/49thYJTCPljx/0ujMXjGRPxPA_en.pdf,en,1,7,Local cover or explicit delivery statement; external metadata where recorded,Prepared/as-delivered status varies; no systematic video verification
2020_indonesia,2020,IDN,local PDF,data/UNGA75_General_Debate_2020_statements/UNGA75_General_Debate_2020/2020-09-22_PM_16_Indonesia_en.pdf,c69fe002b77f19e961aa9587868e359af8788dbb44d9ff40b53a9feb4eb8d7a7,https://estatements.un.org/estatements/10.0010/20200922/T3qdozGNpyYp/HkHDACzQ8Qyh_en.pdf,en,1,6,Local cover or explicit delivery statement; external metadata where recorded,Prepared/as-delivered status varies; no systematic video verification
2020_iran-islamic-republic,2020,IRN,local PDF,data/UNGA75_General_Debate_2020_statements/UNGA75_General_Debate_2020/2020-09-22_AM_15_Iran-Islamic-Republic-of_en.pdf,e47d9091560c63f7d75b752b0bdf444c59cde945e8f6a60aa6355831bbd620e0,https://estatements.un.org/estatements/10.0010/20200922/cVOfMr0rKnhR/55C1Neuhdobc_en.pdf,en,1,5,Local cover or explicit delivery statement; external metadata where recorded,Prepared/as-delivered status varies; no systematic video verification
2020_iraq,2020,IRQ,local PDF,data/UNGA75_General_Debate_2020_statements/UNGA75_General_Debate_2020/2020-09-23_AM_09_Iraq_ar.pdf,daa149d9225fc34f5f30c0428b898f65334fca4fcc6028aa7bee15180fd43313,https://estatements.un.org/estatements/10.0010/20200923/bVdkQECcmuDt/qyIsVM9QXkdY_ar.pdf,ar,1,11,Local cover or explicit delivery statement; external metadata where recorded,Prepared/as-delivered status varies; no systematic video verification
2020_ireland,2020,IRL,local PDF,data/UNGA75_General_Debate_2020_statements/UNGA75_General_Debate_2020/2020-09-26_AM_18_Ireland_en.pdf,8f829f93ee4a3659857e742af7bc63480a6392d96bed83c67f7b70b3fbf745c6,https://estatements.un.org/estatements/10.0010/20200926/49thYJTCPljx/pMaNDfD4sGVH_en.pdf,en,1,21,Local cover or explicit delivery statement; external metadata where recorded,Prepared/as-delivered status varies; no systematic video verification
2020_italy,2020,ITA,local PDF,data/UNGA75_General_Debate_2020_statements/UNGA75_General_Debate_2020/2020-09-25_AM_11_Italy_en.pdf,efa0e37dabf630cbfe63e2442ea9e1d2c6a3308538951f86c1ce3680cb3f0b98,https://estatements.un.org/estatements/10.0010/20200925/3Yf6QppA2NrI/eOpfBeKLRz5J_en.pdf,en,1,12,Local cover or explicit delivery statement; external metadata where recorded,Prepared/as-delivered status varies; no systematic video verification
2020_jamaica,2020,JAM,local PDF,data/UNGA75_General_Debate_2020_statements/UNGA75_General_Debate_2020/2020-09-26_AM_11_Jamaica_en.pdf,c91b53c4bb9ac3f380dddaf35160036820701630207e27014e6c4966b678d87b,https://estatements.un.org/estatements/10.0010/20200926/49thYJTCPljx/nbvfY15Bnmgh_en.pdf,en,1,9,Local cover or explicit delivery statement; external metadata where recorded,Prepared/as-delivered status varies; no systematic video verification
2020_japan,2020,JPN,local PDF,data/UNGA75_General_Debate_2020_statements/UNGA75_General_Debate_2020/2020-09-25_PM_12_Japan_en.pdf,09bab937b526ecfc848e57fdb3fc2f83ead6a80cad40f3be5aebde6f4e6c987e,https://estatements.un.org/estatements/10.0010/20200925/SxuqgUXRYBC2/k3KsuEc1y3Pa_en.pdf,en,1,5,Local cover or explicit delivery statement; external metadata where recorded,Prepared/as-delivered status varies; no systematic video verification
2020_jordan,2020,JOR,local PDF,data/UNGA75_General_Debate_2020_statements/UNGA75_General_Debate_2020/2020-09-22_AM_11_Jordan_en.pdf,ec2d30870f1e130b83cc3041300269f9411527a9846fcb4301ff65917d710005,https://estatements.un.org/estatements/10.0010/20200922/cVOfMr0rKnhR/DEDT3PeyjlsL_en.pdf,en,1,2,Local cover or explicit delivery statement; external metadata where recorded,Prepared/as-delivered status varies; no systematic video verification
2020_kazakhstan,2020,KAZ,local PDF,data/UNGA75_General_Debate_2020_statements/UNGA75_General_Debate_2020/2020-09-23_AM_04_Kazakhstan_en.pdf,95ca9ce4fcd3e58d2c63889bd58d49f37b63698daea349e80b008345c9779310,https://estatements.un.org/estatements/10.0010/20200923/bVdkQECcmuDt/Qpd6Tkqup8Dh_en.pdf,en,1,6,Local cover or explicit delivery statement; external metadata where recorded,Prepared/as-delivered status varies; no systematic video verification
2020_kenya,2020,KEN,local PDF,data/UNGA75_General_Debate_2020_statements/UNGA75_General_Debate_2020/2020-09-23_AM_18_Kenya_en.pdf,32ec7220ae8b56653cd1b4d27002fadaf75630873b9e9909ea606536436cbe0f,https://estatements.un.org/estatements/10.0010/20200923/bVdkQECcmuDt/vETwoz8KKd8q_en.pdf,en,1,25,Local cover or explicit delivery statement; external metadata where recorded,Prepared/as-delivered status varies; no systematic video verification
2020_kiribati,2020,KIR,local PDF,data/UNGA75_General_Debate_2020_statements/UNGA75_General_Debate_2020/2020-09-25_PM_01_Kiribati_en.pdf,f6101eaecb6995cb4ee50e878bc36e229da4a2db590b048d31f625cee9893e02,https://estatements.un.org/estatements/10.0010/20200925/SxuqgUXRYBC2/sQ2E37T0Abap_en.pdf,en,1,7,Local cover or explicit delivery statement; external metadata where recorded,Prepared/as-delivered status varies; no systematic video verification
2020_kuwait,2020,KWT,local PDF,data/UNGA75_General_Debate_2020_statements/UNGA75_General_Debate_2020/2020-09-25_AM_14_Kuwait_en.pdf,8ff441b50b229d95240891ed25eed710f3cb512349dad796fc921022fbaee6a1,https://estatements.un.org/estatements/10.0010/20200925/3Yf6QppA2NrI/xRYwBBVuSv8z_en.pdf,en,1,17,Local cover or explicit delivery statement; external metadata where recorded,Prepared/as-delivered status varies; no systematic video verification
2020_kyrgyzstan,2020,KGZ,local PDF,data/UNGA75_General_Debate_2020_statements/UNGA75_General_Debate_2020/2020-09-23_AM_11_Kyrgyzstan_ru.pdf,ef9fc6f71c831ad8ffcc63a9abb6d631a395b22ca9084f6fc5e5c04af93b5f2a,https://estatements.un.org/estatements/10.0010/20200923/bVdkQECcmuDt/6PoGj5yy0JwY_ru.pdf,ru,1,4,Local cover or explicit delivery statement; external metadata where recorded,Prepared/as-delivered status varies; no systematic video verification
2020_lao-peoples-democratic-republic,2020,LAO,local PDF,data/UNGA75_General_Debate_2020_statements/UNGA75_General_Debate_2020/2020-09-26_AM_16_Lao-People-s-Democratic-Republic_en.pdf,f5e3fa29e368570b057b80b211f84e64baa11fe8ebf7e6f0398c568c4784c5aa,https://estatements.un.org/estatements/10.0010/20200926/49thYJTCPljx/q9hEWtlwhQzV_en.pdf,en,1,7,Local cover or explicit delivery statement; external metadata where recorded,Prepared/as-delivered status varies; no systematic video verification
2020_latvia,2020,LVA,local PDF,data/UNGA75_General_Debate_2020_statements/UNGA75_General_Debate_2020/2020-09-22_PM_11_Latvia_en.pdf,91f766c2c9c897432ef54534e3e73462097e932b39e9ef5f56b3ec16eb9ac94e,https://estatements.un.org/estatements/10.0010/20200922/T3qdozGNpyYp/8QTx71NJjub7_en.pdf,en,1,4,Local cover or explicit delivery statement; external metadata where recorded,Prepared/as-delivered status varies; no systematic video verification
2020_lebanon,2020,LBN,local PDF,data/UNGA75_General_Debate_2020_statements/UNGA75_General_Debate_2020/2020-09-23_AM_16_Lebanon_en.pdf,9c2075aebb08cc45eefd7816c2def1e0cb90695bbc396c17f03acd9d89bf46bb,https://estatements.un.org/estatements/10.0010/20200923/bVdkQECcmuDt/KF9KwB3CCjGf_en.pdf,en,1,5,Local cover or explicit delivery statement; external metadata where recorded,Prepared/as-delivered status varies; no systematic video verification
2020_lesotho,2020,LSO,local PDF,data/UNGA75_General_Debate_2020_statements/UNGA75_General_Debate_2020/2020-09-26_AM_13_Lesotho_en.pdf,2280ab65076b8620a46f2bb320977d75890eb9d2bc0242f46ce30dedb70a9ec8,https://estatements.un.org/estatements/10.0010/20200926/49thYJTCPljx/tosh5mOybKMc_en.pdf,en,1,8,Local cover or explicit delivery statement; external metadata where recorded,Prepared/as-delivered status varies; no systematic video verification
2020_liberia,2020,LBR,local PDF,data/UNGA75_General_Debate_2020_statements/UNGA75_General_Debate_2020/2020-09-23_AM_20_Liberia_en.pdf,8b6757a94a1e8395d279fe63fcdcaddad01cd0e3fe9e907ef84a98364777a8fc,https://estatements.un.org/estatements/10.0010/20200923/bVdkQECcmuDt/jd6lvo3qJVLn_en.pdf,en,1,5,Local cover or explicit delivery statement; external metadata where recorded,Prepared/as-delivered status varies; no systematic video verification
2020_libya,2020,LBY,local PDF,data/UNGA75_General_Debate_2020_statements/UNGA75_General_Debate_2020/2020-09-24_AM_16_Libya_ar.pdf,80ec230f0efb5b93adcdeeaee6cb1c9c2ed44b353ba622c0107b3b3dcc2d59e5,https://estatements.un.org/estatements/10.0010/20200924/D2gMNUFTawVH/d14XnPtNBMpQ_ar.pdf,ar,1,10,Local cover or explicit delivery statement; external metadata where recorded,Prepared/as-delivered status varies; no systematic video verification
2020_liechtenstein,2020,LIE,local PDF,data/UNGA75_General_Debate_2020_statements/UNGA75_General_Debate_2020/2020-09-26_PM_12_Liechtenstein_en.pdf,080c5d4f476c25d5b73ecbeddad5b34fd2dc20528091e7c0e95ef7225951b0a9,https://estatements.un.org/estatements/10.0010/20200926/zRoJPMqtsmnf/ftVC08w9N7sP_en.pdf,en,1,7,Local cover or explicit delivery statement; external metadata where recorded,Prepared/as-delivered status varies; no systematic video verification
2020_lithuania,2020,LTU,local PDF,data/UNGA75_General_Debate_2020_statements/UNGA75_General_Debate_2020/2020-09-22_PM_12_Lithuania_en.pdf,12dc0256749bb2bc32cc30053cf47ec8102ac619a5f7de8b59490e580c0d7df7,https://estatements.un.org/estatements/10.0010/20200922/T3qdozGNpyYp/jUnqgYG2Q9yd_en.pdf,en,1,5,Local cover or explicit delivery statement; external metadata where recorded,Prepared/as-delivered status varies; no systematic video verification
2020_luxembourg,2020,LUX,local PDF,data/UNGA75_General_Debate_2020_statements/UNGA75_General_Debate_2020/2020-09-25_PM_06_Luxembourg_fr.pdf,de51213b2542f0b1e3e0112788db317ee1627f42eb591baa00f87af9e23ca324,https://estatements.un.org/estatements/10.0010/20200925/SxuqgUXRYBC2/9Rb0UYq752nk_fr.pdf,fr,1,11,Local cover or explicit delivery statement; external metadata where recorded,Prepared/as-delivered status varies; no systematic video verification
2020_madagascar,2020,MDG,local PDF,data/UNGA75_General_Debate_2020_statements/UNGA75_General_Debate_2020/2020-09-26_PM_08_Madagascar_fr.pdf,0e82177e42598515ddd13412daf96660f42fc4d1c830982848eb5969e2196b6f,https://estatements.un.org/estatements/10.0010/20200926/zRoJPMqtsmnf/lXT43l8JQm2y_fr.pdf,fr,1,4,Local cover or explicit delivery statement; external metadata where recorded,Prepared/as-delivered status varies; no systematic video verification
2020_malawi,2020,MWI,local PDF,data/UNGA75_General_Debate_2020_statements/UNGA75_General_Debate_2020/2020-09-24_AM_09_Malawi_en.pdf,3f81c7d6f1bb1fbc45d8b6dfbf8e47ffccdd180a70358135be44c9b6c7e1bd41,https://estatements.un.org/estatements/10.0010/20200924/D2gMNUFTawVH/eVxGBlWAvbhd_en.pdf,en,1,10,Local cover or explicit delivery statement; external metadata where recorded,Prepared/as-delivered status varies; no systematic video verification
2020_malaysia,2020,MYS,local PDF,data/UNGA75_General_Debate_2020_statements/UNGA75_General_Debate_2020/2020-09-26_AM_07_Malaysia_en.pdf,9bedc8d99ee8fa18a8bbab42f4d97c6408920c6ee575d2cd98ef4f17e4d0f888,https://estatements.un.org/estatements/10.0010/20200926/49thYJTCPljx/Ne6npqfqpuQM_en.pdf,en,1,11,Local cover or explicit delivery statement; external metadata where recorded,Prepared/as-delivered status varies; no systematic video verification
2020_maldives,2020,MDV,local PDF,data/UNGA75_General_Debate_2020_statements/UNGA75_General_Debate_2020/2020-09-29_AM_09_Maldives_en.pdf,a4c750b38ed8a1decc79f30bc4d465b554dd8c1d2085606f24dfc514da80c59d,https://estatements.un.org/estatements/10.0010/20200929/uvy65GbbAgSh/12mvW5Hvq1f6_en.pdf,en,1,13,Local cover or explicit delivery statement; external metadata where recorded,Prepared/as-delivered status varies; no systematic video verification
2020_malta,2020,MLT,local PDF,data/UNGA75_General_Debate_2020_statements/UNGA75_General_Debate_2020/2020-09-25_PM_13_Malta_en.pdf,e3ecbb29d8f8eb0e1aa70fbcb8da2b8680c3f63390d64914e2b67d257404abdc,https://estatements.un.org/estatements/10.0010/20200925/SxuqgUXRYBC2/qth5oMjNCDEM_en.pdf,en,1,11,Local cover or explicit delivery statement; external metadata where recorded,Prepared/as-delivered status varies; no systematic video verification
2020_marshall-islands,2020,MHL,local PDF,data/UNGA75_General_Debate_2020_statements/UNGA75_General_Debate_2020/2020-09-23_PM_15_Marshall-Islands_en.pdf,6e911c9327e38a5d24ad291d2ace497404451c4004bb67f6e9c88aae1418024c,https://estatements.un.org/estatements/10.0010/20200923/aCaK5IQSX0PR/qCbaSkvDk5wy_en.pdf,en,1,5,Local cover or explicit delivery statement; external metadata where recorded,Prepared/as-delivered status varies; no systematic video verification
2020_mauritania,2020,MRT,local PDF,data/UNGA75_General_Debate_2020_statements/UNGA75_General_Debate_2020/2020-09-29_AM_11_Mauritania_ar.pdf,a5cf4d837a216c6f19c41785c87ae4ac6d61b9192708e502025e729d8393dcf6,https://estatements.un.org/estatements/10.0010/20200929/uvy65GbbAgSh/bf1K5gzTnJVs_ar.pdf,ar,1,9,Local cover or explicit delivery statement; external metadata where recorded,Prepared/as-delivered status varies; no systematic video verification
2020_mauritius,2020,MUS,local PDF,data/UNGA75_General_Debate_2020_statements/UNGA75_General_Debate_2020/2020-09-26_AM_02_Mauritius_en.pdf,238e3cccf863a0fbda863362051f4f5e120366b89579930d94f860032f236a95,https://estatements.un.org/estatements/10.0010/20200926/49thYJTCPljx/j2wAuTpUatP6_en.pdf,en,1,13,Local cover or explicit delivery statement; external metadata where recorded,Prepared/as-delivered status varies; no systematic video verification
2020_mexico,2020,MEX,local PDF,data/UNGA75_General_Debate_2020_statements/UNGA75_General_Debate_2020/2020-09-22_PM_05_Mexico_es.pdf,b9b98357260a78c23d09f43d8682a3556ad7fb7a3bf406a85459508296f4e1ee,https://estatements.un.org/estatements/10.0010/20200922/T3qdozGNpyYp/lausTURuAPNg_es.pdf,es,1,4,Local cover or explicit delivery statement; external metadata where recorded,Prepared/as-delivered status varies; no systematic video verification
2020_micronesia-federated-states,2020,FSM,local PDF,data/UNGA75_General_Debate_2020_statements/UNGA75_General_Debate_2020/2020-09-25_AM_01_Micronesia-Federated-States-of_en.pdf,64c9aff18fc335244a2861951a71337d4a5975041b44a6fe1883c3eff1afd349,https://estatements.un.org/estatements/10.0010/20200925/3Yf6QppA2NrI/AecdfPjrAD1m_en.pdf,en,1,5,Local cover or explicit delivery statement; external metadata where recorded,Prepared/as-delivered status varies; no systematic video verification
2020_monaco,2020,MCO,local PDF,data/UNGA75_General_Debate_2020_statements/UNGA75_General_Debate_2020/2020-09-24_AM_05_Monaco_fr.pdf,3ab98825a478a2d1a908e22ec29aafed014280347272437347250f07c642ce66,https://estatements.un.org/estatements/10.0010/20200924/D2gMNUFTawVH/NqUKtsDhRoo5_fr.pdf,fr,1,14,Local cover or explicit delivery statement; external metadata where recorded,Prepared/as-delivered status varies; no systematic video verification
2020_mongolia,2020,MNG,local PDF,data/UNGA75_General_Debate_2020_statements/UNGA75_General_Debate_2020/2020-09-23_PM_14_Mongolia_en.pdf,997c7ca62e2c4b5d057ab903f8659b279cb72cd8c50a0d25135ee7de4ae5edc8,https://estatements.un.org/estatements/10.0010/20200923/aCaK5IQSX0PR/DcO9pH3vwGgt_en.pdf,en,1,2,Local cover or explicit delivery statement; external metadata where recorded,Prepared/as-delivered status varies; no systematic video verification
2020_montenegro,2020,MNE,local PDF,data/UNGA75_General_Debate_2020_statements/UNGA75_General_Debate_2020/2020-09-29_AM_10_Montenegro_en.pdf,09081d3f1d17d6e8e7330d9fc005bc820a07e5e9d4c2a110ca1d4ae9f66179ce,https://estatements.un.org/estatements/10.0010/20200929/uvy65GbbAgSh/avcdPvmmIc6Y_en.pdf,en,1,7,Local cover or explicit delivery statement; external metadata where recorded,Prepared/as-delivered status varies; no systematic video verification
2020_morocco,2020,MAR,local PDF,data/UNGA75_General_Debate_2020_statements/UNGA75_General_Debate_2020/2020-09-26_AM_19_Morocco_ar.pdf,3be2e47586b16392aca9eb46b288e4d7385012d346442fa94ad876fc3fae6888,https://estatements.un.org/estatements/10.0010/20200926/49thYJTCPljx/P12qsakhD2WK_ar.pdf,ar,1,12,Local cover or explicit delivery statement; external metadata where recorded,Prepared/as-delivered status varies; no systematic video verification
2020_mozambique,2020,MOZ,local PDF,data/UNGA75_General_Debate_2020_statements/UNGA75_General_Debate_2020/2020-09-23_AM_08_Mozambique_en.pdf,14291c20f335061890011fe670c2d650d24eb16d1c34da7f667c092b5c55a53d,https://estatements.un.org/estatements/10.0010/20200923/bVdkQECcmuDt/PtF5b2UK2JAI_en.pdf,en,1,6,Local cover or explicit delivery statement; external metadata where recorded,Prepared/as-delivered status varies; no systematic video verification
2020_myanmar,2020,MMR,local PDF,data/UNGA75_General_Debate_2020_statements/UNGA75_General_Debate_2020/2020-09-29_AM_08_Myanmar_en.pdf,c827cc496d7fd286ebd4040fc0920a583c132e7899e91cccd456841663b0e86f,https://estatements.un.org/estatements/10.0010/20200929/uvy65GbbAgSh/zhcFO673NdCn_en.pdf,en,1,12,Local cover or explicit delivery statement; external metadata where recorded,Prepared/as-delivered status varies; no systematic video verification
2020_namibia,2020,NAM,local PDF,data/UNGA75_General_Debate_2020_statements/UNGA75_General_Debate_2020/2020-09-23_AM_19_Namibia_en.pdf,892eec5d3c1feb2d79fa27648dbfedddc571017332f19a80db19c2d56e58acd1,https://estatements.un.org/estatements/10.0010/20200923/bVdkQECcmuDt/2TxAVXowe6wM_en.pdf,en,1,6,Local cover or explicit delivery statement; external metadata where recorded,Prepared/as-delivered status varies; no systematic video verification
2020_nepal,2020,NPL,local PDF,data/UNGA75_General_Debate_2020_statements/UNGA75_General_Debate_2020/2020-09-25_AM_06_Nepal_en.pdf,a6eb14bb4317e7bd4985b2935d0e7537ef30081ec3e18fa87d31f8136516c69d,https://estatements.un.org/estatements/10.0010/20200925/3Yf6QppA2NrI/4vREEq4PcA6B_en.pdf,en,1,17,Local cover or explicit delivery statement; external metadata where recorded,Prepared/as-delivered status varies; no systematic video verification
2020_netherlands-kingdom,2020,NLD,local PDF,data/UNGA75_General_Debate_2020_statements/UNGA75_General_Debate_2020/2020-09-25_AM_05_Netherlands_en.pdf,e92d735efcbf712f41b12edaa7c7eef06929309ccb528d78ec8b0901064b4349,https://estatements.un.org/estatements/10.0010/20200925/3Yf6QppA2NrI/5PbwBjsqNxw6_en.pdf,en,1,7,Local cover or explicit delivery statement; external metadata where recorded,Prepared/as-delivered status varies; no systematic video verification
2020_new-zealand,2020,NZL,local PDF,data/UNGA75_General_Debate_2020_statements/UNGA75_General_Debate_2020/2020-09-29_PM_04_New-Zealand_en.pdf,07db0dbcdcf41ae951d48743aea03ed61474d3afbe19dcbc37d145a582af9de1,https://estatements.un.org/estatements/10.0010/20200929/azzQgcBAMYqv/NjLJPPLLxvas_en.pdf,en,1,10,Local cover or explicit delivery statement; external metadata where recorded,Prepared/as-delivered status varies; no systematic video verification
2020_niger,2020,NER,local PDF,data/UNGA75_General_Debate_2020_statements/UNGA75_General_Debate_2020/2020-09-24_AM_01_Niger_fr.pdf,dfbf7af68a02a170d0357af5592971f8a2db134ab2e9983749ccef262da2cefa,https://estatements.un.org/estatements/10.0010/20200924/D2gMNUFTawVH/uEJgc4cpEVmD_fr.pdf,fr,1,12,Local cover or explicit delivery statement; external metadata where recorded,Prepared/as-delivered status varies; no systematic video verification
2020_nigeria,2020,NGA,local PDF,data/UNGA75_General_Debate_2020_statements/UNGA75_General_Debate_2020/2020-09-22_PM_13_Nigeria_en.pdf,6f8a4371411a67fafbcef649e3c4944b5184a4ba7dcd3d295783a34cc3b9fde9,https://estatements.un.org/estatements/10.0010/20200922/T3qdozGNpyYp/u3fGBwEJteAW_en.pdf,en,1,15,Local cover or explicit delivery statement; external metadata where recorded,Prepared/as-delivered status varies; no systematic video verification
2020_north-macedonia,2020,MKD,local PDF,data/UNGA75_General_Debate_2020_statements/UNGA75_General_Debate_2020/2020-09-23_AM_06_North-Macedonia_en.pdf,54ce47c1b7f2105c06c939b5dbec7478617c01cf59b9b6d7181ffeea8d15469a,https://estatements.un.org/estatements/10.0010/20200923/bVdkQECcmuDt/zz1j8rve1oU5_en.pdf,en,1,3,Local cover or explicit delivery statement; external metadata where recorded,Prepared/as-delivered status varies; no systematic video verification
2020_norway,2020,NOR,local PDF,data/UNGA75_General_Debate_2020_statements/UNGA75_General_Debate_2020/2020-09-26_AM_09_Norway_en.pdf,6873d337a66ee2cecce80f81bccc0d9edd03592ab3bf05b886637c8236aef72c,https://estatements.un.org/estatements/10.0010/20200926/49thYJTCPljx/U20UMD5Ugqd9_en.pdf,en,1,7,Local cover or explicit delivery statement; external metadata where recorded,Prepared/as-delivered status varies; no systematic video verification
2020_oman,2020,OMN,local PDF,data/UNGA75_General_Debate_2020_statements/UNGA75_General_Debate_2020/2020-09-29_AM_12_Oman_en.pdf,fee9585abb76b27369bc6df0924930304181128aa390498cb60afc2b53931a35,https://estatements.un.org/estatements/10.0010/20200929/uvy65GbbAgSh/E3RNURDkBjVL_en.pdf,en,1,4,Local cover or explicit delivery statement; external metadata where recorded,Prepared/as-delivered status varies; no systematic video verification
2020_pakistan,2020,PAK,local PDF,data/UNGA75_General_Debate_2020_statements/UNGA75_General_Debate_2020/2020-09-25_AM_13_Pakistan_en.pdf,ed6def6edb0a563d7ccae1b611ed3e9e8e5000b645eb58c5943083cfcb505a91,https://estatements.un.org/estatements/10.0010/20200925/3Yf6QppA2NrI/Vc8y3hVvL1Jl_en.pdf,en,1,9,Local cover or explicit delivery statement; external metadata where recorded,Prepared/as-delivered status varies; no systematic video verification
2020_palau,2020,PLW,local PDF,data/UNGA75_General_Debate_2020_statements/UNGA75_General_Debate_2020/2020-09-23_AM_12_Palau_en.pdf,ae9870c44aca243b6b7a597f0264008fd90a2b103471934f5f089e1e0969aea1,https://estatements.un.org/estatements/10.0010/20200923/bVdkQECcmuDt/k8TquxzpKKKr_en.pdf,en,1,6,Local cover or explicit delivery statement; external metadata where recorded,Prepared/as-delivered status varies; no systematic video verification
2020_panama,2020,PAN,local PDF,data/UNGA75_General_Debate_2020_statements/UNGA75_General_Debate_2020/2020-09-23_PM_13_Panama_es.pdf,98747731c6afc62dadd8ccd2ad585cfdc404291a1c76f2940228243d27e54b1d,https://estatements.un.org/estatements/10.0010/20200923/aCaK5IQSX0PR/NAEU77BVzpnb_es.pdf,es,1,6,Local cover or explicit delivery statement; external metadata where recorded,Prepared/as-delivered status varies; no systematic video verification
2020_papua-new-guinea,2020,PNG,local PDF,data/UNGA75_General_Debate_2020_statements/UNGA75_General_Debate_2020/2020-09-25_PM_14_Papua-New-Guinea_en.pdf,6ae90c12012e3c1c9eea3caa6cefd7b29b6191f326219578f2ef1d0cf59c74b7,https://estatements.un.org/estatements/10.0010/20200925/SxuqgUXRYBC2/64eKUduhJoBm_en.pdf,en,1,8,Local cover or explicit delivery statement; external metadata where recorded,Prepared/as-delivered status varies; no systematic video verification
2020_paraguay,2020,PRY,local PDF,data/UNGA75_General_Debate_2020_statements/UNGA75_General_Debate_2020/2020-09-23_PM_08_Paraguay_es.pdf,cf5356def5e08985d6d04c566d157add7b87d68cc5d781b48337ab7231bfe108,https://estatements.un.org/estatements/10.0010/20200923/aCaK5IQSX0PR/lhcxh4ojYupR_es.pdf,es,1,4,Local cover or explicit delivery statement; external metadata where recorded,Prepared/as-delivered status varies; no systematic video verification
2020_peru,2020,PER,local PDF,data/UNGA75_General_Debate_2020_statements/UNGA75_General_Debate_2020/2020-09-22_PM_17_Peru_es.pdf,04deac8e622868545646e44d4b8752d11f0cac768d7cf96ffaa12a6ef9d673e9,https://estatements.un.org/estatements/10.0010/20200922/T3qdozGNpyYp/bLHEnp0u8fsP_es.pdf,es,1,10,Local cover or explicit delivery statement; external metadata where recorded,Prepared/as-delivered status varies; no systematic video verification
2020_philippines,2020,PHL,local PDF,data/UNGA75_General_Debate_2020_statements/UNGA75_General_Debate_2020/2020-09-22_AM_14_Philippines_en.pdf,13e22422b35297414d871ef7784b56d443a0dfa37980ae5afff87a1da89d0b4b,https://estatements.un.org/estatements/10.0010/20200922/cVOfMr0rKnhR/onTeYkHGFL0t_en.pdf,en,1,6,Local cover or explicit delivery statement; external metadata where recorded,Prepared/as-delivered status varies; no systematic video verification
2020_poland,2020,POL,local PDF,data/UNGA75_General_Debate_2020_statements/UNGA75_General_Debate_2020/2020-09-23_PM_10_Poland_en.pdf,1830c4dfbeca346f726f3b50821dca78286acc367ebd5c52056501f492894fe2,https://estatements.un.org/estatements/10.0010/20200923/aCaK5IQSX0PR/6grWaKXN5yRW_en.pdf,en,1,11,Local cover or explicit delivery statement; external metadata where recorded,Prepared/as-delivered status varies; no systematic video verification
2020_portugal,2020,PRT,local PDF,data/UNGA75_General_Debate_2020_statements/UNGA75_General_Debate_2020/2020-09-25_PM_02_Portugal_fr.pdf,603897281621a9312a74841213a94c0b614f6874e46cd1bd880d8ef1d9713500,https://estatements.un.org/estatements/10.0010/20200925/SxuqgUXRYBC2/qplqMK0AeIXL_fr.pdf,fr,1,7,Local cover or explicit delivery statement; external metadata where recorded,Prepared/as-delivered status varies; no systematic video verification
2020_qatar,2020,QAT,local PDF,data/UNGA75_General_Debate_2020_statements/UNGA75_General_Debate_2020/2020-09-22_AM_13_Qatar_en.pdf,bc26be30ddfc7c2d93978276cc58786cdfd7d1c1cc88ddb1bc6ad996caa3ca67,https://estatements.un.org/estatements/10.0010/20200922/cVOfMr0rKnhR/UHOYyhMSLaHE_en.pdf,en,1,8,Local cover or explicit delivery statement; external metadata where recorded,Prepared/as-delivered status varies; no systematic video verification
2020_republic-korea,2020,KOR,local PDF,data/UNGA75_General_Debate_2020_statements/UNGA75_General_Debate_2020/2020-09-22_AM_12_Republic-of-Korea_en.pdf,20a7d63e362a7883adf715aeb6b9ae8f7739d784b2e53ea6bdc117545c6a2da0,https://estatements.un.org/estatements/10.0010/20200922/cVOfMr0rKnhR/vstE46z3tXBY_en.pdf,en,1,6,Local cover or explicit delivery statement; external metadata where recorded,Prepared/as-delivered status varies; no systematic video verification
2020_republic-moldova,2020,MDA,local PDF,data/UNGA75_General_Debate_2020_statements/UNGA75_General_Debate_2020/2020-09-23_AM_13_Republic-of-Moldova_en.pdf,f8bddca7469e0999e33d62de4128fceaad0d80e474128ac926ca3f5abd0207ee,https://estatements.un.org/estatements/10.0010/20200923/bVdkQECcmuDt/kGL7PtXEqP8w_en.pdf,en,1,8,Local cover or explicit delivery statement; external metadata where recorded,Prepared/as-delivered status varies; no systematic video verification
2020_romania,2020,ROU,local PDF,data/UNGA75_General_Debate_2020_statements/UNGA75_General_Debate_2020/2020-09-29_AM_06_Romania_en.pdf,233a2c83c19a48033587d55739bf02fa49cc8a59bc80d2dc502fcd2b14ba7d7a,https://estatements.un.org/estatements/10.0010/20200929/uvy65GbbAgSh/REYrND6Qsem1_en.pdf,en,1,6,Local cover or explicit delivery statement; external metadata where recorded,Prepared/as-delivered status varies; no systematic video verification
2020_russian-federation,2020,RUS,local PDF,data/UNGA75_General_Debate_2020_statements/UNGA75_General_Debate_2020/2020-09-22_AM_10_Russian-Federation_ru.pdf,c12215d473291fc2790226ac9ade3697ae76895108b5f5fa6878bc52ea2ed926,https://estatements.un.org/estatements/10.0010/20200922/cVOfMr0rKnhR/wJyoTlc8fI4S_ru.pdf,ru,1,7,Local cover or explicit delivery statement; external metadata where recorded,Prepared/as-delivered status varies; no systematic video verification
2020_rwanda,2020,RWA,local PDF,data/UNGA75_General_Debate_2020_statements/UNGA75_General_Debate_2020/2020-09-22_PM_08_Rwanda_en.pdf,8d046f8ab5c7b40d583cce054015de60a446183d0eb3834e34b8b61261ea2bd6,https://estatements.un.org/estatements/10.0010/20200922/T3qdozGNpyYp/4flukMjGgOPq_en.pdf,en,1,4,Local cover or explicit delivery statement; external metadata where recorded,Prepared/as-delivered status varies; no systematic video verification
2020_saint-kitts-and-nevis,2020,KNA,local PDF,data/UNGA75_General_Debate_2020_statements/UNGA75_General_Debate_2020/2020-09-26_PM_01_Saint-Kitts-and-Nevis_en.pdf,72162b32eecab38a36323363e31699a2e0105f882266fed1a1fc83b6596b5312,https://estatements.un.org/estatements/10.0010/20200926/zRoJPMqtsmnf/MwAbLxkRwO1w_en.pdf,en,1,16,Local cover or explicit delivery statement; external metadata where recorded,Prepared/as-delivered status varies; no systematic video verification
2020_saint-lucia,2020,LCA,local PDF,data/UNGA75_General_Debate_2020_statements/UNGA75_General_Debate_2020/2020-09-26_PM_02_Saint-Lucia_en.pdf,c8a5790b23354452d51f45df7cd96e353a5eda1c682b37de95f34eefeca1cbbd,https://estatements.un.org/estatements/10.0010/20200926/zRoJPMqtsmnf/kVF2rCXvYNRC_en.pdf,en,1,6,Local cover or explicit delivery statement; external metadata where recorded,Prepared/as-delivered status varies; no systematic video verification
2020_saint-vincent-and-grenadines,2020,VCT,local PDF,data/UNGA75_General_Debate_2020_statements/UNGA75_General_Debate_2020/2020-09-26_AM_15_Saint-Vincent-and-the-Grenadines_en.pdf,5e8a4de9f7fce5b1a738c03de7a87e08992f3fdd9750f0afc8785fd066877cfb,https://estatements.un.org/estatements/10.0010/20200926/49thYJTCPljx/dlT9ALkc4Nuk_en.pdf,en,1,11,Local cover or explicit delivery statement; external metadata where recorded,Prepared/as-delivered status varies; no systematic video verification
2020_samoa,2020,WSM,local PDF,data/UNGA75_General_Debate_2020_statements/UNGA75_General_Debate_2020/2020-09-26_AM_12_Samoa_en.pdf,f33d7cd0c7d559ade93c649edd81371459e32a93621f60b61eee85b9d3ad59b2,https://estatements.un.org/estatements/10.0010/20200926/49thYJTCPljx/udBHNSJsyfHC_en.pdf,en,1,9,Local cover or explicit delivery statement; external metadata where recorded,Prepared/as-delivered status varies; no systematic video verification
2020_san-marino,2020,SMR,local PDF,data/UNGA75_General_Debate_2020_statements/UNGA75_General_Debate_2020/2020-09-29_AM_02_San-Marino_en.pdf,68944d18ef6169201d4d28afe9d860575a98fe09686650b974a09919b683e9e8,https://estatements.un.org/estatements/10.0010/20200929/uvy65GbbAgSh/fcqv8k4xBfCw_en.pdf,en,1,9,Local cover or explicit delivery statement; external metadata where recorded,Prepared/as-delivered status varies; no systematic video verification
2020_sao-tome-and-principe,2020,STP,local PDF,data/UNGA75_General_Debate_2020_statements/UNGA75_General_Debate_2020/2020-09-24_PM_08_Sao-Tome-and-Principe_en.pdf,cbec7fba01ed2d6f124c2a12833a7aa682dce5c737da3cc06e8fbc3dcd6607cd,https://estatements.un.org/estatements/10.0010/20200924/we2wQ8CowvRE/QAgrmPvUxVsV_en.pdf,en,1,4,Local cover or explicit delivery statement; external metadata where recorded,Prepared/as-delivered status varies; no systematic video verification
2020_saudi-arabia,2020,SAU,local PDF,data/UNGA75_General_Debate_2020_statements/UNGA75_General_Debate_2020/2020-09-23_AM_05_Saudi-Arabia_en.pdf,fed6144a9f003be87d3953afcfaa25c9f3dbd39ec6fb1e95a54552c8c174ee95,https://estatements.un.org/estatements/10.0010/20200923/bVdkQECcmuDt/ct3eat1PBwtN_en.pdf,en,1,4,Local cover or explicit delivery statement; external metadata where recorded,Prepared/as-delivered status varies; no systematic video verification
2020_senegal,2020,SEN,local PDF,data/UNGA75_General_Debate_2020_statements/UNGA75_General_Debate_2020/2020-09-26_PM_11_Senegal_fr.pdf,877dfda3a7654daca41f18a06df3b3cde9d90d2f8b2f484b0449b9642d7dacb5,https://estatements.un.org/estatements/10.0010/20200926/zRoJPMqtsmnf/2JmYov0ysyXN_fr.pdf,fr,1,12,Local cover or explicit delivery statement; external metadata where recorded,Prepared/as-delivered status varies; no systematic video verification
2020_serbia,2020,SRB,local PDF,data/UNGA75_General_Debate_2020_statements/UNGA75_General_Debate_2020/2020-09-23_PM_06_Serbia_en.pdf,05ed6d06e7ea908e8ada0a242b93499d369d352a114249e8515f97a4a3d7acba,https://estatements.un.org/estatements/10.0010/20200923/aCaK5IQSX0PR/nJ665LXAxvMl_en.pdf,en,1,7,Local cover or explicit delivery statement; external metadata where recorded,Prepared/as-delivered status varies; no systematic video verification
2020_seychelles,2020,SYC,local PDF,data/UNGA75_General_Debate_2020_statements/UNGA75_General_Debate_2020/2020-09-22_PM_07_Seychelles_en.pdf,ded067433250b587fc09c53434fb9559e6dc6d93159a4dbf348f80c3193fbb04,https://estatements.un.org/estatements/10.0010/20200922/T3qdozGNpyYp/HjmyXtoUoxw8_en.pdf,en,1,4,Local cover or explicit delivery statement; external metadata where recorded,Prepared/as-delivered status varies; no systematic video verification
2020_sierra-leone,2020,SLE,local PDF,data/UNGA75_General_Debate_2020_statements/UNGA75_General_Debate_2020/2020-09-24_PM_16_Sierra-Leone_en.pdf,e767b6408105efa6fd1235b046a87e55ec419390b076baec6d42fe3b86c41434,https://estatements.un.org/estatements/10.0010/20200924/we2wQ8CowvRE/pE87x91oB6Yx_en.pdf,en,1,12,Local cover or explicit delivery statement; external metadata where recorded,Prepared/as-delivered status varies; no systematic video verification
2020_singapore,2020,SGP,local PDF,data/UNGA75_General_Debate_2020_statements/UNGA75_General_Debate_2020/2020-09-26_PM_10_Singapore_en.pdf,78ab3875bd2331766532a2cc2943954c480d23ce98013bdd4841c21bec1a246d,https://estatements.un.org/estatements/10.0010/20200926/zRoJPMqtsmnf/YkWyQAqq4VwN_en.pdf,en,1,7,Local cover or explicit delivery statement; external metadata where recorded,Prepared/as-delivered status varies; no systematic video verification
2020_slovakia,2020,SVK,local PDF,data/UNGA75_General_Debate_2020_statements/UNGA75_General_Debate_2020/2020-09-23_AM_17_Slovakia_en.pdf,6177e27908f6679141959c703cdadd46878c9a73071d162da54045dbb028e236,https://estatements.un.org/estatements/10.0010/20200923/bVdkQECcmuDt/5IsAz9E5G3Ua_en.pdf,en,1,3,Local cover or explicit delivery statement; external metadata where recorded,Prepared/as-delivered status varies; no systematic video verification
2020_slovenia,2020,SVN,local PDF,data/UNGA75_General_Debate_2020_statements/UNGA75_General_Debate_2020/2020-09-24_AM_04_Slovenia_en.pdf,4edb224229f80dd725a38e68ef04790d0e0b098dd276b4e3975a3bc7695ecd51,https://estatements.un.org/estatements/10.0010/20200924/D2gMNUFTawVH/TGQsjrrhEQDD_en.pdf,en,1,5,Local cover or explicit delivery statement; external metadata where recorded,Prepared/as-delivered status varies; no systematic video verification
2020_solomon-islands,2020,SLB,local PDF,data/UNGA75_General_Debate_2020_statements/UNGA75_General_Debate_2020/2020-09-26_AM_10_Solomon-Islands_en.pdf,9313d7ec32f1374021c2d3c6c7266516c3b96f75ff93842de0a23dfcc1d31980,https://estatements.un.org/estatements/10.0010/20200926/49thYJTCPljx/OV718gyF81sI_en.pdf,en,1,9,Local cover or explicit delivery statement; external metadata where recorded,Prepared/as-delivered status varies; no systematic video verification
2020_somalia,2020,SOM,local PDF,data/UNGA75_General_Debate_2020_statements/UNGA75_General_Debate_2020/2020-09-24_PM_12_Somalia_en.pdf,1f2359d29dcbfc9bbedd82cb55dd46388be7705f877855790353328be38ba142,https://estatements.un.org/estatements/10.0010/20200924/we2wQ8CowvRE/qzEqrJjPRV4r_en.pdf,en,1,5,Local cover or explicit delivery statement; external metadata where recorded,Prepared/as-delivered status varies; no systematic video verification
2020_south-africa,2020,ZAF,local PDF,data/UNGA75_General_Debate_2020_statements/UNGA75_General_Debate_2020/2020-09-22_AM_08_South-Africa_en.pdf,26d6d09d330c0a05c4944916b81f5a95c44182a6bbb4fe6ef8ae367194e23782,https://estatements.un.org/estatements/10.0010/20200922/cVOfMr0rKnhR/we0KrIWXJxzd_en.pdf,en,1,10,Local cover or explicit delivery statement; external metadata where recorded,Prepared/as-delivered status varies; no systematic video verification
2020_spain,2020,ESP,local PDF,data/UNGA75_General_Debate_2020_statements/UNGA75_General_Debate_2020/2020-09-25_AM_16_Spain_en.pdf,3d3579c914805d3ed0289dc5d0f8a9a85bcb6e8b3dd6cebe9603c8d07b954c06,https://estatements.un.org/estatements/10.0010/20200925/3Yf6QppA2NrI/SKLHdR4oefRT_en.pdf,en,1,23,Local cover or explicit delivery statement; external metadata where recorded,Prepared/as-delivered status varies; no systematic video verification
2020_sri-lanka,2020,LKA,local PDF,data/UNGA75_General_Debate_2020_statements/UNGA75_General_Debate_2020/2020-09-22_PM_15_Sri-Lanka_en.pdf,c70714c1927963127d8b4e6a690731ff8cadbeaa26cf69dd3ac734337e0f686c,https://estatements.un.org/estatements/10.0010/20200922/T3qdozGNpyYp/oVuPOUyUNbvk_en.pdf,en,1,6,Local cover or explicit delivery statement; external metadata where recorded,Prepared/as-delivered status varies; no systematic video verification
2020_sudan,2020,SDN,local PDF,data/UNGA75_General_Debate_2020_statements/UNGA75_General_Debate_2020/2020-09-26_PM_05_the-Sudan_ar.pdf,2ed8724e5209bf17ec5d1f2a3f80bec1fbd43afb92dd09c149dc035213faf04d,https://estatements.un.org/estatements/10.0010/20200926/zRoJPMqtsmnf/SM58SWDsfSR4_ar.pdf,ar,1,8,Local cover or explicit delivery statement; external metadata where recorded,Prepared/as-delivered status varies; no systematic video verification
2020_suriname,2020,SUR,local PDF,data/UNGA75_General_Debate_2020_statements/UNGA75_General_Debate_2020/2020-09-23_PM_04_Suriname_en.pdf,18c8036df3064c4d6ac9b291882e1edf026748084088fa3085a7cab475547cde,https://estatements.un.org/estatements/10.0010/20200923/aCaK5IQSX0PR/TODmQ4oFwVLw_en.pdf,en,1,7,Local cover or explicit delivery statement; external metadata where recorded,Prepared/as-delivered status varies; no systematic video verification
2020_sweden,2020,SWE,local PDF,data/UNGA75_General_Debate_2020_statements/UNGA75_General_Debate_2020/2020-09-26_AM_14_Sweden_en.pdf,e33abd2f254ce6268772cc7927cb06c27f6882500802a712887b9330f695ef17,https://estatements.un.org/estatements/10.0010/20200926/49thYJTCPljx/E6aRDsLXnzcn_en.pdf,en,1,6,Local cover or explicit delivery statement; external metadata where recorded,Prepared/as-delivered status varies; no systematic video verification
2020_switzerland,2020,CHE,local PDF,data/UNGA75_General_Debate_2020_statements/UNGA75_General_Debate_2020/2020-09-23_PM_05_Switzerland_en.pdf,7d10d905ccfc4a88fbe019ef8896ebbe0f1e17a4b18df8e6b4138e0abf487890,https://estatements.un.org/estatements/10.0010/20200923/aCaK5IQSX0PR/P9PUoezz4d5W_en.pdf,en,1,5,Local cover or explicit delivery statement; external metadata where recorded,Prepared/as-delivered status varies; no systematic video verification
2020_syrian-arab-republic,2020,SYR,local PDF,data/UNGA75_General_Debate_2020_statements/UNGA75_General_Debate_2020/2020-09-26_PM_09_Syrian-Arab-Republic_en.pdf,0491c6d4ba409453a62ff07d9c4c0bb61e8e88148f9233f4c3c1e47a1f0461fe,https://estatements.un.org/estatements/10.0010/20200926/zRoJPMqtsmnf/T6vFeae0M0fh_en.pdf,en,1,7,Local cover or explicit delivery statement; external metadata where recorded,Prepared/as-delivered status varies; no systematic video verification
2020_tajikistan,2020,TJK,local PDF,data/UNGA75_General_Debate_2020_statements/UNGA75_General_Debate_2020/2020-09-22_PM_04_Tajikistan_en.pdf,0a77aa18e5d7dbaf7f59346f5a3b1ed0cb442e078cbe6984a4595772e6f72887,https://estatements.un.org/estatements/10.0010/20200922/T3qdozGNpyYp/DrW5F0cIx0YO_en.pdf,en,1,7,Local cover or explicit delivery statement; external metadata where recorded,Prepared/as-delivered status varies; no systematic video verification
2020_thailand,2020,THA,local PDF,data/UNGA75_General_Debate_2020_statements/UNGA75_General_Debate_2020/2020-09-25_PM_07_Thailand_en.pdf,e495df667f0a179ff61fd4e46ab71dafd2e33cf908aedc480f388cef3e23c517,https://estatements.un.org/estatements/10.0010/20200925/SxuqgUXRYBC2/OvGBVx7g0MFU_en.pdf,en,1,6,Local cover or explicit delivery statement; external metadata where recorded,Prepared/as-delivered status varies; no systematic video verification
2020_timor-leste,2020,TLS,local PDF,data/UNGA75_General_Debate_2020_statements/UNGA75_General_Debate_2020/2020-09-24_PM_07_Timor-Leste_en.pdf,1a95e305eeb21c88a820eb95bc656ef2bb57595d694289aeade5e0426eef09bf,https://estatements.un.org/estatements/10.0010/20200924/we2wQ8CowvRE/SlsnT8gD3VAq_en.pdf,en,1,7,Local cover or explicit delivery statement; external metadata where recorded,Prepared/as-delivered status varies; no systematic video verification
2020_togo,2020,TGO,local PDF,data/UNGA75_General_Debate_2020_statements/UNGA75_General_Debate_2020/2020-09-29_PM_06_Togo_fr.pdf,f61a878effa5f38d4de513d6a52d35f6c78c8af61a59df40c051d65373a5f4b5,https://estatements.un.org/estatements/10.0010/20200929/azzQgcBAMYqv/8dAmoYrOcwvb_fr.pdf,fr,1,7,Local cover or explicit delivery statement; external metadata where recorded,Prepared/as-delivered status varies; no systematic video verification
2020_tonga,2020,TON,local PDF,data/UNGA75_General_Debate_2020_statements/UNGA75_General_Debate_2020/2020-09-25_PM_16_Tonga_en.pdf,50005c6485b8d7805dfe4cd529acede679c5e1d71fbcd4f296a5eb8f9f5ad595,https://estatements.un.org/estatements/10.0010/20200925/SxuqgUXRYBC2/AfwttQTwnqqI_en.pdf,en,1,5,Local cover or explicit delivery statement; external metadata where recorded,Prepared/as-delivered status varies; no systematic video verification
2020_trinidad-and-tobago,2020,TTO,local PDF,data/UNGA75_General_Debate_2020_statements/UNGA75_General_Debate_2020/2020-09-26_PM_03_Trinidad-and-Tobago_en.pdf,03b867f8adce3ce3b9094fa85248731021b4832bd5c754f0ba2471a03034eee8,https://estatements.un.org/estatements/10.0010/20200926/zRoJPMqtsmnf/Hx1jBfVDQxBd_en.pdf,en,1,14,Local cover or explicit delivery statement; external metadata where recorded,Prepared/as-delivered status varies; no systematic video verification
2020_tunisia,2020,TUN,local PDF,data/UNGA75_General_Debate_2020_statements/UNGA75_General_Debate_2020/2020-09-29_AM_15_Tunisia_ar.pdf,d0e78a251c0ec864ca43ad9fac0bfe12f8efcabec246018491bf43eed1d20c8c,https://estatements.un.org/estatements/10.0010/20200929/uvy65GbbAgSh/gO42vbwwmn7D_ar.pdf,ar,1,5,Local cover or explicit delivery statement; external metadata where recorded,Prepared/as-delivered status varies; no systematic video verification
2020_turkiye,2020,TUR,local PDF,data/UNGA75_General_Debate_2020_statements/UNGA75_General_Debate_2020/2020-09-22_AM_05_Turkey_en.pdf,7d52716c863c02cfe4590f0854275ac21f9aadd73cef0e2e54273de46e48254a,https://estatements.un.org/estatements/10.0010/20200922/cVOfMr0rKnhR/UMPvjFnAUcGf_en.pdf,en,1,9,Local cover or explicit delivery statement; external metadata where recorded,Prepared/as-delivered status varies; no systematic video verification
2020_turkmenistan,2020,TKM,local PDF,data/UNGA75_General_Debate_2020_statements/UNGA75_General_Debate_2020/2020-09-22_PM_02_Turkmenistan_en.pdf,af22f423f690f3fca045d2e5cb9c9e04a1a425e949aef76d514bd587cf8ce8db,https://estatements.un.org/estatements/10.0010/20200922/T3qdozGNpyYp/aIvb4N7rfKCj_en.pdf,en,1,8,Local cover or explicit delivery statement; external metadata where recorded,Prepared/as-delivered status varies; no systematic video verification
2020_tuvalu,2020,TUV,local PDF,data/UNGA75_General_Debate_2020_statements/UNGA75_General_Debate_2020/2020-09-25_AM_15_Tuvalu_en.pdf,0bb0251992dc22533bdfe2a69de996c3b597926333032bbe0eceba3f5aa4bba1,https://estatements.un.org/estatements/10.0010/20200925/3Yf6QppA2NrI/Jszf8hjFAuAW_en.pdf,en,1,5,Local cover or explicit delivery statement; external metadata where recorded,Prepared/as-delivered status varies; no systematic video verification
2020_uganda,2020,UGA,local PDF,data/UNGA75_General_Debate_2020_statements/UNGA75_General_Debate_2020/2020-09-29_PM_08_Uganda_en.pdf,eaea77183463e603fcc158e68fb10427c4c9f2e816e326ef76f0b952e5db5bd3,https://estatements.un.org/estatements/10.0010/20200929/azzQgcBAMYqv/AVNNAT9toer8_en.pdf,en,1,17,Local cover or explicit delivery statement; external metadata where recorded,Prepared/as-delivered status varies; no systematic video verification
2020_ukraine,2020,UKR,local PDF,data/UNGA75_General_Debate_2020_statements/UNGA75_General_Debate_2020/2020-09-23_PM_03_Ukraine_en.pdf,7a479a1a47e1c35b62f206c289e9b6d0b5f2a7358d1d789bef5fe6bf76415290,https://estatements.un.org/estatements/10.0010/20200923/aCaK5IQSX0PR/uk6lkMWEjrDu_en.pdf,en,1,5,Local cover or explicit delivery statement; external metadata where recorded,Prepared/as-delivered status varies; no systematic video verification
2020_united-arab-emirates,2020,ARE,local PDF,data/UNGA75_General_Debate_2020_statements/UNGA75_General_Debate_2020/2020-09-29_AM_03_United-Arab-Emirates_en.pdf,a78b73924c070b7255ece6d2835fcb0b256ab35f57283af99ad1b38abebe38e5,https://estatements.un.org/estatements/10.0010/20200929/uvy65GbbAgSh/QUs6b7V85FYS_en.pdf,en,1,8,Local cover or explicit delivery statement; external metadata where recorded,Prepared/as-delivered status varies; no systematic video verification
2020_united-kingdom-great-britain-and-northern-ireland,2020,GBR,local PDF,data/UNGA75_General_Debate_2020_statements/UNGA75_General_Debate_2020/2020-09-26_AM_04_United-Kingdom-of-Great-Britain-and-Northern-Ireland_en.pdf,7f7d8e19d96aacf17857ded58991fbee7c8e5968a2d51fa6f6b8e19cb78454e8,https://estatements.un.org/estatements/10.0010/20200926/49thYJTCPljx/8zNwskE9k2qa_en.pdf,en,1,4,Local cover or explicit delivery statement; external metadata where recorded,Prepared/as-delivered status varies; no systematic video verification
2020_united-republic-tanzania,2020,TZA,local PDF,data/UNGA75_General_Debate_2020_statements/UNGA75_General_Debate_2020/2020-09-29_PM_07_United-Republic-of-Tanzania_en.pdf,bc71956f382cde634ebfaf0d67d1238757c7592deb1909865396668e59d6eeb4,https://estatements.un.org/estatements/10.0010/20200929/azzQgcBAMYqv/ByenYxmcExEQ_en.pdf,en,1,11,Local cover or explicit delivery statement; external metadata where recorded,Prepared/as-delivered status varies; no systematic video verification
2020_united-states-america,2020,USA,local PDF,data/UNGA75_General_Debate_2020_statements/UNGA75_General_Debate_2020/2020-09-22_AM_04_United-States-of-America_en.pdf,a5148d276f59a4ef01618ccc99c4f257f0a92b0058724b3b27eb20266ef941fc,https://estatements.un.org/estatements/10.0010/20200922/cVOfMr0rKnhR/cJHrXk2KdRU8_en.pdf,en,1,3,Local cover or explicit delivery statement; external metadata where recorded,Prepared/as-delivered status varies; no systematic video verification
2020_uruguay,2020,URY,local PDF,data/UNGA75_General_Debate_2020_statements/UNGA75_General_Debate_2020/2020-09-22_PM_06_Uruguay_es.pdf,0136d0e38384b63abdbbff8366d7ceb0d40d4c589c2d4e32cdf0b5d40b50f20d,https://estatements.un.org/estatements/10.0010/20200922/T3qdozGNpyYp/JRNnnNl4AzEP_es.pdf,es,1,5,Local cover or explicit delivery statement; external metadata where recorded,Prepared/as-delivered status varies; no systematic video verification
2020_uzbekistan,2020,UZB,local PDF,data/UNGA75_General_Debate_2020_statements/UNGA75_General_Debate_2020/2020-09-23_AM_02_Uzbekistan_en.pdf,57a777aaaa6a816e40c4b16b540313e8f44072c765cca6677ff14e26f3699831,https://estatements.un.org/estatements/10.0010/20200923/bVdkQECcmuDt/sbOCldejDNvm_en.pdf,en,1,7,Local cover or explicit delivery statement; external metadata where recorded,Prepared/as-delivered status varies; no systematic video verification
2020_vanuatu,2020,VUT,local PDF,data/UNGA75_General_Debate_2020_statements/UNGA75_General_Debate_2020/2020-09-26_PM_06_Vanuatu_en.pdf,02b6c0df4cc0bc1d3fe1654f07fd987a132129c44b1bd9a8fbfd866454f03f18,https://estatements.un.org/estatements/10.0010/20200926/zRoJPMqtsmnf/jbPyft3mwCRj_en.pdf,en,1,19,Local cover or explicit delivery statement; external metadata where recorded,Prepared/as-delivered status varies; no systematic video verification
2020_venezuela-bolivarian-republic,2020,VEN,local PDF,data/UNGA75_General_Debate_2020_statements/UNGA75_General_Debate_2020/2020-09-23_PM_12_Venezuela-Bolivarian-Republic-of_en.pdf,1a935932789b229759c06cde1863a7b7efa61d785164ec4f13069655ae3af6b0,https://estatements.un.org/estatements/10.0010/20200923/aCaK5IQSX0PR/KAwodvEAAVpK_en.pdf,en,1,11,Local cover or explicit delivery statement; external metadata where recorded,Prepared/as-delivered status varies; no systematic video verification
2020_viet-nam,2020,VNM,local PDF,data/UNGA75_General_Debate_2020_statements/UNGA75_General_Debate_2020/2020-09-24_PM_05_Viet-Nam_en.pdf,2ce1996fe43dab56c6ba05b984b85fe737dd81ab0800661d3ed3422b103efcf5,https://estatements.un.org/estatements/10.0010/20200924/we2wQ8CowvRE/Cjb5BHThcGOl_en.pdf,en,1,4,Local cover or explicit delivery statement; external metadata where recorded,Prepared/as-delivered status varies; no systematic video verification
2020_yemen,2020,YEM,local PDF,data/UNGA75_General_Debate_2020_statements/UNGA75_General_Debate_2020/2020-09-24_AM_06_Yemen_ar.pdf,f914210e19fa578518adc8531a8312f4dedffe2d917c9811ec44882e742486b0,https://estatements.un.org/estatements/10.0010/20200924/D2gMNUFTawVH/g6J4z0EHIo5T_ar.pdf,ar,1,4,Local cover or explicit delivery statement; external metadata where recorded,Prepared/as-delivered status varies; no systematic video verification
2020_zambia,2020,ZMB,local PDF,data/UNGA75_General_Debate_2020_statements/UNGA75_General_Debate_2020/2020-09-24_PM_02_Zambia_en.pdf,f0ae3f8518772d2fc70b271f2f2f9d0846367fb2428cfe5ff062a571a83bd51c,https://estatements.un.org/estatements/10.0010/20200924/we2wQ8CowvRE/qmJH3bKvfdvB_en.pdf,en,1,5,Local cover or explicit delivery statement; external metadata where recorded,Prepared/as-delivered status varies; no systematic video verification
2021_albania,2021,ALB,local PDF,data/UNGA76_General_Debate_2021_statements/UNGA76_General_Debate_2021/albania__al_en.pdf,30a509aad30bfbeeb2c26c51e0eef16a0659cefa340dcccf4a3166d59381ae65,https://gadebate.un.org/sites/default/files/gastatements/76/al_en.pdf,en,1,9,Local cover or explicit delivery statement; external metadata where recorded,Prepared/as-delivered status varies; no systematic video verification
2021_algeria,2021,DZA,local PDF,data/UNGA76_General_Debate_2021_statements/UNGA76_General_Debate_2021/algeria__dz_fr.pdf,ac14477a263817b6c3c8e4717570e2120adccb0f5719ad0d134902097ae9e9f3,https://gadebate.un.org/sites/default/files/gastatements/76/dz_fr.pdf,fr,1,7,Local cover or explicit delivery statement; external metadata where recorded,Prepared/as-delivered status varies; no systematic video verification
2021_andorra,2021,AND,local PDF,data/UNGA76_General_Debate_2021_statements/UNGA76_General_Debate_2021/andorra__ad_fr.pdf,f2f68cd8381613a1284ae5d54cfcdf207b5172a090eac24516c848ba221adbfc,https://gadebate.un.org/sites/default/files/gastatements/76/ad_fr.pdf,fr,1,8,Local cover or explicit delivery statement; external metadata where recorded,Prepared/as-delivered status varies; no systematic video verification
2021_angola,2021,AGO,local PDF,data/UNGA76_General_Debate_2021_statements/UNGA76_General_Debate_2021/angola__ao_en.pdf,09392a07ff448879b60b7210f617beed6251fe69e9a7a5ac3a38a1044f73ed97,https://gadebate.un.org/sites/default/files/gastatements/76/ao_en.pdf,en,1,12,Local cover or explicit delivery statement; external metadata where recorded,Prepared/as-delivered status varies; no systematic video verification
2021_antigua-and-barbuda,2021,ATG,local PDF,data/UNGA76_General_Debate_2021_statements/UNGA76_General_Debate_2021/antigua-and-barbuda__ag_en.pdf,5f36a2ba458d8a2ffaceab5171469c39be1d8f96e7ed9e3dbc5eb0cdbfc360dc,https://gadebate.un.org/sites/default/files/gastatements/76/ag_en.pdf,en,1,9,Local cover or explicit delivery statement; external metadata where recorded,Prepared/as-delivered status varies; no systematic video verification
2021_argentina,2021,ARG,local PDF,data/UNGA76_General_Debate_2021_statements/UNGA76_General_Debate_2021/argentina__ar_es.pdf,6ef956f1be15d0bdcd45d532720e36c7890f519e38fb23c00a5fc50a7651a8bb,https://gadebate.un.org/sites/default/files/gastatements/76/ar_es.pdf,es,1,5,Local cover or explicit delivery statement; external metadata where recorded,Prepared/as-delivered status varies; no systematic video verification
2021_armenia,2021,ARM,local PDF,data/UNGA76_General_Debate_2021_statements/UNGA76_General_Debate_2021/armenia__am_en.pdf,e2b6f2bf28c6670f4d3e38526e875c1937643cbc31619b9e52fbf82d867665df,https://gadebate.un.org/sites/default/files/gastatements/76/am_en.pdf,en,1,3,Local cover or explicit delivery statement; external metadata where recorded,Prepared/as-delivered status varies; no systematic video verification
2021_australia,2021,AUS,local PDF,data/UNGA76_General_Debate_2021_statements/UNGA76_General_Debate_2021/australia__au_en.pdf,b0af1699e147d05dae873482ad1de0b7c5206fd10f40c07c4947937df9ea2e71,https://gadebate.un.org/sites/default/files/gastatements/76/au_en.pdf,en,1,9,Local cover or explicit delivery statement; external metadata where recorded,Prepared/as-delivered status varies; no systematic video verification
2021_azerbaijan,2021,AZE,local PDF,data/UNGA76_General_Debate_2021_statements/UNGA76_General_Debate_2021/azerbaijan__az_en.pdf,93eaa467fe45faa7d902857837445a133c68fe06622871f27ff94e910925e7bb,https://gadebate.un.org/sites/default/files/gastatements/76/az_en.pdf,en,1,9,Local cover or explicit delivery statement; external metadata where recorded,Prepared/as-delivered status varies; no systematic video verification
2021_bahrain,2021,BHR,local PDF,data/UNGA76_General_Debate_2021_statements/UNGA76_General_Debate_2021/bahrain__bh_en.pdf,e0f09d5f50a72afb2cac1cf8b58e92731d1afaae0f61efbf955912d724a95bfc,https://gadebate.un.org/sites/default/files/gastatements/76/bh_en.pdf,en,1,9,Local cover or explicit delivery statement; external metadata where recorded,Prepared/as-delivered status varies; no systematic video verification
2021_bangladesh,2021,BGD,local PDF,data/UNGA76_General_Debate_2021_statements/UNGA76_General_Debate_2021/bangladesh__bd_en.pdf,b033a1af0ba5fcb6330ea185cf17eb28f0227c04078643aba549538cc426f854,https://gadebate.un.org/sites/default/files/gastatements/76/bd_en.pdf,en,1,9,Local cover or explicit delivery statement; external metadata where recorded,Prepared/as-delivered status varies; no systematic video verification
2021_barbados,2021,BRB,local PDF,data/UNGA76_General_Debate_2021_statements/UNGA76_General_Debate_2021/barbados__bb_en.pdf,4f72fea0901fa295f4061fbc96d13380be18e9d26a7119942e8873a97e783fc0,https://gadebate.un.org/sites/default/files/gastatements/76/bb_en.pdf,en,1,5,Local cover or explicit delivery statement; external metadata where recorded,Prepared/as-delivered status varies; no systematic video verification
2021_belarus,2021,BLR,local PDF,data/UNGA76_General_Debate_2021_statements/UNGA76_General_Debate_2021/belarus__by_ru.pdf,38051a2d789f6b35b547af15ba386e51f58411f73421bbbd66784ac3d465dafe,https://gadebate.un.org/sites/default/files/gastatements/76/by_ru.pdf,ru,1,6,Local cover or explicit delivery statement; external metadata where recorded,Prepared/as-delivered status varies; no systematic video verification
2021_belgium,2021,BEL,local PDF,data/UNGA76_General_Debate_2021_statements/UNGA76_General_Debate_2021/belgium__be_en.pdf,74e4fb0128051e36a20738b403b1c60601833e2287f2406339e78479586cddea,https://gadebate.un.org/sites/default/files/gastatements/76/be_en.pdf,en,1,12,Local cover or explicit delivery statement; external metadata where recorded,Prepared/as-delivered status varies; no systematic video verification
2021_benin,2021,BEN,local PDF,data/UNGA76_General_Debate_2021_statements/UNGA76_General_Debate_2021/benin__bj_fr.pdf,bf9478c6b683cd1aed89da1ef8d68d1453e7fa5d4f286afc61d8c5e39cd3727e,https://gadebate.un.org/sites/default/files/gastatements/76/bj_fr.pdf,fr,1,8,Local cover or explicit delivery statement; external metadata where recorded,Prepared/as-delivered status varies; no systematic video verification
2021_bhutan,2021,BTN,local PDF,data/UNGA76_General_Debate_2021_statements/UNGA76_General_Debate_2021/bhutan__bt_en.pdf,9a478a19566149503c074059308a4d1dd93f9838f109c4ff3e349d89feb0d3af,https://gadebate.un.org/sites/default/files/gastatements/76/bt_en.pdf,en,1,9,Local cover or explicit delivery statement; external metadata where recorded,Prepared/as-delivered status varies; no systematic video verification
2021_bolivia-plurinational-state,2021,BOL,local PDF,data/UNGA76_General_Debate_2021_statements/UNGA76_General_Debate_2021/bolivia-plurinational-state__bo_es.pdf,0a9c7be587fce625847f82658857078393fed9bb13a1ff580a2a330e0a58dcbf,https://gadebate.un.org/sites/default/files/gastatements/76/bo_es.pdf,es,1,15,Local cover or explicit delivery statement; external metadata where recorded,Prepared/as-delivered status varies; no systematic video verification
2021_bosnia-and-herzegovina,2021,BIH,local PDF,data/UNGA76_General_Debate_2021_statements/UNGA76_General_Debate_2021/bosnia-and-herzegovina__ba_en.pdf,a27676ed1d0c1a8fb1642b910375b5bdbd3f1d2d88165796d7bb07769afb420a,https://gadebate.un.org/sites/default/files/gastatements/76/ba_en.pdf,en,1,11,Local cover or explicit delivery statement; external metadata where recorded,Prepared/as-delivered status varies; no systematic video verification
2021_brazil,2021,BRA,local PDF,data/UNGA76_General_Debate_2021_statements/UNGA76_General_Debate_2021/brazil__br_en.pdf,2b7c562852c812cf4c978a2d2fa80bdb937cfaef7211aa442ea1bdc7299c3200,https://gadebate.un.org/sites/default/files/gastatements/76/br_en.pdf,en,1,6,Local cover or explicit delivery statement; external metadata where recorded,Prepared/as-delivered status varies; no systematic video verification
2021_brunei-darussalam,2021,BRN,local PDF,data/UNGA76_General_Debate_2021_statements/UNGA76_General_Debate_2021/brunei-darussalam__bn_en.pdf,6d82832cd417af63dc9986aaee0832a7167c9d677b4c8b330b1229490925b9fd,https://gadebate.un.org/sites/default/files/gastatements/76/bn_en.pdf,en,1,7,Local cover or explicit delivery statement; external metadata where recorded,Prepared/as-delivered status varies; no systematic video verification
2021_bulgaria,2021,BGR,local PDF,data/UNGA76_General_Debate_2021_statements/UNGA76_General_Debate_2021/bulgaria__bg_en.pdf,11c55cd5a50cbba4a8fab350081769a2493c12d3c39c1baad8e6ea6d37545c43,https://gadebate.un.org/sites/default/files/gastatements/76/bg_en.pdf,en,1,4,Local cover or explicit delivery statement; external metadata where recorded,Prepared/as-delivered status varies; no systematic video verification
2021_burkina-faso,2021,BFA,local PDF,data/UNGA76_General_Debate_2021_statements/UNGA76_General_Debate_2021/burkina-faso__bf_fr.pdf,15e49cd3042b43deb13e0ab75651018993e10726905a6d207508cb0ad7225350,https://gadebate.un.org/sites/default/files/gastatements/76/bf_fr.pdf,fr,1,9,Local cover or explicit delivery statement; external metadata where recorded,Prepared/as-delivered status varies; no systematic video verification
2021_burundi,2021,BDI,local PDF,data/UNGA76_General_Debate_2021_statements/UNGA76_General_Debate_2021/burundi__bi_fr.pdf,4f333506d2b39c64ab1731df1efb89abc992633f5e77e80ba3e78eddf5134f10,https://gadebate.un.org/sites/default/files/gastatements/76/bi_fr.pdf,fr,1,17,Local cover or explicit delivery statement; external metadata where recorded,Prepared/as-delivered status varies; no systematic video verification
2021_cabo-verde,2021,CPV,local PDF,data/UNGA76_General_Debate_2021_statements/UNGA76_General_Debate_2021/cabo-verde__cv_en.pdf,dd7a723eb8d8e77451c699d3391f207bf0b205360c1cd6460d6be154fb1a217c,https://gadebate.un.org/sites/default/files/gastatements/76/cv_en.pdf,en,1,12,Local cover or explicit delivery statement; external metadata where recorded,Prepared/as-delivered status varies; no systematic video verification
2021_cambodia,2021,KHM,local PDF,data/UNGA76_General_Debate_2021_statements/UNGA76_General_Debate_2021/cambodia__kh_en.pdf,eb82f7c10388579361941f813134eabfac243b9812d187516aa15791ec3081a1,https://gadebate.un.org/sites/default/files/gastatements/76/kh_en.pdf,en,1,4,Local cover or explicit delivery statement; external metadata where recorded,Prepared/as-delivered status varies; no systematic video verification
2021_canada,2021,CAN,local PDF,data/UNGA76_General_Debate_2021_statements/UNGA76_General_Debate_2021/canada__ca_en.pdf,87ff12d1101f3c94bacd397bc7aca51be78f637aa383f00a1bb1bccbde2fb8c5,https://gadebate.un.org/sites/default/files/gastatements/76/ca_en.pdf,en,1,12,Local cover or explicit delivery statement; external metadata where recorded,Prepared/as-delivered status varies; no systematic video verification
2021_chad,2021,TCD,local PDF,data/UNGA76_General_Debate_2021_statements/UNGA76_General_Debate_2021/chad__td_fr.pdf,ee74bde394a1b2643b65cdb80f929af67d9af8efc7d1ed210d28861b15992de4,https://gadebate.un.org/sites/default/files/gastatements/76/td_fr.pdf,fr,1,10,Local cover or explicit delivery statement; external metadata where recorded,Prepared/as-delivered status varies; no systematic video verification
2021_chile,2021,CHL,local PDF,data/UNGA76_General_Debate_2021_statements/UNGA76_General_Debate_2021/chile__cl_es.pdf,d6fca6918ca8ae84fc10fb8e661e1af2dc9ae1b2ea908dddacca09ea8bcf2878,https://gadebate.un.org/sites/default/files/gastatements/76/cl_es.pdf,es,1,11,Local cover or explicit delivery statement; external metadata where recorded,Prepared/as-delivered status varies; no systematic video verification
2021_china,2021,CHN,local PDF,data/UNGA76_General_Debate_2021_statements/UNGA76_General_Debate_2021/china__cn_en.pdf,5d91cf82d52e398fa9a2ad9422bb8c6d6e9fb96af493e3396e422d85ba40507a,https://gadebate.un.org/sites/default/files/gastatements/76/cn_en.pdf,en,1,6,Local cover or explicit delivery statement; external metadata where recorded,Prepared/as-delivered status varies; no systematic video verification
2021_colombia,2021,COL,local PDF,data/UNGA76_General_Debate_2021_statements/UNGA76_General_Debate_2021/colombia__co_es.pdf,4e0c1faa9a6ba49cf8e5b31d656941b8bae7bd90a1ae57de5af7e54320143f35,https://gadebate.un.org/sites/default/files/gastatements/76/co_es.pdf,es,1,9,Local cover or explicit delivery statement; external metadata where recorded,Prepared/as-delivered status varies; no systematic video verification
2021_comoros,2021,COM,local PDF,data/UNGA76_General_Debate_2021_statements/UNGA76_General_Debate_2021/comoros__km_fr.pdf,7f58b3e975dab3081e224d305faf25b7fcccf5247cc0f421e8779059b2a8606c,https://gadebate.un.org/sites/default/files/gastatements/76/km_fr.pdf,fr,1,16,Local cover or explicit delivery statement; external metadata where recorded,Prepared/as-delivered status varies; no systematic video verification
2021_congo,2021,COG,local PDF,data/UNGA76_General_Debate_2021_statements/UNGA76_General_Debate_2021/congo__cg_fr.pdf,58630ae04c2d8e1be312248819513bba149700909e9ae12aac55e66435371e8d,https://gadebate.un.org/sites/default/files/gastatements/76/cg_fr.pdf,fr,1,7,Local cover or explicit delivery statement; external metadata where recorded,Prepared/as-delivered status varies; no systematic video verification
2021_costa-rica,2021,CRI,local PDF,data/UNGA76_General_Debate_2021_statements/UNGA76_General_Debate_2021/costa-rica__cr_en.pdf,feec83a94b210f9f5c874c5d65b163637bafd71c129728c1d835f2a9af66da12,https://gadebate.un.org/sites/default/files/gastatements/76/cr_en.pdf,en,1,13,Local cover or explicit delivery statement; external metadata where recorded,Prepared/as-delivered status varies; no systematic video verification
2021_cote-divoire,2021,CIV,local PDF,data/UNGA76_General_Debate_2021_statements/UNGA76_General_Debate_2021/cote-divoire__ci_fr.pdf,b108112bd78af524cc6690aa938f627f656ad36c189d60e938d767ac8aa30261,https://gadebate.un.org/sites/default/files/gastatements/76/ci_fr.pdf,fr,1,11,Local cover or explicit delivery statement; external metadata where recorded,Prepared/as-delivered status varies; no systematic video verification
2021_croatia,2021,HRV,local PDF,data/UNGA76_General_Debate_2021_statements/UNGA76_General_Debate_2021/croatia__hr_en.pdf,76a6e3238ed19f1ada5e090e7d864d14188cd6231ea5710e29a48d7dc0ec4c35,https://gadebate.un.org/sites/default/files/gastatements/76/hr_en.pdf,en,1,8,Local cover or explicit delivery statement; external metadata where recorded,Prepared/as-delivered status varies; no systematic video verification
2021_cuba,2021,CUB,local PDF,data/UNGA76_General_Debate_2021_statements/UNGA76_General_Debate_2021/cuba__cu_en.pdf,99d58048d97beefb324fc40681e6444f0ca5c42b8e57c6ff5c50544eb697df61,https://gadebate.un.org/sites/default/files/gastatements/76/cu_en.pdf,en,1,8,Local cover or explicit delivery statement; external metadata where recorded,Prepared/as-delivered status varies; no systematic video verification
2021_cyprus,2021,CYP,local PDF,data/UNGA76_General_Debate_2021_statements/UNGA76_General_Debate_2021/cyprus__cy_en.pdf,f01b59fc88a40fe3ce9a4f44326f78b328efdaf253fc79eed17f6c5b28bc990e,https://gadebate.un.org/sites/default/files/gastatements/76/cy_en.pdf,en,1,18,Local cover or explicit delivery statement; external metadata where recorded,Prepared/as-delivered status varies; no systematic video verification
2021_czech-republic,2021,CZE,local PDF,data/UNGA76_General_Debate_2021_statements/UNGA76_General_Debate_2021/czech-republic__cz_en.pdf,da51debee4511f52c4a9e1fe55f76b02f32c6135973705b650dcd42883d7d3f9,https://gadebate.un.org/sites/default/files/gastatements/76/cz_en.pdf,en,1,7,Local cover or explicit delivery statement; external metadata where recorded,Prepared/as-delivered status varies; no systematic video verification
2021_democratic-peoples-republic-korea,2021,PRK,local PDF,data/UNGA76_General_Debate_2021_statements/UNGA76_General_Debate_2021/democratic-peoples-republic-korea__kp_en.pdf,2021cbef8b960b132527cb8da57c150a66217075028a89eb3ee6a2ccaa6d6256,https://gadebate.un.org/sites/default/files/gastatements/76/kp_en.pdf,en,1,12,Local cover or explicit delivery statement; external metadata where recorded,Prepared/as-delivered status varies; no systematic video verification
2021_democratic-republic-congo,2021,COD,local PDF,data/UNGA76_General_Debate_2021_statements/UNGA76_General_Debate_2021/democratic-republic-congo__cd_fr.pdf,2d2b808c8b617ce612ce057d6dd678b8f30998a5b95ae4b66a42941b83c264a1,https://gadebate.un.org/sites/default/files/gastatements/76/cd_fr.pdf,fr,1,15,Local cover or explicit delivery statement; external metadata where recorded,Prepared/as-delivered status varies; no systematic video verification
2021_denmark,2021,DNK,local PDF,data/UNGA76_General_Debate_2021_statements/UNGA76_General_Debate_2021/denmark__dk_en.pdf,62c60f78405f69528ee606f4633f81be66090529867af0201f8d6a78db4a40a9,https://gadebate.un.org/sites/default/files/gastatements/76/dk_en.pdf,en,1,8,Local cover or explicit delivery statement; external metadata where recorded,Prepared/as-delivered status varies; no systematic video verification
2021_dominica,2021,DMA,local PDF,data/UNGA76_General_Debate_2021_statements/UNGA76_General_Debate_2021/dominica__dm_en.pdf,0fd72fa68bb386d632e94089d2893e9bf543ed4bc08f4799fedca91d1f22ee1c,https://gadebate.un.org/sites/default/files/gastatements/76/dm_en.pdf,en,1,10,Local cover or explicit delivery statement; external metadata where recorded,Prepared/as-delivered status varies; no systematic video verification
2021_ecuador,2021,ECU,local PDF,data/UNGA76_General_Debate_2021_statements/UNGA76_General_Debate_2021/ecuador__ec_es.pdf,4cbd7fad66ad1cf2d6e1b2c4594411dc778768e2b7a8b4df44575da65fc820f9,https://gadebate.un.org/sites/default/files/gastatements/76/ec_es.pdf,es,1,7,Local cover or explicit delivery statement; external metadata where recorded,Prepared/as-delivered status varies; no systematic video verification
2021_el-salvador,2021,SLV,local PDF,data/UNGA76_General_Debate_2021_statements/UNGA76_General_Debate_2021/el-salvador__sv_es.pdf,b138cf32e386ef473cd69dea6ecaa1aca5bd2a548955c870cfead8a11e4bba1e,https://gadebate.un.org/sites/default/files/gastatements/76/sv_es.pdf,es,1,5,Local cover or explicit delivery statement; external metadata where recorded,Prepared/as-delivered status varies; no systematic video verification
2021_equatorial-guinea,2021,GNQ,local PDF,data/UNGA76_General_Debate_2021_statements/UNGA76_General_Debate_2021/equatorial-guinea__gq_es.pdf,380d41391ac5a6a019b0eb933a45b2ebc79ebced2b3d3db706de43c9fb8a4a76,https://gadebate.un.org/sites/default/files/gastatements/76/gq_es.pdf,es,1,12,Local cover or explicit delivery statement; external metadata where recorded,Prepared/as-delivered status varies; no systematic video verification
2021_eritrea,2021,ERI,local PDF,data/UNGA76_General_Debate_2021_statements/UNGA76_General_Debate_2021/eritrea__er_en.pdf,e00f4eb8a7616cae910ac4c3b19ee049224f283b8d6fd20d579d6850c9675a1a,https://gadebate.un.org/sites/default/files/gastatements/76/er_en.pdf,en,1,4,Local cover or explicit delivery statement; external metadata where recorded,Prepared/as-delivered status varies; no systematic video verification
2021_estonia,2021,EST,local PDF,data/UNGA76_General_Debate_2021_statements/UNGA76_General_Debate_2021/estonia__ee_en.pdf,5bb0ba57011c751b0c2d213178262bebc62dfb85b663742d5f0503902b8d39df,https://gadebate.un.org/sites/default/files/gastatements/76/ee_en.pdf,en,1,11,Local cover or explicit delivery statement; external metadata where recorded,Prepared/as-delivered status varies; no systematic video verification
2021_eswatini,2021,SWZ,local PDF,data/UNGA76_General_Debate_2021_statements/UNGA76_General_Debate_2021/eswatini__sz_en.pdf,34664193897ec34db3b55c067824bd3e50f1b35528e970cea56047be4e63d4b7,https://gadebate.un.org/sites/default/files/gastatements/76/sz_en.pdf,en,1,6,Local cover or explicit delivery statement; external metadata where recorded,Prepared/as-delivered status varies; no systematic video verification
2021_ethiopia,2021,ETH,local PDF,data/UNGA76_General_Debate_2021_statements/UNGA76_General_Debate_2021/ethiopia__et_en.pdf,227cda8d83c1e3c1fdc112ecdc4ed183e9278c72c69411e5eaf7648b250070ec,https://gadebate.un.org/sites/default/files/gastatements/76/et_en.pdf,en,1,16,Local cover or explicit delivery statement; external metadata where recorded,Prepared/as-delivered status varies; no systematic video verification
2021_fiji,2021,FJI,local PDF,data/UNGA76_General_Debate_2021_statements/UNGA76_General_Debate_2021/fiji__fj_en.pdf,081d71a3506f61475549bc3cb8498ac4d41ac6a649351879947bc84265bdd23d,https://gadebate.un.org/sites/default/files/gastatements/76/fj_en.pdf,en,1,20,Local cover or explicit delivery statement; external metadata where recorded,Prepared/as-delivered status varies; no systematic video verification
2021_finland,2021,FIN,local PDF,data/UNGA76_General_Debate_2021_statements/UNGA76_General_Debate_2021/finland__fi_en.pdf,9828d842f2b7195801aa6ad77033855c7df4ebfcd70d86d4586f9e8389a65f4a,https://gadebate.un.org/sites/default/files/gastatements/76/fi_en.pdf,en,1,7,Local cover or explicit delivery statement; external metadata where recorded,Prepared/as-delivered status varies; no systematic video verification
2021_france,2021,FRA,local PDF,data/UNGA76_General_Debate_2021_statements/UNGA76_General_Debate_2021/france__fr_en.pdf,8e223ca8f6cd4b6b7c3be102ec276f3012676b641ad6161ac1c8e50431ea12b9,https://gadebate.un.org/sites/default/files/gastatements/76/fr_en.pdf,en,1,5,Local cover or explicit delivery statement; external metadata where recorded,Prepared/as-delivered status varies; no systematic video verification
2021_gabon,2021,GAB,local PDF,data/UNGA76_General_Debate_2021_statements/UNGA76_General_Debate_2021/gabon__ga_fr.pdf,d17f1e374699575912e354beb905312cd119dae428ac46a104f06c669a3e51f8,https://gadebate.un.org/sites/default/files/gastatements/76/ga_fr.pdf,fr,1,13,Local cover or explicit delivery statement; external metadata where recorded,Prepared/as-delivered status varies; no systematic video verification
2021_georgia,2021,GEO,local PDF,data/UNGA76_General_Debate_2021_statements/UNGA76_General_Debate_2021/georgia__ge_en.pdf,5f9ded5b757dbc3788f6aa93d8091129c7f5ba330b80935060d3929c4cdb8a1d,https://gadebate.un.org/sites/default/files/gastatements/76/ge_en.pdf,en,1,8,Local cover or explicit delivery statement; external metadata where recorded,Prepared/as-delivered status varies; no systematic video verification
2021_ghana,2021,GHA,local PDF,data/UNGA76_General_Debate_2021_statements/UNGA76_General_Debate_2021/ghana__gh_en.pdf,e2d6e5c7143a83df7b17798aabaea773ba3d03bea25b59628341031ce5d050c1,https://gadebate.un.org/sites/default/files/gastatements/76/gh_en.pdf,en,1,6,Local cover or explicit delivery statement; external metadata where recorded,Prepared/as-delivered status varies; no systematic video verification
2021_greece,2021,GRC,local PDF,data/UNGA76_General_Debate_2021_statements/UNGA76_General_Debate_2021/greece__gr_en.pdf,3e9c36523509cd3dc6f7f7a5304549bb619234af269ea838b095273bef2b52f8,https://gadebate.un.org/sites/default/files/gastatements/76/gr_en.pdf,en,1,10,Local cover or explicit delivery statement; external metadata where recorded,Prepared/as-delivered status varies; no systematic video verification
2021_grenada,2021,GRD,local PDF,data/UNGA76_General_Debate_2021_statements/UNGA76_General_Debate_2021/grenada__gd_en.pdf,029430ca7df3b77e7a5f7adb66afacc586abadc6f0ec959013fced07d9c19be8,https://gadebate.un.org/sites/default/files/gastatements/76/gd_en.pdf,en,1,12,Local cover or explicit delivery statement; external metadata where recorded,Prepared/as-delivered status varies; no systematic video verification
2021_guatemala,2021,GTM,local PDF,data/UNGA76_General_Debate_2021_statements/UNGA76_General_Debate_2021/guatemala__gt_es.pdf,62c193bf5f2f11203cdbbfea4ddffa20056b7aae008ec7bd37aa3424fd11fa3b,https://gadebate.un.org/sites/default/files/gastatements/76/gt_es.pdf,es,1,14,Local cover or explicit delivery statement; external metadata where recorded,Prepared/as-delivered status varies; no systematic video verification
2021_guinea,2021,GIN,local PDF,data/UNGA76_General_Debate_2021_statements/UNGA76_General_Debate_2021/guinea__gn_fr.pdf,7edc2ebdb753733b26aa7097f5414884c7204d69d0acbc331a5ab807a983f856,https://gadebate.un.org/sites/default/files/gastatements/76/gn_fr.pdf,fr,1,7,Local cover or explicit delivery statement; external metadata where recorded,Prepared/as-delivered status varies; no systematic video verification
2021_guyana,2021,GUY,local PDF,data/UNGA76_General_Debate_2021_statements/UNGA76_General_Debate_2021/guyana__gy_en.pdf,69cafb331f9c172445cb436e2c93432ef356c43b6b0e3acb2c05ab82b2c09509,https://gadebate.un.org/sites/default/files/gastatements/76/gy_en.pdf,en,1,13,Local cover or explicit delivery statement; external metadata where recorded,Prepared/as-delivered status varies; no systematic video verification
2021_haiti,2021,HTI,local PDF,data/UNGA76_General_Debate_2021_statements/UNGA76_General_Debate_2021/haiti__ht_fr.pdf,743a770b9f31ec416373ac933ee95cde921a4f3f00aef7bb988c2f6fb886898f,https://gadebate.un.org/sites/default/files/gastatements/76/ht_fr.pdf,fr,1,7,Local cover or explicit delivery statement; external metadata where recorded,Prepared/as-delivered status varies; no systematic video verification
2021_honduras,2021,HND,local PDF,data/UNGA76_General_Debate_2021_statements/UNGA76_General_Debate_2021/honduras__hn_es.pdf,4f9b1a807b05bace4bce3ecc6334f98039c12ba8ead64b2d384443ba8e16b00f,https://gadebate.un.org/sites/default/files/gastatements/76/hn_es.pdf,es,1,12,Local cover or explicit delivery statement; external metadata where recorded,Prepared/as-delivered status varies; no systematic video verification
2021_iceland,2021,ISL,local PDF,data/UNGA76_General_Debate_2021_statements/UNGA76_General_Debate_2021/iceland__is_en.pdf,9773412ba32a08aa9ca624e18091e1d71647d43c1c9c25b46f2663719dde5b19,https://gadebate.un.org/sites/default/files/gastatements/76/is_en.pdf,en,1,10,Local cover or explicit delivery statement; external metadata where recorded,Prepared/as-delivered status varies; no systematic video verification
2021_indonesia,2021,IDN,local PDF,data/UNGA76_General_Debate_2021_statements/UNGA76_General_Debate_2021/indonesia__id_en.pdf,694eaf7e9a242c553e261cf7a414fd8dfe0e488bbceeacba82d5a8fb1ceb1ce7,https://gadebate.un.org/sites/default/files/gastatements/76/id_en.pdf,en,1,6,Local cover or explicit delivery statement; external metadata where recorded,Prepared/as-delivered status varies; no systematic video verification
2021_iran-islamic-republic,2021,IRN,local PDF,data/UNGA76_General_Debate_2021_statements/UNGA76_General_Debate_2021/iran-islamic-republic__ir_en.pdf,d745fa5b0645140560440c3d2396302704aa06aaa337ecb92a00dfac56eae400,https://gadebate.un.org/sites/default/files/gastatements/76/ir_en.pdf,en,1,6,Local cover or explicit delivery statement; external metadata where recorded,Prepared/as-delivered status varies; no systematic video verification
2021_iraq,2021,IRQ,local PDF,data/UNGA76_General_Debate_2021_statements/UNGA76_General_Debate_2021/iraq__iq_ar.pdf,275f51d7ff095f6e6e481923e93cd572e8060122b3e5ded1a741f3b7279b0b65,https://gadebate.un.org/sites/default/files/gastatements/76/iq_ar.pdf,ar,1,6,Local cover or explicit delivery statement; external metadata where recorded,Prepared/as-delivered status varies; no systematic video verification
2021_ireland,2021,IRL,local PDF,data/UNGA76_General_Debate_2021_statements/UNGA76_General_Debate_2021/ireland__ie_en.pdf,f93f975bc7c4c3573f042f958f80e34949169b2437add6042f22c3dde2301120,https://gadebate.un.org/sites/default/files/gastatements/76/ie_en.pdf,en,1,19,Local cover or explicit delivery statement; external metadata where recorded,Prepared/as-delivered status varies; no systematic video verification
2021_israel,2021,ISR,local PDF,data/UNGA76_General_Debate_2021_statements/UNGA76_General_Debate_2021/israel__il_en.pdf,224b531c51509f99cc9a21f482d1b97dc4cb526abd5dfdc899dae0fc710079f3,https://gadebate.un.org/sites/default/files/gastatements/76/il_en.pdf,en,1,16,Local cover or explicit delivery statement; external metadata where recorded,Prepared/as-delivered status varies; no systematic video verification
2021_italy,2021,ITA,local PDF,data/UNGA76_General_Debate_2021_statements/UNGA76_General_Debate_2021/italy__it_en.pdf,c541dbf7d9db56f3f1282412725fca065de0753033d6f6452c29e48361a93ce3,https://gadebate.un.org/sites/default/files/gastatements/76/it_en.pdf,en,1,7,Local cover or explicit delivery statement; external metadata where recorded,Prepared/as-delivered status varies; no systematic video verification
2021_jamaica,2021,JAM,local PDF,data/UNGA76_General_Debate_2021_statements/UNGA76_General_Debate_2021/jamaica__jm_en.pdf,ced47083328922498ab1dd7bc7c0047de53e990b7e6218b218ef93bb753d3135,https://gadebate.un.org/sites/default/files/gastatements/76/jm_en.pdf,en,1,9,Local cover or explicit delivery statement; external metadata where recorded,Prepared/as-delivered status varies; no systematic video verification
2021_japan,2021,JPN,local PDF,data/UNGA76_General_Debate_2021_statements/UNGA76_General_Debate_2021/japan__jp_en.pdf,4f0140f908e14b2894e080cd6e01d2420a3250055a6de77b2ebdc741b84c791a,https://gadebate.un.org/sites/default/files/gastatements/76/jp_en.pdf,en,1,6,Local cover or explicit delivery statement; external metadata where recorded,Prepared/as-delivered status varies; no systematic video verification
2021_jordan,2021,JOR,local PDF,data/UNGA76_General_Debate_2021_statements/UNGA76_General_Debate_2021/jordan__jo_en.pdf,5a024f722143f6e814344de1bf7c22153245f95ed476248fbdc869c32906d57d,https://gadebate.un.org/sites/default/files/gastatements/76/jo_en.pdf,en,1,3,Local cover or explicit delivery statement; external metadata where recorded,Prepared/as-delivered status varies; no systematic video verification
2021_kenya,2021,KEN,local PDF,data/UNGA76_General_Debate_2021_statements/UNGA76_General_Debate_2021/kenya__ke_en.pdf,a13ce29e87441f50aab312a77e959d8cf9e9a876a955c0e60b6f4c374ee1278f,https://gadebate.un.org/sites/default/files/gastatements/76/ke_en.pdf,en,1,9,Local cover or explicit delivery statement; external metadata where recorded,Prepared/as-delivered status varies; no systematic video verification
2021_kiribati,2021,KIR,local PDF,data/UNGA76_General_Debate_2021_statements/UNGA76_General_Debate_2021/kiribati__ki_en.pdf,a29ab691a43b5ab42f049fd4eedc2c355dd396df6d5b51d121347418cfc6d0c4,https://gadebate.un.org/sites/default/files/gastatements/76/ki_en.pdf,en,1,6,Local cover or explicit delivery statement; external metadata where recorded,Prepared/as-delivered status varies; no systematic video verification
2021_kuwait,2021,KWT,local PDF,data/UNGA76_General_Debate_2021_statements/UNGA76_General_Debate_2021/kuwait__kw_en.pdf,24ec32e283422b44dc1b04100938e3abef0c70df198fcb59a07ff57fb932e857,https://gadebate.un.org/sites/default/files/gastatements/76/kw_en.pdf,en,1,9,Local cover or explicit delivery statement; external metadata where recorded,Prepared/as-delivered status varies; no systematic video verification
2021_kyrgyzstan,2021,KGZ,local PDF,data/UNGA76_General_Debate_2021_statements/UNGA76_General_Debate_2021/kyrgyzstan__kg_ru.pdf,627afa62f473875d8ee058e0172f248af98aa4026641e316f76fd5c3d256f1ae,https://gadebate.un.org/sites/default/files/gastatements/76/kg_ru.pdf,ru,1,7,Local cover or explicit delivery statement; external metadata where recorded,Prepared/as-delivered status varies; no systematic video verification
2021_lao-peoples-democratic-republic,2021,LAO,local PDF,data/UNGA76_General_Debate_2021_statements/UNGA76_General_Debate_2021/lao-peoples-democratic-republic__la_en.pdf,b8aeb1a860362ca29c19376e651c794c2b3b5bb43e806beb4f459982dced6bb2,https://gadebate.un.org/sites/default/files/gastatements/76/la_en.pdf,en,1,7,Local cover or explicit delivery statement; external metadata where recorded,Prepared/as-delivered status varies; no systematic video verification
2021_latvia,2021,LVA,local PDF,data/UNGA76_General_Debate_2021_statements/UNGA76_General_Debate_2021/latvia__lv_en.pdf,148106144ff3feb67504823730c41509842aa99325cee432947f341717e29291,https://gadebate.un.org/sites/default/files/gastatements/76/lv_en.pdf,en,1,10,Local cover or explicit delivery statement; external metadata where recorded,Prepared/as-delivered status varies; no systematic video verification
2021_lebanon,2021,LBN,local PDF,data/UNGA76_General_Debate_2021_statements/UNGA76_General_Debate_2021/lebanon__lb_en.pdf,2265d4f2addacf88598442fe7cd80890f194e6562943f3059abc94d6e47bfa74,https://gadebate.un.org/sites/default/files/gastatements/76/lb_en.pdf,en,1,5,Local cover or explicit delivery statement; external metadata where recorded,Prepared/as-delivered status varies; no systematic video verification
2021_lesotho,2021,LSO,local PDF,data/UNGA76_General_Debate_2021_statements/UNGA76_General_Debate_2021/lesotho__ls_en.pdf,f0cfdf98ad48a58c701292a8da7e095804c736fb9f7d1ccea9dfeda6d998eef9,https://gadebate.un.org/sites/default/files/gastatements/76/ls_en.pdf,en,1,14,Local cover or explicit delivery statement; external metadata where recorded,Prepared/as-delivered status varies; no systematic video verification
2021_liberia,2021,LBR,local PDF,data/UNGA76_General_Debate_2021_statements/UNGA76_General_Debate_2021/liberia__lr_en.pdf,2c493048871f2a78231740bb68bdad0b61f1afa54f2202d5f173820554c101e9,https://gadebate.un.org/sites/default/files/gastatements/76/lr_en.pdf,en,1,7,Local cover or explicit delivery statement; external metadata where recorded,Prepared/as-delivered status varies; no systematic video verification
2021_libya,2021,LBY,local PDF,data/UNGA76_General_Debate_2021_statements/UNGA76_General_Debate_2021/libya__ly_ar.pdf,2ecc1127c60c0724db7945fe988e8273d7edd4b075fd598d0ca793a90196b396,https://gadebate.un.org/sites/default/files/gastatements/76/ly_ar.pdf,ar,1,17,Local cover or explicit delivery statement; external metadata where recorded,Prepared/as-delivered status varies; no systematic video verification
2021_lithuania,2021,LTU,local PDF,data/UNGA76_General_Debate_2021_statements/UNGA76_General_Debate_2021/lithuania__lt_en.pdf,259bab9d0754435820d12781ec25c0be26b626b6d69211ecfe141435133cb8ea,https://gadebate.un.org/sites/default/files/gastatements/76/lt_en.pdf,en,1,9,Local cover or explicit delivery statement; external metadata where recorded,Prepared/as-delivered status varies; no systematic video verification
2021_madagascar,2021,MDG,local PDF,data/UNGA76_General_Debate_2021_statements/UNGA76_General_Debate_2021/madagascar__mg_fr.pdf,7b6b0204f669e6799a9cfa264ec568f43d1eedbdc80915a58eadbc886ca0f5b2,https://gadebate.un.org/sites/default/files/gastatements/76/mg_fr.pdf,fr,1,5,Local cover or explicit delivery statement; external metadata where recorded,Prepared/as-delivered status varies; no systematic video verification
2021_malawi,2021,MWI,local PDF,data/UNGA76_General_Debate_2021_statements/UNGA76_General_Debate_2021/malawi__mw_en.pdf,2171efc24d18f6513e5908c176996aff9309c396bf6ed7ba1e4d6d042653c0ad,https://gadebate.un.org/sites/default/files/gastatements/76/mw_en.pdf,en,1,13,Local cover or explicit delivery statement; external metadata where recorded,Prepared/as-delivered status varies; no systematic video verification
2021_malaysia,2021,MYS,local PDF,data/UNGA76_General_Debate_2021_statements/UNGA76_General_Debate_2021/malaysia__my_en.pdf,070ea9c81dffd4a1a0f0c81399505d23eade0268585f9e4497614fb05bb20f7a,https://gadebate.un.org/sites/default/files/gastatements/76/my_en.pdf,en,1,12,Local cover or explicit delivery statement; external metadata where recorded,Prepared/as-delivered status varies; no systematic video verification
2021_maldives,2021,MDV,local PDF,data/UNGA76_General_Debate_2021_statements/UNGA76_General_Debate_2021/maldives__mv_en.pdf,984c3237e924703f0f736f6eaeb1817f1206a1dcf6d8053adc5f5f33aca31def,https://gadebate.un.org/sites/default/files/gastatements/76/mv_en.pdf,en,1,13,Local cover or explicit delivery statement; external metadata where recorded,Prepared/as-delivered status varies; no systematic video verification
2021_mali,2021,MLI,local PDF,data/UNGA76_General_Debate_2021_statements/UNGA76_General_Debate_2021/mali__ml_fr.pdf,fd787ce07714584fad9e643259fcbebf5db45e082e9d1385ae13dfa72fc98dd2,https://gadebate.un.org/sites/default/files/gastatements/76/ml_fr.pdf,fr,1,9,Local cover or explicit delivery statement; external metadata where recorded,Prepared/as-delivered status varies; no systematic video verification
2021_malta,2021,MLT,local PDF,data/UNGA76_General_Debate_2021_statements/UNGA76_General_Debate_2021/malta__mt_en.pdf,7119239680bf459ee861daa205dc7fb059b45031498e2aa6b04b7a11bce86289,https://gadebate.un.org/sites/default/files/gastatements/76/mt_en.pdf,en,1,15,Local cover or explicit delivery statement; external metadata where recorded,Prepared/as-delivered status varies; no systematic video verification
2021_mauritania,2021,MRT,local PDF,data/UNGA76_General_Debate_2021_statements/UNGA76_General_Debate_2021/mauritania__mr_fl.pdf,8fd090a49442f92d1b55cb3f803e978247819eb1a418f83bef7249fbb4a9b90b,https://gadebate.un.org/sites/default/files/gastatements/76/mr_fl.pdf,fl,1,14,Local cover or explicit delivery statement; external metadata where recorded,Prepared/as-delivered status varies; no systematic video verification
2021_mauritius,2021,MUS,local PDF,data/UNGA76_General_Debate_2021_statements/UNGA76_General_Debate_2021/mauritius__mu_en.pdf,8a1c86ed596632da1fd96c82a6e042dbbde8008858be2011000fd45b834d51e0,https://gadebate.un.org/sites/default/files/gastatements/76/mu_en.pdf,en,1,8,Local cover or explicit delivery statement; external metadata where recorded,Prepared/as-delivered status varies; no systematic video verification
2021_mexico,2021,MEX,local PDF,data/UNGA76_General_Debate_2021_statements/UNGA76_General_Debate_2021/mexico__mx_es.pdf,07662618e0add48ca9605b8984cb17ee07b85cc34b77b3e52b25d1ec66c3c790,https://gadebate.un.org/sites/default/files/gastatements/76/mx_es.pdf,es,1,11,Local cover or explicit delivery statement; external metadata where recorded,Prepared/as-delivered status varies; no systematic video verification
2021_micronesia-federated-states,2021,FSM,local PDF,data/UNGA76_General_Debate_2021_statements/UNGA76_General_Debate_2021/micronesia-federated-states__fm_en.pdf,808e36d1e9d2deed8e5ab2a323ee252c2350d332b547c599b450496a7716b836,https://gadebate.un.org/sites/default/files/gastatements/76/fm_en.pdf,en,1,5,Local cover or explicit delivery statement; external metadata where recorded,Prepared/as-delivered status varies; no systematic video verification
2021_monaco,2021,MCO,local PDF,data/UNGA76_General_Debate_2021_statements/UNGA76_General_Debate_2021/monaco__mc_fr.pdf,53b0653515bb41d9348df0563f18716862042a3afb4e6aabed347549f3bdf1f1,https://gadebate.un.org/sites/default/files/gastatements/76/mc_fr.pdf,fr,1,16,Local cover or explicit delivery statement; external metadata where recorded,Prepared/as-delivered status varies; no systematic video verification
2021_montenegro,2021,MNE,local PDF,data/UNGA76_General_Debate_2021_statements/UNGA76_General_Debate_2021/montenegro__me_en.pdf,40b32c097d14cebab44cebb91180a3bdf3254b1b9423daf347ab1d25a38127f8,https://gadebate.un.org/sites/default/files/gastatements/76/me_en.pdf,en,1,5,Local cover or explicit delivery statement; external metadata where recorded,Prepared/as-delivered status varies; no systematic video verification
2021_morocco,2021,MAR,local PDF,data/UNGA76_General_Debate_2021_statements/UNGA76_General_Debate_2021/morocco__ma_ar.pdf,d01fea28ab33271e6508dfaa28165c82acca15990c071fdbe2a0e07accf4549d,https://gadebate.un.org/sites/default/files/gastatements/76/ma_ar.pdf,ar,1,11,Local cover or explicit delivery statement; external metadata where recorded,Prepared/as-delivered status varies; no systematic video verification
2021_mozambique,2021,MOZ,local PDF,data/UNGA76_General_Debate_2021_statements/UNGA76_General_Debate_2021/mozambique__my_en_1.pdf,5c863acaec7bf88095e640ec0a5bcefbfac3ec5d1eede117d6db9137049a18de,https://gadebate.un.org/sites/default/files/gastatements/76/my_en_1.pdf,en,1,11,Local cover or explicit delivery statement; external metadata where recorded,Prepared/as-delivered status varies; no systematic video verification
2021_namibia,2021,NAM,local PDF,data/UNGA76_General_Debate_2021_statements/UNGA76_General_Debate_2021/namibia__na_en.pdf,0bab3b99bcbba786ed4f3848a5331d360ca724642f4f4d7dadaf2a1b06170a73,https://gadebate.un.org/sites/default/files/gastatements/76/na_en.pdf,en,1,14,Local cover or explicit delivery statement; external metadata where recorded,Prepared/as-delivered status varies; no systematic video verification
2021_nauru,2021,NRU,local PDF,data/UNGA76_General_Debate_2021_statements/UNGA76_General_Debate_2021/nauru__nr_en.pdf,2644616227a4ee0625dc6d2ad99f0e24e48085c7a9ee40b3b4f2096055512927,https://gadebate.un.org/sites/default/files/gastatements/76/nr_en.pdf,en,1,8,Local cover or explicit delivery statement; external metadata where recorded,Prepared/as-delivered status varies; no systematic video verification
2021_nepal,2021,NPL,local PDF,data/UNGA76_General_Debate_2021_statements/UNGA76_General_Debate_2021/nepal__np_en.pdf,ed125419aa38f3ec3b48c2600c6fa818fdc7b2365673c74f9cd13ea2ba60b184,https://gadebate.un.org/sites/default/files/gastatements/76/np_en.pdf,en,1,19,Local cover or explicit delivery statement; external metadata where recorded,Prepared/as-delivered status varies; no systematic video verification
2021_new-zealand,2021,NZL,local PDF,data/UNGA76_General_Debate_2021_statements/UNGA76_General_Debate_2021/new-zealand__nz_en.pdf,1c34390afca96efcee372b3bc211677c480173d97da869b698d0db0ce5c94b97,https://gadebate.un.org/sites/default/files/gastatements/76/nz_en.pdf,en,1,7,Local cover or explicit delivery statement; external metadata where recorded,Prepared/as-delivered status varies; no systematic video verification
2021_nicaragua,2021,NIC,local PDF,data/UNGA76_General_Debate_2021_statements/UNGA76_General_Debate_2021/nicaragua__ni_es.pdf,4ea01ac6359f3217189178d537249dddf9d6937baf4fb715954b29c74531c8ad,https://gadebate.un.org/sites/default/files/gastatements/76/ni_es.pdf,es,1,30,Local cover or explicit delivery statement; external metadata where recorded,Prepared/as-delivered status varies; no systematic video verification
2021_niger,2021,NER,local PDF,data/UNGA76_General_Debate_2021_statements/UNGA76_General_Debate_2021/niger__ne_fr.pdf,cf7be215a4c3d6cc713b5323698c7b88a659aa7bd200003513d6e8c2973b314d,https://gadebate.un.org/sites/default/files/gastatements/76/ne_fr.pdf,fr,1,11,Local cover or explicit delivery statement; external metadata where recorded,Prepared/as-delivered status varies; no systematic video verification
2021_nigeria,2021,NGA,local PDF,data/UNGA76_General_Debate_2021_statements/UNGA76_General_Debate_2021/nigeria__ng_en.pdf,2d76662c957260c7b411a2622408c619a5d32a01148e14b3434d97a542e01c63,https://gadebate.un.org/sites/default/files/gastatements/76/ng_en.pdf,en,1,14,Local cover or explicit delivery statement; external metadata where recorded,Prepared/as-delivered status varies; no systematic video verification
2021_north-macedonia,2021,MKD,local PDF,data/UNGA76_General_Debate_2021_statements/UNGA76_General_Debate_2021/north-macedonia__mk_en.pdf,4bba11a458589a9258958e3a75e11a9b8b633b91bd2a0859cfb896585d6109fd,https://gadebate.un.org/sites/default/files/gastatements/76/mk_en.pdf,en,1,5,Local cover or explicit delivery statement; external metadata where recorded,Prepared/as-delivered status varies; no systematic video verification
2021_pakistan,2021,PAK,local PDF,data/UNGA76_General_Debate_2021_statements/UNGA76_General_Debate_2021/pakistan__pk_en.pdf,672d7a9d98fa750dab50ec099f64b4404b4ddd6d2440b1363f8b98b2ef84f99c,https://gadebate.un.org/sites/default/files/gastatements/76/pk_en.pdf,en,1,10,Local cover or explicit delivery statement; external metadata where recorded,Prepared/as-delivered status varies; no systematic video verification
2021_palau,2021,PLW,local PDF,data/UNGA76_General_Debate_2021_statements/UNGA76_General_Debate_2021/palau__pw_en.pdf,4263e96523fa96a8d552865242f8f068248615b155cfb3abe55013a0ebcd690e,https://gadebate.un.org/sites/default/files/gastatements/76/pw_en.pdf,en,1,6,Local cover or explicit delivery statement; external metadata where recorded,Prepared/as-delivered status varies; no systematic video verification
2021_panama,2021,PAN,local PDF,data/UNGA76_General_Debate_2021_statements/UNGA76_General_Debate_2021/panama__pa_es.pdf,f5258a294dd371864d8e0fabbf7afa2de858bc5e00434f92a0d84b39af4f6a04,https://gadebate.un.org/sites/default/files/gastatements/76/pa_es.pdf,es,1,4,Local cover or explicit delivery statement; external metadata where recorded,Prepared/as-delivered status varies; no systematic video verification
2021_papua-new-guinea,2021,PNG,local PDF,data/UNGA76_General_Debate_2021_statements/UNGA76_General_Debate_2021/papua-new-guinea__pg_en.pdf,7efb098b7a75471a103678ab38e8b8f89140aaaa29506a8241b96c946c8abf32,https://gadebate.un.org/sites/default/files/gastatements/76/pg_en.pdf,en,1,24,Local cover or explicit delivery statement; external metadata where recorded,Prepared/as-delivered status varies; no systematic video verification
2021_paraguay,2021,PRY,local PDF,data/UNGA76_General_Debate_2021_statements/UNGA76_General_Debate_2021/paraguay__py_es.pdf,5a4651e164396d19b801f4a848cc1462e12cd8c4403356eb46b11f9bb88cb46b,https://gadebate.un.org/sites/default/files/gastatements/76/py_es.pdf,es,1,7,Local cover or explicit delivery statement; external metadata where recorded,Prepared/as-delivered status varies; no systematic video verification
2021_peru,2021,PER,local PDF,data/UNGA76_General_Debate_2021_statements/UNGA76_General_Debate_2021/peru__pe_es.pdf,31517d8f4290b41fe9bab3418aaef7753cfef7a3d6fd59289d91ebee7c1dc568,https://gadebate.un.org/sites/default/files/gastatements/76/pe_es.pdf,es,1,15,Local cover or explicit delivery statement; external metadata where recorded,Prepared/as-delivered status varies; no systematic video verification
2021_philippines,2021,PHL,local PDF,data/UNGA76_General_Debate_2021_statements/UNGA76_General_Debate_2021/philippines__ph_en.pdf,a82cffd92a9fdda3422d291e40247a4e18c27dd37757e20a327d72bd2f4507c0,https://gadebate.un.org/sites/default/files/gastatements/76/ph_en.pdf,en,1,5,Local cover or explicit delivery statement; external metadata where recorded,Prepared/as-delivered status varies; no systematic video verification
2021_poland,2021,POL,local PDF,data/UNGA76_General_Debate_2021_statements/UNGA76_General_Debate_2021/poland__pl_en.pdf,e90a6ef915a67666c090c83d897f84a8654ce68935f66e301daab8dfc067d65e,https://gadebate.un.org/sites/default/files/gastatements/76/pl_en.pdf,en,1,8,Local cover or explicit delivery statement; external metadata where recorded,Prepared/as-delivered status varies; no systematic video verification
2021_portugal,2021,PRT,local PDF,data/UNGA76_General_Debate_2021_statements/UNGA76_General_Debate_2021/portugal__pt_en.pdf,948821b2e9c0bc5492646bf64a78ba32002422e4daab4d01fa50e56997a1dea8,https://gadebate.un.org/sites/default/files/gastatements/76/pt_en.pdf,en,1,7,Local cover or explicit delivery statement; external metadata where recorded,Prepared/as-delivered status varies; no systematic video verification
2021_qatar,2021,QAT,local PDF,data/UNGA76_General_Debate_2021_statements/UNGA76_General_Debate_2021/qatar__qa_en.pdf,ab2e698ac2b7285f2890128da8603d16d5931dff03bb87965629b8c65c9b32e8,https://gadebate.un.org/sites/default/files/gastatements/76/qa_en.pdf,en,1,8,Local cover or explicit delivery statement; external metadata where recorded,Prepared/as-delivered status varies; no systematic video verification
2021_republic-korea,2021,KOR,local PDF,data/UNGA76_General_Debate_2021_statements/UNGA76_General_Debate_2021/republic-korea__kr_en.pdf,1cc7f94183e65af1d7a7031aaed726a9cd2d22f5b73cf29a8eabf8fc857d225b,https://gadebate.un.org/sites/default/files/gastatements/76/kr_en.pdf,en,1,7,Local cover or explicit delivery statement; external metadata where recorded,Prepared/as-delivered status varies; no systematic video verification
2021_republic-moldova,2021,MDA,local PDF,data/UNGA76_General_Debate_2021_statements/UNGA76_General_Debate_2021/republic-moldova__md_en.pdf,7015ba1511c9dd89cad9db33d23e9ada7c8f256524aa08b0321054c2219439ee,https://gadebate.un.org/sites/default/files/gastatements/76/md_en.pdf,en,1,4,Local cover or explicit delivery statement; external metadata where recorded,Prepared/as-delivered status varies; no systematic video verification
2021_romania,2021,ROU,local PDF,data/UNGA76_General_Debate_2021_statements/UNGA76_General_Debate_2021/romania__ro_en.pdf,807a1d6cf887a3c605414ab9a2278102f7e1601fde38b2abb5bf3f4b7e9bd2c5,https://gadebate.un.org/sites/default/files/gastatements/76/ro_en.pdf,en,1,4,Local cover or explicit delivery statement; external metadata where recorded,Prepared/as-delivered status varies; no systematic video verification
2021_rwanda,2021,RWA,local PDF,data/UNGA76_General_Debate_2021_statements/UNGA76_General_Debate_2021/rwanda__rw_en.pdf,2e4d2979c3b28f4d2524e56d7e6e7de5775fdf6f4875e0459e9634a3b845350c,https://gadebate.un.org/sites/default/files/gastatements/76/rw_en.pdf,en,1,7,Local cover or explicit delivery statement; external metadata where recorded,Prepared/as-delivered status varies; no systematic video verification
2021_saint-kitts-and-nevis,2021,KNA,local PDF,data/UNGA76_General_Debate_2021_statements/UNGA76_General_Debate_2021/saint-kitts-and-nevis__kn_en.pdf,6b626cd5d1abf65ab94ff65ae250aa97d42ab0abef545a0c9c85a9d7630bd617,https://gadebate.un.org/sites/default/files/gastatements/76/kn_en.pdf,en,1,8,Local cover or explicit delivery statement; external metadata where recorded,Prepared/as-delivered status varies; no systematic video verification
2021_saint-lucia,2021,LCA,local PDF,data/UNGA76_General_Debate_2021_statements/UNGA76_General_Debate_2021/saint-lucia__lc_en.pdf,a9ca067f08884f6031af8449fded54e65d647e809cf1b265c78ffcb0ebdd369b,https://gadebate.un.org/sites/default/files/gastatements/76/lc_en.pdf,en,1,7,Local cover or explicit delivery statement; external metadata where recorded,Prepared/as-delivered status varies; no systematic video verification
2021_saint-vincent-and-grenadines,2021,VCT,local PDF,data/UNGA76_General_Debate_2021_statements/UNGA76_General_Debate_2021/saint-vincent-and-grenadines__vc_en.pdf,65a21d9c12081759072f9756ea17f9727537e9d02ca5b46c89682dda89d80936,https://gadebate.un.org/sites/default/files/gastatements/76/vc_en.pdf,en,1,13,Local cover or explicit delivery statement; external metadata where recorded,Prepared/as-delivered status varies; no systematic video verification
2021_san-marino,2021,SMR,local PDF,data/UNGA76_General_Debate_2021_statements/UNGA76_General_Debate_2021/san-marino__sm_en.pdf,6b9e720d92bfb3330c3c6c1e6a975011a3e66d0e6846332cc20fde2bb301ca8c,https://gadebate.un.org/sites/default/files/gastatements/76/sm_en.pdf,en,1,8,Local cover or explicit delivery statement; external metadata where recorded,Prepared/as-delivered status varies; no systematic video verification
2021_sao-tome-and-principe,2021,STP,local PDF,data/UNGA76_General_Debate_2021_statements/UNGA76_General_Debate_2021/sao-tome-and-principe__st_fr.pdf,ef22d349c30db69cd4596aa21eb76e0e68ae2a2cdba61906baeccf2ab3aa9b28,https://gadebate.un.org/sites/default/files/gastatements/76/st_fr.pdf,fr,1,13,Local cover or explicit delivery statement; external metadata where recorded,Prepared/as-delivered status varies; no systematic video verification
2021_saudi-arabia,2021,SAU,local PDF,data/UNGA76_General_Debate_2021_statements/UNGA76_General_Debate_2021/saudi-arabia__sa_en.pdf,3df2cfb608efa5e92003baa62210d2eebdbff9c96d4303ce2e9aaaa88430116f,https://gadebate.un.org/sites/default/files/gastatements/76/sa_en.pdf,en,1,3,Local cover or explicit delivery statement; external metadata where recorded,Prepared/as-delivered status varies; no systematic video verification
2021_senegal,2021,SEN,local PDF,data/UNGA76_General_Debate_2021_statements/UNGA76_General_Debate_2021/senegal__sn_fr.pdf,29a6810be9c5f38db4d7a2ffeb5db5097e7a8fc35b902e937541b8a40f2f9130,https://gadebate.un.org/sites/default/files/gastatements/76/sn_fr.pdf,fr,1,7,Local cover or explicit delivery statement; external metadata where recorded,Prepared/as-delivered status varies; no systematic video verification
2021_serbia,2021,SRB,local PDF,data/UNGA76_General_Debate_2021_statements/UNGA76_General_Debate_2021/serbia__rs_en.pdf,e8463528f9e6c2b8c05d05afd0ee550c9666a2f492ae8f1c295ca6f518ef11a3,https://gadebate.un.org/sites/default/files/gastatements/76/rs_en.pdf,en,1,9,Local cover or explicit delivery statement; external metadata where recorded,Prepared/as-delivered status varies; no systematic video verification
2021_seychelles,2021,SYC,local PDF,data/UNGA76_General_Debate_2021_statements/UNGA76_General_Debate_2021/seychelles__sc_en.pdf,63abf4352f9e4c6d9efb1107f847c4f04f0e608d0311587c64248e837fb5c506,https://gadebate.un.org/sites/default/files/gastatements/76/sc_en.pdf,en,1,4,Local cover or explicit delivery statement; external metadata where recorded,Prepared/as-delivered status varies; no systematic video verification
2021_sierra-leone,2021,SLE,local PDF,data/UNGA76_General_Debate_2021_statements/UNGA76_General_Debate_2021/sierra-leone__sl_en.pdf,79e08dbb4bf67537dc12a4c5c4a347c4fb688d2ffb45b22935562cccfd68fdc9,https://gadebate.un.org/sites/default/files/gastatements/76/sl_en.pdf,en,1,10,Local cover or explicit delivery statement; external metadata where recorded,Prepared/as-delivered status varies; no systematic video verification
2021_singapore,2021,SGP,local PDF,data/UNGA76_General_Debate_2021_statements/UNGA76_General_Debate_2021/singapore__sg_en.pdf,b1b0f2a631c53c0f95fdb69d29f56b12de394151e8c6c9e665e988e2d227bd82,https://gadebate.un.org/sites/default/files/gastatements/76/sg_en.pdf,en,1,12,Local cover or explicit delivery statement; external metadata where recorded,Prepared/as-delivered status varies; no systematic video verification
2021_slovakia,2021,SVK,local PDF,data/UNGA76_General_Debate_2021_statements/UNGA76_General_Debate_2021/slovakia__sk_en.pdf,f25b8b81f199733470c806620708c9bad430b0d48ea0cb8ac2d418227e99d887,https://gadebate.un.org/sites/default/files/gastatements/76/sk_en.pdf,en,1,4,Local cover or explicit delivery statement; external metadata where recorded,Prepared/as-delivered status varies; no systematic video verification
2021_slovenia,2021,SVN,local PDF,data/UNGA76_General_Debate_2021_statements/UNGA76_General_Debate_2021/slovenia__si_en.pdf,f97b28942eb3ad5cf5894b5643532b62e412ea79b7d0af078d8653ff0ef12713,https://gadebate.un.org/sites/default/files/gastatements/76/si_en.pdf,en,1,3,Local cover or explicit delivery statement; external metadata where recorded,Prepared/as-delivered status varies; no systematic video verification
2021_solomon-islands,2021,SLB,local PDF,data/UNGA76_General_Debate_2021_statements/UNGA76_General_Debate_2021/solomon-islands__sb_en.pdf,d020fd689237ba58fbf397e4286e399d0a8aaf85c8eec8d4edb02f6b5dcd5c46,https://gadebate.un.org/sites/default/files/gastatements/76/sb_en.pdf,en,1,15,Local cover or explicit delivery statement; external metadata where recorded,Prepared/as-delivered status varies; no systematic video verification
2021_somalia,2021,SOM,local PDF,data/UNGA76_General_Debate_2021_statements/UNGA76_General_Debate_2021/somalia__so_en.pdf,d129469b73cabba4a17451bfaf9875a0066441431924d360f603b363e0169aec,https://gadebate.un.org/sites/default/files/gastatements/76/so_en.pdf,en,1,5,Local cover or explicit delivery statement; external metadata where recorded,Prepared/as-delivered status varies; no systematic video verification
2021_south-africa,2021,ZAF,local PDF,data/UNGA76_General_Debate_2021_statements/UNGA76_General_Debate_2021/south-africa__za_en.pdf,9f618b8684cc0ea9cb95cc50a0c1938714b566714ba49f3cf70ac4acf0871593,https://gadebate.un.org/sites/default/files/gastatements/76/za_en.pdf,en,1,6,Local cover or explicit delivery statement; external metadata where recorded,Prepared/as-delivered status varies; no systematic video verification
2021_south-sudan,2021,SSD,local PDF,data/UNGA76_General_Debate_2021_statements/UNGA76_General_Debate_2021/south-sudan__ss_en.pdf,67226eac2fb8bbe2b3b5b98040dcc6b4d22ee0748177c4a03f34f65b5cbe3355,https://gadebate.un.org/sites/default/files/gastatements/76/ss_en.pdf,en,1,8,Local cover or explicit delivery statement; external metadata where recorded,Prepared/as-delivered status varies; no systematic video verification
2021_sri-lanka,2021,LKA,local PDF,data/UNGA76_General_Debate_2021_statements/UNGA76_General_Debate_2021/sri-lanka__lk_en.pdf,d84688d096f1aa7fde6412bbb52ede1cf74d642bc2dd82541a2af33d6029300a,https://gadebate.un.org/sites/default/files/gastatements/76/lk_en.pdf,en,1,4,Local cover or explicit delivery statement; external metadata where recorded,Prepared/as-delivered status varies; no systematic video verification
2021_sudan,2021,SDN,local PDF,data/UNGA76_General_Debate_2021_statements/UNGA76_General_Debate_2021/sudan__sd_ar.pdf,9c87c98b2289bda3ae8a5ee0bdaf768d8f711efa85b7041b71fb3b86fd8056bb,https://gadebate.un.org/sites/default/files/gastatements/76/sd_ar.pdf,ar,1,8,Local cover or explicit delivery statement; external metadata where recorded,Prepared/as-delivered status varies; no systematic video verification
2021_suriname,2021,SUR,local PDF,data/UNGA76_General_Debate_2021_statements/UNGA76_General_Debate_2021/suriname__sr_en.pdf,4f0e65c91ca595eaf21be7cfa6879888175a28e9c35be5447397d86415525930,https://gadebate.un.org/sites/default/files/gastatements/76/sr_en.pdf,en,1,6,Local cover or explicit delivery statement; external metadata where recorded,Prepared/as-delivered status varies; no systematic video verification
2021_sweden,2021,SWE,local PDF,data/UNGA76_General_Debate_2021_statements/UNGA76_General_Debate_2021/sweden__se_en.pdf,9a086349c5155654f5b08f591d32859f719450bfe7ef0b8127bc4a5ea7f25f56,https://gadebate.un.org/sites/default/files/gastatements/76/se_en.pdf,en,1,6,Local cover or explicit delivery statement; external metadata where recorded,Prepared/as-delivered status varies; no systematic video verification
2021_switzerland,2021,CHE,local PDF,data/UNGA76_General_Debate_2021_statements/UNGA76_General_Debate_2021/switzerland__ch_en.pdf,ef44070fd8b690cb1834c1665570f2457c7a8878b3af5bba26660636d1b71077,https://gadebate.un.org/sites/default/files/gastatements/76/ch_en.pdf,en,1,4,Local cover or explicit delivery statement; external metadata where recorded,Prepared/as-delivered status varies; no systematic video verification
2021_syrian-arab-republic,2021,SYR,local PDF,data/UNGA76_General_Debate_2021_statements/UNGA76_General_Debate_2021/syrian-arab-republic__sy_en.pdf,f1a333bef0bfcf6a0a97b249d609631fc0431838e31c9377255507651593625d,https://gadebate.un.org/sites/default/files/gastatements/76/sy_en.pdf,en,1,10,Local cover or explicit delivery statement; external metadata where recorded,Prepared/as-delivered status varies; no systematic video verification
2021_tajikistan,2021,TJK,local PDF,data/UNGA76_General_Debate_2021_statements/UNGA76_General_Debate_2021/tajikistan__tj_en.pdf,b568ffd0e79464d9ecb958c2793db634bf0d21400b1643bbd11aa7fb849fe7de,https://gadebate.un.org/sites/default/files/gastatements/76/tj_en.pdf,en,1,8,Local cover or explicit delivery statement; external metadata where recorded,Prepared/as-delivered status varies; no systematic video verification
2021_thailand,2021,THA,local PDF,data/UNGA76_General_Debate_2021_statements/UNGA76_General_Debate_2021/thailand__th_en.pdf,8296c9ddbd8a3130b5f6c396302a22795f1f8bcf4eaef3a0a44a4beec8a7d0fa,https://gadebate.un.org/sites/default/files/gastatements/76/th_en.pdf,en,1,8,Local cover or explicit delivery statement; external metadata where recorded,Prepared/as-delivered status varies; no systematic video verification
2021_timor-leste,2021,TLS,local PDF,data/UNGA76_General_Debate_2021_statements/UNGA76_General_Debate_2021/timor-leste__tl_en.pdf,2c59c5a25f5743a316db3ffa226da3dc179d23ea3bd2d8443810513c197ea744,https://gadebate.un.org/sites/default/files/gastatements/76/tl_en.pdf,en,1,8,Local cover or explicit delivery statement; external metadata where recorded,Prepared/as-delivered status varies; no systematic video verification
2021_togo,2021,TGO,local PDF,data/UNGA76_General_Debate_2021_statements/UNGA76_General_Debate_2021/togo__vn_en.pdf,de3bb0c4067d4341fad90a45d637517e5702374dec28a9f03d0a4aac3ec242ad,https://gadebate.un.org/sites/default/files/gastatements/76/vn_en.pdf,en,1,7,Local cover or explicit delivery statement; external metadata where recorded,Prepared/as-delivered status varies; no systematic video verification
2021_tonga,2021,TON,local PDF,data/UNGA76_General_Debate_2021_statements/UNGA76_General_Debate_2021/tonga__to_en_0.pdf,017d934677b974117535dff8665059fb2c01d69014ba841b07b6498ea80ce4f4,https://gadebate.un.org/sites/default/files/gastatements/76/to_en_0.pdf,en,1,5,Local cover or explicit delivery statement; external metadata where recorded,Prepared/as-delivered status varies; no systematic video verification
2021_trinidad-and-tobago,2021,TTO,local PDF,data/UNGA76_General_Debate_2021_statements/UNGA76_General_Debate_2021/trinidad-and-tobago__tt_en.pdf,023a68db9345b62aa03fefcc4d7fdbd79b19b60f6f7c528051e557206df2b5b2,https://gadebate.un.org/sites/default/files/gastatements/76/tt_en.pdf,en,1,7,Local cover or explicit delivery statement; external metadata where recorded,Prepared/as-delivered status varies; no systematic video verification
2021_tunisia,2021,TUN,local PDF,data/UNGA76_General_Debate_2021_statements/UNGA76_General_Debate_2021/tunisia__tn_ar.pdf,04ddc5e47309f905d109b4169548cb372a13e3adafc0df9897a29d22a23e4464,https://gadebate.un.org/sites/default/files/gastatements/76/tn_ar.pdf,ar,1,6,Local cover or explicit delivery statement; external metadata where recorded,Prepared/as-delivered status varies; no systematic video verification
2021_turkmenistan,2021,TKM,local PDF,data/UNGA76_General_Debate_2021_statements/UNGA76_General_Debate_2021/turkmenistan__tm_en_1.pdf,5695da7647f15f5aa3990c0b8620e762376de47a578377f3a7bbc96f06553410,https://gadebate.un.org/sites/default/files/gastatements/76/tm_en_1.pdf,en,1,5,Local cover or explicit delivery statement; external metadata where recorded,Prepared/as-delivered status varies; no systematic video verification
2021_tuvalu,2021,TUV,local PDF,data/UNGA76_General_Debate_2021_statements/UNGA76_General_Debate_2021/tuvalu__tv_en.pdf,56c6298c40c77bda1cbb18b799f033e80231ae51746dad1240fc10fc03ba702a,https://gadebate.un.org/sites/default/files/gastatements/76/tv_en.pdf,en,1,6,Local cover or explicit delivery statement; external metadata where recorded,Prepared/as-delivered status varies; no systematic video verification
2021_uganda,2021,UGA,local PDF,data/UNGA76_General_Debate_2021_statements/UNGA76_General_Debate_2021/uganda__ug_en.pdf,a119abba77b1b5078e1b2248aa17f06549c9a3572fd19f86fc074223a77d13b4,https://gadebate.un.org/sites/default/files/gastatements/76/ug_en.pdf,en,1,12,Local cover or explicit delivery statement; external metadata where recorded,Prepared/as-delivered status varies; no systematic video verification
2021_ukraine,2021,UKR,local PDF,data/UNGA76_General_Debate_2021_statements/UNGA76_General_Debate_2021/ukraine__ua_en.pdf,c46660d940671dd10752e6421dcd4242e0824892376bc553b2082531acd6f72a,https://gadebate.un.org/sites/default/files/gastatements/76/ua_en.pdf,en,1,4,Local cover or explicit delivery statement; external metadata where recorded,Prepared/as-delivered status varies; no systematic video verification
2021_united-arab-emirates,2021,ARE,local PDF,data/UNGA76_General_Debate_2021_statements/UNGA76_General_Debate_2021/united-arab-emirates__ae_en.pdf,ad9c50d738507376247b5d6872cd8ebcbd7eb4e50d717e8658374018fff496ca,https://gadebate.un.org/sites/default/files/gastatements/76/ae_en.pdf,en,1,5,Local cover or explicit delivery statement; external metadata where recorded,Prepared/as-delivered status varies; no systematic video verification
2021_united-republic-tanzania,2021,TZA,local PDF,data/UNGA76_General_Debate_2021_statements/UNGA76_General_Debate_2021/united-republic-tanzania__tz_en.pdf,2e09810fa6c5403ddcd24414c1899c5c4ef9a0481c09bcbaf955c0e7894330ac,https://gadebate.un.org/sites/default/files/gastatements/76/tz_en.pdf,en,1,17,Local cover or explicit delivery statement; external metadata where recorded,Prepared/as-delivered status varies; no systematic video verification
2021_uzbekistan,2021,UZB,local PDF,data/UNGA76_General_Debate_2021_statements/UNGA76_General_Debate_2021/uzbekistan__uz_en.pdf,954c2f2f6caee20e17d9d580f91ad68e44dffda87b190f8c76ac1f91efde23b9,https://gadebate.un.org/sites/default/files/gastatements/76/uz_en.pdf,en,1,6,Local cover or explicit delivery statement; external metadata where recorded,Prepared/as-delivered status varies; no systematic video verification
2021_vanuatu,2021,VUT,local PDF,data/UNGA76_General_Debate_2021_statements/UNGA76_General_Debate_2021/vanuatu__vu_en.pdf,c9c0fc3fd33bd97b4a22a8dd333672acb9b22bcc660dde386457cbdace73a1ea,https://gadebate.un.org/sites/default/files/gastatements/76/vu_en.pdf,en,1,10,Local cover or explicit delivery statement; external metadata where recorded,Prepared/as-delivered status varies; no systematic video verification
2021_venezuela-bolivarian-republic,2021,VEN,local PDF,data/UNGA76_General_Debate_2021_statements/UNGA76_General_Debate_2021/venezuela-bolivarian-republic__ve_es.pdf,ceaaf873776f643149dc51c4b519d24af03853daec692bc6de34b615b6db75b5,https://gadebate.un.org/sites/default/files/gastatements/76/ve_es.pdf,es,1,6,Local cover or explicit delivery statement; external metadata where recorded,Prepared/as-delivered status varies; no systematic video verification
2021_viet-nam,2021,VNM,local PDF,data/UNGA76_General_Debate_2021_statements/UNGA76_General_Debate_2021/viet-nam__cv_en_1.pdf,dd7a723eb8d8e77451c699d3391f207bf0b205360c1cd6460d6be154fb1a217c,https://gadebate.un.org/sites/default/files/gastatements/76/cv_en_1.pdf,en,1,12,Local cover or explicit delivery statement; external metadata where recorded,Prepared/as-delivered status varies; no systematic video verification
2021_yemen,2021,YEM,local PDF,data/UNGA76_General_Debate_2021_statements/UNGA76_General_Debate_2021/yemen__ye_ar.pdf,4a6c7fd18e870aa1194016a65fdac6b23cca48ca33c1cdc1bfef14d5ccdace86,https://gadebate.un.org/sites/default/files/gastatements/76/ye_ar.pdf,ar,1,10,Local cover or explicit delivery statement; external metadata where recorded,Prepared/as-delivered status varies; no systematic video verification
2022_albania,2022,ALB,local PDF,data/UNGA77_General_Debate_2022_statements/UNGA77_General_Debate_2022/albania__al_en.pdf,0d5ac9602d52b643c1c4c1b5b9cf201a38bd65320482da5894bcbf5b9cc33d7e,https://gadebate.un.org/sites/default/files/gastatements/77/al_en.pdf,en,1,20,Local cover or explicit delivery statement; external metadata where recorded,Prepared/as-delivered status varies; no systematic video verification
2022_algeria,2022,DZA,local PDF,data/UNGA77_General_Debate_2022_statements/UNGA77_General_Debate_2022/algeria__dz_ar.pdf,78e071c06de44a234ce7b47e5a338e2ef52f2472df239a6fb792af93121a4a64,https://gadebate.un.org/sites/default/files/gastatements/77/dz_ar.pdf,ar,1,11,Local cover or explicit delivery statement; external metadata where recorded,Prepared/as-delivered status varies; no systematic video verification
2022_andorra,2022,AND,local PDF,data/UNGA77_General_Debate_2022_statements/UNGA77_General_Debate_2022/andorra__ad_en.pdf,24cf9e31a7cc3dd5daf90940dedbab141d67090270d76d3e223f4df91f77615c,https://gadebate.un.org/sites/default/files/gastatements/77/ad_en.pdf,en,1,9,Local cover or explicit delivery statement; external metadata where recorded,Prepared/as-delivered status varies; no systematic video verification
2022_angola,2022,AGO,local PDF,data/UNGA77_General_Debate_2022_statements/UNGA77_General_Debate_2022/angola__ao_en.pdf,1d8467627a70cc5251962de24b4bd21b7b2cecbbfb23079411636441785fe4df,https://gadebate.un.org/sites/default/files/gastatements/77/ao_en.pdf,en,1,10,Local cover or explicit delivery statement; external metadata where recorded,Prepared/as-delivered status varies; no systematic video verification
2022_antigua-and-barbuda,2022,ATG,local PDF,data/UNGA77_General_Debate_2022_statements/UNGA77_General_Debate_2022/antigua-and-barbuda__ag_en.pdf,ab3baa0c123807e71a128fdd90a4facad6df73dd68890f0dce70b2f903247414,https://gadebate.un.org/sites/default/files/gastatements/77/ag_en.pdf,en,1,14,Local cover or explicit delivery statement; external metadata where recorded,Prepared/as-delivered status varies; no systematic video verification
2022_argentina,2022,ARG,local PDF,data/UNGA77_General_Debate_2022_statements/UNGA77_General_Debate_2022/argentina__ar_es.pdf,5bd1eb0857bef663ca0d2468125999b0b3969b6d65f1456ea50f56e77cc08ed7,https://gadebate.un.org/sites/default/files/gastatements/77/ar_es.pdf,es,1,9,Local cover or explicit delivery statement; external metadata where recorded,Prepared/as-delivered status varies; no systematic video verification
2022_armenia,2022,ARM,local PDF,data/UNGA77_General_Debate_2022_statements/UNGA77_General_Debate_2022/armenia__am_en.pdf,ef6ed587fd6138ddb41f72e56c3b29e9915420d4b7c71742a44e79352dd67920,https://gadebate.un.org/sites/default/files/gastatements/77/am_en.pdf,en,1,8,Local cover or explicit delivery statement; external metadata where recorded,Prepared/as-delivered status varies; no systematic video verification
2022_australia,2022,AUS,local PDF,data/UNGA77_General_Debate_2022_statements/UNGA77_General_Debate_2022/australia__au_en.pdf,6b3056e386bd23fd674d5cc0341819370d0679b44bc1d8ad2ed15398020687f4,https://gadebate.un.org/sites/default/files/gastatements/77/au_en.pdf,en,1,8,Local cover or explicit delivery statement; external metadata where recorded,Prepared/as-delivered status varies; no systematic video verification
2022_austria,2022,AUT,local PDF,data/UNGA77_General_Debate_2022_statements/UNGA77_General_Debate_2022/austria__at_en.pdf,ec478be9bc4d9319e5c22c524501c2522d654a54e3a5bc65d84d60e27d1dc2f2,https://gadebate.un.org/sites/default/files/gastatements/77/at_en.pdf,en,1,16,Local cover or explicit delivery statement; external metadata where recorded,Prepared/as-delivered status varies; no systematic video verification
2022_azerbaijan,2022,AZE,local PDF,data/UNGA77_General_Debate_2022_statements/UNGA77_General_Debate_2022/azerbaijan__az_en.pdf,82a2d674c1a5ad17f831458afd7bc4404fcdfb4ef636e4e0e6a42e6deb837f0f,https://gadebate.un.org/sites/default/files/gastatements/77/az_en.pdf,en,1,8,Local cover or explicit delivery statement; external metadata where recorded,Prepared/as-delivered status varies; no systematic video verification
2022_bahamas,2022,BHS,local PDF,data/UNGA77_General_Debate_2022_statements/UNGA77_General_Debate_2022/bahamas__bs_en.pdf,e6a7289590ae6856698c1abb2f6e10f82d4a8e99c53585521b880f71b3679f37,https://gadebate.un.org/sites/default/files/gastatements/77/bs_en.pdf,en,1,36,Local cover or explicit delivery statement; external metadata where recorded,Prepared/as-delivered status varies; no systematic video verification
2022_bahrain,2022,BHR,local PDF,data/UNGA77_General_Debate_2022_statements/UNGA77_General_Debate_2022/bahrain__bh_en.pdf,77b7539e7bb7b1bf267b90f13c8bbb130b09c456af1b0961795652f5327504e0,https://gadebate.un.org/sites/default/files/gastatements/77/bh_en.pdf,en,1,6,Local cover or explicit delivery statement; external metadata where recorded,Prepared/as-delivered status varies; no systematic video verification
2022_bangladesh,2022,BGD,local PDF,data/UNGA77_General_Debate_2022_statements/UNGA77_General_Debate_2022/bangladesh__bd_en.pdf,4b9753efac0d0c26a7fb525ea9aabc2db8aa31c43ab98ca210979cbc1accc381,https://gadebate.un.org/sites/default/files/gastatements/77/bd_en.pdf,en,1,13,Local cover or explicit delivery statement; external metadata where recorded,Prepared/as-delivered status varies; no systematic video verification
2022_barbados,2022,BRB,local PDF,data/UNGA77_General_Debate_2022_statements/UNGA77_General_Debate_2022/barbados__bb1_en.pdf,966d8a715c597aea1d8a64d71fe30aea47723591ec9652263de824b956a9be77,https://gadebate.un.org/sites/default/files/gastatements/77/bb1_en.pdf,en,1,7,Local cover or explicit delivery statement; external metadata where recorded,Prepared/as-delivered status varies; no systematic video verification
2022_belarus,2022,BLR,local PDF,data/UNGA77_General_Debate_2022_statements/UNGA77_General_Debate_2022/belarus__by_en.pdf,b9160103809b112a190d13f4cd6e80137c9ff4f6fada178ced611e16eeb62774,https://gadebate.un.org/sites/default/files/gastatements/77/by_en.pdf,en,1,6,Local cover or explicit delivery statement; external metadata where recorded,Prepared/as-delivered status varies; no systematic video verification
2022_belgium,2022,BEL,local PDF,data/UNGA77_General_Debate_2022_statements/UNGA77_General_Debate_2022/belgium__be_fl.pdf,cce43c4c33f902690c0588858566490a45df1005967e191820d07eeac300cc99,https://gadebate.un.org/sites/default/files/gastatements/77/be_fl.pdf,fl,1,6,Local cover or explicit delivery statement; external metadata where recorded,Prepared/as-delivered status varies; no systematic video verification
2022_belize,2022,BLZ,local PDF,data/UNGA77_General_Debate_2022_statements/UNGA77_General_Debate_2022/belize__bz_en.pdf,2b1627b077848d91240f79fe54a6d6ae950365d85898138a299beeff8d8833cf,https://gadebate.un.org/sites/default/files/gastatements/77/bz_en.pdf,en,1,8,Local cover or explicit delivery statement; external metadata where recorded,Prepared/as-delivered status varies; no systematic video verification
2022_benin,2022,BEN,local PDF,data/UNGA77_General_Debate_2022_statements/UNGA77_General_Debate_2022/benin__bj_fr.pdf,fbcefff7d18374fe25376b2aa96e465d88ada9d98be56fe450cdd0c28bdcc19b,https://gadebate.un.org/sites/default/files/gastatements/77/bj_fr.pdf,fr,1,6,Local cover or explicit delivery statement; external metadata where recorded,Prepared/as-delivered status varies; no systematic video verification
2022_bhutan,2022,BTN,local PDF,data/UNGA77_General_Debate_2022_statements/UNGA77_General_Debate_2022/bhutan__bt_en.pdf,fab7f99b3c8e682eda0e20ee6c89279e3bfd5f349eebab3fb38bbf2c7d43c0f0,https://gadebate.un.org/sites/default/files/gastatements/77/bt_en.pdf,en,1,10,Local cover or explicit delivery statement; external metadata where recorded,Prepared/as-delivered status varies; no systematic video verification
2022_bolivia-plurinational-state,2022,BOL,local PDF,data/UNGA77_General_Debate_2022_statements/UNGA77_General_Debate_2022/bolivia-plurinational-state__bo_es.pdf,69b394281e95ce2ea483ffb70166952f0050b0318c4d590870d2d251821827ab,https://gadebate.un.org/sites/default/files/gastatements/77/bo_es.pdf,es,1,21,Local cover or explicit delivery statement; external metadata where recorded,Prepared/as-delivered status varies; no systematic video verification
2022_bosnia-and-herzegovina,2022,BIH,local PDF,data/UNGA77_General_Debate_2022_statements/UNGA77_General_Debate_2022/bosnia-and-herzegovina__ba_en.pdf,8e49e563ebbecb441109f24aeeff775ee15755b8c5e190eee8bbfdc0f42312fa,https://gadebate.un.org/sites/default/files/gastatements/77/ba_en.pdf,en,1,13,Local cover or explicit delivery statement; external metadata where recorded,Prepared/as-delivered status varies; no systematic video verification
2022_botswana,2022,BWA,local PDF,data/UNGA77_General_Debate_2022_statements/UNGA77_General_Debate_2022/botswana__bw_en.pdf,9a979c1c4d317f97419c593f0be7f6c435524006becdb4e37825471bf501388c,https://gadebate.un.org/sites/default/files/gastatements/77/bw_en.pdf,en,1,20,Local cover or explicit delivery statement; external metadata where recorded,Prepared/as-delivered status varies; no systematic video verification
2022_brazil,2022,BRA,local PDF,data/UNGA77_General_Debate_2022_statements/UNGA77_General_Debate_2022/brazil__br_en.pdf,b5466deda0601cc87a2609cb5c6a57b20c33cddb3d7fae1d09bdbc8c987bf4dc,https://gadebate.un.org/sites/default/files/gastatements/77/br_en.pdf,en,1,10,Local cover or explicit delivery statement; external metadata where recorded,Prepared/as-delivered status varies; no systematic video verification
2022_brunei-darussalam,2022,BRN,local PDF,data/UNGA77_General_Debate_2022_statements/UNGA77_General_Debate_2022/brunei-darussalam__bn_en.pdf,2c8fb53a8f95206f194c66b8ef1d286e34da40a42e49f5bd64d257427131a293,https://gadebate.un.org/sites/default/files/gastatements/77/bn_en.pdf,en,1,6,Local cover or explicit delivery statement; external metadata where recorded,Prepared/as-delivered status varies; no systematic video verification
2022_bulgaria,2022,BGR,local PDF,data/UNGA77_General_Debate_2022_statements/UNGA77_General_Debate_2022/bulgaria__bg_en.pdf,a105c8951adb6af72d33ee1de5fd9e1762e0adcd177be503fcd18814e366a3a5,https://gadebate.un.org/sites/default/files/gastatements/77/bg_en.pdf,en,1,7,Local cover or explicit delivery statement; external metadata where recorded,Prepared/as-delivered status varies; no systematic video verification
2022_burkina-faso,2022,BFA,local PDF,data/UNGA77_General_Debate_2022_statements/UNGA77_General_Debate_2022/burkina-faso__bf_fr.pdf,939a99d55cfadab5ca4c836c94a38e8c68936fd3ae7da65a13dd60454eaa619d,https://gadebate.un.org/sites/default/files/gastatements/77/bf_fr.pdf,fr,1,14,Local cover or explicit delivery statement; external metadata where recorded,Prepared/as-delivered status varies; no systematic video verification
2022_burundi,2022,BDI,local PDF,data/UNGA77_General_Debate_2022_statements/UNGA77_General_Debate_2022/burundi__bi_fr.pdf,ccedf9fbca11d2a9c1ec6e1e779e3d53ae29ec16e6920b31a64026006d67a3da,https://gadebate.un.org/sites/default/files/gastatements/77/bi_fr.pdf,fr,1,7,Local cover or explicit delivery statement; external metadata where recorded,Prepared/as-delivered status varies; no systematic video verification
2022_cabo-verde,2022,CPV,local PDF,data/UNGA77_General_Debate_2022_statements/UNGA77_General_Debate_2022/cabo-verde__cv_en.pdf,1d3e914fd28002a6331ab85f04849f477825c692b6faeb52e83ecb88249a7de5,https://gadebate.un.org/sites/default/files/gastatements/77/cv_en.pdf,en,1,6,Local cover or explicit delivery statement; external metadata where recorded,Prepared/as-delivered status varies; no systematic video verification
2022_cambodia,2022,KHM,local PDF,data/UNGA77_General_Debate_2022_statements/UNGA77_General_Debate_2022/cambodia__kh_en.pdf,3990336e30f7a17c797e86e9b24d2931964d04c7aaa3a0af4adb1acebefe5cc8,https://gadebate.un.org/sites/default/files/gastatements/77/kh_en.pdf,en,1,7,Local cover or explicit delivery statement; external metadata where recorded,Prepared/as-delivered status varies; no systematic video verification
2022_cameroon,2022,CMR,local PDF,data/UNGA77_General_Debate_2022_statements/UNGA77_General_Debate_2022/cameroon__cm_fr.pdf,5753b596bd93af96df638f191d2173193ad8e2e997a49c48d70b3ec0bc9059df,https://gadebate.un.org/sites/default/files/gastatements/77/cm_fr.pdf,fr,1,10,Local cover or explicit delivery statement; external metadata where recorded,Prepared/as-delivered status varies; no systematic video verification
2022_central-african-republic,2022,CAF,local PDF,data/UNGA77_General_Debate_2022_statements/UNGA77_General_Debate_2022/central-african-republic__cf_fr.pdf,97e44b4b54230cc67a32572816e861ee24258ce48a1b4bead81398ac7f12f6ed,https://gadebate.un.org/sites/default/files/gastatements/77/cf_fr.pdf,fr,1,9,Local cover or explicit delivery statement; external metadata where recorded,Prepared/as-delivered status varies; no systematic video verification
2022_chad,2022,TCD,local PDF,data/UNGA77_General_Debate_2022_statements/UNGA77_General_Debate_2022/chad__td_fr.pdf,fb38b7a02dfe16cb5673f4f0a951ef811a2d34637e291ef0690f65824dded241,https://gadebate.un.org/sites/default/files/gastatements/77/td_fr.pdf,fr,1,7,Local cover or explicit delivery statement; external metadata where recorded,Prepared/as-delivered status varies; no systematic video verification
2022_chile,2022,CHL,local PDF,data/UNGA77_General_Debate_2022_statements/UNGA77_General_Debate_2022/chile__cl_es.pdf,4e98790183446310a91c7f31fdcf73b811ea24a8af77791f3f86713967261dec,https://gadebate.un.org/sites/default/files/gastatements/77/cl_es.pdf,es,1,7,Local cover or explicit delivery statement; external metadata where recorded,Prepared/as-delivered status varies; no systematic video verification
2022_china,2022,CHN,local PDF,data/UNGA77_General_Debate_2022_statements/UNGA77_General_Debate_2022/china__cn_zh.pdf,5d3492ecda829dab12870822f5d82d92bd2acc454d856aecfe474116169c4a62,https://gadebate.un.org/sites/default/files/gastatements/77/cn_zh.pdf,zh,1,10,Local cover or explicit delivery statement; external metadata where recorded,Prepared/as-delivered status varies; no systematic video verification
2022_colombia,2022,COL,local PDF,data/UNGA77_General_Debate_2022_statements/UNGA77_General_Debate_2022/colombia__co_es.pdf,aedba7796bf24c5a0ab2beb50ae8841c061b3029f10efde2a7fd0f4c3d6909b9,https://gadebate.un.org/sites/default/files/gastatements/77/co_es.pdf,es,1,10,Local cover or explicit delivery statement; external metadata where recorded,Prepared/as-delivered status varies; no systematic video verification
2022_comoros,2022,COM,local PDF,data/UNGA77_General_Debate_2022_statements/UNGA77_General_Debate_2022/comoros__km_fr.pdf,797252dd50e3467222974b3168f84ad084e3a0ba32b784eccea8e6e15896e0c7,https://gadebate.un.org/sites/default/files/gastatements/77/km_fr.pdf,fr,1,11,Local cover or explicit delivery statement; external metadata where recorded,Prepared/as-delivered status varies; no systematic video verification
2022_congo,2022,COG,local PDF,data/UNGA77_General_Debate_2022_statements/UNGA77_General_Debate_2022/congo__cg_fr.pdf,385c1504ec33f4f2caa767739a8b8f05c68af8f8e12b9b0cd45d468beabbb7d7,https://gadebate.un.org/sites/default/files/gastatements/77/cg_fr.pdf,fr,1,10,Local cover or explicit delivery statement; external metadata where recorded,Prepared/as-delivered status varies; no systematic video verification
2022_costa-rica,2022,CRI,local PDF,data/UNGA77_General_Debate_2022_statements/UNGA77_General_Debate_2022/costa-rica__cr_en.pdf,5ae017663625bb4e4c141e87a034032b6296515a38149a79acb0edf84dfc68ef,https://gadebate.un.org/sites/default/files/gastatements/77/cr_en.pdf,en,1,3,Local cover or explicit delivery statement; external metadata where recorded,Prepared/as-delivered status varies; no systematic video verification
2022_cote-divoire,2022,CIV,local PDF,data/UNGA77_General_Debate_2022_statements/UNGA77_General_Debate_2022/cote-divoire__ci_fr.pdf,e3960983963dababa04a0a0e5503d41d4828a430fedbd23e9a907207e4d0b397,https://gadebate.un.org/sites/default/files/gastatements/77/ci_fr.pdf,fr,1,7,Local cover or explicit delivery statement; external metadata where recorded,Prepared/as-delivered status varies; no systematic video verification
2022_croatia,2022,HRV,local PDF,data/UNGA77_General_Debate_2022_statements/UNGA77_General_Debate_2022/croatia__hr_en.pdf,30fb7bef32fb19a314ed388b7fb1954188a4334973d6e45f500349df312ff48d,https://gadebate.un.org/sites/default/files/gastatements/77/hr_en.pdf,en,1,9,Local cover or explicit delivery statement; external metadata where recorded,Prepared/as-delivered status varies; no systematic video verification
2022_cuba,2022,CUB,local PDF,data/UNGA77_General_Debate_2022_statements/UNGA77_General_Debate_2022/cuba__cu_en.pdf,0c9ae5b45f7d95a88f53a67eba171c361b88882e35ca8de16cede7880fc86b59,https://gadebate.un.org/sites/default/files/gastatements/77/cu_en.pdf,en,1,3,Local cover or explicit delivery statement; external metadata where recorded,Prepared/as-delivered status varies; no systematic video verification
2022_cyprus,2022,CYP,local PDF,data/UNGA77_General_Debate_2022_statements/UNGA77_General_Debate_2022/cyprus__cy_en.pdf,c5006cac1d878e79640274cb29bbecedc74bca9a3842755bc48456aab3df9053,https://gadebate.un.org/sites/default/files/gastatements/77/cy_en.pdf,en,1,18,Local cover or explicit delivery statement; external metadata where recorded,Prepared/as-delivered status varies; no systematic video verification
2022_czech-republic,2022,CZE,local PDF,data/UNGA77_General_Debate_2022_statements/UNGA77_General_Debate_2022/czech-republic__cz_en.pdf,32c010abd75206b36c3e974532c2c607c965cbf14782e3d4be192e4f0832efe1,https://gadebate.un.org/sites/default/files/gastatements/77/cz_en.pdf,en,1,6,Local cover or explicit delivery statement; external metadata where recorded,Prepared/as-delivered status varies; no systematic video verification
2022_democratic-peoples-republic-korea,2022,PRK,local PDF,data/UNGA77_General_Debate_2022_statements/UNGA77_General_Debate_2022/democratic-peoples-republic-korea__kp_en.pdf,5f4aa4971f5c2df23aa1213b56e28471bdd7c594e1a6617aac0222c91adb19fb,https://gadebate.un.org/sites/default/files/gastatements/77/kp_en.pdf,en,1,9,Local cover or explicit delivery statement; external metadata where recorded,Prepared/as-delivered status varies; no systematic video verification
2022_democratic-republic-congo,2022,COD,local PDF,data/UNGA77_General_Debate_2022_statements/UNGA77_General_Debate_2022/democratic-republic-congo__cd_fr.pdf,d49b57f85e92a6b81679a7653758c1e6f02efbcb0e8ef5d5c0776a312688b7fe,https://gadebate.un.org/sites/default/files/gastatements/77/cd_fr.pdf,fr,1,13,Local cover or explicit delivery statement; external metadata where recorded,Prepared/as-delivered status varies; no systematic video verification
2022_denmark,2022,DNK,local PDF,data/UNGA77_General_Debate_2022_statements/UNGA77_General_Debate_2022/denmark__dk_en.pdf,ffa2d9683c18b53793872317e10e2dc7ae86495f0bdee25d550ae19a4c4e4dc7,https://gadebate.un.org/sites/default/files/gastatements/77/dk_en.pdf,en,1,9,Local cover or explicit delivery statement; external metadata where recorded,Prepared/as-delivered status varies; no systematic video verification
2022_djibouti,2022,DJI,local PDF,data/UNGA77_General_Debate_2022_statements/UNGA77_General_Debate_2022/djibouti__dj_fr.pdf,3e1f9b90f482e76b91d55956a108a38895227160dc6a76c87fc6ffc55a259a5a,https://gadebate.un.org/sites/default/files/gastatements/77/dj_fr.pdf,fr,1,22,Local cover or explicit delivery statement; external metadata where recorded,Prepared/as-delivered status varies; no systematic video verification
2022_dominica,2022,DMA,local PDF,data/UNGA77_General_Debate_2022_statements/UNGA77_General_Debate_2022/dominica__dm_en.pdf,279eccf1989af23ce90fe15869352e8f42736538147a79dae43c56c817b3766b,https://gadebate.un.org/sites/default/files/gastatements/77/dm_en.pdf,en,1,30,Local cover or explicit delivery statement; external metadata where recorded,Prepared/as-delivered status varies; no systematic video verification
2022_dominican-republic,2022,DOM,local PDF,data/UNGA77_General_Debate_2022_statements/UNGA77_General_Debate_2022/dominican-republic__do_es.pdf,f91136a6b76b4af9321f83e4c9703b091ddac45277543031bf0aa7218755dc23,https://gadebate.un.org/sites/default/files/gastatements/77/do_es.pdf,es,1,7,Local cover or explicit delivery statement; external metadata where recorded,Prepared/as-delivered status varies; no systematic video verification
2022_ecuador,2022,ECU,local PDF,data/UNGA77_General_Debate_2022_statements/UNGA77_General_Debate_2022/ecuador__ec_es.pdf,3ea5eb8d8a9ab1218a8e68f0052177bbc2d6b0979dcd4af1eb2979df8be15577,https://gadebate.un.org/sites/default/files/gastatements/77/ec_es.pdf,es,1,11,Local cover or explicit delivery statement; external metadata where recorded,Prepared/as-delivered status varies; no systematic video verification
2022_el-salvador,2022,SLV,local PDF,data/UNGA77_General_Debate_2022_statements/UNGA77_General_Debate_2022/el-salvador__sv_es.pdf,7915072ac33b374cf0a7742d4344d9b040d70142c8ed552f97915efbc72e57b3,https://gadebate.un.org/sites/default/files/gastatements/77/sv_es.pdf,es,1,5,Local cover or explicit delivery statement; external metadata where recorded,Prepared/as-delivered status varies; no systematic video verification
2022_equatorial-guinea,2022,GNQ,local PDF,data/UNGA77_General_Debate_2022_statements/UNGA77_General_Debate_2022/equatorial-guinea__gq_es.pdf,9e0431afab2c954e2f69d0343d1aa1466aa8186651c8d758a7e7ca74c8bcbbe7,https://gadebate.un.org/sites/default/files/gastatements/77/gq_es.pdf,es,1,16,Local cover or explicit delivery statement; external metadata where recorded,Prepared/as-delivered status varies; no systematic video verification
2022_estonia,2022,EST,local PDF,data/UNGA77_General_Debate_2022_statements/UNGA77_General_Debate_2022/estonia__ee_en.pdf,cb746d7fd84d511199288f1026dfeed3b55386d0defa9285ede9f7d84c614c50,https://gadebate.un.org/sites/default/files/gastatements/77/ee_en.pdf,en,1,17,Local cover or explicit delivery statement; external metadata where recorded,Prepared/as-delivered status varies; no systematic video verification
2022_eswatini,2022,SWZ,local PDF,data/UNGA77_General_Debate_2022_statements/UNGA77_General_Debate_2022/eswatini__sz_en.pdf,da058eb3ea0b5d2bf3ec5e3ed1a8939370b44ebcdb5f2727f6be16ec6c109ebb,https://gadebate.un.org/sites/default/files/gastatements/77/sz_en.pdf,en,1,6,Local cover or explicit delivery statement; external metadata where recorded,Prepared/as-delivered status varies; no systematic video verification
2022_ethiopia,2022,ETH,local PDF,data/UNGA77_General_Debate_2022_statements/UNGA77_General_Debate_2022/ethiopia__et_en.pdf,c41ae6469f21a8cc3060d73cf78db509930a126be4fd292a52290c24fed9bc15,https://gadebate.un.org/sites/default/files/gastatements/77/et_en.pdf,en,1,8,Local cover or explicit delivery statement; external metadata where recorded,Prepared/as-delivered status varies; no systematic video verification
2022_fiji,2022,FJI,local PDF,data/UNGA77_General_Debate_2022_statements/UNGA77_General_Debate_2022/fiji__fj_en.pdf,b2552cf4a89a9579d8c38c2c38bf7ac27286c9dd90c47430a11ce9d096630226,https://gadebate.un.org/sites/default/files/gastatements/77/fj_en.pdf,en,1,13,Local cover or explicit delivery statement; external metadata where recorded,Prepared/as-delivered status varies; no systematic video verification
2022_finland,2022,FIN,local PDF,data/UNGA77_General_Debate_2022_statements/UNGA77_General_Debate_2022/finland__fi_en_25.pdf,ac9d456198282833a7ad727a64f222ce22495f2cdfdac1412246207112f8a359,https://gadebate.un.org/sites/default/files/gastatements/77/fi_en_25.pdf,en,1,4,Local cover or explicit delivery statement; external metadata where recorded,Prepared/as-delivered status varies; no systematic video verification
2022_france,2022,FRA,local PDF,data/UNGA77_General_Debate_2022_statements/UNGA77_General_Debate_2022/france__fr_fr.pdf,e30ad98fae801a25ff59fa4656679764d64b51315686496641b2664238bfd1af,https://gadebate.un.org/sites/default/files/gastatements/77/fr_fr.pdf,fr,1,8,Local cover or explicit delivery statement; external metadata where recorded,Prepared/as-delivered status varies; no systematic video verification
2022_gabon,2022,GAB,local PDF,data/UNGA77_General_Debate_2022_statements/UNGA77_General_Debate_2022/gabon__ga_fr.pdf,fc2a7d571b8b577ca3c458affd7da73c028ccd3c1a1e8b33341bf24f572018d8,https://gadebate.un.org/sites/default/files/gastatements/77/ga_fr.pdf,fr,1,6,Local cover or explicit delivery statement; external metadata where recorded,Prepared/as-delivered status varies; no systematic video verification
2022_gambia-republic,2022,GMB,local PDF,data/UNGA77_General_Debate_2022_statements/UNGA77_General_Debate_2022/gambia-republic__gm_en.pdf,9b6afac704c35d1b244aa26c8a52c2050ef85b6b88da9f2a50d83af10cb16815,https://gadebate.un.org/sites/default/files/gastatements/77/gm_en.pdf,en,1,34,Local cover or explicit delivery statement; external metadata where recorded,Prepared/as-delivered status varies; no systematic video verification
2022_georgia,2022,GEO,local PDF,data/UNGA77_General_Debate_2022_statements/UNGA77_General_Debate_2022/georgia__ge_en.pdf,ea602d845bbf076f6ed5291929b3114638cd32fdfaddc4ee8ab0e038aa4f38ac,https://gadebate.un.org/sites/default/files/gastatements/77/ge_en.pdf,en,1,6,Local cover or explicit delivery statement; external metadata where recorded,Prepared/as-delivered status varies; no systematic video verification
2022_germany,2022,DEU,local PDF,data/UNGA77_General_Debate_2022_statements/UNGA77_General_Debate_2022/germany__de_en.pdf,7d4c443300afc1740663198cc89f69234a251e408a5481363c3f43f5ec65143f,https://gadebate.un.org/sites/default/files/gastatements/77/de_en.pdf,en,1,8,Local cover or explicit delivery statement; external metadata where recorded,Prepared/as-delivered status varies; no systematic video verification
2022_ghana,2022,GHA,local PDF,data/UNGA77_General_Debate_2022_statements/UNGA77_General_Debate_2022/ghana__gh_en.pdf,72ddd3773023abc61325eeddfab42684c653005e9cf94a0703237104d7743c06,https://gadebate.un.org/sites/default/files/gastatements/77/gh_en.pdf,en,1,5,Local cover or explicit delivery statement; external metadata where recorded,Prepared/as-delivered status varies; no systematic video verification
2022_greece,2022,GRC,local PDF,data/UNGA77_General_Debate_2022_statements/UNGA77_General_Debate_2022/greece__gr_en.pdf,31c694df5241a7c878d26a4c1f94d8047804c7d7ee29dd1463ace5f8f9e9559f,https://gadebate.un.org/sites/default/files/gastatements/77/gr_en.pdf,en,1,12,Local cover or explicit delivery statement; external metadata where recorded,Prepared/as-delivered status varies; no systematic video verification
2022_grenada,2022,GRD,local PDF,data/UNGA77_General_Debate_2022_statements/UNGA77_General_Debate_2022/grenada__gd_en.pdf,46a84d33c55bc84965d0eeef42c61947e6b337bf4e5a42de7a33b3491c17b575,https://gadebate.un.org/sites/default/files/gastatements/77/gd_en.pdf,en,1,15,Local cover or explicit delivery statement; external metadata where recorded,Prepared/as-delivered status varies; no systematic video verification
2022_guatemala,2022,GTM,local PDF,data/UNGA77_General_Debate_2022_statements/UNGA77_General_Debate_2022/guatemala__gt_es.pdf,2decb69b30615bf33a83a475e42cb4aa9bae2030f9f0558dacf2efeff08cd2e0,https://gadebate.un.org/sites/default/files/gastatements/77/gt_es.pdf,es,1,10,Local cover or explicit delivery statement; external metadata where recorded,Prepared/as-delivered status varies; no systematic video verification
2022_guinea,2022,GIN,local PDF,data/UNGA77_General_Debate_2022_statements/UNGA77_General_Debate_2022/guinea__gn_fr.pdf,e945ff2b61be081f0df95caa96e570af4e46fad4cf5c2d7bc7363cffa69903e8,https://gadebate.un.org/sites/default/files/gastatements/77/gn_fr.pdf,fr,1,10,Local cover or explicit delivery statement; external metadata where recorded,Prepared/as-delivered status varies; no systematic video verification
2022_guinea-bissau,2022,GNB,local PDF,data/UNGA77_General_Debate_2022_statements/UNGA77_General_Debate_2022/guinea-bissau__gw_en.pdf,502ec7880d0964252f9cc8c70d4f1527b0257d4c09b92458a55ce45913a08353,https://gadebate.un.org/sites/default/files/gastatements/77/gw_en.pdf,en,1,3,Local cover or explicit delivery statement; external metadata where recorded,Prepared/as-delivered status varies; no systematic video verification
2022_guyana,2022,GUY,local PDF,data/UNGA77_General_Debate_2022_statements/UNGA77_General_Debate_2022/guyana__gy_en.pdf,12b871f1bc918b656d4664e9fd1722e994ab74dc3c7f054caef819793884d969,https://gadebate.un.org/sites/default/files/gastatements/77/gy_en.pdf,en,1,14,Local cover or explicit delivery statement; external metadata where recorded,Prepared/as-delivered status varies; no systematic video verification
2022_haiti,2022,HTI,local PDF,data/UNGA77_General_Debate_2022_statements/UNGA77_General_Debate_2022/haiti__ht_fr.pdf,e45d6aabcc27a213ec6982ddfa92482485bc281116db9df640a4529f02fe577e,https://gadebate.un.org/sites/default/files/gastatements/77/ht_fr.pdf,fr,1,12,Local cover or explicit delivery statement; external metadata where recorded,Prepared/as-delivered status varies; no systematic video verification
2022_honduras,2022,HND,local PDF,data/UNGA77_General_Debate_2022_statements/UNGA77_General_Debate_2022/honduras__hn_es.pdf,5fe45f2e343ccd9649e82b0295d5ffca4472e76f8256e88cf12b0eddd337ec82,https://gadebate.un.org/sites/default/files/gastatements/77/hn_es.pdf,es,1,5,Local cover or explicit delivery statement; external metadata where recorded,Prepared/as-delivered status varies; no systematic video verification
2022_hungary,2022,HUN,local PDF,data/UNGA77_General_Debate_2022_statements/UNGA77_General_Debate_2022/hungary__hu_en.pdf,7d50ea4fa0c06d171b170b34fda7b3ccb7fc9d5ae222dd16c7c35b2df0dfdfa7,https://gadebate.un.org/sites/default/files/gastatements/77/hu_en.pdf,en,1,5,Local cover or explicit delivery statement; external metadata where recorded,Prepared/as-delivered status varies; no systematic video verification
2022_iceland,2022,ISL,local PDF,data/UNGA77_General_Debate_2022_statements/UNGA77_General_Debate_2022/iceland__is_en.pdf,205384b271d8d19532ae58c0b89d2a89542e44e5c8b91e194e29d8ea009ce16a,https://gadebate.un.org/sites/default/files/gastatements/77/is_en.pdf,en,1,11,Local cover or explicit delivery statement; external metadata where recorded,Prepared/as-delivered status varies; no systematic video verification
2022_india,2022,IND,local PDF,data/UNGA77_General_Debate_2022_statements/UNGA77_General_Debate_2022/india__in_en.pdf,e5939e74b41b6220fb1222fff84f35eb7c3f1ddbf1025bd1e9ff619c1858ec54,https://gadebate.un.org/sites/default/files/gastatements/77/in_en.pdf,en,1,13,Local cover or explicit delivery statement; external metadata where recorded,Prepared/as-delivered status varies; no systematic video verification
2022_indonesia,2022,IDN,local PDF,data/UNGA77_General_Debate_2022_statements/UNGA77_General_Debate_2022/indonesia__id_en.pdf,40f0c6ddb7f9838c9a6440fddad29a1e7a2a3f0a5fda3fc144beaf2e5d7e8254,https://gadebate.un.org/sites/default/files/gastatements/77/id_en.pdf,en,1,6,Local cover or explicit delivery statement; external metadata where recorded,Prepared/as-delivered status varies; no systematic video verification
2022_iran-islamic-republic,2022,IRN,local PDF,data/UNGA77_General_Debate_2022_statements/UNGA77_General_Debate_2022/iran-islamic-republic__ir_en.pdf,ecd4a477d89d8008ed981a89e28b11c3f8bf146a99c8a235475c8e93721947ff,https://gadebate.un.org/sites/default/files/gastatements/77/ir_en.pdf,en,1,8,Local cover or explicit delivery statement; external metadata where recorded,Prepared/as-delivered status varies; no systematic video verification
2022_iraq,2022,IRQ,local PDF,data/UNGA77_General_Debate_2022_statements/UNGA77_General_Debate_2022/iraq__iq_fr.pdf,09db31e5fd297bbd45b3e6c5e96b06d11732a810d43662dc853a2bfaaa124c1f,https://gadebate.un.org/sites/default/files/gastatements/77/iq_fr.pdf,fr,1,7,Local cover or explicit delivery statement; external metadata where recorded,Prepared/as-delivered status varies; no systematic video verification
2022_ireland,2022,IRL,local PDF,data/UNGA77_General_Debate_2022_statements/UNGA77_General_Debate_2022/ireland__ie_en.pdf,b0db9986604766429ad5aaa9e694ac456fd29e6ac00652106640d0952e2c78d2,https://gadebate.un.org/sites/default/files/gastatements/77/ie_en.pdf,en,1,8,Local cover or explicit delivery statement; external metadata where recorded,Prepared/as-delivered status varies; no systematic video verification
2022_israel,2022,ISR,local PDF,data/UNGA77_General_Debate_2022_statements/UNGA77_General_Debate_2022/israel__il_en.pdf,1a1e6c50464051b76c2d6709e9fa39619d79a297595f59facca34887a3724df2,https://gadebate.un.org/sites/default/files/gastatements/77/il_en.pdf,en,1,8,Local cover or explicit delivery statement; external metadata where recorded,Prepared/as-delivered status varies; no systematic video verification
2022_italy,2022,ITA,local PDF,data/UNGA77_General_Debate_2022_statements/UNGA77_General_Debate_2022/italy__it_en.pdf,3efc2770f377bf496465b081df0400ee9d9f5ff1c943f385c6ffdd7537fc5cdf,https://gadebate.un.org/sites/default/files/gastatements/77/it_en.pdf,en,1,12,Local cover or explicit delivery statement; external metadata where recorded,Prepared/as-delivered status varies; no systematic video verification
2022_jamaica,2022,JAM,local PDF,data/UNGA77_General_Debate_2022_statements/UNGA77_General_Debate_2022/jamaica__jm_en.pdf,909707d539230e8a1ebd1627c800eeffb9bd905d57342ef677ee2235478c7153,https://gadebate.un.org/sites/default/files/gastatements/77/jm_en.pdf,en,1,8,Local cover or explicit delivery statement; external metadata where recorded,Prepared/as-delivered status varies; no systematic video verification
2022_japan,2022,JPN,local PDF,data/UNGA77_General_Debate_2022_statements/UNGA77_General_Debate_2022/japan__jp_en.pdf,52077969c40e672099bdcb412e19a0890a91f616417c3a6caeb0d1180f711087,https://gadebate.un.org/sites/default/files/gastatements/77/jp_en.pdf,en,1,8,Local cover or explicit delivery statement; external metadata where recorded,Prepared/as-delivered status varies; no systematic video verification
2022_jordan,2022,JOR,local PDF,data/UNGA77_General_Debate_2022_statements/UNGA77_General_Debate_2022/jordan__jo_en.pdf,6f94b31c2580f7dd17563410f677730eabdd964a5ed538de409faa9e0c33b147,https://gadebate.un.org/sites/default/files/gastatements/77/jo_en.pdf,en,1,4,Local cover or explicit delivery statement; external metadata where recorded,Prepared/as-delivered status varies; no systematic video verification
2022_kazakhstan,2022,KAZ,local PDF,data/UNGA77_General_Debate_2022_statements/UNGA77_General_Debate_2022/kazakhstan__kz_en.pdf,e70097334f7fc4a39c54f607f2de72e4f68f56c3db9a631da6713d2f1a2d2cab,https://gadebate.un.org/sites/default/files/gastatements/77/kz_en.pdf,en,1,18,Local cover or explicit delivery statement; external metadata where recorded,Prepared/as-delivered status varies; no systematic video verification
2022_kenya,2022,KEN,local PDF,data/UNGA77_General_Debate_2022_statements/UNGA77_General_Debate_2022/kenya__ke_en.pdf,568ece763766ecf90d08c6e7a41a1ad08bf8ff2fdf2909d6961a5c05aa0a3d84,https://gadebate.un.org/sites/default/files/gastatements/77/ke_en.pdf,en,1,16,Local cover or explicit delivery statement; external metadata where recorded,Prepared/as-delivered status varies; no systematic video verification
2022_kiribati,2022,KIR,local PDF,data/UNGA77_General_Debate_2022_statements/UNGA77_General_Debate_2022/kiribati__ki_en.pdf,efbbf5064e75ede6d8f52c285fddf4c1774d7cad9b1d2d9d5315f567d7b87565,https://gadebate.un.org/sites/default/files/gastatements/77/ki_en.pdf,en,1,7,Local cover or explicit delivery statement; external metadata where recorded,Prepared/as-delivered status varies; no systematic video verification
2022_kuwait,2022,KWT,local PDF,data/UNGA77_General_Debate_2022_statements/UNGA77_General_Debate_2022/kuwait__kw_en.pdf,734bc4b726ebac229e7ecbcb9e860218cac571cf9ec316d70d9ab0f539ed5d0d,https://gadebate.un.org/sites/default/files/gastatements/77/kw_en.pdf,en,1,4,Local cover or explicit delivery statement; external metadata where recorded,Prepared/as-delivered status varies; no systematic video verification
2022_kyrgyzstan,2022,KGZ,local PDF,data/UNGA77_General_Debate_2022_statements/UNGA77_General_Debate_2022/kyrgyzstan__kg_en.pdf,fcfaa6c053f3ea544ae67e0618d588a460f775b245c22b096cf6c2065715f4fe,https://gadebate.un.org/sites/default/files/gastatements/77/kg_en.pdf,en,1,7,Local cover or explicit delivery statement; external metadata where recorded,Prepared/as-delivered status varies; no systematic video verification
2022_lao-peoples-democratic-republic,2022,LAO,local PDF,data/UNGA77_General_Debate_2022_statements/UNGA77_General_Debate_2022/lao-peoples-democratic-republic__la_en.pdf,2e2806aab2ae86edbcae64f05d51ee7af7c0246d98552660d8aed43e3ab2d2ed,https://gadebate.un.org/sites/default/files/gastatements/77/la_en.pdf,en,1,5,Local cover or explicit delivery statement; external metadata where recorded,Prepared/as-delivered status varies; no systematic video verification
2022_latvia,2022,LVA,local PDF,data/UNGA77_General_Debate_2022_statements/UNGA77_General_Debate_2022/latvia__lv_en.pdf,ba4b9e584a36ae6e748496b87c1d0db93d108cdfd77f3a5cd24da11c212d79fb,https://gadebate.un.org/sites/default/files/gastatements/77/lv_en.pdf,en,1,19,Local cover or explicit delivery statement; external metadata where recorded,Prepared/as-delivered status varies; no systematic video verification
2022_lebanon,2022,LBN,local PDF,data/UNGA77_General_Debate_2022_statements/UNGA77_General_Debate_2022/lebanon__lb_ar.pdf,b2466c0bd8b176e80a4c899bdabc7df1ee8cf4cd5fe65b3723fab0bf38577833,https://gadebate.un.org/sites/default/files/gastatements/77/lb_ar.pdf,ar,1,4,Local cover or explicit delivery statement; external metadata where recorded,Prepared/as-delivered status varies; no systematic video verification
2022_lesotho,2022,LSO,local PDF,data/UNGA77_General_Debate_2022_statements/UNGA77_General_Debate_2022/lesotho__ls_en.pdf,73d414ac4758bf84ea80b072559c24649198896fc97e5eded85389866432c762,https://gadebate.un.org/sites/default/files/gastatements/77/ls_en.pdf,en,1,12,Local cover or explicit delivery statement; external metadata where recorded,Prepared/as-delivered status varies; no systematic video verification
2022_liberia,2022,LBR,local PDF,data/UNGA77_General_Debate_2022_statements/UNGA77_General_Debate_2022/liberia__lr_en.pdf,d110e23550f64e95f5c5e93aec7dcfd9baf22ec05448b2ca6da35daf4255b6b2,https://gadebate.un.org/sites/default/files/gastatements/77/lr_en.pdf,en,1,12,Local cover or explicit delivery statement; external metadata where recorded,Prepared/as-delivered status varies; no systematic video verification
2022_libya,2022,LBY,local PDF,data/UNGA77_General_Debate_2022_statements/UNGA77_General_Debate_2022/libya__ly_ar.pdf,395a40ec0c35da2e27529a54f2a66c673e26974317254811c473dd933b3cdf4f,https://gadebate.un.org/sites/default/files/gastatements/77/ly_ar.pdf,ar,1,8,Local cover or explicit delivery statement; external metadata where recorded,Prepared/as-delivered status varies; no systematic video verification
2022_liechtenstein,2022,LIE,local PDF,data/UNGA77_General_Debate_2022_statements/UNGA77_General_Debate_2022/liechtenstein__li_en.pdf,7482d5baf42922b14c6a43f79ea43fdbc00c50186ae9e09fdeabb0fbf9035fc3,https://gadebate.un.org/sites/default/files/gastatements/77/li_en.pdf,en,1,5,Local cover or explicit delivery statement; external metadata where recorded,Prepared/as-delivered status varies; no systematic video verification
2022_lithuania,2022,LTU,local PDF,data/UNGA77_General_Debate_2022_statements/UNGA77_General_Debate_2022/lithuania__lt_en.pdf,32365b7286c14fc502311da3d3efb6a4eafd3862b35f3d7b801b68733e492acd,https://gadebate.un.org/sites/default/files/gastatements/77/lt_en.pdf,en,1,7,Local cover or explicit delivery statement; external metadata where recorded,Prepared/as-delivered status varies; no systematic video verification
2022_luxembourg,2022,LUX,local PDF,data/UNGA77_General_Debate_2022_statements/UNGA77_General_Debate_2022/luxembourg__lu_fr.pdf,2056e9b6a00067d791df6d778b5befab27af0f2717f331f14203395aebd2e03e,https://gadebate.un.org/sites/default/files/gastatements/77/lu_fr.pdf,fr,1,5,Local cover or explicit delivery statement; external metadata where recorded,Prepared/as-delivered status varies; no systematic video verification
2022_madagascar,2022,MDG,local PDF,data/UNGA77_General_Debate_2022_statements/UNGA77_General_Debate_2022/madagascar__mg_fr.pdf,2bbeed81be4c1cb175f7c8eb183472f50f88e6e00c215d45e14565ea1ed349b0,https://gadebate.un.org/sites/default/files/gastatements/77/mg_fr.pdf,fr,1,6,Local cover or explicit delivery statement; external metadata where recorded,Prepared/as-delivered status varies; no systematic video verification
2022_malawi,2022,MWI,local PDF,data/UNGA77_General_Debate_2022_statements/UNGA77_General_Debate_2022/malawi__mw_en.pdf,412d662d6d3f7cd51ce9076c1ada8721fa0e6e36501722e6184c65bd7f10fd81,https://gadebate.un.org/sites/default/files/gastatements/77/mw_en.pdf,en,1,12,Local cover or explicit delivery statement; external metadata where recorded,Prepared/as-delivered status varies; no systematic video verification
2022_malaysia,2022,MYS,local PDF,data/UNGA77_General_Debate_2022_statements/UNGA77_General_Debate_2022/malaysia__my_en.pdf,bfe9af88d99cb2b81513e37645253771f135c268e20a75694f4ee177b78a1520,https://gadebate.un.org/sites/default/files/gastatements/77/my_en.pdf,en,1,9,Local cover or explicit delivery statement; external metadata where recorded,Prepared/as-delivered status varies; no systematic video verification
2022_maldives,2022,MDV,local PDF,data/UNGA77_General_Debate_2022_statements/UNGA77_General_Debate_2022/maldives__mv_en.pdf,9c6c675de8ea77e18559eb91e9294edee61ff6801fef3df3a10816f1c792b07f,https://gadebate.un.org/sites/default/files/gastatements/77/mv_en.pdf,en,1,8,Local cover or explicit delivery statement; external metadata where recorded,Prepared/as-delivered status varies; no systematic video verification
2022_mali,2022,MLI,local PDF,data/UNGA77_General_Debate_2022_statements/UNGA77_General_Debate_2022/mali__ml_fr.pdf,04944f28d07a0a2b0c8ffed0e21b6c52fb941f4515d05897b5cde404536b7d3d,https://gadebate.un.org/sites/default/files/gastatements/77/ml_fr.pdf,fr,1,18,Local cover or explicit delivery statement; external metadata where recorded,Prepared/as-delivered status varies; no systematic video verification
2022_malta,2022,MLT,local PDF,data/UNGA77_General_Debate_2022_statements/UNGA77_General_Debate_2022/malta__mt_en.pdf,8cfc199a55752adb2c081fbea3829873edd7afcb5033c17d7399467d37a9d2ad,https://gadebate.un.org/sites/default/files/gastatements/77/mt_en.pdf,en,1,11,Local cover or explicit delivery statement; external metadata where recorded,Prepared/as-delivered status varies; no systematic video verification
2022_marshall-islands,2022,MHL,local PDF,data/UNGA77_General_Debate_2022_statements/UNGA77_General_Debate_2022/marshall-islands__mh_en.pdf,0ee0f2a98adcbbaed42fa26c74b32be57b6d614c6c0f0e569530ec38427e9b67,https://gadebate.un.org/sites/default/files/gastatements/77/mh_en.pdf,en,1,5,Local cover or explicit delivery statement; external metadata where recorded,Prepared/as-delivered status varies; no systematic video verification
2022_mauritania,2022,MRT,local PDF,data/UNGA77_General_Debate_2022_statements/UNGA77_General_Debate_2022/mauritania__mr_ar.pdf,d25e3b08765d44ea4c9937aa85515e289ee3938353199661377fa77fa2e0e27a,https://gadebate.un.org/sites/default/files/gastatements/77/mr_ar.pdf,ar,1,7,Local cover or explicit delivery statement; external metadata where recorded,Prepared/as-delivered status varies; no systematic video verification
2022_mauritius,2022,MUS,local PDF,data/UNGA77_General_Debate_2022_statements/UNGA77_General_Debate_2022/mauritius__mu_en.pdf,3e3a7b2bc2cf9fd7c3d6663d33e48fa273a19dcb287abdece5bbf3a56cf4c0f3,https://gadebate.un.org/sites/default/files/gastatements/77/mu_en.pdf,en,1,8,Local cover or explicit delivery statement; external metadata where recorded,Prepared/as-delivered status varies; no systematic video verification
2022_mexico,2022,MEX,local PDF,data/UNGA77_General_Debate_2022_statements/UNGA77_General_Debate_2022/mexico__mx_es.pdf,911f254768e44ca4ffddf0344882aae914081efc8185f97b5141a4f62382b024,https://gadebate.un.org/sites/default/files/gastatements/77/mx_es.pdf,es,1,5,Local cover or explicit delivery statement; external metadata where recorded,Prepared/as-delivered status varies; no systematic video verification
2022_micronesia-federated-states,2022,FSM,local PDF,data/UNGA77_General_Debate_2022_statements/UNGA77_General_Debate_2022/micronesia-federated-states__fm_en.pdf,0c9e7dd0fd1add8fe42ae59e34acf387f9315f1199fd522449a3278ab3c35114,https://gadebate.un.org/sites/default/files/gastatements/77/fm_en.pdf,en,1,6,Local cover or explicit delivery statement; external metadata where recorded,Prepared/as-delivered status varies; no systematic video verification
2022_monaco,2022,MCO,local PDF,data/UNGA77_General_Debate_2022_statements/UNGA77_General_Debate_2022/monaco__mc_fr.pdf,7364cc89bfc029ce7cb2a9e524d7c386599107a2d4487d54be71e63e6fcbe969,https://gadebate.un.org/sites/default/files/gastatements/77/mc_fr.pdf,fr,1,5,Local cover or explicit delivery statement; external metadata where recorded,Prepared/as-delivered status varies; no systematic video verification
2022_mongolia,2022,MNG,local PDF,data/UNGA77_General_Debate_2022_statements/UNGA77_General_Debate_2022/mongolia__mn_en.pdf,fea71058e41258d6aae5ef218fa7bae11d8b915711ab28ab574fde8ef585df63,https://gadebate.un.org/sites/default/files/gastatements/77/mn_en.pdf,en,1,7,Local cover or explicit delivery statement; external metadata where recorded,Prepared/as-delivered status varies; no systematic video verification
2022_montenegro,2022,MNE,local PDF,data/UNGA77_General_Debate_2022_statements/UNGA77_General_Debate_2022/montenegro__me_en.pdf,905ba748a1f3a260fa2c85c8488200b4ca86eb4debebb33f8067305d6305e889,https://gadebate.un.org/sites/default/files/gastatements/77/me_en.pdf,en,1,9,Local cover or explicit delivery statement; external metadata where recorded,Prepared/as-delivered status varies; no systematic video verification
2022_morocco,2022,MAR,local PDF,data/UNGA77_General_Debate_2022_statements/UNGA77_General_Debate_2022/morocco__ma_ar.pdf,ede737e9a054c2014831ea921026dd9f8a0a696a80f7256e25cd585c545a814e,https://gadebate.un.org/sites/default/files/gastatements/77/ma_ar.pdf,ar,1,16,Local cover or explicit delivery statement; external metadata where recorded,Prepared/as-delivered status varies; no systematic video verification
2022_mozambique,2022,MOZ,local PDF,data/UNGA77_General_Debate_2022_statements/UNGA77_General_Debate_2022/mozambique__mz_en.pdf,275ae43247a3328f1cfce673b6a8072bf0a6559df28d6b504506d6e48b0a92b4,https://gadebate.un.org/sites/default/files/gastatements/77/mz_en.pdf,en,1,7,Local cover or explicit delivery statement; external metadata where recorded,Prepared/as-delivered status varies; no systematic video verification
2022_namibia,2022,NAM,local PDF,data/UNGA77_General_Debate_2022_statements/UNGA77_General_Debate_2022/namibia__na_en.pdf,b95ea4ce2449667ed2e0a24cfc19b9274bbad793ac5fc0c13754362555c855b3,https://gadebate.un.org/sites/default/files/gastatements/77/na_en.pdf,en,1,25,Local cover or explicit delivery statement; external metadata where recorded,Prepared/as-delivered status varies; no systematic video verification
2022_nauru,2022,NRU,local PDF,data/UNGA77_General_Debate_2022_statements/UNGA77_General_Debate_2022/nauru__nr_en.pdf,1fc03e7f4c9ac32dfe58783a1e5191da8753204303704ea9db41bd6c1c6aee92,https://gadebate.un.org/sites/default/files/gastatements/77/nr_en.pdf,en,1,6,Local cover or explicit delivery statement; external metadata where recorded,Prepared/as-delivered status varies; no systematic video verification
2022_nepal,2022,NPL,local PDF,data/UNGA77_General_Debate_2022_statements/UNGA77_General_Debate_2022/nepal__np_en.pdf,6c4817449ffe14c4cc98e77ce3ca39a8c5984b39da9bcb5a9937e4c7551bbadd,https://gadebate.un.org/sites/default/files/gastatements/77/np_en.pdf,en,1,12,Local cover or explicit delivery statement; external metadata where recorded,Prepared/as-delivered status varies; no systematic video verification
2022_netherlands,2022,NLD,local PDF,data/UNGA77_General_Debate_2022_statements/UNGA77_General_Debate_2022/netherlands__nl_en.pdf,f0f01c5e785278f0b6d7699823eb653e00064f20bcb130241aaf77d10ab26ff2,https://gadebate.un.org/sites/default/files/gastatements/77/nl_en.pdf,en,1,8,Local cover or explicit delivery statement; external metadata where recorded,Prepared/as-delivered status varies; no systematic video verification
2022_new-zealand,2022,NZL,local PDF,data/UNGA77_General_Debate_2022_statements/UNGA77_General_Debate_2022/new-zealand__nz_en.pdf,b8025d301a0696fa8efc965fb41ce6519bcf823afc78d7b36af21d8d88332c89,https://gadebate.un.org/sites/default/files/gastatements/77/nz_en.pdf,en,1,14,Local cover or explicit delivery statement; external metadata where recorded,Prepared/as-delivered status varies; no systematic video verification
2022_nicaragua,2022,NIC,local PDF,data/UNGA77_General_Debate_2022_statements/UNGA77_General_Debate_2022/nicaragua__ni_es.pdf,d0a088698b195a0c9cf59b9a6e1554826efdf58d84d49d878e85759fdd154630,https://gadebate.un.org/sites/default/files/gastatements/77/ni_es.pdf,es,1,18,Local cover or explicit delivery statement; external metadata where recorded,Prepared/as-delivered status varies; no systematic video verification
2022_niger,2022,NER,local PDF,data/UNGA77_General_Debate_2022_statements/UNGA77_General_Debate_2022/niger__ne_fr.pdf,bb3944ee204316fdeacfb6bafcf1e0f5a92d9b5b96fbd82ed585675642d316ad,https://gadebate.un.org/sites/default/files/gastatements/77/ne_fr.pdf,fr,1,12,Local cover or explicit delivery statement; external metadata where recorded,Prepared/as-delivered status varies; no systematic video verification
2022_nigeria,2022,NGA,local PDF,data/UNGA77_General_Debate_2022_statements/UNGA77_General_Debate_2022/nigeria__ng_en.pdf,87f205c3971b9f586eb553f81bafe9669ca74a0204f4548921f394970a3a6562,https://gadebate.un.org/sites/default/files/gastatements/77/ng_en.pdf,en,1,10,Local cover or explicit delivery statement; external metadata where recorded,Prepared/as-delivered status varies; no systematic video verification
2022_norway,2022,NOR,local PDF,data/UNGA77_General_Debate_2022_statements/UNGA77_General_Debate_2022/norway__no_en.pdf,db60a3256b8397c154aa145a148f2a0cf174fb0f6595afc68063b182301b6331,https://gadebate.un.org/sites/default/files/gastatements/77/no_en.pdf,en,1,14,Local cover or explicit delivery statement; external metadata where recorded,Prepared/as-delivered status varies; no systematic video verification
2022_oman,2022,OMN,local PDF,data/UNGA77_General_Debate_2022_statements/UNGA77_General_Debate_2022/oman__om_en.pdf,e45af6e2815cf7407438097aa8958d4703c2fbe3cb2d9cb951c649178b20b3d4,https://gadebate.un.org/sites/default/files/gastatements/77/om_en.pdf,en,1,5,Local cover or explicit delivery statement; external metadata where recorded,Prepared/as-delivered status varies; no systematic video verification
2022_pakistan,2022,PAK,local PDF,data/UNGA77_General_Debate_2022_statements/UNGA77_General_Debate_2022/pakistan__pk_en.pdf,e05a3502a0f4972c7c4ae4bd42908f37285919af55d2a6546c4305cde0d54984,https://gadebate.un.org/sites/default/files/gastatements/77/pk_en.pdf,en,1,10,Local cover or explicit delivery statement; external metadata where recorded,Prepared/as-delivered status varies; no systematic video verification
2022_palau,2022,PLW,local PDF,data/UNGA77_General_Debate_2022_statements/UNGA77_General_Debate_2022/palau__pw_en.pdf,52b1b2ce32c07978446b0b0efd8bf36805daf5fe69c9e1f2abf9bdbd54e2772a,https://gadebate.un.org/sites/default/files/gastatements/77/pw_en.pdf,en,1,6,Local cover or explicit delivery statement; external metadata where recorded,Prepared/as-delivered status varies; no systematic video verification
2022_panama,2022,PAN,local PDF,data/UNGA77_General_Debate_2022_statements/UNGA77_General_Debate_2022/panama__pa_es.pdf,2ec14dd99a599b49a005be0df74aac482d74df46ec934a66f68fd929c63b270c,https://gadebate.un.org/sites/default/files/gastatements/77/pa_es.pdf,es,1,7,Local cover or explicit delivery statement; external metadata where recorded,Prepared/as-delivered status varies; no systematic video verification
2022_papua-new-guinea,2022,PNG,local PDF,data/UNGA77_General_Debate_2022_statements/UNGA77_General_Debate_2022/papua-new-guinea__pg_en.pdf,106d236444009e90a292b25a97073d18bdb08040d1ec1b0b80309044ef0cd1c9,https://gadebate.un.org/sites/default/files/gastatements/77/pg_en.pdf,en,1,13,Local cover or explicit delivery statement; external metadata where recorded,Prepared/as-delivered status varies; no systematic video verification
2022_peru,2022,PER,local PDF,data/UNGA77_General_Debate_2022_statements/UNGA77_General_Debate_2022/peru__pe_es.pdf,042e832d6bedc0020641b148ebf909dc566a9059b1068c4a3ef1ef1d4dfa1f64,https://gadebate.un.org/sites/default/files/gastatements/77/pe_es.pdf,es,1,10,Local cover or explicit delivery statement; external metadata where recorded,Prepared/as-delivered status varies; no systematic video verification
2022_philippines,2022,PHL,local PDF,data/UNGA77_General_Debate_2022_statements/UNGA77_General_Debate_2022/philippines__ph_en.pdf,f795e5e8b467626d1147f959351f8affa2869c989d7c883aa92d64ca76b45a7b,https://gadebate.un.org/sites/default/files/gastatements/77/ph_en.pdf,en,1,19,Local cover or explicit delivery statement; external metadata where recorded,Prepared/as-delivered status varies; no systematic video verification
2022_poland,2022,POL,local PDF,data/UNGA77_General_Debate_2022_statements/UNGA77_General_Debate_2022/poland__pl_en.pdf,c56c6772ee15a8de2cb815cd39e28fff012c0a9cd09d06167131c011d0221ae7,https://gadebate.un.org/sites/default/files/gastatements/77/pl_en.pdf,en,1,7,Local cover or explicit delivery statement; external metadata where recorded,Prepared/as-delivered status varies; no systematic video verification
2022_portugal,2022,PRT,local PDF,data/UNGA77_General_Debate_2022_statements/UNGA77_General_Debate_2022/portugal__pt_en.pdf,6530b9540bb4f1383c04f3c3adef6289d8c650432c3a1f1599daa8e4047f95e6,https://gadebate.un.org/sites/default/files/gastatements/77/pt_en.pdf,en,1,14,Local cover or explicit delivery statement; external metadata where recorded,Prepared/as-delivered status varies; no systematic video verification
2022_qatar,2022,QAT,local PDF,data/UNGA77_General_Debate_2022_statements/UNGA77_General_Debate_2022/qatar__ka_ar.pdf,8ab12e942ef4b9fe5191b328c3947445fb6c0228f018cdfd95a1b073bec3b578,https://gadebate.un.org/sites/default/files/gastatements/77/ka_ar.pdf,ar,1,8,Local cover or explicit delivery statement; external metadata where recorded,Prepared/as-delivered status varies; no systematic video verification
2022_republic-korea,2022,KOR,local PDF,data/UNGA77_General_Debate_2022_statements/UNGA77_General_Debate_2022/republic-korea__kr_en.pdf,351abfc70569df5020292e3fbb92c56df255fc920ae8d99263b46ee7003a695e,https://gadebate.un.org/sites/default/files/gastatements/77/kr_en.pdf,en,1,7,Local cover or explicit delivery statement; external metadata where recorded,Prepared/as-delivered status varies; no systematic video verification
2022_republic-moldova,2022,MDA,local PDF,data/UNGA77_General_Debate_2022_statements/UNGA77_General_Debate_2022/republic-moldova__md_en.pdf,d346a69d7e04ca193504637254a2f5536c18765b78782468cfdedceace96ed56,https://gadebate.un.org/sites/default/files/gastatements/77/md_en.pdf,en,1,8,Local cover or explicit delivery statement; external metadata where recorded,Prepared/as-delivered status varies; no systematic video verification
2022_republic-north-macedonia,2022,MKD,local PDF,data/UNGA77_General_Debate_2022_statements/UNGA77_General_Debate_2022/republic-north-macedonia__mk_en.pdf,5d02442b00a9fb63c96b4738731257d537f5609d3307fd9f6d0795d1702401d7,https://gadebate.un.org/sites/default/files/gastatements/77/mk_en.pdf,en,1,8,Local cover or explicit delivery statement; external metadata where recorded,Prepared/as-delivered status varies; no systematic video verification
2022_romania,2022,ROU,local PDF,data/UNGA77_General_Debate_2022_statements/UNGA77_General_Debate_2022/romania__ro_en.pdf,643a792578fc33a6305daca7e244d5cc7f9c1a450c42eb2e06efe6042ab0b523,https://gadebate.un.org/sites/default/files/gastatements/77/ro_en.pdf,en,1,5,Local cover or explicit delivery statement; external metadata where recorded,Prepared/as-delivered status varies; no systematic video verification
2022_russian-federation,2022,RUS,local PDF,data/UNGA77_General_Debate_2022_statements/UNGA77_General_Debate_2022/russian-federation__ru_ru.pdf,28cf60ad25e7ec27c56b5aca93acc9fd4799873e8eb21ec30307c88967a5735b,https://gadebate.un.org/sites/default/files/gastatements/77/ru_ru.pdf,ru,1,10,Local cover or explicit delivery statement; external metadata where recorded,Prepared/as-delivered status varies; no systematic video verification
2022_rwanda,2022,RWA,local PDF,data/UNGA77_General_Debate_2022_statements/UNGA77_General_Debate_2022/rwanda__rw_en.pdf,cbeb97200043a295e849368087261bb41b57fdee6e4b5645010d4a2585e0bd62,https://gadebate.un.org/sites/default/files/gastatements/77/rw_en.pdf,en,1,3,Local cover or explicit delivery statement; external metadata where recorded,Prepared/as-delivered status varies; no systematic video verification
2022_saint-kitts-and-nevis,2022,KNA,local PDF,data/UNGA77_General_Debate_2022_statements/UNGA77_General_Debate_2022/saint-kitts-and-nevis__kn_en.pdf,000cfa3ef6e5bee6bdc7c76922c644a224efb713201ac4bb391653ac4710b60c,https://gadebate.un.org/sites/default/files/gastatements/77/kn_en.pdf,en,1,11,Local cover or explicit delivery statement; external metadata where recorded,Prepared/as-delivered status varies; no systematic video verification
2022_saint-lucia,2022,LCA,local PDF,data/UNGA77_General_Debate_2022_statements/UNGA77_General_Debate_2022/saint-lucia__lc_en.pdf,0780358e72bb0e0bd44af50d28c4f33263e120d89928216ba43f51d262a3515d,https://gadebate.un.org/sites/default/files/gastatements/77/lc_en.pdf,en,1,11,Local cover or explicit delivery statement; external metadata where recorded,Prepared/as-delivered status varies; no systematic video verification
2022_saint-vincent-and-grenadines,2022,VCT,local PDF,data/UNGA77_General_Debate_2022_statements/UNGA77_General_Debate_2022/saint-vincent-and-grenadines__vc_en.pdf,feef1cc329f7bd196cd89679a8d4b77e2d27847b6cda21b5eb2acf437b3645b9,https://gadebate.un.org/sites/default/files/gastatements/77/vc_en.pdf,en,1,16,Local cover or explicit delivery statement; external metadata where recorded,Prepared/as-delivered status varies; no systematic video verification
2022_samoa,2022,WSM,local PDF,data/UNGA77_General_Debate_2022_statements/UNGA77_General_Debate_2022/samoa__ws_en.pdf,12dc58b01469aacec8b9ff71a442387476901344b7dbc1aa4d955c1cf81d80c1,https://gadebate.un.org/sites/default/files/gastatements/77/ws_en.pdf,en,1,14,Local cover or explicit delivery statement; external metadata where recorded,Prepared/as-delivered status varies; no systematic video verification
2022_san-marino,2022,SMR,local PDF,data/UNGA77_General_Debate_2022_statements/UNGA77_General_Debate_2022/san-marino__sm_en.pdf,cb86924488deca342fe8148dc56d1bdda95a71a65c50a3da5789075768b029de,https://gadebate.un.org/sites/default/files/gastatements/77/sm_en.pdf,en,1,8,Local cover or explicit delivery statement; external metadata where recorded,Prepared/as-delivered status varies; no systematic video verification
2022_saudi-arabia,2022,SAU,local PDF,data/UNGA77_General_Debate_2022_statements/UNGA77_General_Debate_2022/saudi-arabia__sa_ar.pdf,7007cadb789c76be51ce497c9722acda36bf4754b673ce1a437006a8a3a2054d,https://gadebate.un.org/sites/default/files/gastatements/77/sa_ar.pdf,ar,1,14,Local cover or explicit delivery statement; external metadata where recorded,Prepared/as-delivered status varies; no systematic video verification
2022_senegal,2022,SEN,local PDF,data/UNGA77_General_Debate_2022_statements/UNGA77_General_Debate_2022/senegal__sn_en.pdf,79c8028c98c2ad69b65c6370e3da3a3f3414c99b1eb01843965cfeb127e8f94e,https://gadebate.un.org/sites/default/files/gastatements/77/sn_en.pdf,en,1,11,Local cover or explicit delivery statement; external metadata where recorded,Prepared/as-delivered status varies; no systematic video verification
2022_serbia-1,2022,SRB,local PDF,data/UNGA77_General_Debate_2022_statements/UNGA77_General_Debate_2022/serbia-1__rs_en.pdf,79f9dbf6cbbac41d8ff6d7edd2280a0ca77008606a40257857595eb2f33826de,https://gadebate.un.org/sites/default/files/gastatements/77/rs_en.pdf,en,1,9,Local cover or explicit delivery statement; external metadata where recorded,Prepared/as-delivered status varies; no systematic video verification
2022_seychelles,2022,SYC,local PDF,data/UNGA77_General_Debate_2022_statements/UNGA77_General_Debate_2022/seychelles__sc_en.pdf,b5571000ab2154b9f8c831ceac1e1c0c5ea31130c443a07a039b2ebfba9e6f17,https://gadebate.un.org/sites/default/files/gastatements/77/sc_en.pdf,en,1,7,Local cover or explicit delivery statement; external metadata where recorded,Prepared/as-delivered status varies; no systematic video verification
2022_sierra-leone,2022,SLE,local PDF,data/UNGA77_General_Debate_2022_statements/UNGA77_General_Debate_2022/sierra-leone__sl_en.pdf,5c4cdb1aea19c244518de583166237ba24548861368a0d9600724a379051b7d4,https://gadebate.un.org/sites/default/files/gastatements/77/sl_en.pdf,en,1,8,Local cover or explicit delivery statement; external metadata where recorded,Prepared/as-delivered status varies; no systematic video verification
2022_singapore,2022,SGP,local PDF,data/UNGA77_General_Debate_2022_statements/UNGA77_General_Debate_2022/singapore__sg_en.pdf,c17ba288a4ee0bee3888277fcaedfb24b3aa69620d23d526f8e16607e26a6475,https://gadebate.un.org/sites/default/files/gastatements/77/sg_en.pdf,en,1,15,Local cover or explicit delivery statement; external metadata where recorded,Prepared/as-delivered status varies; no systematic video verification
2022_slovakia,2022,SVK,local PDF,data/UNGA77_General_Debate_2022_statements/UNGA77_General_Debate_2022/slovakia__sk_en.pdf,8d76f3e4e88fad2f71048806b78fbc975a28642e28dd253619f86e2bcb12e407,https://gadebate.un.org/sites/default/files/gastatements/77/sk_en.pdf,en,1,5,Local cover or explicit delivery statement; external metadata where recorded,Prepared/as-delivered status varies; no systematic video verification
2022_slovenia,2022,SVN,local PDF,data/UNGA77_General_Debate_2022_statements/UNGA77_General_Debate_2022/slovenia__si_en.pdf,952c36f12a20f1a5c8dafd2ec58219b545be19d0b3c3bb84eb30185505a5ad70,https://gadebate.un.org/sites/default/files/gastatements/77/si_en.pdf,en,1,4,Local cover or explicit delivery statement; external metadata where recorded,Prepared/as-delivered status varies; no systematic video verification
2022_solomon-islands,2022,SLB,local PDF,data/UNGA77_General_Debate_2022_statements/UNGA77_General_Debate_2022/solomon-islands__sb_en.pdf,eb4803e3f43975a5d30d3c6be3c8771b208df975273f4819a6d5b789fc297169,https://gadebate.un.org/sites/default/files/gastatements/77/sb_en.pdf,en,1,15,Local cover or explicit delivery statement; external metadata where recorded,Prepared/as-delivered status varies; no systematic video verification
2022_somalia,2022,SOM,local PDF,data/UNGA77_General_Debate_2022_statements/UNGA77_General_Debate_2022/somalia__so_en.pdf,be2630db85dc541b2a21c90cfc2ef97937055a96a803c6af83d5e47f4a6d2880,https://gadebate.un.org/sites/default/files/gastatements/77/so_en.pdf,en,1,9,Local cover or explicit delivery statement; external metadata where recorded,Prepared/as-delivered status varies; no systematic video verification
2022_south-africa,2022,ZAF,local PDF,data/UNGA77_General_Debate_2022_statements/UNGA77_General_Debate_2022/south-africa__za_en.pdf,f2a622e1ceaf3af2747ed2b04e07af777106c1e3c2cb8bafe94500391e477cd3,https://gadebate.un.org/sites/default/files/gastatements/77/za_en.pdf,en,1,9,Local cover or explicit delivery statement; external metadata where recorded,Prepared/as-delivered status varies; no systematic video verification
2022_south-sudan,2022,SSD,local PDF,data/UNGA77_General_Debate_2022_statements/UNGA77_General_Debate_2022/south-sudan__ss_en_1.pdf,b607da981544e98cde4d3c2c5b86b89b433767ca75020298001a441e8039184f,https://gadebate.un.org/sites/default/files/gastatements/77/ss_en_1.pdf,en,1,9,Local cover or explicit delivery statement; external metadata where recorded,Prepared/as-delivered status varies; no systematic video verification
2022_spain,2022,ESP,local PDF,data/UNGA77_General_Debate_2022_statements/UNGA77_General_Debate_2022/spain__es_en.pdf,2fde07a118d3e624934f99cf672ddf0badc12191b454c8cfd028a53b748fcc43,https://gadebate.un.org/sites/default/files/gastatements/77/es_en.pdf,en,1,8,Local cover or explicit delivery statement; external metadata where recorded,Prepared/as-delivered status varies; no systematic video verification
2022_sri-lanka,2022,LKA,local PDF,data/UNGA77_General_Debate_2022_statements/UNGA77_General_Debate_2022/sri-lanka__lk_en.pdf,bd2c29bc18aa1ce4e7c4844fd002a20fd6d50468bec59f30ef808d956280583f,https://gadebate.un.org/sites/default/files/gastatements/77/lk_en.pdf,en,1,15,Local cover or explicit delivery statement; external metadata where recorded,Prepared/as-delivered status varies; no systematic video verification
2022_sudan,2022,SDN,local PDF,data/UNGA77_General_Debate_2022_statements/UNGA77_General_Debate_2022/sudan__sd_ar.pdf,2d3aece78fe9a5bc53561e756e80b699082e417ab2ae65f68d0f82012f37c9a0,https://gadebate.un.org/sites/default/files/gastatements/77/sd_ar.pdf,ar,1,11,Local cover or explicit delivery statement; external metadata where recorded,Prepared/as-delivered status varies; no systematic video verification
2022_suriname,2022,SUR,local PDF,data/UNGA77_General_Debate_2022_statements/UNGA77_General_Debate_2022/suriname__sr_en.pdf,524c311c42c65bbd8cbaf728fb7e52250d7dcc4c76ce0a7bc1c6018afd8e309a,https://gadebate.un.org/sites/default/files/gastatements/77/sr_en.pdf,en,1,10,Local cover or explicit delivery statement; external metadata where recorded,Prepared/as-delivered status varies; no systematic video verification
2022_sweden,2022,SWE,local PDF,data/UNGA77_General_Debate_2022_statements/UNGA77_General_Debate_2022/sweden__se_en.pdf,255ad41cc7acf20ec54242a2c2e3454589209b36cf8cab9757e1e49d02473a1e,https://gadebate.un.org/sites/default/files/gastatements/77/se_en.pdf,en,1,8,Local cover or explicit delivery statement; external metadata where recorded,Prepared/as-delivered status varies; no systematic video verification
2022_switzerland,2022,CHE,local PDF,data/UNGA77_General_Debate_2022_statements/UNGA77_General_Debate_2022/switzerland__ch_fr.pdf,3403a79cbc7f17d6ebff3c8d448bc30142db96151e9b59846d444d198b6f7afe,https://gadebate.un.org/sites/default/files/gastatements/77/ch_fr.pdf,fr,1,17,Local cover or explicit delivery statement; external metadata where recorded,Prepared/as-delivered status varies; no systematic video verification
2022_syrian-arab-republic,2022,SYR,local PDF,data/UNGA77_General_Debate_2022_statements/UNGA77_General_Debate_2022/syrian-arab-republic__sy_ar.pdf,eca42816fa6fc9300f5129c5c65d1c321224948490c2e5f1008afac4653c67a7,https://gadebate.un.org/sites/default/files/gastatements/77/sy_ar.pdf,ar,1,9,Local cover or explicit delivery statement; external metadata where recorded,Prepared/as-delivered status varies; no systematic video verification
2022_tajikistan,2022,TJK,local PDF,data/UNGA77_General_Debate_2022_statements/UNGA77_General_Debate_2022/tajikistan__tj_en.pdf,97c84b0a9a17b32d8b3c68c6dd1c08b814a37167a7eb21809dbbea250ca7d3ec,https://gadebate.un.org/sites/default/files/gastatements/77/tj_en.pdf,en,1,7,Local cover or explicit delivery statement; external metadata where recorded,Prepared/as-delivered status varies; no systematic video verification
2022_thailand,2022,THA,local PDF,data/UNGA77_General_Debate_2022_statements/UNGA77_General_Debate_2022/thailand__th_en.pdf,200af385ce7bb4c37765552b93f6b85b9099899c8fdf4ec50f5e1ebd0a610a82,https://gadebate.un.org/sites/default/files/gastatements/77/th_en.pdf,en,1,10,Local cover or explicit delivery statement; external metadata where recorded,Prepared/as-delivered status varies; no systematic video verification
2022_timor-leste,2022,TLS,local PDF,data/UNGA77_General_Debate_2022_statements/UNGA77_General_Debate_2022/timor-leste__tl_en.pdf,022b116d3448971269a06953bd422dfc48aae76aa22135785002e5941a66e00a,https://gadebate.un.org/sites/default/files/gastatements/77/tl_en.pdf,en,1,9,Local cover or explicit delivery statement; external metadata where recorded,Prepared/as-delivered status varies; no systematic video verification
2022_togo,2022,TGO,local PDF,data/UNGA77_General_Debate_2022_statements/UNGA77_General_Debate_2022/togo__tg_fr.pdf,c22d4f37fe40f28a50271cefdbd76fd7323b0a9707c808b89ba0559d211b67dd,https://gadebate.un.org/sites/default/files/gastatements/77/tg_fr.pdf,fr,1,12,Local cover or explicit delivery statement; external metadata where recorded,Prepared/as-delivered status varies; no systematic video verification
2022_tonga,2022,TON,local PDF,data/UNGA77_General_Debate_2022_statements/UNGA77_General_Debate_2022/tonga__tg_en.pdf,3f1c174248962b8ce2d5872178601bd8b743521296559be06f91f2368b03a761,https://gadebate.un.org/sites/default/files/gastatements/77/tg_en.pdf,en,1,9,Local cover or explicit delivery statement; external metadata where recorded,Prepared/as-delivered status varies; no systematic video verification
2022_trinidad-and-tobago,2022,TTO,local PDF,data/UNGA77_General_Debate_2022_statements/UNGA77_General_Debate_2022/trinidad-and-tobago__tt_en.pdf,3150705930708af34d788b5e52b756e5ac12d75377ebda2518fd109856b3d5ea,https://gadebate.un.org/sites/default/files/gastatements/77/tt_en.pdf,en,1,7,Local cover or explicit delivery statement; external metadata where recorded,Prepared/as-delivered status varies; no systematic video verification
2022_tunisia,2022,TUN,local PDF,data/UNGA77_General_Debate_2022_statements/UNGA77_General_Debate_2022/tunisia__tn_ar.pdf,6d9964db6523ec94bcdea277dd447a7206a0985358675899166fd514d8618268,https://gadebate.un.org/sites/default/files/gastatements/77/tn_ar.pdf,ar,1,5,Local cover or explicit delivery statement; external metadata where recorded,Prepared/as-delivered status varies; no systematic video verification
2022_turkiye,2022,TUR,local PDF,data/UNGA77_General_Debate_2022_statements/UNGA77_General_Debate_2022/turkiye__tr_en.pdf,d902b5ccbf1dbb530ed42835b446eb2127250b6808171f2165819f2e6d55a1ff,https://gadebate.un.org/sites/default/files/gastatements/77/tr_en.pdf,en,1,12,Local cover or explicit delivery statement; external metadata where recorded,Prepared/as-delivered status varies; no systematic video verification
2022_turkmenistan,2022,TKM,local PDF,data/UNGA77_General_Debate_2022_statements/UNGA77_General_Debate_2022/turkmenistan__tm_ru.pdf,b198ac43c2eea1b129aa3d6d066823cdb33a3ee103cc38551466daf14d447caa,https://gadebate.un.org/sites/default/files/gastatements/77/tm_ru.pdf,ru,1,11,Local cover or explicit delivery statement; external metadata where recorded,Prepared/as-delivered status varies; no systematic video verification
2022_tuvalu,2022,TUV,local PDF,data/UNGA77_General_Debate_2022_statements/UNGA77_General_Debate_2022/tuvalu__tv_en.pdf,5d9f15c582e7dd64c13cb5cdd5e8fafed13cf6cc6994218ed9e531d65961a3b9,https://gadebate.un.org/sites/default/files/gastatements/77/tv_en.pdf,en,1,8,Local cover or explicit delivery statement; external metadata where recorded,Prepared/as-delivered status varies; no systematic video verification
2022_uganda,2022,UGA,local PDF,data/UNGA77_General_Debate_2022_statements/UNGA77_General_Debate_2022/uganda__ug_en.pdf,04156e639d3b98c50fb3c808536dcfc68370fadaff009559a29dcd2300d6cdd6,https://gadebate.un.org/sites/default/files/gastatements/77/ug_en.pdf,en,1,8,Local cover or explicit delivery statement; external metadata where recorded,Prepared/as-delivered status varies; no systematic video verification
2022_ukraine,2022,UKR,local PDF,data/UNGA77_General_Debate_2022_statements/UNGA77_General_Debate_2022/ukraine__ua_en.pdf,bbe05df69cf95de832818e3e03cd668a74b7afa65b467988ab57cb385743c547,https://gadebate.un.org/sites/default/files/gastatements/77/ua_en.pdf,en,1,7,Local cover or explicit delivery statement; external metadata where recorded,Prepared/as-delivered status varies; no systematic video verification
2022_united-arab-emirates,2022,ARE,local PDF,data/UNGA77_General_Debate_2022_statements/UNGA77_General_Debate_2022/united-arab-emirates__ae_ar.pdf,272035c577826f7a1201f2588271b54f7beb217fc48e9bdc4a02f01e4017e62b,https://gadebate.un.org/sites/default/files/gastatements/77/ae_ar.pdf,ar,1,4,Local cover or explicit delivery statement; external metadata where recorded,Prepared/as-delivered status varies; no systematic video verification
2022_united-kingdom-great-britain-and-northern-ireland,2022,GBR,local PDF,data/UNGA77_General_Debate_2022_statements/UNGA77_General_Debate_2022/united-kingdom-great-britain-and-northern-ireland__uk_en.pdf,4ffa322b27cb11e8adb4e36b5832e66ac3f5a93e071103ab207b15db8fe4c632,https://gadebate.un.org/sites/default/files/gastatements/77/uk_en.pdf,en,1,8,Local cover or explicit delivery statement; external metadata where recorded,Prepared/as-delivered status varies; no systematic video verification
2022_united-republic-tanzania,2022,TZA,local PDF,data/UNGA77_General_Debate_2022_statements/UNGA77_General_Debate_2022/united-republic-tanzania__tz_en.pdf,ca41c4d0d944c76b838ced4b76a020d9f7588f9928ed8a65c52ca170988c980d,https://gadebate.un.org/sites/default/files/gastatements/77/tz_en.pdf,en,1,6,Local cover or explicit delivery statement; external metadata where recorded,Prepared/as-delivered status varies; no systematic video verification
2022_united-states-america,2022,USA,local PDF,data/UNGA77_General_Debate_2022_statements/UNGA77_General_Debate_2022/united-states-america__us_en.pdf,af3cdbd2cd16a432b61165f2db08c228066b0aaf0c500d6441c995b922532811,https://gadebate.un.org/sites/default/files/gastatements/77/us_en.pdf,en,1,15,Local cover or explicit delivery statement; external metadata where recorded,Prepared/as-delivered status varies; no systematic video verification
2022_uruguay,2022,URY,local PDF,data/UNGA77_General_Debate_2022_statements/UNGA77_General_Debate_2022/uruguay__uy_es.pdf,0abc37f6a304ea28058d83badc3ec34758df811e1124a556e92698bff5309a92,https://gadebate.un.org/sites/default/files/gastatements/77/uy_es.pdf,es,1,13,Local cover or explicit delivery statement; external metadata where recorded,Prepared/as-delivered status varies; no systematic video verification
2022_uzbekistan,2022,UZB,local PDF,data/UNGA77_General_Debate_2022_statements/UNGA77_General_Debate_2022/uzbekistan__uz_en.pdf,cc2e9a3b9d0274d452517b1edf05218ac45ba8d61b9ceacdbffa4740a5f9be69,https://gadebate.un.org/sites/default/files/gastatements/77/uz_en.pdf,en,1,6,Local cover or explicit delivery statement; external metadata where recorded,Prepared/as-delivered status varies; no systematic video verification
2022_vanuatu,2022,VUT,local PDF,data/UNGA77_General_Debate_2022_statements/UNGA77_General_Debate_2022/vanuatu__vu_en.pdf,4e2da1eea3afc6a6da0731e2ef565a92c7ef12cde9ab31bb432b53cfdc75c4ae,https://gadebate.un.org/sites/default/files/gastatements/77/vu_en.pdf,en,1,7,Local cover or explicit delivery statement; external metadata where recorded,Prepared/as-delivered status varies; no systematic video verification
2022_venezuela-bolivarian-republic,2022,VEN,local PDF,data/UNGA77_General_Debate_2022_statements/UNGA77_General_Debate_2022/venezuela-bolivarian-republic__ve_es.pdf,d117e72c1972d00191324298827241bd946de24462ed8581a948d920dadf0067,https://gadebate.un.org/sites/default/files/gastatements/77/ve_es.pdf,es,1,8,Local cover or explicit delivery statement; external metadata where recorded,Prepared/as-delivered status varies; no systematic video verification
2022_viet-nam,2022,VNM,local PDF,data/UNGA77_General_Debate_2022_statements/UNGA77_General_Debate_2022/viet-nam__vn_en.pdf,03a52a3ba60e52480de8cc5d8b1983d9fa1950ff48cb08cb16cb67649ece3d28,https://gadebate.un.org/sites/default/files/gastatements/77/vn_en.pdf,en,1,6,Local cover or explicit delivery statement; external metadata where recorded,Prepared/as-delivered status varies; no systematic video verification
2022_yemen,2022,YEM,local PDF,data/UNGA77_General_Debate_2022_statements/UNGA77_General_Debate_2022/yemen__ye_ar.pdf,aa60133ce607e5a7533bb90a61355c952f27d3d75f1408ded2f7dff9219aee1e,https://gadebate.un.org/sites/default/files/gastatements/77/ye_ar.pdf,ar,1,10,Local cover or explicit delivery statement; external metadata where recorded,Prepared/as-delivered status varies; no systematic video verification
2022_zambia,2022,ZMB,local PDF,data/UNGA77_General_Debate_2022_statements/UNGA77_General_Debate_2022/zambia__zm_en.pdf,dc4ae4aa554dc9c3abf8afa985294b88b548ea2a81e07cf4bd8bc0a9665e0c27,https://gadebate.un.org/sites/default/files/gastatements/77/zm_en.pdf,en,1,21,Local cover or explicit delivery statement; external metadata where recorded,Prepared/as-delivered status varies; no systematic video verification
2022_zimbabwe,2022,ZWE,local PDF,data/UNGA77_General_Debate_2022_statements/UNGA77_General_Debate_2022/zimbabwe__zw_en.pdf,f235f579a1d6e48b1bf6dcececd5678e2b7f43548fc2008385fb81c321a1dda5,https://gadebate.un.org/sites/default/files/gastatements/77/zw_en.pdf,en,1,19,Local cover or explicit delivery statement; external metadata where recorded,Prepared/as-delivered status varies; no systematic video verification
2023_albania,2023,ALB,local PDF,data/UNGA78_General_Debate_2023_statements/UNGA78_General_Debate_2023/albania__al_en.pdf,80c09cfc7661c17fc846d46d6152f5f7a8de8d88074c24c2fb7504c01be4e489,https://gadebate.un.org/sites/default/files/gastatements/78/al_en.pdf,en,1,7,Local cover or explicit delivery statement; external metadata where recorded,Prepared/as-delivered status varies; no systematic video verification
2023_algeria,2023,DZA,local PDF,data/UNGA78_General_Debate_2023_statements/UNGA78_General_Debate_2023/algeria__dz_ar_0.pdf,826b23777eb9675595ce3ee07c310f891bbaec0cecefff7be1cbada4cc813029,https://gadebate.un.org/sites/default/files/gastatements/78/dz_ar_0.pdf,ar,1,21,Local cover or explicit delivery statement; external metadata where recorded,Prepared/as-delivered status varies; no systematic video verification
2023_andorra,2023,AND,local PDF,data/UNGA78_General_Debate_2023_statements/UNGA78_General_Debate_2023/andorra__ad_fr.pdf,ad794501b64c3b5af10d99782c5a62e533b5dd320febb568317df8f507961d16,https://gadebate.un.org/sites/default/files/gastatements/78/ad_fr.pdf,fr,1,8,Local cover or explicit delivery statement; external metadata where recorded,Prepared/as-delivered status varies; no systematic video verification
2023_angola,2023,AGO,local PDF,data/UNGA78_General_Debate_2023_statements/UNGA78_General_Debate_2023/angola__ao_en.pdf,2339afbcb7eea970ed434b756834d3c5ea397e844031ba096252dd6e6ccbf517,https://gadebate.un.org/sites/default/files/gastatements/78/ao_en.pdf,en,1,11,Local cover or explicit delivery statement; external metadata where recorded,Prepared/as-delivered status varies; no systematic video verification
2023_antigua-and-barbuda,2023,ATG,local PDF,data/UNGA78_General_Debate_2023_statements/UNGA78_General_Debate_2023/antigua-and-barbuda__ag_en_2.pdf,ad11c1ec4f96802c70cfb88f7294a98b054e88bda9fc69d941af5c3e1762e015,https://gadebate.un.org/sites/default/files/gastatements/78/ag_en_2.pdf,en,1,10,Local cover or explicit delivery statement; external metadata where recorded,Prepared/as-delivered status varies; no systematic video verification
2023_argentina,2023,ARG,local PDF,data/UNGA78_General_Debate_2023_statements/UNGA78_General_Debate_2023/argentina__ar_es.pdf,7439a64a945bfa01db5e2ebbf639c7488309f4a370f31f3641b93fd54d491857,https://gadebate.un.org/sites/default/files/gastatements/78/ar_es.pdf,es,1,8,Local cover or explicit delivery statement; external metadata where recorded,Prepared/as-delivered status varies; no systematic video verification
2023_armenia,2023,ARM,local PDF,data/UNGA78_General_Debate_2023_statements/UNGA78_General_Debate_2023/armenia__am_en.pdf,14c86965f05806aafd44b442753ddd1217d21499cca69fecee2393bcb73a642b,https://gadebate.un.org/sites/default/files/gastatements/78/am_en.pdf,en,1,6,Local cover or explicit delivery statement; external metadata where recorded,Prepared/as-delivered status varies; no systematic video verification
2023_australia,2023,AUS,local PDF,data/UNGA78_General_Debate_2023_statements/UNGA78_General_Debate_2023/australia__au_en.pdf,595c5659c6821035a7f0aadd272f12a42138d6db4809084fddeafbab96e34486,https://gadebate.un.org/sites/default/files/gastatements/78/au_en.pdf,en,1,9,Local cover or explicit delivery statement; external metadata where recorded,Prepared/as-delivered status varies; no systematic video verification
2023_austria,2023,AUT,local PDF,data/UNGA78_General_Debate_2023_statements/UNGA78_General_Debate_2023/austria__at_en.pdf,9dbd89230f7124e8d221147b6952111be6a261e734b56dba7f5d33b1e71c06a8,https://gadebate.un.org/sites/default/files/gastatements/78/at_en.pdf,en,1,7,Local cover or explicit delivery statement; external metadata where recorded,Prepared/as-delivered status varies; no systematic video verification
2023_azerbaijan,2023,AZE,local PDF,data/UNGA78_General_Debate_2023_statements/UNGA78_General_Debate_2023/azerbaijan__az_en_0.pdf,0076dd7f5b709f6407c908c07f78b8d30f71ccd54503d4b2c49d3e0b933065b7,https://gadebate.un.org/sites/default/files/gastatements/78/az_en_0.pdf,en,1,10,Local cover or explicit delivery statement; external metadata where recorded,Prepared/as-delivered status varies; no systematic video verification
2023_bahamas,2023,BHS,local PDF,data/UNGA78_General_Debate_2023_statements/UNGA78_General_Debate_2023/bahamas__bs_en.pdf,f127ee33abe4ff03409265d8232458c3bbf387ab1ef1aeb81bebe24539c8744b,https://gadebate.un.org/sites/default/files/gastatements/78/bs_en.pdf,en,1,21,Local cover or explicit delivery statement; external metadata where recorded,Prepared/as-delivered status varies; no systematic video verification
2023_bahrain,2023,BHR,local PDF,data/UNGA78_General_Debate_2023_statements/UNGA78_General_Debate_2023/bahrain__bh_en.pdf,06b58b30820d852e18485df366344e1540d4781fd95e0a298dd206972dcc379e,https://gadebate.un.org/sites/default/files/gastatements/78/bh_en.pdf,en,1,11,Local cover or explicit delivery statement; external metadata where recorded,Prepared/as-delivered status varies; no systematic video verification
2023_bangladesh,2023,BGD,local PDF,data/UNGA78_General_Debate_2023_statements/UNGA78_General_Debate_2023/bangladesh__bd_en.pdf,8d1bbab584027c00c00971dc7cf3a2d964d281f56c6ccfa936ec33f074e1b8aa,https://gadebate.un.org/sites/default/files/gastatements/78/bd_en.pdf,en,1,10,Local cover or explicit delivery statement; external metadata where recorded,Prepared/as-delivered status varies; no systematic video verification
2023_barbados,2023,BRB,local PDF,data/UNGA78_General_Debate_2023_statements/UNGA78_General_Debate_2023/barbados__bb_en_2.pdf,076ab319585a57043851b4ceb8bf2ac871b0026b72eed619b093380858d7b26f,https://gadebate.un.org/sites/default/files/gastatements/78/bb_en_2.pdf,en,1,6,Local cover or explicit delivery statement; external metadata where recorded,Prepared/as-delivered status varies; no systematic video verification
2023_belarus,2023,BLR,local PDF,data/UNGA78_General_Debate_2023_statements/UNGA78_General_Debate_2023/belarus__by_ru.pdf,5afbdb093f7cf6f282d68977a673d61d71189a6f0c19663a959f49452e2e1331,https://gadebate.un.org/sites/default/files/gastatements/78/by_ru.pdf,ru,1,7,Local cover or explicit delivery statement; external metadata where recorded,Prepared/as-delivered status varies; no systematic video verification
2023_belgium,2023,BEL,local PDF,data/UNGA78_General_Debate_2023_statements/UNGA78_General_Debate_2023/belgium__be_en.pdf,14a76ce081f714526b9ac6a27673c27c3ab23b09515fe52c0ad1d561f93cdba1,https://gadebate.un.org/sites/default/files/gastatements/78/be_en.pdf,en,1,7,Local cover or explicit delivery statement; external metadata where recorded,Prepared/as-delivered status varies; no systematic video verification
2023_belize,2023,BLZ,local PDF,data/UNGA78_General_Debate_2023_statements/UNGA78_General_Debate_2023/belize__bz_en.pdf,054c9c79715a87ff9706f0156d760d9a39dc5b19de62a38d414b1f06ba147564,https://gadebate.un.org/sites/default/files/gastatements/78/bz_en.pdf,en,1,7,Local cover or explicit delivery statement; external metadata where recorded,Prepared/as-delivered status varies; no systematic video verification
2023_benin,2023,BEN,local PDF,data/UNGA78_General_Debate_2023_statements/UNGA78_General_Debate_2023/benin__bj_fr.pdf,cc3fd94ded4ef62711c17fd772a120b5bd6754e5712c369de6b8a9bc61534f07,https://gadebate.un.org/sites/default/files/gastatements/78/bj_fr.pdf,fr,1,7,Local cover or explicit delivery statement; external metadata where recorded,Prepared/as-delivered status varies; no systematic video verification
2023_bhutan,2023,BTN,local PDF,data/UNGA78_General_Debate_2023_statements/UNGA78_General_Debate_2023/bhutan__bt_en.pdf,dcf2b4a54aea4523ade3772db8b441f8236bcf34dbfab67aabba00ed406b45ab,https://gadebate.un.org/sites/default/files/gastatements/78/bt_en.pdf,en,1,9,Local cover or explicit delivery statement; external metadata where recorded,Prepared/as-delivered status varies; no systematic video verification
2023_bolivia-plurinational-state,2023,BOL,local PDF,data/UNGA78_General_Debate_2023_statements/UNGA78_General_Debate_2023/bolivia-plurinational-state__bo_es.pdf,fc45202ed3adde9e3026679266fe1a18c2126eee0c7e203501868249ab1f49b4,https://gadebate.un.org/sites/default/files/gastatements/78/bo_es.pdf,es,1,11,Local cover or explicit delivery statement; external metadata where recorded,Prepared/as-delivered status varies; no systematic video verification
2023_bosnia-and-herzegovina,2023,BIH,local PDF,data/UNGA78_General_Debate_2023_statements/UNGA78_General_Debate_2023/bosnia-and-herzegovina__ba_en.pdf,5869601f817e01be0ed75ae7250e7f86e7956e54b854dfa2d8eb78ca395f4b70,https://gadebate.un.org/sites/default/files/gastatements/78/ba_en.pdf,en,1,9,Local cover or explicit delivery statement; external metadata where recorded,Prepared/as-delivered status varies; no systematic video verification
2023_botswana,2023,BWA,local PDF,data/UNGA78_General_Debate_2023_statements/UNGA78_General_Debate_2023/botswana__bw_en.pdf,2488ebbd7ebd96948bf20d6ed3a33cd609df7fbd6cbb8dd7ab42f96a48cbf315,https://gadebate.un.org/sites/default/files/gastatements/78/bw_en.pdf,en,1,11,Local cover or explicit delivery statement; external metadata where recorded,Prepared/as-delivered status varies; no systematic video verification
2023_brazil,2023,BRA,local PDF,data/UNGA78_General_Debate_2023_statements/UNGA78_General_Debate_2023/brazil__br_en.pdf,dcfbd861ba8d8dd85c28acf3ff061f4dd80aaaf2540a7830d858527adb6947f8,https://gadebate.un.org/sites/default/files/gastatements/78/br_en.pdf,en,1,6,Local cover or explicit delivery statement; external metadata where recorded,Prepared/as-delivered status varies; no systematic video verification
2023_brunei-darussalam,2023,BRN,local PDF,data/UNGA78_General_Debate_2023_statements/UNGA78_General_Debate_2023/brunei-darussalam__bn_en.pdf,080cdf1310667af2e53e1b0826f2b5acac2b90f190b6d237cebf2ce96122a3f1,https://gadebate.un.org/sites/default/files/gastatements/78/bn_en.pdf,en,1,5,Local cover or explicit delivery statement; external metadata where recorded,Prepared/as-delivered status varies; no systematic video verification
2023_bulgaria,2023,BGR,local PDF,data/UNGA78_General_Debate_2023_statements/UNGA78_General_Debate_2023/bulgaria__bg_en.pdf,f5d3b88d179f28514e3c8fd4dfe1990565b9b81a28cf1d3a7b2f82e658065f4e,https://gadebate.un.org/sites/default/files/gastatements/78/bg_en.pdf,en,1,4,Local cover or explicit delivery statement; external metadata where recorded,Prepared/as-delivered status varies; no systematic video verification
2023_burkina-faso,2023,BFA,local PDF,data/UNGA78_General_Debate_2023_statements/UNGA78_General_Debate_2023/burkina-faso__bf_fr.pdf,0368659cd64799385b3f61a3f48409c539a88f7e33b1fddffbdef6013f20aa6d,https://gadebate.un.org/sites/default/files/gastatements/78/bf_fr.pdf,fr,1,58,Local cover or explicit delivery statement; external metadata where recorded,Prepared/as-delivered status varies; no systematic video verification
2023_burundi,2023,BDI,local PDF,data/UNGA78_General_Debate_2023_statements/UNGA78_General_Debate_2023/burundi__bi_fr.pdf,756d9fe024d5c90aa4fda008960b3ac3f6d6c48bb944c3fafea3dee908e2c8b8,https://gadebate.un.org/sites/default/files/gastatements/78/bi_fr.pdf,fr,1,15,Local cover or explicit delivery statement; external metadata where recorded,Prepared/as-delivered status varies; no systematic video verification
2023_cabo-verde,2023,CPV,local PDF,data/UNGA78_General_Debate_2023_statements/UNGA78_General_Debate_2023/cabo-verde__cv_en.pdf,6a81e8dc43dec76bec1c7f71f21e5585830ec8bb4cde1cf7e2e2f10b47fd1e20,https://gadebate.un.org/sites/default/files/gastatements/78/cv_en.pdf,en,1,10,Local cover or explicit delivery statement; external metadata where recorded,Prepared/as-delivered status varies; no systematic video verification
2023_cambodia,2023,KHM,local PDF,data/UNGA78_General_Debate_2023_statements/UNGA78_General_Debate_2023/cambodia__kh_en_0.pdf,8f810dc5f5e888933f591350ac847c6d4c12494cd3ec608637e9c7b935309f58,https://gadebate.un.org/sites/default/files/gastatements/78/kh_en_0.pdf,en,1,10,Local cover or explicit delivery statement; external metadata where recorded,Prepared/as-delivered status varies; no systematic video verification
2023_cameroon,2023,CMR,local PDF,data/UNGA78_General_Debate_2023_statements/UNGA78_General_Debate_2023/cameroon__cm_fr.pdf,eece96eaf6cba521f60a63f40dde95c96f44008779cde6f577408dd85133ce6d,https://gadebate.un.org/sites/default/files/gastatements/78/cm_fr.pdf,fr,1,7,Local cover or explicit delivery statement; external metadata where recorded,Prepared/as-delivered status varies; no systematic video verification
2023_canada,2023,CAN,local PDF,data/UNGA78_General_Debate_2023_statements/UNGA78_General_Debate_2023/canada__ca_en.pdf,de49fa8cf905e9df7a223dde1608833eef1c3b191502a4415ad21a61576697dd,https://gadebate.un.org/sites/default/files/gastatements/78/ca_en.pdf,en,1,16,Local cover or explicit delivery statement; external metadata where recorded,Prepared/as-delivered status varies; no systematic video verification
2023_central-african-republic,2023,CAF,local PDF,data/UNGA78_General_Debate_2023_statements/UNGA78_General_Debate_2023/central-african-republic__cf_fr.pdf,b137d70cbaae961682d0da20b50b9eb85dba88e824635bdada468c04f843cf9a,https://gadebate.un.org/sites/default/files/gastatements/78/cf_fr.pdf,fr,1,9,Local cover or explicit delivery statement; external metadata where recorded,Prepared/as-delivered status varies; no systematic video verification
2023_chad,2023,TCD,local PDF,data/UNGA78_General_Debate_2023_statements/UNGA78_General_Debate_2023/chad__td_fr.pdf,ac7906f74687bf26d7a4ce974b2236ec3ee43708aff4c0efd20fe05caff30f84,https://gadebate.un.org/sites/default/files/gastatements/78/td_fr.pdf,fr,1,10,Local cover or explicit delivery statement; external metadata where recorded,Prepared/as-delivered status varies; no systematic video verification
2023_chile,2023,CHL,local PDF,data/UNGA78_General_Debate_2023_statements/UNGA78_General_Debate_2023/chile__cl_es.pdf,72df5f12bbb67d2fd7bdeeb1351ab9c6ee36db2d6d443ba539b5e0231a6772e8,https://gadebate.un.org/sites/default/files/gastatements/78/cl_es.pdf,es,1,8,Local cover or explicit delivery statement; external metadata where recorded,Prepared/as-delivered status varies; no systematic video verification
2023_china,2023,CHN,local PDF,data/UNGA78_General_Debate_2023_statements/UNGA78_General_Debate_2023/china__cn_en.pdf,5e74dc974a7e89a74b77cba6c7978caba8d92e2a8ff0d388b86cf2cca793a76a,https://gadebate.un.org/sites/default/files/gastatements/78/cn_en.pdf,en,1,6,Local cover or explicit delivery statement; external metadata where recorded,Prepared/as-delivered status varies; no systematic video verification
2023_colombia,2023,COL,local PDF,data/UNGA78_General_Debate_2023_statements/UNGA78_General_Debate_2023/colombia__co_es.pdf,aedba7796bf24c5a0ab2beb50ae8841c061b3029f10efde2a7fd0f4c3d6909b9,https://gadebate.un.org/sites/default/files/gastatements/78/co_es.pdf,es,0,10,Local cover or explicit delivery statement; external metadata where recorded,Prepared/as-delivered status varies; no systematic video verification
2023_comoros,2023,COM,local PDF,data/UNGA78_General_Debate_2023_statements/UNGA78_General_Debate_2023/comoros__km_fr.pdf,7a0fc020558a5f2a41c15b1598779636223ee07ee3ec699e40f4011b29dd4d7a,https://gadebate.un.org/sites/default/files/gastatements/78/km_fr.pdf,fr,1,12,Local cover or explicit delivery statement; external metadata where recorded,Prepared/as-delivered status varies; no systematic video verification
2023_congo,2023,COG,local PDF,data/UNGA78_General_Debate_2023_statements/UNGA78_General_Debate_2023/congo__cg_fr.pdf,a5695a05c6522bc820e98a9d1d28fa4869c25dde48fdb1c8c8bdd32d308226e8,https://gadebate.un.org/sites/default/files/gastatements/78/cg_fr.pdf,fr,1,10,Local cover or explicit delivery statement; external metadata where recorded,Prepared/as-delivered status varies; no systematic video verification
2023_costa-rica,2023,CRI,local PDF,data/UNGA78_General_Debate_2023_statements/UNGA78_General_Debate_2023/costa-rica__cr_es.pdf,f6fe2aa1913a4a8324af3ac736353f4272d061307dd285efabe25f3a9b839d37,https://gadebate.un.org/sites/default/files/gastatements/78/cr_es.pdf,es,1,6,Local cover or explicit delivery statement; external metadata where recorded,Prepared/as-delivered status varies; no systematic video verification
2023_cote-divoire,2023,CIV,local PDF,data/UNGA78_General_Debate_2023_statements/UNGA78_General_Debate_2023/cote-divoire__ci_fr_0.pdf,7b48fc3a8e73624fe1cd1491db3f7f9e98c13d959133c69e95d54a4d996e485f,https://gadebate.un.org/sites/default/files/gastatements/78/ci_fr_0.pdf,fr,1,7,Local cover or explicit delivery statement; external metadata where recorded,Prepared/as-delivered status varies; no systematic video verification
2023_croatia,2023,HRV,local PDF,data/UNGA78_General_Debate_2023_statements/UNGA78_General_Debate_2023/croatia__hr_en.pdf,54c85642e665b90c719772f3911469e0215042a0bbb53907271723c8aed35242,https://gadebate.un.org/sites/default/files/gastatements/78/hr_en.pdf,en,1,6,Local cover or explicit delivery statement; external metadata where recorded,Prepared/as-delivered status varies; no systematic video verification
2023_cuba,2023,CUB,local PDF,data/UNGA78_General_Debate_2023_statements/UNGA78_General_Debate_2023/cuba__cu_es.pdf,f87b74d8fee4ebecad8ce0c1e12acc5e871e1a4bfa7ca1a506295947896805eb,https://gadebate.un.org/sites/default/files/gastatements/78/cu_es.pdf,es,1,12,Local cover or explicit delivery statement; external metadata where recorded,Prepared/as-delivered status varies; no systematic video verification
2023_cyprus,2023,CYP,local PDF,data/UNGA78_General_Debate_2023_statements/UNGA78_General_Debate_2023/cyprus__cy_en.pdf,1b2b8248934d176c087a6ad12bdd4eae623310a48b07e661ecbb0a2db9d7fb57,https://gadebate.un.org/sites/default/files/gastatements/78/cy_en.pdf,en,1,12,Local cover or explicit delivery statement; external metadata where recorded,Prepared/as-delivered status varies; no systematic video verification
2023_czech-republic,2023,CZE,local PDF,data/UNGA78_General_Debate_2023_statements/UNGA78_General_Debate_2023/czech-republic__cz_en.pdf,d3a9078a9a6475f1d9d558aea4d97c807526d06d9bbfdf14093035a1c7f919e7,https://gadebate.un.org/sites/default/files/gastatements/78/cz_en.pdf,en,1,5,Local cover or explicit delivery statement; external metadata where recorded,Prepared/as-delivered status varies; no systematic video verification
2023_democratic-peoples-republic-korea,2023,PRK,local PDF,data/UNGA78_General_Debate_2023_statements/UNGA78_General_Debate_2023/democratic-peoples-republic-korea__kp_en.pdf,f648062c2956a0ec3f1500cfda666e5e0c2054da8d6ae2c7f396851113801557,https://gadebate.un.org/sites/default/files/gastatements/78/kp_en.pdf,en,1,10,Local cover or explicit delivery statement; external metadata where recorded,Prepared/as-delivered status varies; no systematic video verification
2023_democratic-republic-congo,2023,COD,local PDF,data/UNGA78_General_Debate_2023_statements/UNGA78_General_Debate_2023/democratic-republic-congo__cd_fr.pdf,a87014bea4edf47c1650fe50c5770cf4850671f65c05bed7201cf3aa49ef2865,https://gadebate.un.org/sites/default/files/gastatements/78/cd_fr.pdf,fr,1,14,Local cover or explicit delivery statement; external metadata where recorded,Prepared/as-delivered status varies; no systematic video verification
2023_denmark,2023,DNK,local PDF,data/UNGA78_General_Debate_2023_statements/UNGA78_General_Debate_2023/denmark__dk_en.pdf,45e6664b6a69b1d291d25be5f4768e21e36ff902a7efe30f74efceadde20bd77,https://gadebate.un.org/sites/default/files/gastatements/78/dk_en.pdf,en,1,7,Local cover or explicit delivery statement; external metadata where recorded,Prepared/as-delivered status varies; no systematic video verification
2023_djibouti,2023,DJI,local PDF,data/UNGA78_General_Debate_2023_statements/UNGA78_General_Debate_2023/djibouti__dj_fr.pdf,11caca7071cab94f183eecdf4816ef05b7d1db3ffd093ff1dd7a2cb501ba1992,https://gadebate.un.org/sites/default/files/gastatements/78/dj_fr.pdf,fr,1,16,Local cover or explicit delivery statement; external metadata where recorded,Prepared/as-delivered status varies; no systematic video verification
2023_dominica,2023,DMA,local PDF,data/UNGA78_General_Debate_2023_statements/UNGA78_General_Debate_2023/dominica__dm_en.pdf,215eba8841e4bac974f5d7636ea6909f06cf88f50f7bdac31336c92e25c96bb1,https://gadebate.un.org/sites/default/files/gastatements/78/dm_en.pdf,en,1,26,Local cover or explicit delivery statement; external metadata where recorded,Prepared/as-delivered status varies; no systematic video verification
2023_dominican-republic,2023,DOM,local PDF,data/UNGA78_General_Debate_2023_statements/UNGA78_General_Debate_2023/dominican-republic__do_es.pdf,83c3479f591a6f72cfe14e8428a1e32377247e71e466c9745a75130961408113,https://gadebate.un.org/sites/default/files/gastatements/78/do_es.pdf,es,1,10,Local cover or explicit delivery statement; external metadata where recorded,Prepared/as-delivered status varies; no systematic video verification
2023_ecuador,2023,ECU,local PDF,data/UNGA78_General_Debate_2023_statements/UNGA78_General_Debate_2023/ecuador__ec_es.pdf,9290692839f1e59e8ca7cbceb027bf8f283a0635f1b95dc9f01004b7b9b07133,https://gadebate.un.org/sites/default/files/gastatements/78/ec_es.pdf,es,1,7,Local cover or explicit delivery statement; external metadata where recorded,Prepared/as-delivered status varies; no systematic video verification
2023_egypt,2023,EGY,local PDF,data/UNGA78_General_Debate_2023_statements/UNGA78_General_Debate_2023/egypt__eg_en.pdf,dff16a06b5b7d75da0d6c0c3378fda67cb798433c3b4f29c74e5ec08dfb1f19f,https://gadebate.un.org/sites/default/files/gastatements/78/eg_en.pdf,en,1,8,Local cover or explicit delivery statement; external metadata where recorded,Prepared/as-delivered status varies; no systematic video verification
2023_el-salvador,2023,SLV,local PDF,data/UNGA78_General_Debate_2023_statements/UNGA78_General_Debate_2023/el-salvador__sv_es.pdf,e82cdeead2fba18b33ba5d75867201175e1bd8b7628f04844110db13d16eaafd,https://gadebate.un.org/sites/default/files/gastatements/78/sv_es.pdf,es,1,10,Local cover or explicit delivery statement; external metadata where recorded,Prepared/as-delivered status varies; no systematic video verification
2023_equatorial-guinea,2023,GNQ,local PDF,data/UNGA78_General_Debate_2023_statements/UNGA78_General_Debate_2023/equatorial-guinea__gq_es.pdf,0c9800c9b1b0d114c45e1f0992858391bb716376336b3af3076f5fe004e8d6ec,https://gadebate.un.org/sites/default/files/gastatements/78/gq_es.pdf,es,1,21,Local cover or explicit delivery statement; external metadata where recorded,Prepared/as-delivered status varies; no systematic video verification
2023_eritrea,2023,ERI,local PDF,data/UNGA78_General_Debate_2023_statements/UNGA78_General_Debate_2023/eritrea__er_en.pdf,2e2d553092420cf2a6981136e648320fe7c92bdeba579b66c65b9daadd43bd32,https://gadebate.un.org/sites/default/files/gastatements/78/er_en.pdf,en,1,4,Local cover or explicit delivery statement; external metadata where recorded,Prepared/as-delivered status varies; no systematic video verification
2023_estonia,2023,EST,local PDF,data/UNGA78_General_Debate_2023_statements/UNGA78_General_Debate_2023/estonia__ee_en.pdf,7953347cb735002e9a7a4ddcc20ba4677101b53ab1f643b52ad6f90c525816dc,https://gadebate.un.org/sites/default/files/gastatements/78/ee_en.pdf,en,1,6,Local cover or explicit delivery statement; external metadata where recorded,Prepared/as-delivered status varies; no systematic video verification
2023_eswatini,2023,SWZ,local PDF,data/UNGA78_General_Debate_2023_statements/UNGA78_General_Debate_2023/eswatini__sz_en.pdf,f56301c36875a0caa8aaaeb63a138376d6b70f91b9f2c297b502b5d6ee812ebb,https://gadebate.un.org/sites/default/files/gastatements/78/sz_en.pdf,en,1,20,Local cover or explicit delivery statement; external metadata where recorded,Prepared/as-delivered status varies; no systematic video verification
2023_ethiopia,2023,ETH,local PDF,data/UNGA78_General_Debate_2023_statements/UNGA78_General_Debate_2023/ethiopia__et_en.pdf,d6dd2dc910863312d1db055d1db67bc0a7b4e30198fbc2125a00d6a67902f1bc,https://gadebate.un.org/sites/default/files/gastatements/78/et_en.pdf,en,1,9,Local cover or explicit delivery statement; external metadata where recorded,Prepared/as-delivered status varies; no systematic video verification
2023_fiji,2023,FJI,local PDF,data/UNGA78_General_Debate_2023_statements/UNGA78_General_Debate_2023/fiji__fj_en.pdf,1ee161f83c830d893ce062e9b03baaa2f24c6e7afdfa5b8b23239e4fc3020580,https://gadebate.un.org/sites/default/files/gastatements/78/fj_en.pdf,en,1,7,Local cover or explicit delivery statement; external metadata where recorded,Prepared/as-delivered status varies; no systematic video verification
2023_finland,2023,FIN,local PDF,data/UNGA78_General_Debate_2023_statements/UNGA78_General_Debate_2023/finland__fi_en.pdf,7bf1940d1f9fd25bd0082e340b2eaf2092013c9f17c86b35ff0ee53784cb4b05,https://gadebate.un.org/sites/default/files/gastatements/78/fi_en.pdf,en,1,5,Local cover or explicit delivery statement; external metadata where recorded,Prepared/as-delivered status varies; no systematic video verification
2023_france,2023,FRA,local PDF,data/UNGA78_General_Debate_2023_statements/UNGA78_General_Debate_2023/france__fr_fr.pdf,88dd6cc6aab0f97686b487594e097fd592058118fe5d28e6413770ca9d13a798,https://gadebate.un.org/sites/default/files/gastatements/78/fr_fr.pdf,fr,1,10,Local cover or explicit delivery statement; external metadata where recorded,Prepared/as-delivered status varies; no systematic video verification
2023_gabon,2023,GAB,local PDF,data/UNGA78_General_Debate_2023_statements/UNGA78_General_Debate_2023/gabon__ga_fr.pdf,61cae0e92ec86749267bea1f2454a3aa5d0a9ce4e023cdf28da2ea06a2b4c652,https://gadebate.un.org/sites/default/files/gastatements/78/ga_fr.pdf,fr,1,17,Local cover or explicit delivery statement; external metadata where recorded,Prepared/as-delivered status varies; no systematic video verification
2023_gambia-republic,2023,GMB,local PDF,data/UNGA78_General_Debate_2023_statements/UNGA78_General_Debate_2023/gambia-republic__gm_en_1.pdf,80ed78e8eb33c351a68549fabede57690f2b905cfce16e158ebe9900f863b0f8,https://gadebate.un.org/sites/default/files/gastatements/78/gm_en_1.pdf,en,1,21,Local cover or explicit delivery statement; external metadata where recorded,Prepared/as-delivered status varies; no systematic video verification
2023_georgia,2023,GEO,local PDF,data/UNGA78_General_Debate_2023_statements/UNGA78_General_Debate_2023/georgia__ge_en.pdf,bd8994b4fecc8fe3daa16466c9910afd44abdb398b8bb6f2d3acce0477d0f7dd,https://gadebate.un.org/sites/default/files/gastatements/78/ge_en.pdf,en,1,12,Local cover or explicit delivery statement; external metadata where recorded,Prepared/as-delivered status varies; no systematic video verification
2023_germany,2023,DEU,local PDF,data/UNGA78_General_Debate_2023_statements/UNGA78_General_Debate_2023/germany__de_fl.pdf,00e5d826a0b218bbb16e00958bfefd6579bfef2e4c85f7d676db4df6dce5566e,https://gadebate.un.org/sites/default/files/gastatements/78/de_fl.pdf,fl,1,38,Local cover or explicit delivery statement; external metadata where recorded,Prepared/as-delivered status varies; no systematic video verification
2023_ghana,2023,GHA,local PDF,data/UNGA78_General_Debate_2023_statements/UNGA78_General_Debate_2023/ghana__gh_en_0.pdf,aa6b8274880d026e614c102b03c43a38a82fe8f8bc7e835072a82847ae032b6d,https://gadebate.un.org/sites/default/files/gastatements/78/gh_en_0.pdf,en,1,8,Local cover or explicit delivery statement; external metadata where recorded,Prepared/as-delivered status varies; no systematic video verification
2023_greece,2023,GRC,local PDF,data/UNGA78_General_Debate_2023_statements/UNGA78_General_Debate_2023/greece__gr_en.pdf,32b48ee081dd08dd56d57ebdf5458b78c747656f4f00d4400d279b5b23eb4f2f,https://gadebate.un.org/sites/default/files/gastatements/78/gr_en.pdf,en,1,6,Local cover or explicit delivery statement; external metadata where recorded,Prepared/as-delivered status varies; no systematic video verification
2023_grenada,2023,GRD,local PDF,data/UNGA78_General_Debate_2023_statements/UNGA78_General_Debate_2023/grenada__gd_en.pdf,d704ca6dc752357e068e39d1bd94ea3c820d7f87ae573ba57d048d5c866a7994,https://gadebate.un.org/sites/default/files/gastatements/78/gd_en.pdf,en,1,14,Local cover or explicit delivery statement; external metadata where recorded,Prepared/as-delivered status varies; no systematic video verification
2023_guatemala,2023,GTM,local PDF,data/UNGA78_General_Debate_2023_statements/UNGA78_General_Debate_2023/guatemala__gt_es.pdf,429d3fdb18cee9574f23c2fb1c2f8caee0cb996631323271d01566e57d8060dc,https://gadebate.un.org/sites/default/files/gastatements/78/gt_es.pdf,es,1,28,Local cover or explicit delivery statement; external metadata where recorded,Prepared/as-delivered status varies; no systematic video verification
2023_guinea,2023,GIN,local PDF,data/UNGA78_General_Debate_2023_statements/UNGA78_General_Debate_2023/guinea__gn_fr_0.pdf,a0e214d2208c1e024290c53abcae4bb4d375af3e76eb58a697088bf55b704151,https://gadebate.un.org/sites/default/files/gastatements/78/gn_fr_0.pdf,fr,1,10,Local cover or explicit delivery statement; external metadata where recorded,Prepared/as-delivered status varies; no systematic video verification
2023_guinea-bissau,2023,GNB,local PDF,data/UNGA78_General_Debate_2023_statements/UNGA78_General_Debate_2023/guinea-bissau__gw_en_0.pdf,3f4986a46538bd8d82564a0b16b9812a539d0010511cde1425939c42c3b32bcf,https://gadebate.un.org/sites/default/files/gastatements/78/gw_en_0.pdf,en,1,5,Local cover or explicit delivery statement; external metadata where recorded,Prepared/as-delivered status varies; no systematic video verification
2023_guyana,2023,GUY,local PDF,data/UNGA78_General_Debate_2023_statements/UNGA78_General_Debate_2023/guyana__gy_en.pdf,68225a03a4c5637b3d0f8ddd49926ed9ada46cbd7ab2751fc05297ea261bbac7,https://gadebate.un.org/sites/default/files/gastatements/78/gy_en.pdf,en,1,18,Local cover or explicit delivery statement; external metadata where recorded,Prepared/as-delivered status varies; no systematic video verification
2023_haiti,2023,HTI,local PDF,data/UNGA78_General_Debate_2023_statements/UNGA78_General_Debate_2023/haiti__ht_fr.pdf,e16de1bfb8d274bd8d1086cddba9e2f5b55bb0dccf3530f709185e4e8a4ed474,https://gadebate.un.org/sites/default/files/gastatements/78/ht_fr.pdf,fr,1,10,Local cover or explicit delivery statement; external metadata where recorded,Prepared/as-delivered status varies; no systematic video verification
2023_honduras,2023,HND,local PDF,data/UNGA78_General_Debate_2023_statements/UNGA78_General_Debate_2023/honduras__hn_es_0.pdf,6692b68b8f2cd0e6fb240356efbd2398695f7c068141fe28c2161eb9498ac7c0,https://gadebate.un.org/sites/default/files/gastatements/78/hn_es_0.pdf,es,1,10,Local cover or explicit delivery statement; external metadata where recorded,Prepared/as-delivered status varies; no systematic video verification
2023_hungary,2023,HUN,local PDF,data/UNGA78_General_Debate_2023_statements/UNGA78_General_Debate_2023/hungary__hu_en.pdf,29117f6e13cf517556a3f409f352a5d752c46881f7ec101e88f3c736474e8be8,https://gadebate.un.org/sites/default/files/gastatements/78/hu_en.pdf,en,1,4,Local cover or explicit delivery statement; external metadata where recorded,Prepared/as-delivered status varies; no systematic video verification
2023_iceland,2023,ISL,local PDF,data/UNGA78_General_Debate_2023_statements/UNGA78_General_Debate_2023/iceland__is_en.pdf,c026345918ecb754b5160cf396d47561e2234b744a71f8d455d88c2fc80f6865,https://gadebate.un.org/sites/default/files/gastatements/78/is_en.pdf,en,1,8,Local cover or explicit delivery statement; external metadata where recorded,Prepared/as-delivered status varies; no systematic video verification
2023_india,2023,IND,local PDF,data/UNGA78_General_Debate_2023_statements/UNGA78_General_Debate_2023/india__in_en.pdf,a914835ac953c7386e78e2be5f34c42800535f1ce2f8489e5e43d8c38e1d3bea,https://gadebate.un.org/sites/default/files/gastatements/78/in_en.pdf,en,1,6,Local cover or explicit delivery statement; external metadata where recorded,Prepared/as-delivered status varies; no systematic video verification
2023_indonesia,2023,IDN,local PDF,data/UNGA78_General_Debate_2023_statements/UNGA78_General_Debate_2023/indonesia__id_en.pdf,d47724f5a2385b8caac56cc6fa14fea82166dc2245f5c8a4077df3c7f2b5f558,https://gadebate.un.org/sites/default/files/gastatements/78/id_en.pdf,en,1,9,Local cover or explicit delivery statement; external metadata where recorded,Prepared/as-delivered status varies; no systematic video verification
2023_iran-islamic-republic,2023,IRN,local PDF,data/UNGA78_General_Debate_2023_statements/UNGA78_General_Debate_2023/iran-islamic-republic__ir_en.pdf,e68420767816626616fdf6f184f3f27b024e2967183253c583ee843145299f1f,https://gadebate.un.org/sites/default/files/gastatements/78/ir_en.pdf,en,1,9,Local cover or explicit delivery statement; external metadata where recorded,Prepared/as-delivered status varies; no systematic video verification
2023_iraq,2023,IRQ,local PDF,data/UNGA78_General_Debate_2023_statements/UNGA78_General_Debate_2023/iraq__iq_ar.pdf,39fe8ae356ed3aa4dda319013853e8b5f1367b2f0ae1488973c4e555426c20a8,https://gadebate.un.org/sites/default/files/gastatements/78/iq_ar.pdf,ar,1,20,Local cover or explicit delivery statement; external metadata where recorded,Prepared/as-delivered status varies; no systematic video verification
2023_ireland,2023,IRL,local PDF,data/UNGA78_General_Debate_2023_statements/UNGA78_General_Debate_2023/ireland__ie_en.pdf,dceb142d1a96214c4797fcc23be08a355c6966b43ba3cd5da8215e5a86d1ac87,https://gadebate.un.org/sites/default/files/gastatements/78/ie_en.pdf,en,1,21,Local cover or explicit delivery statement; external metadata where recorded,Prepared/as-delivered status varies; no systematic video verification
2023_israel,2023,ISR,local PDF,data/UNGA78_General_Debate_2023_statements/UNGA78_General_Debate_2023/israel__il_en.pdf,13e07350b4380d3809461ad868d291ed9030c56b81c7233415d816bf1d1dd15b,https://gadebate.un.org/sites/default/files/gastatements/78/il_en.pdf,en,1,9,Local cover or explicit delivery statement; external metadata where recorded,Prepared/as-delivered status varies; no systematic video verification
2023_italy,2023,ITA,local PDF,data/UNGA78_General_Debate_2023_statements/UNGA78_General_Debate_2023/italy__it_en.pdf,6773c618221b7996c4ba4f5f89eef58d956e51ea9188e40182e1d3134ab72334,https://gadebate.un.org/sites/default/files/gastatements/78/it_en.pdf,en,1,7,Local cover or explicit delivery statement; external metadata where recorded,Prepared/as-delivered status varies; no systematic video verification
2023_jamaica,2023,JAM,local PDF,data/UNGA78_General_Debate_2023_statements/UNGA78_General_Debate_2023/jamaica__jm_en.pdf,9fe5ff688521c26b3bfd9958cad5f7c4cb2b121699d16292ff9a31f63b80f09c,https://gadebate.un.org/sites/default/files/gastatements/78/jm_en.pdf,en,1,12,Local cover or explicit delivery statement; external metadata where recorded,Prepared/as-delivered status varies; no systematic video verification
2023_japan,2023,JPN,local PDF,data/UNGA78_General_Debate_2023_statements/UNGA78_General_Debate_2023/japan__jp_en.pdf,46d4f2cf4b9a2e7513f374931e366274e63849dae7caaf31535141236d846d9b,https://gadebate.un.org/sites/default/files/gastatements/78/jp_en.pdf,en,1,8,Local cover or explicit delivery statement; external metadata where recorded,Prepared/as-delivered status varies; no systematic video verification
2023_jordan,2023,JOR,local PDF,data/UNGA78_General_Debate_2023_statements/UNGA78_General_Debate_2023/jordan__jo_en.pdf,b6bf2e7eaddb4bc0f7a0cc437156b58f015025fdaaaf39d0c2c04534b01c6490,https://gadebate.un.org/sites/default/files/gastatements/78/jo_en.pdf,en,1,4,Local cover or explicit delivery statement; external metadata where recorded,Prepared/as-delivered status varies; no systematic video verification
2023_kazakhstan,2023,KAZ,local PDF,data/UNGA78_General_Debate_2023_statements/UNGA78_General_Debate_2023/kazakhstan__kz_en.pdf,0b79a7fe761e253f24d3d5a8535e610d527b2972ad88474eb054f6176d244c43,https://gadebate.un.org/sites/default/files/gastatements/78/kz_en.pdf,en,1,18,Local cover or explicit delivery statement; external metadata where recorded,Prepared/as-delivered status varies; no systematic video verification
2023_kenya,2023,KEN,local PDF,data/UNGA78_General_Debate_2023_statements/UNGA78_General_Debate_2023/kenya__ke_en.pdf,35cf9293c4c37ef3cbc73d28b7f2812774680e73050818a92a3c17180ba93780,https://gadebate.un.org/sites/default/files/gastatements/78/ke_en.pdf,en,1,7,Local cover or explicit delivery statement; external metadata where recorded,Prepared/as-delivered status varies; no systematic video verification
2023_kiribati,2023,KIR,local PDF,data/UNGA78_General_Debate_2023_statements/UNGA78_General_Debate_2023/kiribati__ki_en.pdf,5faa74eb1dbda563bce91f552466191e96f225e5b42af51f044dc4eafb9e622f,https://gadebate.un.org/sites/default/files/gastatements/78/ki_en.pdf,en,1,9,Local cover or explicit delivery statement; external metadata where recorded,Prepared/as-delivered status varies; no systematic video verification
2023_kuwait,2023,KWT,local PDF,data/UNGA78_General_Debate_2023_statements/UNGA78_General_Debate_2023/kuwait__kw_ar.pdf,f686e74de0fe1000649d8c4f8f21aae160276f97337d94a1be34c75019bb6297,https://gadebate.un.org/sites/default/files/gastatements/78/kw_ar.pdf,ar,1,8,Local cover or explicit delivery statement; external metadata where recorded,Prepared/as-delivered status varies; no systematic video verification
2023_kyrgyzstan,2023,KGZ,local PDF,data/UNGA78_General_Debate_2023_statements/UNGA78_General_Debate_2023/kyrgyzstan__kg_en.pdf,7354f6f1a9165f245cc250583600f399359d7479b5037cebe2e0ba957c285658,https://gadebate.un.org/sites/default/files/gastatements/78/kg_en.pdf,en,1,10,Local cover or explicit delivery statement; external metadata where recorded,Prepared/as-delivered status varies; no systematic video verification
2023_lao-peoples-democratic-republic,2023,LAO,local PDF,data/UNGA78_General_Debate_2023_statements/UNGA78_General_Debate_2023/lao-peoples-democratic-republic__la_en.pdf,3f71d15bef98207d5b79a873cbfee6e8f32f0f43008b818916a4ee1595fedd01,https://gadebate.un.org/sites/default/files/gastatements/78/la_en.pdf,en,1,9,Local cover or explicit delivery statement; external metadata where recorded,Prepared/as-delivered status varies; no systematic video verification
2023_latvia,2023,LVA,local PDF,data/UNGA78_General_Debate_2023_statements/UNGA78_General_Debate_2023/latvia__lv_en.pdf,e574d4f18fc32d70e1796f298fab9e7e3838ff5837d16ad7abec7d0050df3276,https://gadebate.un.org/sites/default/files/gastatements/78/lv_en.pdf,en,1,8,Local cover or explicit delivery statement; external metadata where recorded,Prepared/as-delivered status varies; no systematic video verification
2023_lebanon,2023,LBN,local PDF,data/UNGA78_General_Debate_2023_statements/UNGA78_General_Debate_2023/lebanon__lb_ar.pdf,97ca5ff005b7e2248cc5ac9c8ee69133b48e65d07199380884ffd383b3e9b6ab,https://gadebate.un.org/sites/default/files/gastatements/78/lb_ar.pdf,ar,1,4,Local cover or explicit delivery statement; external metadata where recorded,Prepared/as-delivered status varies; no systematic video verification
2023_lesotho,2023,LSO,local PDF,data/UNGA78_General_Debate_2023_statements/UNGA78_General_Debate_2023/lesotho__ls_en.pdf,32233118f7fafb8e0c3a7b8036d34e152e51445d7f4f038d7213a02be24991a9,https://gadebate.un.org/sites/default/files/gastatements/78/ls_en.pdf,en,1,11,Local cover or explicit delivery statement; external metadata where recorded,Prepared/as-delivered status varies; no systematic video verification
2023_liberia,2023,LBR,local PDF,data/UNGA78_General_Debate_2023_statements/UNGA78_General_Debate_2023/liberia__lr_en.pdf,492c75992073f4634606fe626f158267ecb98f24588b655a39ea9b53a4793937,https://gadebate.un.org/sites/default/files/gastatements/78/lr_en.pdf,en,1,11,Local cover or explicit delivery statement; external metadata where recorded,Prepared/as-delivered status varies; no systematic video verification
2023_libya,2023,LBY,local PDF,data/UNGA78_General_Debate_2023_statements/UNGA78_General_Debate_2023/libya__ly_ar.pdf,153a4b2061ffdfbbbdf15e8ddb6fe98ad59c3dac06ef9257e477497a59b5fe5f,https://gadebate.un.org/sites/default/files/gastatements/78/ly_ar.pdf,ar,1,7,Local cover or explicit delivery statement; external metadata where recorded,Prepared/as-delivered status varies; no systematic video verification
2023_liechtenstein,2023,LIE,local PDF,data/UNGA78_General_Debate_2023_statements/UNGA78_General_Debate_2023/liechtenstein__li_en.pdf,55468382747c5ec76a11b68e5481ad23db0a348f117cf5bea8b7263f99ad3f00,https://gadebate.un.org/sites/default/files/gastatements/78/li_en.pdf,en,1,16,Local cover or explicit delivery statement; external metadata where recorded,Prepared/as-delivered status varies; no systematic video verification
2023_lithuania,2023,LTU,local PDF,data/UNGA78_General_Debate_2023_statements/UNGA78_General_Debate_2023/lithuania__lt_en.pdf,e5a4a4b24266316d74aafc3f118de85e8c8140ac58a91db814d5fb44e36e2052,https://gadebate.un.org/sites/default/files/gastatements/78/lt_en.pdf,en,1,5,Local cover or explicit delivery statement; external metadata where recorded,Prepared/as-delivered status varies; no systematic video verification
2023_luxembourg,2023,LUX,local PDF,data/UNGA78_General_Debate_2023_statements/UNGA78_General_Debate_2023/luxembourg__lu_fr.pdf,289b40ff6ebf34b50fa7d5ca75a13deb84a0ac8c57bcfd50a833c8ed79985f2e,https://gadebate.un.org/sites/default/files/gastatements/78/lu_fr.pdf,fr,1,6,Local cover or explicit delivery statement; external metadata where recorded,Prepared/as-delivered status varies; no systematic video verification
2023_malawi,2023,MWI,local PDF,data/UNGA78_General_Debate_2023_statements/UNGA78_General_Debate_2023/malawi__mw_en_0.pdf,c71ff08c510706a29a87af2ec47c715179366676d75accf82ddf5e63c99c05f0,https://gadebate.un.org/sites/default/files/gastatements/78/mw_en_0.pdf,en,1,9,Local cover or explicit delivery statement; external metadata where recorded,Prepared/as-delivered status varies; no systematic video verification
2023_malaysia,2023,MYS,local PDF,data/UNGA78_General_Debate_2023_statements/UNGA78_General_Debate_2023/malaysia__my_en.pdf,4e2539a1b725c6b8a0cc2272e85e5470bfbc7a4959e9db29663fdcdf5e2b7d22,https://gadebate.un.org/sites/default/files/gastatements/78/my_en.pdf,en,1,5,Local cover or explicit delivery statement; external metadata where recorded,Prepared/as-delivered status varies; no systematic video verification
2023_maldives,2023,MDV,local PDF,data/UNGA78_General_Debate_2023_statements/UNGA78_General_Debate_2023/maldives__mv_en.pdf,3a6a65cb0c613319d217d617107b1f5727fcc4d92a4dbc71b12671c2100b227d,https://gadebate.un.org/sites/default/files/gastatements/78/mv_en.pdf,en,1,11,Local cover or explicit delivery statement; external metadata where recorded,Prepared/as-delivered status varies; no systematic video verification
2023_mali,2023,MLI,local PDF,data/UNGA78_General_Debate_2023_statements/UNGA78_General_Debate_2023/mali__ml_fr_0.pdf,5999933f8e423161d82e43c800a71af152d851412eb2653fce11d2c6ca8ba686,https://gadebate.un.org/sites/default/files/gastatements/78/ml_fr_0.pdf,fr,1,11,Local cover or explicit delivery statement; external metadata where recorded,Prepared/as-delivered status varies; no systematic video verification
2023_malta,2023,MLT,local PDF,data/UNGA78_General_Debate_2023_statements/UNGA78_General_Debate_2023/malta__mt_en.pdf,04a9a87742e56813fb62994eb785152ebeca04b238a29435908dfe0b10613f45,https://gadebate.un.org/sites/default/files/gastatements/78/mt_en.pdf,en,1,16,Local cover or explicit delivery statement; external metadata where recorded,Prepared/as-delivered status varies; no systematic video verification
2023_marshall-islands,2023,MHL,local PDF,data/UNGA78_General_Debate_2023_statements/UNGA78_General_Debate_2023/marshall-islands__mh_en.pdf,36723b3ec1fb68cb5aeb35f191ac9fe838956b84c04c84a5cdad3b88d450711a,https://gadebate.un.org/sites/default/files/gastatements/78/mh_en.pdf,en,1,5,Local cover or explicit delivery statement; external metadata where recorded,Prepared/as-delivered status varies; no systematic video verification
2023_mauritania,2023,MRT,local PDF,data/UNGA78_General_Debate_2023_statements/UNGA78_General_Debate_2023/mauritania__mr_ar_0.pdf,cb984ba44144e2990e3f7abcc16a9d700b1196ca46ed4ccc8e1b8b58a80b50db,https://gadebate.un.org/sites/default/files/gastatements/78/mr_ar_0.pdf,ar,1,4,Local cover or explicit delivery statement; external metadata where recorded,Prepared/as-delivered status varies; no systematic video verification
2023_mauritius,2023,MUS,local PDF,data/UNGA78_General_Debate_2023_statements/UNGA78_General_Debate_2023/mauritius__mu_en.pdf,cc02663fec8cddae8e4268b36a5292d9b9f9813d8a4e4c24563e901aa6814ecd,https://gadebate.un.org/sites/default/files/gastatements/78/mu_en.pdf,en,1,8,Local cover or explicit delivery statement; external metadata where recorded,Prepared/as-delivered status varies; no systematic video verification
2023_mexico,2023,MEX,local PDF,data/UNGA78_General_Debate_2023_statements/UNGA78_General_Debate_2023/mexico__mx_es.pdf,a7ec1c3be2103e57ea0a514119bf06f711bf328a6c891305d33421d2a14abe81,https://gadebate.un.org/sites/default/files/gastatements/78/mx_es.pdf,es,1,28,Local cover or explicit delivery statement; external metadata where recorded,Prepared/as-delivered status varies; no systematic video verification
2023_micronesia-federated-states,2023,FSM,local PDF,data/UNGA78_General_Debate_2023_statements/UNGA78_General_Debate_2023/micronesia-federated-states__fm_en.pdf,a78b2654d22ef0d22ae92935fcf80ffcf3e17992e255a703b20cdff54509dbb0,https://gadebate.un.org/sites/default/files/gastatements/78/fm_en.pdf,en,1,5,Local cover or explicit delivery statement; external metadata where recorded,Prepared/as-delivered status varies; no systematic video verification
2023_monaco,2023,MCO,local PDF,data/UNGA78_General_Debate_2023_statements/UNGA78_General_Debate_2023/monaco__mc_fr.pdf,3ad0cff3ae2714bcd59f01d7083af3524aba8ea0aa774d22f4b2c01489e9cd95,https://gadebate.un.org/sites/default/files/gastatements/78/mc_fr.pdf,fr,1,7,Local cover or explicit delivery statement; external metadata where recorded,Prepared/as-delivered status varies; no systematic video verification
2023_mongolia,2023,MNG,local PDF,data/UNGA78_General_Debate_2023_statements/UNGA78_General_Debate_2023/mongolia__mn_en.pdf,ff275412d0d19a72554b4d2e3c9a1cb9aa506813dac89fbfc575d1501633f3e4,https://gadebate.un.org/sites/default/files/gastatements/78/mn_en.pdf,en,1,8,Local cover or explicit delivery statement; external metadata where recorded,Prepared/as-delivered status varies; no systematic video verification
2023_montenegro,2023,MNE,local PDF,data/UNGA78_General_Debate_2023_statements/UNGA78_General_Debate_2023/montenegro__me_en_0.pdf,8dcd4aba98434caf174c200c218ae6378b79f8af927bf4a934a6b0921aa10fac,https://gadebate.un.org/sites/default/files/gastatements/78/me_en_0.pdf,en,1,9,Local cover or explicit delivery statement; external metadata where recorded,Prepared/as-delivered status varies; no systematic video verification
2023_morocco,2023,MAR,local PDF,data/UNGA78_General_Debate_2023_statements/UNGA78_General_Debate_2023/morocco__ma_ar.pdf,35a0e588b5e0b48b744200b59f3b4ab50f1efc94019794a37c46d9b4e6388c37,https://gadebate.un.org/sites/default/files/gastatements/78/ma_ar.pdf,ar,1,8,Local cover or explicit delivery statement; external metadata where recorded,Prepared/as-delivered status varies; no systematic video verification
2023_mozambique,2023,MOZ,local PDF,data/UNGA78_General_Debate_2023_statements/UNGA78_General_Debate_2023/mozambique__mz_en.pdf,ebd5b9cb39b75fbb67058822eb70fabe1d56f254737fe51661bcc27b1f333ab9,https://gadebate.un.org/sites/default/files/gastatements/78/mz_en.pdf,en,1,9,Local cover or explicit delivery statement; external metadata where recorded,Prepared/as-delivered status varies; no systematic video verification
2023_namibia,2023,NAM,local PDF,data/UNGA78_General_Debate_2023_statements/UNGA78_General_Debate_2023/namibia__na_en.pdf,8acaa6bff269f81002ef610fb01166257fab73c1822bea1d0e09a0517df34810,https://gadebate.un.org/sites/default/files/gastatements/78/na_en.pdf,en,1,14,Local cover or explicit delivery statement; external metadata where recorded,Prepared/as-delivered status varies; no systematic video verification
2023_nauru,2023,NRU,local PDF,data/UNGA78_General_Debate_2023_statements/UNGA78_General_Debate_2023/nauru__nr_en_0.pdf,6ff05c5cf47e9dfe9ee61b7dc358a9b47b4151348b937251d252368c7b4e07a9,https://gadebate.un.org/sites/default/files/gastatements/78/nr_en_0.pdf,en,1,6,Local cover or explicit delivery statement; external metadata where recorded,Prepared/as-delivered status varies; no systematic video verification
2023_nepal,2023,NPL,local PDF,data/UNGA78_General_Debate_2023_statements/UNGA78_General_Debate_2023/nepal__np_en.pdf,412936e5194a0a658176b313fb84dc7092d41bc8cbed330f682b736a1a786859,https://gadebate.un.org/sites/default/files/gastatements/78/np_en.pdf,en,1,19,Local cover or explicit delivery statement; external metadata where recorded,Prepared/as-delivered status varies; no systematic video verification
2023_netherlands,2023,NLD,local PDF,data/UNGA78_General_Debate_2023_statements/UNGA78_General_Debate_2023/netherlands__nl_en.pdf,c590c9fee94fff7a10dcaacba33847c14cea7047f6ff1fafce32d08801973210,https://gadebate.un.org/sites/default/files/gastatements/78/nl_en.pdf,en,1,8,Local cover or explicit delivery statement; external metadata where recorded,Prepared/as-delivered status varies; no systematic video verification
2023_new-zealand,2023,NZL,local PDF,data/UNGA78_General_Debate_2023_statements/UNGA78_General_Debate_2023/new-zealand__nz_en.pdf,07931f1ccc84da3e1cd716fc8f370564014e824c7e5181c2eb6d253cf133b7bd,https://gadebate.un.org/sites/default/files/gastatements/78/nz_en.pdf,en,1,11,Local cover or explicit delivery statement; external metadata where recorded,Prepared/as-delivered status varies; no systematic video verification
2023_nicaragua,2023,NIC,local PDF,data/UNGA78_General_Debate_2023_statements/UNGA78_General_Debate_2023/nicaragua__ni_en.pdf,4936d67d4ef273d9bcb3bf614ba4b3925feb68d347f9303ef8b7f7e089ff3ac5,https://gadebate.un.org/sites/default/files/gastatements/78/ni_en.pdf,en,1,17,Local cover or explicit delivery statement; external metadata where recorded,Prepared/as-delivered status varies; no systematic video verification
2023_nigeria,2023,NGA,local PDF,data/UNGA78_General_Debate_2023_statements/UNGA78_General_Debate_2023/nigeria__ng_en.pdf,1fc3297269730e74b8086e0b6c588554d707ad67a5cedfe06791a0431ce86c7e,https://gadebate.un.org/sites/default/files/gastatements/78/ng_en.pdf,en,1,16,Local cover or explicit delivery statement; external metadata where recorded,Prepared/as-delivered status varies; no systematic video verification
2023_north-macedonia,2023,MKD,local PDF,data/UNGA78_General_Debate_2023_statements/UNGA78_General_Debate_2023/north-macedonia__mk_en.pdf,78124459af1252fcd83a7e6a1fca42fcb55c0dfd8c9197de7c4515f83a522e5b,https://gadebate.un.org/sites/default/files/gastatements/78/mk_en.pdf,en,1,4,Local cover or explicit delivery statement; external metadata where recorded,Prepared/as-delivered status varies; no systematic video verification
2023_norway,2023,NOR,local PDF,data/UNGA78_General_Debate_2023_statements/UNGA78_General_Debate_2023/norway__no_en.pdf,108e587057e7fc6b3c9ab517cb3f0d72eb5307acbaaa462310478a20eaf9bf76,https://gadebate.un.org/sites/default/files/gastatements/78/no_en.pdf,en,1,10,Local cover or explicit delivery statement; external metadata where recorded,Prepared/as-delivered status varies; no systematic video verification
2023_oman,2023,OMN,local PDF,data/UNGA78_General_Debate_2023_statements/UNGA78_General_Debate_2023/oman__om_en.pdf,0f00ee74e7f4bbcd92dda181ed96259e0826e646913ec8976ed51bc94f4d52ee,https://gadebate.un.org/sites/default/files/gastatements/78/om_en.pdf,en,1,5,Local cover or explicit delivery statement; external metadata where recorded,Prepared/as-delivered status varies; no systematic video verification
2023_pakistan,2023,PAK,local PDF,data/UNGA78_General_Debate_2023_statements/UNGA78_General_Debate_2023/pakistan__pk_en.pdf,37600b212310f9d009b382103190c97d2f2e19ed45b3ef2e7c15518425930da7,https://gadebate.un.org/sites/default/files/gastatements/78/pk_en.pdf,en,1,9,Local cover or explicit delivery statement; external metadata where recorded,Prepared/as-delivered status varies; no systematic video verification
2023_palau,2023,PLW,local PDF,data/UNGA78_General_Debate_2023_statements/UNGA78_General_Debate_2023/palau__pw_en.pdf,0ad4237e93b66b3c62cd557e02dcc012096426e2dadd42f89cee6e4ca4d0ba96,https://gadebate.un.org/sites/default/files/gastatements/78/pw_en.pdf,en,1,4,Local cover or explicit delivery statement; external metadata where recorded,Prepared/as-delivered status varies; no systematic video verification
2023_panama,2023,PAN,local PDF,data/UNGA78_General_Debate_2023_statements/UNGA78_General_Debate_2023/panama__pa_es.pdf,e3d58052d9b52ece5ace90f9a7b12826f6a1a535d15933ca1f7c9adc08620bfe,https://gadebate.un.org/sites/default/files/gastatements/78/pa_es.pdf,es,1,5,Local cover or explicit delivery statement; external metadata where recorded,Prepared/as-delivered status varies; no systematic video verification
2023_papua-new-guinea,2023,PNG,local PDF,data/UNGA78_General_Debate_2023_statements/UNGA78_General_Debate_2023/papua-new-guinea__pg_en.pdf,2af39d5c27bdce606c43f3542ae4033503b84e114d2a6118f43fae3a89d5f9e4,https://gadebate.un.org/sites/default/files/gastatements/78/pg_en.pdf,en,1,16,Local cover or explicit delivery statement; external metadata where recorded,Prepared/as-delivered status varies; no systematic video verification
2023_paraguay,2023,PRY,local PDF,data/UNGA78_General_Debate_2023_statements/UNGA78_General_Debate_2023/paraguay__py_es.pdf,f1d9a9c204d250238e8235c4087ce9142bca470f514d54c8ed393953f1eded14,https://gadebate.un.org/sites/default/files/gastatements/78/py_es.pdf,es,1,7,Local cover or explicit delivery statement; external metadata where recorded,Prepared/as-delivered status varies; no systematic video verification
2023_peru,2023,PER,local PDF,data/UNGA78_General_Debate_2023_statements/UNGA78_General_Debate_2023/peru__pe_es.pdf,0b6811220c9e50ca8e424af9a336c782ed562090fbeedc7f6d56dc10334b71bb,https://gadebate.un.org/sites/default/files/gastatements/78/pe_es.pdf,es,1,23,Local cover or explicit delivery statement; external metadata where recorded,Prepared/as-delivered status varies; no systematic video verification
2023_philippines,2023,PHL,local PDF,data/UNGA78_General_Debate_2023_statements/UNGA78_General_Debate_2023/philippines__ph_en.pdf,ecf36d93a40f5dfd87d2660577df5dc04c6c3a93846d5b166cc5f691db78f456,https://gadebate.un.org/sites/default/files/gastatements/78/ph_en.pdf,en,1,9,Local cover or explicit delivery statement; external metadata where recorded,Prepared/as-delivered status varies; no systematic video verification
2023_poland,2023,POL,local PDF,data/UNGA78_General_Debate_2023_statements/UNGA78_General_Debate_2023/poland__pl_en.pdf,aa0003845d52429b50797f40ac0788d6cdf6ce8ab7e2388317df3a6135f21664,https://gadebate.un.org/sites/default/files/gastatements/78/pl_en.pdf,en,1,12,Local cover or explicit delivery statement; external metadata where recorded,Prepared/as-delivered status varies; no systematic video verification
2023_portugal,2023,PRT,local PDF,data/UNGA78_General_Debate_2023_statements/UNGA78_General_Debate_2023/portugal__pt_en.pdf,70ade01e29d7fa587b1799bb2404e3f533693309519d00063514252b91f1ddc1,https://gadebate.un.org/sites/default/files/gastatements/78/pt_en.pdf,en,1,4,Local cover or explicit delivery statement; external metadata where recorded,Prepared/as-delivered status varies; no systematic video verification
2023_qatar,2023,QAT,local PDF,data/UNGA78_General_Debate_2023_statements/UNGA78_General_Debate_2023/qatar__qa_en.pdf,ba55c398b5df876164d201409cc1fd9aa580d19573dbb3d492a927130b923a6d,https://gadebate.un.org/sites/default/files/gastatements/78/qa_en.pdf,en,1,8,Local cover or explicit delivery statement; external metadata where recorded,Prepared/as-delivered status varies; no systematic video verification
2023_republic-korea,2023,KOR,local PDF,data/UNGA78_General_Debate_2023_statements/UNGA78_General_Debate_2023/republic-korea__kr_en.pdf,d0d3e138c2bffe405bf2fb770d6b7f96ba030f5f3b3caf1cc4be1af403c6e708,https://gadebate.un.org/sites/default/files/gastatements/78/kr_en.pdf,en,1,17,Local cover or explicit delivery statement; external metadata where recorded,Prepared/as-delivered status varies; no systematic video verification
2023_republic-moldova,2023,MDA,local PDF,data/UNGA78_General_Debate_2023_statements/UNGA78_General_Debate_2023/republic-moldova__md_en.pdf,1259508b2d05b19a2b12b2f092ebf846e23ab23db2246df81bcc8a36c6611a8b,https://gadebate.un.org/sites/default/files/gastatements/78/md_en.pdf,en,1,8,Local cover or explicit delivery statement; external metadata where recorded,Prepared/as-delivered status varies; no systematic video verification
2023_romania,2023,ROU,local PDF,data/UNGA78_General_Debate_2023_statements/UNGA78_General_Debate_2023/romania__ro_en.pdf,7c036f9ed4a901fc6797eeea0055f24759cc11582a2b988e6a7bd93642046117,https://gadebate.un.org/sites/default/files/gastatements/78/ro_en.pdf,en,1,6,Local cover or explicit delivery statement; external metadata where recorded,Prepared/as-delivered status varies; no systematic video verification
2023_russian-federation,2023,RUS,local PDF,data/UNGA78_General_Debate_2023_statements/UNGA78_General_Debate_2023/russian-federation__ru_ru.pdf,f7a572b601fa98781b32db55495a0ae61d21d3183e4921e325b9d53b773dfa9a,https://gadebate.un.org/sites/default/files/gastatements/78/ru_ru.pdf,ru,1,10,Local cover or explicit delivery statement; external metadata where recorded,Prepared/as-delivered status varies; no systematic video verification
2023_rwanda,2023,RWA,local PDF,data/UNGA78_General_Debate_2023_statements/UNGA78_General_Debate_2023/rwanda__rw_en.pdf,f59d406d2a7b9999f8b1bf2a03a8bd10c54fd9543a97cba367939c659726fc07,https://gadebate.un.org/sites/default/files/gastatements/78/rw_en.pdf,en,1,5,Local cover or explicit delivery statement; external metadata where recorded,Prepared/as-delivered status varies; no systematic video verification
2023_saint-kitts-and-nevis,2023,KNA,local PDF,data/UNGA78_General_Debate_2023_statements/UNGA78_General_Debate_2023/saint-kitts-and-nevis__kn_en.pdf,8d16e62fd788bc459782d83d212cdd9014c8d274de1db75a73c6ba55bf9c1df8,https://gadebate.un.org/sites/default/files/gastatements/78/kn_en.pdf,en,1,11,Local cover or explicit delivery statement; external metadata where recorded,Prepared/as-delivered status varies; no systematic video verification
2023_saint-lucia,2023,LCA,local PDF,data/UNGA78_General_Debate_2023_statements/UNGA78_General_Debate_2023/saint-lucia__lc_en.pdf,099fe8c8e37c085f7d7e7a99024cb2cac80e5ac1cbc48094bec5e23698fa2df0,https://gadebate.un.org/sites/default/files/gastatements/78/lc_en.pdf,en,1,9,Local cover or explicit delivery statement; external metadata where recorded,Prepared/as-delivered status varies; no systematic video verification
2023_saint-vincent-and-grenadines,2023,VCT,local PDF,data/UNGA78_General_Debate_2023_statements/UNGA78_General_Debate_2023/saint-vincent-and-grenadines__vc_en.pdf,f7084b747770a18e8bafcc241843328856f97cefbc1cf06bc0fb2e6cbcb31d0e,https://gadebate.un.org/sites/default/files/gastatements/78/vc_en.pdf,en,1,24,Local cover or explicit delivery statement; external metadata where recorded,Prepared/as-delivered status varies; no systematic video verification
2023_samoa,2023,WSM,local PDF,data/UNGA78_General_Debate_2023_statements/UNGA78_General_Debate_2023/samoa__ws_en.pdf,0ce09b716da2787f85a49835d242f64b7e753ff772f6aacca3caebb977890537,https://gadebate.un.org/sites/default/files/gastatements/78/ws_en.pdf,en,1,7,Local cover or explicit delivery statement; external metadata where recorded,Prepared/as-delivered status varies; no systematic video verification
2023_san-marino,2023,SMR,local PDF,data/UNGA78_General_Debate_2023_statements/UNGA78_General_Debate_2023/san-marino__sm_en.pdf,b8361d6685e169fda2d30aefc6ed63f7699bd304f79db6fdc7c970314b621c02,https://gadebate.un.org/sites/default/files/gastatements/78/sm_en.pdf,en,1,11,Local cover or explicit delivery statement; external metadata where recorded,Prepared/as-delivered status varies; no systematic video verification
2023_sao-tome-and-principe,2023,STP,local PDF,data/UNGA78_General_Debate_2023_statements/UNGA78_General_Debate_2023/sao-tome-and-principe__st_fr.pdf,09860722f4262fbd3402d4cce2cd66b2098cc7772b31d0ec8882823476d08db1,https://gadebate.un.org/sites/default/files/gastatements/78/st_fr.pdf,fr,1,8,Local cover or explicit delivery statement; external metadata where recorded,Prepared/as-delivered status varies; no systematic video verification
2023_saudi-arabia,2023,SAU,local PDF,data/UNGA78_General_Debate_2023_statements/UNGA78_General_Debate_2023/saudi-arabia__sa_ar.pdf,18f7a110b37b498bf426c2037e967eea629834e12afbb2d1f02e4baf39d1b631,https://gadebate.un.org/sites/default/files/gastatements/78/sa_ar.pdf,ar,1,9,Local cover or explicit delivery statement; external metadata where recorded,Prepared/as-delivered status varies; no systematic video verification
2023_senegal,2023,SEN,local PDF,data/UNGA78_General_Debate_2023_statements/UNGA78_General_Debate_2023/senegal__sn_fr.pdf,1e0a4d833ff547640f29b30e5c263ce800e0583bb6b69b6e06b11fc39491a411,https://gadebate.un.org/sites/default/files/gastatements/78/sn_fr.pdf,fr,1,5,Local cover or explicit delivery statement; external metadata where recorded,Prepared/as-delivered status varies; no systematic video verification
2023_serbia,2023,SRB,local PDF,data/UNGA78_General_Debate_2023_statements/UNGA78_General_Debate_2023/serbia__rs_en.pdf,4b8eaef74ce2862c4400fe9d3778618f8bd2d0cdfa6d6d645dada1e35fc3b31f,https://gadebate.un.org/sites/default/files/gastatements/78/rs_en.pdf,en,1,8,Local cover or explicit delivery statement; external metadata where recorded,Prepared/as-delivered status varies; no systematic video verification
2023_seychelles,2023,SYC,local PDF,data/UNGA78_General_Debate_2023_statements/UNGA78_General_Debate_2023/seychelles__sc_en_0.pdf,452db27c5ee94b5f5ee39eb6291b7d600faacbf7726612f9af3eab4cae56e144,https://gadebate.un.org/sites/default/files/gastatements/78/sc_en_0.pdf,en,1,5,Local cover or explicit delivery statement; external metadata where recorded,Prepared/as-delivered status varies; no systematic video verification
2023_sierra-leone,2023,SLE,local PDF,data/UNGA78_General_Debate_2023_statements/UNGA78_General_Debate_2023/sierra-leone__sl_en.pdf,dc89a4b56d51b61b098205d8961f52c8d78f7b3939b6fc793aa7721d17640052,https://gadebate.un.org/sites/default/files/gastatements/78/sl_en.pdf,en,1,12,Local cover or explicit delivery statement; external metadata where recorded,Prepared/as-delivered status varies; no systematic video verification
2023_singapore,2023,SGP,local PDF,data/UNGA78_General_Debate_2023_statements/UNGA78_General_Debate_2023/singapore__sg_en.pdf,0aa9e37ed7e8f4e1b492f37497857870ef478c32bf707cd71939830250bc5e04,https://gadebate.un.org/sites/default/files/gastatements/78/sg_en.pdf,en,1,6,Local cover or explicit delivery statement; external metadata where recorded,Prepared/as-delivered status varies; no systematic video verification
2023_slovakia,2023,SVK,local PDF,data/UNGA78_General_Debate_2023_statements/UNGA78_General_Debate_2023/slovakia__sk_en.pdf,44dc0e3a20d467175efe9053bdf04e94e03101baa84f05bd61933d0232636ec2,https://gadebate.un.org/sites/default/files/gastatements/78/sk_en.pdf,en,1,3,Local cover or explicit delivery statement; external metadata where recorded,Prepared/as-delivered status varies; no systematic video verification
2023_slovenia,2023,SVN,local PDF,data/UNGA78_General_Debate_2023_statements/UNGA78_General_Debate_2023/slovenia__si_en.pdf,7afb005cafb28f351017334975a08ca65fc681a8c902e35877bc4e3580c90837,https://gadebate.un.org/sites/default/files/gastatements/78/si_en.pdf,en,1,12,Local cover or explicit delivery statement; external metadata where recorded,Prepared/as-delivered status varies; no systematic video verification
2023_solomon-islands,2023,SLB,local PDF,data/UNGA78_General_Debate_2023_statements/UNGA78_General_Debate_2023/solomon-islands__sb_en.pdf,42dc18f1502f72566b3fff0bef459978a16cf1922580cb943396f0053a368684,https://gadebate.un.org/sites/default/files/gastatements/78/sb_en.pdf,en,1,18,Local cover or explicit delivery statement; external metadata where recorded,Prepared/as-delivered status varies; no systematic video verification
2023_somalia,2023,SOM,local PDF,data/UNGA78_General_Debate_2023_statements/UNGA78_General_Debate_2023/somalia__so_ar.pdf,98959a0e424d7ab720dfff9eec30710b9c8ce0ec8fe16ff8d3342c21f7eb70f4,https://gadebate.un.org/sites/default/files/gastatements/78/so_ar.pdf,ar,1,6,Local cover or explicit delivery statement; external metadata where recorded,Prepared/as-delivered status varies; no systematic video verification
2023_south-africa,2023,ZAF,local PDF,data/UNGA78_General_Debate_2023_statements/UNGA78_General_Debate_2023/south-africa__za_en.pdf,28617bf46a8e3e118f4f3da0dd9c257967dbc5dea38c35fbaf7347cdc36dab12,https://gadebate.un.org/sites/default/files/gastatements/78/za_en.pdf,en,1,9,Local cover or explicit delivery statement; external metadata where recorded,Prepared/as-delivered status varies; no systematic video verification
2023_south-sudan,2023,SSD,local PDF,data/UNGA78_General_Debate_2023_statements/UNGA78_General_Debate_2023/south-sudan__ss_en.pdf,4f93b43550e5b63f777cf492df8d30b20206d49e5f719b7ac19713d3a793dfb4,https://gadebate.un.org/sites/default/files/gastatements/78/ss_en.pdf,en,1,8,Local cover or explicit delivery statement; external metadata where recorded,Prepared/as-delivered status varies; no systematic video verification
2023_spain,2023,ESP,local PDF,data/UNGA78_General_Debate_2023_statements/UNGA78_General_Debate_2023/spain__es_en.pdf,dc7dbad6d1dd96684dcfe9cd54c32fe7c2164fbd71bbe8ab7a685839926b8aa0,https://gadebate.un.org/sites/default/files/gastatements/78/es_en.pdf,en,1,9,Local cover or explicit delivery statement; external metadata where recorded,Prepared/as-delivered status varies; no systematic video verification
2023_sri-lanka,2023,LKA,local PDF,data/UNGA78_General_Debate_2023_statements/UNGA78_General_Debate_2023/sri-lanka__lk_en.pdf,d763685d1df55820ecf4c85b8a27cfbd336ed3a63b2483bad9b85f3d63446bd1,https://gadebate.un.org/sites/default/files/gastatements/78/lk_en.pdf,en,1,8,Local cover or explicit delivery statement; external metadata where recorded,Prepared/as-delivered status varies; no systematic video verification
2023_sudan,2023,SDN,local PDF,data/UNGA78_General_Debate_2023_statements/UNGA78_General_Debate_2023/sudan__sd_ar.pdf,987a55d981a4612d93424375a40a40ecb0d798ad01279bb30074b5c42884d73c,https://gadebate.un.org/sites/default/files/gastatements/78/sd_ar.pdf,ar,1,12,Local cover or explicit delivery statement; external metadata where recorded,Prepared/as-delivered status varies; no systematic video verification
2023_suriname,2023,SUR,local PDF,data/UNGA78_General_Debate_2023_statements/UNGA78_General_Debate_2023/suriname__sr_en.pdf,81a30db68e1e711404a3ade42317ec9c3f948b8626265d00884cdaf9ea17ee1c,https://gadebate.un.org/sites/default/files/gastatements/78/sr_en.pdf,en,1,7,Local cover or explicit delivery statement; external metadata where recorded,Prepared/as-delivered status varies; no systematic video verification
2023_sweden,2023,SWE,local PDF,data/UNGA78_General_Debate_2023_statements/UNGA78_General_Debate_2023/sweden__se_en.pdf,d4eacf43fe801deac32cf6aa3f691b493d1a66d8da7ef6e97512586a5d456d3a,https://gadebate.un.org/sites/default/files/gastatements/78/se_en.pdf,en,1,4,Local cover or explicit delivery statement; external metadata where recorded,Prepared/as-delivered status varies; no systematic video verification
2023_switzerland,2023,CHE,local PDF,data/UNGA78_General_Debate_2023_statements/UNGA78_General_Debate_2023/switzerland__ch_fr.pdf,b091afd38c741dc5bd6136af890d6161c4aac0061077fdc829bd22c68992d434,https://gadebate.un.org/sites/default/files/gastatements/78/ch_fr.pdf,fr,1,13,Local cover or explicit delivery statement; external metadata where recorded,Prepared/as-delivered status varies; no systematic video verification
2023_syrian-arab-republic,2023,SYR,local PDF,data/UNGA78_General_Debate_2023_statements/UNGA78_General_Debate_2023/syrian-arab-republic__sy_ar.pdf,47dddb27a3cd7511ee72fb84dc2b88258963447d96c8a1699825ff6b785c9ebd,https://gadebate.un.org/sites/default/files/gastatements/78/sy_ar.pdf,ar,1,8,Local cover or explicit delivery statement; external metadata where recorded,Prepared/as-delivered status varies; no systematic video verification
2023_tajikistan,2023,TJK,local PDF,data/UNGA78_General_Debate_2023_statements/UNGA78_General_Debate_2023/tajikistan__tj_en_0.pdf,e8e2ca3a901a943e664e465625bf13f54a4217063d5ac7b8ae7ca23fd6d3d13c,https://gadebate.un.org/sites/default/files/gastatements/78/tj_en_0.pdf,en,1,8,Local cover or explicit delivery statement; external metadata where recorded,Prepared/as-delivered status varies; no systematic video verification
2023_thailand,2023,THA,local PDF,data/UNGA78_General_Debate_2023_statements/UNGA78_General_Debate_2023/thailand__th_en.pdf,2af2c8c9af3dd676ff994725ddc01d3d26217438b2baf87d698c0f2c8d81a4e8,https://gadebate.un.org/sites/default/files/gastatements/78/th_en.pdf,en,1,7,Local cover or explicit delivery statement; external metadata where recorded,Prepared/as-delivered status varies; no systematic video verification
2023_timor-leste,2023,TLS,local PDF,data/UNGA78_General_Debate_2023_statements/UNGA78_General_Debate_2023/timor-leste__tl_en.pdf,93a23336d30db22531a906c9f85d8393682ff0a93ad3d22e7e934f79d371a1b9,https://gadebate.un.org/sites/default/files/gastatements/78/tl_en.pdf,en,1,16,Local cover or explicit delivery statement; external metadata where recorded,Prepared/as-delivered status varies; no systematic video verification
2023_togo,2023,TGO,local PDF,data/UNGA78_General_Debate_2023_statements/UNGA78_General_Debate_2023/togo__tg_fl.pdf,7589205e2f1c16aeef7bf5310c180925e3c98fab825e161e836e267e45698394,https://gadebate.un.org/sites/default/files/gastatements/78/tg_fl.pdf,fl,1,13,Local cover or explicit delivery statement; external metadata where recorded,Prepared/as-delivered status varies; no systematic video verification
2023_tonga,2023,TON,local PDF,data/UNGA78_General_Debate_2023_statements/UNGA78_General_Debate_2023/tonga__to_en.pdf,713afb76ee9b7da16f441630caef601b28e95bcaa6b77d8d4d928c2c4a684f3d,https://gadebate.un.org/sites/default/files/gastatements/78/to_en.pdf,en,1,11,Local cover or explicit delivery statement; external metadata where recorded,Prepared/as-delivered status varies; no systematic video verification
2023_trinidad-and-tobago,2023,TTO,local PDF,data/UNGA78_General_Debate_2023_statements/UNGA78_General_Debate_2023/trinidad-and-tobago__tt_en_1.pdf,02bb0a6e4288b641774af664efe72068e70bce3a60eeab7fe1cb2a69408589e5,https://gadebate.un.org/sites/default/files/gastatements/78/tt_en_1.pdf,en,1,16,Local cover or explicit delivery statement; external metadata where recorded,Prepared/as-delivered status varies; no systematic video verification
2023_tunisia,2023,TUN,local PDF,data/UNGA78_General_Debate_2023_statements/UNGA78_General_Debate_2023/tunisia__tn_ar.pdf,284b2c4f5236926abda0698a051832113fbd63cddfd62e8a740f2d10706c7b65,https://gadebate.un.org/sites/default/files/gastatements/78/tn_ar.pdf,ar,1,9,Local cover or explicit delivery statement; external metadata where recorded,Prepared/as-delivered status varies; no systematic video verification
2023_turkiye,2023,TUR,local PDF,data/UNGA78_General_Debate_2023_statements/UNGA78_General_Debate_2023/turkiye__tr_en.pdf,c179c09cd6a310c5e28ee0d914453a8b9f8c08687bb58e5fd3fee876c53353ec,https://gadebate.un.org/sites/default/files/gastatements/78/tr_en.pdf,en,1,12,Local cover or explicit delivery statement; external metadata where recorded,Prepared/as-delivered status varies; no systematic video verification
2023_turkmenistan,2023,TKM,local PDF,data/UNGA78_General_Debate_2023_statements/UNGA78_General_Debate_2023/turkmenistan__tm_en.pdf,cd7a566234e038c363aa0b46aa3514cd6f8cdce9846aeca59d131b0d5e356ae1,https://gadebate.un.org/sites/default/files/gastatements/78/tm_en.pdf,en,1,11,Local cover or explicit delivery statement; external metadata where recorded,Prepared/as-delivered status varies; no systematic video verification
2023_tuvalu,2023,TUV,local PDF,data/UNGA78_General_Debate_2023_statements/UNGA78_General_Debate_2023/tuvalu__tv_en.pdf,697209e2192c177f69f5e12ddb434554387c95c8cfba581ea9e33a6acf8e3ffc,https://gadebate.un.org/sites/default/files/gastatements/78/tv_en.pdf,en,1,10,Local cover or explicit delivery statement; external metadata where recorded,Prepared/as-delivered status varies; no systematic video verification
2023_uganda,2023,UGA,local PDF,data/UNGA78_General_Debate_2023_statements/UNGA78_General_Debate_2023/uganda__ug_en.pdf,cf69d2b1f5919e8c2fa4b114dfcb40b281b0686313901b3be68e1d937bc0b2c0,https://gadebate.un.org/sites/default/files/gastatements/78/ug_en.pdf,en,1,10,Local cover or explicit delivery statement; external metadata where recorded,Prepared/as-delivered status varies; no systematic video verification
2023_ukraine,2023,UKR,local PDF,data/UNGA78_General_Debate_2023_statements/UNGA78_General_Debate_2023/ukraine__ua_en_rev.pdf,9c9413b4dcca04e2e69a22829b14b2a9de3bdfe8b83f90dc470f5252a4a30c11,https://gadebate.un.org/sites/default/files/gastatements/78/ua_en_rev.pdf,unknown,1,4,Local cover or explicit delivery statement; external metadata where recorded,Prepared/as-delivered status varies; no systematic video verification
2023_united-arab-emirates,2023,ARE,local PDF,data/UNGA78_General_Debate_2023_statements/UNGA78_General_Debate_2023/united-arab-emirates__ae_en.pdf,554f85312a6bf6355e9e5649574731b655602786fa185b9820c82727dbfe3331,https://gadebate.un.org/sites/default/files/gastatements/78/ae_en.pdf,en,1,5,Local cover or explicit delivery statement; external metadata where recorded,Prepared/as-delivered status varies; no systematic video verification
2023_united-kingdom-great-britain-and-northern-ireland,2023,GBR,local PDF,data/UNGA78_General_Debate_2023_statements/UNGA78_General_Debate_2023/united-kingdom-great-britain-and-northern-ireland__gb_en.pdf,a9547bd2d63523c9a9cc93156ef3195ee3d7c3ab546b2587327c650e59cbed88,https://gadebate.un.org/sites/default/files/gastatements/78/gb_en.pdf,en,1,12,Local cover or explicit delivery statement; external metadata where recorded,Prepared/as-delivered status varies; no systematic video verification
2023_united-republic-tanzania,2023,TZA,local PDF,data/UNGA78_General_Debate_2023_statements/UNGA78_General_Debate_2023/united-republic-tanzania__tz_en.pdf,ae282fa1581ad6df0e91819dbc388c299118e03e75c10dc666d4bdc6b5596212,https://gadebate.un.org/sites/default/files/gastatements/78/tz_en.pdf,en,1,5,Local cover or explicit delivery statement; external metadata where recorded,Prepared/as-delivered status varies; no systematic video verification
2023_united-states-america,2023,USA,local PDF,data/UNGA78_General_Debate_2023_statements/UNGA78_General_Debate_2023/united-states-america__us_en_0.pdf,5eb7aef69410bbd7edf5a7f9b1dc95e236ac30df4651e231571ed0254ab2c4d1,https://gadebate.un.org/sites/default/files/gastatements/78/us_en_0.pdf,en,1,11,Local cover or explicit delivery statement; external metadata where recorded,Prepared/as-delivered status varies; no systematic video verification
2023_uruguay,2023,URY,local PDF,data/UNGA78_General_Debate_2023_statements/UNGA78_General_Debate_2023/uruguay__uy_es_0.pdf,7fc579e6b2f2a91084f8c2dd05093458499373ca402d5bd9bf13e933e7340b32,https://gadebate.un.org/sites/default/files/gastatements/78/uy_es_0.pdf,es,1,3,Local cover or explicit delivery statement; external metadata where recorded,Prepared/as-delivered status varies; no systematic video verification
2023_uzbekistan,2023,UZB,local PDF,data/UNGA78_General_Debate_2023_statements/UNGA78_General_Debate_2023/uzbekistan__uz_en.pdf,195524ae5d38b6b076f0c5232451967f591e7f337b000c338d664decdfb0d95b,https://gadebate.un.org/sites/default/files/gastatements/78/uz_en.pdf,en,1,10,Local cover or explicit delivery statement; external metadata where recorded,Prepared/as-delivered status varies; no systematic video verification
2023_vanuatu,2023,VUT,local PDF,data/UNGA78_General_Debate_2023_statements/UNGA78_General_Debate_2023/vanuatu__vu_en.pdf,bc695f7ef9cab37af7b0fab5ef00305df2d02fd39a6b272335aa7ede08c0058f,https://gadebate.un.org/sites/default/files/gastatements/78/vu_en.pdf,en,1,4,Local cover or explicit delivery statement; external metadata where recorded,Prepared/as-delivered status varies; no systematic video verification
2023_venezuela-bolivarian-republic,2023,VEN,local PDF,data/UNGA78_General_Debate_2023_statements/UNGA78_General_Debate_2023/venezuela-bolivarian-republic__ve_en.pdf,ba01f983ea2535e327c728951676be170c8879ba9f3274dd04a7751b1cd193ae,https://gadebate.un.org/sites/default/files/gastatements/78/ve_en.pdf,en,1,15,Local cover or explicit delivery statement; external metadata where recorded,Prepared/as-delivered status varies; no systematic video verification
2023_viet-nam,2023,VNM,local PDF,data/UNGA78_General_Debate_2023_statements/UNGA78_General_Debate_2023/viet-nam__vn_en.pdf,57cfc9af7d68ece6342502177141a5d2c79c059a8131fcf407367e51dbd80c82,https://gadebate.un.org/sites/default/files/gastatements/78/vn_en.pdf,en,1,5,Local cover or explicit delivery statement; external metadata where recorded,Prepared/as-delivered status varies; no systematic video verification
2023_yemen,2023,YEM,local PDF,data/UNGA78_General_Debate_2023_statements/UNGA78_General_Debate_2023/yemen__ye_ar.pdf,be36a653f95953f1d3d795a2a972f562f957f2e6b61c7257d709185829571206,https://gadebate.un.org/sites/default/files/gastatements/78/ye_ar.pdf,ar,1,10,Local cover or explicit delivery statement; external metadata where recorded,Prepared/as-delivered status varies; no systematic video verification
2023_zambia,2023,ZMB,local PDF,data/UNGA78_General_Debate_2023_statements/UNGA78_General_Debate_2023/zambia__zm_en.pdf,2fcead4a1577497bd23fc7dd0d9278a514e9c2b3d29a896cf4a0bcbe5727f1e5,https://gadebate.un.org/sites/default/files/gastatements/78/zm_en.pdf,en,1,11,Local cover or explicit delivery statement; external metadata where recorded,Prepared/as-delivered status varies; no systematic video verification
2023_zimbabwe,2023,ZWE,local PDF,data/UNGA78_General_Debate_2023_statements/UNGA78_General_Debate_2023/zimbabwe__zw_en_0.pdf,0c2fe79840009462c8450d85598cf6db64e259862d3d213604d19fb737038527,https://gadebate.un.org/sites/default/files/gastatements/78/zw_en_0.pdf,en,1,13,Local cover or explicit delivery statement; external metadata where recorded,Prepared/as-delivered status varies; no systematic video verification
2024_albania,2024,ALB,local PDF,data/UNGA79_General_Debate_2024_statements/UNGA79_General_Debate_2024/albania__al_en.pdf,2ac2a99e27017f7505c17b8259fc7382f2985d8c9bb2b69e423ea856512e56b6,https://gadebate.un.org/sites/default/files/gastatements/79/al_en.pdf,en,1,15,Local cover or explicit delivery statement; external metadata where recorded,Prepared/as-delivered status varies; no systematic video verification
2024_algeria,2024,DZA,local PDF,data/UNGA79_General_Debate_2024_statements/UNGA79_General_Debate_2024/algeria__dz_ar.pdf,86eed5f3b187dcb3e96c8af865225ddcad44e121aeb53815156253564fd83b4a,https://gadebate.un.org/sites/default/files/gastatements/79/dz_ar.pdf,ar,1,8,Local cover or explicit delivery statement; external metadata where recorded,Prepared/as-delivered status varies; no systematic video verification
2024_andorra,2024,AND,local PDF,data/UNGA79_General_Debate_2024_statements/UNGA79_General_Debate_2024/andorra__ad_fr.pdf,0fd273768d2fd1890f75f77b98c3c1bf20db8eb77db332bde27588e1ed7453e2,https://gadebate.un.org/sites/default/files/gastatements/79/ad_fr.pdf,fr,1,9,Local cover or explicit delivery statement; external metadata where recorded,Prepared/as-delivered status varies; no systematic video verification
2024_angola,2024,AGO,local PDF,data/UNGA79_General_Debate_2024_statements/UNGA79_General_Debate_2024/angola__ao_en.pdf,5b06e8f0d08c632c69fe32e536d4c0b1645bcca5fdaa2833998caa358abe4600,https://gadebate.un.org/sites/default/files/gastatements/79/ao_en.pdf,en,1,15,Local cover or explicit delivery statement; external metadata where recorded,Prepared/as-delivered status varies; no systematic video verification
2024_antigua-and-barbuda,2024,ATG,local PDF,data/UNGA79_General_Debate_2024_statements/UNGA79_General_Debate_2024/antigua-and-barbuda__ag_en.pdf,76783b03039cc94adaefb929d11aae2d76d949ee2727f77687e3cd080e18797d,https://gadebate.un.org/sites/default/files/gastatements/79/ag_en.pdf,en,1,8,Local cover or explicit delivery statement; external metadata where recorded,Prepared/as-delivered status varies; no systematic video verification
2024_argentina,2024,ARG,local PDF,data/UNGA79_General_Debate_2024_statements/UNGA79_General_Debate_2024/argentina__ar_es.pdf,8c1595698137a678ffe7c6024698362ba52a9bd45bde9f8807a2bb5dbe8972e8,https://gadebate.un.org/sites/default/files/gastatements/79/ar_es.pdf,es,1,5,Local cover or explicit delivery statement; external metadata where recorded,Prepared/as-delivered status varies; no systematic video verification
2024_armenia,2024,ARM,local PDF,data/UNGA79_General_Debate_2024_statements/UNGA79_General_Debate_2024/armenia__am_en.pdf,2fafebf9abd3ea80c94fdda676ac223545db593345df9d0005b030d8c988a89d,https://gadebate.un.org/sites/default/files/gastatements/79/am_en.pdf,en,1,10,Local cover or explicit delivery statement; external metadata where recorded,Prepared/as-delivered status varies; no systematic video verification
2024_australia,2024,AUS,local PDF,data/UNGA79_General_Debate_2024_statements/UNGA79_General_Debate_2024/australia__au_en.pdf,96a3b2c5f2f3766800a6e73dce9527be242ba66def7d04caa4073d2eeb4e3012,https://gadebate.un.org/sites/default/files/gastatements/79/au_en.pdf,en,1,12,Local cover or explicit delivery statement; external metadata where recorded,Prepared/as-delivered status varies; no systematic video verification
2024_austria,2024,AUT,local PDF,data/UNGA79_General_Debate_2024_statements/UNGA79_General_Debate_2024/austria__at_en.pdf,99aa07fefe2dfae1a3c867981c910ec44320170c6c2442db1a7ab49779b0988a,https://gadebate.un.org/sites/default/files/gastatements/79/at_en.pdf,en,1,8,Local cover or explicit delivery statement; external metadata where recorded,Prepared/as-delivered status varies; no systematic video verification
2024_azerbaijan,2024,AZE,local PDF,data/UNGA79_General_Debate_2024_statements/UNGA79_General_Debate_2024/azerbaijan__az_en.pdf,ae638b7953e3bbc1e2dc09bc284789c7dcd387a791ec5b7e6dcac705a67b59e4,https://gadebate.un.org/sites/default/files/gastatements/79/az_en.pdf,en,1,8,Local cover or explicit delivery statement; external metadata where recorded,Prepared/as-delivered status varies; no systematic video verification
2024_bahamas,2024,BHS,local PDF,data/UNGA79_General_Debate_2024_statements/UNGA79_General_Debate_2024/bahamas__bs_en.pdf,68e1615b320fdc415fd0e136edb79ff2b440fbd80b1625b85e9c1244690e6033,https://gadebate.un.org/sites/default/files/gastatements/79/bs_en.pdf,en,1,8,Local cover or explicit delivery statement; external metadata where recorded,Prepared/as-delivered status varies; no systematic video verification
2024_bahrain,2024,BHR,local PDF,data/UNGA79_General_Debate_2024_statements/UNGA79_General_Debate_2024/bahrain__bh_en_0.pdf,51d68d37494af2a80faf2a150f1b5607582f5c9a9582a9d6393443d45c687b17,https://gadebate.un.org/sites/default/files/gastatements/79/bh_en_0.pdf,en,1,14,Local cover or explicit delivery statement; external metadata where recorded,Prepared/as-delivered status varies; no systematic video verification
2024_bangladesh,2024,BGD,local PDF,data/UNGA79_General_Debate_2024_statements/UNGA79_General_Debate_2024/bangladesh__bd_en.pdf,feaaa74869b13a922851d91ee697f7592e9eafa65fba37136650e00a904fb6b2,https://gadebate.un.org/sites/default/files/gastatements/79/bd_en.pdf,en,1,10,Local cover or explicit delivery statement; external metadata where recorded,Prepared/as-delivered status varies; no systematic video verification
2024_barbados,2024,BRB,local PDF,data/UNGA79_General_Debate_2024_statements/UNGA79_General_Debate_2024/barbados__bb_en.pdf,e7e3ff80b339334b0d93b113c50eb0e1e480a98dc7170f23c0fe2cbd3be33d77,https://gadebate.un.org/sites/default/files/gastatements/79/bb_en.pdf,en,1,18,Local cover or explicit delivery statement; external metadata where recorded,Prepared/as-delivered status varies; no systematic video verification
2024_belarus,2024,BLR,local PDF,data/UNGA79_General_Debate_2024_statements/UNGA79_General_Debate_2024/belarus__by_ru.pdf,28fd02e83b5af7a690ab353f1b1b995263f66079760c628daa19e79f6378c7b9,https://gadebate.un.org/sites/default/files/gastatements/79/by_ru.pdf,ru,1,12,Local cover or explicit delivery statement; external metadata where recorded,Prepared/as-delivered status varies; no systematic video verification
2024_belgium,2024,BEL,local PDF,data/UNGA79_General_Debate_2024_statements/UNGA79_General_Debate_2024/belgium__be_fl.pdf,c5a1365a7f7e2c4daf8c9d213f801e9436ae9b71ac7d7a04f64385d5ccc9e45c,https://gadebate.un.org/sites/default/files/gastatements/79/be_fl.pdf,fl,1,6,Local cover or explicit delivery statement; external metadata where recorded,Prepared/as-delivered status varies; no systematic video verification
2024_belize,2024,BLZ,local PDF,data/UNGA79_General_Debate_2024_statements/UNGA79_General_Debate_2024/belize__bz_en.pdf,47cc2a4138da924a80041d0d75a4aa4234619dd9c07e7eff338223f29e6f3922,https://gadebate.un.org/sites/default/files/gastatements/79/bz_en.pdf,en,1,9,Local cover or explicit delivery statement; external metadata where recorded,Prepared/as-delivered status varies; no systematic video verification
2024_benin,2024,BEN,local PDF,data/UNGA79_General_Debate_2024_statements/UNGA79_General_Debate_2024/benin__bj_fr.pdf,3bd4f42ec80a3cf13ef6cf4d2d27d786894dfc9e756b45fb01aefea1e87dfefc,https://gadebate.un.org/sites/default/files/gastatements/79/bj_fr.pdf,fr,1,6,Local cover or explicit delivery statement; external metadata where recorded,Prepared/as-delivered status varies; no systematic video verification
2024_bhutan,2024,BTN,local PDF,data/UNGA79_General_Debate_2024_statements/UNGA79_General_Debate_2024/bhutan__bt_en.pdf,c8d9fcff7886e5dfbf329d41fd2204df87b7f4ae5c313849784d6a9bab691332,https://gadebate.un.org/sites/default/files/gastatements/79/bt_en.pdf,en,1,5,Local cover or explicit delivery statement; external metadata where recorded,Prepared/as-delivered status varies; no systematic video verification
2024_bolivia-plurinational-state,2024,BOL,local PDF,data/UNGA79_General_Debate_2024_statements/UNGA79_General_Debate_2024/bolivia-plurinational-state__bo_es.pdf,0b1bc4a10acb7bbc1335dd5c56eb1fbc5c8f5de18c7a64923067e84d05b36a82,https://gadebate.un.org/sites/default/files/gastatements/79/bo_es.pdf,es,1,7,Local cover or explicit delivery statement; external metadata where recorded,Prepared/as-delivered status varies; no systematic video verification
2024_bosnia-and-herzegovina,2024,BIH,local PDF,data/UNGA79_General_Debate_2024_statements/UNGA79_General_Debate_2024/bosnia-and-herzegovina__ba_en.pdf,dbbee06bf1c909f0fa633888e7fd067b09ee26def0f2b39594dd82ce96b54927,https://gadebate.un.org/sites/default/files/gastatements/79/ba_en.pdf,en,1,6,Local cover or explicit delivery statement; external metadata where recorded,Prepared/as-delivered status varies; no systematic video verification
2024_botswana,2024,BWA,local PDF,data/UNGA79_General_Debate_2024_statements/UNGA79_General_Debate_2024/botswana__bw_en.pdf,d0b5f63539443fd128d925063af9a16a44f75983d8994335e87997e71239aec0,https://gadebate.un.org/sites/default/files/gastatements/79/bw_en.pdf,en,1,11,Local cover or explicit delivery statement; external metadata where recorded,Prepared/as-delivered status varies; no systematic video verification
2024_brazil,2024,BRA,local PDF,data/UNGA79_General_Debate_2024_statements/UNGA79_General_Debate_2024/brazil__br_pt.pdf,0565cdf59fc7252ecb971447af1f953545649b3e0bbf457b511337070e3b0d92,https://gadebate.un.org/sites/default/files/gastatements/79/br_pt.pdf,pt,1,10,Local cover or explicit delivery statement; external metadata where recorded,Prepared/as-delivered status varies; no systematic video verification
2024_bulgaria,2024,BGR,local PDF,data/UNGA79_General_Debate_2024_statements/UNGA79_General_Debate_2024/bulgaria__bg_en.pdf,6a7d4f7f7592f47932492d6c6b712eab8a42767c419e0a4667e9051c32f22d70,https://gadebate.un.org/sites/default/files/gastatements/79/bg_en.pdf,en,1,4,Local cover or explicit delivery statement; external metadata where recorded,Prepared/as-delivered status varies; no systematic video verification
2024_burkina-faso,2024,BFA,local PDF,data/UNGA79_General_Debate_2024_statements/UNGA79_General_Debate_2024/burkina-faso__bf_fr.pdf,98b042b5969b2802ae686e6cb5cc50fff1dd4ec77b3e8421466575c409ece5f5,https://gadebate.un.org/sites/default/files/gastatements/79/bf_fr.pdf,fr,1,17,Local cover or explicit delivery statement; external metadata where recorded,Prepared/as-delivered status varies; no systematic video verification
2024_burundi,2024,BDI,local PDF,data/UNGA79_General_Debate_2024_statements/UNGA79_General_Debate_2024/burundi__bi_fr.pdf,97749d60b81f55bc4b4662396d75e573165787134026d90a19c760a654256c7e,https://gadebate.un.org/sites/default/files/gastatements/79/bi_fr.pdf,fr,1,9,Local cover or explicit delivery statement; external metadata where recorded,Prepared/as-delivered status varies; no systematic video verification
2024_cabo-verde,2024,CPV,local PDF,data/UNGA79_General_Debate_2024_statements/UNGA79_General_Debate_2024/cabo-verde__cv_en.pdf,93ea010c878d582f67ba77c41845b615f122fde9c2770c6212e8971d942c8aa6,https://gadebate.un.org/sites/default/files/gastatements/79/cv_en.pdf,en,1,6,Local cover or explicit delivery statement; external metadata where recorded,Prepared/as-delivered status varies; no systematic video verification
2024_cambodia,2024,KHM,local PDF,data/UNGA79_General_Debate_2024_statements/UNGA79_General_Debate_2024/cambodia__kh_en.pdf,58abf41d93a464f47f9353d129c540a89633ece6e8e474429a7d6aecb1da20f9,https://gadebate.un.org/sites/default/files/gastatements/79/kh_en.pdf,en,1,6,Local cover or explicit delivery statement; external metadata where recorded,Prepared/as-delivered status varies; no systematic video verification
2024_cameroon,2024,CMR,local PDF,data/UNGA79_General_Debate_2024_statements/UNGA79_General_Debate_2024/cameroon__cm_fr.pdf,1db0527bc8f66f0aecd0719437e9d95904adf6d58f49165e0fa7741532eea830,https://gadebate.un.org/sites/default/files/gastatements/79/cm_fr.pdf,fr,1,11,Local cover or explicit delivery statement; external metadata where recorded,Prepared/as-delivered status varies; no systematic video verification
2024_canada,2024,CAN,local PDF,data/UNGA79_General_Debate_2024_statements/UNGA79_General_Debate_2024/canada__ca_fl.pdf,4adc20e2f823fa75b127744867a2baf84dfe20a0b7789b1cdee338a43c1e24ad,https://gadebate.un.org/sites/default/files/gastatements/79/ca_fl.pdf,fl,1,21,Local cover or explicit delivery statement; external metadata where recorded,Prepared/as-delivered status varies; no systematic video verification
2024_central-african-republic,2024,CAF,local PDF,data/UNGA79_General_Debate_2024_statements/UNGA79_General_Debate_2024/central-african-republic__cf_fr.pdf,00726a67be1412436e6848fcf1bcf289b64022fc23991a38bb4186e01712f94e,https://gadebate.un.org/sites/default/files/gastatements/79/cf_fr.pdf,fr,1,9,Local cover or explicit delivery statement; external metadata where recorded,Prepared/as-delivered status varies; no systematic video verification
2024_chad,2024,TCD,local PDF,data/UNGA79_General_Debate_2024_statements/UNGA79_General_Debate_2024/chad__td_fr_0.pdf,7b5d0d1155bea8adde45f21163fdc8bdcc12cab9a405502ddd84a4afadf98eab,https://gadebate.un.org/sites/default/files/gastatements/79/td_fr_0.pdf,fr,1,12,Local cover or explicit delivery statement; external metadata where recorded,Prepared/as-delivered status varies; no systematic video verification
2024_chile,2024,CHL,local PDF,data/UNGA79_General_Debate_2024_statements/UNGA79_General_Debate_2024/chile__cl_es_0.pdf,87ef4285a75a45418afc3426abb6054bbb542f2c69cefa85e28faffb1064c295,https://gadebate.un.org/sites/default/files/gastatements/79/cl_es_0.pdf,es,1,7,Local cover or explicit delivery statement; external metadata where recorded,Prepared/as-delivered status varies; no systematic video verification
2024_china,2024,CHN,local PDF,data/UNGA79_General_Debate_2024_statements/UNGA79_General_Debate_2024/china__cn_en.pdf,2c88cef04291b07a74481c0032d6e9968613c85f317127f7c08096ebdcaec056,https://gadebate.un.org/sites/default/files/gastatements/79/cn_en.pdf,en,1,6,Local cover or explicit delivery statement; external metadata where recorded,Prepared/as-delivered status varies; no systematic video verification
2024_colombia,2024,COL,local PDF,data/UNGA79_General_Debate_2024_statements/UNGA79_General_Debate_2024/colombia__co_es.pdf,7824b8b5049e7a4d0970a485caf20972d7701e17ede280473e8755d114d17f63,https://gadebate.un.org/sites/default/files/gastatements/79/co_es.pdf,es,1,7,Local cover or explicit delivery statement; external metadata where recorded,Prepared/as-delivered status varies; no systematic video verification
2024_comoros,2024,COM,local PDF,data/UNGA79_General_Debate_2024_statements/UNGA79_General_Debate_2024/comoros__km_fr.pdf,32ed9e21011b53a1ef39078f69ae2fdfb6956337230eb7b056e8fbd2a4b52556,https://gadebate.un.org/sites/default/files/gastatements/79/km_fr.pdf,fr,1,8,Local cover or explicit delivery statement; external metadata where recorded,Prepared/as-delivered status varies; no systematic video verification
2024_congo,2024,COG,local PDF,data/UNGA79_General_Debate_2024_statements/UNGA79_General_Debate_2024/congo__cg_fr.pdf,c8da1468acd23ff807418101c9c4e4a17973c3fe611dcab38736aaf72eadcabf,https://gadebate.un.org/sites/default/files/gastatements/79/cg_fr.pdf,fr,1,7,Local cover or explicit delivery statement; external metadata where recorded,Prepared/as-delivered status varies; no systematic video verification
2024_costa-rica,2024,CRI,local PDF,data/UNGA79_General_Debate_2024_statements/UNGA79_General_Debate_2024/costa-rica__cr_fl.pdf,fecbd198893d8ffd78ba1c0bdc7e686bfe1bf1072d93e29b8b92f43ce7d21c8b,https://gadebate.un.org/sites/default/files/gastatements/79/cr_fl.pdf,fl,1,7,Local cover or explicit delivery statement; external metadata where recorded,Prepared/as-delivered status varies; no systematic video verification
2024_cote-divoire,2024,CIV,local PDF,data/UNGA79_General_Debate_2024_statements/UNGA79_General_Debate_2024/cote-divoire__ci_fr.pdf,8e4395ff1fd3f6147b2a8d8d8e2771915decdd31b1fcb48729c4cbd1d5159ae2,https://gadebate.un.org/sites/default/files/gastatements/79/ci_fr.pdf,fr,1,5,Local cover or explicit delivery statement; external metadata where recorded,Prepared/as-delivered status varies; no systematic video verification
2024_croatia,2024,HRV,local PDF,data/UNGA79_General_Debate_2024_statements/UNGA79_General_Debate_2024/croatia__hr_en.pdf,3c2615e959cb577569423db714c9b8de0aac109ef8860198b591ebaf9d9be30f,https://gadebate.un.org/sites/default/files/gastatements/79/hr_en.pdf,en,1,13,Local cover or explicit delivery statement; external metadata where recorded,Prepared/as-delivered status varies; no systematic video verification
2024_cuba,2024,CUB,local PDF,data/UNGA79_General_Debate_2024_statements/UNGA79_General_Debate_2024/cuba__cu_es.pdf,23859bd0ffa5ff98bd777047f9937d2ed5e4693e31ff7a79ca00eb33c3ecf68e,https://gadebate.un.org/sites/default/files/gastatements/79/cu_es.pdf,es,1,8,Local cover or explicit delivery statement; external metadata where recorded,Prepared/as-delivered status varies; no systematic video verification
2024_cyprus,2024,CYP,local PDF,data/UNGA79_General_Debate_2024_statements/UNGA79_General_Debate_2024/cyprus__cy_en.pdf,d3c2b671a213d8a15cc3c5fbaf8cbdc2adb4fccf91e3605ce9fbb075f70ce352,https://gadebate.un.org/sites/default/files/gastatements/79/cy_en.pdf,en,1,7,Local cover or explicit delivery statement; external metadata where recorded,Prepared/as-delivered status varies; no systematic video verification
2024_czechia,2024,CZE,local PDF,data/UNGA79_General_Debate_2024_statements/UNGA79_General_Debate_2024/czechia__cz_en.pdf,deaa8193a5615490646ad7086f4a466c34283bdca7952d3adc74d0936f9f64fa,https://gadebate.un.org/sites/default/files/gastatements/79/cz_en.pdf,en,1,4,Local cover or explicit delivery statement; external metadata where recorded,Prepared/as-delivered status varies; no systematic video verification
2024_democratic-peoples-republic-korea,2024,PRK,local PDF,data/UNGA79_General_Debate_2024_statements/UNGA79_General_Debate_2024/democratic-peoples-republic-korea__kp_en.pdf,b14659703c844c4ce54a2b2a2839beb595a3448019df9ba85f6f68b6b8a86185,https://gadebate.un.org/sites/default/files/gastatements/79/kp_en.pdf,en,1,9,Local cover or explicit delivery statement; external metadata where recorded,Prepared/as-delivered status varies; no systematic video verification
2024_democratic-republic-congo,2024,COD,local PDF,data/UNGA79_General_Debate_2024_statements/UNGA79_General_Debate_2024/democratic-republic-congo__cd_fr.pdf,960e1a047b4602d4cc4a4b7b7fc0692e9a46685b0b63f83ce8b6588f1e2f9fc3,https://gadebate.un.org/sites/default/files/gastatements/79/cd_fr.pdf,fr,1,16,Local cover or explicit delivery statement; external metadata where recorded,Prepared/as-delivered status varies; no systematic video verification
2024_denmark,2024,DNK,local PDF,data/UNGA79_General_Debate_2024_statements/UNGA79_General_Debate_2024/denmark__dk_en.pdf,2875a32a9aeb0ac09b09aedc1bcc87b8cd10cad59aa71836b07d2bd4b64311b3,https://gadebate.un.org/sites/default/files/gastatements/79/dk_en.pdf,en,1,13,Local cover or explicit delivery statement; external metadata where recorded,Prepared/as-delivered status varies; no systematic video verification
2024_djibouti,2024,DJI,local PDF,data/UNGA79_General_Debate_2024_statements/UNGA79_General_Debate_2024/djibouti__dj_fl.pdf,746e1d52fc25d742783d0cd04c25ea1d3292ff495867ea9b95ab3429828eec73,https://gadebate.un.org/sites/default/files/gastatements/79/dj_fl.pdf,fl,1,13,Local cover or explicit delivery statement; external metadata where recorded,Prepared/as-delivered status varies; no systematic video verification
2024_dominica,2024,DMA,local PDF,data/UNGA79_General_Debate_2024_statements/UNGA79_General_Debate_2024/dominica__dm_en.pdf,e73c102157aba7ae135bb8b6d15c585b9fc4e5d32a29722c21aceca8146cc862,https://gadebate.un.org/sites/default/files/gastatements/79/dm_en.pdf,en,1,26,Local cover or explicit delivery statement; external metadata where recorded,Prepared/as-delivered status varies; no systematic video verification
2024_dominican-republic,2024,DOM,local PDF,data/UNGA79_General_Debate_2024_statements/UNGA79_General_Debate_2024/dominican-republic__do_es.pdf,65abc437240472838b2cae94476e7377b92f1ed2aeece2ae81e044c0326b033a,https://gadebate.un.org/sites/default/files/gastatements/79/do_es.pdf,es,1,9,Local cover or explicit delivery statement; external metadata where recorded,Prepared/as-delivered status varies; no systematic video verification
2024_ecuador,2024,ECU,local PDF,data/UNGA79_General_Debate_2024_statements/UNGA79_General_Debate_2024/ecuador__ec_es.pdf,d01fe0c465a0ea105de40760fa47a809f393a8fb518f3e8809eb9eb98fde61ff,https://gadebate.un.org/sites/default/files/gastatements/79/ec_es.pdf,es,1,8,Local cover or explicit delivery statement; external metadata where recorded,Prepared/as-delivered status varies; no systematic video verification
2024_egypt,2024,EGY,local PDF,data/UNGA79_General_Debate_2024_statements/UNGA79_General_Debate_2024/egypt__eg_ar-1.pdf,8ef403772ed6dd2e238682ccbe86d1ddd248ace525da63200ef4b1ba48765c3f,https://gadebate.un.org/sites/default/files/gastatements/79/eg_ar-1.pdf,unknown,1,16,Local cover or explicit delivery statement; external metadata where recorded,Prepared/as-delivered status varies; no systematic video verification
2024_el-salvador,2024,SLV,local PDF,data/UNGA79_General_Debate_2024_statements/UNGA79_General_Debate_2024/el-salvador__sv_es.pdf,fa49fd43d46e2cf1cacbf3aa5e171756c53c3ee381585d68803771daace4c9ac,https://gadebate.un.org/sites/default/files/gastatements/79/sv_es.pdf,es,1,7,Local cover or explicit delivery statement; external metadata where recorded,Prepared/as-delivered status varies; no systematic video verification
2024_equatorial-guinea,2024,GNQ,local PDF,data/UNGA79_General_Debate_2024_statements/UNGA79_General_Debate_2024/equatorial-guinea__gq_es.pdf,9f2bf4e0ef0027fc2123cd0d8fb6a48e0e40676eab2ece1985aaa47dc3604e9e,https://gadebate.un.org/sites/default/files/gastatements/79/gq_es.pdf,es,1,7,Local cover or explicit delivery statement; external metadata where recorded,Prepared/as-delivered status varies; no systematic video verification
2024_eritrea,2024,ERI,local PDF,data/UNGA79_General_Debate_2024_statements/UNGA79_General_Debate_2024/eritrea__er_en.pdf,d09bbe53c94818e6df1daaefe05c266344dac743b5d767a539ac05b1a6009bc2,https://gadebate.un.org/sites/default/files/gastatements/79/er_en.pdf,en,1,5,Local cover or explicit delivery statement; external metadata where recorded,Prepared/as-delivered status varies; no systematic video verification
2024_estonia,2024,EST,local PDF,data/UNGA79_General_Debate_2024_statements/UNGA79_General_Debate_2024/estonia__ee_en.pdf,b2707e1b31178af462b5adc6053cdc6a6f708555d6702100e0c449036b6f209b,https://gadebate.un.org/sites/default/files/gastatements/79/ee_en.pdf,en,1,5,Local cover or explicit delivery statement; external metadata where recorded,Prepared/as-delivered status varies; no systematic video verification
2024_eswatini,2024,SWZ,local PDF,data/UNGA79_General_Debate_2024_statements/UNGA79_General_Debate_2024/eswatini__sz_en.pdf,94f09ebe9fd731f9842e93e8564f499d36a757c75aff6ec1fbae09e5c8cc6d0e,https://gadebate.un.org/sites/default/files/gastatements/79/sz_en.pdf,en,1,12,Local cover or explicit delivery statement; external metadata where recorded,Prepared/as-delivered status varies; no systematic video verification
2024_ethiopia,2024,ETH,local PDF,data/UNGA79_General_Debate_2024_statements/UNGA79_General_Debate_2024/ethiopia__et_fl.pdf,4ec6a0394beb36f3ce44689ef237d22cbec650c86a02dc87d2b9d90f001aaf3b,https://gadebate.un.org/sites/default/files/gastatements/79/et_fl.pdf,fl,1,7,Local cover or explicit delivery statement; external metadata where recorded,Prepared/as-delivered status varies; no systematic video verification
2024_fiji,2024,FJI,local PDF,data/UNGA79_General_Debate_2024_statements/UNGA79_General_Debate_2024/fiji__fj_en.pdf,b6bea4c024437d2ebf5e20e90fe5dfa5eb70d4e654d8573040b6821ab29c0329,https://gadebate.un.org/sites/default/files/gastatements/79/fj_en.pdf,en,1,15,Local cover or explicit delivery statement; external metadata where recorded,Prepared/as-delivered status varies; no systematic video verification
2024_finland,2024,FIN,local PDF,data/UNGA79_General_Debate_2024_statements/UNGA79_General_Debate_2024/finland__fi_en.pdf,5aad2bb59fbbe337b3c0f58114d418f118abfd14a89d71aabb2bfcfffb884229,https://gadebate.un.org/sites/default/files/gastatements/79/fi_en.pdf,en,1,6,Local cover or explicit delivery statement; external metadata where recorded,Prepared/as-delivered status varies; no systematic video verification
2024_france,2024,FRA,local PDF,data/UNGA79_General_Debate_2024_statements/UNGA79_General_Debate_2024/france__fr_fr_0.pdf,21eeb056d6b8339ab842ccf270423e8056ed0e6a9d7b995ee6c83cd854251c37,https://gadebate.un.org/sites/default/files/gastatements/79/fr_fr_0.pdf,fr,1,5,Local cover or explicit delivery statement; external metadata where recorded,Prepared/as-delivered status varies; no systematic video verification
2024_gabon,2024,GAB,local PDF,data/UNGA79_General_Debate_2024_statements/UNGA79_General_Debate_2024/gabon__ga_fr.pdf,63b28cea0fa6b3ddbabf06e5f571fda716bca807057ecb36fc69c7b14b3dac15,https://gadebate.un.org/sites/default/files/gastatements/79/ga_fr.pdf,fr,1,15,Local cover or explicit delivery statement; external metadata where recorded,Prepared/as-delivered status varies; no systematic video verification
2024_gambia-republic,2024,GMB,local PDF,data/UNGA79_General_Debate_2024_statements/UNGA79_General_Debate_2024/gambia-republic__gm_en.pdf,1d429e05a0bb7f21224705324e7d4f67c118ef586de2689465c2a38672a9748f,https://gadebate.un.org/sites/default/files/gastatements/79/gm_en.pdf,en,1,19,Local cover or explicit delivery statement; external metadata where recorded,Prepared/as-delivered status varies; no systematic video verification
2024_georgia,2024,GEO,local PDF,data/UNGA79_General_Debate_2024_statements/UNGA79_General_Debate_2024/georgia__ge_en.pdf,1b318dc13ff251d4cd6b77f1fd552b53ee54559b9c8a25421a6390726a402626,https://gadebate.un.org/sites/default/files/gastatements/79/ge_en.pdf,en,1,5,Local cover or explicit delivery statement; external metadata where recorded,Prepared/as-delivered status varies; no systematic video verification
2024_germany,2024,DEU,local PDF,data/UNGA79_General_Debate_2024_statements/UNGA79_General_Debate_2024/germany__de_en.pdf,eb91d5cd2cf9a9fc9b2f8dad4360ac718b31b31840c36b22fc0e1cbb7a24b2e9,https://gadebate.un.org/sites/default/files/gastatements/79/de_en.pdf,en,1,14,Local cover or explicit delivery statement; external metadata where recorded,Prepared/as-delivered status varies; no systematic video verification
2024_ghana,2024,GHA,local PDF,data/UNGA79_General_Debate_2024_statements/UNGA79_General_Debate_2024/ghana__gh_en.pdf,52f5d4bb67cf29e79de4092417ded871b239df3fee9192fab46ca0e585000940,https://gadebate.un.org/sites/default/files/gastatements/79/gh_en.pdf,en,1,6,Local cover or explicit delivery statement; external metadata where recorded,Prepared/as-delivered status varies; no systematic video verification
2024_greece,2024,GRC,local PDF,data/UNGA79_General_Debate_2024_statements/UNGA79_General_Debate_2024/greece__gr_en.pdf,35e78b96e3a2d1ddd3499845b1f87062849f8bc35be10908c04373348acb239c,https://gadebate.un.org/sites/default/files/gastatements/79/gr_en.pdf,en,1,17,Local cover or explicit delivery statement; external metadata where recorded,Prepared/as-delivered status varies; no systematic video verification
2024_grenada,2024,GRD,local PDF,data/UNGA79_General_Debate_2024_statements/UNGA79_General_Debate_2024/grenada__gd_en_0.pdf,c4cfa34a5b79e3c30d1991b35462b6271e26ea55ce919d7dada8f7a7a27760fd,https://gadebate.un.org/sites/default/files/gastatements/79/gd_en_0.pdf,en,1,6,Local cover or explicit delivery statement; external metadata where recorded,Prepared/as-delivered status varies; no systematic video verification
2024_guatemala,2024,GTM,local PDF,data/UNGA79_General_Debate_2024_statements/UNGA79_General_Debate_2024/guatemala__gt_es.pdf,7fb63eb9822fa0c0a5ecc84fd3bf0dec9d5a80671537ebe4d6ddbfb077268600,https://gadebate.un.org/sites/default/files/gastatements/79/gt_es.pdf,es,1,7,Local cover or explicit delivery statement; external metadata where recorded,Prepared/as-delivered status varies; no systematic video verification
2024_guinea,2024,GIN,local PDF,data/UNGA79_General_Debate_2024_statements/UNGA79_General_Debate_2024/guinea__gn_fr_0.pdf,e1affe34a8b68b91620e84d3c82f32319146720a87eb1cad0e53b6f018448467,https://gadebate.un.org/sites/default/files/gastatements/79/gn_fr_0.pdf,fr,1,11,Local cover or explicit delivery statement; external metadata where recorded,Prepared/as-delivered status varies; no systematic video verification
2024_guinea-bissau,2024,GNB,local PDF,data/UNGA79_General_Debate_2024_statements/UNGA79_General_Debate_2024/guinea-bissau__gw_en.pdf,bd39d79262bbee93420dfb15b244852e73c676180c57d3e705c69d27393f1251,https://gadebate.un.org/sites/default/files/gastatements/79/gw_en.pdf,en,1,5,Local cover or explicit delivery statement; external metadata where recorded,Prepared/as-delivered status varies; no systematic video verification
2024_guyana,2024,GUY,local PDF,data/UNGA79_General_Debate_2024_statements/UNGA79_General_Debate_2024/guyana__gy_en.pdf,9c5c44af6a585f471993f888f2fb4b23cfd185e53560d88a96c4d4ff28ddee8b,https://gadebate.un.org/sites/default/files/gastatements/79/gy_en.pdf,en,1,16,Local cover or explicit delivery statement; external metadata where recorded,Prepared/as-delivered status varies; no systematic video verification
2024_haiti,2024,HTI,local PDF,data/UNGA79_General_Debate_2024_statements/UNGA79_General_Debate_2024/haiti__ht_fr.pdf,3e46aa5d0d05a5ba5421c0e2e66c9b42735ebe273a7c660215d5ac4ef3f0c853,https://gadebate.un.org/sites/default/files/gastatements/79/ht_fr.pdf,fr,1,20,Local cover or explicit delivery statement; external metadata where recorded,Prepared/as-delivered status varies; no systematic video verification
2024_honduras,2024,HND,local PDF,data/UNGA79_General_Debate_2024_statements/UNGA79_General_Debate_2024/honduras__hn_es.pdf,fce947ed670d0d01c743eb132f2e3d1fdd4fed2e5bc382ab14db588d50e2e04e,https://gadebate.un.org/sites/default/files/gastatements/79/hn_es.pdf,es,1,12,Local cover or explicit delivery statement; external metadata where recorded,Prepared/as-delivered status varies; no systematic video verification
2024_iceland,2024,ISL,local PDF,data/UNGA79_General_Debate_2024_statements/UNGA79_General_Debate_2024/iceland__is_en.pdf,a6e37c51f63285e81cf4e6b992dcb4b8b6110db7ca6ee6c60366046cc6101db4,https://gadebate.un.org/sites/default/files/gastatements/79/is_en.pdf,en,1,8,Local cover or explicit delivery statement; external metadata where recorded,Prepared/as-delivered status varies; no systematic video verification
2024_india,2024,IND,local PDF,data/UNGA79_General_Debate_2024_statements/UNGA79_General_Debate_2024/india__in_en.pdf,7eb8fc97ba1fe81f6b18c64b8d1db898a059e2932e08b681baf6fc95e2023908,https://gadebate.un.org/sites/default/files/gastatements/79/in_en.pdf,en,1,13,Local cover or explicit delivery statement; external metadata where recorded,Prepared/as-delivered status varies; no systematic video verification
2024_indonesia,2024,IDN,local PDF,data/UNGA79_General_Debate_2024_statements/UNGA79_General_Debate_2024/indonesia__id_en.pdf,3b2fc7511185e1203ecdfedf13236a15cf4f3b5b49dddd2bbc6316baec4473fc,https://gadebate.un.org/sites/default/files/gastatements/79/id_en.pdf,en,1,6,Local cover or explicit delivery statement; external metadata where recorded,Prepared/as-delivered status varies; no systematic video verification
2024_iran-islamic-republic,2024,IRN,local PDF,data/UNGA79_General_Debate_2024_statements/UNGA79_General_Debate_2024/iran-islamic-republic__ir_en.pdf,62c3db6b39a46810b4e10f18ba0c691099aa8d76935031fc842baffec72f719d,https://gadebate.un.org/sites/default/files/gastatements/79/ir_en.pdf,en,1,5,Local cover or explicit delivery statement; external metadata where recorded,Prepared/as-delivered status varies; no systematic video verification
2024_iraq,2024,IRQ,local PDF,data/UNGA79_General_Debate_2024_statements/UNGA79_General_Debate_2024/iraq__iq_ar.pdf,ddb00c4e986eb760fb6a26ff9eb569195cabeb0e5f795d7682805b978510f9f9,https://gadebate.un.org/sites/default/files/gastatements/79/iq_ar.pdf,ar,1,14,Local cover or explicit delivery statement; external metadata where recorded,Prepared/as-delivered status varies; no systematic video verification
2024_ireland,2024,IRL,local PDF,data/UNGA79_General_Debate_2024_statements/UNGA79_General_Debate_2024/ireland__ie_en.pdf,a3202cda61845e6eaa826c196cda29225da2888334c56d02b94d1af6909e2ff8,https://gadebate.un.org/sites/default/files/gastatements/79/ie_en.pdf,en,1,10,Local cover or explicit delivery statement; external metadata where recorded,Prepared/as-delivered status varies; no systematic video verification
2024_israel,2024,ISR,local PDF,data/UNGA79_General_Debate_2024_statements/UNGA79_General_Debate_2024/israel__il_fl.pdf,c8d54cb1cc166ec7950d83c1a6199cf0e2d8743af06c523656d93dde69be65b9,https://gadebate.un.org/sites/default/files/gastatements/79/il_fl.pdf,fl,1,10,Local cover or explicit delivery statement; external metadata where recorded,Prepared/as-delivered status varies; no systematic video verification
2024_italy,2024,ITA,local PDF,data/UNGA79_General_Debate_2024_statements/UNGA79_General_Debate_2024/italy__it_it.pdf,7bee2896c6667e6ccc715a0b0d7585c8b51dc12faf12de94da989b4c5124ebe0,https://gadebate.un.org/sites/default/files/gastatements/79/it_it.pdf,it,1,5,Local cover or explicit delivery statement; external metadata where recorded,Prepared/as-delivered status varies; no systematic video verification
2024_jamaica,2024,JAM,local PDF,data/UNGA79_General_Debate_2024_statements/UNGA79_General_Debate_2024/jamaica__jm_en.pdf,4afad3ba0ec320e27d6503a4e30ca9d0b653dba280e4190c53d77f96c5b07072,https://gadebate.un.org/sites/default/files/gastatements/79/jm_en.pdf,en,1,12,Local cover or explicit delivery statement; external metadata where recorded,Prepared/as-delivered status varies; no systematic video verification
2024_japan,2024,JPN,local PDF,data/UNGA79_General_Debate_2024_statements/UNGA79_General_Debate_2024/japan__jp_en.pdf,736ebd836b23678e1369a95f43f8f03006aaa858a091b7fab483c726aebf7f72,https://gadebate.un.org/sites/default/files/gastatements/79/jp_en.pdf,en,1,9,Local cover or explicit delivery statement; external metadata where recorded,Prepared/as-delivered status varies; no systematic video verification
2024_jordan,2024,JOR,local PDF,data/UNGA79_General_Debate_2024_statements/UNGA79_General_Debate_2024/jordan__jo_en.pdf,63c8d7c48dd66f9a591493e954ff964e05e5ae123f02f8eedbc0661289c4e33c,https://gadebate.un.org/sites/default/files/gastatements/79/jo_en.pdf,en,1,5,Local cover or explicit delivery statement; external metadata where recorded,Prepared/as-delivered status varies; no systematic video verification
2024_kazakhstan,2024,KAZ,local PDF,data/UNGA79_General_Debate_2024_statements/UNGA79_General_Debate_2024/kazakhstan__kz_en.pdf,6e0a0a6c2855b29ecf64b93104e65f34f4eea2dc1202a167a6a4b8a12175579e,https://gadebate.un.org/sites/default/files/gastatements/79/kz_en.pdf,en,1,7,Local cover or explicit delivery statement; external metadata where recorded,Prepared/as-delivered status varies; no systematic video verification
2024_kenya,2024,KEN,local PDF,data/UNGA79_General_Debate_2024_statements/UNGA79_General_Debate_2024/kenya__ke_en_0.pdf,3e39172d56727b660ed8170e2226c6ef0d05a4af70c0a53b6e36f8d561f5b23b,https://gadebate.un.org/sites/default/files/gastatements/79/ke_en_0.pdf,en,1,12,Local cover or explicit delivery statement; external metadata where recorded,Prepared/as-delivered status varies; no systematic video verification
2024_kiribati,2024,KIR,local PDF,data/UNGA79_General_Debate_2024_statements/UNGA79_General_Debate_2024/kiribati__ki_en.pdf,4969992e81ff0675a680ba42475619f6acaafdc9cb687b52bf850d84bbabf7c4,https://gadebate.un.org/sites/default/files/gastatements/79/ki_en.pdf,en,1,15,Local cover or explicit delivery statement; external metadata where recorded,Prepared/as-delivered status varies; no systematic video verification
2024_kuwait,2024,KWT,local PDF,data/UNGA79_General_Debate_2024_statements/UNGA79_General_Debate_2024/kuwait__kw_ar.pdf,398c0120e2d1355e548fc43d5aafef1c6213446a2f1bbe4b3f805e85ddd3ded2,https://gadebate.un.org/sites/default/files/gastatements/79/kw_ar.pdf,ar,1,14,Local cover or explicit delivery statement; external metadata where recorded,Prepared/as-delivered status varies; no systematic video verification
2024_kyrgyzstan,2024,KGZ,local PDF,data/UNGA79_General_Debate_2024_statements/UNGA79_General_Debate_2024/kyrgyzstan__kg_en.pdf,e899d681543cf562b36d2dc3186137ceca5a3c5eecd15403038c257a3dfb1c67,https://gadebate.un.org/sites/default/files/gastatements/79/kg_en.pdf,en,1,9,Local cover or explicit delivery statement; external metadata where recorded,Prepared/as-delivered status varies; no systematic video verification
2024_lao-peoples-democratic-republic,2024,LAO,local PDF,data/UNGA79_General_Debate_2024_statements/UNGA79_General_Debate_2024/lao-peoples-democratic-republic__la_en.pdf,122e425be1be2fbbd0d48d7d727da45437941886985d21664acd1968983d7c4f,https://gadebate.un.org/sites/default/files/gastatements/79/la_en.pdf,en,1,7,Local cover or explicit delivery statement; external metadata where recorded,Prepared/as-delivered status varies; no systematic video verification
2024_latvia,2024,LVA,local PDF,data/UNGA79_General_Debate_2024_statements/UNGA79_General_Debate_2024/latvia__lv_en.pdf,d3b92f33a20c1e02b1e1a85b61545ae6772a88b7ff61d7038ed0950a1ebd95b5,https://gadebate.un.org/sites/default/files/gastatements/79/lv_en.pdf,en,1,4,Local cover or explicit delivery statement; external metadata where recorded,Prepared/as-delivered status varies; no systematic video verification
2024_lebanon,2024,LBN,local PDF,data/UNGA79_General_Debate_2024_statements/UNGA79_General_Debate_2024/lebanon__lb_ar.pdf,3de958b75ede46522fb32c7f7582ee0636f5f49d6005396fa4ee2df0cba72f5c,https://gadebate.un.org/sites/default/files/gastatements/79/lb_ar.pdf,ar,1,9,Local cover or explicit delivery statement; external metadata where recorded,Prepared/as-delivered status varies; no systematic video verification
2024_lesotho,2024,LSO,local PDF,data/UNGA79_General_Debate_2024_statements/UNGA79_General_Debate_2024/lesotho__ls_en.pdf,ac703c9a224a7790915b14d91f57a60e6add63c09528ef1b2d62f785906c9b51,https://gadebate.un.org/sites/default/files/gastatements/79/ls_en.pdf,en,1,14,Local cover or explicit delivery statement; external metadata where recorded,Prepared/as-delivered status varies; no systematic video verification
2024_liberia,2024,LBR,local PDF,data/UNGA79_General_Debate_2024_statements/UNGA79_General_Debate_2024/liberia__lr_en.pdf,a8f9f1515c0ff114dacf44284c12c1c9f96c473bce8fc771074b42ed23688c63,https://gadebate.un.org/sites/default/files/gastatements/79/lr_en.pdf,en,1,6,Local cover or explicit delivery statement; external metadata where recorded,Prepared/as-delivered status varies; no systematic video verification
2024_libya,2024,LBY,local PDF,data/UNGA79_General_Debate_2024_statements/UNGA79_General_Debate_2024/libya__ly_ar.pdf,02d5fa042d809d9b150bb864847b9e0586f526602b394b4527c90c0f23c409de,https://gadebate.un.org/sites/default/files/gastatements/79/ly_ar.pdf,ar,1,15,Local cover or explicit delivery statement; external metadata where recorded,Prepared/as-delivered status varies; no systematic video verification
2024_lithuania,2024,LTU,local PDF,data/UNGA79_General_Debate_2024_statements/UNGA79_General_Debate_2024/lithuania__lt_en.pdf,322efe1db1d99cd7d7ab444eb10fbf6d2cfe2098eedf423558dea9a7f536ca93,https://gadebate.un.org/sites/default/files/gastatements/79/lt_en.pdf,en,1,6,Local cover or explicit delivery statement; external metadata where recorded,Prepared/as-delivered status varies; no systematic video verification
2024_luxembourg,2024,LUX,local PDF,data/UNGA79_General_Debate_2024_statements/UNGA79_General_Debate_2024/luxembourg__lu_fl.pdf,3a103ddd4190bfa808b16a4ae35e7d15c96f7ee4bf5bbe077e0e5015f46a5895,https://gadebate.un.org/sites/default/files/gastatements/79/lu_fl.pdf,fl,1,8,Local cover or explicit delivery statement; external metadata where recorded,Prepared/as-delivered status varies; no systematic video verification
2024_madagascar,2024,MDG,local PDF,data/UNGA79_General_Debate_2024_statements/UNGA79_General_Debate_2024/madagascar__mg_fr.pdf,3a7ae0f1026d9c9d3aa824c4c661645b36ddb36ce35193133514eb507c3cf235,https://gadebate.un.org/sites/default/files/gastatements/79/mg_fr.pdf,fr,1,4,Local cover or explicit delivery statement; external metadata where recorded,Prepared/as-delivered status varies; no systematic video verification
2024_malawi,2024,MWI,local PDF,data/UNGA79_General_Debate_2024_statements/UNGA79_General_Debate_2024/malawi__mw_en.pdf,4c8306b151e11f1ec64dcb247831cbeac2a196f2c4c9f46662d4cdf0c42a3d09,https://gadebate.un.org/sites/default/files/gastatements/79/mw_en.pdf,en,1,8,Local cover or explicit delivery statement; external metadata where recorded,Prepared/as-delivered status varies; no systematic video verification
2024_malaysia,2024,MYS,local PDF,data/UNGA79_General_Debate_2024_statements/UNGA79_General_Debate_2024/malaysia__my_en_0.pdf,721cb1ea8b2bf20a228ff5509252f674132de8df93b32626decd546c80415ed4,https://gadebate.un.org/sites/default/files/gastatements/79/my_en_0.pdf,en,1,15,Local cover or explicit delivery statement; external metadata where recorded,Prepared/as-delivered status varies; no systematic video verification
2024_maldives,2024,MDV,local PDF,data/UNGA79_General_Debate_2024_statements/UNGA79_General_Debate_2024/maldives__mv_en.pdf,f4b41e80e2ebce520f76770bdbe80e41d0db6eacca26f690d648399939b1cd08,https://gadebate.un.org/sites/default/files/gastatements/79/mv_en.pdf,en,1,12,Local cover or explicit delivery statement; external metadata where recorded,Prepared/as-delivered status varies; no systematic video verification
2024_mali,2024,MLI,local PDF,data/UNGA79_General_Debate_2024_statements/UNGA79_General_Debate_2024/mali__ml_fr.pdf,0e2fd49a875703085a2045c5cdda433e7bc56a1b0a019f9628392ee87fa482af,https://gadebate.un.org/sites/default/files/gastatements/79/ml_fr.pdf,fr,1,10,Local cover or explicit delivery statement; external metadata where recorded,Prepared/as-delivered status varies; no systematic video verification
2024_malta,2024,MLT,local PDF,data/UNGA79_General_Debate_2024_statements/UNGA79_General_Debate_2024/malta__mt_en.pdf,eb7a7ea681c647ee798df46f3db41305d689f97f00406a4b7360e801e9df3dec,https://gadebate.un.org/sites/default/files/gastatements/79/mt_en.pdf,en,1,8,Local cover or explicit delivery statement; external metadata where recorded,Prepared/as-delivered status varies; no systematic video verification
2024_marshall-islands,2024,MHL,local PDF,data/UNGA79_General_Debate_2024_statements/UNGA79_General_Debate_2024/marshall-islands__mh_en.pdf,cdd41f4b3541e6535251099e886f9001acca67ca2c37adc3bb7ccd1d602c1ef7,https://gadebate.un.org/sites/default/files/gastatements/79/mh_en.pdf,en,1,6,Local cover or explicit delivery statement; external metadata where recorded,Prepared/as-delivered status varies; no systematic video verification
2024_mauritania,2024,MRT,local PDF,data/UNGA79_General_Debate_2024_statements/UNGA79_General_Debate_2024/mauritania__mr_ar.pdf,c3e483d9876371e7e64e0c4a507e42cdb60d86b9616d90b1f12f651af36a5311,https://gadebate.un.org/sites/default/files/gastatements/79/mr_ar.pdf,ar,1,13,Local cover or explicit delivery statement; external metadata where recorded,Prepared/as-delivered status varies; no systematic video verification
2024_mauritius,2024,MUS,local PDF,data/UNGA79_General_Debate_2024_statements/UNGA79_General_Debate_2024/mauritius__mu_en.pdf,09e4f5eb2a79a29e3d1c79e1966b71e9c2a0c7ab1c5a52e8a127b6f2d6e47063,https://gadebate.un.org/sites/default/files/gastatements/79/mu_en.pdf,en,1,15,Local cover or explicit delivery statement; external metadata where recorded,Prepared/as-delivered status varies; no systematic video verification
2024_mexico,2024,MEX,local PDF,data/UNGA79_General_Debate_2024_statements/UNGA79_General_Debate_2024/mexico__mx_es.pdf,38ddab1b8b6cfa88fcff965be5b9968164f5c80a88bd397a5ee9a42239426762,https://gadebate.un.org/sites/default/files/gastatements/79/mx_es.pdf,es,1,15,Local cover or explicit delivery statement; external metadata where recorded,Prepared/as-delivered status varies; no systematic video verification
2024_micronesia-federated-states,2024,FSM,local PDF,data/UNGA79_General_Debate_2024_statements/UNGA79_General_Debate_2024/micronesia-federated-states__fm_en.pdf,86636b810e7f777ad06043817cd17b50d5ca995e44e1ddce24f01ec07e5987f3,https://gadebate.un.org/sites/default/files/gastatements/79/fm_en.pdf,en,1,6,Local cover or explicit delivery statement; external metadata where recorded,Prepared/as-delivered status varies; no systematic video verification
2024_monaco,2024,MCO,local PDF,data/UNGA79_General_Debate_2024_statements/UNGA79_General_Debate_2024/monaco__mc_fr.pdf,d03c6a29278981f7c1f44c6fff2ecde75d07cf9fc3d429703d414cd59d4ee300,https://gadebate.un.org/sites/default/files/gastatements/79/mc_fr.pdf,fr,1,17,Local cover or explicit delivery statement; external metadata where recorded,Prepared/as-delivered status varies; no systematic video verification
2024_mongolia,2024,MNG,local PDF,data/UNGA79_General_Debate_2024_statements/UNGA79_General_Debate_2024/mongolia__mn_en.pdf,5684a4be770ff24eed7f3805f0ea6dac71de7db820c2dbe2cd293b8abf194104,https://gadebate.un.org/sites/default/files/gastatements/79/mn_en.pdf,en,1,7,Local cover or explicit delivery statement; external metadata where recorded,Prepared/as-delivered status varies; no systematic video verification
2024_montenegro,2024,MNE,local PDF,data/UNGA79_General_Debate_2024_statements/UNGA79_General_Debate_2024/montenegro__me_en.pdf,1c2898726a38897bd54af0a9e878bb1e2320cf0182d5df071ebaff092bd46169,https://gadebate.un.org/sites/default/files/gastatements/79/me_en.pdf,en,1,8,Local cover or explicit delivery statement; external metadata where recorded,Prepared/as-delivered status varies; no systematic video verification
2024_morocco,2024,MAR,local PDF,data/UNGA79_General_Debate_2024_statements/UNGA79_General_Debate_2024/morocco__ma_ar.pdf,c709ea3c11f6bc6b43211dcf2cf019d5eb3318f08d71d8c980e3ea453db992e5,https://gadebate.un.org/sites/default/files/gastatements/79/ma_ar.pdf,ar,1,8,Local cover or explicit delivery statement; external metadata where recorded,Prepared/as-delivered status varies; no systematic video verification
2024_mozambique,2024,MOZ,local PDF,data/UNGA79_General_Debate_2024_statements/UNGA79_General_Debate_2024/mozambique__mz_en.pdf,67f8321fd4681d022f6c0afd790e83e741254c175f5040daade0f86e4d55748b,https://gadebate.un.org/sites/default/files/gastatements/79/mz_en.pdf,en,1,10,Local cover or explicit delivery statement; external metadata where recorded,Prepared/as-delivered status varies; no systematic video verification
2024_namibia,2024,NAM,local PDF,data/UNGA79_General_Debate_2024_statements/UNGA79_General_Debate_2024/namibia__na_en.pdf,0fe97735ab7817d20259ac4d1956e9289262d4d4af812fb6ca76a95fe511f216,https://gadebate.un.org/sites/default/files/gastatements/79/na_en.pdf,en,1,8,Local cover or explicit delivery statement; external metadata where recorded,Prepared/as-delivered status varies; no systematic video verification
2024_nauru,2024,NRU,local PDF,data/UNGA79_General_Debate_2024_statements/UNGA79_General_Debate_2024/nauru__nr_en.pdf,e078105e526f1a6dbcf505a8e22050894a451e6cbdc91c1a279ba7f05c08d19b,https://gadebate.un.org/sites/default/files/gastatements/79/nr_en.pdf,en,1,7,Local cover or explicit delivery statement; external metadata where recorded,Prepared/as-delivered status varies; no systematic video verification
2024_nepal,2024,NPL,local PDF,data/UNGA79_General_Debate_2024_statements/UNGA79_General_Debate_2024/nepal__np_en.pdf,92dccd0581b831f06a488c9c9c1968b8d2e925bfb2e4a27800fd2f140dc2c6f7,https://gadebate.un.org/sites/default/files/gastatements/79/np_en.pdf,en,1,8,Local cover or explicit delivery statement; external metadata where recorded,Prepared/as-delivered status varies; no systematic video verification
2024_netherlands-kingdom,2024,NLD,local PDF,data/UNGA79_General_Debate_2024_statements/UNGA79_General_Debate_2024/netherlands-kingdom__nl_en.pdf,57624b2a1e4c7de4f4bf9f3fe0f333655f148ec9a154e9bdc281259f0c49892a,https://gadebate.un.org/sites/default/files/gastatements/79/nl_en.pdf,en,1,15,Local cover or explicit delivery statement; external metadata where recorded,Prepared/as-delivered status varies; no systematic video verification
2024_new-zealand,2024,NZL,local PDF,data/UNGA79_General_Debate_2024_statements/UNGA79_General_Debate_2024/new-zealand__nz_en.pdf,8b80c1a98c42610780488ad89acc92cef974097c5b0868236ae4400fb0f4e8d2,https://gadebate.un.org/sites/default/files/gastatements/79/nz_en.pdf,en,1,7,Local cover or explicit delivery statement; external metadata where recorded,Prepared/as-delivered status varies; no systematic video verification
2024_nicaragua,2024,NIC,local PDF,data/UNGA79_General_Debate_2024_statements/UNGA79_General_Debate_2024/nicaragua__ni_en.pdf,7527e0c7575b8e6ffe82c865fa9ed6f8487f33316cd74d3ede0f9abcebbc0a88,https://gadebate.un.org/sites/default/files/gastatements/79/ni_en.pdf,en,1,17,Local cover or explicit delivery statement; external metadata where recorded,Prepared/as-delivered status varies; no systematic video verification
2024_niger,2024,NER,local PDF,data/UNGA79_General_Debate_2024_statements/UNGA79_General_Debate_2024/niger__ne_fr.pdf,65a528181e597cbf1a0b71974d394b3a4733a22e9f57a5d137072d25d1708d0b,https://gadebate.un.org/sites/default/files/gastatements/79/ne_fr.pdf,fr,1,9,Local cover or explicit delivery statement; external metadata where recorded,Prepared/as-delivered status varies; no systematic video verification
2024_nigeria,2024,NGA,local PDF,data/UNGA79_General_Debate_2024_statements/UNGA79_General_Debate_2024/nigeria__ng_en.pdf,523f87f501037d793238a6d3b53723419beca8bbd73c5e9c2dfef983c15e1644,https://gadebate.un.org/sites/default/files/gastatements/79/ng_en.pdf,en,1,16,Local cover or explicit delivery statement; external metadata where recorded,Prepared/as-delivered status varies; no systematic video verification
2024_north-macedonia,2024,MKD,local PDF,data/UNGA79_General_Debate_2024_statements/UNGA79_General_Debate_2024/north-macedonia__mk_en.pdf,0496b68ffa5336d67f7acfa0e2a2eb36ea28411290ce058db0b5100fc253235f,https://gadebate.un.org/sites/default/files/gastatements/79/mk_en.pdf,en,1,5,Local cover or explicit delivery statement; external metadata where recorded,Prepared/as-delivered status varies; no systematic video verification
2024_norway,2024,NOR,local PDF,data/UNGA79_General_Debate_2024_statements/UNGA79_General_Debate_2024/norway__no_en.pdf,657c8cc3a4ed250c7b2d443ebb722de91487a80b13cf8fe10ed6ac2b723a5168,https://gadebate.un.org/sites/default/files/gastatements/79/no_en.pdf,en,1,5,Local cover or explicit delivery statement; external metadata where recorded,Prepared/as-delivered status varies; no systematic video verification
2024_oman,2024,OMN,local PDF,data/UNGA79_General_Debate_2024_statements/UNGA79_General_Debate_2024/oman__om_en.pdf,558b5c2c125d424ade87b2f1b7ed93f6d71958a04a6c16c661787980892f5c01,https://gadebate.un.org/sites/default/files/gastatements/79/om_en.pdf,en,1,10,Local cover or explicit delivery statement; external metadata where recorded,Prepared/as-delivered status varies; no systematic video verification
2024_pakistan,2024,PAK,local PDF,data/UNGA79_General_Debate_2024_statements/UNGA79_General_Debate_2024/pakistan__pk_en.pdf,ac53619a93efe7ddaf6f82374642cedcd5a57a5a25668687a25cda0c99779f2b,https://gadebate.un.org/sites/default/files/gastatements/79/pk_en.pdf,en,1,14,Local cover or explicit delivery statement; external metadata where recorded,Prepared/as-delivered status varies; no systematic video verification
2024_palau,2024,PLW,local PDF,data/UNGA79_General_Debate_2024_statements/UNGA79_General_Debate_2024/palau__pw_en.pdf,ba9990c03fb34f5f4485d26ad079b9cc6c61a1c1f7d53c756a72e67f2aef03cf,https://gadebate.un.org/sites/default/files/gastatements/79/pw_en.pdf,en,1,6,Local cover or explicit delivery statement; external metadata where recorded,Prepared/as-delivered status varies; no systematic video verification
2024_panama,2024,PAN,local PDF,data/UNGA79_General_Debate_2024_statements/UNGA79_General_Debate_2024/panama__pa_es.pdf,615a31ec17fa22e47a731dd287fbaeb629f50e5954439e970936bbab6d7d1f1f,https://gadebate.un.org/sites/default/files/gastatements/79/pa_es.pdf,es,1,7,Local cover or explicit delivery statement; external metadata where recorded,Prepared/as-delivered status varies; no systematic video verification
2024_papua-new-guinea,2024,PNG,local PDF,data/UNGA79_General_Debate_2024_statements/UNGA79_General_Debate_2024/papua-new-guinea__pg_en.pdf,d6f23b24a7989c1490106492b5f4e5d9a187f9a7409289ccb9be7ff3fb85cd3e,https://gadebate.un.org/sites/default/files/gastatements/79/pg_en.pdf,en,1,10,Local cover or explicit delivery statement; external metadata where recorded,Prepared/as-delivered status varies; no systematic video verification
2024_paraguay,2024,PRY,local PDF,data/UNGA79_General_Debate_2024_statements/UNGA79_General_Debate_2024/paraguay__py_es.pdf,429285c0e2e68a295457c6c7b7e4ecc92d639f6d274ad9f65382c0af25212641,https://gadebate.un.org/sites/default/files/gastatements/79/py_es.pdf,es,1,29,Local cover or explicit delivery statement; external metadata where recorded,Prepared/as-delivered status varies; no systematic video verification
2024_peru,2024,PER,local PDF,data/UNGA79_General_Debate_2024_statements/UNGA79_General_Debate_2024/peru__pe_es.pdf,9a22fadbefb6e4c550562d1feae7c2d86a00728c5ae06f6cc863299cc16c7c0a,https://gadebate.un.org/sites/default/files/gastatements/79/pe_es.pdf,es,1,8,Local cover or explicit delivery statement; external metadata where recorded,Prepared/as-delivered status varies; no systematic video verification
2024_philippines,2024,PHL,local PDF,data/UNGA79_General_Debate_2024_statements/UNGA79_General_Debate_2024/philippines__ph_en.pdf,649963c06075509dba58b9bcbe6a9d8cd51215fc1760e1965ce84cc8c1c802aa,https://gadebate.un.org/sites/default/files/gastatements/79/ph_en.pdf,en,1,9,Local cover or explicit delivery statement; external metadata where recorded,Prepared/as-delivered status varies; no systematic video verification
2024_poland,2024,POL,local PDF,data/UNGA79_General_Debate_2024_statements/UNGA79_General_Debate_2024/poland__pl_en.pdf,0d2a62590c0ee01da4797f131a95ab592afe2dd3c31deb3ba5169fe0be5cb9eb,https://gadebate.un.org/sites/default/files/gastatements/79/pl_en.pdf,en,1,6,Local cover or explicit delivery statement; external metadata where recorded,Prepared/as-delivered status varies; no systematic video verification
2024_portugal,2024,PRT,local PDF,data/UNGA79_General_Debate_2024_statements/UNGA79_General_Debate_2024/portugal__pt_en.pdf,a8c80e3df4ef34bcbd584f236f3a663a81ec54945a98b10b342c5d7929337498,https://gadebate.un.org/sites/default/files/gastatements/79/pt_en.pdf,en,1,9,Local cover or explicit delivery statement; external metadata where recorded,Prepared/as-delivered status varies; no systematic video verification
2024_qatar,2024,QAT,local PDF,data/UNGA79_General_Debate_2024_statements/UNGA79_General_Debate_2024/qatar__qa_en.pdf,42bad4a908b668d7ba4adc2b9600f5776548fa77f3854e045e59651147eb0c34,https://gadebate.un.org/sites/default/files/gastatements/79/qa_en.pdf,en,1,7,Local cover or explicit delivery statement; external metadata where recorded,Prepared/as-delivered status varies; no systematic video verification
2024_republic-korea,2024,KOR,local PDF,data/UNGA79_General_Debate_2024_statements/UNGA79_General_Debate_2024/republic-korea__kr_en.pdf,3a42d419c7b1a4631092fa48169739874eb85cdcaad9451dbcf40ede7aaccefb,https://gadebate.un.org/sites/default/files/gastatements/79/kr_en.pdf,en,1,14,Local cover or explicit delivery statement; external metadata where recorded,Prepared/as-delivered status varies; no systematic video verification
2024_republic-moldova,2024,MDA,local PDF,data/UNGA79_General_Debate_2024_statements/UNGA79_General_Debate_2024/republic-moldova__md_en.pdf,d88436a2e3ba57d55524a0a5dc5039a12d7c746ba49cca637749dc93699b2c75,https://gadebate.un.org/sites/default/files/gastatements/79/md_en.pdf,en,1,16,Local cover or explicit delivery statement; external metadata where recorded,Prepared/as-delivered status varies; no systematic video verification
2024_romania,2024,ROU,local PDF,data/UNGA79_General_Debate_2024_statements/UNGA79_General_Debate_2024/romania__ro_en.pdf,478320399efb55910979ab91302c61028d3684c44f859817dcc3912d94af66c0,https://gadebate.un.org/sites/default/files/gastatements/79/ro_en.pdf,en,1,5,Local cover or explicit delivery statement; external metadata where recorded,Prepared/as-delivered status varies; no systematic video verification
2024_russian-federation,2024,RUS,local PDF,data/UNGA79_General_Debate_2024_statements/UNGA79_General_Debate_2024/russian-federation__ru_ru.pdf,a0d743b6e8e9d31446b1affe75c88002ba8f0805b4a350324ffd3f91e270c3b0,https://gadebate.un.org/sites/default/files/gastatements/79/ru_ru.pdf,ru,1,9,Local cover or explicit delivery statement; external metadata where recorded,Prepared/as-delivered status varies; no systematic video verification
2024_rwanda,2024,RWA,local PDF,data/UNGA79_General_Debate_2024_statements/UNGA79_General_Debate_2024/rwanda__rw_en.pdf,1f6f442ea2c93338d502e62fc612c83575020d5fb9da2b4aabd2f29b38813926,https://gadebate.un.org/sites/default/files/gastatements/79/rw_en.pdf,en,1,8,Local cover or explicit delivery statement; external metadata where recorded,Prepared/as-delivered status varies; no systematic video verification
2024_saint-kitts-and-nevis,2024,KNA,local PDF,data/UNGA79_General_Debate_2024_statements/UNGA79_General_Debate_2024/saint-kitts-and-nevis__kn_en.pdf,fee349ee2fbf478d5fdf49c62a98ffd9b4fb45942d387f67e3c0d9733b7d8868,https://gadebate.un.org/sites/default/files/gastatements/79/kn_en.pdf,en,1,10,Local cover or explicit delivery statement; external metadata where recorded,Prepared/as-delivered status varies; no systematic video verification
2024_saint-lucia,2024,LCA,local PDF,data/UNGA79_General_Debate_2024_statements/UNGA79_General_Debate_2024/saint-lucia__lc_en.pdf,79e4d7f10c01dd3aa384ce7cf3173de14df849beae4ab94de8d033528a6b157a,https://gadebate.un.org/sites/default/files/gastatements/79/lc_en.pdf,en,1,7,Local cover or explicit delivery statement; external metadata where recorded,Prepared/as-delivered status varies; no systematic video verification
2024_saint-vincent-and-grenadines,2024,VCT,local PDF,data/UNGA79_General_Debate_2024_statements/UNGA79_General_Debate_2024/saint-vincent-and-grenadines__vc_en.pdf,0be75549c1bcd809cafd79be678b2c756a7534f88cf7b8bad210e8f3f14a04f3,https://gadebate.un.org/sites/default/files/gastatements/79/vc_en.pdf,en,1,15,Local cover or explicit delivery statement; external metadata where recorded,Prepared/as-delivered status varies; no systematic video verification
2024_samoa,2024,WSM,local PDF,data/UNGA79_General_Debate_2024_statements/UNGA79_General_Debate_2024/samoa__ws_en.pdf,802e6c6be9d4336f610a4eb27d70f4ea09f4bd2de9eaa6061a2e5697a941c332,https://gadebate.un.org/sites/default/files/gastatements/79/ws_en.pdf,en,1,5,Local cover or explicit delivery statement; external metadata where recorded,Prepared/as-delivered status varies; no systematic video verification
2024_san-marino,2024,SMR,local PDF,data/UNGA79_General_Debate_2024_statements/UNGA79_General_Debate_2024/san-marino__sm_en.pdf,e7581242fa958c45e8591829bd1b70db5cb23cb74dce0fdba81518a5f918a396,https://gadebate.un.org/sites/default/files/gastatements/79/sm_en.pdf,en,1,16,Local cover or explicit delivery statement; external metadata where recorded,Prepared/as-delivered status varies; no systematic video verification
2024_sao-tome-and-principe,2024,STP,local PDF,data/UNGA79_General_Debate_2024_statements/UNGA79_General_Debate_2024/sao-tome-and-principe__st_fr.pdf,539d2010f3883af36f9ae238bb7c9f638a3c77c3799ae52c10c02a3369ea0957,https://gadebate.un.org/sites/default/files/gastatements/79/st_fr.pdf,fr,1,15,Local cover or explicit delivery statement; external metadata where recorded,Prepared/as-delivered status varies; no systematic video verification
2024_saudi-arabia,2024,SAU,local PDF,data/UNGA79_General_Debate_2024_statements/UNGA79_General_Debate_2024/saudi-arabia__sa_ar.pdf,6d17fcaf8b3c597ad8902332070c2720df8598ee9e6f53a144b5b3a691e2a8ec,https://gadebate.un.org/sites/default/files/gastatements/79/sa_ar.pdf,ar,1,20,Local cover or explicit delivery statement; external metadata where recorded,Prepared/as-delivered status varies; no systematic video verification
2024_senegal,2024,SEN,local PDF,data/UNGA79_General_Debate_2024_statements/UNGA79_General_Debate_2024/senegal__sn_fr.pdf,828678abf96fb0da2a04639e554ecfbdfd5f1dbaa3354daa6aceb1b42fd44b73,https://gadebate.un.org/sites/default/files/gastatements/79/sn_fr.pdf,fr,1,15,Local cover or explicit delivery statement; external metadata where recorded,Prepared/as-delivered status varies; no systematic video verification
2024_serbia,2024,SRB,local PDF,data/UNGA79_General_Debate_2024_statements/UNGA79_General_Debate_2024/serbia__rs_en_0.pdf,a36f50d5c6a416e7e1531000059372f1356ca864fd311ada4bb91dcee4087e8b,https://gadebate.un.org/sites/default/files/gastatements/79/rs_en_0.pdf,en,1,6,Local cover or explicit delivery statement; external metadata where recorded,Prepared/as-delivered status varies; no systematic video verification
2024_seychelles,2024,SYC,local PDF,data/UNGA79_General_Debate_2024_statements/UNGA79_General_Debate_2024/seychelles__sc_en.pdf,0f3056e71c4749553c70dd8f39e49cdcc84fb666c7322553f803bcb906ef310d,https://gadebate.un.org/sites/default/files/gastatements/79/sc_en.pdf,en,1,21,Local cover or explicit delivery statement; external metadata where recorded,Prepared/as-delivered status varies; no systematic video verification
2024_sierra-leone,2024,SLE,local PDF,data/UNGA79_General_Debate_2024_statements/UNGA79_General_Debate_2024/sierra-leone__sl_en.pdf,532f4aec4b19eece2b390a0d699259c93fdd58b9eea6073cbb7881f7474517ed,https://gadebate.un.org/sites/default/files/gastatements/79/sl_en.pdf,en,1,32,Local cover or explicit delivery statement; external metadata where recorded,Prepared/as-delivered status varies; no systematic video verification
2024_singapore,2024,SGP,local PDF,data/UNGA79_General_Debate_2024_statements/UNGA79_General_Debate_2024/singapore__sg_en.pdf,617170c21dc4db7652196c0fa3569a2ae65642a6c15249d50f4b8152f56e4c13,https://gadebate.un.org/sites/default/files/gastatements/79/sg_en.pdf,en,1,8,Local cover or explicit delivery statement; external metadata where recorded,Prepared/as-delivered status varies; no systematic video verification
2024_slovakia,2024,SVK,local PDF,data/UNGA79_General_Debate_2024_statements/UNGA79_General_Debate_2024/slovakia__sk_en.pdf,b421771cf777977aac3104f8e126b0dc3a0d1d07066961fb6431e2bd43032fad,https://gadebate.un.org/sites/default/files/gastatements/79/sk_en.pdf,en,1,11,Local cover or explicit delivery statement; external metadata where recorded,Prepared/as-delivered status varies; no systematic video verification
2024_slovenia,2024,SVN,local PDF,data/UNGA79_General_Debate_2024_statements/UNGA79_General_Debate_2024/slovenia__si_en.pdf,07d8f9cb0e7e02c8059138188660970c360ad0db3b4f38f983d0162673f8fcab,https://gadebate.un.org/sites/default/files/gastatements/79/si_en.pdf,en,1,10,Local cover or explicit delivery statement; external metadata where recorded,Prepared/as-delivered status varies; no systematic video verification
2024_solomon-islands,2024,SLB,local PDF,data/UNGA79_General_Debate_2024_statements/UNGA79_General_Debate_2024/solomon-islands__sb_en.pdf,728c765395514af56e91615b6f0da2ec63026361f064b0928ff44225865c2932,https://gadebate.un.org/sites/default/files/gastatements/79/sb_en.pdf,en,1,12,Local cover or explicit delivery statement; external metadata where recorded,Prepared/as-delivered status varies; no systematic video verification
2024_somalia,2024,SOM,local PDF,data/UNGA79_General_Debate_2024_statements/UNGA79_General_Debate_2024/somalia__so_en.pdf,8174771ad95989df960bb7e308d6d103faf9cf2f84af277f8e3ac6c10ecc043e,https://gadebate.un.org/sites/default/files/gastatements/79/so_en.pdf,en,1,7,Local cover or explicit delivery statement; external metadata where recorded,Prepared/as-delivered status varies; no systematic video verification
2024_south-africa,2024,ZAF,local PDF,data/UNGA79_General_Debate_2024_statements/UNGA79_General_Debate_2024/south-africa__za_en.pdf,412600585778cfac8bc8eeb08f49448f05a3497956f338014fa3506bc4fb7f18,https://gadebate.un.org/sites/default/files/gastatements/79/za_en.pdf,en,1,8,Local cover or explicit delivery statement; external metadata where recorded,Prepared/as-delivered status varies; no systematic video verification
2024_south-sudan,2024,SSD,local PDF,data/UNGA79_General_Debate_2024_statements/UNGA79_General_Debate_2024/south-sudan__ss_en.pdf,f0184991ce4c79f394dde030bc0e95b639a99670a48e091eb5e6c9ef4ec4d2aa,https://gadebate.un.org/sites/default/files/gastatements/79/ss_en.pdf,en,1,6,Local cover or explicit delivery statement; external metadata where recorded,Prepared/as-delivered status varies; no systematic video verification
2024_spain,2024,ESP,local PDF,data/UNGA79_General_Debate_2024_statements/UNGA79_General_Debate_2024/spain__es_es.pdf,8e9d25f9461de80cd26ccc2fba6ff769c28f4197f19cde29dc0f2f4f242662ae,https://gadebate.un.org/sites/default/files/gastatements/79/es_es.pdf,es,1,10,Local cover or explicit delivery statement; external metadata where recorded,Prepared/as-delivered status varies; no systematic video verification
2024_sri-lanka,2024,LKA,local PDF,data/UNGA79_General_Debate_2024_statements/UNGA79_General_Debate_2024/sri-lanka__lk_en.pdf,e6a0aab5c1cc271578e5e3f7154f5bd679296caf9af87cbfa71dfc64e3ca0e4f,https://gadebate.un.org/sites/default/files/gastatements/79/lk_en.pdf,en,1,9,Local cover or explicit delivery statement; external metadata where recorded,Prepared/as-delivered status varies; no systematic video verification
2024_sudan,2024,SDN,local PDF,data/UNGA79_General_Debate_2024_statements/UNGA79_General_Debate_2024/sudan__sd_ar.pdf,85c9201e9fe87086c7d3e4f4a6f32e2e52b102e28cd23aad738b0875e50e405f,https://gadebate.un.org/sites/default/files/gastatements/79/sd_ar.pdf,ar,1,20,Local cover or explicit delivery statement; external metadata where recorded,Prepared/as-delivered status varies; no systematic video verification
2024_suriname,2024,SUR,local PDF,data/UNGA79_General_Debate_2024_statements/UNGA79_General_Debate_2024/suriname__sr_en.pdf,f7f9d1168054e008c8cdb77be2627a4b6d7c34fc02b06bfd24c0f2494a2b6d6c,https://gadebate.un.org/sites/default/files/gastatements/79/sr_en.pdf,en,1,16,Local cover or explicit delivery statement; external metadata where recorded,Prepared/as-delivered status varies; no systematic video verification
2024_sweden,2024,SWE,local PDF,data/UNGA79_General_Debate_2024_statements/UNGA79_General_Debate_2024/sweden__se_en.pdf,e773802e1fd2f414bca5f852dcc47ad9f4454ab9c33d20dad41ffc78c30b1dd4,https://gadebate.un.org/sites/default/files/gastatements/79/se_en.pdf,en,1,15,Local cover or explicit delivery statement; external metadata where recorded,Prepared/as-delivered status varies; no systematic video verification
2024_switzerland,2024,CHE,local PDF,data/UNGA79_General_Debate_2024_statements/UNGA79_General_Debate_2024/switzerland__ch_en.pdf,ad0b9614c4c4d87f95de0dd6b3eb8c18476ce2a28e00e833f425396c72318301,https://gadebate.un.org/sites/default/files/gastatements/79/ch_en.pdf,en,1,5,Local cover or explicit delivery statement; external metadata where recorded,Prepared/as-delivered status varies; no systematic video verification
2024_syrian-arab-republic,2024,SYR,local PDF,data/UNGA79_General_Debate_2024_statements/UNGA79_General_Debate_2024/syrian-arab-republic__sy_en.pdf,22f0c673f77a840981f6b830e52bac9a2ab1b7c8d1510fe9f8f20269aabc51ed,https://gadebate.un.org/sites/default/files/gastatements/79/sy_en.pdf,en,1,9,Local cover or explicit delivery statement; external metadata where recorded,Prepared/as-delivered status varies; no systematic video verification
2024_tajikistan,2024,TJK,local PDF,data/UNGA79_General_Debate_2024_statements/UNGA79_General_Debate_2024/tajikistan__tj_en.pdf,35b96aaf4a0f0304134d99404eacd38fbf2937296fa4a2e9df814bc43d2aaafb,https://gadebate.un.org/sites/default/files/gastatements/79/tj_en.pdf,en,1,6,Local cover or explicit delivery statement; external metadata where recorded,Prepared/as-delivered status varies; no systematic video verification
2024_thailand,2024,THA,local PDF,data/UNGA79_General_Debate_2024_statements/UNGA79_General_Debate_2024/thailand__th_en.pdf,89f0b7f1b1233c8c33cd2e07c8e995e842174f5cb87ffc00bdad784610e5fcab,https://gadebate.un.org/sites/default/files/gastatements/79/th_en.pdf,en,1,8,Local cover or explicit delivery statement; external metadata where recorded,Prepared/as-delivered status varies; no systematic video verification
2024_timor-leste,2024,TLS,local PDF,data/UNGA79_General_Debate_2024_statements/UNGA79_General_Debate_2024/timor-leste__tl_en.pdf,2900c58dcb85444604a70ba3c4ed8abfbe2091da6828f4111ecd3aec0c4a5216,https://gadebate.un.org/sites/default/files/gastatements/79/tl_en.pdf,en,1,8,Local cover or explicit delivery statement; external metadata where recorded,Prepared/as-delivered status varies; no systematic video verification
2024_togo,2024,TGO,local PDF,data/UNGA79_General_Debate_2024_statements/UNGA79_General_Debate_2024/togo__tg_fr.pdf,462e799e99dffae6a8f670beb75685eb5592d4856d74aeb20c4c9b0dcf0c40df,https://gadebate.un.org/sites/default/files/gastatements/79/tg_fr.pdf,fr,1,6,Local cover or explicit delivery statement; external metadata where recorded,Prepared/as-delivered status varies; no systematic video verification
2024_tonga,2024,TON,local PDF,data/UNGA79_General_Debate_2024_statements/UNGA79_General_Debate_2024/tonga__to_en.pdf,4f013d3896d1020b120c839d57304070fae33ebfa1626bb38e2fae6b36edd26c,https://gadebate.un.org/sites/default/files/gastatements/79/to_en.pdf,en,1,11,Local cover or explicit delivery statement; external metadata where recorded,Prepared/as-delivered status varies; no systematic video verification
2024_trinidad-and-tobago,2024,TTO,local PDF,data/UNGA79_General_Debate_2024_statements/UNGA79_General_Debate_2024/trinidad-and-tobago__tt_en.pdf,93789b1ad86f0f4e03dcc9d5db7071f84d32f64aa223c5b669e97e362d0bf038,https://gadebate.un.org/sites/default/files/gastatements/79/tt_en.pdf,en,1,18,Local cover or explicit delivery statement; external metadata where recorded,Prepared/as-delivered status varies; no systematic video verification
2024_tunisia,2024,TUN,local PDF,data/UNGA79_General_Debate_2024_statements/UNGA79_General_Debate_2024/tunisia__tn_ar.pdf,cae4f399e4be4347f222974a0989a1f374889230331af68b0e5a7cd50ac80e58,https://gadebate.un.org/sites/default/files/gastatements/79/tn_ar.pdf,ar,1,17,Local cover or explicit delivery statement; external metadata where recorded,Prepared/as-delivered status varies; no systematic video verification
2024_turkiye,2024,TUR,local PDF,data/UNGA79_General_Debate_2024_statements/UNGA79_General_Debate_2024/turkiye__tr_en.pdf,63c2ebd0d583ed37541f83e30be5f00c0520bd2646ec3b08243bb6da07356f71,https://gadebate.un.org/sites/default/files/gastatements/79/tr_en.pdf,en,1,7,Local cover or explicit delivery statement; external metadata where recorded,Prepared/as-delivered status varies; no systematic video verification
2024_turkmenistan,2024,TKM,local PDF,data/UNGA79_General_Debate_2024_statements/UNGA79_General_Debate_2024/turkmenistan__tm_en.pdf,b870be65f21d0ba2b67a06f41d7e57c76510a9223c438ef7c774b70c316438a2,https://gadebate.un.org/sites/default/files/gastatements/79/tm_en.pdf,en,1,9,Local cover or explicit delivery statement; external metadata where recorded,Prepared/as-delivered status varies; no systematic video verification
2024_tuvalu,2024,TUV,local PDF,data/UNGA79_General_Debate_2024_statements/UNGA79_General_Debate_2024/tuvalu__tv_en.pdf,60352db769b6985b8e2cd27e0e5c3fe9265ada11bb129a276f6b316d2166393f,https://gadebate.un.org/sites/default/files/gastatements/79/tv_en.pdf,en,1,14,Local cover or explicit delivery statement; external metadata where recorded,Prepared/as-delivered status varies; no systematic video verification
2024_uganda,2024,UGA,local PDF,data/UNGA79_General_Debate_2024_statements/UNGA79_General_Debate_2024/uganda__ug_en.pdf,123d10d4d1542d5f0e6b51dd96a42e3220723d04934d6de75b501751e16d7cf8,https://gadebate.un.org/sites/default/files/gastatements/79/ug_en.pdf,en,1,13,Local cover or explicit delivery statement; external metadata where recorded,Prepared/as-delivered status varies; no systematic video verification
2024_ukraine,2024,UKR,local PDF,data/UNGA79_General_Debate_2024_statements/UNGA79_General_Debate_2024/ukraine__ua_en.pdf,72ce8f027b5d40161403c567217ecbc7623299ee564b5fe712cad31d8893692b,https://gadebate.un.org/sites/default/files/gastatements/79/ua_en.pdf,en,1,4,Local cover or explicit delivery statement; external metadata where recorded,Prepared/as-delivered status varies; no systematic video verification
2024_united-arab-emirates,2024,ARE,local PDF,data/UNGA79_General_Debate_2024_statements/UNGA79_General_Debate_2024/united-arab-emirates__ae_en.pdf,2697866529f7e23ff5551946c0cc9df10cc61fa066b07bc173dd8aaf698adc49,https://gadebate.un.org/sites/default/files/gastatements/79/ae_en.pdf,en,1,8,Local cover or explicit delivery statement; external metadata where recorded,Prepared/as-delivered status varies; no systematic video verification
2024_united-kingdom-great-britain-and-northern-ireland,2024,GBR,local PDF,data/UNGA79_General_Debate_2024_statements/UNGA79_General_Debate_2024/united-kingdom-great-britain-and-northern-ireland__gb_en.pdf,4b6242677e30bbd9e76c4935c1eb5d29a479ee45a43ec549b943b61c6fae77d0,https://gadebate.un.org/sites/default/files/gastatements/79/gb_en.pdf,en,1,25,Local cover or explicit delivery statement; external metadata where recorded,Prepared/as-delivered status varies; no systematic video verification
2024_united-republic-tanzania,2024,TZA,local PDF,data/UNGA79_General_Debate_2024_statements/UNGA79_General_Debate_2024/united-republic-tanzania__tz_en.pdf,1fc902b6eb01dbc7ee3adbf2628ab706268edb5ff46a6093a73a9c783cc57b9f,https://gadebate.un.org/sites/default/files/gastatements/79/tz_en.pdf,en,1,8,Local cover or explicit delivery statement; external metadata where recorded,Prepared/as-delivered status varies; no systematic video verification
2024_united-states-america,2024,USA,local PDF,data/UNGA79_General_Debate_2024_statements/UNGA79_General_Debate_2024/united-states-america__us_en.pdf,89ba86a3efd3d00b54d428f8754fd020acf1ba279f0e1e8bb732705b54df0ae7,https://gadebate.un.org/sites/default/files/gastatements/79/us_en.pdf,en,1,10,Local cover or explicit delivery statement; external metadata where recorded,Prepared/as-delivered status varies; no systematic video verification
2024_uzbekistan,2024,UZB,local PDF,data/UNGA79_General_Debate_2024_statements/UNGA79_General_Debate_2024/uzbekistan__uz_en.pdf,fd95b318c21dcdbb962268352f2bc5a067445945b7e324299e0ee22634cc5808,https://gadebate.un.org/sites/default/files/gastatements/79/uz_en.pdf,en,1,7,Local cover or explicit delivery statement; external metadata where recorded,Prepared/as-delivered status varies; no systematic video verification
2024_vanuatu,2024,VUT,local PDF,data/UNGA79_General_Debate_2024_statements/UNGA79_General_Debate_2024/vanuatu__vu_en.pdf,7f3216b84ee5d972e578830da3f25fae658c7f942e06420bba8155e9570c92ea,https://gadebate.un.org/sites/default/files/gastatements/79/vu_en.pdf,en,1,15,Local cover or explicit delivery statement; external metadata where recorded,Prepared/as-delivered status varies; no systematic video verification
2024_venezuela-bolivarian-republic,2024,VEN,local PDF,data/UNGA79_General_Debate_2024_statements/UNGA79_General_Debate_2024/venezuela-bolivarian-republic__ve_en.pdf,42a66e3d414bf6d2d6aea8e0fe1697c23c2fbf19d471ed78f75847d49078f403,https://gadebate.un.org/sites/default/files/gastatements/79/ve_en.pdf,en,1,9,Local cover or explicit delivery statement; external metadata where recorded,Prepared/as-delivered status varies; no systematic video verification
2024_viet-nam,2024,VNM,local PDF,data/UNGA79_General_Debate_2024_statements/UNGA79_General_Debate_2024/viet-nam__vn_en.pdf,764316c2d319d778bd2bba1b581680ce12533390c94dcff31f969440b8c8581f,https://gadebate.un.org/sites/default/files/gastatements/79/vn_en.pdf,en,1,4,Local cover or explicit delivery statement; external metadata where recorded,Prepared/as-delivered status varies; no systematic video verification
2024_yemen,2024,YEM,local PDF,data/UNGA79_General_Debate_2024_statements/UNGA79_General_Debate_2024/yemen__ye_ar.pdf,d10b1dd655806511d018f644a5280654bd81a155a3b58f8b6c524844339e4d53,https://gadebate.un.org/sites/default/files/gastatements/79/ye_ar.pdf,ar,1,11,Local cover or explicit delivery statement; external metadata where recorded,Prepared/as-delivered status varies; no systematic video verification
2024_zambia,2024,ZMB,local PDF,data/UNGA79_General_Debate_2024_statements/UNGA79_General_Debate_2024/zambia__zm_en.pdf,e7f4e51d6718a9120c234cbb1e714e10daaa709eacbd651aa2ea6903190c1b6f,https://gadebate.un.org/sites/default/files/gastatements/79/zm_en.pdf,en,1,10,Local cover or explicit delivery statement; external metadata where recorded,Prepared/as-delivered status varies; no systematic video verification
2024_zimbabwe,2024,ZWE,local PDF,data/UNGA79_General_Debate_2024_statements/UNGA79_General_Debate_2024/zimbabwe__zw_en_0.pdf,649618c625d8eb843e776c91726e1a8be9f7480732a8e88f8416ca5492de052d,https://gadebate.un.org/sites/default/files/gastatements/79/zw_en_0.pdf,en,1,13,Local cover or explicit delivery statement; external metadata where recorded,Prepared/as-delivered status varies; no systematic video verification
2025_albania,2025,ALB,local PDF,data/UNGA80_General_Debate_2025_statements/UNGA80_General_Debate_2025/albania__al_en.pdf,0e4e41677b73c50117d42df944bea89531d1d039abb57eb996546dfc118b4219,https://gadebate.un.org/sites/default/files/gastatements/80/al_en.pdf,en,1,11,Local cover or explicit delivery statement; external metadata where recorded,Prepared/as-delivered status varies; no systematic video verification
2025_algeria,2025,DZA,local PDF,data/UNGA80_General_Debate_2025_statements/UNGA80_General_Debate_2025/algeria__dz_ar.pdf,337f43ab2fc2156b71e2403378fd10710256204618b8f14c1a453f7749ccb87b,https://gadebate.un.org/sites/default/files/gastatements/80/dz_ar.pdf,ar,1,9,Local cover or explicit delivery statement; external metadata where recorded,Prepared/as-delivered status varies; no systematic video verification
2025_andorra,2025,AND,local PDF,data/UNGA80_General_Debate_2025_statements/UNGA80_General_Debate_2025/andorra__ad_en.pdf,a225bab8b49c08e4367947e6d7e5633d4acd6e08a5c0c6fdbd3a929488f63cbe,https://gadebate.un.org/sites/default/files/gastatements/80/ad_en.pdf,en,1,6,Local cover or explicit delivery statement; external metadata where recorded,Prepared/as-delivered status varies; no systematic video verification
2025_angola,2025,AGO,local PDF,data/UNGA80_General_Debate_2025_statements/UNGA80_General_Debate_2025/angola__ao_en.pdf,ff500566988ab01078938acf05fa48616fd30acc53655b4b33f2bb1be08dd727,https://gadebate.un.org/sites/default/files/gastatements/80/ao_en.pdf,en,1,10,Local cover or explicit delivery statement; external metadata where recorded,Prepared/as-delivered status varies; no systematic video verification
2025_antigua-and-barbuda,2025,ATG,local PDF,data/UNGA80_General_Debate_2025_statements/UNGA80_General_Debate_2025/antigua-and-barbuda__ag_en.pdf,0d7f465c860579941f531932577458b30f8fc89549f9fc845be22a1735f5016b,https://gadebate.un.org/sites/default/files/gastatements/80/ag_en.pdf,en,1,12,Local cover or explicit delivery statement; external metadata where recorded,Prepared/as-delivered status varies; no systematic video verification
2025_argentina,2025,ARG,local PDF,data/UNGA80_General_Debate_2025_statements/UNGA80_General_Debate_2025/argentina__ar_es.pdf,afad08ca5dcd2869aff11e4d5c298424b548970298ab66739f4d36479977da74,https://gadebate.un.org/sites/default/files/gastatements/80/ar_es.pdf,es,1,9,Local cover or explicit delivery statement; external metadata where recorded,Prepared/as-delivered status varies; no systematic video verification
2025_armenia,2025,ARM,local PDF,data/UNGA80_General_Debate_2025_statements/UNGA80_General_Debate_2025/armenia__am_hy.pdf,a733b629f82066f1e08882e5b0000b1787db713e549dbc8e828025946e76d42f,https://gadebate.un.org/sites/default/files/gastatements/80/am_hy.pdf,hy,1,20,Local cover or explicit delivery statement; external metadata where recorded,Prepared/as-delivered status varies; no systematic video verification
2025_australia,2025,AUS,local PDF,data/UNGA80_General_Debate_2025_statements/UNGA80_General_Debate_2025/australia__au_en.pdf,4a3116c3149e821d5d45439ef73547e793336f49e9aca9f127277f4e9fbff85d,https://gadebate.un.org/sites/default/files/gastatements/80/au_en.pdf,en,1,5,Local cover or explicit delivery statement; external metadata where recorded,Prepared/as-delivered status varies; no systematic video verification
2025_austria,2025,AUT,local PDF,data/UNGA80_General_Debate_2025_statements/UNGA80_General_Debate_2025/austria__at_en.pdf,68522dd71de12ba30ecc72a9abf877023364399cbdd37e7817f214fa8a15b08a,https://gadebate.un.org/sites/default/files/gastatements/80/at_en.pdf,en,1,3,Local cover or explicit delivery statement; external metadata where recorded,Prepared/as-delivered status varies; no systematic video verification
2025_azerbaijan,2025,AZE,local PDF,data/UNGA80_General_Debate_2025_statements/UNGA80_General_Debate_2025/azerbaijan__az_en.pdf,170ca4d14427560525f3d6b7a46e141a52397c6e606789c1a31ec8ea1502c3f9,https://gadebate.un.org/sites/default/files/gastatements/80/az_en.pdf,en,1,7,Local cover or explicit delivery statement; external metadata where recorded,Prepared/as-delivered status varies; no systematic video verification
2025_bahamas,2025,BHS,local PDF,data/UNGA80_General_Debate_2025_statements/UNGA80_General_Debate_2025/bahamas__bs_en.pdf,ee242e842730117eb7ac6155404faad46ecac7a0b84462b2572c5f3ee64d01d7,https://gadebate.un.org/sites/default/files/gastatements/80/bs_en.pdf,en,1,30,Local cover or explicit delivery statement; external metadata where recorded,Prepared/as-delivered status varies; no systematic video verification
2025_bahrain,2025,BHR,local PDF,data/UNGA80_General_Debate_2025_statements/UNGA80_General_Debate_2025/bahrain__bh_en.pdf,be70568684f4f58893f4c1f039b2d6c992a38e848d72b748e94de0274645cc4e,https://gadebate.un.org/sites/default/files/gastatements/80/bh_en.pdf,en,1,5,Local cover or explicit delivery statement; external metadata where recorded,Prepared/as-delivered status varies; no systematic video verification
2025_bangladesh,2025,BGD,local PDF,data/UNGA80_General_Debate_2025_statements/UNGA80_General_Debate_2025/bangladesh__bd_fl.pdf,bf1b1ea96e377f384b92c5af1075cdada1334d3af0dc8239aba6fd83458bfa11,https://gadebate.un.org/sites/default/files/gastatements/80/bd_fl.pdf,fl,1,20,Local cover or explicit delivery statement; external metadata where recorded,Prepared/as-delivered status varies; no systematic video verification
2025_barbados,2025,BRB,local PDF,data/UNGA80_General_Debate_2025_statements/UNGA80_General_Debate_2025/barbados__bb_en.pdf,4d1dbfeb4f66d07b00a4060c648ff5889a5765202050b4b8cddd654f5c755f33,https://gadebate.un.org/sites/default/files/gastatements/80/bb_en.pdf,en,1,20,Local cover or explicit delivery statement; external metadata where recorded,Prepared/as-delivered status varies; no systematic video verification
2025_belarus,2025,BLR,local PDF,data/UNGA80_General_Debate_2025_statements/UNGA80_General_Debate_2025/belarus__by_ru.pdf,9625dd153872207d3b7b565f503ca46dc3929ddbc9922c0ab31c7c7c81f64460,https://gadebate.un.org/sites/default/files/gastatements/80/by_ru.pdf,ru,1,12,Local cover or explicit delivery statement; external metadata where recorded,Prepared/as-delivered status varies; no systematic video verification
2025_belgium,2025,BEL,local PDF,data/UNGA80_General_Debate_2025_statements/UNGA80_General_Debate_2025/belgium__be_en.pdf,d96ac7be8e430900d602e68ebef64e1c6723755c7bf616e6fdb46c24fa736418,https://gadebate.un.org/sites/default/files/gastatements/80/be_en.pdf,en,1,6,Local cover or explicit delivery statement; external metadata where recorded,Prepared/as-delivered status varies; no systematic video verification
2025_belize,2025,BLZ,local PDF,data/UNGA80_General_Debate_2025_statements/UNGA80_General_Debate_2025/belize__bz_en.pdf,d0cf622b85014ff26db5d1c271998a92a61fcfb4d05694bb8056cc4c66454e67,https://gadebate.un.org/sites/default/files/gastatements/80/bz_en.pdf,en,1,15,Local cover or explicit delivery statement; external metadata where recorded,Prepared/as-delivered status varies; no systematic video verification
2025_benin,2025,BEN,local PDF,data/UNGA80_General_Debate_2025_statements/UNGA80_General_Debate_2025/benin__bj_fr.pdf,d1e06044201a265fa3fd46f24ab0de158e168f9a1f97d7236ce6b013560125bf,https://gadebate.un.org/sites/default/files/gastatements/80/bj_fr.pdf,fr,1,11,Local cover or explicit delivery statement; external metadata where recorded,Prepared/as-delivered status varies; no systematic video verification
2025_bhutan,2025,BTN,local PDF,data/UNGA80_General_Debate_2025_statements/UNGA80_General_Debate_2025/bhutan__bt_en.pdf,11a7a2ee64c492d769a0936eebae831015d5a677009e961634dd5fbcc82d2fb9,https://gadebate.un.org/sites/default/files/gastatements/80/bt_en.pdf,en,1,5,Local cover or explicit delivery statement; external metadata where recorded,Prepared/as-delivered status varies; no systematic video verification
2025_bosnia-and-herzegovina,2025,BIH,local PDF,data/UNGA80_General_Debate_2025_statements/UNGA80_General_Debate_2025/bosnia-and-herzegovina__ba_fl.pdf,eb80826e2201be87bbcb49fe6ec19fc0fd1246bc5422948745080873de1918c3,https://gadebate.un.org/sites/default/files/gastatements/80/ba_fl.pdf,fl,1,15,Local cover or explicit delivery statement; external metadata where recorded,Prepared/as-delivered status varies; no systematic video verification
2025_botswana,2025,BWA,local PDF,data/UNGA80_General_Debate_2025_statements/UNGA80_General_Debate_2025/botswana__bw_en.pdf,fd46c2ecaf3e2202b2358e593f953f3329baaec571809dbeb5896e8e6b53d9b3,https://gadebate.un.org/sites/default/files/gastatements/80/bw_en.pdf,en,1,9,Local cover or explicit delivery statement; external metadata where recorded,Prepared/as-delivered status varies; no systematic video verification
2025_brazil,2025,BRA,local PDF,data/UNGA80_General_Debate_2025_statements/UNGA80_General_Debate_2025/brazil__br_pt.pdf,b9a7b95440d600142536b9b4afc3842ce9e2d691f5bc1dc5d54605671e829f3d,https://gadebate.un.org/sites/default/files/gastatements/80/br_pt.pdf,pt,1,8,Local cover or explicit delivery statement; external metadata where recorded,Prepared/as-delivered status varies; no systematic video verification
2025_brunei-darussalam,2025,BRN,local PDF,data/UNGA80_General_Debate_2025_statements/UNGA80_General_Debate_2025/brunei-darussalam__bn_en.pdf,3fc51c5b58682a7a580fa660d5546b389f621e0a0258524ec6a7a88ad31ce042,https://gadebate.un.org/sites/default/files/gastatements/80/bn_en.pdf,en,1,9,Local cover or explicit delivery statement; external metadata where recorded,Prepared/as-delivered status varies; no systematic video verification
2025_bulgaria,2025,BGR,local PDF,data/UNGA80_General_Debate_2025_statements/UNGA80_General_Debate_2025/bulgaria__bg_en.pdf,67ddb7b1901185067d5c6cd120a6ad6fca5b13df1a97c9b5b697735f16dc0fa8,https://gadebate.un.org/sites/default/files/gastatements/80/bg_en.pdf,en,1,6,Local cover or explicit delivery statement; external metadata where recorded,Prepared/as-delivered status varies; no systematic video verification
2025_burkina-faso,2025,BFA,local PDF,data/UNGA80_General_Debate_2025_statements/UNGA80_General_Debate_2025/burkina-faso__bf_fr.pdf,6ed537be2f8b0915a96833dbe9fe02b5d0dfa5d8e1471740ca20a9dab525ce64,https://gadebate.un.org/sites/default/files/gastatements/80/bf_fr.pdf,fr,1,24,Local cover or explicit delivery statement; external metadata where recorded,Prepared/as-delivered status varies; no systematic video verification
2025_burundi,2025,BDI,local PDF,data/UNGA80_General_Debate_2025_statements/UNGA80_General_Debate_2025/burundi__bi_fr.pdf,9043fc280f3fd800fe31ea49d118cb0cfefbaf58b4390db4776723181f804462,https://gadebate.un.org/sites/default/files/gastatements/80/bi_fr.pdf,fr,1,7,Local cover or explicit delivery statement; external metadata where recorded,Prepared/as-delivered status varies; no systematic video verification
2025_cabo-verde,2025,CPV,local PDF,data/UNGA80_General_Debate_2025_statements/UNGA80_General_Debate_2025/cabo-verde__cv_en.pdf,66c62c8b67144d73829309be9899b9428479fb130e399af8048b3e7a24f7e4b9,https://gadebate.un.org/sites/default/files/gastatements/80/cv_en.pdf,en,1,5,Local cover or explicit delivery statement; external metadata where recorded,Prepared/as-delivered status varies; no systematic video verification
2025_cambodia,2025,KHM,local PDF,data/UNGA80_General_Debate_2025_statements/UNGA80_General_Debate_2025/cambodia__kh_fl.pdf,e2aca7d267a13bb43c78bbe3fe3d839c782c9ee4eb7b3527438465a22263bee5,https://gadebate.un.org/sites/default/files/gastatements/80/kh_fl.pdf,fl,1,8,Local cover or explicit delivery statement; external metadata where recorded,Prepared/as-delivered status varies; no systematic video verification
2025_cameroon,2025,CMR,local PDF,data/UNGA80_General_Debate_2025_statements/UNGA80_General_Debate_2025/cameroon__cm_fr.pdf,a66bee463954790fb91f6f6a730153e66dd3611a21656e48a3dede5e76cc8b78,https://gadebate.un.org/sites/default/files/gastatements/80/cm_fr.pdf,fr,1,9,Local cover or explicit delivery statement; external metadata where recorded,Prepared/as-delivered status varies; no systematic video verification
2025_central-african-republic,2025,CAF,local PDF,data/UNGA80_General_Debate_2025_statements/UNGA80_General_Debate_2025/central-african-republic__cf_fr.pdf,e3f30b424a16c09b7488bab41b9c7c7238f2908f06ca3420ccb4650368a908a7,https://gadebate.un.org/sites/default/files/gastatements/80/cf_fr.pdf,fr,1,12,Local cover or explicit delivery statement; external metadata where recorded,Prepared/as-delivered status varies; no systematic video verification
2025_chad,2025,TCD,local PDF,data/UNGA80_General_Debate_2025_statements/UNGA80_General_Debate_2025/chad__td_fr.pdf,93308851e13728945ea91ab7e6243260ea6545293c77bdffc883d27d80b17686,https://gadebate.un.org/sites/default/files/gastatements/80/td_fr.pdf,fr,1,22,Local cover or explicit delivery statement; external metadata where recorded,Prepared/as-delivered status varies; no systematic video verification
2025_chile,2025,CHL,local PDF,data/UNGA80_General_Debate_2025_statements/UNGA80_General_Debate_2025/chile__cl_es.pdf,ac50cbe40c84d8c0a2d49fd8e554c800c04b9947271b7529b3e9ab84bfc292a4,https://gadebate.un.org/sites/default/files/gastatements/80/cl_es.pdf,es,1,8,Local cover or explicit delivery statement; external metadata where recorded,Prepared/as-delivered status varies; no systematic video verification
2025_china,2025,CHN,local PDF,data/UNGA80_General_Debate_2025_statements/UNGA80_General_Debate_2025/china__cn_en.pdf,5053018117c7ef10f94743bb9c9f6ff82209b5c95f432e5d6437e7a93f0fa8ab,https://gadebate.un.org/sites/default/files/gastatements/80/cn_en.pdf,en,1,5,Local cover or explicit delivery statement; external metadata where recorded,Prepared/as-delivered status varies; no systematic video verification
2025_colombia,2025,COL,local PDF,data/UNGA80_General_Debate_2025_statements/UNGA80_General_Debate_2025/colombia__co_es.pdf,55349729867d294289cf918e1a41705eb7591448c1efc5453c8e4c9a1cb64b20,https://gadebate.un.org/sites/default/files/gastatements/80/co_es.pdf,es,1,27,Local cover or explicit delivery statement; external metadata where recorded,Prepared/as-delivered status varies; no systematic video verification
2025_comoros,2025,COM,local PDF,data/UNGA80_General_Debate_2025_statements/UNGA80_General_Debate_2025/comoros__km_fr.pdf,25ca1f4fdf3f4d3b893f7f8bc4ffa26d602276f96c343fb35deaee943b1929cc,https://gadebate.un.org/sites/default/files/gastatements/80/km_fr.pdf,fr,1,9,Local cover or explicit delivery statement; external metadata where recorded,Prepared/as-delivered status varies; no systematic video verification
2025_congo,2025,COG,local PDF,data/UNGA80_General_Debate_2025_statements/UNGA80_General_Debate_2025/congo__cg_fr.pdf,7d0f487371ff52542a7d46372ce74def4b78fc161df2daa7175c07259173aa79,https://gadebate.un.org/sites/default/files/gastatements/80/cg_fr.pdf,fr,1,18,Local cover or explicit delivery statement; external metadata where recorded,Prepared/as-delivered status varies; no systematic video verification
2025_costa-rica,2025,CRI,local PDF,data/UNGA80_General_Debate_2025_statements/UNGA80_General_Debate_2025/costa-rica__cr_fl.pdf,92059db66b4db3eb79a47f669a8284d56951d9881d26c6b71bad104979fee322,https://gadebate.un.org/sites/default/files/gastatements/80/cr_fl.pdf,fl,1,8,Local cover or explicit delivery statement; external metadata where recorded,Prepared/as-delivered status varies; no systematic video verification
2025_cote-divoire,2025,CIV,local PDF,data/UNGA80_General_Debate_2025_statements/UNGA80_General_Debate_2025/cote-divoire__ci_fr_0.pdf,d2e5127d91cbc5527fb696d19fa7e493b4c613ee0c638e002cfd0d0ef250dff2,https://gadebate.un.org/sites/default/files/gastatements/80/ci_fr_0.pdf,fr,1,8,Local cover or explicit delivery statement; external metadata where recorded,Prepared/as-delivered status varies; no systematic video verification
2025_croatia,2025,HRV,local PDF,data/UNGA80_General_Debate_2025_statements/UNGA80_General_Debate_2025/croatia__hr_en.pdf,82e2dc80b2e9364445fce0f4366384fdde3d816fddde9c6ba740bc384310b96b,https://gadebate.un.org/sites/default/files/gastatements/80/hr_en.pdf,en,1,10,Local cover or explicit delivery statement; external metadata where recorded,Prepared/as-delivered status varies; no systematic video verification
2025_cuba,2025,CUB,local PDF,data/UNGA80_General_Debate_2025_statements/UNGA80_General_Debate_2025/cuba__cu_en.pdf,6d82587132404ac71fe1fb21b6f1959e809321256c0db4a9eaf91d1ce32ad99c,https://gadebate.un.org/sites/default/files/gastatements/80/cu_en.pdf,en,1,9,Local cover or explicit delivery statement; external metadata where recorded,Prepared/as-delivered status varies; no systematic video verification
2025_cyprus,2025,CYP,local PDF,data/UNGA80_General_Debate_2025_statements/UNGA80_General_Debate_2025/cyprus__cy_en.pdf,c85412fdbf47c26e2b66d1375630701af7770e21914a04b9f4650b81559749db,https://gadebate.un.org/sites/default/files/gastatements/80/cy_en.pdf,en,1,9,Local cover or explicit delivery statement; external metadata where recorded,Prepared/as-delivered status varies; no systematic video verification
2025_czechia,2025,CZE,local PDF,data/UNGA80_General_Debate_2025_statements/UNGA80_General_Debate_2025/czechia__cz_en.pdf,d49e4a8ebf326becb15fb96011aa797bee6e2e93e493507b5dbf7f97872a586a,https://gadebate.un.org/sites/default/files/gastatements/80/cz_en.pdf,en,1,4,Local cover or explicit delivery statement; external metadata where recorded,Prepared/as-delivered status varies; no systematic video verification
2025_democratic-peoples-republic-korea,2025,PRK,local PDF,data/UNGA80_General_Debate_2025_statements/UNGA80_General_Debate_2025/democratic-peoples-republic-korea__kp_en.pdf,cd25d2fde0c6a339bab5eeb1f6c8b2255787a185fb55e1fdd85ed9a94b048ddc,https://gadebate.un.org/sites/default/files/gastatements/80/kp_en.pdf,en,1,7,Local cover or explicit delivery statement; external metadata where recorded,Prepared/as-delivered status varies; no systematic video verification
2025_democratic-republic-congo,2025,COD,local PDF,data/UNGA80_General_Debate_2025_statements/UNGA80_General_Debate_2025/democratic-republic-congo__cd_fr.pdf,5811d9b19beaae847d3ea74f0ba6b02aea53ca7f7ad2e13fdceb45556854b5ba,https://gadebate.un.org/sites/default/files/gastatements/80/cd_fr.pdf,fr,1,16,Local cover or explicit delivery statement; external metadata where recorded,Prepared/as-delivered status varies; no systematic video verification
2025_denmark,2025,DNK,local PDF,data/UNGA80_General_Debate_2025_statements/UNGA80_General_Debate_2025/denmark__dk_en.pdf,0c6fe475a485ac0427555dde4f2b46831da6f697d8db24937dd3c5073961adc3,https://gadebate.un.org/sites/default/files/gastatements/80/dk_en.pdf,en,1,11,Local cover or explicit delivery statement; external metadata where recorded,Prepared/as-delivered status varies; no systematic video verification
2025_djibouti,2025,DJI,local PDF,data/UNGA80_General_Debate_2025_statements/UNGA80_General_Debate_2025/djibouti__dj_fr.pdf,272abfd552194c535e3d645bf249f23987ab51aec60e5021bbdf9ae27e6178c8,https://gadebate.un.org/sites/default/files/gastatements/80/dj_fr.pdf,fr,1,15,Local cover or explicit delivery statement; external metadata where recorded,Prepared/as-delivered status varies; no systematic video verification
2025_dominica,2025,DMA,local PDF,data/UNGA80_General_Debate_2025_statements/UNGA80_General_Debate_2025/dominica__dm_en.pdf,4829b8a3627571324753a8196897e3f1ed76796d5a7b0b5de00f5d75cd4c16ae,https://gadebate.un.org/sites/default/files/gastatements/80/dm_en.pdf,en,1,16,Local cover or explicit delivery statement; external metadata where recorded,Prepared/as-delivered status varies; no systematic video verification
2025_dominican-republic,2025,DOM,local PDF,data/UNGA80_General_Debate_2025_statements/UNGA80_General_Debate_2025/dominican-republic__do_es.pdf,581b10bf13f1905a54bc5278744bae9f7dbd30fa6005ce7719168dfc538c7569,https://gadebate.un.org/sites/default/files/gastatements/80/do_es.pdf,es,1,7,Local cover or explicit delivery statement; external metadata where recorded,Prepared/as-delivered status varies; no systematic video verification
2025_ecuador,2025,ECU,local PDF,data/UNGA80_General_Debate_2025_statements/UNGA80_General_Debate_2025/ecuador__ec_es_1.pdf,76602aca8161ee785ef447ad7207eeb0a06bdb0b48a6a77696c24310155d6709,https://gadebate.un.org/sites/default/files/gastatements/80/ec_es_1.pdf,es,1,8,Local cover or explicit delivery statement; external metadata where recorded,Prepared/as-delivered status varies; no systematic video verification
2025_egypt,2025,EGY,local PDF,data/UNGA80_General_Debate_2025_statements/UNGA80_General_Debate_2025/egypt__eg_ar.pdf,698ff3369aeada0aeaacb89c8a42502672208ec1bd7af37640dbf31df9be2f4b,https://gadebate.un.org/sites/default/files/gastatements/80/eg_ar.pdf,ar,1,6,Local cover or explicit delivery statement; external metadata where recorded,Prepared/as-delivered status varies; no systematic video verification
2025_equatorial-guinea,2025,GNQ,local PDF,data/UNGA80_General_Debate_2025_statements/UNGA80_General_Debate_2025/equatorial-guinea__gq_es.pdf,a241b5e3b8a8bf2b113ca72486010350b6157d03bee6be838368ed4b8ff76cd1,https://gadebate.un.org/sites/default/files/gastatements/80/gq_es.pdf,es,1,21,Local cover or explicit delivery statement; external metadata where recorded,Prepared/as-delivered status varies; no systematic video verification
2025_eritrea,2025,ERI,local PDF,data/UNGA80_General_Debate_2025_statements/UNGA80_General_Debate_2025/eritrea__er_en.pdf,4e6385b09214ede443596ac7dd0a9d17ea05a8a3ed761c4831d29e5c4358a24a,https://gadebate.un.org/sites/default/files/gastatements/80/er_en.pdf,en,1,5,Local cover or explicit delivery statement; external metadata where recorded,Prepared/as-delivered status varies; no systematic video verification
2025_estonia,2025,EST,local PDF,data/UNGA80_General_Debate_2025_statements/UNGA80_General_Debate_2025/estonia__ee_en.pdf,35dfcf35e61f0372321d7dec8799288e0af7ec93b176518565dc49b9b582eba2,https://gadebate.un.org/sites/default/files/gastatements/80/ee_en.pdf,en,1,8,Local cover or explicit delivery statement; external metadata where recorded,Prepared/as-delivered status varies; no systematic video verification
2025_eswatini,2025,SWZ,local PDF,data/UNGA80_General_Debate_2025_statements/UNGA80_General_Debate_2025/eswatini__sz_en.pdf,c3f0f4ae36f3188f7be60afd209f8c0b04b8d25a3f478e8763f90ea3bb87c64f,https://gadebate.un.org/sites/default/files/gastatements/80/sz_en.pdf,en,1,18,Local cover or explicit delivery statement; external metadata where recorded,Prepared/as-delivered status varies; no systematic video verification
2025_ethiopia,2025,ETH,local PDF,data/UNGA80_General_Debate_2025_statements/UNGA80_General_Debate_2025/ethiopia__et_en.pdf,4d62ceedcfb192ca265c63388afafede28c28ecaad1e91237bd2d1efd25ffd40,https://gadebate.un.org/sites/default/files/gastatements/80/et_en.pdf,en,1,8,Local cover or explicit delivery statement; external metadata where recorded,Prepared/as-delivered status varies; no systematic video verification
2025_fiji,2025,FJI,local PDF,data/UNGA80_General_Debate_2025_statements/UNGA80_General_Debate_2025/fiji__fj_en.pdf,763607e4786b581e074f240b3d12af1d6592dbe490f27f2480fb48aaf15dc09d,https://gadebate.un.org/sites/default/files/gastatements/80/fj_en.pdf,en,1,19,Local cover or explicit delivery statement; external metadata where recorded,Prepared/as-delivered status varies; no systematic video verification
2025_finland,2025,FIN,local PDF,data/UNGA80_General_Debate_2025_statements/UNGA80_General_Debate_2025/finland__fi_en.pdf,e629ff47ca8790a5292ae1c3d987b9854d6601589b9969dcaccea4096cdda7bf,https://gadebate.un.org/sites/default/files/gastatements/80/fi_en.pdf,en,1,5,Local cover or explicit delivery statement; external metadata where recorded,Prepared/as-delivered status varies; no systematic video verification
2025_france,2025,FRA,local PDF,data/UNGA80_General_Debate_2025_statements/UNGA80_General_Debate_2025/france__fr_fr.pdf,1aa226789a11aeecc761e5e3493eb1073ba5da2cdc28c3fea56174c1db2e01c5,https://gadebate.un.org/sites/default/files/gastatements/80/fr_fr.pdf,fr,1,6,Local cover or explicit delivery statement; external metadata where recorded,Prepared/as-delivered status varies; no systematic video verification
2025_gabon,2025,GAB,local PDF,data/UNGA80_General_Debate_2025_statements/UNGA80_General_Debate_2025/gabon__ga_fr.pdf,a6da413bde176d290507e080f83742f082f363dba6c05cf277851a518e52d978,https://gadebate.un.org/sites/default/files/gastatements/80/ga_fr.pdf,fr,1,12,Local cover or explicit delivery statement; external metadata where recorded,Prepared/as-delivered status varies; no systematic video verification
2025_gambia-republic,2025,GMB,local PDF,data/UNGA80_General_Debate_2025_statements/UNGA80_General_Debate_2025/gambia-republic__gm_en.pdf,984ce517f8cbf6fbdb7b402de745989e2e9d73983a0f0bfe91037885f7f1a394,https://gadebate.un.org/sites/default/files/gastatements/80/gm_en.pdf,en,1,26,Local cover or explicit delivery statement; external metadata where recorded,Prepared/as-delivered status varies; no systematic video verification
2025_georgia,2025,GEO,local PDF,data/UNGA80_General_Debate_2025_statements/UNGA80_General_Debate_2025/georgia__ge_en.pdf,ce663f09317560052a489c668cadd57eed6c50eb2f32299e7638f7b199ab0a21,https://gadebate.un.org/sites/default/files/gastatements/80/ge_en.pdf,en,1,5,Local cover or explicit delivery statement; external metadata where recorded,Prepared/as-delivered status varies; no systematic video verification
2025_germany,2025,DEU,local PDF,data/UNGA80_General_Debate_2025_statements/UNGA80_General_Debate_2025/germany__ge_en_0.pdf,574f9747a0fddfb17a79d1767b370897b3786dc12f9ed501eb14eb8fb5e235f5,https://gadebate.un.org/sites/default/files/gastatements/80/ge_en_0.pdf,en,1,17,Local cover or explicit delivery statement; external metadata where recorded,Prepared/as-delivered status varies; no systematic video verification
2025_ghana,2025,GHA,local PDF,data/UNGA80_General_Debate_2025_statements/UNGA80_General_Debate_2025/ghana__gh_en_0.pdf,2392ae7c247291cd9a02c7bdbcdd811522dad17bec8fe0b44abd4780302bf0b9,https://gadebate.un.org/sites/default/files/gastatements/80/gh_en_0.pdf,en,1,8,Local cover or explicit delivery statement; external metadata where recorded,Prepared/as-delivered status varies; no systematic video verification
2025_greece,2025,GRC,local PDF,data/UNGA80_General_Debate_2025_statements/UNGA80_General_Debate_2025/greece__gr_en.pdf,0bf8e69bf17afa10f8013fa821bfb2993aeacbd6f6b8773bff27924b34bf7217,https://gadebate.un.org/sites/default/files/gastatements/80/gr_en.pdf,en,1,17,Local cover or explicit delivery statement; external metadata where recorded,Prepared/as-delivered status varies; no systematic video verification
2025_grenada,2025,GRD,local PDF,data/UNGA80_General_Debate_2025_statements/UNGA80_General_Debate_2025/grenada__gd_en.pdf,25d25a57f8916d707b40247f4bcac7e12133f7a50528d0d0173372013bb3a379,https://gadebate.un.org/sites/default/files/gastatements/80/gd_en.pdf,en,1,13,Local cover or explicit delivery statement; external metadata where recorded,Prepared/as-delivered status varies; no systematic video verification
2025_guatemala,2025,GTM,local PDF,data/UNGA80_General_Debate_2025_statements/UNGA80_General_Debate_2025/guatemala__gt_es.pdf,f414623293e82f679b3c8084ef71bbd42e2a768eba19834a7c9ebacb430788f4,https://gadebate.un.org/sites/default/files/gastatements/80/gt_es.pdf,es,1,10,Local cover or explicit delivery statement; external metadata where recorded,Prepared/as-delivered status varies; no systematic video verification
2025_guinea,2025,GIN,local PDF,data/UNGA80_General_Debate_2025_statements/UNGA80_General_Debate_2025/guinea__gn_fr.pdf,eee788cafe442196e4f1817c638756075dc3ea06aa05c6021909325a96587975,https://gadebate.un.org/sites/default/files/gastatements/80/gn_fr.pdf,fr,1,8,Local cover or explicit delivery statement; external metadata where recorded,Prepared/as-delivered status varies; no systematic video verification
2025_guinea-bissau,2025,GNB,local PDF,data/UNGA80_General_Debate_2025_statements/UNGA80_General_Debate_2025/guinea-bissau__gw_en.pdf,7ceb298152e3f447a3b7991729e3ebbf6f925804b5e87439da82c38ecadb81c5,https://gadebate.un.org/sites/default/files/gastatements/80/gw_en.pdf,en,1,7,Local cover or explicit delivery statement; external metadata where recorded,Prepared/as-delivered status varies; no systematic video verification
2025_guyana,2025,GUY,local PDF,data/UNGA80_General_Debate_2025_statements/UNGA80_General_Debate_2025/guyana__gy_en.pdf,6478ac235125debe378edadcdb25ac0e91d46f6f7f467a6b7677e987fc2d4a9d,https://gadebate.un.org/sites/default/files/gastatements/80/gy_en.pdf,en,1,19,Local cover or explicit delivery statement; external metadata where recorded,Prepared/as-delivered status varies; no systematic video verification
2025_haiti,2025,HTI,local PDF,data/UNGA80_General_Debate_2025_statements/UNGA80_General_Debate_2025/haiti__ht_fr.pdf,042921549b437a1da32a5a13dfc0773f3e6e3b97277c6f3c433beff621054376,https://gadebate.un.org/sites/default/files/gastatements/80/ht_fr.pdf,fr,1,15,Local cover or explicit delivery statement; external metadata where recorded,Prepared/as-delivered status varies; no systematic video verification
2025_honduras,2025,HND,local PDF,data/UNGA80_General_Debate_2025_statements/UNGA80_General_Debate_2025/honduras__hn_es_0.pdf,03328014a843be38a95ec4a1d9a6d0dd37c13f25f3eddc984d5b3e396c64273f,https://gadebate.un.org/sites/default/files/gastatements/80/hn_es_0.pdf,es,1,5,Local cover or explicit delivery statement; external metadata where recorded,Prepared/as-delivered status varies; no systematic video verification
2025_iceland,2025,ISL,local PDF,data/UNGA80_General_Debate_2025_statements/UNGA80_General_Debate_2025/iceland__is_en.pdf,e258395dbbc37ee124bce383561c9c2cccfda01594688b8adc512d1e8cff9f1f,https://gadebate.un.org/sites/default/files/gastatements/80/is_en.pdf,en,1,6,Local cover or explicit delivery statement; external metadata where recorded,Prepared/as-delivered status varies; no systematic video verification
2025_india,2025,IND,local PDF,data/UNGA80_General_Debate_2025_statements/UNGA80_General_Debate_2025/india__in_en.pdf,d690abb0d80480451ec0eddd41acb5470da52d56729a67e3e8e1cd0e5c162ac5,https://gadebate.un.org/sites/default/files/gastatements/80/in_en.pdf,en,1,6,Local cover or explicit delivery statement; external metadata where recorded,Prepared/as-delivered status varies; no systematic video verification
2025_indonesia,2025,IDN,local PDF,data/UNGA80_General_Debate_2025_statements/UNGA80_General_Debate_2025/indonesia__id_en.pdf,314aafc9ce196d43eb6f20a5b8398ffe7e5f208e2eabb689bf78c486f04c7097,https://gadebate.un.org/sites/default/files/gastatements/80/id_en.pdf,en,1,7,Local cover or explicit delivery statement; external metadata where recorded,Prepared/as-delivered status varies; no systematic video verification
2025_iran-islamic-republic,2025,IRN,local PDF,data/UNGA80_General_Debate_2025_statements/UNGA80_General_Debate_2025/iran-islamic-republic__ir_en.pdf,e65a8de85a00ed408c9fe32486a004270efb44a974af8fe82daaa9433731ab75,https://gadebate.un.org/sites/default/files/gastatements/80/ir_en.pdf,en,1,6,Local cover or explicit delivery statement; external metadata where recorded,Prepared/as-delivered status varies; no systematic video verification
2025_iraq,2025,IRQ,local PDF,data/UNGA80_General_Debate_2025_statements/UNGA80_General_Debate_2025/iraq__iq_ar.pdf,719ec988456113af856dffb81bf476e2842a133cfe4d910f8926e7cae3afb962,https://gadebate.un.org/sites/default/files/gastatements/80/iq_ar.pdf,ar,1,18,Local cover or explicit delivery statement; external metadata where recorded,Prepared/as-delivered status varies; no systematic video verification
2025_ireland,2025,IRL,local PDF,data/UNGA80_General_Debate_2025_statements/UNGA80_General_Debate_2025/ireland__ie_en.pdf,f702e41986d3b8c19f8bd29e091d5f0ab04a34a6139beece1a5d439fd4af8100,https://gadebate.un.org/sites/default/files/gastatements/80/ie_en.pdf,en,1,40,Local cover or explicit delivery statement; external metadata where recorded,Prepared/as-delivered status varies; no systematic video verification
2025_israel,2025,ISR,local PDF,data/UNGA80_General_Debate_2025_statements/UNGA80_General_Debate_2025/israel__il_en.pdf,ea5dad13056ab24c65e8eeac7c3d8069368d76b0b8e5b51a480121427fe3c339,https://gadebate.un.org/sites/default/files/gastatements/80/il_en.pdf,en,1,15,Local cover or explicit delivery statement; external metadata where recorded,Prepared/as-delivered status varies; no systematic video verification
2025_italy,2025,ITA,local PDF,data/UNGA80_General_Debate_2025_statements/UNGA80_General_Debate_2025/italy__it_en.pdf,f63b40e15d12606c111af9dcbc7fa4801cfbefe51b08049ff1ee0f81b899da58,https://gadebate.un.org/sites/default/files/gastatements/80/it_en.pdf,en,1,7,Local cover or explicit delivery statement; external metadata where recorded,Prepared/as-delivered status varies; no systematic video verification
2025_jamaica,2025,JAM,local PDF,data/UNGA80_General_Debate_2025_statements/UNGA80_General_Debate_2025/jamaica__jm_en.pdf,582de993ed9ce2cf4cf5250a7be5894cedc80140bc2f9099108c3f7ab8621abc,https://gadebate.un.org/sites/default/files/gastatements/80/jm_en.pdf,en,1,11,Local cover or explicit delivery statement; external metadata where recorded,Prepared/as-delivered status varies; no systematic video verification
2025_japan,2025,JPN,local PDF,data/UNGA80_General_Debate_2025_statements/UNGA80_General_Debate_2025/japan__jp_en.pdf,a0bd9150a2d3447e74733a5277788ebdb9fa8863d418eb325b147bdc8e9fed94,https://gadebate.un.org/sites/default/files/gastatements/80/jp_en.pdf,en,1,6,Local cover or explicit delivery statement; external metadata where recorded,Prepared/as-delivered status varies; no systematic video verification
2025_jordan,2025,JOR,local PDF,data/UNGA80_General_Debate_2025_statements/UNGA80_General_Debate_2025/jordan__jo_en.pdf,b181635201f89746c1947ee4790abb1630a4615371db77e25a36d2379b6efc42,https://gadebate.un.org/sites/default/files/gastatements/80/jo_en.pdf,en,1,5,Local cover or explicit delivery statement; external metadata where recorded,Prepared/as-delivered status varies; no systematic video verification
2025_kazakhstan,2025,KAZ,local PDF,data/UNGA80_General_Debate_2025_statements/UNGA80_General_Debate_2025/kazakhstan__kz_en_0.pdf,57161593becfb139a516cc145b9730ad65b61658f449d33ecf3c9677e5bcea5d,https://gadebate.un.org/sites/default/files/gastatements/80/kz_en_0.pdf,en,1,22,Local cover or explicit delivery statement; external metadata where recorded,Prepared/as-delivered status varies; no systematic video verification
2025_kenya,2025,KEN,local PDF,data/UNGA80_General_Debate_2025_statements/UNGA80_General_Debate_2025/kenya__ke_en.pdf,571310d8b192182baa9fecf6bd2bb7cb029f1eab8a30307fe427e8dfb5557e1e,https://gadebate.un.org/sites/default/files/gastatements/80/ke_en.pdf,en,1,12,Local cover or explicit delivery statement; external metadata where recorded,Prepared/as-delivered status varies; no systematic video verification
2025_kiribati,2025,KIR,local PDF,data/UNGA80_General_Debate_2025_statements/UNGA80_General_Debate_2025/kiribati__ki_en.pdf,282c1b2b4dd217b226da600311aea6183c14535feead8d523351e6a4128a6ef3,https://gadebate.un.org/sites/default/files/gastatements/80/ki_en.pdf,en,1,13,Local cover or explicit delivery statement; external metadata where recorded,Prepared/as-delivered status varies; no systematic video verification
2025_kyrgyzstan,2025,KGZ,local PDF,data/UNGA80_General_Debate_2025_statements/UNGA80_General_Debate_2025/kyrgyzstan__kg_en.pdf,8c8501df9464dd65c82fbfee08b0e822966c57eacb3fad87406ed0f11fe5ff89,https://gadebate.un.org/sites/default/files/gastatements/80/kg_en.pdf,en,1,12,Local cover or explicit delivery statement; external metadata where recorded,Prepared/as-delivered status varies; no systematic video verification
2025_latvia,2025,LVA,local PDF,data/UNGA80_General_Debate_2025_statements/UNGA80_General_Debate_2025/latvia__lv_en.pdf,de87180bb3b6261f8cb613b2be1aee02de6d9efba11679ff6d7bdfc30acfaf1c,https://gadebate.un.org/sites/default/files/gastatements/80/lv_en.pdf,en,1,4,Local cover or explicit delivery statement; external metadata where recorded,Prepared/as-delivered status varies; no systematic video verification
2025_lebanon,2025,LBN,local PDF,data/UNGA80_General_Debate_2025_statements/UNGA80_General_Debate_2025/lebanon__lb_en_0.pdf,b69c9588d0ecfd588852e5bbd47712927346865946c5033443ad5e5391b8cb15,https://gadebate.un.org/sites/default/files/gastatements/80/lb_en_0.pdf,en,1,9,Local cover or explicit delivery statement; external metadata where recorded,Prepared/as-delivered status varies; no systematic video verification
2025_lesotho,2025,LSO,local PDF,data/UNGA80_General_Debate_2025_statements/UNGA80_General_Debate_2025/lesotho__ls_en.pdf,81e9d475f6b37050ae578b119f43b0d73822ef43f122d075eed923538a1e3389,https://gadebate.un.org/sites/default/files/gastatements/80/ls_en.pdf,en,1,22,Local cover or explicit delivery statement; external metadata where recorded,Prepared/as-delivered status varies; no systematic video verification
2025_liberia,2025,LBR,local PDF,data/UNGA80_General_Debate_2025_statements/UNGA80_General_Debate_2025/liberia__lr_en.pdf,dc396cd192fca2ed9b87abe509fef01fd8e9a9497b989fb9d06bf3f0a2c00873,https://gadebate.un.org/sites/default/files/gastatements/80/lr_en.pdf,en,1,5,Local cover or explicit delivery statement; external metadata where recorded,Prepared/as-delivered status varies; no systematic video verification
2025_libya,2025,LBY,local PDF,data/UNGA80_General_Debate_2025_statements/UNGA80_General_Debate_2025/libya__ly_ar.pdf,a3636a6954bb8b0c04bacc51c0ef06ce0570d07553af696836f68f452e0635dc,https://gadebate.un.org/sites/default/files/gastatements/80/ly_ar.pdf,ar,1,8,Local cover or explicit delivery statement; external metadata where recorded,Prepared/as-delivered status varies; no systematic video verification
2025_lithuania,2025,LTU,local PDF,data/UNGA80_General_Debate_2025_statements/UNGA80_General_Debate_2025/lithuania__lt_en.pdf,ea0ecbb7416e46db04055211e55c585b6ec34ab61ad2d1bae6ee6fcd4aca2ece,https://gadebate.un.org/sites/default/files/gastatements/80/lt_en.pdf,en,1,4,Local cover or explicit delivery statement; external metadata where recorded,Prepared/as-delivered status varies; no systematic video verification
2025_luxembourg,2025,LUX,local PDF,data/UNGA80_General_Debate_2025_statements/UNGA80_General_Debate_2025/luxembourg__lu_en.pdf,bbeca7e1af5a8890fc1396b2f164de71b9fa12708b21fb17f02c6d40f6f7962b,https://gadebate.un.org/sites/default/files/gastatements/80/lu_en.pdf,en,1,6,Local cover or explicit delivery statement; external metadata where recorded,Prepared/as-delivered status varies; no systematic video verification
2025_madagascar,2025,MDG,local PDF,data/UNGA80_General_Debate_2025_statements/UNGA80_General_Debate_2025/madagascar__mg_fr.pdf,bf4ae11909bcbbb2632e5506c4a659284ddde84b8ee8753219d08608068cb0a5,https://gadebate.un.org/sites/default/files/gastatements/80/mg_fr.pdf,fr,1,8,Local cover or explicit delivery statement; external metadata where recorded,Prepared/as-delivered status varies; no systematic video verification
2025_malawi,2025,MWI,local PDF,data/UNGA80_General_Debate_2025_statements/UNGA80_General_Debate_2025/malawi__mw_en.pdf,1bcb276ddf6de27af99b59362b88312207da72ad0c6f9bc042b50eeb746cc129,https://gadebate.un.org/sites/default/files/gastatements/80/mw_en.pdf,en,1,10,Local cover or explicit delivery statement; external metadata where recorded,Prepared/as-delivered status varies; no systematic video verification
2025_malaysia,2025,MYS,local PDF,data/UNGA80_General_Debate_2025_statements/UNGA80_General_Debate_2025/malaysia__my_en.pdf,e527171c97c1f8b027ede00b4ceb3d75d64684394b00125a94fa32d081a3e881,https://gadebate.un.org/sites/default/files/gastatements/80/my_en.pdf,en,1,5,Local cover or explicit delivery statement; external metadata where recorded,Prepared/as-delivered status varies; no systematic video verification
2025_maldives,2025,MDV,local PDF,data/UNGA80_General_Debate_2025_statements/UNGA80_General_Debate_2025/maldives__mv_en.pdf,a5c44bbeda69147e312b67597f2160dcf48afd2ad0683db3dc9c5344f59686f9,https://gadebate.un.org/sites/default/files/gastatements/80/mv_en.pdf,en,1,10,Local cover or explicit delivery statement; external metadata where recorded,Prepared/as-delivered status varies; no systematic video verification
2025_mali,2025,MLI,local PDF,data/UNGA80_General_Debate_2025_statements/UNGA80_General_Debate_2025/mali__ml_fr.pdf,1f156ca3eed46d01a908dd585a02f88c083887d03cf4e5d19ab7f3fbefd774c7,https://gadebate.un.org/sites/default/files/gastatements/80/ml_fr.pdf,fr,1,14,Local cover or explicit delivery statement; external metadata where recorded,Prepared/as-delivered status varies; no systematic video verification
2025_malta,2025,MLT,local PDF,data/UNGA80_General_Debate_2025_statements/UNGA80_General_Debate_2025/malta__mt_en.pdf,02c787ad0b78589f5a087f7ad1bca9638879b6270d79c4fcf2f4692ec7b22d7b,https://gadebate.un.org/sites/default/files/gastatements/80/mt_en.pdf,en,1,25,Local cover or explicit delivery statement; external metadata where recorded,Prepared/as-delivered status varies; no systematic video verification
2025_marshall-islands,2025,MHL,local PDF,data/UNGA80_General_Debate_2025_statements/UNGA80_General_Debate_2025/marshall-islands__mh_en.pdf,7c4ecde220026727125e06098890c2721ea3e3da34852e6ae2cdeb685f12dc7f,https://gadebate.un.org/sites/default/files/gastatements/80/mh_en.pdf,en,1,5,Local cover or explicit delivery statement; external metadata where recorded,Prepared/as-delivered status varies; no systematic video verification
2025_mauritania,2025,MRT,local PDF,data/UNGA80_General_Debate_2025_statements/UNGA80_General_Debate_2025/mauritania__mr_ar.pdf,712e076806625cfa3edcdf35801910cb97ccc05ee20cd24d758f70e0d8fb01f4,https://gadebate.un.org/sites/default/files/gastatements/80/mr_ar.pdf,ar,1,10,Local cover or explicit delivery statement; external metadata where recorded,Prepared/as-delivered status varies; no systematic video verification
2025_mauritius,2025,MUS,local PDF,data/UNGA80_General_Debate_2025_statements/UNGA80_General_Debate_2025/mauritius__mu_en.pdf,e195df50846faa155b020f660f50178fa0d9956cc6a8b0d07a1994b1ed78be7e,https://gadebate.un.org/sites/default/files/gastatements/80/mu_en.pdf,en,1,11,Local cover or explicit delivery statement; external metadata where recorded,Prepared/as-delivered status varies; no systematic video verification
2025_mexico,2025,MEX,local PDF,data/UNGA80_General_Debate_2025_statements/UNGA80_General_Debate_2025/mexico__mx_es_0.pdf,b99cdc191c2fd2a39e79b7d4ab708b9495870e883be697da6335f907e440d637,https://gadebate.un.org/sites/default/files/gastatements/80/mx_es_0.pdf,es,1,6,Local cover or explicit delivery statement; external metadata where recorded,Prepared/as-delivered status varies; no systematic video verification
2025_micronesia-federated-states,2025,FSM,local PDF,data/UNGA80_General_Debate_2025_statements/UNGA80_General_Debate_2025/micronesia-federated-states__fm_en.pdf,fb8e2a72d058000db929a9b564874b9d445aad9413cb34f5412a22d18b4b2730,https://gadebate.un.org/sites/default/files/gastatements/80/fm_en.pdf,en,1,5,Local cover or explicit delivery statement; external metadata where recorded,Prepared/as-delivered status varies; no systematic video verification
2025_mongolia,2025,MNG,local PDF,data/UNGA80_General_Debate_2025_statements/UNGA80_General_Debate_2025/mongolia__mn_en.pdf,a16d30a479ed8c0b33a1edfcae1ba446e79595e8efb2a943f520de4bc520e99c,https://gadebate.un.org/sites/default/files/gastatements/80/mn_en.pdf,en,1,7,Local cover or explicit delivery statement; external metadata where recorded,Prepared/as-delivered status varies; no systematic video verification
2025_montenegro,2025,MNE,local PDF,data/UNGA80_General_Debate_2025_statements/UNGA80_General_Debate_2025/montenegro__me_me.pdf,f17920792fc96872104f99640ceb809c1c263bff05d47802aa6a04107b8b0867,https://gadebate.un.org/sites/default/files/gastatements/80/me_me.pdf,me,1,5,Local cover or explicit delivery statement; external metadata where recorded,Prepared/as-delivered status varies; no systematic video verification
2025_mozambique,2025,MOZ,local PDF,data/UNGA80_General_Debate_2025_statements/UNGA80_General_Debate_2025/mozambique__mz_pt.pdf,853a55fccb6f26902b196f128c2e7a6b5511763f0905a9fb7d3e828babbb4651,https://gadebate.un.org/sites/default/files/gastatements/80/mz_pt.pdf,pt,1,24,Local cover or explicit delivery statement; external metadata where recorded,Prepared/as-delivered status varies; no systematic video verification
2025_namibia,2025,NAM,local PDF,data/UNGA80_General_Debate_2025_statements/UNGA80_General_Debate_2025/namibia__na_en.pdf,f2d0bd06e425acccd5c3fdab160a37fb6424447e208fbff465b12e98e88528ea,https://gadebate.un.org/sites/default/files/gastatements/80/na_en.pdf,en,1,6,Local cover or explicit delivery statement; external metadata where recorded,Prepared/as-delivered status varies; no systematic video verification
2025_nauru,2025,NRU,local PDF,data/UNGA80_General_Debate_2025_statements/UNGA80_General_Debate_2025/nauru__nr_en.pdf,fe357bd401c5c363d6295736d259896810a8eab0c6f52a873aadc23d33f4b7a2,https://gadebate.un.org/sites/default/files/gastatements/80/nr_en.pdf,en,1,9,Local cover or explicit delivery statement; external metadata where recorded,Prepared/as-delivered status varies; no systematic video verification
2025_nepal,2025,NPL,local PDF,data/UNGA80_General_Debate_2025_statements/UNGA80_General_Debate_2025/nepal__np_en.pdf,3f684bfc35f604e902156586029224e82e2393f0908a76449edb704688ec027c,https://gadebate.un.org/sites/default/files/gastatements/80/np_en.pdf,en,1,22,Local cover or explicit delivery statement; external metadata where recorded,Prepared/as-delivered status varies; no systematic video verification
2025_netherlands-kingdom,2025,NLD,local PDF,data/UNGA80_General_Debate_2025_statements/UNGA80_General_Debate_2025/netherlands-kingdom__nl_en.pdf,61680fd6c564d0eaf493088470db0476d305e15788bb577d636f2f180da1a40a,https://gadebate.un.org/sites/default/files/gastatements/80/nl_en.pdf,en,1,13,Local cover or explicit delivery statement; external metadata where recorded,Prepared/as-delivered status varies; no systematic video verification
2025_new-zealand,2025,NZL,local PDF,data/UNGA80_General_Debate_2025_statements/UNGA80_General_Debate_2025/new-zealand__nz_en.pdf,38d7b31e5d9f3585cd8b2d514c2516c5441feb7536b71b1d4976e5cc8df0dd68,https://gadebate.un.org/sites/default/files/gastatements/80/nz_en.pdf,en,1,7,Local cover or explicit delivery statement; external metadata where recorded,Prepared/as-delivered status varies; no systematic video verification
2025_nicaragua,2025,NIC,local PDF,data/UNGA80_General_Debate_2025_statements/UNGA80_General_Debate_2025/nicaragua__ni_en.pdf,24070ec70a9c97eabca1e5da10c67c7ef602d57e7297a64cc9e0fa2921e342f7,https://gadebate.un.org/sites/default/files/gastatements/80/ni_en.pdf,en,1,11,Local cover or explicit delivery statement; external metadata where recorded,Prepared/as-delivered status varies; no systematic video verification
2025_niger,2025,NER,local PDF,data/UNGA80_General_Debate_2025_statements/UNGA80_General_Debate_2025/niger__ne_fr.pdf,ca22f9f1a2d251ab1fae5d28bddd56f4b40256ab38cb2baa46d4e39ce0ad55f8,https://gadebate.un.org/sites/default/files/gastatements/80/ne_fr.pdf,fr,1,28,Local cover or explicit delivery statement; external metadata where recorded,Prepared/as-delivered status varies; no systematic video verification
2025_nigeria,2025,NGA,local PDF,data/UNGA80_General_Debate_2025_statements/UNGA80_General_Debate_2025/nigeria__ng_en.pdf,d5ce03d848cb3413bb55d485e25e9af6f4924a92c792ae5e20fa1c3618fb1bd0,https://gadebate.un.org/sites/default/files/gastatements/80/ng_en.pdf,en,1,14,Local cover or explicit delivery statement; external metadata where recorded,Prepared/as-delivered status varies; no systematic video verification
2025_north-macedonia,2025,MKD,local PDF,data/UNGA80_General_Debate_2025_statements/UNGA80_General_Debate_2025/north-macedonia__mk_en.pdf,b6d1b8bb6370d0de410058605e817b0b5819f9c638a2827da54b28a63d2ce4e5,https://gadebate.un.org/sites/default/files/gastatements/80/mk_en.pdf,en,1,13,Local cover or explicit delivery statement; external metadata where recorded,Prepared/as-delivered status varies; no systematic video verification
2025_norway,2025,NOR,local PDF,data/UNGA80_General_Debate_2025_statements/UNGA80_General_Debate_2025/norway__no_en.pdf,09e5195f21393f920910cde645f33952b19df29e32d3d1666beaf245c1baa453,https://gadebate.un.org/sites/default/files/gastatements/80/no_en.pdf,en,1,7,Local cover or explicit delivery statement; external metadata where recorded,Prepared/as-delivered status varies; no systematic video verification
2025_oman,2025,OMN,local PDF,data/UNGA80_General_Debate_2025_statements/UNGA80_General_Debate_2025/oman__om_en.pdf,b90393ef3c2496f75f1fff7ba8660135ad66aa121ad5802db256b6d11ac25b49,https://gadebate.un.org/sites/default/files/gastatements/80/om_en.pdf,en,1,9,Local cover or explicit delivery statement; external metadata where recorded,Prepared/as-delivered status varies; no systematic video verification
2025_pakistan,2025,PAK,local PDF,data/UNGA80_General_Debate_2025_statements/UNGA80_General_Debate_2025/pakistan__pk_en.pdf,1a373619b0d6835ca8b5f530cb124ad03b14f97c1a35db19ba96fe56e3ee1c1b,https://gadebate.un.org/sites/default/files/gastatements/80/pk_en.pdf,en,1,9,Local cover or explicit delivery statement; external metadata where recorded,Prepared/as-delivered status varies; no systematic video verification
2025_palau,2025,PLW,local PDF,data/UNGA80_General_Debate_2025_statements/UNGA80_General_Debate_2025/palau__pw_en.pdf,332eb91da5d4db55d01553326e558b03e694fa95a48b960f2f6956a0a972a8a9,https://gadebate.un.org/sites/default/files/gastatements/80/pw_en.pdf,en,1,5,Local cover or explicit delivery statement; external metadata where recorded,Prepared/as-delivered status varies; no systematic video verification
2025_panama,2025,PAN,local PDF,data/UNGA80_General_Debate_2025_statements/UNGA80_General_Debate_2025/panama__pa_es.pdf,4b38bee2aca75ffa48676caccff953a8e934067039c77002a056ee55598f83ee,https://gadebate.un.org/sites/default/files/gastatements/80/pa_es.pdf,es,1,24,Local cover or explicit delivery statement; external metadata where recorded,Prepared/as-delivered status varies; no systematic video verification
2025_papua-new-guinea,2025,PNG,local PDF,data/UNGA80_General_Debate_2025_statements/UNGA80_General_Debate_2025/papua-new-guinea__pg_en.pdf,8e9488f2ad1dda45a02f6d05fea903e2187d7f2146fde654b49597a6bd1b5b3e,https://gadebate.un.org/sites/default/files/gastatements/80/pg_en.pdf,en,1,4,Local cover or explicit delivery statement; external metadata where recorded,Prepared/as-delivered status varies; no systematic video verification
2025_paraguay,2025,PRY,local PDF,data/UNGA80_General_Debate_2025_statements/UNGA80_General_Debate_2025/paraguay__py_es.pdf,97379fbe0af62ed51ca7482d0229a3c35b08af2946667cb12a7e3b785fe0c9f7,https://gadebate.un.org/sites/default/files/gastatements/80/py_es.pdf,es,1,31,Local cover or explicit delivery statement; external metadata where recorded,Prepared/as-delivered status varies; no systematic video verification
2025_peru,2025,PER,local PDF,data/UNGA80_General_Debate_2025_statements/UNGA80_General_Debate_2025/peru__pe_es.pdf,52b50ec4ea64f667defdeb01e9b3c639ccd676c2f270d8b8ed5a2dfb3f5bd667,https://gadebate.un.org/sites/default/files/gastatements/80/pe_es.pdf,es,1,8,Local cover or explicit delivery statement; external metadata where recorded,Prepared/as-delivered status varies; no systematic video verification
2025_philippines,2025,PHL,local PDF,data/UNGA80_General_Debate_2025_statements/UNGA80_General_Debate_2025/philippines__ph_en.pdf,7d8d3fade42f05044896cee434ec59fb0a3051b58c2c0e2d9ef948d9af01a0c8,https://gadebate.un.org/sites/default/files/gastatements/80/ph_en.pdf,en,1,8,Local cover or explicit delivery statement; external metadata where recorded,Prepared/as-delivered status varies; no systematic video verification
2025_poland,2025,POL,local PDF,data/UNGA80_General_Debate_2025_statements/UNGA80_General_Debate_2025/poland__pl_en.pdf,b36acd9eeb00f671b26ebcb74294d4a30a1a998342e224c0f6dbc6f1d1d2c395,https://gadebate.un.org/sites/default/files/gastatements/80/pl_en.pdf,en,1,9,Local cover or explicit delivery statement; external metadata where recorded,Prepared/as-delivered status varies; no systematic video verification
2025_portugal,2025,PRT,local PDF,data/UNGA80_General_Debate_2025_statements/UNGA80_General_Debate_2025/portugal__pt_en.pdf,6c85fbe252ac668ded0364956b23f7e908ec9df1960e0f1673e7860b34879973,https://gadebate.un.org/sites/default/files/gastatements/80/pt_en.pdf,en,1,7,Local cover or explicit delivery statement; external metadata where recorded,Prepared/as-delivered status varies; no systematic video verification
2025_qatar,2025,QAT,local PDF,data/UNGA80_General_Debate_2025_statements/UNGA80_General_Debate_2025/qatar__qa_en.pdf,cb85c7445ae6ae2f0cc5462c302251d4dd39b8375691799d7bd3529f54683624,https://gadebate.un.org/sites/default/files/gastatements/80/qa_en.pdf,en,1,9,Local cover or explicit delivery statement; external metadata where recorded,Prepared/as-delivered status varies; no systematic video verification
2025_republic-korea,2025,KOR,local PDF,data/UNGA80_General_Debate_2025_statements/UNGA80_General_Debate_2025/republic-korea__kr_en.pdf,aab77577bb5b3b1c6d38894c36888268481bd6c0d83b2bcf278544bbac028119,https://gadebate.un.org/sites/default/files/gastatements/80/kr_en.pdf,en,1,12,Local cover or explicit delivery statement; external metadata where recorded,Prepared/as-delivered status varies; no systematic video verification
2025_republic-moldova,2025,MDA,local PDF,data/UNGA80_General_Debate_2025_statements/UNGA80_General_Debate_2025/republic-moldova__md_en.pdf,e80aebd51c1b9f7fff011e87c27cfa193f656f977369790e4677af261f55bcb9,https://gadebate.un.org/sites/default/files/gastatements/80/md_en.pdf,en,1,7,Local cover or explicit delivery statement; external metadata where recorded,Prepared/as-delivered status varies; no systematic video verification
2025_romania,2025,ROU,local PDF,data/UNGA80_General_Debate_2025_statements/UNGA80_General_Debate_2025/romania__ro_en.pdf,8e72fb86603901f79d948b8eac21a9f205b9810df657cdf2156c2c2a2f783f49,https://gadebate.un.org/sites/default/files/gastatements/80/ro_en.pdf,en,1,10,Local cover or explicit delivery statement; external metadata where recorded,Prepared/as-delivered status varies; no systematic video verification
2025_russian-federation,2025,RUS,local PDF,data/UNGA80_General_Debate_2025_statements/UNGA80_General_Debate_2025/russian-federation__ru_ru.pdf,4433ed47940834c14551ea83b72c7f29a36cb844c5093bac230de5cf30303220,https://gadebate.un.org/sites/default/files/gastatements/80/ru_ru.pdf,ru,1,8,Local cover or explicit delivery statement; external metadata where recorded,Prepared/as-delivered status varies; no systematic video verification
2025_rwanda,2025,RWA,local PDF,data/UNGA80_General_Debate_2025_statements/UNGA80_General_Debate_2025/rwanda__rw_en.pdf,f811af6b07d1c9802d6f4e60dfc1a1052a2f308c47ef4010ee3d63639cedc2e3,https://gadebate.un.org/sites/default/files/gastatements/80/rw_en.pdf,en,1,13,Local cover or explicit delivery statement; external metadata where recorded,Prepared/as-delivered status varies; no systematic video verification
2025_saint-kitts-and-nevis,2025,KNA,local PDF,data/UNGA80_General_Debate_2025_statements/UNGA80_General_Debate_2025/saint-kitts-and-nevis__kn_en.pdf,6f2580d925f39adb40e95a00abd639f795bce7a981b8368bfebe83fe5e79ac91,https://gadebate.un.org/sites/default/files/gastatements/80/kn_en.pdf,en,1,14,Local cover or explicit delivery statement; external metadata where recorded,Prepared/as-delivered status varies; no systematic video verification
2025_saint-lucia,2025,LCA,local PDF,data/UNGA80_General_Debate_2025_statements/UNGA80_General_Debate_2025/saint-lucia__lc_en.pdf,aa4a33599260595bb16a4429d731665d80f7f6a9f3fc72c9a822a5e90385b418,https://gadebate.un.org/sites/default/files/gastatements/80/lc_en.pdf,en,1,8,Local cover or explicit delivery statement; external metadata where recorded,Prepared/as-delivered status varies; no systematic video verification
2025_saint-vincent-and-grenadines,2025,VCT,local PDF,data/UNGA80_General_Debate_2025_statements/UNGA80_General_Debate_2025/saint-vincent-and-grenadines__vc_en.pdf,afdff7c269327b1a8eedd33f24706d4709e1e4ba260bc300af51187a37c086ac,https://gadebate.un.org/sites/default/files/gastatements/80/vc_en.pdf,en,1,19,Local cover or explicit delivery statement; external metadata where recorded,Prepared/as-delivered status varies; no systematic video verification
2025_samoa,2025,WSM,local PDF,data/UNGA80_General_Debate_2025_statements/UNGA80_General_Debate_2025/samoa__ws_en.pdf,e6c419ab4f959077ee8b4e2d5c4848edfbaff69844fa28d4b61d2c5e11306972,https://gadebate.un.org/sites/default/files/gastatements/80/ws_en.pdf,en,1,7,Local cover or explicit delivery statement; external metadata where recorded,Prepared/as-delivered status varies; no systematic video verification
2025_san-marino,2025,SMR,local PDF,data/UNGA80_General_Debate_2025_statements/UNGA80_General_Debate_2025/san-marino__sm_en.pdf,7e42a80055b9735ebef526f0fd67ed194887713b5c90d3db41c8b7aa8ddfa999,https://gadebate.un.org/sites/default/files/gastatements/80/sm_en.pdf,en,1,15,Local cover or explicit delivery statement; external metadata where recorded,Prepared/as-delivered status varies; no systematic video verification
2025_saudi-arabia,2025,SAU,local PDF,data/UNGA80_General_Debate_2025_statements/UNGA80_General_Debate_2025/saudi-arabia__sa_ar.pdf,36fc3ea500440076f80e8cff2cab23b2987496d9d16d259fbb98cdae1532f1f4,https://gadebate.un.org/sites/default/files/gastatements/80/sa_ar.pdf,ar,1,16,Local cover or explicit delivery statement; external metadata where recorded,Prepared/as-delivered status varies; no systematic video verification
2025_senegal,2025,SEN,local PDF,data/UNGA80_General_Debate_2025_statements/UNGA80_General_Debate_2025/senegal__sn_fr.pdf,ceec410222794080ef591a13770c6f434ed1f4a8ee9c3b2503a62ba0d2dcf475,https://gadebate.un.org/sites/default/files/gastatements/80/sn_fr.pdf,fr,1,18,Local cover or explicit delivery statement; external metadata where recorded,Prepared/as-delivered status varies; no systematic video verification
2025_serbia,2025,SRB,local PDF,data/UNGA80_General_Debate_2025_statements/UNGA80_General_Debate_2025/serbia__rs_en.pdf,20414f5fb1017fd31a4a3c6c44c61eacf584db78e2085c93887f08d6779e5847,https://gadebate.un.org/sites/default/files/gastatements/80/rs_en.pdf,en,1,7,Local cover or explicit delivery statement; external metadata where recorded,Prepared/as-delivered status varies; no systematic video verification
2025_sierra-leone,2025,SLE,local PDF,data/UNGA80_General_Debate_2025_statements/UNGA80_General_Debate_2025/sierra-leone__sl_en_0.pdf,a9672431f33b54380c52486326e25883538f27a2b9c8aa13f428d104f4251055,https://gadebate.un.org/sites/default/files/gastatements/80/sl_en_0.pdf,en,1,41,Local cover or explicit delivery statement; external metadata where recorded,Prepared/as-delivered status varies; no systematic video verification
2025_singapore,2025,SGP,local PDF,data/UNGA80_General_Debate_2025_statements/UNGA80_General_Debate_2025/singapore__sg_en.pdf,d58de459366cd2312a036a2eec4c957b5d7d7af7a712d0b8a1a417b17dd322e9,https://gadebate.un.org/sites/default/files/gastatements/80/sg_en.pdf,en,1,8,Local cover or explicit delivery statement; external metadata where recorded,Prepared/as-delivered status varies; no systematic video verification
2025_slovakia,2025,SVK,local PDF,data/UNGA80_General_Debate_2025_statements/UNGA80_General_Debate_2025/slovakia__sk_en_0.pdf,0a1f75917be865dea79862157f35c0a3ea7717d1d505c108c0b32f70b07cc473,https://gadebate.un.org/sites/default/files/gastatements/80/sk_en_0.pdf,en,1,3,Local cover or explicit delivery statement; external metadata where recorded,Prepared/as-delivered status varies; no systematic video verification
2025_slovenia,2025,SVN,local PDF,data/UNGA80_General_Debate_2025_statements/UNGA80_General_Debate_2025/slovenia__si_en.pdf,2e8a7e42c7121c1b879d4d6966e9aa8e6b3c6b3da62c378c0ae3cc56af87ee2d,https://gadebate.un.org/sites/default/files/gastatements/80/si_en.pdf,en,1,10,Local cover or explicit delivery statement; external metadata where recorded,Prepared/as-delivered status varies; no systematic video verification
2025_solomon-islands,2025,SLB,local PDF,data/UNGA80_General_Debate_2025_statements/UNGA80_General_Debate_2025/solomon-islands__sb_en.pdf,bd4b8a067596711aeb0487d5d619c8aede96109b0a4ce39ecbbc2b020fe8986e,https://gadebate.un.org/sites/default/files/gastatements/80/sb_en.pdf,en,1,17,Local cover or explicit delivery statement; external metadata where recorded,Prepared/as-delivered status varies; no systematic video verification
2025_somalia,2025,SOM,local PDF,data/UNGA80_General_Debate_2025_statements/UNGA80_General_Debate_2025/somalia__so_en.pdf,a94190a4fcd7c7d952a6531d2c17bdb4fd766c6040eb1e8b3d6c0bab3aafd9b8,https://gadebate.un.org/sites/default/files/gastatements/80/so_en.pdf,en,1,6,Local cover or explicit delivery statement; external metadata where recorded,Prepared/as-delivered status varies; no systematic video verification
2025_south-africa,2025,ZAF,local PDF,data/UNGA80_General_Debate_2025_statements/UNGA80_General_Debate_2025/south-africa__za_en.pdf,3cd2fb8dc456c11a8fa633f5f6cc64986c40c421546c0c430541ac7dd84fee6c,https://gadebate.un.org/sites/default/files/gastatements/80/za_en.pdf,en,1,6,Local cover or explicit delivery statement; external metadata where recorded,Prepared/as-delivered status varies; no systematic video verification
2025_spain,2025,ESP,local PDF,data/UNGA80_General_Debate_2025_statements/UNGA80_General_Debate_2025/spain__es_es.pdf,216e913041e5aabb5d3721134a844320586677aaf1f282e7f21af93b5f406128,https://gadebate.un.org/sites/default/files/gastatements/80/es_es.pdf,es,1,8,Local cover or explicit delivery statement; external metadata where recorded,Prepared/as-delivered status varies; no systematic video verification
2025_sri-lanka,2025,LKA,local PDF,data/UNGA80_General_Debate_2025_statements/UNGA80_General_Debate_2025/sri-lanka__lk_en.pdf,135635b4853940a809da464f993e64b18ac8d2fbeb47dc2f257e7a6ef61b755d,https://gadebate.un.org/sites/default/files/gastatements/80/lk_en.pdf,en,1,6,Local cover or explicit delivery statement; external metadata where recorded,Prepared/as-delivered status varies; no systematic video verification
2025_sudan,2025,SDN,local PDF,data/UNGA80_General_Debate_2025_statements/UNGA80_General_Debate_2025/sudan__sd_fl.pdf,24a9c91c76aca329eddbea085e717d145c14243933916f5d1b071b71812f5c35,https://gadebate.un.org/sites/default/files/gastatements/80/sd_fl.pdf,fl,1,8,Local cover or explicit delivery statement; external metadata where recorded,Prepared/as-delivered status varies; no systematic video verification
2025_suriname,2025,SUR,local PDF,data/UNGA80_General_Debate_2025_statements/UNGA80_General_Debate_2025/suriname__sr_en.pdf,479aa1600e76abebca6de1bba92d73cb711a6b2033b9ab12aee6f715aab66ae0,https://gadebate.un.org/sites/default/files/gastatements/80/sr_en.pdf,en,1,16,Local cover or explicit delivery statement; external metadata where recorded,Prepared/as-delivered status varies; no systematic video verification
2025_sweden,2025,SWE,local PDF,data/UNGA80_General_Debate_2025_statements/UNGA80_General_Debate_2025/sweden__se_en.pdf,23a67b757fd4dccadf92dc1a0fdf07ba5a2fa5a5a2bfd7c5837ed71d85a7a130,https://gadebate.un.org/sites/default/files/gastatements/80/se_en.pdf,en,1,7,Local cover or explicit delivery statement; external metadata where recorded,Prepared/as-delivered status varies; no systematic video verification
2025_switzerland,2025,CHE,local PDF,data/UNGA80_General_Debate_2025_statements/UNGA80_General_Debate_2025/switzerland__ch_en.pdf,ccf309808642ddb15441195c4dd51e7458cf1b4b8fb86c7b3b15627ca9fdb207,https://gadebate.un.org/sites/default/files/gastatements/80/ch_en.pdf,en,1,4,Local cover or explicit delivery statement; external metadata where recorded,Prepared/as-delivered status varies; no systematic video verification
2025_syrian-arab-republic,2025,SYR,local PDF,data/UNGA80_General_Debate_2025_statements/UNGA80_General_Debate_2025/syrian-arab-republic__sy_en.pdf,e877185608ed349a734327528768290d33180cf8cf07b2c4fcb8cb747d623e93,https://gadebate.un.org/sites/default/files/gastatements/80/sy_en.pdf,en,1,10,Local cover or explicit delivery statement; external metadata where recorded,Prepared/as-delivered status varies; no systematic video verification
2025_tajikistan,2025,TJK,local PDF,data/UNGA80_General_Debate_2025_statements/UNGA80_General_Debate_2025/tajikistan__tj_en.pdf,0af5ee47a8970238c71c1b06459e1e45623cbe714a5a19e25c60705ac95dc68e,https://gadebate.un.org/sites/default/files/gastatements/80/tj_en.pdf,en,1,7,Local cover or explicit delivery statement; external metadata where recorded,Prepared/as-delivered status varies; no systematic video verification
2025_thailand,2025,THA,local PDF,data/UNGA80_General_Debate_2025_statements/UNGA80_General_Debate_2025/thailand__th_en.pdf,ba2e6610e71b37ed7c71efc221ca841890c7d962c1696ba68851a190c5cf7450,https://gadebate.un.org/sites/default/files/gastatements/80/th_en.pdf,en,1,8,Local cover or explicit delivery statement; external metadata where recorded,Prepared/as-delivered status varies; no systematic video verification
2025_timor-leste,2025,TLS,local PDF,data/UNGA80_General_Debate_2025_statements/UNGA80_General_Debate_2025/timor-leste__tl_en.pdf,0959b79cab6e1ace2a1db2d976ae37a8848882f1793cb0353a79b49ec9251e89,https://gadebate.un.org/sites/default/files/gastatements/80/tl_en.pdf,en,1,10,Local cover or explicit delivery statement; external metadata where recorded,Prepared/as-delivered status varies; no systematic video verification
2025_togo,2025,TGO,local PDF,data/UNGA80_General_Debate_2025_statements/UNGA80_General_Debate_2025/togo__tg_fl.pdf,4638f7b8ded5ac6bd7c690aa4a0c642711cef8d876967155a8f4dd4fbab6f235,https://gadebate.un.org/sites/default/files/gastatements/80/tg_fl.pdf,fl,1,13,Local cover or explicit delivery statement; external metadata where recorded,Prepared/as-delivered status varies; no systematic video verification
2025_tonga,2025,TON,local PDF,data/UNGA80_General_Debate_2025_statements/UNGA80_General_Debate_2025/tonga__to_en.pdf,49563619536372eab54c2b8a4e17a357f73411f6bebd5ead2b247ebc78deefbf,https://gadebate.un.org/sites/default/files/gastatements/80/to_en.pdf,en,1,7,Local cover or explicit delivery statement; external metadata where recorded,Prepared/as-delivered status varies; no systematic video verification
2025_trinidad-and-tobago,2025,TTO,local PDF,data/UNGA80_General_Debate_2025_statements/UNGA80_General_Debate_2025/trinidad-and-tobago__tt_en.pdf,402922fd23da07fb786f0eeb84cc3d00429686bc36a9fe41a3df832e6fa73ebd,https://gadebate.un.org/sites/default/files/gastatements/80/tt_en.pdf,en,1,17,Local cover or explicit delivery statement; external metadata where recorded,Prepared/as-delivered status varies; no systematic video verification
2025_tunisia,2025,TUN,local PDF,data/UNGA80_General_Debate_2025_statements/UNGA80_General_Debate_2025/tunisia__tn_ar.pdf,f173e370e8a5c0a351d1964b57d2a481350434cb8c17a5ca390f0c7077cb3dbf,https://gadebate.un.org/sites/default/files/gastatements/80/tn_ar.pdf,ar,1,12,Local cover or explicit delivery statement; external metadata where recorded,Prepared/as-delivered status varies; no systematic video verification
2025_turkmenistan,2025,TKM,local PDF,data/UNGA80_General_Debate_2025_statements/UNGA80_General_Debate_2025/turkmenistan__tm_en.pdf,22836394aa45787292d8b68c49ae3c787775a93f8ac88f38899f0596885a3dc0,https://gadebate.un.org/sites/default/files/gastatements/80/tm_en.pdf,en,1,5,Local cover or explicit delivery statement; external metadata where recorded,Prepared/as-delivered status varies; no systematic video verification
2025_tuvalu,2025,TUV,local PDF,data/UNGA80_General_Debate_2025_statements/UNGA80_General_Debate_2025/tuvalu__tv_en.pdf,3ff4bc2160c57982333e95ca47b951f3debfca58b2dd63d6c805bdbff15ec4bf,https://gadebate.un.org/sites/default/files/gastatements/80/tv_en.pdf,en,1,15,Local cover or explicit delivery statement; external metadata where recorded,Prepared/as-delivered status varies; no systematic video verification
2025_uganda,2025,UGA,local PDF,data/UNGA80_General_Debate_2025_statements/UNGA80_General_Debate_2025/uganda__ug_en.pdf,84550242e2cd8af263f4c90698d63e4f2caacffeaa45b6a6f12d03d1bb313603,https://gadebate.un.org/sites/default/files/gastatements/80/ug_en.pdf,en,1,10,Local cover or explicit delivery statement; external metadata where recorded,Prepared/as-delivered status varies; no systematic video verification
2025_ukraine,2025,UKR,local PDF,data/UNGA80_General_Debate_2025_statements/UNGA80_General_Debate_2025/ukraine__ua_en.pdf,827965b19d3287d28d89961e7d11bef29665cf2d70702191c5e38b1f7387b027,https://gadebate.un.org/sites/default/files/gastatements/80/ua_en.pdf,en,1,4,Local cover or explicit delivery statement; external metadata where recorded,Prepared/as-delivered status varies; no systematic video verification
2025_united-arab-emirates,2025,ARE,local PDF,data/UNGA80_General_Debate_2025_statements/UNGA80_General_Debate_2025/united-arab-emirates__ae_en.pdf,e2820a0d5052ea2dc946768cb191ad457415decd1fd59c40a60686a1aa02676f,https://gadebate.un.org/sites/default/files/gastatements/80/ae_en.pdf,en,1,5,Local cover or explicit delivery statement; external metadata where recorded,Prepared/as-delivered status varies; no systematic video verification
2025_united-kingdom-great-britain-and-northern-ireland,2025,GBR,local PDF,data/UNGA80_General_Debate_2025_statements/UNGA80_General_Debate_2025/united-kingdom-great-britain-and-northern-ireland__gb_en.pdf,321f5c822f2b9bb8b04332d9feb933bb07e3fd076d5f465712e0a3b8f7482298,https://gadebate.un.org/sites/default/files/gastatements/80/gb_en.pdf,en,1,8,Local cover or explicit delivery statement; external metadata where recorded,Prepared/as-delivered status varies; no systematic video verification
2025_united-republic-tanzania,2025,TZA,local PDF,data/UNGA80_General_Debate_2025_statements/UNGA80_General_Debate_2025/united-republic-tanzania__tz_en.pdf,b71c7b094ab9ec8e7a170e2d49311d49ffcfc18b44273763b4a1c0cc3b0e6763,https://gadebate.un.org/sites/default/files/gastatements/80/tz_en.pdf,en,1,4,Local cover or explicit delivery statement; external metadata where recorded,Prepared/as-delivered status varies; no systematic video verification
2025_uruguay,2025,URY,local PDF,data/UNGA80_General_Debate_2025_statements/UNGA80_General_Debate_2025/uruguay__uy_es.pdf,c6bd3b616837eb278dc39bc710188e6379aa7a3df47203ea1087fd4571e2543d,https://gadebate.un.org/sites/default/files/gastatements/80/uy_es.pdf,es,1,4,Local cover or explicit delivery statement; external metadata where recorded,Prepared/as-delivered status varies; no systematic video verification
2025_uzbekistan,2025,UZB,local PDF,data/UNGA80_General_Debate_2025_statements/UNGA80_General_Debate_2025/uzbekistan__uz_en.pdf,b5dea77c0307a5a209c7284a8748af0a88236840f18abab530365ec1dc28a28d,https://gadebate.un.org/sites/default/files/gastatements/80/uz_en.pdf,en,1,6,Local cover or explicit delivery statement; external metadata where recorded,Prepared/as-delivered status varies; no systematic video verification
2025_vanuatu,2025,VUT,local PDF,data/UNGA80_General_Debate_2025_statements/UNGA80_General_Debate_2025/vanuatu__vu_en.pdf,c82a00b26979c9c37dff5be8fdff697c53362e083ad305d0e813454c6c35e3f5,https://gadebate.un.org/sites/default/files/gastatements/80/vu_en.pdf,en,1,6,Local cover or explicit delivery statement; external metadata where recorded,Prepared/as-delivered status varies; no systematic video verification
2025_venezuela-bolivarian-republic,2025,VEN,local PDF,data/UNGA80_General_Debate_2025_statements/UNGA80_General_Debate_2025/venezuela-bolivarian-republic__ve_es.pdf,0f367797e3ce5eaa658ecd4df0e42f36302673d8bd544169d2ac6ace69592329,https://gadebate.un.org/sites/default/files/gastatements/80/ve_es.pdf,es,1,6,Local cover or explicit delivery statement; external metadata where recorded,Prepared/as-delivered status varies; no systematic video verification
2025_viet-nam,2025,VNM,local PDF,data/UNGA80_General_Debate_2025_statements/UNGA80_General_Debate_2025/viet-nam__vn_en.pdf,7980387d5ccac093148dcdd85c376a87fa6bc12e857a4fc270bf80be2f87d130,https://gadebate.un.org/sites/default/files/gastatements/80/vn_en.pdf,en,1,5,Local cover or explicit delivery statement; external metadata where recorded,Prepared/as-delivered status varies; no systematic video verification
2025_yemen,2025,YEM,local PDF,data/UNGA80_General_Debate_2025_statements/UNGA80_General_Debate_2025/yemen__ye_ar.pdf,043f59e5d29fbafb1773683fd2ba9f0ee5525a50d39a6e160913c405784e91d7,https://gadebate.un.org/sites/default/files/gastatements/80/ye_ar.pdf,ar,1,10,Local cover or explicit delivery statement; external metadata where recorded,Prepared/as-delivered status varies; no systematic video verification
2025_zambia,2025,ZMB,local PDF,data/UNGA80_General_Debate_2025_statements/UNGA80_General_Debate_2025/zambia__zm_en.pdf,eecfea94dde8e0bfd7fcab8d7291a759d8f214681a514439be6bb7c0f9b6509b,https://gadebate.un.org/sites/default/files/gastatements/80/zm_en.pdf,en,1,9,Local cover or explicit delivery statement; external metadata where recorded,Prepared/as-delivered status varies; no systematic video verification
2025_zimbabwe,2025,ZWE,local PDF,data/UNGA80_General_Debate_2025_statements/UNGA80_General_Debate_2025/zimbabwe__zw_en.pdf,dcd64fa9e49519b533f8ed2225480c0fe6a2667e408a5f3b8fb138784c1cf186,https://gadebate.un.org/sites/default/files/gastatements/80/zw_en.pdf,en,1,14,Local cover or explicit delivery statement; external metadata where recorded,Prepared/as-delivered status varies; no systematic video verification
2026_BRA_ASR,2026,BRA,"UN-hosted ASR, not official record",output/supplementary_2026/day1.json,c2ea4447e91a784516298f9c67597d8555c865e03b57840edc1644a8b924df75,https://transcripts.un.org/en/asset/k17/k17s3dutob?t=1:20:41,en including interpretation,1,,President; automated attribution provisional,22-24 September partial coverage; no systematic audio verification
2026_USA_ASR,2026,USA,"UN-hosted ASR, not official record",output/supplementary_2026/day1.json,c2ea4447e91a784516298f9c67597d8555c865e03b57840edc1644a8b924df75,https://transcripts.un.org/en/asset/k17/k17s3dutob?t=1:46:16,en including interpretation,1,,President; automated attribution provisional,22-24 September partial coverage; no systematic audio verification
2026_JOR_ASR,2026,JOR,"UN-hosted ASR, not official record",output/supplementary_2026/day1.json,c2ea4447e91a784516298f9c67597d8555c865e03b57840edc1644a8b924df75,https://transcripts.un.org/en/asset/k17/k17s3dutob?t=2:31:54,en including interpretation,1,,King; automated attribution provisional,22-24 September partial coverage; no systematic audio verification
2026_TUR_ASR,2026,TUR,"UN-hosted ASR, not official record",output/supplementary_2026/day1.json,c2ea4447e91a784516298f9c67597d8555c865e03b57840edc1644a8b924df75,https://transcripts.un.org/en/asset/k17/k17s3dutob?t=2:52:51,en including interpretation,1,,President; automated attribution provisional,22-24 September partial coverage; no systematic audio verification
2026_KGZ_ASR,2026,KGZ,"UN-hosted ASR, not official record",output/supplementary_2026/day1.json,c2ea4447e91a784516298f9c67597d8555c865e03b57840edc1644a8b924df75,https://transcripts.un.org/en/asset/k17/k17s3dutob?t=3:28:38,en including interpretation,1,,President; automated attribution provisional,22-24 September partial coverage; no systematic audio verification
2026_QAT_ASR,2026,QAT,"UN-hosted ASR, not official record",output/supplementary_2026/day1.json,c2ea4447e91a784516298f9c67597d8555c865e03b57840edc1644a8b924df75,https://transcripts.un.org/en/asset/k17/k17s3dutob?t=3:51:00,en including interpretation,1,,Amir; automated attribution provisional,22-24 September partial coverage; no systematic audio verification
2026_LTU_ASR,2026,LTU,"UN-hosted ASR, not official record",output/supplementary_2026/day1.json,c2ea4447e91a784516298f9c67597d8555c865e03b57840edc1644a8b924df75,https://transcripts.un.org/en/asset/k17/k17s3dutob?t=4:07:37,en including interpretation,1,,President; automated attribution provisional,22-24 September partial coverage; no systematic audio verification
2026_PER_ASR,2026,PER,"UN-hosted ASR, not official record",output/supplementary_2026/day1.json,c2ea4447e91a784516298f9c67597d8555c865e03b57840edc1644a8b924df75,https://transcripts.un.org/en/asset/k17/k17s3dutob?t=4:22:37,en including interpretation,1,,President; automated attribution provisional,22-24 September partial coverage; no systematic audio verification
2026_CHL_ASR,2026,CHL,"UN-hosted ASR, not official record",output/supplementary_2026/day1.json,c2ea4447e91a784516298f9c67597d8555c865e03b57840edc1644a8b924df75,https://transcripts.un.org/en/asset/k17/k17s3dutob?t=4:41:05,en including interpretation,1,,President; automated attribution provisional,22-24 September partial coverage; no systematic audio verification
2026_FIN_ASR,2026,FIN,"UN-hosted ASR, not official record",output/supplementary_2026/day1.json,c2ea4447e91a784516298f9c67597d8555c865e03b57840edc1644a8b924df75,https://transcripts.un.org/en/asset/k17/k17s3dutob?t=4:59:44,en including interpretation,1,,President; automated attribution provisional,22-24 September partial coverage; no systematic audio verification
2026_LUX_ASR,2026,LUX,"UN-hosted ASR, not official record",output/supplementary_2026/day1.json,c2ea4447e91a784516298f9c67597d8555c865e03b57840edc1644a8b924df75,https://transcripts.un.org/en/asset/k17/k17s3dutob?t=5:19:37,en including interpretation,1,,Grand Duke; automated attribution provisional,22-24 September partial coverage; no systematic audio verification
2026_FRA_ASR,2026,FRA,"UN-hosted ASR, not official record",output/supplementary_2026/day1.json,c2ea4447e91a784516298f9c67597d8555c865e03b57840edc1644a8b924df75,https://transcripts.un.org/en/asset/k17/k17s3dutob?t=5:38:41,en including interpretation,1,,President; automated attribution provisional,22-24 September partial coverage; no systematic audio verification
2026_AGO_ASR,2026,AGO,"UN-hosted ASR, not official record",output/supplementary_2026/day1.json,c2ea4447e91a784516298f9c67597d8555c865e03b57840edc1644a8b924df75,https://transcripts.un.org/en/asset/k17/k17s3dutob?t=6:12:22,en including interpretation,1,,President; automated attribution provisional,22-24 September partial coverage; no systematic audio verification
2026_MNG_ASR,2026,MNG,"UN-hosted ASR, not official record",output/supplementary_2026/day1.json,c2ea4447e91a784516298f9c67597d8555c865e03b57840edc1644a8b924df75,https://transcripts.un.org/en/asset/k17/k17s3dutob?t=6:38:24,en including interpretation,1,,President; automated attribution provisional,22-24 September partial coverage; no systematic audio verification
2026_KOR_ASR,2026,KOR,"UN-hosted ASR, not official record",output/supplementary_2026/day1.json,c2ea4447e91a784516298f9c67597d8555c865e03b57840edc1644a8b924df75,https://transcripts.un.org/en/asset/k17/k17s3dutob?t=7:02:04,en including interpretation,1,,President; automated attribution provisional,22-24 September partial coverage; no systematic audio verification
2026_SUR_ASR,2026,SUR,"UN-hosted ASR, not official record",output/supplementary_2026/day1.json,c2ea4447e91a784516298f9c67597d8555c865e03b57840edc1644a8b924df75,https://transcripts.un.org/en/asset/k17/k17s3dutob?t=7:20:20,en including interpretation,1,,President; automated attribution provisional,22-24 September partial coverage; no systematic audio verification
2026_SLE_ASR,2026,SLE,"UN-hosted ASR, not official record",output/supplementary_2026/day1.json,c2ea4447e91a784516298f9c67597d8555c865e03b57840edc1644a8b924df75,https://transcripts.un.org/en/asset/k17/k17s3dutob?t=7:36:57,en including interpretation,1,,President; automated attribution provisional,22-24 September partial coverage; no systematic audio verification
2026_BIH_ASR,2026,BIH,"UN-hosted ASR, not official record",output/supplementary_2026/day1.json,c2ea4447e91a784516298f9c67597d8555c865e03b57840edc1644a8b924df75,https://transcripts.un.org/en/asset/k17/k17s3dutob?t=8:01:14,en including interpretation,1,,Chairman of the Presidency; automated attribution provisional,22-24 September partial coverage; no systematic audio verification
2026_DMA_ASR,2026,DMA,"UN-hosted ASR, not official record",output/supplementary_2026/day1.json,c2ea4447e91a784516298f9c67597d8555c865e03b57840edc1644a8b924df75,https://transcripts.un.org/en/asset/k17/k17s3dutob?t=8:16:01,en including interpretation,1,,President; automated attribution provisional,22-24 September partial coverage; no systematic audio verification
2026_CHE_ASR,2026,CHE,"UN-hosted ASR, not official record",output/supplementary_2026/day1.json,c2ea4447e91a784516298f9c67597d8555c865e03b57840edc1644a8b924df75,https://transcripts.un.org/en/asset/k17/k17s3dutob?t=8:42:53,en including interpretation,1,,President; automated attribution provisional,22-24 September partial coverage; no systematic audio verification
2026_SYC_ASR,2026,SYC,"UN-hosted ASR, not official record",output/supplementary_2026/day1.json,c2ea4447e91a784516298f9c67597d8555c865e03b57840edc1644a8b924df75,https://transcripts.un.org/en/asset/k17/k17s3dutob?t=8:56:19,en including interpretation,1,,President; automated attribution provisional,22-24 September partial coverage; no systematic audio verification
2026_NRU_ASR,2026,NRU,"UN-hosted ASR, not official record",output/supplementary_2026/day1.json,c2ea4447e91a784516298f9c67597d8555c865e03b57840edc1644a8b924df75,https://transcripts.un.org/en/asset/k17/k17s3dutob?t=9:10:10,en including interpretation,1,,President; automated attribution provisional,22-24 September partial coverage; no systematic audio verification
2026_VNM_ASR,2026,VNM,"UN-hosted ASR, not official record",output/supplementary_2026/day1.json,c2ea4447e91a784516298f9c67597d8555c865e03b57840edc1644a8b924df75,https://transcripts.un.org/en/asset/k17/k17s3dutob?t=9:27:41,en including interpretation,1,,General Secretary and President; automated attribution provisional,22-24 September partial coverage; no systematic audio verification
2026_TZA_ASR,2026,TZA,"UN-hosted ASR, not official record",output/supplementary_2026/day1.json,c2ea4447e91a784516298f9c67597d8555c865e03b57840edc1644a8b924df75,https://transcripts.un.org/en/asset/k17/k17s3dutob?t=9:41:02,en including interpretation,1,,Vice President; automated attribution provisional,22-24 September partial coverage; no systematic audio verification
2026_BTN_ASR,2026,BTN,"UN-hosted ASR, not official record",output/supplementary_2026/day1.json,c2ea4447e91a784516298f9c67597d8555c865e03b57840edc1644a8b924df75,https://transcripts.un.org/en/asset/k17/k17s3dutob?t=10:00:48,en including interpretation,1,,Prime Minister; automated attribution provisional,22-24 September partial coverage; no systematic audio verification
2026_TTO_ASR,2026,TTO,"UN-hosted ASR, not official record",output/supplementary_2026/day1.json,c2ea4447e91a784516298f9c67597d8555c865e03b57840edc1644a8b924df75,https://transcripts.un.org/en/asset/k17/k17s3dutob?t=10:20:24,en including interpretation,1,,Prime Minister; automated attribution provisional,22-24 September partial coverage; no systematic audio verification
2026_JPN_ASR,2026,JPN,"UN-hosted ASR, not official record",output/supplementary_2026/day1.json,c2ea4447e91a784516298f9c67597d8555c865e03b57840edc1644a8b924df75,https://transcripts.un.org/en/asset/k17/k17s3dutob?t=10:35:28,en including interpretation,1,,Prime Minister; automated attribution provisional,22-24 September partial coverage; no systematic audio verification
2026_GBR_ASR,2026,GBR,"UN-hosted ASR, not official record",output/supplementary_2026/day1.json,c2ea4447e91a784516298f9c67597d8555c865e03b57840edc1644a8b924df75,https://transcripts.un.org/en/asset/k17/k17s3dutob?t=10:57:37,en including interpretation,1,,Prime Minister; automated attribution provisional,22-24 September partial coverage; no systematic audio verification
2026_HRV_ASR,2026,HRV,"UN-hosted ASR, not official record",output/supplementary_2026/day1.json,c2ea4447e91a784516298f9c67597d8555c865e03b57840edc1644a8b924df75,https://transcripts.un.org/en/asset/k17/k17s3dutob?t=11:20:02,en including interpretation,1,,Prime Minister; automated attribution provisional,22-24 September partial coverage; no systematic audio verification
2026_BEL_ASR,2026,BEL,"UN-hosted ASR, not official record",output/supplementary_2026/day1.json,c2ea4447e91a784516298f9c67597d8555c865e03b57840edc1644a8b924df75,https://transcripts.un.org/en/asset/k17/k17s3dutob?t=11:37:40,en including interpretation,1,,Deputy Prime Minister and Minister of Foreign Affairs; automated attribution provisional,22-24 September partial coverage; no systematic audio verification
2026_MAR_ASR,2026,MAR,"UN-hosted ASR, not official record",output/supplementary_2026/day1.json,c2ea4447e91a784516298f9c67597d8555c865e03b57840edc1644a8b924df75,https://transcripts.un.org/en/asset/k17/k17s3dutob?t=12:08:54,en including interpretation,1,,Minister of Foreign Affairs; automated attribution provisional,22-24 September partial coverage; no systematic audio verification
2026_SYR_ASR,2026,SYR,"UN-hosted ASR, not official record",output/supplementary_2026/day2.json,1d48a568967de80ba6f0e040bcda57d9df79e12a3e50907b327f1fa68aa29a92,https://transcripts.un.org/en/asset/k1b/k1b5jwwa58?t=16:13,en including interpretation,1,,President; automated attribution provisional,22-24 September partial coverage; no systematic audio verification
2026_LVA_ASR,2026,LVA,"UN-hosted ASR, not official record",output/supplementary_2026/day2.json,1d48a568967de80ba6f0e040bcda57d9df79e12a3e50907b327f1fa68aa29a92,https://transcripts.un.org/en/asset/k1b/k1b5jwwa58?t=26:35,en including interpretation,1,,President; automated attribution provisional,22-24 September partial coverage; no systematic audio verification
2026_ROU_ASR,2026,ROU,"UN-hosted ASR, not official record",output/supplementary_2026/day2.json,1d48a568967de80ba6f0e040bcda57d9df79e12a3e50907b327f1fa68aa29a92,https://transcripts.un.org/en/asset/k1b/k1b5jwwa58?t=41:30,en including interpretation,1,,President; automated attribution provisional,22-24 September partial coverage; no systematic audio verification
2026_BDI_ASR,2026,BDI,"UN-hosted ASR, not official record",output/supplementary_2026/day2.json,1d48a568967de80ba6f0e040bcda57d9df79e12a3e50907b327f1fa68aa29a92,https://transcripts.un.org/en/asset/k1b/k1b5jwwa58?t=57:18,en including interpretation,1,,President; automated attribution provisional,22-24 September partial coverage; no systematic audio verification
2026_IRN_ASR,2026,IRN,"UN-hosted ASR, not official record",output/supplementary_2026/day2.json,1d48a568967de80ba6f0e040bcda57d9df79e12a3e50907b327f1fa68aa29a92,https://transcripts.un.org/en/asset/k1b/k1b5jwwa58?t=1:24:26,en including interpretation,1,,President; automated attribution provisional,22-24 September partial coverage; no systematic audio verification
2026_PRY_ASR,2026,PRY,"UN-hosted ASR, not official record",output/supplementary_2026/day2.json,1d48a568967de80ba6f0e040bcda57d9df79e12a3e50907b327f1fa68aa29a92,https://transcripts.un.org/en/asset/k1b/k1b5jwwa58?t=1:43:15,en including interpretation,1,,President; automated attribution provisional,22-24 September partial coverage; no systematic audio verification
2026_CZE_ASR,2026,CZE,"UN-hosted ASR, not official record",output/supplementary_2026/day2.json,1d48a568967de80ba6f0e040bcda57d9df79e12a3e50907b327f1fa68aa29a92,https://transcripts.un.org/en/asset/k1b/k1b5jwwa58?t=2:09:04,en including interpretation,1,,President; automated attribution provisional,22-24 September partial coverage; no systematic audio verification
2026_ARG_ASR,2026,ARG,"UN-hosted ASR, not official record",output/supplementary_2026/day2.json,1d48a568967de80ba6f0e040bcda57d9df79e12a3e50907b327f1fa68aa29a92,https://transcripts.un.org/en/asset/k1b/k1b5jwwa58?t=2:20:55,en including interpretation,1,,President; automated attribution provisional,22-24 September partial coverage; no systematic audio verification
2026_EST_ASR,2026,EST,"UN-hosted ASR, not official record",output/supplementary_2026/day2.json,1d48a568967de80ba6f0e040bcda57d9df79e12a3e50907b327f1fa68aa29a92,https://transcripts.un.org/en/asset/k1b/k1b5jwwa58?t=2:41:28,en including interpretation,1,,President; automated attribution provisional,22-24 September partial coverage; no systematic audio verification
2026_TLS_ASR,2026,TLS,"UN-hosted ASR, not official record",output/supplementary_2026/day2.json,1d48a568967de80ba6f0e040bcda57d9df79e12a3e50907b327f1fa68aa29a92,https://transcripts.un.org/en/asset/k1b/k1b5jwwa58?t=3:02:05,en including interpretation,1,,President; automated attribution provisional,22-24 September partial coverage; no systematic audio verification
2026_LBY_ASR,2026,LBY,"UN-hosted ASR, not official record",output/supplementary_2026/day2.json,1d48a568967de80ba6f0e040bcda57d9df79e12a3e50907b327f1fa68aa29a92,https://transcripts.un.org/en/asset/k1b/k1b5jwwa58?t=3:27:13,en including interpretation,1,,President of the Presidential Council; automated attribution provisional,22-24 September partial coverage; no systematic audio verification
2026_PLW_ASR,2026,PLW,"UN-hosted ASR, not official record",output/supplementary_2026/day2.json,1d48a568967de80ba6f0e040bcda57d9df79e12a3e50907b327f1fa68aa29a92,https://transcripts.un.org/en/asset/k1b/k1b5jwwa58?t=3:47:31,en including interpretation,1,,President; automated attribution provisional,22-24 September partial coverage; no systematic audio verification
2026_CYP_ASR,2026,CYP,"UN-hosted ASR, not official record",output/supplementary_2026/day2.json,1d48a568967de80ba6f0e040bcda57d9df79e12a3e50907b327f1fa68aa29a92,https://transcripts.un.org/en/asset/k1b/k1b5jwwa58?t=4:04:39,en including interpretation,1,,President; automated attribution provisional,22-24 September partial coverage; no systematic audio verification
2026_DOM_ASR,2026,DOM,"UN-hosted ASR, not official record",output/supplementary_2026/day2.json,1d48a568967de80ba6f0e040bcda57d9df79e12a3e50907b327f1fa68aa29a92,https://transcripts.un.org/en/asset/k1b/k1b5jwwa58?t=4:25:47,en including interpretation,1,,President; automated attribution provisional,22-24 September partial coverage; no systematic audio verification
2026_BWA_ASR,2026,BWA,"UN-hosted ASR, not official record",output/supplementary_2026/day2.json,1d48a568967de80ba6f0e040bcda57d9df79e12a3e50907b327f1fa68aa29a92,https://transcripts.un.org/en/asset/k1b/k1b5jwwa58?t=4:39:48,en including interpretation,1,,President; automated attribution provisional,22-24 September partial coverage; no systematic audio verification
2026_ECU_ASR,2026,ECU,"UN-hosted ASR, not official record",output/supplementary_2026/day2.json,1d48a568967de80ba6f0e040bcda57d9df79e12a3e50907b327f1fa68aa29a92,https://transcripts.un.org/en/asset/k1b/k1b5jwwa58?t=4:55:55,en including interpretation,1,,Constitutional President; automated attribution provisional,22-24 September partial coverage; no systematic audio verification
2026_UKR_ASR,2026,UKR,"UN-hosted ASR, not official record",output/supplementary_2026/day2.json,1d48a568967de80ba6f0e040bcda57d9df79e12a3e50907b327f1fa68aa29a92,https://transcripts.un.org/en/asset/k1b/k1b5jwwa58?t=5:07:18,en including interpretation,1,,President; automated attribution provisional,22-24 September partial coverage; no systematic audio verification
2026_BGR_ASR,2026,BGR,"UN-hosted ASR, not official record",output/supplementary_2026/day2.json,1d48a568967de80ba6f0e040bcda57d9df79e12a3e50907b327f1fa68aa29a92,https://transcripts.un.org/en/asset/k1b/k1b5jwwa58?t=5:34:03,en including interpretation,1,,President; automated attribution provisional,22-24 September partial coverage; no systematic audio verification
2026_CAF_ASR,2026,CAF,"UN-hosted ASR, not official record",output/supplementary_2026/day2.json,1d48a568967de80ba6f0e040bcda57d9df79e12a3e50907b327f1fa68aa29a92,https://transcripts.un.org/en/asset/k1b/k1b5jwwa58?t=5:51:39,en including interpretation,1,,Head of State; automated attribution provisional,22-24 September partial coverage; no systematic audio verification
2026_PAN_ASR,2026,PAN,"UN-hosted ASR, not official record",output/supplementary_2026/day2.json,1d48a568967de80ba6f0e040bcda57d9df79e12a3e50907b327f1fa68aa29a92,https://transcripts.un.org/en/asset/k1b/k1b5jwwa58?t=6:07:48,en including interpretation,1,,President; automated attribution provisional,22-24 September partial coverage; no systematic audio verification
2026_ETH_ASR,2026,ETH,"UN-hosted ASR, not official record",output/supplementary_2026/day2.json,1d48a568967de80ba6f0e040bcda57d9df79e12a3e50907b327f1fa68aa29a92,https://transcripts.un.org/en/asset/k1b/k1b5jwwa58?t=6:28:35,en including interpretation,1,,President; automated attribution provisional,22-24 September partial coverage; no systematic audio verification
2026_POL_ASR,2026,POL,"UN-hosted ASR, not official record",output/supplementary_2026/day2.json,1d48a568967de80ba6f0e040bcda57d9df79e12a3e50907b327f1fa68aa29a92,https://transcripts.un.org/en/asset/k1b/k1b5jwwa58?t=6:43:04,en including interpretation,1,,President; automated attribution provisional,22-24 September partial coverage; no systematic audio verification
2026_NAM_ASR,2026,NAM,"UN-hosted ASR, not official record",output/supplementary_2026/day2.json,1d48a568967de80ba6f0e040bcda57d9df79e12a3e50907b327f1fa68aa29a92,https://transcripts.un.org/en/asset/k1b/k1b5jwwa58?t=7:10:21,en including interpretation,1,,President; automated attribution provisional,22-24 September partial coverage; no systematic audio verification
2026_SVK_ASR,2026,SVK,"UN-hosted ASR, not official record",output/supplementary_2026/day2.json,1d48a568967de80ba6f0e040bcda57d9df79e12a3e50907b327f1fa68aa29a92,https://transcripts.un.org/en/asset/k1b/k1b5jwwa58?t=7:34:21,en including interpretation,1,,President; automated attribution provisional,22-24 September partial coverage; no systematic audio verification
2026_KEN_ASR,2026,KEN,"UN-hosted ASR, not official record",output/supplementary_2026/day2.json,1d48a568967de80ba6f0e040bcda57d9df79e12a3e50907b327f1fa68aa29a92,https://transcripts.un.org/en/asset/k1b/k1b5jwwa58?t=7:47:20,en including interpretation,1,,President; automated attribution provisional,22-24 September partial coverage; no systematic audio verification
2026_SRB_ASR,2026,SRB,"UN-hosted ASR, not official record",output/supplementary_2026/day2.json,1d48a568967de80ba6f0e040bcda57d9df79e12a3e50907b327f1fa68aa29a92,https://transcripts.un.org/en/asset/k1b/k1b5jwwa58?t=8:20:31,en including interpretation,1,,President; automated attribution provisional,22-24 September partial coverage; no systematic audio verification
2026_MOZ_ASR,2026,MOZ,"UN-hosted ASR, not official record",output/supplementary_2026/day2.json,1d48a568967de80ba6f0e040bcda57d9df79e12a3e50907b327f1fa68aa29a92,https://transcripts.un.org/en/asset/k1b/k1b5jwwa58?t=8:41:24,en including interpretation,1,,President; automated attribution provisional,22-24 September partial coverage; no systematic audio verification
2026_GIN_ASR,2026,GIN,"UN-hosted ASR, not official record",output/supplementary_2026/day2.json,1d48a568967de80ba6f0e040bcda57d9df79e12a3e50907b327f1fa68aa29a92,https://transcripts.un.org/en/asset/k1b/k1b5jwwa58?t=9:07:05,en including interpretation,1,,President; automated attribution provisional,22-24 September partial coverage; no systematic audio verification
2026_SWZ_ASR,2026,SWZ,"UN-hosted ASR, not official record",output/supplementary_2026/day2.json,1d48a568967de80ba6f0e040bcda57d9df79e12a3e50907b327f1fa68aa29a92,https://transcripts.un.org/en/asset/k1b/k1b5jwwa58?t=9:20:14,en including interpretation,1,,Head of State; automated attribution provisional,22-24 September partial coverage; no systematic audio verification
2026_HND_ASR,2026,HND,"UN-hosted ASR, not official record",output/supplementary_2026/day2.json,1d48a568967de80ba6f0e040bcda57d9df79e12a3e50907b327f1fa68aa29a92,https://transcripts.un.org/en/asset/k1b/k1b5jwwa58?t=9:46:17,en including interpretation,1,,President; automated attribution provisional,22-24 September partial coverage; no systematic audio verification
2026_MNE_ASR,2026,MNE,"UN-hosted ASR, not official record",output/supplementary_2026/day2.json,1d48a568967de80ba6f0e040bcda57d9df79e12a3e50907b327f1fa68aa29a92,https://transcripts.un.org/en/asset/k1b/k1b5jwwa58?t=10:01:22,en including interpretation,1,,President; automated attribution provisional,22-24 September partial coverage; no systematic audio verification
2026_VEN_ASR,2026,VEN,"UN-hosted ASR, not official record",output/supplementary_2026/day2.json,1d48a568967de80ba6f0e040bcda57d9df79e12a3e50907b327f1fa68aa29a92,https://transcripts.un.org/en/asset/k1b/k1b5jwwa58?t=10:25:14,en including interpretation,1,,Acting President; automated attribution provisional,22-24 September partial coverage; no systematic audio verification
2026_UGA_ASR,2026,UGA,"UN-hosted ASR, not official record",output/supplementary_2026/day2.json,1d48a568967de80ba6f0e040bcda57d9df79e12a3e50907b327f1fa68aa29a92,https://transcripts.un.org/en/asset/k1b/k1b5jwwa58?t=10:45:00,en including interpretation,1,,Vice President; automated attribution provisional,22-24 September partial coverage; no systematic audio verification
2026_RWA_ASR,2026,RWA,"UN-hosted ASR, not official record",output/supplementary_2026/day2.json,1d48a568967de80ba6f0e040bcda57d9df79e12a3e50907b327f1fa68aa29a92,https://transcripts.un.org/en/asset/k1b/k1b5jwwa58?t=10:58:46,en including interpretation,1,,Prime Minister; automated attribution provisional,22-24 September partial coverage; no systematic audio verification
2026_ESP_ASR,2026,ESP,"UN-hosted ASR, not official record",output/supplementary_2026/day2.json,1d48a568967de80ba6f0e040bcda57d9df79e12a3e50907b327f1fa68aa29a92,https://transcripts.un.org/en/asset/k1b/k1b5jwwa58?t=11:09:10,en including interpretation,1,,President of the Government; automated attribution provisional,22-24 September partial coverage; no systematic audio verification
2026_AND_ASR,2026,AND,"UN-hosted ASR, not official record",output/supplementary_2026/day2.json,1d48a568967de80ba6f0e040bcda57d9df79e12a3e50907b327f1fa68aa29a92,https://transcripts.un.org/en/asset/k1b/k1b5jwwa58?t=11:25:32,en including interpretation,1,,Head of Government; automated attribution provisional,22-24 September partial coverage; no systematic audio verification
2026_COD_ASR,2026,COD,"UN-hosted ASR, not official record",output/supplementary_2026/day2.json,1d48a568967de80ba6f0e040bcda57d9df79e12a3e50907b327f1fa68aa29a92,https://transcripts.un.org/en/asset/k1b/k1b5jwwa58?t=11:43:17,en including interpretation,1,,"Prime Minister, Head of Government; automated attribution provisional",22-24 September partial coverage; no systematic audio verification
2026_ITA_ASR,2026,ITA,"UN-hosted ASR, not official record",output/supplementary_2026/day2.json,1d48a568967de80ba6f0e040bcda57d9df79e12a3e50907b327f1fa68aa29a92,https://transcripts.un.org/en/asset/k1b/k1b5jwwa58?t=12:12:32,en including interpretation,1,,Deputy Prime Minister and Minister of Foreign Affairs and International Cooperation; automated attribution provisional,22-24 September partial coverage; no systematic audio verification
2026_UZB_ASR,2026,UZB,"UN-hosted ASR, not official record",output/supplementary_2026/day2.json,1d48a568967de80ba6f0e040bcda57d9df79e12a3e50907b327f1fa68aa29a92,https://transcripts.un.org/en/asset/k1b/k1b5jwwa58?t=12:29:15,en including interpretation,1,,Head of Administration of the Presidency; automated attribution provisional,22-24 September partial coverage; no systematic audio verification
2026_ZWE_ASR,2026,ZWE,"UN-hosted ASR, not official record",output/supplementary_2026/day3.json,d811444b40ce3fed3c9e88fee705c2fb1f994316fa4f311bbb6c4cf20e9e7cae,https://transcripts.un.org/en/asset/k18/k18iyhzwip?t=16:49,en including interpretation,1,,President; automated attribution provisional,22-24 September partial coverage; no systematic audio verification
2026_MDG_ASR,2026,MDG,"UN-hosted ASR, not official record",output/supplementary_2026/day3.json,d811444b40ce3fed3c9e88fee705c2fb1f994316fa4f311bbb6c4cf20e9e7cae,https://transcripts.un.org/en/asset/k18/k18iyhzwip?t=37:12,en including interpretation,1,,President; automated attribution provisional,22-24 September partial coverage; no systematic audio verification
2026_GHA_ASR,2026,GHA,"UN-hosted ASR, not official record",output/supplementary_2026/day3.json,d811444b40ce3fed3c9e88fee705c2fb1f994316fa4f311bbb6c4cf20e9e7cae,https://transcripts.un.org/en/asset/k18/k18iyhzwip?t=1:00:36,en including interpretation,1,,President; automated attribution provisional,22-24 September partial coverage; no systematic audio verification
2026_GUY_ASR,2026,GUY,"UN-hosted ASR, not official record",output/supplementary_2026/day3.json,d811444b40ce3fed3c9e88fee705c2fb1f994316fa4f311bbb6c4cf20e9e7cae,https://transcripts.un.org/en/asset/k18/k18iyhzwip?t=1:51:54,en including interpretation,1,,President; automated attribution provisional,22-24 September partial coverage; no systematic audio verification
2026_SOM_ASR,2026,SOM,"UN-hosted ASR, not official record",output/supplementary_2026/day3.json,d811444b40ce3fed3c9e88fee705c2fb1f994316fa4f311bbb6c4cf20e9e7cae,https://transcripts.un.org/en/asset/k18/k18iyhzwip?t=2:17:46,en including interpretation,1,,President; automated attribution provisional,22-24 September partial coverage; no systematic audio verification
2026_COM_ASR,2026,COM,"UN-hosted ASR, not official record",output/supplementary_2026/day3.json,d811444b40ce3fed3c9e88fee705c2fb1f994316fa4f311bbb6c4cf20e9e7cae,https://transcripts.un.org/en/asset/k18/k18iyhzwip?t=2:42:48,en including interpretation,1,,President; automated attribution provisional,22-24 September partial coverage; no systematic audio verification
2026_LBR_ASR,2026,LBR,"UN-hosted ASR, not official record",output/supplementary_2026/day3.json,d811444b40ce3fed3c9e88fee705c2fb1f994316fa4f311bbb6c4cf20e9e7cae,https://transcripts.un.org/en/asset/k18/k18iyhzwip?t=3:01:43,en including interpretation,1,,President; automated attribution provisional,22-24 September partial coverage; no systematic audio verification
2026_BOL_ASR,2026,BOL,"UN-hosted ASR, not official record",output/supplementary_2026/day3.json,d811444b40ce3fed3c9e88fee705c2fb1f994316fa4f311bbb6c4cf20e9e7cae,https://transcripts.un.org/en/asset/k18/k18iyhzwip?t=3:17:45,en including interpretation,1,,President; automated attribution provisional,22-24 September partial coverage; no systematic audio verification
2026_HUN_ASR,2026,HUN,"UN-hosted ASR, not official record",output/supplementary_2026/day3.json,d811444b40ce3fed3c9e88fee705c2fb1f994316fa4f311bbb6c4cf20e9e7cae,https://transcripts.un.org/en/asset/k18/k18iyhzwip?t=3:35:59,en including interpretation,1,,President; automated attribution provisional,22-24 September partial coverage; no systematic audio verification
2026_URY_ASR,2026,URY,"UN-hosted ASR, not official record",output/supplementary_2026/day3.json,d811444b40ce3fed3c9e88fee705c2fb1f994316fa4f311bbb6c4cf20e9e7cae,https://transcripts.un.org/en/asset/k18/k18iyhzwip?t=3:47:29,en including interpretation,1,,President; automated attribution provisional,22-24 September partial coverage; no systematic audio verification
2026_GNQ_ASR,2026,GNQ,"UN-hosted ASR, not official record",output/supplementary_2026/day3.json,d811444b40ce3fed3c9e88fee705c2fb1f994316fa4f311bbb6c4cf20e9e7cae,https://transcripts.un.org/en/asset/k18/k18iyhzwip?t=4:18:59,en including interpretation,1,,Vice President in charge of National Defense and Security; automated attribution provisional,22-24 September partial coverage; no systematic audio verification
2026_GMB_ASR,2026,GMB,"UN-hosted ASR, not official record",output/supplementary_2026/day3.json,d811444b40ce3fed3c9e88fee705c2fb1f994316fa4f311bbb6c4cf20e9e7cae,https://transcripts.un.org/en/asset/k18/k18iyhzwip?t=4:29:52,en including interpretation,1,,Vice President; automated attribution provisional,22-24 September partial coverage; no systematic audio verification
2026_COL_ASR,2026,COL,"UN-hosted ASR, not official record",output/supplementary_2026/day3.json,d811444b40ce3fed3c9e88fee705c2fb1f994316fa4f311bbb6c4cf20e9e7cae,https://transcripts.un.org/en/asset/k18/k18iyhzwip?t=4:53:06,en including interpretation,1,,Vice President; automated attribution provisional,22-24 September partial coverage; no systematic audio verification
2026_ISR_ASR,2026,ISR,"UN-hosted ASR, not official record",output/supplementary_2026/day3.json,d811444b40ce3fed3c9e88fee705c2fb1f994316fa4f311bbb6c4cf20e9e7cae,https://transcripts.un.org/en/asset/k18/k18iyhzwip?t=5:19:03,en including interpretation,1,,Prime Minister; automated attribution provisional,22-24 September partial coverage; no systematic audio verification
2026_PRT_ASR,2026,PRT,"UN-hosted ASR, not official record",output/supplementary_2026/day3.json,d811444b40ce3fed3c9e88fee705c2fb1f994316fa4f311bbb6c4cf20e9e7cae,https://transcripts.un.org/en/asset/k18/k18iyhzwip?t=5:59:48,en including interpretation,1,,Prime Minister; automated attribution provisional,22-24 September partial coverage; no systematic audio verification
2026_SEN_ASR,2026,SEN,"UN-hosted ASR, not official record",output/supplementary_2026/day3.json,d811444b40ce3fed3c9e88fee705c2fb1f994316fa4f311bbb6c4cf20e9e7cae,https://transcripts.un.org/en/asset/k18/k18iyhzwip?t=6:17:37,en including interpretation,1,,President; automated attribution provisional,22-24 September partial coverage; no systematic audio verification
2026_FJI_ASR,2026,FJI,"UN-hosted ASR, not official record",output/supplementary_2026/day3.json,d811444b40ce3fed3c9e88fee705c2fb1f994316fa4f311bbb6c4cf20e9e7cae,https://transcripts.un.org/en/asset/k18/k18iyhzwip?t=6:33:05,en including interpretation,1,,President; automated attribution provisional,22-24 September partial coverage; no systematic audio verification
2026_CIV_ASR,2026,CIV,"UN-hosted ASR, not official record",output/supplementary_2026/day3.json,d811444b40ce3fed3c9e88fee705c2fb1f994316fa4f311bbb6c4cf20e9e7cae,https://transcripts.un.org/en/asset/k18/k18iyhzwip?t=6:54:57,en including interpretation,1,,Vice President; automated attribution provisional,22-24 September partial coverage; no systematic audio verification
2026_NGA_ASR,2026,NGA,"UN-hosted ASR, not official record",output/supplementary_2026/day3.json,d811444b40ce3fed3c9e88fee705c2fb1f994316fa4f311bbb6c4cf20e9e7cae,https://transcripts.un.org/en/asset/k18/k18iyhzwip?t=7:14:01,en including interpretation,1,,Vice President; automated attribution provisional,22-24 September partial coverage; no systematic audio verification
2026_YEM_ASR,2026,YEM,"UN-hosted ASR, not official record",output/supplementary_2026/day3.json,d811444b40ce3fed3c9e88fee705c2fb1f994316fa4f311bbb6c4cf20e9e7cae,https://transcripts.un.org/en/asset/k18/k18iyhzwip?t=7:28:51,en including interpretation,1,,Vice President of the Presidential Leadership Council; automated attribution provisional,22-24 September partial coverage; no systematic audio verification
2026_KWT_ASR,2026,KWT,"UN-hosted ASR, not official record",output/supplementary_2026/day3.json,d811444b40ce3fed3c9e88fee705c2fb1f994316fa4f311bbb6c4cf20e9e7cae,https://transcripts.un.org/en/asset/k18/k18iyhzwip?t=7:50:25,en including interpretation,1,,Crown Prince; automated attribution provisional,22-24 September partial coverage; no systematic audio verification
2026_BRB_ASR,2026,BRB,"UN-hosted ASR, not official record",output/supplementary_2026/day3.json,d811444b40ce3fed3c9e88fee705c2fb1f994316fa4f311bbb6c4cf20e9e7cae,https://transcripts.un.org/en/asset/k18/k18iyhzwip?t=8:10:12,en including interpretation,1,,Prime Minister; automated attribution provisional,22-24 September partial coverage; no systematic audio verification
2026_ARM_ASR,2026,ARM,"UN-hosted ASR, not official record",output/supplementary_2026/day3.json,d811444b40ce3fed3c9e88fee705c2fb1f994316fa4f311bbb6c4cf20e9e7cae,https://transcripts.un.org/en/asset/k18/k18iyhzwip?t=8:46:24,en including interpretation,1,,Prime Minister; automated attribution provisional,22-24 September partial coverage; no systematic audio verification
2026_THA_ASR,2026,THA,"UN-hosted ASR, not official record",output/supplementary_2026/day3.json,d811444b40ce3fed3c9e88fee705c2fb1f994316fa4f311bbb6c4cf20e9e7cae,https://transcripts.un.org/en/asset/k18/k18iyhzwip?t=9:04:18,en including interpretation,1,,Prime Minister; automated attribution provisional,22-24 September partial coverage; no systematic audio verification
2026_GEO_ASR,2026,GEO,"UN-hosted ASR, not official record",output/supplementary_2026/day3.json,d811444b40ce3fed3c9e88fee705c2fb1f994316fa4f311bbb6c4cf20e9e7cae,https://transcripts.un.org/en/asset/k18/k18iyhzwip?t=9:21:18,en including interpretation,1,,Prime Minister; automated attribution provisional,22-24 September partial coverage; no systematic audio verification
2026_BGD_ASR,2026,BGD,"UN-hosted ASR, not official record",output/supplementary_2026/day3.json,d811444b40ce3fed3c9e88fee705c2fb1f994316fa4f311bbb6c4cf20e9e7cae,https://transcripts.un.org/en/asset/k18/k18iyhzwip?t=9:30:27,en including interpretation,1,,Prime Minister; automated attribution provisional,22-24 September partial coverage; no systematic audio verification
2026_NLD_ASR,2026,NLD,"UN-hosted ASR, not official record",output/supplementary_2026/day3.json,d811444b40ce3fed3c9e88fee705c2fb1f994316fa4f311bbb6c4cf20e9e7cae,https://transcripts.un.org/en/asset/k18/k18iyhzwip?t=9:52:01,en including interpretation,1,,Prime Minister; automated attribution provisional,22-24 September partial coverage; no systematic audio verification
2026_SVN_ASR,2026,SVN,"UN-hosted ASR, not official record",output/supplementary_2026/day3.json,d811444b40ce3fed3c9e88fee705c2fb1f994316fa4f311bbb6c4cf20e9e7cae,https://transcripts.un.org/en/asset/k18/k18iyhzwip?t=10:07:11,en including interpretation,1,,Prime Minister; automated attribution provisional,22-24 September partial coverage; no systematic audio verification
2026_GRC_ASR,2026,GRC,"UN-hosted ASR, not official record",output/supplementary_2026/day3.json,d811444b40ce3fed3c9e88fee705c2fb1f994316fa4f311bbb6c4cf20e9e7cae,https://transcripts.un.org/en/asset/k18/k18iyhzwip?t=10:26:53,en including interpretation,1,,Prime Minister; automated attribution provisional,22-24 September partial coverage; no systematic audio verification
2026_AUS_ASR,2026,AUS,"UN-hosted ASR, not official record",output/supplementary_2026/day3.json,d811444b40ce3fed3c9e88fee705c2fb1f994316fa4f311bbb6c4cf20e9e7cae,https://transcripts.un.org/en/asset/k18/k18iyhzwip?t=10:49:45,en including interpretation,1,,Prime Minister; automated attribution provisional,22-24 September partial coverage; no systematic audio verification
2026_IRL_ASR,2026,IRL,"UN-hosted ASR, not official record",output/supplementary_2026/day3.json,d811444b40ce3fed3c9e88fee705c2fb1f994316fa4f311bbb6c4cf20e9e7cae,https://transcripts.un.org/en/asset/k18/k18iyhzwip?t=11:10:04,en including interpretation,1,,Taoiseach; automated attribution provisional,22-24 September partial coverage; no systematic audio verification
2026_NPL_ASR,2026,NPL,"UN-hosted ASR, not official record",output/supplementary_2026/day3.json,d811444b40ce3fed3c9e88fee705c2fb1f994316fa4f311bbb6c4cf20e9e7cae,https://transcripts.un.org/en/asset/k18/k18iyhzwip?t=11:28:24,en including interpretation,1,,Prime Minister; automated attribution provisional,22-24 September partial coverage; no systematic audio verification
2026_AUT_ASR,2026,AUT,"UN-hosted ASR, not official record",output/supplementary_2026/day3.json,d811444b40ce3fed3c9e88fee705c2fb1f994316fa4f311bbb6c4cf20e9e7cae,https://transcripts.un.org/en/asset/k18/k18iyhzwip?t=11:42:28,en including interpretation,1,,Federal Minister for European and International Affairs; automated attribution provisional,22-24 September partial coverage; no systematic audio verification
2026_ZAF_ASR,2026,ZAF,"UN-hosted ASR, not official record",output/supplementary_2026/day3.json,d811444b40ce3fed3c9e88fee705c2fb1f994316fa4f311bbb6c4cf20e9e7cae,https://transcripts.un.org/en/asset/k18/k18iyhzwip?t=11:56:45,en including interpretation,1,,Minister for International Relations and Cooperation; automated attribution provisional,22-24 September partial coverage; no systematic audio verification
