year,country_iso3,country,status,source_type,words,issue,path
2017,AFG,Afghanistan,accepted,official_transcript,1869,,data/analysis_ready_en/2017/2017_AFG.json
2017,AGO,Angola,accepted,official_transcript,1782,,data/analysis_ready_en/2017/2017_AGO.json
2017,ALB,Albania,accepted,official_transcript,2069,,data/analysis_ready_en/2017/2017_ALB.json
2017,AND,Andorra,accepted,official_transcript,2588,,data/analysis_ready_en/2017/2017_AND.json
2017,ARE,United Arab Emirates,accepted,official_transcript,2188,,data/analysis_ready_en/2017/2017_ARE.json
2017,ARG,Argentina,accepted,official_transcript,2265,,data/analysis_ready_en/2017/2017_ARG.json
2017,ARM,Armenia,accepted,official_transcript,1669,,data/analysis_ready_en/2017/2017_ARM.json
2017,ATG,Antigua and Barbuda,accepted,official_transcript,2339,,data/analysis_ready_en/2017/2017_ATG.json
2017,AUS,Australia,accepted,official_transcript,1681,,data/analysis_ready_en/2017/2017_AUS.json
2017,AUT,Austria,accepted,official_transcript,1317,,data/analysis_ready_en/2017/2017_AUT.json
2017,AZE,Azerbaijan,accepted,official_transcript,1868,,data/analysis_ready_en/2017/2017_AZE.json
2017,BDI,Burundi,accepted,official_transcript,1790,,data/analysis_ready_en/2017/2017_BDI.json
2017,BEL,Belgium,accepted,official_transcript,1882,,data/analysis_ready_en/2017/2017_BEL.json
2017,BEN,Benin,accepted,official_transcript,1180,,data/analysis_ready_en/2017/2017_BEN.json
2017,BFA,Burkina Faso,accepted,official_transcript,1765,,data/analysis_ready_en/2017/2017_BFA.json
2017,BGD,Bangladesh,accepted,official_transcript,1696,,data/analysis_ready_en/2017/2017_BGD.json
2017,BGR,Bulgaria,accepted,official_transcript,1697,,data/analysis_ready_en/2017/2017_BGR.json
2017,BHR,Bahrain,accepted,official_transcript,3706,,data/analysis_ready_en/2017/2017_BHR.json
2017,BHS,Bahamas (The),accepted,official_transcript,2404,,data/analysis_ready_en/2017/2017_BHS.json
2017,BIH,Bosnia and Herzegovina,accepted,official_transcript,2265,,data/analysis_ready_en/2017/2017_BIH.json
2017,BLR,Belarus,accepted,official_transcript,1717,,data/analysis_ready_en/2017/2017_BLR.json
2017,BLZ,Belize,accepted,official_transcript,2643,,data/analysis_ready_en/2017/2017_BLZ.json
2017,BOL,Bolivia (Plurinational State of),accepted,official_transcript,2213,,data/analysis_ready_en/2017/2017_BOL.json
2017,BRA,Brazil,accepted,official_transcript,2020,,data/analysis_ready_en/2017/2017_BRA.json
2017,BRB,Barbados,accepted,official_transcript,2646,,data/analysis_ready_en/2017/2017_BRB.json
2017,BRN,Brunei Darussalam,accepted,official_transcript,1390,,data/analysis_ready_en/2017/2017_BRN.json
2017,BTN,Bhutan,accepted,official_transcript,1792,,data/analysis_ready_en/2017/2017_BTN.json
2017,BWA,Botswana,accepted,official_transcript,2519,,data/analysis_ready_en/2017/2017_BWA.json
2017,CAF,Central African Republic,accepted,official_transcript,2622,,data/analysis_ready_en/2017/2017_CAF.json
2017,CAN,Canada,accepted,official_transcript,3273,,data/analysis_ready_en/2017/2017_CAN.json
2017,CHE,Switzerland,accepted,official_transcript,1264,,data/analysis_ready_en/2017/2017_CHE.json
2017,CHL,Chile,accepted,official_transcript,2553,,data/analysis_ready_en/2017/2017_CHL.json
2017,CHN,China,accepted,official_transcript,2408,,data/analysis_ready_en/2017/2017_CHN.json
2017,CIV,Côte d'Ivoire,accepted,official_transcript,1546,,data/analysis_ready_en/2017/2017_CIV.json
2017,CMR,Cameroon,accepted,official_transcript,1213,,data/analysis_ready_en/2017/2017_CMR.json
2017,COD,Democratic Republic of the Congo,accepted,official_transcript,1479,,data/analysis_ready_en/2017/2017_COD.json
2017,COG,Congo,accepted,official_transcript,1324,,data/analysis_ready_en/2017/2017_COG.json
2017,COL,Colombia,accepted,official_transcript,1731,,data/analysis_ready_en/2017/2017_COL.json
2017,COM,Comoros,accepted,official_transcript,2060,,data/analysis_ready_en/2017/2017_COM.json
2017,CPV,Cabo Verde,accepted,official_transcript,1756,,data/analysis_ready_en/2017/2017_CPV.json
2017,CRI,Costa Rica,accepted,official_transcript,5007,,data/analysis_ready_en/2017/2017_CRI.json
2017,CUB,Cuba,accepted,official_transcript,3620,,data/analysis_ready_en/2017/2017_CUB.json
2017,CYP,Cyprus,accepted,official_transcript,2311,,data/analysis_ready_en/2017/2017_CYP.json
2017,CZE,Czechia,accepted,official_transcript,636,,data/analysis_ready_en/2017/2017_CZE.json
2017,DEU,Germany,accepted,official_transcript,2612,,data/analysis_ready_en/2017/2017_DEU.json
2017,DJI,Djibouti,accepted,official_transcript,1479,,data/analysis_ready_en/2017/2017_DJI.json
2017,DMA,Dominica,accepted,official_transcript,1685,,data/analysis_ready_en/2017/2017_DMA.json
2017,DNK,Denmark,accepted,official_transcript,1701,,data/analysis_ready_en/2017/2017_DNK.json
2017,DOM,Dominican Republic,accepted,official_transcript,1266,,data/analysis_ready_en/2017/2017_DOM.json
2017,DZA,Algeria,accepted,official_transcript,1774,,data/analysis_ready_en/2017/2017_DZA.json
2017,ECU,Ecuador,accepted,official_transcript,1684,,data/analysis_ready_en/2017/2017_ECU.json
2017,EGY,Egypt,accepted,official_transcript,2732,,data/analysis_ready_en/2017/2017_EGY.json
2017,ERI,Eritrea,accepted,official_transcript,1139,,data/analysis_ready_en/2017/2017_ERI.json
2017,ESP,Spain,accepted,official_transcript,2191,,data/analysis_ready_en/2017/2017_ESP.json
2017,EST,Estonia,accepted,official_transcript,2033,,data/analysis_ready_en/2017/2017_EST.json
2017,ETH,Ethiopia,accepted,official_transcript,1509,,data/analysis_ready_en/2017/2017_ETH.json
2017,FIN,Finland,accepted,official_transcript,1283,,data/analysis_ready_en/2017/2017_FIN.json
2017,FJI,Fiji,accepted,official_transcript,2290,,data/analysis_ready_en/2017/2017_FJI.json
2017,FRA,France,accepted,official_transcript,4568,,data/analysis_ready_en/2017/2017_FRA.json
2017,FSM,Micronesia (Federated States of),accepted,official_transcript,1541,,data/analysis_ready_en/2017/2017_FSM.json
2017,GAB,Gabon,accepted,official_transcript,1814,,data/analysis_ready_en/2017/2017_GAB.json
2017,GBR,United Kingdom of Great Britain and Northern Ireland,accepted,official_transcript,3275,,data/analysis_ready_en/2017/2017_GBR.json
2017,GEO,Georgia,accepted,official_transcript,2017,,data/analysis_ready_en/2017/2017_GEO.json
2017,GHA,Ghana,accepted,official_transcript,1575,,data/analysis_ready_en/2017/2017_GHA.json
2017,GIN,Guinea,accepted,official_transcript,1789,,data/analysis_ready_en/2017/2017_GIN.json
2017,GMB,Gambia,accepted,official_transcript,1693,,data/analysis_ready_en/2017/2017_GMB.json
2017,GNB,Guinea-Bissau,accepted,official_transcript,1743,,data/analysis_ready_en/2017/2017_GNB.json
2017,GNQ,Equatorial Guinea,accepted,official_transcript,1382,,data/analysis_ready_en/2017/2017_GNQ.json
2017,GRC,Greece,accepted,official_transcript,1716,,data/analysis_ready_en/2017/2017_GRC.json
2017,GRD,Grenada,accepted,official_transcript,1605,,data/analysis_ready_en/2017/2017_GRD.json
2017,GTM,Guatemala,accepted,official_transcript,1904,,data/analysis_ready_en/2017/2017_GTM.json
2017,GUY,Guyana,accepted,official_transcript,1618,,data/analysis_ready_en/2017/2017_GUY.json
2017,HND,Honduras,accepted,official_transcript,1605,,data/analysis_ready_en/2017/2017_HND.json
2017,HRV,Croatia,accepted,official_transcript,2136,,data/analysis_ready_en/2017/2017_HRV.json
2017,HTI,Haiti,accepted,official_transcript,2486,,data/analysis_ready_en/2017/2017_HTI.json
2017,HUN,Hungary,accepted,official_transcript,1714,,data/analysis_ready_en/2017/2017_HUN.json
2017,IDN,Indonesia,accepted,official_transcript,1470,,data/analysis_ready_en/2017/2017_IDN.json
2017,IND,India,accepted,official_transcript,2548,,data/analysis_ready_en/2017/2017_IND.json
2017,IRL,Ireland,accepted,official_transcript,3301,,data/analysis_ready_en/2017/2017_IRL.json
2017,IRN,Iran (Islamic Republic of),accepted,official_transcript,2047,,data/analysis_ready_en/2017/2017_IRN.json
2017,IRQ,Iraq,accepted,official_transcript,2801,,data/analysis_ready_en/2017/2017_IRQ.json
2017,ISL,Iceland,accepted,official_transcript,1696,,data/analysis_ready_en/2017/2017_ISL.json
2017,ISR,Israel,accepted,official_transcript,2448,,data/analysis_ready_en/2017/2017_ISR.json
2017,ITA,Italy,accepted,official_transcript,2349,,data/analysis_ready_en/2017/2017_ITA.json
2017,JAM,Jamaica,accepted,official_transcript,2521,,data/analysis_ready_en/2017/2017_JAM.json
2017,JOR,Jordan,accepted,official_transcript,1462,,data/analysis_ready_en/2017/2017_JOR.json
2017,JPN,Japan,accepted,official_transcript,1730,,data/analysis_ready_en/2017/2017_JPN.json
2017,KAZ,Kazakhstan,accepted,official_transcript,2823,,data/analysis_ready_en/2017/2017_KAZ.json
2017,KEN,Kenya,accepted,official_transcript,2103,,data/analysis_ready_en/2017/2017_KEN.json
2017,KGZ,Kyrgyzstan,accepted,official_transcript,2552,,data/analysis_ready_en/2017/2017_KGZ.json
2017,KHM,Cambodia,accepted,official_transcript,1627,,data/analysis_ready_en/2017/2017_KHM.json
2017,KIR,Kiribati,accepted,official_transcript,2256,,data/analysis_ready_en/2017/2017_KIR.json
2017,KNA,Saint Kitts and Nevis,accepted,official_transcript,2700,,data/analysis_ready_en/2017/2017_KNA.json
2017,KOR,Republic of Korea,accepted,official_transcript,2578,,data/analysis_ready_en/2017/2017_KOR.json
2017,KWT,Kuwait,accepted,official_transcript,2274,,data/analysis_ready_en/2017/2017_KWT.json
2017,LAO,Lao People's Democratic Republic,accepted,official_transcript,1699,,data/analysis_ready_en/2017/2017_LAO.json
2017,LBN,Lebanon,accepted,official_transcript,1998,,data/analysis_ready_en/2017/2017_LBN.json
2017,LBR,Liberia,accepted,official_transcript,1602,,data/analysis_ready_en/2017/2017_LBR.json
2017,LBY,Libya,accepted,official_transcript,1612,,data/analysis_ready_en/2017/2017_LBY.json
2017,LCA,Saint Lucia,accepted,official_transcript,2007,,data/analysis_ready_en/2017/2017_LCA.json
2017,LIE,Liechtenstein,accepted,official_transcript,1758,,data/analysis_ready_en/2017/2017_LIE.json
2017,LKA,Sri Lanka,accepted,official_transcript,1466,,data/analysis_ready_en/2017/2017_LKA.json
2017,LSO,Lesotho,accepted,official_transcript,2479,,data/analysis_ready_en/2017/2017_LSO.json
2017,LTU,Lithuania,accepted,official_transcript,537,,data/analysis_ready_en/2017/2017_LTU.json
2017,LUX,Luxembourg,accepted,official_transcript,2827,,data/analysis_ready_en/2017/2017_LUX.json
2017,LVA,Latvia,accepted,official_transcript,1723,,data/analysis_ready_en/2017/2017_LVA.json
2017,MAR,Morocco,accepted,official_transcript,1741,,data/analysis_ready_en/2017/2017_MAR.json
2017,MCO,Monaco,accepted,official_transcript,1719,,data/analysis_ready_en/2017/2017_MCO.json
2017,MDA,Republic of Moldova,accepted,official_transcript,1630,,data/analysis_ready_en/2017/2017_MDA.json
2017,MDG,Madagascar,accepted,official_transcript,1856,,data/analysis_ready_en/2017/2017_MDG.json
2017,MDV,Maldives,accepted,official_transcript,3185,,data/analysis_ready_en/2017/2017_MDV.json
2017,MEX,Mexico,accepted,official_transcript,2293,,data/analysis_ready_en/2017/2017_MEX.json
2017,MHL,Marshall Islands,accepted,official_transcript,2089,,data/analysis_ready_en/2017/2017_MHL.json
2017,MKD,North Macedonia,accepted,official_transcript,1722,,data/analysis_ready_en/2017/2017_MKD.json
2017,MLI,Mali,accepted,official_transcript,2614,,data/analysis_ready_en/2017/2017_MLI.json
2017,MLT,Malta,accepted,official_transcript,1247,,data/analysis_ready_en/2017/2017_MLT.json
2017,MMR,Myanmar,accepted,official_transcript,1797,,data/analysis_ready_en/2017/2017_MMR.json
2017,MNE,Montenegro,accepted,official_transcript,1338,,data/analysis_ready_en/2017/2017_MNE.json
2017,MNG,Mongolia,accepted,official_transcript,2026,,data/analysis_ready_en/2017/2017_MNG.json
2017,MOZ,Mozambique,accepted,official_transcript,2627,,data/analysis_ready_en/2017/2017_MOZ.json
2017,MRT,Mauritania,accepted,official_transcript,1491,,data/analysis_ready_en/2017/2017_MRT.json
2017,MUS,Mauritius,accepted,official_transcript,2072,,data/analysis_ready_en/2017/2017_MUS.json
2017,MWI,Malawi,accepted,official_transcript,1355,,data/analysis_ready_en/2017/2017_MWI.json
2017,MYS,Malaysia,accepted,official_transcript,1690,,data/analysis_ready_en/2017/2017_MYS.json
2017,NAM,Namibia,accepted,official_transcript,1616,,data/analysis_ready_en/2017/2017_NAM.json
2017,NER,Niger,accepted,official_transcript,2265,,data/analysis_ready_en/2017/2017_NER.json
2017,NGA,Nigeria,accepted,official_transcript,1004,,data/analysis_ready_en/2017/2017_NGA.json
2017,NIC,Nicaragua,accepted,official_transcript,1927,,data/analysis_ready_en/2017/2017_NIC.json
2017,NLD,Netherlands,accepted,official_transcript,2018,,data/analysis_ready_en/2017/2017_NLD.json
2017,NOR,Norway,accepted,official_transcript,1664,,data/analysis_ready_en/2017/2017_NOR.json
2017,NPL,Nepal,accepted,official_transcript,2192,,data/analysis_ready_en/2017/2017_NPL.json
2017,NRU,Naoero,accepted,official_transcript,1888,,data/analysis_ready_en/2017/2017_NRU.json
2017,NZL,New Zealand,accepted,official_transcript,1459,,data/analysis_ready_en/2017/2017_NZL.json
2017,OMN,Oman,accepted,official_transcript,1160,,data/analysis_ready_en/2017/2017_OMN.json
2017,PAK,Pakistan,accepted,official_transcript,2311,,data/analysis_ready_en/2017/2017_PAK.json
2017,PAN,Panama,accepted,official_transcript,2065,,data/analysis_ready_en/2017/2017_PAN.json
2017,PER,Peru,accepted,official_transcript,860,,data/analysis_ready_en/2017/2017_PER.json
2017,PHL,Philippines,accepted,official_transcript,3639,,data/analysis_ready_en/2017/2017_PHL.json
2017,PLW,Palau,accepted,official_transcript,1759,,data/analysis_ready_en/2017/2017_PLW.json
2017,PNG,Papua New Guinea,accepted,official_transcript,1695,,data/analysis_ready_en/2017/2017_PNG.json
2017,POL,Poland,accepted,official_transcript,2236,,data/analysis_ready_en/2017/2017_POL.json
2017,PRK,Democratic People's Republic of Korea,accepted,official_transcript,3066,,data/analysis_ready_en/2017/2017_PRK.json
2017,PRT,Portugal,accepted,official_transcript,1952,,data/analysis_ready_en/2017/2017_PRT.json
2017,PRY,Paraguay,accepted,official_transcript,2291,,data/analysis_ready_en/2017/2017_PRY.json
2017,QAT,Qatar,accepted,official_transcript,2964,,data/analysis_ready_en/2017/2017_QAT.json
2017,ROU,Romania,accepted,official_transcript,1118,,data/analysis_ready_en/2017/2017_ROU.json
2017,RUS,Russian Federation,accepted,official_transcript,2843,,data/analysis_ready_en/2017/2017_RUS.json
2017,RWA,Rwanda,accepted,official_transcript,539,,data/analysis_ready_en/2017/2017_RWA.json
2017,SAU,Saudi Arabia,accepted,official_transcript,1001,,data/analysis_ready_en/2017/2017_SAU.json
2017,SDN,Sudan,accepted,official_transcript,2323,,data/analysis_ready_en/2017/2017_SDN.json
2017,SEN,Senegal,accepted,official_transcript,1188,,data/analysis_ready_en/2017/2017_SEN.json
2017,SGP,Singapore,accepted,official_transcript,1991,,data/analysis_ready_en/2017/2017_SGP.json
2017,SLB,Solomon Islands,accepted,official_transcript,3133,,data/analysis_ready_en/2017/2017_SLB.json
2017,SLE,Sierra Leone,accepted,official_transcript,2511,,data/analysis_ready_en/2017/2017_SLE.json
2017,SLV,El Salvador,accepted,official_transcript,1486,,data/analysis_ready_en/2017/2017_SLV.json
2017,SMR,San Marino,accepted,official_transcript,2367,,data/analysis_ready_en/2017/2017_SMR.json
2017,SOM,Somalia,accepted,official_transcript,1807,,data/analysis_ready_en/2017/2017_SOM.json
2017,SRB,Serbia,accepted,official_transcript,2146,,data/analysis_ready_en/2017/2017_SRB.json
2017,SSD,South Sudan,accepted,official_transcript,2333,,data/analysis_ready_en/2017/2017_SSD.json
2017,STP,Sao Tome and Principe,accepted,official_transcript,2285,,data/analysis_ready_en/2017/2017_STP.json
2017,SUR,Suriname,accepted,official_transcript,2817,,data/analysis_ready_en/2017/2017_SUR.json
2017,SVK,Slovakia,accepted,official_transcript,1503,,data/analysis_ready_en/2017/2017_SVK.json
2017,SVN,Slovenia,accepted,official_transcript,1517,,data/analysis_ready_en/2017/2017_SVN.json
2017,SWE,Sweden,accepted,official_transcript,2289,,data/analysis_ready_en/2017/2017_SWE.json
2017,SWZ,Eswatini,accepted,official_transcript,1758,,data/analysis_ready_en/2017/2017_SWZ.json
2017,SYC,Seychelles,accepted,official_transcript,1397,,data/analysis_ready_en/2017/2017_SYC.json
2017,SYR,Syrian Arab Republic,accepted,official_transcript,2377,,data/analysis_ready_en/2017/2017_SYR.json
2017,TCD,Chad,accepted,official_transcript,1695,,data/analysis_ready_en/2017/2017_TCD.json
2017,TGO,Togo,accepted,official_transcript,2503,,data/analysis_ready_en/2017/2017_TGO.json
2017,THA,Thailand,accepted,official_transcript,1518,,data/analysis_ready_en/2017/2017_THA.json
2017,TJK,Tajikistan,accepted,official_transcript,1867,,data/analysis_ready_en/2017/2017_TJK.json
2017,TKM,Turkmenistan,accepted,official_transcript,1344,,data/analysis_ready_en/2017/2017_TKM.json
2017,TLS,Timor-Leste,accepted,official_transcript,1992,,data/analysis_ready_en/2017/2017_TLS.json
2017,TON,Tonga,accepted,official_transcript,1735,,data/analysis_ready_en/2017/2017_TON.json
2017,TTO,Trinidad and Tobago,accepted,official_transcript,2114,,data/analysis_ready_en/2017/2017_TTO.json
2017,TUN,Tunisia,accepted,official_transcript,1755,,data/analysis_ready_en/2017/2017_TUN.json
2017,TUR,Türkiye,accepted,official_transcript,2751,,data/analysis_ready_en/2017/2017_TUR.json
2017,TUV,Tuvalu,accepted,official_transcript,2763,,data/analysis_ready_en/2017/2017_TUV.json
2017,TZA,United Republic of Tanzania,accepted,official_transcript,2190,,data/analysis_ready_en/2017/2017_TZA.json
2017,UGA,Uganda,accepted,official_transcript,909,,data/analysis_ready_en/2017/2017_UGA.json
2017,UKR,Ukraine,accepted,official_transcript,2635,,data/analysis_ready_en/2017/2017_UKR.json
2017,URY,Uruguay,accepted,official_transcript,2620,,data/analysis_ready_en/2017/2017_URY.json
2017,USA,United States of America,accepted,official_transcript,4575,,data/analysis_ready_en/2017/2017_USA.json
2017,UZB,Uzbekistan,accepted,official_transcript,1989,,data/analysis_ready_en/2017/2017_UZB.json
2017,VCT,Saint Vincent and the Grenadines,accepted,official_transcript,2438,,data/analysis_ready_en/2017/2017_VCT.json
2017,VEN,Venezuela (Bolivarian Republic of),accepted,official_transcript,3454,,data/analysis_ready_en/2017/2017_VEN.json
2017,VNM,Viet Nam,accepted,official_transcript,1492,,data/analysis_ready_en/2017/2017_VNM.json
2017,VUT,Vanuatu,accepted,official_transcript,2537,,data/analysis_ready_en/2017/2017_VUT.json
2017,WSM,Samoa,accepted,official_transcript,2610,,data/analysis_ready_en/2017/2017_WSM.json
2017,YEM,Yemen,accepted,official_transcript,1982,,data/analysis_ready_en/2017/2017_YEM.json
2017,ZAF,South Africa,accepted,official_transcript,1819,,data/analysis_ready_en/2017/2017_ZAF.json
2017,ZMB,Zambia,accepted,official_transcript,1536,,data/analysis_ready_en/2017/2017_ZMB.json
2017,ZWE,Zimbabwe,accepted,official_transcript,1534,,data/analysis_ready_en/2017/2017_ZWE.json
2018,AFG,Afghanistan,accepted,official_transcript,1928,,data/analysis_ready_en/2018/2018_AFG.json
2018,AGO,Angola,accepted,official_transcript,1074,,data/analysis_ready_en/2018/2018_AGO.json
2018,ALB,Albania,accepted,official_transcript,1858,,data/analysis_ready_en/2018/2018_ALB.json
2018,AND,Andorra,accepted,official_transcript,2589,,data/analysis_ready_en/2018/2018_AND.json
2018,ARE,United Arab Emirates,accepted,official_transcript,1967,,data/analysis_ready_en/2018/2018_ARE.json
2018,ARG,Argentina,accepted,official_transcript,1158,,data/analysis_ready_en/2018/2018_ARG.json
2018,ARM,Armenia,accepted,official_transcript,1760,,data/analysis_ready_en/2018/2018_ARM.json
2018,ATG,Antigua and Barbuda,accepted,official_transcript,3156,,data/analysis_ready_en/2018/2018_ATG.json
2018,AUS,Australia,accepted,official_transcript,2207,,data/analysis_ready_en/2018/2018_AUS.json
2018,AUT,Austria,accepted,official_transcript,1961,,data/analysis_ready_en/2018/2018_AUT.json
2018,AZE,Azerbaijan,accepted,official_transcript,2424,,data/analysis_ready_en/2018/2018_AZE.json
2018,BDI,Burundi,accepted,official_transcript,2654,,data/analysis_ready_en/2018/2018_BDI.json
2018,BEL,Belgium,accepted,official_transcript,2746,,data/analysis_ready_en/2018/2018_BEL.json
2018,BEN,Benin,accepted,official_transcript,1698,,data/analysis_ready_en/2018/2018_BEN.json
2018,BFA,Burkina Faso,accepted,official_transcript,2723,,data/analysis_ready_en/2018/2018_BFA.json
2018,BGD,Bangladesh,accepted,official_transcript,2893,,data/analysis_ready_en/2018/2018_BGD.json
2018,BGR,Bulgaria,accepted,official_transcript,2938,,data/analysis_ready_en/2018/2018_BGR.json
2018,BHR,Bahrain,accepted,official_transcript,3124,,data/analysis_ready_en/2018/2018_BHR.json
2018,BHS,Bahamas (The),accepted,official_transcript,1295,,data/analysis_ready_en/2018/2018_BHS.json
2018,BIH,Bosnia and Herzegovina,accepted,official_transcript,1891,,data/analysis_ready_en/2018/2018_BIH.json
2018,BLR,Belarus,accepted,official_transcript,2147,,data/analysis_ready_en/2018/2018_BLR.json
2018,BLZ,Belize,accepted,official_transcript,2307,,data/analysis_ready_en/2018/2018_BLZ.json
2018,BOL,Bolivia (Plurinational State of),accepted,official_transcript,2140,,data/analysis_ready_en/2018/2018_BOL.json
2018,BRA,Brazil,accepted,official_transcript,2122,,data/analysis_ready_en/2018/2018_BRA.json
2018,BRB,Barbados,accepted,official_transcript,2245,,data/analysis_ready_en/2018/2018_BRB.json
2018,BRN,Brunei Darussalam,accepted,official_transcript,1145,,data/analysis_ready_en/2018/2018_BRN.json
2018,BTN,Bhutan,accepted,official_transcript,1842,,data/analysis_ready_en/2018/2018_BTN.json
2018,BWA,Botswana,accepted,official_transcript,2041,,data/analysis_ready_en/2018/2018_BWA.json
2018,CAF,Central African Republic,accepted,official_transcript,1698,,data/analysis_ready_en/2018/2018_CAF.json
2018,CAN,Canada,accepted,official_transcript,2277,,data/analysis_ready_en/2018/2018_CAN.json
2018,CHE,Switzerland,accepted,official_transcript,1559,,data/analysis_ready_en/2018/2018_CHE.json
2018,CHL,Chile,accepted,official_transcript,4373,,data/analysis_ready_en/2018/2018_CHL.json
2018,CHN,China,accepted,official_transcript,2768,,data/analysis_ready_en/2018/2018_CHN.json
2018,CIV,Côte d'Ivoire,accepted,official_transcript,1402,,data/analysis_ready_en/2018/2018_CIV.json
2018,CMR,Cameroon,accepted,official_transcript,2354,,data/analysis_ready_en/2018/2018_CMR.json
2018,COD,Democratic Republic of the Congo,accepted,official_transcript,1231,,data/analysis_ready_en/2018/2018_COD.json
2018,COG,Congo,accepted,official_transcript,1541,,data/analysis_ready_en/2018/2018_COG.json
2018,COL,Colombia,accepted,official_transcript,1778,,data/analysis_ready_en/2018/2018_COL.json
2018,COM,Comoros,accepted,official_transcript,2340,,data/analysis_ready_en/2018/2018_COM.json
2018,CPV,Cabo Verde,accepted,official_transcript,1868,,data/analysis_ready_en/2018/2018_CPV.json
2018,CRI,Costa Rica,accepted,official_transcript,2591,,data/analysis_ready_en/2018/2018_CRI.json
2018,CUB,Cuba,accepted,official_transcript,2641,,data/analysis_ready_en/2018/2018_CUB.json
2018,CYP,Cyprus,accepted,official_transcript,2029,,data/analysis_ready_en/2018/2018_CYP.json
2018,CZE,Czechia,accepted,official_transcript,1410,,data/analysis_ready_en/2018/2018_CZE.json
2018,DEU,Germany,accepted,official_transcript,2316,,data/analysis_ready_en/2018/2018_DEU.json
2018,DJI,Djibouti,accepted,official_transcript,1449,,data/analysis_ready_en/2018/2018_DJI.json
2018,DMA,Dominica,accepted,official_transcript,2467,,data/analysis_ready_en/2018/2018_DMA.json
2018,DNK,Denmark,accepted,official_transcript,1628,,data/analysis_ready_en/2018/2018_DNK.json
2018,DOM,Dominican Republic,accepted,official_transcript,2150,,data/analysis_ready_en/2018/2018_DOM.json
2018,DZA,Algeria,accepted,official_transcript,1833,,data/analysis_ready_en/2018/2018_DZA.json
2018,ECU,Ecuador,accepted,official_transcript,3042,,data/analysis_ready_en/2018/2018_ECU.json
2018,EGY,Egypt,accepted,official_transcript,2126,,data/analysis_ready_en/2018/2018_EGY.json
2018,ERI,Eritrea,accepted,official_transcript,1068,,data/analysis_ready_en/2018/2018_ERI.json
2018,ESP,Spain,accepted,official_transcript,3763,,data/analysis_ready_en/2018/2018_ESP.json
2018,EST,Estonia,accepted,official_transcript,1824,,data/analysis_ready_en/2018/2018_EST.json
2018,ETH,Ethiopia,accepted,official_transcript,1304,,data/analysis_ready_en/2018/2018_ETH.json
2018,FIN,Finland,accepted,official_transcript,1207,,data/analysis_ready_en/2018/2018_FIN.json
2018,FJI,Fiji,accepted,official_transcript,2194,,data/analysis_ready_en/2018/2018_FJI.json
2018,FRA,France,accepted,official_transcript,5588,,data/analysis_ready_en/2018/2018_FRA.json
2018,FSM,Micronesia (Federated States of),accepted,official_transcript,1466,,data/analysis_ready_en/2018/2018_FSM.json
2018,GAB,Gabon,accepted,official_transcript,1838,,data/analysis_ready_en/2018/2018_GAB.json
2018,GBR,United Kingdom of Great Britain and Northern Ireland,accepted,official_transcript,2705,,data/analysis_ready_en/2018/2018_GBR.json
2018,GEO,Georgia,accepted,official_transcript,2263,,data/analysis_ready_en/2018/2018_GEO.json
2018,GHA,Ghana,accepted,official_transcript,1542,,data/analysis_ready_en/2018/2018_GHA.json
2018,GIN,Guinea,accepted,official_transcript,1785,,data/analysis_ready_en/2018/2018_GIN.json
2018,GMB,Gambia,accepted,official_transcript,1732,,data/analysis_ready_en/2018/2018_GMB.json
2018,GNB,Guinea-Bissau,accepted,official_transcript,1364,,data/analysis_ready_en/2018/2018_GNB.json
2018,GNQ,Equatorial Guinea,accepted,official_transcript,1328,,data/analysis_ready_en/2018/2018_GNQ.json
2018,GRC,Greece,accepted,official_transcript,2039,,data/analysis_ready_en/2018/2018_GRC.json
2018,GRD,Grenada,accepted,official_transcript,1881,,data/analysis_ready_en/2018/2018_GRD.json
2018,GTM,Guatemala,accepted,official_transcript,2768,,data/analysis_ready_en/2018/2018_GTM.json
2018,GUY,Guyana,accepted,official_transcript,1918,,data/analysis_ready_en/2018/2018_GUY.json
2018,HND,Honduras,accepted,official_transcript,2226,,data/analysis_ready_en/2018/2018_HND.json
2018,HRV,Croatia,accepted,official_transcript,2793,,data/analysis_ready_en/2018/2018_HRV.json
2018,HTI,Haiti,accepted,official_transcript,2026,,data/analysis_ready_en/2018/2018_HTI.json
2018,HUN,Hungary,accepted,official_transcript,1957,,data/analysis_ready_en/2018/2018_HUN.json
2018,IDN,Indonesia,accepted,official_transcript,1747,,data/analysis_ready_en/2018/2018_IDN.json
2018,IND,India,accepted,official_transcript,2383,,data/analysis_ready_en/2018/2018_IND.json
2018,IRL,Ireland,accepted,official_transcript,3623,,data/analysis_ready_en/2018/2018_IRL.json
2018,IRN,Iran (Islamic Republic of),accepted,official_transcript,2398,,data/analysis_ready_en/2018/2018_IRN.json
2018,IRQ,Iraq,accepted,official_transcript,1994,,data/analysis_ready_en/2018/2018_IRQ.json
2018,ISL,Iceland,accepted,official_transcript,1844,,data/analysis_ready_en/2018/2018_ISL.json
2018,ISR,Israel,accepted,official_transcript,3681,,data/analysis_ready_en/2018/2018_ISR.json
2018,ITA,Italy,accepted,official_transcript,973,,data/analysis_ready_en/2018/2018_ITA.json
2018,JAM,Jamaica,accepted,official_transcript,2179,,data/analysis_ready_en/2018/2018_JAM.json
2018,JOR,Jordan,accepted,official_transcript,1261,,data/analysis_ready_en/2018/2018_JOR.json
2018,JPN,Japan,accepted,official_transcript,2034,,data/analysis_ready_en/2018/2018_JPN.json
2018,KAZ,Kazakhstan,accepted,official_transcript,2687,,data/analysis_ready_en/2018/2018_KAZ.json
2018,KEN,Kenya,accepted,official_transcript,2281,,data/analysis_ready_en/2018/2018_KEN.json
2018,KGZ,Kyrgyzstan,accepted,official_transcript,1605,,data/analysis_ready_en/2018/2018_KGZ.json
2018,KHM,Cambodia,accepted,official_transcript,1393,,data/analysis_ready_en/2018/2018_KHM.json
2018,KIR,Kiribati,accepted,official_transcript,2131,,data/analysis_ready_en/2018/2018_KIR.json
2018,KNA,Saint Kitts and Nevis,accepted,official_transcript,1973,,data/analysis_ready_en/2018/2018_KNA.json
2018,KOR,Republic of Korea,accepted,official_transcript,2072,,data/analysis_ready_en/2018/2018_KOR.json
2018,KWT,Kuwait,accepted,official_transcript,2997,,data/analysis_ready_en/2018/2018_KWT.json
2018,LAO,Lao People's Democratic Republic,accepted,official_transcript,1457,,data/analysis_ready_en/2018/2018_LAO.json
2018,LBN,Lebanon,accepted,official_transcript,1892,,data/analysis_ready_en/2018/2018_LBN.json
2018,LBR,Liberia,accepted,official_transcript,1401,,data/analysis_ready_en/2018/2018_LBR.json
2018,LBY,Libya,accepted,official_transcript,3323,,data/analysis_ready_en/2018/2018_LBY.json
2018,LCA,Saint Lucia,accepted,official_transcript,2269,,data/analysis_ready_en/2018/2018_LCA.json
2018,LIE,Liechtenstein,accepted,official_transcript,1610,,data/analysis_ready_en/2018/2018_LIE.json
2018,LKA,Sri Lanka,accepted,official_transcript,1357,,data/analysis_ready_en/2018/2018_LKA.json
2018,LSO,Lesotho,accepted,official_transcript,2058,,data/analysis_ready_en/2018/2018_LSO.json
2018,LTU,Lithuania,accepted,official_transcript,510,,data/analysis_ready_en/2018/2018_LTU.json
2018,LUX,Luxembourg,accepted,official_transcript,2778,,data/analysis_ready_en/2018/2018_LUX.json
2018,LVA,Latvia,accepted,official_transcript,1893,,data/analysis_ready_en/2018/2018_LVA.json
2018,MAR,Morocco,accepted,official_transcript,1936,,data/analysis_ready_en/2018/2018_MAR.json
2018,MCO,Monaco,accepted,official_transcript,1697,,data/analysis_ready_en/2018/2018_MCO.json
2018,MDA,Republic of Moldova,accepted,official_transcript,2126,,data/analysis_ready_en/2018/2018_MDA.json
2018,MDG,Madagascar,accepted,official_transcript,2286,,data/analysis_ready_en/2018/2018_MDG.json
2018,MDV,Maldives,accepted,official_transcript,1244,,data/analysis_ready_en/2018/2018_MDV.json
2018,MEX,Mexico,accepted,official_transcript,1632,,data/analysis_ready_en/2018/2018_MEX.json
2018,MHL,Marshall Islands,accepted,official_transcript,2157,,data/analysis_ready_en/2018/2018_MHL.json
2018,MKD,North Macedonia,accepted,official_transcript,3347,,data/analysis_ready_en/2018/2018_MKD.json
2018,MLI,Mali,accepted,official_transcript,2238,,data/analysis_ready_en/2018/2018_MLI.json
2018,MLT,Malta,accepted,official_transcript,1739,,data/analysis_ready_en/2018/2018_MLT.json
2018,MMR,Myanmar,accepted,official_transcript,1900,,data/analysis_ready_en/2018/2018_MMR.json
2018,MNE,Montenegro,accepted,official_transcript,2088,,data/analysis_ready_en/2018/2018_MNE.json
2018,MNG,Mongolia,accepted,official_transcript,2587,,data/analysis_ready_en/2018/2018_MNG.json
2018,MOZ,Mozambique,accepted,official_transcript,1870,,data/analysis_ready_en/2018/2018_MOZ.json
2018,MRT,Mauritania,accepted,official_transcript,1848,,data/analysis_ready_en/2018/2018_MRT.json
2018,MUS,Mauritius,accepted,official_transcript,1953,,data/analysis_ready_en/2018/2018_MUS.json
2018,MWI,Malawi,accepted,official_transcript,1854,,data/analysis_ready_en/2018/2018_MWI.json
2018,MYS,Malaysia,accepted,official_transcript,2315,,data/analysis_ready_en/2018/2018_MYS.json
2018,NAM,Namibia,accepted,official_transcript,1925,,data/analysis_ready_en/2018/2018_NAM.json
2018,NER,Niger,accepted,official_transcript,2325,,data/analysis_ready_en/2018/2018_NER.json
2018,NGA,Nigeria,accepted,official_transcript,1996,,data/analysis_ready_en/2018/2018_NGA.json
2018,NIC,Nicaragua,accepted,official_transcript,1435,,data/analysis_ready_en/2018/2018_NIC.json
2018,NLD,Netherlands,accepted,official_transcript,1827,,data/analysis_ready_en/2018/2018_NLD.json
2018,NOR,Norway,accepted,official_transcript,1868,,data/analysis_ready_en/2018/2018_NOR.json
2018,NPL,Nepal,accepted,official_transcript,2633,,data/analysis_ready_en/2018/2018_NPL.json
2018,NRU,Naoero,accepted,official_transcript,1770,,data/analysis_ready_en/2018/2018_NRU.json
2018,NZL,New Zealand,accepted,official_transcript,2686,,data/analysis_ready_en/2018/2018_NZL.json
2018,OMN,Oman,accepted,official_transcript,1025,,data/analysis_ready_en/2018/2018_OMN.json
2018,PAK,Pakistan,accepted,official_transcript,2906,,data/analysis_ready_en/2018/2018_PAK.json
2018,PAN,Panama,accepted,official_transcript,2149,,data/analysis_ready_en/2018/2018_PAN.json
2018,PER,Peru,accepted,official_transcript,1410,,data/analysis_ready_en/2018/2018_PER.json
2018,PHL,Philippines,accepted,official_transcript,1543,,data/analysis_ready_en/2018/2018_PHL.json
2018,PLW,Palau,accepted,official_transcript,2092,,data/analysis_ready_en/2018/2018_PLW.json
2018,PNG,Papua New Guinea,accepted,official_transcript,2295,,data/analysis_ready_en/2018/2018_PNG.json
2018,POL,Poland,accepted,official_transcript,2027,,data/analysis_ready_en/2018/2018_POL.json
2018,PRK,Democratic People's Republic of Korea,accepted,official_transcript,2069,,data/analysis_ready_en/2018/2018_PRK.json
2018,PRT,Portugal,accepted,official_transcript,1606,,data/analysis_ready_en/2018/2018_PRT.json
2018,PRY,Paraguay,accepted,official_transcript,2209,,data/analysis_ready_en/2018/2018_PRY.json
2018,QAT,Qatar,accepted,official_transcript,2406,,data/analysis_ready_en/2018/2018_QAT.json
2018,ROU,Romania,accepted,official_transcript,1218,,data/analysis_ready_en/2018/2018_ROU.json
2018,RUS,Russian Federation,accepted,official_transcript,2381,,data/analysis_ready_en/2018/2018_RUS.json
2018,RWA,Rwanda,accepted,official_transcript,824,,data/analysis_ready_en/2018/2018_RWA.json
2018,SAU,Saudi Arabia,accepted,official_transcript,1297,,data/analysis_ready_en/2018/2018_SAU.json
2018,SDN,Sudan,accepted,official_transcript,3820,,data/analysis_ready_en/2018/2018_SDN.json
2018,SEN,Senegal,accepted,official_transcript,1811,,data/analysis_ready_en/2018/2018_SEN.json
2018,SGP,Singapore,accepted,official_transcript,2202,,data/analysis_ready_en/2018/2018_SGP.json
2018,SLB,Solomon Islands,accepted,official_transcript,2892,,data/analysis_ready_en/2018/2018_SLB.json
2018,SLE,Sierra Leone,accepted,official_transcript,2426,,data/analysis_ready_en/2018/2018_SLE.json
2018,SLV,El Salvador,accepted,official_transcript,1759,,data/analysis_ready_en/2018/2018_SLV.json
2018,SMR,San Marino,accepted,official_transcript,2496,,data/analysis_ready_en/2018/2018_SMR.json
2018,SOM,Somalia,accepted,official_transcript,1836,,data/analysis_ready_en/2018/2018_SOM.json
2018,SRB,Serbia,accepted,official_transcript,1726,,data/analysis_ready_en/2018/2018_SRB.json
2018,SSD,South Sudan,accepted,official_transcript,2372,,data/analysis_ready_en/2018/2018_SSD.json
2018,STP,Sao Tome and Principe,accepted,official_transcript,1867,,data/analysis_ready_en/2018/2018_STP.json
2018,SUR,Suriname,accepted,official_transcript,2523,,data/analysis_ready_en/2018/2018_SUR.json
2018,SVK,Slovakia,accepted,official_transcript,1531,,data/analysis_ready_en/2018/2018_SVK.json
2018,SVN,Slovenia,accepted,official_transcript,1257,,data/analysis_ready_en/2018/2018_SVN.json
2018,SWE,Sweden,accepted,official_transcript,1909,,data/analysis_ready_en/2018/2018_SWE.json
2018,SWZ,Eswatini,accepted,official_transcript,2022,,data/analysis_ready_en/2018/2018_SWZ.json
2018,SYC,Seychelles,accepted,official_transcript,1214,,data/analysis_ready_en/2018/2018_SYC.json
2018,SYR,Syrian Arab Republic,accepted,official_transcript,2948,,data/analysis_ready_en/2018/2018_SYR.json
2018,TCD,Chad,accepted,official_transcript,2575,,data/analysis_ready_en/2018/2018_TCD.json
2018,TGO,Togo,accepted,official_transcript,2018,,data/analysis_ready_en/2018/2018_TGO.json
2018,THA,Thailand,accepted,official_transcript,2048,,data/analysis_ready_en/2018/2018_THA.json
2018,TJK,Tajikistan,accepted,official_transcript,1703,,data/analysis_ready_en/2018/2018_TJK.json
2018,TKM,Turkmenistan,accepted,official_transcript,1229,,data/analysis_ready_en/2018/2018_TKM.json
2018,TLS,Timor-Leste,accepted,official_transcript,1691,,data/analysis_ready_en/2018/2018_TLS.json
2018,TON,Tonga,accepted,official_transcript,1256,,data/analysis_ready_en/2018/2018_TON.json
2018,TTO,Trinidad and Tobago,accepted,official_transcript,2698,,data/analysis_ready_en/2018/2018_TTO.json
2018,TUN,Tunisia,accepted,official_transcript,2414,,data/analysis_ready_en/2018/2018_TUN.json
2018,TUR,Türkiye,accepted,official_transcript,3128,,data/analysis_ready_en/2018/2018_TUR.json
2018,TUV,Tuvalu,accepted,official_transcript,2221,,data/analysis_ready_en/2018/2018_TUV.json
2018,TZA,United Republic of Tanzania,accepted,official_transcript,2783,,data/analysis_ready_en/2018/2018_TZA.json
2018,UGA,Uganda,accepted,official_transcript,1772,,data/analysis_ready_en/2018/2018_UGA.json
2018,UKR,Ukraine,accepted,official_transcript,3012,,data/analysis_ready_en/2018/2018_UKR.json
2018,URY,Uruguay,accepted,official_transcript,1547,,data/analysis_ready_en/2018/2018_URY.json
2018,USA,United States of America,accepted,official_transcript,3602,,data/analysis_ready_en/2018/2018_USA.json
2018,UZB,Uzbekistan,accepted,official_transcript,1978,,data/analysis_ready_en/2018/2018_UZB.json
2018,VCT,Saint Vincent and the Grenadines,accepted,official_transcript,2444,,data/analysis_ready_en/2018/2018_VCT.json
2018,VEN,Venezuela (Bolivarian Republic of),accepted,official_transcript,4583,,data/analysis_ready_en/2018/2018_VEN.json
2018,VNM,Viet Nam,accepted,official_transcript,1853,,data/analysis_ready_en/2018/2018_VNM.json
2018,VUT,Vanuatu,accepted,official_transcript,1917,,data/analysis_ready_en/2018/2018_VUT.json
2018,WSM,Samoa,accepted,official_transcript,2335,,data/analysis_ready_en/2018/2018_WSM.json
2018,YEM,Yemen,accepted,official_transcript,2098,,data/analysis_ready_en/2018/2018_YEM.json
2018,ZAF,South Africa,accepted,official_transcript,1821,,data/analysis_ready_en/2018/2018_ZAF.json
2018,ZMB,Zambia,accepted,official_transcript,1525,,data/analysis_ready_en/2018/2018_ZMB.json
2018,ZWE,Zimbabwe,accepted,official_transcript,1468,,data/analysis_ready_en/2018/2018_ZWE.json
2019,AFG,Afghanistan,accepted,official_transcript,2031,,data/analysis_ready_en/2019/2019_AFG.json
2019,AGO,Angola,accepted,official_transcript,1272,,data/analysis_ready_en/2019/2019_AGO.json
2019,ALB,Albania,accepted,official_transcript,2461,,data/analysis_ready_en/2019/2019_ALB.json
2019,AND,Andorra,accepted,official_transcript,2337,,data/analysis_ready_en/2019/2019_AND.json
2019,ARE,United Arab Emirates,accepted,official_transcript,1750,,data/analysis_ready_en/2019/2019_ARE.json
2019,ARG,Argentina,accepted,official_transcript,1723,,data/analysis_ready_en/2019/2019_ARG.json
2019,ARM,Armenia,accepted,official_transcript,2467,,data/analysis_ready_en/2019/2019_ARM.json
2019,ATG,Antigua and Barbuda,accepted,official_transcript,3651,,data/analysis_ready_en/2019/2019_ATG.json
2019,AUS,Australia,accepted,official_transcript,2473,,data/analysis_ready_en/2019/2019_AUS.json
2019,AUT,Austria,accepted,official_transcript,1355,,data/analysis_ready_en/2019/2019_AUT.json
2019,AZE,Azerbaijan,accepted,official_transcript,1958,,data/analysis_ready_en/2019/2019_AZE.json
2019,BDI,Burundi,accepted,official_transcript,3100,,data/analysis_ready_en/2019/2019_BDI.json
2019,BEL,Belgium,accepted,official_transcript,1978,,data/analysis_ready_en/2019/2019_BEL.json
2019,BEN,Benin,accepted,official_transcript,2179,,data/analysis_ready_en/2019/2019_BEN.json
2019,BFA,Burkina Faso,accepted,official_transcript,2787,,data/analysis_ready_en/2019/2019_BFA.json
2019,BGD,Bangladesh,accepted,official_transcript,2260,,data/analysis_ready_en/2019/2019_BGD.json
2019,BGR,Bulgaria,accepted,official_transcript,1735,,data/analysis_ready_en/2019/2019_BGR.json
2019,BHR,Bahrain,accepted,official_transcript,2506,,data/analysis_ready_en/2019/2019_BHR.json
2019,BHS,Bahamas (The),accepted,official_transcript,1827,,data/analysis_ready_en/2019/2019_BHS.json
2019,BIH,Bosnia and Herzegovina,accepted,official_transcript,2680,,data/analysis_ready_en/2019/2019_BIH.json
2019,BLR,Belarus,accepted,official_transcript,2277,,data/analysis_ready_en/2019/2019_BLR.json
2019,BLZ,Belize,accepted,official_transcript,3292,,data/analysis_ready_en/2019/2019_BLZ.json
2019,BOL,Bolivia (Plurinational State of),accepted,official_transcript,1524,,data/analysis_ready_en/2019/2019_BOL.json
2019,BRA,Brazil,accepted,official_transcript,3448,,data/analysis_ready_en/2019/2019_BRA.json
2019,BRB,Barbados,accepted,official_transcript,3380,,data/analysis_ready_en/2019/2019_BRB.json
2019,BRN,Brunei Darussalam,accepted,official_transcript,1132,,data/analysis_ready_en/2019/2019_BRN.json
2019,BTN,Bhutan,accepted,official_transcript,1440,,data/analysis_ready_en/2019/2019_BTN.json
2019,BWA,Botswana,accepted,official_transcript,2489,,data/analysis_ready_en/2019/2019_BWA.json
2019,CAF,Central African Republic,accepted,official_transcript,1788,,data/analysis_ready_en/2019/2019_CAF.json
2019,CAN,Canada,accepted,official_transcript,3359,,data/analysis_ready_en/2019/2019_CAN.json
2019,CHE,Switzerland,accepted,official_transcript,1059,,data/analysis_ready_en/2019/2019_CHE.json
2019,CHL,Chile,accepted,official_transcript,2726,,data/analysis_ready_en/2019/2019_CHL.json
2019,CHN,China,accepted,official_transcript,2742,,data/analysis_ready_en/2019/2019_CHN.json
2019,CIV,Côte d'Ivoire,accepted,official_transcript,1577,,data/analysis_ready_en/2019/2019_CIV.json
2019,CMR,Cameroon,accepted,official_transcript,2807,,data/analysis_ready_en/2019/2019_CMR.json
2019,COD,Democratic Republic of the Congo,accepted,official_transcript,3551,,data/analysis_ready_en/2019/2019_COD.json
2019,COG,Congo,accepted,official_transcript,1779,,data/analysis_ready_en/2019/2019_COG.json
2019,COL,Colombia,accepted,official_transcript,2884,,data/analysis_ready_en/2019/2019_COL.json
2019,COM,Comoros,accepted,official_transcript,1884,,data/analysis_ready_en/2019/2019_COM.json
2019,CPV,Cabo Verde,accepted,official_transcript,1269,,data/analysis_ready_en/2019/2019_CPV.json
2019,CRI,Costa Rica,accepted,official_transcript,2208,,data/analysis_ready_en/2019/2019_CRI.json
2019,CUB,Cuba,accepted,official_transcript,2934,,data/analysis_ready_en/2019/2019_CUB.json
2019,CYP,Cyprus,accepted,official_transcript,2224,,data/analysis_ready_en/2019/2019_CYP.json
2019,CZE,Czechia,accepted,official_transcript,2651,,data/analysis_ready_en/2019/2019_CZE.json
2019,DEU,Germany,accepted,official_transcript,2200,,data/analysis_ready_en/2019/2019_DEU.json
2019,DJI,Djibouti,accepted,official_transcript,1645,,data/analysis_ready_en/2019/2019_DJI.json
2019,DMA,Dominica,accepted,official_transcript,2077,,data/analysis_ready_en/2019/2019_DMA.json
2019,DNK,Denmark,accepted,official_transcript,1900,,data/analysis_ready_en/2019/2019_DNK.json
2019,DOM,Dominican Republic,accepted,official_transcript,1901,,data/analysis_ready_en/2019/2019_DOM.json
2019,DZA,Algeria,accepted,official_transcript,2152,,data/analysis_ready_en/2019/2019_DZA.json
2019,ECU,Ecuador,accepted,official_transcript,2351,,data/analysis_ready_en/2019/2019_ECU.json
2019,EGY,Egypt,accepted,official_transcript,1891,,data/analysis_ready_en/2019/2019_EGY.json
2019,ERI,Eritrea,accepted,official_transcript,741,,data/analysis_ready_en/2019/2019_ERI.json
2019,ESP,Spain,accepted,official_transcript,4593,,data/analysis_ready_en/2019/2019_ESP.json
2019,EST,Estonia,accepted,official_transcript,2003,,data/analysis_ready_en/2019/2019_EST.json
2019,ETH,Ethiopia,accepted,official_transcript,1612,,data/analysis_ready_en/2019/2019_ETH.json
2019,FIN,Finland,accepted,official_transcript,1321,,data/analysis_ready_en/2019/2019_FIN.json
2019,FJI,Fiji,accepted,official_transcript,2164,,data/analysis_ready_en/2019/2019_FJI.json
2019,FRA,France,accepted,official_transcript,4922,,data/analysis_ready_en/2019/2019_FRA.json
2019,FSM,Micronesia (Federated States of),accepted,official_transcript,2601,,data/analysis_ready_en/2019/2019_FSM.json
2019,GAB,Gabon,accepted,official_transcript,1983,,data/analysis_ready_en/2019/2019_GAB.json
2019,GBR,United Kingdom of Great Britain and Northern Ireland,accepted,official_transcript,2106,,data/analysis_ready_en/2019/2019_GBR.json
2019,GEO,Georgia,accepted,official_transcript,3233,,data/analysis_ready_en/2019/2019_GEO.json
2019,GHA,Ghana,accepted,official_transcript,1609,,data/analysis_ready_en/2019/2019_GHA.json
2019,GIN,Guinea,accepted,official_transcript,1262,,data/analysis_ready_en/2019/2019_GIN.json
2019,GMB,Gambia,accepted,official_transcript,3345,,data/analysis_ready_en/2019/2019_GMB.json
2019,GNB,Guinea-Bissau,accepted,official_transcript,1808,,data/analysis_ready_en/2019/2019_GNB.json
2019,GNQ,Equatorial Guinea,accepted,official_transcript,1714,,data/analysis_ready_en/2019/2019_GNQ.json
2019,GRC,Greece,accepted,official_transcript,1969,,data/analysis_ready_en/2019/2019_GRC.json
2019,GRD,Grenada,accepted,official_transcript,2828,,data/analysis_ready_en/2019/2019_GRD.json
2019,GTM,Guatemala,accepted,official_transcript,2964,,data/analysis_ready_en/2019/2019_GTM.json
2019,GUY,Guyana,accepted,official_transcript,2661,,data/analysis_ready_en/2019/2019_GUY.json
2019,HND,Honduras,accepted,official_transcript,1820,,data/analysis_ready_en/2019/2019_HND.json
2019,HRV,Croatia,accepted,official_transcript,1721,,data/analysis_ready_en/2019/2019_HRV.json
2019,HTI,Haiti,accepted,official_transcript,2041,,data/analysis_ready_en/2019/2019_HTI.json
2019,HUN,Hungary,accepted,official_transcript,2239,,data/analysis_ready_en/2019/2019_HUN.json
2019,IDN,Indonesia,accepted,official_transcript,1473,,data/analysis_ready_en/2019/2019_IDN.json
2019,IND,India,accepted,official_transcript,1209,,data/analysis_ready_en/2019/2019_IND.json
2019,IRL,Ireland,accepted,official_transcript,4260,,data/analysis_ready_en/2019/2019_IRL.json
2019,IRN,Iran (Islamic Republic of),accepted,official_transcript,1956,,data/analysis_ready_en/2019/2019_IRN.json
2019,IRQ,Iraq,accepted,official_transcript,2728,,data/analysis_ready_en/2019/2019_IRQ.json
2019,ISL,Iceland,accepted,official_transcript,1839,,data/analysis_ready_en/2019/2019_ISL.json
2019,ISR,Israel,accepted,official_transcript,1027,,data/analysis_ready_en/2019/2019_ISR.json
2019,ITA,Italy,accepted,official_transcript,2446,,data/analysis_ready_en/2019/2019_ITA.json
2019,JAM,Jamaica,accepted,official_transcript,2152,,data/analysis_ready_en/2019/2019_JAM.json
2019,JOR,Jordan,accepted,official_transcript,1012,,data/analysis_ready_en/2019/2019_JOR.json
2019,JPN,Japan,accepted,official_transcript,1877,,data/analysis_ready_en/2019/2019_JPN.json
2019,KAZ,Kazakhstan,accepted,official_transcript,1897,,data/analysis_ready_en/2019/2019_KAZ.json
2019,KEN,Kenya,accepted,official_transcript,2063,,data/analysis_ready_en/2019/2019_KEN.json
2019,KGZ,Kyrgyzstan,accepted,official_transcript,2750,,data/analysis_ready_en/2019/2019_KGZ.json
2019,KHM,Cambodia,accepted,official_transcript,1985,,data/analysis_ready_en/2019/2019_KHM.json
2019,KIR,Kiribati,accepted,official_transcript,2126,,data/analysis_ready_en/2019/2019_KIR.json
2019,KNA,Saint Kitts and Nevis,accepted,official_transcript,1729,,data/analysis_ready_en/2019/2019_KNA.json
2019,KOR,Republic of Korea,accepted,official_transcript,2295,,data/analysis_ready_en/2019/2019_KOR.json
2019,KWT,Kuwait,accepted,official_transcript,1419,,data/analysis_ready_en/2019/2019_KWT.json
2019,LAO,Lao People's Democratic Republic,accepted,official_transcript,1516,,data/analysis_ready_en/2019/2019_LAO.json
2019,LBN,Lebanon,accepted,official_transcript,1748,,data/analysis_ready_en/2019/2019_LBN.json
2019,LBR,Liberia,accepted,official_transcript,2104,,data/analysis_ready_en/2019/2019_LBR.json
2019,LBY,Libya,accepted,official_transcript,2838,,data/analysis_ready_en/2019/2019_LBY.json
2019,LCA,Saint Lucia,accepted,official_transcript,1724,,data/analysis_ready_en/2019/2019_LCA.json
2019,LIE,Liechtenstein,accepted,official_transcript,1570,,data/analysis_ready_en/2019/2019_LIE.json
2019,LKA,Sri Lanka,accepted,official_transcript,2308,,data/analysis_ready_en/2019/2019_LKA.json
2019,LSO,Lesotho,accepted,official_transcript,1953,,data/analysis_ready_en/2019/2019_LSO.json
2019,LTU,Lithuania,accepted,official_transcript,1581,,data/analysis_ready_en/2019/2019_LTU.json
2019,LUX,Luxembourg,accepted,official_transcript,3352,,data/analysis_ready_en/2019/2019_LUX.json
2019,LVA,Latvia,accepted,official_transcript,1594,,data/analysis_ready_en/2019/2019_LVA.json
2019,MAR,Morocco,accepted,official_transcript,2168,,data/analysis_ready_en/2019/2019_MAR.json
2019,MCO,Monaco,accepted,official_transcript,1763,,data/analysis_ready_en/2019/2019_MCO.json
2019,MDA,Republic of Moldova,accepted,official_transcript,2868,,data/analysis_ready_en/2019/2019_MDA.json
2019,MDG,Madagascar,accepted,official_transcript,2037,,data/analysis_ready_en/2019/2019_MDG.json
2019,MDV,Maldives,accepted,official_transcript,1694,,data/analysis_ready_en/2019/2019_MDV.json
2019,MEX,Mexico,accepted,official_transcript,1691,,data/analysis_ready_en/2019/2019_MEX.json
2019,MHL,Marshall Islands,accepted,official_transcript,2106,,data/analysis_ready_en/2019/2019_MHL.json
2019,MKD,North Macedonia,accepted,official_transcript,1590,,data/analysis_ready_en/2019/2019_MKD.json
2019,MLI,Mali,accepted,official_transcript,2828,,data/analysis_ready_en/2019/2019_MLI.json
2019,MLT,Malta,accepted,official_transcript,1441,,data/analysis_ready_en/2019/2019_MLT.json
2019,MMR,Myanmar,accepted,official_transcript,2463,,data/analysis_ready_en/2019/2019_MMR.json
2019,MNE,Montenegro,accepted,official_transcript,2121,,data/analysis_ready_en/2019/2019_MNE.json
2019,MNG,Mongolia,accepted,official_transcript,2343,,data/analysis_ready_en/2019/2019_MNG.json
2019,MOZ,Mozambique,accepted,official_transcript,2189,,data/analysis_ready_en/2019/2019_MOZ.json
2019,MRT,Mauritania,accepted,official_transcript,1524,,data/analysis_ready_en/2019/2019_MRT.json
2019,MUS,Mauritius,accepted,official_transcript,2152,,data/analysis_ready_en/2019/2019_MUS.json
2019,MWI,Malawi,accepted,official_transcript,2514,,data/analysis_ready_en/2019/2019_MWI.json
2019,MYS,Malaysia,accepted,official_transcript,2913,,data/analysis_ready_en/2019/2019_MYS.json
2019,NAM,Namibia,accepted,official_transcript,1775,,data/analysis_ready_en/2019/2019_NAM.json
2019,NER,Niger,accepted,official_transcript,2768,,data/analysis_ready_en/2019/2019_NER.json
2019,NGA,Nigeria,accepted,official_transcript,1688,,data/analysis_ready_en/2019/2019_NGA.json
2019,NIC,Nicaragua,accepted,official_transcript,1288,,data/analysis_ready_en/2019/2019_NIC.json
2019,NLD,Netherlands,accepted,official_transcript,1997,,data/analysis_ready_en/2019/2019_NLD.json
2019,NOR,Norway,accepted,official_transcript,2206,,data/analysis_ready_en/2019/2019_NOR.json
2019,NPL,Nepal,accepted,official_transcript,2393,,data/analysis_ready_en/2019/2019_NPL.json
2019,NRU,Naoero,accepted,official_transcript,2340,,data/analysis_ready_en/2019/2019_NRU.json
2019,NZL,New Zealand,accepted,official_transcript,2792,,data/analysis_ready_en/2019/2019_NZL.json
2019,OMN,Oman,accepted,official_transcript,1481,,data/analysis_ready_en/2019/2019_OMN.json
2019,PAK,Pakistan,accepted,official_transcript,5320,,data/analysis_ready_en/2019/2019_PAK.json
2019,PAN,Panama,accepted,official_transcript,1003,,data/analysis_ready_en/2019/2019_PAN.json
2019,PER,Peru,accepted,official_transcript,2390,,data/analysis_ready_en/2019/2019_PER.json
2019,PHL,Philippines,accepted,official_transcript,3572,,data/analysis_ready_en/2019/2019_PHL.json
2019,PLW,Palau,accepted,official_transcript,2126,,data/analysis_ready_en/2019/2019_PLW.json
2019,PNG,Papua New Guinea,accepted,official_transcript,3286,,data/analysis_ready_en/2019/2019_PNG.json
2019,POL,Poland,accepted,official_transcript,2526,,data/analysis_ready_en/2019/2019_POL.json
2019,PRK,Democratic People's Republic of Korea,accepted,official_transcript,1396,,data/analysis_ready_en/2019/2019_PRK.json
2019,PRT,Portugal,accepted,official_transcript,1634,,data/analysis_ready_en/2019/2019_PRT.json
2019,PRY,Paraguay,accepted,official_transcript,1849,,data/analysis_ready_en/2019/2019_PRY.json
2019,QAT,Qatar,accepted,official_transcript,2516,,data/analysis_ready_en/2019/2019_QAT.json
2019,ROU,Romania,accepted,official_transcript,1038,,data/analysis_ready_en/2019/2019_ROU.json
2019,RUS,Russian Federation,accepted,official_transcript,2993,,data/analysis_ready_en/2019/2019_RUS.json
2019,RWA,Rwanda,accepted,official_transcript,611,,data/analysis_ready_en/2019/2019_RWA.json
2019,SAU,Saudi Arabia,accepted,official_transcript,1366,,data/analysis_ready_en/2019/2019_SAU.json
2019,SDN,Sudan,accepted,official_transcript,1647,,data/analysis_ready_en/2019/2019_SDN.json
2019,SEN,Senegal,accepted,official_transcript,1273,,data/analysis_ready_en/2019/2019_SEN.json
2019,SGP,Singapore,accepted,official_transcript,1649,,data/analysis_ready_en/2019/2019_SGP.json
2019,SLB,Solomon Islands,accepted,official_transcript,3421,,data/analysis_ready_en/2019/2019_SLB.json
2019,SLE,Sierra Leone,accepted,official_transcript,2137,,data/analysis_ready_en/2019/2019_SLE.json
2019,SLV,El Salvador,accepted,official_transcript,2476,,data/analysis_ready_en/2019/2019_SLV.json
2019,SMR,San Marino,accepted,official_transcript,2736,,data/analysis_ready_en/2019/2019_SMR.json
2019,SOM,Somalia,accepted,official_transcript,2844,,data/analysis_ready_en/2019/2019_SOM.json
2019,SRB,Serbia,accepted,official_transcript,2414,,data/analysis_ready_en/2019/2019_SRB.json
2019,SSD,South Sudan,accepted,official_transcript,2255,,data/analysis_ready_en/2019/2019_SSD.json
2019,STP,Sao Tome and Principe,accepted,official_transcript,1327,,data/analysis_ready_en/2019/2019_STP.json
2019,SUR,Suriname,accepted,official_transcript,1811,,data/analysis_ready_en/2019/2019_SUR.json
2019,SVK,Slovakia,accepted,official_transcript,1051,,data/analysis_ready_en/2019/2019_SVK.json
2019,SVN,Slovenia,accepted,official_transcript,1540,,data/analysis_ready_en/2019/2019_SVN.json
2019,SWE,Sweden,accepted,official_transcript,2027,,data/analysis_ready_en/2019/2019_SWE.json
2019,SWZ,Eswatini,accepted,official_transcript,2110,,data/analysis_ready_en/2019/2019_SWZ.json
2019,SYC,Seychelles,accepted,official_transcript,1216,,data/analysis_ready_en/2019/2019_SYC.json
2019,SYR,Syrian Arab Republic,accepted,official_transcript,2933,,data/analysis_ready_en/2019/2019_SYR.json
2019,TCD,Chad,accepted,official_transcript,2028,,data/analysis_ready_en/2019/2019_TCD.json
2019,TGO,Togo,accepted,official_transcript,2057,,data/analysis_ready_en/2019/2019_TGO.json
2019,THA,Thailand,accepted,official_transcript,1582,,data/analysis_ready_en/2019/2019_THA.json
2019,TJK,Tajikistan,accepted,official_transcript,1572,,data/analysis_ready_en/2019/2019_TJK.json
2019,TKM,Turkmenistan,accepted,official_transcript,2095,,data/analysis_ready_en/2019/2019_TKM.json
2019,TLS,Timor-Leste,accepted,official_transcript,1708,,data/analysis_ready_en/2019/2019_TLS.json
2019,TON,Tonga,accepted,official_transcript,1574,,data/analysis_ready_en/2019/2019_TON.json
2019,TTO,Trinidad and Tobago,accepted,official_transcript,3018,,data/analysis_ready_en/2019/2019_TTO.json
2019,TUN,Tunisia,accepted,official_transcript,2065,,data/analysis_ready_en/2019/2019_TUN.json
2019,TUR,Türkiye,accepted,official_transcript,3922,,data/analysis_ready_en/2019/2019_TUR.json
2019,TUV,Tuvalu,accepted,official_transcript,1957,,data/analysis_ready_en/2019/2019_TUV.json
2019,TZA,United Republic of Tanzania,accepted,official_transcript,2210,,data/analysis_ready_en/2019/2019_TZA.json
2019,UGA,Uganda,accepted,official_transcript,2432,,data/analysis_ready_en/2019/2019_UGA.json
2019,UKR,Ukraine,accepted,official_transcript,1556,,data/analysis_ready_en/2019/2019_UKR.json
2019,URY,Uruguay,accepted,official_transcript,2991,,data/analysis_ready_en/2019/2019_URY.json
2019,USA,United States of America,accepted,official_transcript,3808,,data/analysis_ready_en/2019/2019_USA.json
2019,UZB,Uzbekistan,not_obtained_or_no_main_address,,0,not_an_AI_negative; participation_roster_required,
2019,VCT,Saint Vincent and the Grenadines,accepted,official_transcript,2713,,data/analysis_ready_en/2019/2019_VCT.json
2019,VEN,Venezuela (Bolivarian Republic of),accepted,official_transcript,3857,,data/analysis_ready_en/2019/2019_VEN.json
2019,VNM,Viet Nam,accepted,official_transcript,1759,,data/analysis_ready_en/2019/2019_VNM.json
2019,VUT,Vanuatu,accepted,official_transcript,2004,,data/analysis_ready_en/2019/2019_VUT.json
2019,WSM,Samoa,accepted,official_transcript,2294,,data/analysis_ready_en/2019/2019_WSM.json
2019,YEM,Yemen,accepted,official_transcript,2070,,data/analysis_ready_en/2019/2019_YEM.json
2019,ZAF,South Africa,accepted,official_transcript,2412,,data/analysis_ready_en/2019/2019_ZAF.json
2019,ZMB,Zambia,accepted,official_transcript,1717,,data/analysis_ready_en/2019/2019_ZMB.json
2019,ZWE,Zimbabwe,accepted,official_transcript,1296,,data/analysis_ready_en/2019/2019_ZWE.json
2020,AFG,Afghanistan,accepted,official_transcript,1898,,data/analysis_ready_en/2020/2020_AFG.json
2020,AGO,Angola,accepted,official_transcript,1182,,data/analysis_ready_en/2020/2020_AGO.json
2020,ALB,Albania,accepted,official_transcript,1759,,data/analysis_ready_en/2020/2020_ALB.json
2020,AND,Andorra,accepted,official_transcript,2489,,data/analysis_ready_en/2020/2020_AND.json
2020,ARE,United Arab Emirates,accepted,official_transcript,1836,,data/analysis_ready_en/2020/2020_ARE.json
2020,ARG,Argentina,accepted,official_transcript,1885,,data/analysis_ready_en/2020/2020_ARG.json
2020,ARM,Armenia,accepted,official_transcript,1481,,data/analysis_ready_en/2020/2020_ARM.json
2020,ATG,Antigua and Barbuda,accepted,official_transcript,1675,,data/analysis_ready_en/2020/2020_ATG.json
2020,AUS,Australia,accepted,official_transcript,1962,,data/analysis_ready_en/2020/2020_AUS.json
2020,AUT,Austria,accepted,official_transcript,1699,,data/analysis_ready_en/2020/2020_AUT.json
2020,AZE,Azerbaijan,accepted,official_transcript,3185,,data/analysis_ready_en/2020/2020_AZE.json
2020,BDI,Burundi,accepted,official_transcript,1939,,data/analysis_ready_en/2020/2020_BDI.json
2020,BEL,Belgium,accepted,official_transcript,2138,,data/analysis_ready_en/2020/2020_BEL.json
2020,BEN,Benin,accepted,official_transcript,1340,,data/analysis_ready_en/2020/2020_BEN.json
2020,BFA,Burkina Faso,accepted,official_transcript,1820,,data/analysis_ready_en/2020/2020_BFA.json
2020,BGD,Bangladesh,accepted,official_transcript,2037,,data/analysis_ready_en/2020/2020_BGD.json
2020,BGR,Bulgaria,accepted,official_transcript,1692,,data/analysis_ready_en/2020/2020_BGR.json
2020,BHR,Bahrain,accepted,official_transcript,1152,,data/analysis_ready_en/2020/2020_BHR.json
2020,BHS,Bahamas (The),accepted,official_transcript,1320,,data/analysis_ready_en/2020/2020_BHS.json
2020,BIH,Bosnia and Herzegovina,accepted,official_transcript,2389,,data/analysis_ready_en/2020/2020_BIH.json
2020,BLR,Belarus,accepted,official_transcript,1839,,data/analysis_ready_en/2020/2020_BLR.json
2020,BLZ,Belize,accepted,official_transcript,2975,,data/analysis_ready_en/2020/2020_BLZ.json
2020,BOL,Bolivia (Plurinational State of),accepted,official_transcript,1449,,data/analysis_ready_en/2020/2020_BOL.json
2020,BRA,Brazil,accepted,official_transcript,1842,,data/analysis_ready_en/2020/2020_BRA.json
2020,BRB,Barbados,accepted,official_transcript,1882,,data/analysis_ready_en/2020/2020_BRB.json
2020,BRN,Brunei Darussalam,not_obtained_or_no_main_address,,0,not_an_AI_negative; participation_roster_required,
2020,BTN,Bhutan,accepted,official_transcript,2253,,data/analysis_ready_en/2020/2020_BTN.json
2020,BWA,Botswana,accepted,official_transcript,2353,,data/analysis_ready_en/2020/2020_BWA.json
2020,CAF,Central African Republic,accepted,official_transcript,1413,,data/analysis_ready_en/2020/2020_CAF.json
2020,CAN,Canada,accepted,official_transcript,1411,,data/analysis_ready_en/2020/2020_CAN.json
2020,CHE,Switzerland,accepted,official_transcript,1039,,data/analysis_ready_en/2020/2020_CHE.json
2020,CHL,Chile,accepted,official_transcript,3092,,data/analysis_ready_en/2020/2020_CHL.json
2020,CHN,China,accepted,official_transcript,1847,,data/analysis_ready_en/2020/2020_CHN.json
2020,CIV,Côte d'Ivoire,accepted,official_transcript,1756,,data/analysis_ready_en/2020/2020_CIV.json
2020,CMR,Cameroon,accepted,official_transcript,1275,,data/analysis_ready_en/2020/2020_CMR.json
2020,COD,Democratic Republic of the Congo,accepted,official_transcript,2402,,data/analysis_ready_en/2020/2020_COD.json
2020,COG,Congo,accepted,official_transcript,779,,data/analysis_ready_en/2020/2020_COG.json
2020,COL,Colombia,accepted,official_transcript,1788,,data/analysis_ready_en/2020/2020_COL.json
2020,COM,Comoros,accepted,official_transcript,1872,,data/analysis_ready_en/2020/2020_COM.json
2020,CPV,Cabo Verde,accepted,official_transcript,1319,,data/analysis_ready_en/2020/2020_CPV.json
2020,CRI,Costa Rica,accepted,official_transcript,2365,,data/analysis_ready_en/2020/2020_CRI.json
2020,CUB,Cuba,accepted,official_transcript,2533,,data/analysis_ready_en/2020/2020_CUB.json
2020,CYP,Cyprus,accepted,official_transcript,2643,,data/analysis_ready_en/2020/2020_CYP.json
2020,CZE,Czechia,accepted,official_transcript,1986,,data/analysis_ready_en/2020/2020_CZE.json
2020,DEU,Germany,accepted,official_transcript,1850,,data/analysis_ready_en/2020/2020_DEU.json
2020,DJI,Djibouti,accepted,official_transcript,1579,,data/analysis_ready_en/2020/2020_DJI.json
2020,DMA,Dominica,accepted,official_transcript,1534,,data/analysis_ready_en/2020/2020_DMA.json
2020,DNK,Denmark,accepted,official_transcript,603,,data/analysis_ready_en/2020/2020_DNK.json
2020,DOM,Dominican Republic,accepted,official_transcript,1804,,data/analysis_ready_en/2020/2020_DOM.json
2020,DZA,Algeria,accepted,official_transcript,1283,,data/analysis_ready_en/2020/2020_DZA.json
2020,ECU,Ecuador,accepted,official_transcript,1281,,data/analysis_ready_en/2020/2020_ECU.json
2020,EGY,Egypt,accepted,official_transcript,3401,,data/analysis_ready_en/2020/2020_EGY.json
2020,ERI,Eritrea,accepted,official_transcript,540,,data/analysis_ready_en/2020/2020_ERI.json
2020,ESP,Spain,accepted,official_transcript,3275,,data/analysis_ready_en/2020/2020_ESP.json
2020,EST,Estonia,accepted,official_transcript,932,,data/analysis_ready_en/2020/2020_EST.json
2020,ETH,Ethiopia,accepted,official_transcript,1087,,data/analysis_ready_en/2020/2020_ETH.json
2020,FIN,Finland,accepted,official_transcript,1468,,data/analysis_ready_en/2020/2020_FIN.json
2020,FJI,Fiji,accepted,official_transcript,1719,,data/analysis_ready_en/2020/2020_FJI.json
2020,FRA,France,accepted,official_transcript,7082,,data/analysis_ready_en/2020/2020_FRA.json
2020,FSM,Micronesia (Federated States of),accepted,official_transcript,2364,,data/analysis_ready_en/2020/2020_FSM.json
2020,GAB,Gabon,accepted,official_transcript,1708,,data/analysis_ready_en/2020/2020_GAB.json
2020,GBR,United Kingdom of Great Britain and Northern Ireland,accepted,official_transcript,2185,,data/analysis_ready_en/2020/2020_GBR.json
2020,GEO,Georgia,accepted,official_transcript,1966,,data/analysis_ready_en/2020/2020_GEO.json
2020,GHA,Ghana,accepted,official_transcript,1517,,data/analysis_ready_en/2020/2020_GHA.json
2020,GIN,Guinea,accepted,official_transcript,904,,data/analysis_ready_en/2020/2020_GIN.json
2020,GMB,Gambia,accepted,official_transcript,1484,,data/analysis_ready_en/2020/2020_GMB.json
2020,GNB,Guinea-Bissau,accepted,official_transcript,1470,,data/analysis_ready_en/2020/2020_GNB.json
2020,GNQ,Equatorial Guinea,accepted,official_transcript,1525,,data/analysis_ready_en/2020/2020_GNQ.json
2020,GRC,Greece,accepted,official_transcript,1582,,data/analysis_ready_en/2020/2020_GRC.json
2020,GRD,Grenada,accepted,official_transcript,1354,,data/analysis_ready_en/2020/2020_GRD.json
2020,GTM,Guatemala,accepted,official_transcript,2020,,data/analysis_ready_en/2020/2020_GTM.json
2020,GUY,Guyana,accepted,official_transcript,1752,,data/analysis_ready_en/2020/2020_GUY.json
2020,HND,Honduras,accepted,official_transcript,2034,,data/analysis_ready_en/2020/2020_HND.json
2020,HRV,Croatia,accepted,official_transcript,2284,,data/analysis_ready_en/2020/2020_HRV.json
2020,HTI,Haiti,accepted,official_transcript,1067,,data/analysis_ready_en/2020/2020_HTI.json
2020,HUN,Hungary,accepted,official_transcript,681,,data/analysis_ready_en/2020/2020_HUN.json
2020,IDN,Indonesia,accepted,official_transcript,945,,data/analysis_ready_en/2020/2020_IDN.json
2020,IND,India,accepted,official_transcript,1637,,data/analysis_ready_en/2020/2020_IND.json
2020,IRL,Ireland,accepted,official_transcript,1995,,data/analysis_ready_en/2020/2020_IRL.json
2020,IRN,Iran (Islamic Republic of),accepted,official_transcript,1608,,data/analysis_ready_en/2020/2020_IRN.json
2020,IRQ,Iraq,accepted,official_transcript,1889,,data/analysis_ready_en/2020/2020_IRQ.json
2020,ISL,Iceland,accepted,official_transcript,1588,,data/analysis_ready_en/2020/2020_ISL.json
2020,ISR,Israel,accepted,official_transcript,1490,,data/analysis_ready_en/2020/2020_ISR.json
2020,ITA,Italy,accepted,official_transcript,2560,,data/analysis_ready_en/2020/2020_ITA.json
2020,JAM,Jamaica,accepted,official_transcript,1448,,data/analysis_ready_en/2020/2020_JAM.json
2020,JOR,Jordan,accepted,official_transcript,738,,data/analysis_ready_en/2020/2020_JOR.json
2020,JPN,Japan,accepted,official_transcript,1555,,data/analysis_ready_en/2020/2020_JPN.json
2020,KAZ,Kazakhstan,accepted,official_transcript,1794,,data/analysis_ready_en/2020/2020_KAZ.json
2020,KEN,Kenya,accepted,official_transcript,2343,,data/analysis_ready_en/2020/2020_KEN.json
2020,KGZ,Kyrgyzstan,accepted,official_transcript,1074,,data/analysis_ready_en/2020/2020_KGZ.json
2020,KHM,Cambodia,accepted,official_transcript,1618,,data/analysis_ready_en/2020/2020_KHM.json
2020,KIR,Kiribati,accepted,official_transcript,1962,,data/analysis_ready_en/2020/2020_KIR.json
2020,KNA,Saint Kitts and Nevis,accepted,official_transcript,1877,,data/analysis_ready_en/2020/2020_KNA.json
2020,KOR,Republic of Korea,accepted,official_transcript,2069,,data/analysis_ready_en/2020/2020_KOR.json
2020,KWT,Kuwait,accepted,official_transcript,2340,,data/analysis_ready_en/2020/2020_KWT.json
2020,LAO,Lao People's Democratic Republic,accepted,official_transcript,1885,,data/analysis_ready_en/2020/2020_LAO.json
2020,LBN,Lebanon,accepted,official_transcript,1689,,data/analysis_ready_en/2020/2020_LBN.json
2020,LBR,Liberia,accepted,official_transcript,1396,,data/analysis_ready_en/2020/2020_LBR.json
2020,LBY,Libya,accepted,official_transcript,2834,,data/analysis_ready_en/2020/2020_LBY.json
2020,LCA,Saint Lucia,accepted,official_transcript,2245,,data/analysis_ready_en/2020/2020_LCA.json
2020,LIE,Liechtenstein,accepted,official_transcript,2060,,data/analysis_ready_en/2020/2020_LIE.json
2020,LKA,Sri Lanka,accepted,official_transcript,1650,,data/analysis_ready_en/2020/2020_LKA.json
2020,LSO,Lesotho,accepted,official_transcript,2544,,data/analysis_ready_en/2020/2020_LSO.json
2020,LTU,Lithuania,accepted,official_transcript,1800,,data/analysis_ready_en/2020/2020_LTU.json
2020,LUX,Luxembourg,accepted,official_transcript,2412,,data/analysis_ready_en/2020/2020_LUX.json
2020,LVA,Latvia,accepted,official_transcript,1392,,data/analysis_ready_en/2020/2020_LVA.json
2020,MAR,Morocco,accepted,official_transcript,2476,,data/analysis_ready_en/2020/2020_MAR.json
2020,MCO,Monaco,accepted,official_transcript,1610,,data/analysis_ready_en/2020/2020_MCO.json
2020,MDA,Republic of Moldova,accepted,official_transcript,2475,,data/analysis_ready_en/2020/2020_MDA.json
2020,MDG,Madagascar,accepted,official_transcript,1759,,data/analysis_ready_en/2020/2020_MDG.json
2020,MDV,Maldives,accepted,official_transcript,2104,,data/analysis_ready_en/2020/2020_MDV.json
2020,MEX,Mexico,accepted,official_transcript,1360,,data/analysis_ready_en/2020/2020_MEX.json
2020,MHL,Marshall Islands,accepted,official_transcript,1658,,data/analysis_ready_en/2020/2020_MHL.json
2020,MKD,North Macedonia,accepted,official_transcript,1593,,data/analysis_ready_en/2020/2020_MKD.json
2020,MLI,Mali,not_obtained_or_no_main_address,,0,not_an_AI_negative; participation_roster_required,
2020,MLT,Malta,accepted,official_transcript,3003,,data/analysis_ready_en/2020/2020_MLT.json
2020,MMR,Myanmar,accepted,official_transcript,3931,,data/analysis_ready_en/2020/2020_MMR.json
2020,MNE,Montenegro,accepted,official_transcript,1927,,data/analysis_ready_en/2020/2020_MNE.json
2020,MNG,Mongolia,accepted,official_transcript,749,,data/analysis_ready_en/2020/2020_MNG.json
2020,MOZ,Mozambique,accepted,official_transcript,1846,,data/analysis_ready_en/2020/2020_MOZ.json
2020,MRT,Mauritania,accepted,official_transcript,1340,,data/analysis_ready_en/2020/2020_MRT.json
2020,MUS,Mauritius,accepted,official_transcript,2125,,data/analysis_ready_en/2020/2020_MUS.json
2020,MWI,Malawi,accepted,official_transcript,1526,,data/analysis_ready_en/2020/2020_MWI.json
2020,MYS,Malaysia,accepted,official_transcript,2488,,data/analysis_ready_en/2020/2020_MYS.json
2020,NAM,Namibia,accepted,official_transcript,1399,,data/analysis_ready_en/2020/2020_NAM.json
2020,NER,Niger,accepted,official_transcript,3270,,data/analysis_ready_en/2020/2020_NER.json
2020,NGA,Nigeria,accepted,official_transcript,2019,,data/analysis_ready_en/2020/2020_NGA.json
2020,NIC,Nicaragua,accepted,official_transcript,1432,,data/analysis_ready_en/2020/2020_NIC.json
2020,NLD,Netherlands,accepted,official_transcript,909,,data/analysis_ready_en/2020/2020_NLD.json
2020,NOR,Norway,accepted,official_transcript,1771,,data/analysis_ready_en/2020/2020_NOR.json
2020,NPL,Nepal,accepted,official_transcript,2521,,data/analysis_ready_en/2020/2020_NPL.json
2020,NRU,Naoero,accepted,official_transcript,2433,,data/analysis_ready_en/2020/2020_NRU.json
2020,NZL,New Zealand,accepted,official_transcript,1531,,data/analysis_ready_en/2020/2020_NZL.json
2020,OMN,Oman,accepted,official_transcript,1137,,data/analysis_ready_en/2020/2020_OMN.json
2020,PAK,Pakistan,accepted,official_transcript,2729,,data/analysis_ready_en/2020/2020_PAK.json
2020,PAN,Panama,accepted,official_transcript,1100,,data/analysis_ready_en/2020/2020_PAN.json
2020,PER,Peru,accepted,official_transcript,1766,,data/analysis_ready_en/2020/2020_PER.json
2020,PHL,Philippines,accepted,official_transcript,2028,,data/analysis_ready_en/2020/2020_PHL.json
2020,PLW,Palau,accepted,official_transcript,2838,,data/analysis_ready_en/2020/2020_PLW.json
2020,PNG,Papua New Guinea,accepted,official_transcript,2404,,data/analysis_ready_en/2020/2020_PNG.json
2020,POL,Poland,accepted,official_transcript,2253,,data/analysis_ready_en/2020/2020_POL.json
2020,PRK,Democratic People's Republic of Korea,accepted,official_transcript,1342,,data/analysis_ready_en/2020/2020_PRK.json
2020,PRT,Portugal,accepted,official_transcript,1643,,data/analysis_ready_en/2020/2020_PRT.json
2020,PRY,Paraguay,accepted,official_transcript,826,,data/analysis_ready_en/2020/2020_PRY.json
2020,QAT,Qatar,accepted,official_transcript,2068,,data/analysis_ready_en/2020/2020_QAT.json
2020,ROU,Romania,accepted,official_transcript,1943,,data/analysis_ready_en/2020/2020_ROU.json
2020,RUS,Russian Federation,accepted,official_transcript,2342,,data/analysis_ready_en/2020/2020_RUS.json
2020,RWA,Rwanda,accepted,official_transcript,638,,data/analysis_ready_en/2020/2020_RWA.json
2020,SAU,Saudi Arabia,accepted,official_transcript,1763,,data/analysis_ready_en/2020/2020_SAU.json
2020,SDN,Sudan,accepted,official_transcript,2054,,data/analysis_ready_en/2020/2020_SDN.json
2020,SEN,Senegal,accepted,official_transcript,2228,,data/analysis_ready_en/2020/2020_SEN.json
2020,SGP,Singapore,accepted,official_transcript,2098,,data/analysis_ready_en/2020/2020_SGP.json
2020,SLB,Solomon Islands,accepted,official_transcript,2368,,data/analysis_ready_en/2020/2020_SLB.json
2020,SLE,Sierra Leone,accepted,official_transcript,1788,,data/analysis_ready_en/2020/2020_SLE.json
2020,SLV,El Salvador,accepted,official_transcript,2344,,data/analysis_ready_en/2020/2020_SLV.json
2020,SMR,San Marino,accepted,official_transcript,1980,,data/analysis_ready_en/2020/2020_SMR.json
2020,SOM,Somalia,accepted,official_transcript,1400,,data/analysis_ready_en/2020/2020_SOM.json
2020,SRB,Serbia,accepted,official_transcript,2609,,data/analysis_ready_en/2020/2020_SRB.json
2020,SSD,South Sudan,not_obtained_or_no_main_address,,0,not_an_AI_negative; participation_roster_required,
2020,STP,Sao Tome and Principe,accepted,official_transcript,1239,,data/analysis_ready_en/2020/2020_STP.json
2020,SUR,Suriname,accepted,official_transcript,1234,,data/analysis_ready_en/2020/2020_SUR.json
2020,SVK,Slovakia,accepted,official_transcript,961,,data/analysis_ready_en/2020/2020_SVK.json
2020,SVN,Slovenia,accepted,official_transcript,1246,,data/analysis_ready_en/2020/2020_SVN.json
2020,SWE,Sweden,accepted,official_transcript,1578,,data/analysis_ready_en/2020/2020_SWE.json
2020,SWZ,Eswatini,accepted,official_transcript,2233,,data/analysis_ready_en/2020/2020_SWZ.json
2020,SYC,Seychelles,accepted,official_transcript,1537,,data/analysis_ready_en/2020/2020_SYC.json
2020,SYR,Syrian Arab Republic,accepted,official_transcript,2054,,data/analysis_ready_en/2020/2020_SYR.json
2020,TCD,Chad,accepted,official_transcript,2321,,data/analysis_ready_en/2020/2020_TCD.json
2020,TGO,Togo,accepted,official_transcript,1556,,data/analysis_ready_en/2020/2020_TGO.json
2020,THA,Thailand,accepted,official_transcript,1840,,data/analysis_ready_en/2020/2020_THA.json
2020,TJK,Tajikistan,accepted,official_transcript,2385,,data/analysis_ready_en/2020/2020_TJK.json
2020,TKM,Turkmenistan,accepted,official_transcript,2211,,data/analysis_ready_en/2020/2020_TKM.json
2020,TLS,Timor-Leste,accepted,official_transcript,1405,,data/analysis_ready_en/2020/2020_TLS.json
2020,TON,Tonga,accepted,official_transcript,1720,,data/analysis_ready_en/2020/2020_TON.json
2020,TTO,Trinidad and Tobago,accepted,official_transcript,2363,,data/analysis_ready_en/2020/2020_TTO.json
2020,TUN,Tunisia,accepted,official_transcript,772,,data/analysis_ready_en/2020/2020_TUN.json
2020,TUR,Türkiye,accepted,official_transcript,3071,,data/analysis_ready_en/2020/2020_TUR.json
2020,TUV,Tuvalu,accepted,official_transcript,1425,,data/analysis_ready_en/2020/2020_TUV.json
2020,TZA,United Republic of Tanzania,accepted,official_transcript,1939,,data/analysis_ready_en/2020/2020_TZA.json
2020,UGA,Uganda,accepted,official_transcript,2570,,data/analysis_ready_en/2020/2020_UGA.json
2020,UKR,Ukraine,accepted,official_transcript,1712,,data/analysis_ready_en/2020/2020_UKR.json
2020,URY,Uruguay,accepted,official_transcript,2055,,data/analysis_ready_en/2020/2020_URY.json
2020,USA,United States of America,accepted,official_transcript,979,,data/analysis_ready_en/2020/2020_USA.json
2020,UZB,Uzbekistan,accepted,official_transcript,1660,,data/analysis_ready_en/2020/2020_UZB.json
2020,VCT,Saint Vincent and the Grenadines,accepted,official_transcript,2168,,data/analysis_ready_en/2020/2020_VCT.json
2020,VEN,Venezuela (Bolivarian Republic of),accepted,official_transcript,3949,,data/analysis_ready_en/2020/2020_VEN.json
2020,VNM,Viet Nam,accepted,official_transcript,1096,,data/analysis_ready_en/2020/2020_VNM.json
2020,VUT,Vanuatu,accepted,official_transcript,2231,,data/analysis_ready_en/2020/2020_VUT.json
2020,WSM,Samoa,accepted,official_transcript,1864,,data/analysis_ready_en/2020/2020_WSM.json
2020,YEM,Yemen,accepted,official_transcript,1324,,data/analysis_ready_en/2020/2020_YEM.json
2020,ZAF,South Africa,accepted,official_transcript,1495,,data/analysis_ready_en/2020/2020_ZAF.json
2020,ZMB,Zambia,accepted,official_transcript,679,,data/analysis_ready_en/2020/2020_ZMB.json
2020,ZWE,Zimbabwe,accepted,official_transcript,1262,,data/analysis_ready_en/2020/2020_ZWE.json
2021,AFG,Afghanistan,not_obtained_or_no_main_address,,0,not_an_AI_negative; participation_roster_required,
2021,AGO,Angola,accepted,official_transcript,1154,,data/analysis_ready_en/2021/2021_AGO.json
2021,ALB,Albania,accepted,official_transcript,2044,,data/analysis_ready_en/2021/2021_ALB.json
2021,AND,Andorra,accepted,official_transcript,2361,,data/analysis_ready_en/2021/2021_AND.json
2021,ARE,United Arab Emirates,accepted,official_transcript,1987,,data/analysis_ready_en/2021/2021_ARE.json
2021,ARG,Argentina,accepted,official_transcript,1955,,data/analysis_ready_en/2021/2021_ARG.json
2021,ARM,Armenia,accepted,official_transcript,1321,,data/analysis_ready_en/2021/2021_ARM.json
2021,ATG,Antigua and Barbuda,accepted,official_transcript,2659,,data/analysis_ready_en/2021/2021_ATG.json
2021,AUS,Australia,accepted,official_transcript,2145,,data/analysis_ready_en/2021/2021_AUS.json
2021,AUT,Austria,accepted,official_transcript,1544,,data/analysis_ready_en/2021/2021_AUT.json
2021,AZE,Azerbaijan,accepted,official_transcript,3727,,data/analysis_ready_en/2021/2021_AZE.json
2021,BDI,Burundi,accepted,official_transcript,2404,,data/analysis_ready_en/2021/2021_BDI.json
2021,BEL,Belgium,accepted,official_transcript,1943,,data/analysis_ready_en/2021/2021_BEL.json
2021,BEN,Benin,accepted,official_transcript,1061,,data/analysis_ready_en/2021/2021_BEN.json
2021,BFA,Burkina Faso,accepted,official_transcript,2235,,data/analysis_ready_en/2021/2021_BFA.json
2021,BGD,Bangladesh,accepted,official_transcript,2425,,data/analysis_ready_en/2021/2021_BGD.json
2021,BGR,Bulgaria,accepted,official_transcript,1279,,data/analysis_ready_en/2021/2021_BGR.json
2021,BHR,Bahrain,accepted,official_transcript,2469,,data/analysis_ready_en/2021/2021_BHR.json
2021,BHS,Bahamas (The),accepted,official_transcript,1661,,data/analysis_ready_en/2021/2021_BHS.json
2021,BIH,Bosnia and Herzegovina,accepted,official_transcript,3170,,data/analysis_ready_en/2021/2021_BIH.json
2021,BLR,Belarus,accepted,official_transcript,2603,,data/analysis_ready_en/2021/2021_BLR.json
2021,BLZ,Belize,accepted,official_transcript,2355,,data/analysis_ready_en/2021/2021_BLZ.json
2021,BOL,Bolivia (Plurinational State of),accepted,official_transcript,2766,,data/analysis_ready_en/2021/2021_BOL.json
2021,BRA,Brazil,accepted,official_transcript,1496,,data/analysis_ready_en/2021/2021_BRA.json
2021,BRB,Barbados,accepted,official_transcript,1799,,data/analysis_ready_en/2021/2021_BRB.json
2021,BRN,Brunei Darussalam,accepted,official_transcript,1197,,data/analysis_ready_en/2021/2021_BRN.json
2021,BTN,Bhutan,accepted,official_transcript,2214,,data/analysis_ready_en/2021/2021_BTN.json
2021,BWA,Botswana,accepted,official_transcript,2573,,data/analysis_ready_en/2021/2021_BWA.json
2021,CAF,Central African Republic,accepted,official_transcript,1383,,data/analysis_ready_en/2021/2021_CAF.json
2021,CAN,Canada,accepted,official_transcript,2736,,data/analysis_ready_en/2021/2021_CAN.json
2021,CHE,Switzerland,accepted,official_transcript,1252,,data/analysis_ready_en/2021/2021_CHE.json
2021,CHL,Chile,accepted,official_transcript,2957,,data/analysis_ready_en/2021/2021_CHL.json
2021,CHN,China,accepted,official_transcript,1520,,data/analysis_ready_en/2021/2021_CHN.json
2021,CIV,Côte d'Ivoire,accepted,official_transcript,2879,,data/analysis_ready_en/2021/2021_CIV.json
2021,CMR,Cameroon,accepted,official_transcript,1077,,data/analysis_ready_en/2021/2021_CMR.json
2021,COD,Democratic Republic of the Congo,accepted,official_transcript,4261,,data/analysis_ready_en/2021/2021_COD.json
2021,COG,Congo,accepted,official_transcript,1596,,data/analysis_ready_en/2021/2021_COG.json
2021,COL,Colombia,accepted,official_transcript,2665,,data/analysis_ready_en/2021/2021_COL.json
2021,COM,Comoros,accepted,official_transcript,2973,,data/analysis_ready_en/2021/2021_COM.json
2021,CPV,Cabo Verde,accepted,official_transcript,2425,,data/analysis_ready_en/2021/2021_CPV.json
2021,CRI,Costa Rica,accepted,official_transcript,2109,,data/analysis_ready_en/2021/2021_CRI.json
2021,CUB,Cuba,accepted,official_transcript,2191,,data/analysis_ready_en/2021/2021_CUB.json
2021,CYP,Cyprus,accepted,official_transcript,2631,,data/analysis_ready_en/2021/2021_CYP.json
2021,CZE,Czechia,accepted,official_transcript,1635,,data/analysis_ready_en/2021/2021_CZE.json
2021,DEU,Germany,accepted,official_transcript,2081,,data/analysis_ready_en/2021/2021_DEU.json
2021,DJI,Djibouti,accepted,official_transcript,1442,,data/analysis_ready_en/2021/2021_DJI.json
2021,DMA,Dominica,accepted,official_transcript,1918,,data/analysis_ready_en/2021/2021_DMA.json
2021,DNK,Denmark,accepted,official_transcript,839,,data/analysis_ready_en/2021/2021_DNK.json
2021,DOM,Dominican Republic,accepted,official_transcript,1551,,data/analysis_ready_en/2021/2021_DOM.json
2021,DZA,Algeria,accepted,official_transcript,2115,,data/analysis_ready_en/2021/2021_DZA.json
2021,ECU,Ecuador,accepted,official_transcript,2193,,data/analysis_ready_en/2021/2021_ECU.json
2021,EGY,Egypt,accepted,official_transcript,1881,,data/analysis_ready_en/2021/2021_EGY.json
2021,ERI,Eritrea,accepted,official_transcript,1241,,data/analysis_ready_en/2021/2021_ERI.json
2021,ESP,Spain,accepted,official_transcript,4029,,data/analysis_ready_en/2021/2021_ESP.json
2021,EST,Estonia,accepted,official_transcript,2441,,data/analysis_ready_en/2021/2021_EST.json
2021,ETH,Ethiopia,accepted,official_transcript,1891,,data/analysis_ready_en/2021/2021_ETH.json
2021,FIN,Finland,accepted,official_transcript,1647,,data/analysis_ready_en/2021/2021_FIN.json
2021,FJI,Fiji,accepted,official_transcript,1861,,data/analysis_ready_en/2021/2021_FJI.json
2021,FRA,France,accepted,official_transcript,2182,,data/analysis_ready_en/2021/2021_FRA.json
2021,FSM,Micronesia (Federated States of),accepted,official_transcript,2728,,data/analysis_ready_en/2021/2021_FSM.json
2021,GAB,Gabon,accepted,official_transcript,2055,,data/analysis_ready_en/2021/2021_GAB.json
2021,GBR,United Kingdom of Great Britain and Northern Ireland,accepted,official_transcript,2976,,data/analysis_ready_en/2021/2021_GBR.json
2021,GEO,Georgia,accepted,official_transcript,2095,,data/analysis_ready_en/2021/2021_GEO.json
2021,GHA,Ghana,accepted,official_transcript,2082,,data/analysis_ready_en/2021/2021_GHA.json
2021,GIN,Guinea,accepted,official_transcript,1511,,data/analysis_ready_en/2021/2021_GIN.json
2021,GMB,Gambia,accepted,official_transcript,2193,,data/analysis_ready_en/2021/2021_GMB.json
2021,GNB,Guinea-Bissau,accepted,official_transcript,480,,data/analysis_ready_en/2021/2021_GNB.json
2021,GNQ,Equatorial Guinea,accepted,official_transcript,1379,,data/analysis_ready_en/2021/2021_GNQ.json
2021,GRC,Greece,accepted,official_transcript,2013,,data/analysis_ready_en/2021/2021_GRC.json
2021,GRD,Grenada,accepted,official_transcript,1939,,data/analysis_ready_en/2021/2021_GRD.json
2021,GTM,Guatemala,accepted,official_transcript,2637,,data/analysis_ready_en/2021/2021_GTM.json
2021,GUY,Guyana,accepted,official_transcript,2339,,data/analysis_ready_en/2021/2021_GUY.json
2021,HND,Honduras,accepted,official_transcript,3271,,data/analysis_ready_en/2021/2021_HND.json
2021,HRV,Croatia,accepted,official_transcript,2221,,data/analysis_ready_en/2021/2021_HRV.json
2021,HTI,Haiti,accepted,official_transcript,2213,,data/analysis_ready_en/2021/2021_HTI.json
2021,HUN,Hungary,accepted,official_transcript,1790,,data/analysis_ready_en/2021/2021_HUN.json
2021,IDN,Indonesia,accepted,official_transcript,611,,data/analysis_ready_en/2021/2021_IDN.json
2021,IND,India,accepted,official_transcript,1640,,data/analysis_ready_en/2021/2021_IND.json
2021,IRL,Ireland,accepted,official_transcript,2501,,data/analysis_ready_en/2021/2021_IRL.json
2021,IRN,Iran (Islamic Republic of),accepted,official_transcript,2006,,data/analysis_ready_en/2021/2021_IRN.json
2021,IRQ,Iraq,accepted,official_transcript,2109,,data/analysis_ready_en/2021/2021_IRQ.json
2021,ISL,Iceland,accepted,official_transcript,2047,,data/analysis_ready_en/2021/2021_ISL.json
2021,ISR,Israel,accepted,official_transcript,2573,,data/analysis_ready_en/2021/2021_ISR.json
2021,ITA,Italy,accepted,official_transcript,2503,,data/analysis_ready_en/2021/2021_ITA.json
2021,JAM,Jamaica,accepted,official_transcript,1754,,data/analysis_ready_en/2021/2021_JAM.json
2021,JOR,Jordan,accepted,official_transcript,902,,data/analysis_ready_en/2021/2021_JOR.json
2021,JPN,Japan,accepted,official_transcript,2064,,data/analysis_ready_en/2021/2021_JPN.json
2021,KAZ,Kazakhstan,accepted,official_transcript,1733,,data/analysis_ready_en/2021/2021_KAZ.json
2021,KEN,Kenya,accepted,official_transcript,1502,,data/analysis_ready_en/2021/2021_KEN.json
2021,KGZ,Kyrgyzstan,accepted,official_transcript,2398,,data/analysis_ready_en/2021/2021_KGZ.json
2021,KHM,Cambodia,accepted,official_transcript,1023,,data/analysis_ready_en/2021/2021_KHM.json
2021,KIR,Kiribati,accepted,official_transcript,1521,,data/analysis_ready_en/2021/2021_KIR.json
2021,KNA,Saint Kitts and Nevis,accepted,official_transcript,1535,,data/analysis_ready_en/2021/2021_KNA.json
2021,KOR,Republic of Korea,accepted,official_transcript,2131,,data/analysis_ready_en/2021/2021_KOR.json
2021,KWT,Kuwait,accepted,official_transcript,1903,,data/analysis_ready_en/2021/2021_KWT.json
2021,LAO,Lao People's Democratic Republic,accepted,official_transcript,1802,,data/analysis_ready_en/2021/2021_LAO.json
2021,LBN,Lebanon,accepted,official_transcript,1746,,data/analysis_ready_en/2021/2021_LBN.json
2021,LBR,Liberia,accepted,official_transcript,2035,,data/analysis_ready_en/2021/2021_LBR.json
2021,LBY,Libya,accepted,official_transcript,1543,,data/analysis_ready_en/2021/2021_LBY.json
2021,LCA,Saint Lucia,accepted,official_transcript,2981,,data/analysis_ready_en/2021/2021_LCA.json
2021,LIE,Liechtenstein,accepted,official_transcript,1673,,data/analysis_ready_en/2021/2021_LIE.json
2021,LKA,Sri Lanka,accepted,official_transcript,1426,,data/analysis_ready_en/2021/2021_LKA.json
2021,LSO,Lesotho,accepted,official_transcript,3197,,data/analysis_ready_en/2021/2021_LSO.json
2021,LTU,Lithuania,accepted,official_transcript,1703,,data/analysis_ready_en/2021/2021_LTU.json
2021,LUX,Luxembourg,accepted,official_transcript,3676,,data/analysis_ready_en/2021/2021_LUX.json
2021,LVA,Latvia,accepted,official_transcript,1693,,data/analysis_ready_en/2021/2021_LVA.json
2021,MAR,Morocco,accepted,official_transcript,2952,,data/analysis_ready_en/2021/2021_MAR.json
2021,MCO,Monaco,accepted,official_transcript,1498,,data/analysis_ready_en/2021/2021_MCO.json
2021,MDA,Republic of Moldova,accepted,official_transcript,1482,,data/analysis_ready_en/2021/2021_MDA.json
2021,MDG,Madagascar,accepted,official_transcript,1740,,data/analysis_ready_en/2021/2021_MDG.json
2021,MDV,Maldives,accepted,official_transcript,1956,,data/analysis_ready_en/2021/2021_MDV.json
2021,MEX,Mexico,accepted,official_transcript,1750,,data/analysis_ready_en/2021/2021_MEX.json
2021,MHL,Marshall Islands,accepted,official_transcript,1916,,data/analysis_ready_en/2021/2021_MHL.json
2021,MKD,North Macedonia,accepted,official_transcript,1764,,data/analysis_ready_en/2021/2021_MKD.json
2021,MLI,Mali,accepted,official_transcript,3637,,data/analysis_ready_en/2021/2021_MLI.json
2021,MLT,Malta,accepted,official_transcript,3596,,data/analysis_ready_en/2021/2021_MLT.json
2021,MMR,Myanmar,not_obtained_or_no_main_address,,0,not_an_AI_negative; participation_roster_required,
2021,MNE,Montenegro,accepted,official_transcript,2097,,data/analysis_ready_en/2021/2021_MNE.json
2021,MNG,Mongolia,accepted,official_transcript,3168,,data/analysis_ready_en/2021/2021_MNG.json
2021,MOZ,Mozambique,accepted,official_transcript,1503,,data/analysis_ready_en/2021/2021_MOZ.json
2021,MRT,Mauritania,accepted,official_transcript,1576,,data/analysis_ready_en/2021/2021_MRT.json
2021,MUS,Mauritius,accepted,official_transcript,1809,,data/analysis_ready_en/2021/2021_MUS.json
2021,MWI,Malawi,accepted,official_transcript,1476,,data/analysis_ready_en/2021/2021_MWI.json
2021,MYS,Malaysia,accepted,official_transcript,2447,,data/analysis_ready_en/2021/2021_MYS.json
2021,NAM,Namibia,accepted,official_transcript,1325,,data/analysis_ready_en/2021/2021_NAM.json
2021,NER,Niger,accepted,official_transcript,2292,,data/analysis_ready_en/2021/2021_NER.json
2021,NGA,Nigeria,accepted,official_transcript,1892,,data/analysis_ready_en/2021/2021_NGA.json
2021,NIC,Nicaragua,accepted,official_transcript,2524,,data/analysis_ready_en/2021/2021_NIC.json
2021,NLD,Netherlands,accepted,official_transcript,2235,,data/analysis_ready_en/2021/2021_NLD.json
2021,NOR,Norway,accepted,official_transcript,1522,,data/analysis_ready_en/2021/2021_NOR.json
2021,NPL,Nepal,accepted,official_transcript,2985,,data/analysis_ready_en/2021/2021_NPL.json
2021,NRU,Naoero,accepted,official_transcript,2527,,data/analysis_ready_en/2021/2021_NRU.json
2021,NZL,New Zealand,accepted,official_transcript,2606,,data/analysis_ready_en/2021/2021_NZL.json
2021,OMN,Oman,accepted,official_transcript,1580,,data/analysis_ready_en/2021/2021_OMN.json
2021,PAK,Pakistan,accepted,official_transcript,2584,,data/analysis_ready_en/2021/2021_PAK.json
2021,PAN,Panama,accepted,official_transcript,1115,,data/analysis_ready_en/2021/2021_PAN.json
2021,PER,Peru,accepted,official_transcript,1862,,data/analysis_ready_en/2021/2021_PER.json
2021,PHL,Philippines,accepted,official_transcript,1495,,data/analysis_ready_en/2021/2021_PHL.json
2021,PLW,Palau,accepted,official_transcript,1660,,data/analysis_ready_en/2021/2021_PLW.json
2021,PNG,Papua New Guinea,accepted,official_transcript,5891,,data/analysis_ready_en/2021/2021_PNG.json
2021,POL,Poland,accepted,official_transcript,3204,,data/analysis_ready_en/2021/2021_POL.json
2021,PRK,Democratic People's Republic of Korea,accepted,official_transcript,3668,,data/analysis_ready_en/2021/2021_PRK.json
2021,PRT,Portugal,accepted,official_transcript,887,,data/analysis_ready_en/2021/2021_PRT.json
2021,PRY,Paraguay,accepted,official_transcript,1003,,data/analysis_ready_en/2021/2021_PRY.json
2021,QAT,Qatar,accepted,official_transcript,2247,,data/analysis_ready_en/2021/2021_QAT.json
2021,ROU,Romania,accepted,official_transcript,1084,,data/analysis_ready_en/2021/2021_ROU.json
2021,RUS,Russian Federation,accepted,official_transcript,2710,,data/analysis_ready_en/2021/2021_RUS.json
2021,RWA,Rwanda,accepted,official_transcript,491,,data/analysis_ready_en/2021/2021_RWA.json
2021,SAU,Saudi Arabia,accepted,official_transcript,1183,,data/analysis_ready_en/2021/2021_SAU.json
2021,SDN,Sudan,accepted,official_transcript,2037,,data/analysis_ready_en/2021/2021_SDN.json
2021,SEN,Senegal,accepted,official_transcript,1686,,data/analysis_ready_en/2021/2021_SEN.json
2021,SGP,Singapore,accepted,official_transcript,1873,,data/analysis_ready_en/2021/2021_SGP.json
2021,SLB,Solomon Islands,accepted,official_transcript,2876,,data/analysis_ready_en/2021/2021_SLB.json
2021,SLE,Sierra Leone,accepted,official_transcript,2132,,data/analysis_ready_en/2021/2021_SLE.json
2021,SLV,El Salvador,accepted,official_transcript,1373,,data/analysis_ready_en/2021/2021_SLV.json
2021,SMR,San Marino,accepted,official_transcript,1862,,data/analysis_ready_en/2021/2021_SMR.json
2021,SOM,Somalia,accepted,official_transcript,1365,,data/analysis_ready_en/2021/2021_SOM.json
2021,SRB,Serbia,accepted,official_transcript,2175,,data/analysis_ready_en/2021/2021_SRB.json
2021,SSD,South Sudan,accepted,official_transcript,2043,,data/analysis_ready_en/2021/2021_SSD.json
2021,STP,Sao Tome and Principe,accepted,official_transcript,1685,,data/analysis_ready_en/2021/2021_STP.json
2021,SUR,Suriname,accepted,official_transcript,1278,,data/analysis_ready_en/2021/2021_SUR.json
2021,SVK,Slovakia,accepted,official_transcript,1003,,data/analysis_ready_en/2021/2021_SVK.json
2021,SVN,Slovenia,accepted,official_transcript,1262,,data/analysis_ready_en/2021/2021_SVN.json
2021,SWE,Sweden,accepted,official_transcript,1397,,data/analysis_ready_en/2021/2021_SWE.json
2021,SWZ,Eswatini,accepted,official_transcript,2365,,data/analysis_ready_en/2021/2021_SWZ.json
2021,SYC,Seychelles,accepted,official_transcript,1367,,data/analysis_ready_en/2021/2021_SYC.json
2021,SYR,Syrian Arab Republic,accepted,official_transcript,2629,,data/analysis_ready_en/2021/2021_SYR.json
2021,TCD,Chad,accepted,official_transcript,2328,,data/analysis_ready_en/2021/2021_TCD.json
2021,TGO,Togo,accepted,official_transcript,1883,,data/analysis_ready_en/2021/2021_TGO.json
2021,THA,Thailand,accepted,official_transcript,2460,,data/analysis_ready_en/2021/2021_THA.json
2021,TJK,Tajikistan,accepted,official_transcript,2289,,data/analysis_ready_en/2021/2021_TJK.json
2021,TKM,Turkmenistan,accepted,official_transcript,1601,,data/analysis_ready_en/2021/2021_TKM.json
2021,TLS,Timor-Leste,accepted,official_transcript,2183,,data/analysis_ready_en/2021/2021_TLS.json
2021,TON,Tonga,accepted,official_transcript,1859,,data/analysis_ready_en/2021/2021_TON.json
2021,TTO,Trinidad and Tobago,accepted,official_transcript,2178,,data/analysis_ready_en/2021/2021_TTO.json
2021,TUN,Tunisia,accepted,official_transcript,1482,,data/analysis_ready_en/2021/2021_TUN.json
2021,TUR,Türkiye,accepted,official_transcript,3407,,data/analysis_ready_en/2021/2021_TUR.json
2021,TUV,Tuvalu,accepted,official_transcript,1632,,data/analysis_ready_en/2021/2021_TUV.json
2021,TZA,United Republic of Tanzania,accepted,official_transcript,1582,,data/analysis_ready_en/2021/2021_TZA.json
2021,UGA,Uganda,accepted,official_transcript,2965,,data/analysis_ready_en/2021/2021_UGA.json
2021,UKR,Ukraine,accepted,official_transcript,2768,,data/analysis_ready_en/2021/2021_UKR.json
2021,URY,Uruguay,accepted,official_transcript,854,,data/analysis_ready_en/2021/2021_URY.json
2021,USA,United States of America,accepted,official_transcript,4417,,data/analysis_ready_en/2021/2021_USA.json
2021,UZB,Uzbekistan,accepted,official_transcript,1298,,data/analysis_ready_en/2021/2021_UZB.json
2021,VCT,Saint Vincent and the Grenadines,accepted,official_transcript,2014,,data/analysis_ready_en/2021/2021_VCT.json
2021,VEN,Venezuela (Bolivarian Republic of),accepted,official_transcript,1954,,data/analysis_ready_en/2021/2021_VEN.json
2021,VNM,Viet Nam,accepted,official_transcript,1972,,data/analysis_ready_en/2021/2021_VNM.json
2021,VUT,Vanuatu,accepted,official_transcript,2314,,data/analysis_ready_en/2021/2021_VUT.json
2021,WSM,Samoa,accepted,official_transcript,2523,,data/analysis_ready_en/2021/2021_WSM.json
2021,YEM,Yemen,accepted,official_transcript,2505,,data/analysis_ready_en/2021/2021_YEM.json
2021,ZAF,South Africa,accepted,official_transcript,1207,,data/analysis_ready_en/2021/2021_ZAF.json
2021,ZMB,Zambia,accepted,official_transcript,2347,,data/analysis_ready_en/2021/2021_ZMB.json
2021,ZWE,Zimbabwe,accepted,official_transcript,1580,,data/analysis_ready_en/2021/2021_ZWE.json
2022,AFG,Afghanistan,not_obtained_or_no_main_address,,0,not_an_AI_negative; participation_roster_required,
2022,AGO,Angola,accepted,official_transcript,1231,,data/analysis_ready_en/2022/2022_AGO.json
2022,ALB,Albania,accepted,official_transcript,2330,,data/analysis_ready_en/2022/2022_ALB.json
2022,AND,Andorra,accepted,official_transcript,2770,,data/analysis_ready_en/2022/2022_AND.json
2022,ARE,United Arab Emirates,accepted,official_transcript,1847,,data/analysis_ready_en/2022/2022_ARE.json
2022,ARG,Argentina,accepted,official_transcript,2119,,data/analysis_ready_en/2022/2022_ARG.json
2022,ARM,Armenia,accepted,official_transcript,2064,,data/analysis_ready_en/2022/2022_ARM.json
2022,ATG,Antigua and Barbuda,accepted,official_transcript,3081,,data/analysis_ready_en/2022/2022_ATG.json
2022,AUS,Australia,accepted,official_transcript,2359,,data/analysis_ready_en/2022/2022_AUS.json
2022,AUT,Austria,accepted,official_transcript,1649,,data/analysis_ready_en/2022/2022_AUT.json
2022,AZE,Azerbaijan,accepted,official_transcript,2892,,data/analysis_ready_en/2022/2022_AZE.json
2022,BDI,Burundi,accepted,official_transcript,2290,,data/analysis_ready_en/2022/2022_BDI.json
2022,BEL,Belgium,accepted,official_transcript,2109,,data/analysis_ready_en/2022/2022_BEL.json
2022,BEN,Benin,accepted,official_transcript,1491,,data/analysis_ready_en/2022/2022_BEN.json
2022,BFA,Burkina Faso,accepted,official_transcript,2335,,data/analysis_ready_en/2022/2022_BFA.json
2022,BGD,Bangladesh,accepted,official_transcript,2581,,data/analysis_ready_en/2022/2022_BGD.json
2022,BGR,Bulgaria,accepted,official_transcript,1517,,data/analysis_ready_en/2022/2022_BGR.json
2022,BHR,Bahrain,accepted,official_transcript,2288,,data/analysis_ready_en/2022/2022_BHR.json
2022,BHS,Bahamas (The),accepted,official_transcript,2032,,data/analysis_ready_en/2022/2022_BHS.json
2022,BIH,Bosnia and Herzegovina,accepted,official_transcript,2794,,data/analysis_ready_en/2022/2022_BIH.json
2022,BLR,Belarus,accepted,official_transcript,2397,,data/analysis_ready_en/2022/2022_BLR.json
2022,BLZ,Belize,accepted,official_transcript,2321,,data/analysis_ready_en/2022/2022_BLZ.json
2022,BOL,Bolivia (Plurinational State of),accepted,official_transcript,4186,,data/analysis_ready_en/2022/2022_BOL.json
2022,BRA,Brazil,accepted,official_transcript,2530,,data/analysis_ready_en/2022/2022_BRA.json
2022,BRB,Barbados,accepted,official_transcript,3061,,data/analysis_ready_en/2022/2022_BRB.json
2022,BRN,Brunei Darussalam,accepted,official_transcript,1135,,data/analysis_ready_en/2022/2022_BRN.json
2022,BTN,Bhutan,accepted,official_transcript,3178,,data/analysis_ready_en/2022/2022_BTN.json
2022,BWA,Botswana,accepted,official_transcript,2851,,data/analysis_ready_en/2022/2022_BWA.json
2022,CAF,Central African Republic,accepted,official_transcript,1399,,data/analysis_ready_en/2022/2022_CAF.json
2022,CAN,Canada,accepted,official_transcript,2253,,data/analysis_ready_en/2022/2022_CAN.json
2022,CHE,Switzerland,accepted,official_transcript,1911,,data/analysis_ready_en/2022/2022_CHE.json
2022,CHL,Chile,accepted,official_transcript,2493,,data/analysis_ready_en/2022/2022_CHL.json
2022,CHN,China,accepted,official_transcript,3060,,data/analysis_ready_en/2022/2022_CHN.json
2022,CIV,Côte d'Ivoire,accepted,official_transcript,1365,,data/analysis_ready_en/2022/2022_CIV.json
2022,CMR,Cameroon,accepted,official_transcript,2212,,data/analysis_ready_en/2022/2022_CMR.json
2022,COD,Democratic Republic of the Congo,accepted,official_transcript,4205,,data/analysis_ready_en/2022/2022_COD.json
2022,COG,Congo,accepted,official_transcript,1536,,data/analysis_ready_en/2022/2022_COG.json
2022,COL,Colombia,accepted,official_transcript,2254,,data/analysis_ready_en/2022/2022_COL.json
2022,COM,Comoros,accepted,official_transcript,2124,,data/analysis_ready_en/2022/2022_COM.json
2022,CPV,Cabo Verde,accepted,official_transcript,1391,,data/analysis_ready_en/2022/2022_CPV.json
2022,CRI,Costa Rica,accepted,official_transcript,1809,,data/analysis_ready_en/2022/2022_CRI.json
2022,CUB,Cuba,accepted,official_transcript,1947,,data/analysis_ready_en/2022/2022_CUB.json
2022,CYP,Cyprus,accepted,official_transcript,2484,,data/analysis_ready_en/2022/2022_CYP.json
2022,CZE,Czechia,accepted,official_transcript,1912,,data/analysis_ready_en/2022/2022_CZE.json
2022,DEU,Germany,accepted,official_transcript,2373,,data/analysis_ready_en/2022/2022_DEU.json
2022,DJI,Djibouti,accepted,official_transcript,1899,,data/analysis_ready_en/2022/2022_DJI.json
2022,DMA,Dominica,accepted,official_transcript,2685,,data/analysis_ready_en/2022/2022_DMA.json
2022,DNK,Denmark,accepted,official_transcript,1872,,data/analysis_ready_en/2022/2022_DNK.json
2022,DOM,Dominican Republic,accepted,official_transcript,1736,,data/analysis_ready_en/2022/2022_DOM.json
2022,DZA,Algeria,accepted,official_transcript,1556,,data/analysis_ready_en/2022/2022_DZA.json
2022,ECU,Ecuador,accepted,official_transcript,2550,,data/analysis_ready_en/2022/2022_ECU.json
2022,EGY,Egypt,accepted,official_transcript,1878,,data/analysis_ready_en/2022/2022_EGY.json
2022,ERI,Eritrea,accepted,official_transcript,826,,data/analysis_ready_en/2022/2022_ERI.json
2022,ESP,Spain,accepted,official_transcript,3257,,data/analysis_ready_en/2022/2022_ESP.json
2022,EST,Estonia,accepted,official_transcript,2322,,data/analysis_ready_en/2022/2022_EST.json
2022,ETH,Ethiopia,accepted,official_transcript,1212,,data/analysis_ready_en/2022/2022_ETH.json
2022,FIN,Finland,accepted,official_transcript,1388,,data/analysis_ready_en/2022/2022_FIN.json
2022,FJI,Fiji,accepted,official_transcript,1832,,data/analysis_ready_en/2022/2022_FJI.json
2022,FRA,France,accepted,official_transcript,3763,,data/analysis_ready_en/2022/2022_FRA.json
2022,FSM,Micronesia (Federated States of),accepted,official_transcript,2401,,data/analysis_ready_en/2022/2022_FSM.json
2022,GAB,Gabon,accepted,official_transcript,1355,,data/analysis_ready_en/2022/2022_GAB.json
2022,GBR,United Kingdom of Great Britain and Northern Ireland,accepted,official_transcript,1844,,data/analysis_ready_en/2022/2022_GBR.json
2022,GEO,Georgia,accepted,official_transcript,2066,,data/analysis_ready_en/2022/2022_GEO.json
2022,GHA,Ghana,accepted,official_transcript,1800,,data/analysis_ready_en/2022/2022_GHA.json
2022,GIN,Guinea,accepted,official_transcript,1794,,data/analysis_ready_en/2022/2022_GIN.json
2022,GMB,Gambia,accepted,official_transcript,1607,,data/analysis_ready_en/2022/2022_GMB.json
2022,GNB,Guinea-Bissau,accepted,official_transcript,729,,data/analysis_ready_en/2022/2022_GNB.json
2022,GNQ,Equatorial Guinea,accepted,official_transcript,1142,,data/analysis_ready_en/2022/2022_GNQ.json
2022,GRC,Greece,accepted,official_transcript,2238,,data/analysis_ready_en/2022/2022_GRC.json
2022,GRD,Grenada,accepted,official_transcript,2664,,data/analysis_ready_en/2022/2022_GRD.json
2022,GTM,Guatemala,accepted,official_transcript,2669,,data/analysis_ready_en/2022/2022_GTM.json
2022,GUY,Guyana,accepted,official_transcript,2605,,data/analysis_ready_en/2022/2022_GUY.json
2022,HND,Honduras,accepted,official_transcript,1370,,data/analysis_ready_en/2022/2022_HND.json
2022,HRV,Croatia,accepted,official_transcript,1950,,data/analysis_ready_en/2022/2022_HRV.json
2022,HTI,Haiti,accepted,official_transcript,2980,,data/analysis_ready_en/2022/2022_HTI.json
2022,HUN,Hungary,accepted,official_transcript,1344,,data/analysis_ready_en/2022/2022_HUN.json
2022,IDN,Indonesia,accepted,official_transcript,1119,,data/analysis_ready_en/2022/2022_IDN.json
2022,IND,India,accepted,official_transcript,1723,,data/analysis_ready_en/2022/2022_IND.json
2022,IRL,Ireland,accepted,official_transcript,2885,,data/analysis_ready_en/2022/2022_IRL.json
2022,IRN,Iran (Islamic Republic of),accepted,official_transcript,3645,,data/analysis_ready_en/2022/2022_IRN.json
2022,IRQ,Iraq,accepted,official_transcript,1959,,data/analysis_ready_en/2022/2022_IRQ.json
2022,ISL,Iceland,accepted,official_transcript,2532,,data/analysis_ready_en/2022/2022_ISL.json
2022,ISR,Israel,accepted,official_transcript,2545,,data/analysis_ready_en/2022/2022_ISR.json
2022,ITA,Italy,accepted,official_transcript,2100,,data/analysis_ready_en/2022/2022_ITA.json
2022,JAM,Jamaica,accepted,official_transcript,2113,,data/analysis_ready_en/2022/2022_JAM.json
2022,JOR,Jordan,accepted,official_transcript,1128,,data/analysis_ready_en/2022/2022_JOR.json
2022,JPN,Japan,accepted,official_transcript,2324,,data/analysis_ready_en/2022/2022_JPN.json
2022,KAZ,Kazakhstan,accepted,official_transcript,2212,,data/analysis_ready_en/2022/2022_KAZ.json
2022,KEN,Kenya,accepted,official_transcript,3984,,data/analysis_ready_en/2022/2022_KEN.json
2022,KGZ,Kyrgyzstan,accepted,official_transcript,2194,,data/analysis_ready_en/2022/2022_KGZ.json
2022,KHM,Cambodia,accepted,official_transcript,1638,,data/analysis_ready_en/2022/2022_KHM.json
2022,KIR,Kiribati,accepted,official_transcript,1664,,data/analysis_ready_en/2022/2022_KIR.json
2022,KNA,Saint Kitts and Nevis,accepted,official_transcript,1658,,data/analysis_ready_en/2022/2022_KNA.json
2022,KOR,Republic of Korea,accepted,official_transcript,1227,,data/analysis_ready_en/2022/2022_KOR.json
2022,KWT,Kuwait,accepted,official_transcript,1253,,data/analysis_ready_en/2022/2022_KWT.json
2022,LAO,Lao People's Democratic Republic,accepted,official_transcript,1340,,data/analysis_ready_en/2022/2022_LAO.json
2022,LBN,Lebanon,accepted,official_transcript,2024,,data/analysis_ready_en/2022/2022_LBN.json
2022,LBR,Liberia,accepted,official_transcript,1398,,data/analysis_ready_en/2022/2022_LBR.json
2022,LBY,Libya,accepted,official_transcript,1268,,data/analysis_ready_en/2022/2022_LBY.json
2022,LCA,Saint Lucia,accepted,official_transcript,2943,,data/analysis_ready_en/2022/2022_LCA.json
2022,LIE,Liechtenstein,accepted,official_transcript,1452,,data/analysis_ready_en/2022/2022_LIE.json
2022,LKA,Sri Lanka,accepted,official_transcript,2565,,data/analysis_ready_en/2022/2022_LKA.json
2022,LSO,Lesotho,accepted,official_transcript,2312,,data/analysis_ready_en/2022/2022_LSO.json
2022,LTU,Lithuania,accepted,official_transcript,1450,,data/analysis_ready_en/2022/2022_LTU.json
2022,LUX,Luxembourg,accepted,official_transcript,3317,,data/analysis_ready_en/2022/2022_LUX.json
2022,LVA,Latvia,accepted,official_transcript,1318,,data/analysis_ready_en/2022/2022_LVA.json
2022,MAR,Morocco,accepted,official_transcript,2350,,data/analysis_ready_en/2022/2022_MAR.json
2022,MCO,Monaco,accepted,official_transcript,1623,,data/analysis_ready_en/2022/2022_MCO.json
2022,MDA,Republic of Moldova,accepted,official_transcript,1277,,data/analysis_ready_en/2022/2022_MDA.json
2022,MDG,Madagascar,accepted,official_transcript,2307,,data/analysis_ready_en/2022/2022_MDG.json
2022,MDV,Maldives,accepted,official_transcript,1426,,data/analysis_ready_en/2022/2022_MDV.json
2022,MEX,Mexico,accepted,official_transcript,1393,,data/analysis_ready_en/2022/2022_MEX.json
2022,MHL,Marshall Islands,accepted,official_transcript,2059,,data/analysis_ready_en/2022/2022_MHL.json
2022,MKD,North Macedonia,accepted,official_transcript,2852,,data/analysis_ready_en/2022/2022_MKD.json
2022,MLI,Mali,accepted,official_transcript,4434,,data/analysis_ready_en/2022/2022_MLI.json
2022,MLT,Malta,accepted,official_transcript,2672,,data/analysis_ready_en/2022/2022_MLT.json
2022,MMR,Myanmar,not_obtained_or_no_main_address,,0,not_an_AI_negative; participation_roster_required,
2022,MNE,Montenegro,accepted,official_transcript,2363,,data/analysis_ready_en/2022/2022_MNE.json
2022,MNG,Mongolia,accepted,official_transcript,2474,,data/analysis_ready_en/2022/2022_MNG.json
2022,MOZ,Mozambique,accepted,official_transcript,1391,,data/analysis_ready_en/2022/2022_MOZ.json
2022,MRT,Mauritania,accepted,official_transcript,1574,,data/analysis_ready_en/2022/2022_MRT.json
2022,MUS,Mauritius,accepted,official_transcript,2194,,data/analysis_ready_en/2022/2022_MUS.json
2022,MWI,Malawi,accepted,official_transcript,1842,,data/analysis_ready_en/2022/2022_MWI.json
2022,MYS,Malaysia,accepted,official_transcript,1888,,data/analysis_ready_en/2022/2022_MYS.json
2022,NAM,Namibia,accepted,official_transcript,1890,,data/analysis_ready_en/2022/2022_NAM.json
2022,NER,Niger,accepted,official_transcript,1502,,data/analysis_ready_en/2022/2022_NER.json
2022,NGA,Nigeria,accepted,official_transcript,1854,,data/analysis_ready_en/2022/2022_NGA.json
2022,NIC,Nicaragua,accepted,official_transcript,1322,,data/analysis_ready_en/2022/2022_NIC.json
2022,NLD,Netherlands,accepted,official_transcript,1980,,data/analysis_ready_en/2022/2022_NLD.json
2022,NOR,Norway,accepted,official_transcript,1764,,data/analysis_ready_en/2022/2022_NOR.json
2022,NPL,Nepal,accepted,official_transcript,2476,,data/analysis_ready_en/2022/2022_NPL.json
2022,NRU,Naoero,accepted,official_transcript,2282,,data/analysis_ready_en/2022/2022_NRU.json
2022,NZL,New Zealand,accepted,official_transcript,2265,,data/analysis_ready_en/2022/2022_NZL.json
2022,OMN,Oman,accepted,official_transcript,1233,,data/analysis_ready_en/2022/2022_OMN.json
2022,PAK,Pakistan,accepted,official_transcript,2829,,data/analysis_ready_en/2022/2022_PAK.json
2022,PAN,Panama,accepted,official_transcript,1711,,data/analysis_ready_en/2022/2022_PAN.json
2022,PER,Peru,accepted,official_transcript,2187,,data/analysis_ready_en/2022/2022_PER.json
2022,PHL,Philippines,accepted,official_transcript,2445,,data/analysis_ready_en/2022/2022_PHL.json
2022,PLW,Palau,accepted,official_transcript,2149,,data/analysis_ready_en/2022/2022_PLW.json
2022,PNG,Papua New Guinea,accepted,official_transcript,3589,,data/analysis_ready_en/2022/2022_PNG.json
2022,POL,Poland,accepted,official_transcript,3587,,data/analysis_ready_en/2022/2022_POL.json
2022,PRK,Democratic People's Republic of Korea,accepted,official_transcript,2511,,data/analysis_ready_en/2022/2022_PRK.json
2022,PRT,Portugal,accepted,official_transcript,1701,,data/analysis_ready_en/2022/2022_PRT.json
2022,PRY,Paraguay,accepted,official_transcript,1243,,data/analysis_ready_en/2022/2022_PRY.json
2022,QAT,Qatar,accepted,official_transcript,1830,,data/analysis_ready_en/2022/2022_QAT.json
2022,ROU,Romania,accepted,official_transcript,1131,,data/analysis_ready_en/2022/2022_ROU.json
2022,RUS,Russian Federation,accepted,official_transcript,3255,,data/analysis_ready_en/2022/2022_RUS.json
2022,RWA,Rwanda,accepted,official_transcript,677,,data/analysis_ready_en/2022/2022_RWA.json
2022,SAU,Saudi Arabia,accepted,official_transcript,1843,,data/analysis_ready_en/2022/2022_SAU.json
2022,SDN,Sudan,accepted,official_transcript,1420,,data/analysis_ready_en/2022/2022_SDN.json
2022,SEN,Senegal,accepted,official_transcript,1359,,data/analysis_ready_en/2022/2022_SEN.json
2022,SGP,Singapore,accepted,official_transcript,2006,,data/analysis_ready_en/2022/2022_SGP.json
2022,SLB,Solomon Islands,accepted,official_transcript,2416,,data/analysis_ready_en/2022/2022_SLB.json
2022,SLE,Sierra Leone,accepted,official_transcript,1611,,data/analysis_ready_en/2022/2022_SLE.json
2022,SLV,El Salvador,accepted,official_transcript,1590,,data/analysis_ready_en/2022/2022_SLV.json
2022,SMR,San Marino,accepted,official_transcript,2109,,data/analysis_ready_en/2022/2022_SMR.json
2022,SOM,Somalia,accepted,official_transcript,2137,,data/analysis_ready_en/2022/2022_SOM.json
2022,SRB,Serbia,accepted,official_transcript,2630,,data/analysis_ready_en/2022/2022_SRB.json
2022,SSD,South Sudan,accepted,official_transcript,1281,,data/analysis_ready_en/2022/2022_SSD.json
2022,STP,Sao Tome and Principe,not_obtained_or_no_main_address,,0,not_an_AI_negative; participation_roster_required,
2022,SUR,Suriname,accepted,official_transcript,1354,,data/analysis_ready_en/2022/2022_SUR.json
2022,SVK,Slovakia,accepted,official_transcript,1358,,data/analysis_ready_en/2022/2022_SVK.json
2022,SVN,Slovenia,accepted,official_transcript,892,,data/analysis_ready_en/2022/2022_SVN.json
2022,SWE,Sweden,accepted,official_transcript,1758,,data/analysis_ready_en/2022/2022_SWE.json
2022,SWZ,Eswatini,accepted,official_transcript,1774,,data/analysis_ready_en/2022/2022_SWZ.json
2022,SYC,Seychelles,accepted,official_transcript,1469,,data/analysis_ready_en/2022/2022_SYC.json
2022,SYR,Syrian Arab Republic,accepted,official_transcript,2450,,data/analysis_ready_en/2022/2022_SYR.json
2022,TCD,Chad,accepted,official_transcript,2269,,data/analysis_ready_en/2022/2022_TCD.json
2022,TGO,Togo,accepted,official_transcript,2814,,data/analysis_ready_en/2022/2022_TGO.json
2022,THA,Thailand,accepted,official_transcript,2065,,data/analysis_ready_en/2022/2022_THA.json
2022,TJK,Tajikistan,accepted,official_transcript,2267,,data/analysis_ready_en/2022/2022_TJK.json
2022,TKM,Turkmenistan,accepted,official_transcript,1532,,data/analysis_ready_en/2022/2022_TKM.json
2022,TLS,Timor-Leste,accepted,official_transcript,1806,,data/analysis_ready_en/2022/2022_TLS.json
2022,TON,Tonga,accepted,official_transcript,2549,,data/analysis_ready_en/2022/2022_TON.json
2022,TTO,Trinidad and Tobago,accepted,official_transcript,1896,,data/analysis_ready_en/2022/2022_TTO.json
2022,TUN,Tunisia,accepted,official_transcript,1400,,data/analysis_ready_en/2022/2022_TUN.json
2022,TUR,Türkiye,accepted,official_transcript,3305,,data/analysis_ready_en/2022/2022_TUR.json
2022,TUV,Tuvalu,accepted,official_transcript,1731,,data/analysis_ready_en/2022/2022_TUV.json
2022,TZA,United Republic of Tanzania,accepted,official_transcript,1695,,data/analysis_ready_en/2022/2022_TZA.json
2022,UGA,Uganda,accepted,official_transcript,1457,,data/analysis_ready_en/2022/2022_UGA.json
2022,UKR,Ukraine,accepted,official_transcript,2996,,data/analysis_ready_en/2022/2022_UKR.json
2022,URY,Uruguay,accepted,official_transcript,1880,,data/analysis_ready_en/2022/2022_URY.json
2022,USA,United States of America,accepted,official_transcript,3831,,data/analysis_ready_en/2022/2022_USA.json
2022,UZB,Uzbekistan,accepted,official_transcript,1794,,data/analysis_ready_en/2022/2022_UZB.json
2022,VCT,Saint Vincent and the Grenadines,accepted,official_transcript,2263,,data/analysis_ready_en/2022/2022_VCT.json
2022,VEN,Venezuela (Bolivarian Republic of),accepted,official_transcript,2553,,data/analysis_ready_en/2022/2022_VEN.json
2022,VNM,Viet Nam,accepted,official_transcript,1435,,data/analysis_ready_en/2022/2022_VNM.json
2022,VUT,Vanuatu,accepted,official_transcript,1960,,data/analysis_ready_en/2022/2022_VUT.json
2022,WSM,Samoa,accepted,official_transcript,3349,,data/analysis_ready_en/2022/2022_WSM.json
2022,YEM,Yemen,accepted,official_transcript,2802,,data/analysis_ready_en/2022/2022_YEM.json
2022,ZAF,South Africa,accepted,official_transcript,2066,,data/analysis_ready_en/2022/2022_ZAF.json
2022,ZMB,Zambia,accepted,official_transcript,2289,,data/analysis_ready_en/2022/2022_ZMB.json
2022,ZWE,Zimbabwe,accepted,official_transcript,2121,,data/analysis_ready_en/2022/2022_ZWE.json
2023,AFG,Afghanistan,not_obtained_or_no_main_address,,0,not_an_AI_negative; participation_roster_required,
2023,AGO,Angola,accepted,official_transcript,2683,,data/analysis_ready_en/2023/2023_AGO.json
2023,ALB,Albania,accepted,official_transcript,1700,,data/analysis_ready_en/2023/2023_ALB.json
2023,AND,Andorra,accepted,official_transcript,2501,,data/analysis_ready_en/2023/2023_AND.json
2023,ARE,United Arab Emirates,accepted,official_transcript,2095,,data/analysis_ready_en/2023/2023_ARE.json
2023,ARG,Argentina,accepted,official_transcript,2240,,data/analysis_ready_en/2023/2023_ARG.json
2023,ARM,Armenia,accepted,official_transcript,2213,,data/analysis_ready_en/2023/2023_ARM.json
2023,ATG,Antigua and Barbuda,accepted,official_transcript,3109,,data/analysis_ready_en/2023/2023_ATG.json
2023,AUS,Australia,accepted,official_transcript,2908,,data/analysis_ready_en/2023/2023_AUS.json
2023,AUT,Austria,accepted,official_transcript,1476,,data/analysis_ready_en/2023/2023_AUT.json
2023,AZE,Azerbaijan,accepted,official_transcript,2741,,data/analysis_ready_en/2023/2023_AZE.json
2023,BDI,Burundi,accepted,official_transcript,2541,,data/analysis_ready_en/2023/2023_BDI.json
2023,BEL,Belgium,accepted,official_transcript,1529,,data/analysis_ready_en/2023/2023_BEL.json
2023,BEN,Benin,accepted,official_transcript,1704,,data/analysis_ready_en/2023/2023_BEN.json
2023,BFA,Burkina Faso,accepted,official_transcript,5124,,data/analysis_ready_en/2023/2023_BFA.json
2023,BGD,Bangladesh,accepted,official_transcript,1384,,data/analysis_ready_en/2023/2023_BGD.json
2023,BGR,Bulgaria,accepted,official_transcript,1528,,data/analysis_ready_en/2023/2023_BGR.json
2023,BHR,Bahrain,accepted,official_transcript,3061,,data/analysis_ready_en/2023/2023_BHR.json
2023,BHS,Bahamas (The),accepted,official_transcript,1626,,data/analysis_ready_en/2023/2023_BHS.json
2023,BIH,Bosnia and Herzegovina,accepted,official_transcript,3109,,data/analysis_ready_en/2023/2023_BIH.json
2023,BLR,Belarus,accepted,official_transcript,1716,,data/analysis_ready_en/2023/2023_BLR.json
2023,BLZ,Belize,accepted,official_transcript,2080,,data/analysis_ready_en/2023/2023_BLZ.json
2023,BOL,Bolivia (Plurinational State of),accepted,official_transcript,2963,,data/analysis_ready_en/2023/2023_BOL.json
2023,BRA,Brazil,accepted,official_transcript,2354,,data/analysis_ready_en/2023/2023_BRA.json
2023,BRB,Barbados,accepted,official_transcript,3146,,data/analysis_ready_en/2023/2023_BRB.json
2023,BRN,Brunei Darussalam,accepted,official_transcript,1017,,data/analysis_ready_en/2023/2023_BRN.json
2023,BTN,Bhutan,accepted,official_transcript,2005,,data/analysis_ready_en/2023/2023_BTN.json
2023,BWA,Botswana,accepted,official_transcript,1486,,data/analysis_ready_en/2023/2023_BWA.json
2023,CAF,Central African Republic,accepted,official_transcript,1615,,data/analysis_ready_en/2023/2023_CAF.json
2023,CAN,Canada,accepted,official_transcript,3925,,data/analysis_ready_en/2023/2023_CAN.json
2023,CHE,Switzerland,accepted,official_transcript,1479,,data/analysis_ready_en/2023/2023_CHE.json
2023,CHL,Chile,accepted,official_transcript,2852,,data/analysis_ready_en/2023/2023_CHL.json
2023,CHN,China,accepted,official_transcript,1640,,data/analysis_ready_en/2023/2023_CHN.json
2023,CIV,Côte d'Ivoire,accepted,official_transcript,1559,,data/analysis_ready_en/2023/2023_CIV.json
2023,CMR,Cameroon,accepted,official_transcript,1462,,data/analysis_ready_en/2023/2023_CMR.json
2023,COD,Democratic Republic of the Congo,accepted,official_transcript,3029,,data/analysis_ready_en/2023/2023_COD.json
2023,COG,Congo,accepted,official_transcript,1762,,data/analysis_ready_en/2023/2023_COG.json
2023,COL,Colombia,accepted,official_transcript,2589,,data/analysis_ready_en/2023/2023_COL.json
2023,COM,Comoros,accepted,official_transcript,2228,,data/analysis_ready_en/2023/2023_COM.json
2023,CPV,Cabo Verde,accepted,official_transcript,1317,,data/analysis_ready_en/2023/2023_CPV.json
2023,CRI,Costa Rica,accepted,official_transcript,1523,,data/analysis_ready_en/2023/2023_CRI.json
2023,CUB,Cuba,accepted,official_transcript,2665,,data/analysis_ready_en/2023/2023_CUB.json
2023,CYP,Cyprus,accepted,official_transcript,2485,,data/analysis_ready_en/2023/2023_CYP.json
2023,CZE,Czechia,accepted,official_transcript,1583,,data/analysis_ready_en/2023/2023_CZE.json
2023,DEU,Germany,accepted,official_transcript,2456,,data/analysis_ready_en/2023/2023_DEU.json
2023,DJI,Djibouti,accepted,official_transcript,2445,,data/analysis_ready_en/2023/2023_DJI.json
2023,DMA,Dominica,accepted,official_transcript,2280,,data/analysis_ready_en/2023/2023_DMA.json
2023,DNK,Denmark,accepted,official_transcript,1669,,data/analysis_ready_en/2023/2023_DNK.json
2023,DOM,Dominican Republic,accepted,official_transcript,1890,,data/analysis_ready_en/2023/2023_DOM.json
2023,DZA,Algeria,accepted,official_transcript,2213,,data/analysis_ready_en/2023/2023_DZA.json
2023,ECU,Ecuador,accepted,official_transcript,1669,,data/analysis_ready_en/2023/2023_ECU.json
2023,EGY,Egypt,accepted,official_transcript,2323,,data/analysis_ready_en/2023/2023_EGY.json
2023,ERI,Eritrea,accepted,official_transcript,867,,data/analysis_ready_en/2023/2023_ERI.json
2023,ESP,Spain,accepted,official_transcript,3148,,data/analysis_ready_en/2023/2023_ESP.json
2023,EST,Estonia,accepted,official_transcript,2178,,data/analysis_ready_en/2023/2023_EST.json
2023,ETH,Ethiopia,accepted,official_transcript,1438,,data/analysis_ready_en/2023/2023_ETH.json
2023,FIN,Finland,accepted,official_transcript,1315,,data/analysis_ready_en/2023/2023_FIN.json
2023,FJI,Fiji,accepted,official_transcript,1615,,data/analysis_ready_en/2023/2023_FJI.json
2023,FRA,France,accepted,official_transcript,2055,,data/analysis_ready_en/2023/2023_FRA.json
2023,FSM,Micronesia (Federated States of),accepted,official_transcript,1966,,data/analysis_ready_en/2023/2023_FSM.json
2023,GAB,Gabon,accepted,official_transcript,2502,,data/analysis_ready_en/2023/2023_GAB.json
2023,GBR,United Kingdom of Great Britain and Northern Ireland,accepted,official_transcript,2029,,data/analysis_ready_en/2023/2023_GBR.json
2023,GEO,Georgia,accepted,official_transcript,1811,,data/analysis_ready_en/2023/2023_GEO.json
2023,GHA,Ghana,accepted,official_transcript,2143,,data/analysis_ready_en/2023/2023_GHA.json
2023,GIN,Guinea,accepted,official_transcript,1680,,data/analysis_ready_en/2023/2023_GIN.json
2023,GMB,Gambia,accepted,official_transcript,2113,,data/analysis_ready_en/2023/2023_GMB.json
2023,GNB,Guinea-Bissau,accepted,official_transcript,903,,data/analysis_ready_en/2023/2023_GNB.json
2023,GNQ,Equatorial Guinea,accepted,official_transcript,795,,data/analysis_ready_en/2023/2023_GNQ.json
2023,GRC,Greece,accepted,official_transcript,2375,,data/analysis_ready_en/2023/2023_GRC.json
2023,GRD,Grenada,accepted,official_transcript,2776,,data/analysis_ready_en/2023/2023_GRD.json
2023,GTM,Guatemala,accepted,official_transcript,2567,,data/analysis_ready_en/2023/2023_GTM.json
2023,GUY,Guyana,accepted,official_transcript,2556,,data/analysis_ready_en/2023/2023_GUY.json
2023,HND,Honduras,accepted,official_transcript,1516,,data/analysis_ready_en/2023/2023_HND.json
2023,HRV,Croatia,accepted,official_transcript,1638,,data/analysis_ready_en/2023/2023_HRV.json
2023,HTI,Haiti,accepted,official_transcript,2099,,data/analysis_ready_en/2023/2023_HTI.json
2023,HUN,Hungary,accepted,official_transcript,1397,,data/analysis_ready_en/2023/2023_HUN.json
2023,IDN,Indonesia,accepted,official_transcript,1202,,data/analysis_ready_en/2023/2023_IDN.json
2023,IND,India,accepted,official_transcript,1727,,data/analysis_ready_en/2023/2023_IND.json
2023,IRL,Ireland,accepted,official_transcript,2053,,data/analysis_ready_en/2023/2023_IRL.json
2023,IRN,Iran (Islamic Republic of),accepted,official_transcript,3274,,data/analysis_ready_en/2023/2023_IRN.json
2023,IRQ,Iraq,accepted,official_transcript,2393,,data/analysis_ready_en/2023/2023_IRQ.json
2023,ISL,Iceland,accepted,official_transcript,2176,,data/analysis_ready_en/2023/2023_ISL.json
2023,ISR,Israel,accepted,official_transcript,2714,,data/analysis_ready_en/2023/2023_ISR.json
2023,ITA,Italy,accepted,official_transcript,1935,,data/analysis_ready_en/2023/2023_ITA.json
2023,JAM,Jamaica,accepted,official_transcript,3152,,data/analysis_ready_en/2023/2023_JAM.json
2023,JOR,Jordan,accepted,official_transcript,1202,,data/analysis_ready_en/2023/2023_JOR.json
2023,JPN,Japan,accepted,official_transcript,2074,,data/analysis_ready_en/2023/2023_JPN.json
2023,KAZ,Kazakhstan,accepted,official_transcript,1994,,data/analysis_ready_en/2023/2023_KAZ.json
2023,KEN,Kenya,accepted,official_transcript,2606,,data/analysis_ready_en/2023/2023_KEN.json
2023,KGZ,Kyrgyzstan,accepted,official_transcript,2578,,data/analysis_ready_en/2023/2023_KGZ.json
2023,KHM,Cambodia,accepted,official_transcript,1388,,data/analysis_ready_en/2023/2023_KHM.json
2023,KIR,Kiribati,accepted,official_transcript,1790,,data/analysis_ready_en/2023/2023_KIR.json
2023,KNA,Saint Kitts and Nevis,accepted,official_transcript,2014,,data/analysis_ready_en/2023/2023_KNA.json
2023,KOR,Republic of Korea,accepted,official_transcript,1775,,data/analysis_ready_en/2023/2023_KOR.json
2023,KWT,Kuwait,accepted,official_transcript,1870,,data/analysis_ready_en/2023/2023_KWT.json
2023,LAO,Lao People's Democratic Republic,accepted,official_transcript,1570,,data/analysis_ready_en/2023/2023_LAO.json
2023,LBN,Lebanon,accepted,official_transcript,1559,,data/analysis_ready_en/2023/2023_LBN.json
2023,LBR,Liberia,accepted,official_transcript,1428,,data/analysis_ready_en/2023/2023_LBR.json
2023,LBY,Libya,accepted,official_transcript,729,,data/analysis_ready_en/2023/2023_LBY.json
2023,LCA,Saint Lucia,accepted,official_transcript,2678,,data/analysis_ready_en/2023/2023_LCA.json
2023,LIE,Liechtenstein,accepted,official_transcript,1935,,data/analysis_ready_en/2023/2023_LIE.json
2023,LKA,Sri Lanka,accepted,official_transcript,1971,,data/analysis_ready_en/2023/2023_LKA.json
2023,LSO,Lesotho,accepted,official_transcript,1878,,data/analysis_ready_en/2023/2023_LSO.json
2023,LTU,Lithuania,accepted,official_transcript,1294,,data/analysis_ready_en/2023/2023_LTU.json
2023,LUX,Luxembourg,accepted,official_transcript,2331,,data/analysis_ready_en/2023/2023_LUX.json
2023,LVA,Latvia,accepted,official_transcript,1644,,data/analysis_ready_en/2023/2023_LVA.json
2023,MAR,Morocco,accepted,official_transcript,2262,,data/analysis_ready_en/2023/2023_MAR.json
2023,MCO,Monaco,accepted,official_transcript,1845,,data/analysis_ready_en/2023/2023_MCO.json
2023,MDA,Republic of Moldova,accepted,official_transcript,1035,,data/analysis_ready_en/2023/2023_MDA.json
2023,MDG,Madagascar,not_obtained_or_no_main_address,,0,not_an_AI_negative; participation_roster_required,
2023,MDV,Maldives,accepted,official_transcript,2012,,data/analysis_ready_en/2023/2023_MDV.json
2023,MEX,Mexico,accepted,official_transcript,3301,,data/analysis_ready_en/2023/2023_MEX.json
2023,MHL,Marshall Islands,accepted,official_transcript,2085,,data/analysis_ready_en/2023/2023_MHL.json
2023,MKD,North Macedonia,accepted,official_transcript,1760,,data/analysis_ready_en/2023/2023_MKD.json
2023,MLI,Mali,accepted,official_transcript,3343,,data/analysis_ready_en/2023/2023_MLI.json
2023,MLT,Malta,accepted,official_transcript,3461,,data/analysis_ready_en/2023/2023_MLT.json
2023,MMR,Myanmar,not_obtained_or_no_main_address,,0,not_an_AI_negative; participation_roster_required,
2023,MNE,Montenegro,accepted,official_transcript,1697,,data/analysis_ready_en/2023/2023_MNE.json
2023,MNG,Mongolia,accepted,official_transcript,2422,,data/analysis_ready_en/2023/2023_MNG.json
2023,MOZ,Mozambique,accepted,official_transcript,1890,,data/analysis_ready_en/2023/2023_MOZ.json
2023,MRT,Mauritania,accepted,official_transcript,1541,,data/analysis_ready_en/2023/2023_MRT.json
2023,MUS,Mauritius,accepted,official_transcript,2017,,data/analysis_ready_en/2023/2023_MUS.json
2023,MWI,Malawi,accepted,official_transcript,1446,,data/analysis_ready_en/2023/2023_MWI.json
2023,MYS,Malaysia,accepted,official_transcript,1650,,data/analysis_ready_en/2023/2023_MYS.json
2023,NAM,Namibia,accepted,official_transcript,1584,,data/analysis_ready_en/2023/2023_NAM.json
2023,NER,Niger,not_obtained_or_no_main_address,,0,not_an_AI_negative; participation_roster_required,
2023,NGA,Nigeria,accepted,official_transcript,1560,,data/analysis_ready_en/2023/2023_NGA.json
2023,NIC,Nicaragua,accepted,official_transcript,2259,,data/analysis_ready_en/2023/2023_NIC.json
2023,NLD,Netherlands,accepted,official_transcript,1656,,data/analysis_ready_en/2023/2023_NLD.json
2023,NOR,Norway,accepted,official_transcript,1703,,data/analysis_ready_en/2023/2023_NOR.json
2023,NPL,Nepal,accepted,official_transcript,1927,,data/analysis_ready_en/2023/2023_NPL.json
2023,NRU,Naoero,accepted,official_transcript,2565,,data/analysis_ready_en/2023/2023_NRU.json
2023,NZL,New Zealand,accepted,official_transcript,2475,,data/analysis_ready_en/2023/2023_NZL.json
2023,OMN,Oman,accepted,official_transcript,1055,,data/analysis_ready_en/2023/2023_OMN.json
2023,PAK,Pakistan,accepted,official_transcript,1743,,data/analysis_ready_en/2023/2023_PAK.json
2023,PAN,Panama,accepted,official_transcript,1071,,data/analysis_ready_en/2023/2023_PAN.json
2023,PER,Peru,accepted,official_transcript,1844,,data/analysis_ready_en/2023/2023_PER.json
2023,PHL,Philippines,accepted,official_transcript,2141,,data/analysis_ready_en/2023/2023_PHL.json
2023,PLW,Palau,accepted,official_transcript,1675,,data/analysis_ready_en/2023/2023_PLW.json
2023,PNG,Papua New Guinea,accepted,official_transcript,4400,,data/analysis_ready_en/2023/2023_PNG.json
2023,POL,Poland,accepted,official_transcript,2566,,data/analysis_ready_en/2023/2023_POL.json
2023,PRK,Democratic People's Republic of Korea,accepted,official_transcript,2452,,data/analysis_ready_en/2023/2023_PRK.json
2023,PRT,Portugal,accepted,official_transcript,1149,,data/analysis_ready_en/2023/2023_PRT.json
2023,PRY,Paraguay,accepted,official_transcript,2115,,data/analysis_ready_en/2023/2023_PRY.json
2023,QAT,Qatar,accepted,official_transcript,2532,,data/analysis_ready_en/2023/2023_QAT.json
2023,ROU,Romania,accepted,official_transcript,1143,,data/analysis_ready_en/2023/2023_ROU.json
2023,RUS,Russian Federation,accepted,official_transcript,3462,,data/analysis_ready_en/2023/2023_RUS.json
2023,RWA,Rwanda,accepted,official_transcript,805,,data/analysis_ready_en/2023/2023_RWA.json
2023,SAU,Saudi Arabia,accepted,official_transcript,2446,,data/analysis_ready_en/2023/2023_SAU.json
2023,SDN,Sudan,accepted,official_transcript,1521,,data/analysis_ready_en/2023/2023_SDN.json
2023,SEN,Senegal,accepted,official_transcript,1244,,data/analysis_ready_en/2023/2023_SEN.json
2023,SGP,Singapore,accepted,official_transcript,1858,,data/analysis_ready_en/2023/2023_SGP.json
2023,SLB,Solomon Islands,accepted,official_transcript,2763,,data/analysis_ready_en/2023/2023_SLB.json
2023,SLE,Sierra Leone,accepted,official_transcript,2399,,data/analysis_ready_en/2023/2023_SLE.json
2023,SLV,El Salvador,accepted,official_transcript,2041,,data/analysis_ready_en/2023/2023_SLV.json
2023,SMR,San Marino,accepted,official_transcript,1954,,data/analysis_ready_en/2023/2023_SMR.json
2023,SOM,Somalia,accepted,official_transcript,1784,,data/analysis_ready_en/2023/2023_SOM.json
2023,SRB,Serbia,accepted,official_transcript,4359,,data/analysis_ready_en/2023/2023_SRB.json
2023,SSD,South Sudan,accepted,official_transcript,846,,data/analysis_ready_en/2023/2023_SSD.json
2023,STP,Sao Tome and Principe,accepted,official_transcript,1141,,data/analysis_ready_en/2023/2023_STP.json
2023,SUR,Suriname,accepted,official_transcript,1596,,data/analysis_ready_en/2023/2023_SUR.json
2023,SVK,Slovakia,accepted,official_transcript,1065,,data/analysis_ready_en/2023/2023_SVK.json
2023,SVN,Slovenia,accepted,official_transcript,2057,,data/analysis_ready_en/2023/2023_SVN.json
2023,SWE,Sweden,accepted,official_transcript,1650,,data/analysis_ready_en/2023/2023_SWE.json
2023,SWZ,Eswatini,accepted,official_transcript,2061,,data/analysis_ready_en/2023/2023_SWZ.json
2023,SYC,Seychelles,accepted,official_transcript,1533,,data/analysis_ready_en/2023/2023_SYC.json
2023,SYR,Syrian Arab Republic,accepted,official_transcript,2462,,data/analysis_ready_en/2023/2023_SYR.json
2023,TCD,Chad,accepted,official_transcript,1465,,data/analysis_ready_en/2023/2023_TCD.json
2023,TGO,Togo,accepted,official_transcript,3377,,data/analysis_ready_en/2023/2023_TGO.json
2023,THA,Thailand,accepted,official_transcript,1310,,data/analysis_ready_en/2023/2023_THA.json
2023,TJK,Tajikistan,accepted,official_transcript,1871,,data/analysis_ready_en/2023/2023_TJK.json
2023,TKM,Turkmenistan,accepted,official_transcript,1850,,data/analysis_ready_en/2023/2023_TKM.json
2023,TLS,Timor-Leste,accepted,official_transcript,1904,,data/analysis_ready_en/2023/2023_TLS.json
2023,TON,Tonga,accepted,official_transcript,2926,,data/analysis_ready_en/2023/2023_TON.json
2023,TTO,Trinidad and Tobago,accepted,official_transcript,2674,,data/analysis_ready_en/2023/2023_TTO.json
2023,TUN,Tunisia,accepted,official_transcript,1909,,data/analysis_ready_en/2023/2023_TUN.json
2023,TUR,Türkiye,accepted,official_transcript,3690,,data/analysis_ready_en/2023/2023_TUR.json
2023,TUV,Tuvalu,accepted,official_transcript,2393,,data/analysis_ready_en/2023/2023_TUV.json
2023,TZA,United Republic of Tanzania,accepted,official_transcript,1587,,data/analysis_ready_en/2023/2023_TZA.json
2023,UGA,Uganda,accepted,official_transcript,1791,,data/analysis_ready_en/2023/2023_UGA.json
2023,UKR,Ukraine,accepted,official_transcript,1569,,data/analysis_ready_en/2023/2023_UKR.json
2023,URY,Uruguay,accepted,official_transcript,1020,,data/analysis_ready_en/2023/2023_URY.json
2023,USA,United States of America,accepted,official_transcript,3622,,data/analysis_ready_en/2023/2023_USA.json
2023,UZB,Uzbekistan,accepted,official_transcript,2365,,data/analysis_ready_en/2023/2023_UZB.json
2023,VCT,Saint Vincent and the Grenadines,accepted,official_transcript,2602,,data/analysis_ready_en/2023/2023_VCT.json
2023,VEN,Venezuela (Bolivarian Republic of),accepted,official_transcript,3727,,data/analysis_ready_en/2023/2023_VEN.json
2023,VNM,Viet Nam,accepted,official_transcript,1681,,data/analysis_ready_en/2023/2023_VNM.json
2023,VUT,Vanuatu,accepted,official_transcript,2496,,data/analysis_ready_en/2023/2023_VUT.json
2023,WSM,Samoa,accepted,official_transcript,1850,,data/analysis_ready_en/2023/2023_WSM.json
2023,YEM,Yemen,accepted,official_transcript,2173,,data/analysis_ready_en/2023/2023_YEM.json
2023,ZAF,South Africa,accepted,official_transcript,2265,,data/analysis_ready_en/2023/2023_ZAF.json
2023,ZMB,Zambia,accepted,official_transcript,1830,,data/analysis_ready_en/2023/2023_ZMB.json
2023,ZWE,Zimbabwe,accepted,official_transcript,1301,,data/analysis_ready_en/2023/2023_ZWE.json
2024,AFG,Afghanistan,not_obtained_or_no_main_address,,0,not_an_AI_negative; participation_roster_required,
2024,AGO,Angola,accepted,official_transcript,3099,,data/analysis_ready_en/2024/2024_AGO.json
2024,ALB,Albania,accepted,official_transcript,2032,,data/analysis_ready_en/2024/2024_ALB.json
2024,AND,Andorra,accepted,official_transcript,2524,,data/analysis_ready_en/2024/2024_AND.json
2024,ARE,United Arab Emirates,accepted,official_transcript,2066,,data/analysis_ready_en/2024/2024_ARE.json
2024,ARG,Argentina,accepted,official_transcript,2117,,data/analysis_ready_en/2024/2024_ARG.json
2024,ARM,Armenia,accepted,official_transcript,1518,,data/analysis_ready_en/2024/2024_ARM.json
2024,ATG,Antigua and Barbuda,accepted,official_transcript,2497,,data/analysis_ready_en/2024/2024_ATG.json
2024,AUS,Australia,accepted,official_transcript,3529,,data/analysis_ready_en/2024/2024_AUS.json
2024,AUT,Austria,accepted,official_transcript,1425,,data/analysis_ready_en/2024/2024_AUT.json
2024,AZE,Azerbaijan,accepted,official_transcript,2391,,data/analysis_ready_en/2024/2024_AZE.json
2024,BDI,Burundi,accepted,official_transcript,2651,,data/analysis_ready_en/2024/2024_BDI.json
2024,BEL,Belgium,accepted,official_transcript,1355,,data/analysis_ready_en/2024/2024_BEL.json
2024,BEN,Benin,accepted,official_transcript,1318,,data/analysis_ready_en/2024/2024_BEN.json
2024,BFA,Burkina Faso,accepted,official_transcript,2730,,data/analysis_ready_en/2024/2024_BFA.json
2024,BGD,Bangladesh,accepted,official_transcript,3240,,data/analysis_ready_en/2024/2024_BGD.json
2024,BGR,Bulgaria,accepted,official_transcript,1475,,data/analysis_ready_en/2024/2024_BGR.json
2024,BHR,Bahrain,accepted,official_transcript,1628,,data/analysis_ready_en/2024/2024_BHR.json
2024,BHS,Bahamas (The),accepted,official_transcript,1973,,data/analysis_ready_en/2024/2024_BHS.json
2024,BIH,Bosnia and Herzegovina,accepted,official_transcript,1302,,data/analysis_ready_en/2024/2024_BIH.json
2024,BLR,Belarus,accepted,official_transcript,2865,,data/analysis_ready_en/2024/2024_BLR.json
2024,BLZ,Belize,accepted,official_transcript,1900,,data/analysis_ready_en/2024/2024_BLZ.json
2024,BOL,Bolivia (Plurinational State of),accepted,official_transcript,1699,,data/analysis_ready_en/2024/2024_BOL.json
2024,BRA,Brazil,accepted,official_transcript,2247,,data/analysis_ready_en/2024/2024_BRA.json
2024,BRB,Barbados,accepted,official_transcript,4354,,data/analysis_ready_en/2024/2024_BRB.json
2024,BRN,Brunei Darussalam,not_obtained_or_no_main_address,,0,not_an_AI_negative; participation_roster_required,
2024,BTN,Bhutan,accepted,official_transcript,1102,,data/analysis_ready_en/2024/2024_BTN.json
2024,BWA,Botswana,accepted,official_transcript,1541,,data/analysis_ready_en/2024/2024_BWA.json
2024,CAF,Central African Republic,accepted,official_transcript,1766,,data/analysis_ready_en/2024/2024_CAF.json
2024,CAN,Canada,accepted,official_transcript,2199,,data/analysis_ready_en/2024/2024_CAN.json
2024,CHE,Switzerland,accepted,official_transcript,1146,,data/analysis_ready_en/2024/2024_CHE.json
2024,CHL,Chile,accepted,official_transcript,2389,,data/analysis_ready_en/2024/2024_CHL.json
2024,CHN,China,accepted,official_transcript,2701,,data/analysis_ready_en/2024/2024_CHN.json
2024,CIV,Côte d'Ivoire,accepted,official_transcript,1070,,data/analysis_ready_en/2024/2024_CIV.json
2024,CMR,Cameroon,accepted,official_transcript,1697,,data/analysis_ready_en/2024/2024_CMR.json
2024,COD,Democratic Republic of the Congo,accepted,official_transcript,3361,,data/analysis_ready_en/2024/2024_COD.json
2024,COG,Congo,accepted,official_transcript,1275,,data/analysis_ready_en/2024/2024_COG.json
2024,COL,Colombia,accepted,official_transcript,2197,,data/analysis_ready_en/2024/2024_COL.json
2024,COM,Comoros,accepted,official_transcript,1719,,data/analysis_ready_en/2024/2024_COM.json
2024,CPV,Cabo Verde,accepted,official_transcript,1614,,data/analysis_ready_en/2024/2024_CPV.json
2024,CRI,Costa Rica,accepted,official_transcript,1535,,data/analysis_ready_en/2024/2024_CRI.json
2024,CUB,Cuba,accepted,official_transcript,1902,,data/analysis_ready_en/2024/2024_CUB.json
2024,CYP,Cyprus,accepted,official_transcript,2532,,data/analysis_ready_en/2024/2024_CYP.json
2024,CZE,Czechia,accepted,official_transcript,1095,,data/analysis_ready_en/2024/2024_CZE.json
2024,DEU,Germany,accepted,official_transcript,2591,,data/analysis_ready_en/2024/2024_DEU.json
2024,DJI,Djibouti,accepted,official_transcript,1943,,data/analysis_ready_en/2024/2024_DJI.json
2024,DMA,Dominica,accepted,official_transcript,2445,,data/analysis_ready_en/2024/2024_DMA.json
2024,DNK,Denmark,accepted,official_transcript,1658,,data/analysis_ready_en/2024/2024_DNK.json
2024,DOM,Dominican Republic,accepted,official_transcript,1849,,data/analysis_ready_en/2024/2024_DOM.json
2024,DZA,Algeria,accepted,official_transcript,1622,,data/analysis_ready_en/2024/2024_DZA.json
2024,ECU,Ecuador,accepted,official_transcript,1736,,data/analysis_ready_en/2024/2024_ECU.json
2024,EGY,Egypt,accepted,official_transcript,2540,,data/analysis_ready_en/2024/2024_EGY.json
2024,ERI,Eritrea,accepted,official_transcript,1128,,data/analysis_ready_en/2024/2024_ERI.json
2024,ESP,Spain,accepted,official_transcript,3228,,data/analysis_ready_en/2024/2024_ESP.json
2024,EST,Estonia,accepted,official_transcript,2223,,data/analysis_ready_en/2024/2024_EST.json
2024,ETH,Ethiopia,accepted,official_transcript,1549,,data/analysis_ready_en/2024/2024_ETH.json
2024,FIN,Finland,accepted,official_transcript,2169,,data/analysis_ready_en/2024/2024_FIN.json
2024,FJI,Fiji,accepted,official_transcript,1577,,data/analysis_ready_en/2024/2024_FJI.json
2024,FRA,France,accepted,official_transcript,3581,,data/analysis_ready_en/2024/2024_FRA.json
2024,FSM,Micronesia (Federated States of),accepted,official_transcript,2567,,data/analysis_ready_en/2024/2024_FSM.json
2024,GAB,Gabon,accepted,official_transcript,1202,,data/analysis_ready_en/2024/2024_GAB.json
2024,GBR,United Kingdom of Great Britain and Northern Ireland,accepted,official_transcript,2014,,data/analysis_ready_en/2024/2024_GBR.json
2024,GEO,Georgia,accepted,official_transcript,1237,,data/analysis_ready_en/2024/2024_GEO.json
2024,GHA,Ghana,accepted,official_transcript,1834,,data/analysis_ready_en/2024/2024_GHA.json
2024,GIN,Guinea,accepted,official_transcript,1780,,data/analysis_ready_en/2024/2024_GIN.json
2024,GMB,Gambia,accepted,official_transcript,1767,,data/analysis_ready_en/2024/2024_GMB.json
2024,GNB,Guinea-Bissau,accepted,official_transcript,865,,data/analysis_ready_en/2024/2024_GNB.json
2024,GNQ,Equatorial Guinea,accepted,official_transcript,1125,,data/analysis_ready_en/2024/2024_GNQ.json
2024,GRC,Greece,accepted,official_transcript,2907,,data/analysis_ready_en/2024/2024_GRC.json
2024,GRD,Grenada,accepted,official_transcript,2156,,data/analysis_ready_en/2024/2024_GRD.json
2024,GTM,Guatemala,accepted,official_transcript,2590,,data/analysis_ready_en/2024/2024_GTM.json
2024,GUY,Guyana,accepted,official_transcript,2026,,data/analysis_ready_en/2024/2024_GUY.json
2024,HND,Honduras,accepted,official_transcript,1252,,data/analysis_ready_en/2024/2024_HND.json
2024,HRV,Croatia,accepted,official_transcript,2814,,data/analysis_ready_en/2024/2024_HRV.json
2024,HTI,Haiti,accepted,official_transcript,3491,,data/analysis_ready_en/2024/2024_HTI.json
2024,HUN,Hungary,accepted,official_transcript,2199,,data/analysis_ready_en/2024/2024_HUN.json
2024,IDN,Indonesia,accepted,official_transcript,1317,,data/analysis_ready_en/2024/2024_IDN.json
2024,IND,India,accepted,official_transcript,1707,,data/analysis_ready_en/2024/2024_IND.json
2024,IRL,Ireland,accepted,official_transcript,1701,,data/analysis_ready_en/2024/2024_IRL.json
2024,IRN,Iran (Islamic Republic of),accepted,official_transcript,1813,,data/analysis_ready_en/2024/2024_IRN.json
2024,IRQ,Iraq,accepted,official_transcript,2112,,data/analysis_ready_en/2024/2024_IRQ.json
2024,ISL,Iceland,accepted,official_transcript,2588,,data/analysis_ready_en/2024/2024_ISL.json
2024,ISR,Israel,accepted,official_transcript,4036,,data/analysis_ready_en/2024/2024_ISR.json
2024,ITA,Italy,accepted,official_transcript,1839,,data/analysis_ready_en/2024/2024_ITA.json
2024,JAM,Jamaica,accepted,official_transcript,2596,,data/analysis_ready_en/2024/2024_JAM.json
2024,JOR,Jordan,accepted,official_transcript,1494,,data/analysis_ready_en/2024/2024_JOR.json
2024,JPN,Japan,accepted,official_transcript,2311,,data/analysis_ready_en/2024/2024_JPN.json
2024,KAZ,Kazakhstan,accepted,official_transcript,1541,,data/analysis_ready_en/2024/2024_KAZ.json
2024,KEN,Kenya,accepted,official_transcript,2940,,data/analysis_ready_en/2024/2024_KEN.json
2024,KGZ,Kyrgyzstan,accepted,official_transcript,2327,,data/analysis_ready_en/2024/2024_KGZ.json
2024,KHM,Cambodia,accepted,official_transcript,1700,,data/analysis_ready_en/2024/2024_KHM.json
2024,KIR,Kiribati,accepted,official_transcript,2615,,data/analysis_ready_en/2024/2024_KIR.json
2024,KNA,Saint Kitts and Nevis,accepted,official_transcript,2621,,data/analysis_ready_en/2024/2024_KNA.json
2024,KOR,Republic of Korea,accepted,official_transcript,2230,,data/analysis_ready_en/2024/2024_KOR.json
2024,KWT,Kuwait,accepted,official_transcript,2119,,data/analysis_ready_en/2024/2024_KWT.json
2024,LAO,Lao People's Democratic Republic,accepted,official_transcript,2115,,data/analysis_ready_en/2024/2024_LAO.json
2024,LBN,Lebanon,accepted,official_transcript,1917,,data/analysis_ready_en/2024/2024_LBN.json
2024,LBR,Liberia,accepted,official_transcript,1883,,data/analysis_ready_en/2024/2024_LBR.json
2024,LBY,Libya,accepted,official_transcript,1287,,data/analysis_ready_en/2024/2024_LBY.json
2024,LCA,Saint Lucia,accepted,official_transcript,2067,,data/analysis_ready_en/2024/2024_LCA.json
2024,LIE,Liechtenstein,accepted,official_transcript,1730,,data/analysis_ready_en/2024/2024_LIE.json
2024,LKA,Sri Lanka,accepted,official_transcript,1967,,data/analysis_ready_en/2024/2024_LKA.json
2024,LSO,Lesotho,accepted,official_transcript,1741,,data/analysis_ready_en/2024/2024_LSO.json
2024,LTU,Lithuania,accepted,official_transcript,1358,,data/analysis_ready_en/2024/2024_LTU.json
2024,LUX,Luxembourg,accepted,official_transcript,3231,,data/analysis_ready_en/2024/2024_LUX.json
2024,LVA,Latvia,accepted,official_transcript,1425,,data/analysis_ready_en/2024/2024_LVA.json
2024,MAR,Morocco,accepted,official_transcript,2065,,data/analysis_ready_en/2024/2024_MAR.json
2024,MCO,Monaco,accepted,official_transcript,1579,,data/analysis_ready_en/2024/2024_MCO.json
2024,MDA,Republic of Moldova,accepted,official_transcript,1518,,data/analysis_ready_en/2024/2024_MDA.json
2024,MDG,Madagascar,accepted,official_transcript,1582,,data/analysis_ready_en/2024/2024_MDG.json
2024,MDV,Maldives,accepted,official_transcript,2426,,data/analysis_ready_en/2024/2024_MDV.json
2024,MEX,Mexico,accepted,official_transcript,2658,,data/analysis_ready_en/2024/2024_MEX.json
2024,MHL,Marshall Islands,accepted,official_transcript,1983,,data/analysis_ready_en/2024/2024_MHL.json
2024,MKD,North Macedonia,accepted,official_transcript,2372,,data/analysis_ready_en/2024/2024_MKD.json
2024,MLI,Mali,accepted,official_transcript,3828,,data/analysis_ready_en/2024/2024_MLI.json
2024,MLT,Malta,accepted,official_transcript,3503,,data/analysis_ready_en/2024/2024_MLT.json
2024,MMR,Myanmar,not_obtained_or_no_main_address,,0,not_an_AI_negative; participation_roster_required,
2024,MNE,Montenegro,accepted,official_transcript,2373,,data/analysis_ready_en/2024/2024_MNE.json
2024,MNG,Mongolia,accepted,official_transcript,2546,,data/analysis_ready_en/2024/2024_MNG.json
2024,MOZ,Mozambique,accepted,official_transcript,1306,,data/analysis_ready_en/2024/2024_MOZ.json
2024,MRT,Mauritania,accepted,official_transcript,1650,,data/analysis_ready_en/2024/2024_MRT.json
2024,MUS,Mauritius,accepted,official_transcript,1361,,data/analysis_ready_en/2024/2024_MUS.json
2024,MWI,Malawi,accepted,official_transcript,1522,,data/analysis_ready_en/2024/2024_MWI.json
2024,MYS,Malaysia,accepted,official_transcript,1947,,data/analysis_ready_en/2024/2024_MYS.json
2024,NAM,Namibia,accepted,official_transcript,800,,data/analysis_ready_en/2024/2024_NAM.json
2024,NER,Niger,accepted,official_transcript,1363,,data/analysis_ready_en/2024/2024_NER.json
2024,NGA,Nigeria,accepted,official_transcript,2965,,data/analysis_ready_en/2024/2024_NGA.json
2024,NIC,Nicaragua,accepted,official_transcript,2275,,data/analysis_ready_en/2024/2024_NIC.json
2024,NLD,Netherlands,accepted,official_transcript,2049,,data/analysis_ready_en/2024/2024_NLD.json
2024,NOR,Norway,accepted,official_transcript,1689,,data/analysis_ready_en/2024/2024_NOR.json
2024,NPL,Nepal,accepted,official_transcript,2040,,data/analysis_ready_en/2024/2024_NPL.json
2024,NRU,Naoero,accepted,official_transcript,1634,,data/analysis_ready_en/2024/2024_NRU.json
2024,NZL,New Zealand,accepted,official_transcript,1727,,data/analysis_ready_en/2024/2024_NZL.json
2024,OMN,Oman,accepted,official_transcript,840,,data/analysis_ready_en/2024/2024_OMN.json
2024,PAK,Pakistan,accepted,official_transcript,1885,,data/analysis_ready_en/2024/2024_PAK.json
2024,PAN,Panama,accepted,official_transcript,2413,,data/analysis_ready_en/2024/2024_PAN.json
2024,PER,Peru,accepted,official_transcript,2247,,data/analysis_ready_en/2024/2024_PER.json
2024,PHL,Philippines,accepted,official_transcript,1893,,data/analysis_ready_en/2024/2024_PHL.json
2024,PLW,Palau,accepted,official_transcript,1366,,data/analysis_ready_en/2024/2024_PLW.json
2024,PNG,Papua New Guinea,accepted,official_transcript,2340,,data/analysis_ready_en/2024/2024_PNG.json
2024,POL,Poland,accepted,official_transcript,1322,,data/analysis_ready_en/2024/2024_POL.json
2024,PRK,Democratic People's Republic of Korea,accepted,official_transcript,2188,,data/analysis_ready_en/2024/2024_PRK.json
2024,PRT,Portugal,accepted,official_transcript,1880,,data/analysis_ready_en/2024/2024_PRT.json
2024,PRY,Paraguay,accepted,official_transcript,2947,,data/analysis_ready_en/2024/2024_PRY.json
2024,QAT,Qatar,accepted,official_transcript,2353,,data/analysis_ready_en/2024/2024_QAT.json
2024,ROU,Romania,accepted,official_transcript,1193,,data/analysis_ready_en/2024/2024_ROU.json
2024,RUS,Russian Federation,accepted,official_transcript,3336,,data/analysis_ready_en/2024/2024_RUS.json
2024,RWA,Rwanda,accepted,official_transcript,1097,,data/analysis_ready_en/2024/2024_RWA.json
2024,SAU,Saudi Arabia,accepted,official_transcript,2534,,data/analysis_ready_en/2024/2024_SAU.json
2024,SDN,Sudan,accepted,official_transcript,1870,,data/analysis_ready_en/2024/2024_SDN.json
2024,SEN,Senegal,accepted,official_transcript,1191,,data/analysis_ready_en/2024/2024_SEN.json
2024,SGP,Singapore,accepted,official_transcript,2025,,data/analysis_ready_en/2024/2024_SGP.json
2024,SLB,Solomon Islands,accepted,official_transcript,2328,,data/analysis_ready_en/2024/2024_SLB.json
2024,SLE,Sierra Leone,accepted,official_transcript,2041,,data/analysis_ready_en/2024/2024_SLE.json
2024,SLV,El Salvador,accepted,official_transcript,1415,,data/analysis_ready_en/2024/2024_SLV.json
2024,SMR,San Marino,accepted,official_transcript,2488,,data/analysis_ready_en/2024/2024_SMR.json
2024,SOM,Somalia,accepted,official_transcript,1647,,data/analysis_ready_en/2024/2024_SOM.json
2024,SRB,Serbia,accepted,official_transcript,2949,,data/analysis_ready_en/2024/2024_SRB.json
2024,SSD,South Sudan,accepted,official_transcript,2386,,data/analysis_ready_en/2024/2024_SSD.json
2024,STP,Sao Tome and Principe,accepted,official_transcript,1377,,data/analysis_ready_en/2024/2024_STP.json
2024,SUR,Suriname,accepted,official_transcript,1451,,data/analysis_ready_en/2024/2024_SUR.json
2024,SVK,Slovakia,accepted,official_transcript,1908,,data/analysis_ready_en/2024/2024_SVK.json
2024,SVN,Slovenia,accepted,official_transcript,1744,,data/analysis_ready_en/2024/2024_SVN.json
2024,SWE,Sweden,accepted,official_transcript,1890,,data/analysis_ready_en/2024/2024_SWE.json
2024,SWZ,Eswatini,accepted,official_transcript,1839,,data/analysis_ready_en/2024/2024_SWZ.json
2024,SYC,Seychelles,accepted,official_transcript,1868,,data/analysis_ready_en/2024/2024_SYC.json
2024,SYR,Syrian Arab Republic,accepted,official_transcript,2474,,data/analysis_ready_en/2024/2024_SYR.json
2024,TCD,Chad,accepted,official_transcript,1375,,data/analysis_ready_en/2024/2024_TCD.json
2024,TGO,Togo,accepted,official_transcript,1100,,data/analysis_ready_en/2024/2024_TGO.json
2024,THA,Thailand,accepted,official_transcript,1532,,data/analysis_ready_en/2024/2024_THA.json
2024,TJK,Tajikistan,accepted,official_transcript,1913,,data/analysis_ready_en/2024/2024_TJK.json
2024,TKM,Turkmenistan,accepted,official_transcript,1495,,data/analysis_ready_en/2024/2024_TKM.json
2024,TLS,Timor-Leste,accepted,official_transcript,1871,,data/analysis_ready_en/2024/2024_TLS.json
2024,TON,Tonga,accepted,official_transcript,2584,,data/analysis_ready_en/2024/2024_TON.json
2024,TTO,Trinidad and Tobago,accepted,official_transcript,2730,,data/analysis_ready_en/2024/2024_TTO.json
2024,TUN,Tunisia,accepted,official_transcript,2578,,data/analysis_ready_en/2024/2024_TUN.json
2024,TUR,Türkiye,accepted,official_transcript,3946,,data/analysis_ready_en/2024/2024_TUR.json
2024,TUV,Tuvalu,accepted,official_transcript,2753,,data/analysis_ready_en/2024/2024_TUV.json
2024,TZA,United Republic of Tanzania,accepted,official_transcript,1714,,data/analysis_ready_en/2024/2024_TZA.json
2024,UGA,Uganda,accepted,official_transcript,2125,,data/analysis_ready_en/2024/2024_UGA.json
2024,UKR,Ukraine,accepted,official_transcript,1698,,data/analysis_ready_en/2024/2024_UKR.json
2024,URY,Uruguay,accepted,official_transcript,1293,,data/analysis_ready_en/2024/2024_URY.json
2024,USA,United States of America,accepted,official_transcript,3265,,data/analysis_ready_en/2024/2024_USA.json
2024,UZB,Uzbekistan,accepted,official_transcript,1626,,data/analysis_ready_en/2024/2024_UZB.json
2024,VCT,Saint Vincent and the Grenadines,accepted,official_transcript,2181,,data/analysis_ready_en/2024/2024_VCT.json
2024,VEN,Venezuela (Bolivarian Republic of),accepted,official_transcript,2870,,data/analysis_ready_en/2024/2024_VEN.json
2024,VNM,Viet Nam,accepted,official_transcript,1175,,data/analysis_ready_en/2024/2024_VNM.json
2024,VUT,Vanuatu,accepted,official_transcript,1815,,data/analysis_ready_en/2024/2024_VUT.json
2024,WSM,Samoa,accepted,official_transcript,1510,,data/analysis_ready_en/2024/2024_WSM.json
2024,YEM,Yemen,accepted,official_transcript,1795,,data/analysis_ready_en/2024/2024_YEM.json
2024,ZAF,South Africa,accepted,official_transcript,1877,,data/analysis_ready_en/2024/2024_ZAF.json
2024,ZMB,Zambia,accepted,official_transcript,1886,,data/analysis_ready_en/2024/2024_ZMB.json
2024,ZWE,Zimbabwe,accepted,official_transcript,1620,,data/analysis_ready_en/2024/2024_ZWE.json
2025,AFG,Afghanistan,not_obtained_or_no_main_address,,0,not_an_AI_negative; participation_roster_required,
2025,AGO,Angola,accepted,automatic_transcript,2704,,data/analysis_ready_en/2025/2025_AGO.json
2025,ALB,Albania,accepted,automatic_transcript,1601,,data/analysis_ready_en/2025/2025_ALB.json
2025,AND,Andorra,accepted,automatic_transcript,2708,,data/analysis_ready_en/2025/2025_AND.json
2025,ARE,United Arab Emirates,accepted,automatic_transcript,1390,,data/analysis_ready_en/2025/2025_ARE.json
2025,ARG,Argentina,accepted,automatic_transcript,2807,,data/analysis_ready_en/2025/2025_ARG.json
2025,ARM,Armenia,accepted,automatic_transcript,2839,,data/analysis_ready_en/2025/2025_ARM.json
2025,ATG,Antigua and Barbuda,accepted,automatic_transcript,2099,,data/analysis_ready_en/2025/2025_ATG.json
2025,AUS,Australia,accepted,automatic_transcript,2365,,data/analysis_ready_en/2025/2025_AUS.json
2025,AUT,Austria,accepted,automatic_transcript,1381,,data/analysis_ready_en/2025/2025_AUT.json
2025,AZE,Azerbaijan,accepted,automatic_transcript,1796,,data/analysis_ready_en/2025/2025_AZE.json
2025,BDI,Burundi,accepted,automatic_transcript,1672,,data/analysis_ready_en/2025/2025_BDI.json
2025,BEL,Belgium,accepted,automatic_transcript,777,,data/analysis_ready_en/2025/2025_BEL.json
2025,BEN,Benin,accepted,automatic_transcript,1980,,data/analysis_ready_en/2025/2025_BEN.json
2025,BFA,Burkina Faso,accepted,automatic_transcript,2860,,data/analysis_ready_en/2025/2025_BFA.json
2025,BGD,Bangladesh,accepted,automatic_transcript,4622,,data/analysis_ready_en/2025/2025_BGD.json
2025,BGR,Bulgaria,accepted,automatic_transcript,1557,,data/analysis_ready_en/2025/2025_BGR.json
2025,BHR,Bahrain,accepted,automatic_transcript,2020,,data/analysis_ready_en/2025/2025_BHR.json
2025,BHS,Bahamas (The),accepted,automatic_transcript,1647,,data/analysis_ready_en/2025/2025_BHS.json
2025,BIH,Bosnia and Herzegovina,accepted,automatic_transcript,3418,,data/analysis_ready_en/2025/2025_BIH.json
2025,BLR,Belarus,accepted,automatic_transcript,3514,,data/analysis_ready_en/2025/2025_BLR.json
2025,BLZ,Belize,accepted,automatic_transcript,1928,,data/analysis_ready_en/2025/2025_BLZ.json
2025,BOL,Bolivia (Plurinational State of),accepted,automatic_transcript,2740,,data/analysis_ready_en/2025/2025_BOL.json
2025,BRA,Brazil,accepted,automatic_transcript,1828,,data/analysis_ready_en/2025/2025_BRA.json
2025,BRB,Barbados,accepted,automatic_transcript,3975,,data/analysis_ready_en/2025/2025_BRB.json
2025,BRN,Brunei Darussalam,accepted,automatic_transcript,1301,,data/analysis_ready_en/2025/2025_BRN.json
2025,BTN,Bhutan,accepted,automatic_transcript,1343,,data/analysis_ready_en/2025/2025_BTN.json
2025,BWA,Botswana,accepted,automatic_transcript,944,,data/analysis_ready_en/2025/2025_BWA.json
2025,CAF,Central African Republic,accepted,automatic_transcript,2325,,data/analysis_ready_en/2025/2025_CAF.json
2025,CAN,Canada,accepted,automatic_transcript,1686,,data/analysis_ready_en/2025/2025_CAN.json
2025,CHE,Switzerland,accepted,automatic_transcript,1252,,data/analysis_ready_en/2025/2025_CHE.json
2025,CHL,Chile,accepted,automatic_transcript,2965,,data/analysis_ready_en/2025/2025_CHL.json
2025,CHN,China,accepted,automatic_transcript,1882,,data/analysis_ready_en/2025/2025_CHN.json
2025,CIV,Côte d'Ivoire,accepted,automatic_transcript,1958,,data/analysis_ready_en/2025/2025_CIV.json
2025,CMR,Cameroon,accepted,automatic_transcript,1685,,data/analysis_ready_en/2025/2025_CMR.json
2025,COD,Democratic Republic of the Congo,accepted,automatic_transcript,3301,,data/analysis_ready_en/2025/2025_COD.json
2025,COG,Congo,accepted,automatic_transcript,1556,,data/analysis_ready_en/2025/2025_COG.json
2025,COL,Colombia,accepted,automatic_transcript,4102,,data/analysis_ready_en/2025/2025_COL.json
2025,COM,Comoros,accepted,automatic_transcript,1934,,data/analysis_ready_en/2025/2025_COM.json
2025,CPV,Cabo Verde,accepted,automatic_transcript,996,,data/analysis_ready_en/2025/2025_CPV.json
2025,CRI,Costa Rica,accepted,automatic_transcript,1701,,data/analysis_ready_en/2025/2025_CRI.json
2025,CUB,Cuba,accepted,automatic_transcript,2702,,data/analysis_ready_en/2025/2025_CUB.json
2025,CYP,Cyprus,accepted,automatic_transcript,1929,,data/analysis_ready_en/2025/2025_CYP.json
2025,CZE,Czechia,accepted,automatic_transcript,1203,,data/analysis_ready_en/2025/2025_CZE.json
2025,DEU,Germany,accepted,automatic_transcript,1602,,data/analysis_ready_en/2025/2025_DEU.json
2025,DJI,Djibouti,accepted,automatic_transcript,2266,,data/analysis_ready_en/2025/2025_DJI.json
2025,DMA,Dominica,accepted,automatic_transcript,1953,,data/analysis_ready_en/2025/2025_DMA.json
2025,DNK,Denmark,accepted,automatic_transcript,1421,,data/analysis_ready_en/2025/2025_DNK.json
2025,DOM,Dominican Republic,accepted,automatic_transcript,1536,,data/analysis_ready_en/2025/2025_DOM.json
2025,DZA,Algeria,accepted,automatic_transcript,2180,,data/analysis_ready_en/2025/2025_DZA.json
2025,ECU,Ecuador,accepted,automatic_transcript,1809,,data/analysis_ready_en/2025/2025_ECU.json
2025,EGY,Egypt,accepted,automatic_transcript,2234,,data/analysis_ready_en/2025/2025_EGY.json
2025,ERI,Eritrea,accepted,automatic_transcript,1086,,data/analysis_ready_en/2025/2025_ERI.json
2025,ESP,Spain,accepted,automatic_transcript,2232,,data/analysis_ready_en/2025/2025_ESP.json
2025,EST,Estonia,accepted,automatic_transcript,1938,,data/analysis_ready_en/2025/2025_EST.json
2025,ETH,Ethiopia,accepted,automatic_transcript,1400,,data/analysis_ready_en/2025/2025_ETH.json
2025,FIN,Finland,accepted,automatic_transcript,2401,,data/analysis_ready_en/2025/2025_FIN.json
2025,FJI,Fiji,accepted,automatic_transcript,2945,,data/analysis_ready_en/2025/2025_FJI.json
2025,FRA,France,accepted,automatic_transcript,4323,,data/analysis_ready_en/2025/2025_FRA.json
2025,FSM,Micronesia (Federated States of),accepted,automatic_transcript,1809,,data/analysis_ready_en/2025/2025_FSM.json
2025,GAB,Gabon,accepted,automatic_transcript,1319,,data/analysis_ready_en/2025/2025_GAB.json
2025,GBR,United Kingdom of Great Britain and Northern Ireland,accepted,automatic_transcript,1742,,data/analysis_ready_en/2025/2025_GBR.json
2025,GEO,Georgia,accepted,automatic_transcript,1423,,data/analysis_ready_en/2025/2025_GEO.json
2025,GHA,Ghana,accepted,automatic_transcript,2915,,data/analysis_ready_en/2025/2025_GHA.json
2025,GIN,Guinea,accepted,automatic_transcript,1219,,data/analysis_ready_en/2025/2025_GIN.json
2025,GMB,Gambia,accepted,automatic_transcript,3610,,data/analysis_ready_en/2025/2025_GMB.json
2025,GNB,Guinea-Bissau,accepted,automatic_transcript,851,,data/analysis_ready_en/2025/2025_GNB.json
2025,GNQ,Equatorial Guinea,accepted,automatic_transcript,1150,,data/analysis_ready_en/2025/2025_GNQ.json
2025,GRC,Greece,accepted,automatic_transcript,3225,,data/analysis_ready_en/2025/2025_GRC.json
2025,GRD,Grenada,accepted,automatic_transcript,2650,,data/analysis_ready_en/2025/2025_GRD.json
2025,GTM,Guatemala,accepted,automatic_transcript,2417,,data/analysis_ready_en/2025/2025_GTM.json
2025,GUY,Guyana,accepted,automatic_transcript,2173,,data/analysis_ready_en/2025/2025_GUY.json
2025,HND,Honduras,accepted,automatic_transcript,1577,,data/analysis_ready_en/2025/2025_HND.json
2025,HRV,Croatia,accepted,automatic_transcript,1775,,data/analysis_ready_en/2025/2025_HRV.json
2025,HTI,Haiti,accepted,automatic_transcript,2416,,data/analysis_ready_en/2025/2025_HTI.json
2025,HUN,Hungary,accepted,automatic_transcript,2047,,data/analysis_ready_en/2025/2025_HUN.json
2025,IDN,Indonesia,accepted,automatic_transcript,1819,,data/analysis_ready_en/2025/2025_IDN.json
2025,IND,India,accepted,automatic_transcript,1622,,data/analysis_ready_en/2025/2025_IND.json
2025,IRL,Ireland,accepted,automatic_transcript,2394,,data/analysis_ready_en/2025/2025_IRL.json
2025,IRN,Iran (Islamic Republic of),accepted,automatic_transcript,2136,,data/analysis_ready_en/2025/2025_IRN.json
2025,IRQ,Iraq,accepted,automatic_transcript,2510,,data/analysis_ready_en/2025/2025_IRQ.json
2025,ISL,Iceland,accepted,automatic_transcript,1978,,data/analysis_ready_en/2025/2025_ISL.json
2025,ISR,Israel,accepted,automatic_transcript,4477,,data/analysis_ready_en/2025/2025_ISR.json
2025,ITA,Italy,accepted,automatic_transcript,2182,,data/analysis_ready_en/2025/2025_ITA.json
2025,JAM,Jamaica,accepted,automatic_transcript,1262,,data/analysis_ready_en/2025/2025_JAM.json
2025,JOR,Jordan,accepted,automatic_transcript,1186,,data/analysis_ready_en/2025/2025_JOR.json
2025,JPN,Japan,accepted,automatic_transcript,3025,,data/analysis_ready_en/2025/2025_JPN.json
2025,KAZ,Kazakhstan,accepted,automatic_transcript,2333,,data/analysis_ready_en/2025/2025_KAZ.json
2025,KEN,Kenya,accepted,automatic_transcript,3359,,data/analysis_ready_en/2025/2025_KEN.json
2025,KGZ,Kyrgyzstan,accepted,automatic_transcript,2811,,data/analysis_ready_en/2025/2025_KGZ.json
2025,KHM,Cambodia,accepted,automatic_transcript,1631,,data/analysis_ready_en/2025/2025_KHM.json
2025,KIR,Kiribati,accepted,automatic_transcript,1365,,data/analysis_ready_en/2025/2025_KIR.json
2025,KNA,Saint Kitts and Nevis,accepted,automatic_transcript,3101,,data/analysis_ready_en/2025/2025_KNA.json
2025,KOR,Republic of Korea,accepted,automatic_transcript,2369,,data/analysis_ready_en/2025/2025_KOR.json
2025,KWT,Kuwait,accepted,automatic_transcript,2247,,data/analysis_ready_en/2025/2025_KWT.json
2025,LAO,Lao People's Democratic Republic,accepted,automatic_transcript,1870,,data/analysis_ready_en/2025/2025_LAO.json
2025,LBN,Lebanon,accepted,automatic_transcript,2406,,data/analysis_ready_en/2025/2025_LBN.json
2025,LBR,Liberia,accepted,automatic_transcript,1405,,data/analysis_ready_en/2025/2025_LBR.json
2025,LBY,Libya,accepted,automatic_transcript,1177,,data/analysis_ready_en/2025/2025_LBY.json
2025,LCA,Saint Lucia,accepted,automatic_transcript,2675,,data/analysis_ready_en/2025/2025_LCA.json
2025,LIE,Liechtenstein,accepted,automatic_transcript,1840,,data/analysis_ready_en/2025/2025_LIE.json
2025,LKA,Sri Lanka,accepted,automatic_transcript,1921,,data/analysis_ready_en/2025/2025_LKA.json
2025,LSO,Lesotho,accepted,automatic_transcript,1942,,data/analysis_ready_en/2025/2025_LSO.json
2025,LTU,Lithuania,accepted,automatic_transcript,1535,,data/analysis_ready_en/2025/2025_LTU.json
2025,LUX,Luxembourg,accepted,automatic_transcript,972,,data/analysis_ready_en/2025/2025_LUX.json
2025,LVA,Latvia,accepted,automatic_transcript,1424,,data/analysis_ready_en/2025/2025_LVA.json
2025,MAR,Morocco,accepted,automatic_transcript,1946,,data/analysis_ready_en/2025/2025_MAR.json
2025,MCO,Monaco,accepted,automatic_transcript,1488,,data/analysis_ready_en/2025/2025_MCO.json
2025,MDA,Republic of Moldova,accepted,automatic_transcript,796,,data/analysis_ready_en/2025/2025_MDA.json
2025,MDG,Madagascar,accepted,automatic_transcript,2870,,data/analysis_ready_en/2025/2025_MDG.json
2025,MDV,Maldives,accepted,automatic_transcript,1514,,data/analysis_ready_en/2025/2025_MDV.json
2025,MEX,Mexico,accepted,automatic_transcript,1846,,data/analysis_ready_en/2025/2025_MEX.json
2025,MHL,Marshall Islands,accepted,automatic_transcript,1848,,data/analysis_ready_en/2025/2025_MHL.json
2025,MKD,North Macedonia,accepted,automatic_transcript,1890,,data/analysis_ready_en/2025/2025_MKD.json
2025,MLI,Mali,accepted,automatic_transcript,3921,,data/analysis_ready_en/2025/2025_MLI.json
2025,MLT,Malta,accepted,automatic_transcript,3399,,data/analysis_ready_en/2025/2025_MLT.json
2025,MMR,Myanmar,not_obtained_or_no_main_address,,0,not_an_AI_negative; participation_roster_required,
2025,MNE,Montenegro,accepted,automatic_transcript,1849,,data/analysis_ready_en/2025/2025_MNE.json
2025,MNG,Mongolia,accepted,automatic_transcript,2462,,data/analysis_ready_en/2025/2025_MNG.json
2025,MOZ,Mozambique,accepted,automatic_transcript,2118,,data/analysis_ready_en/2025/2025_MOZ.json
2025,MRT,Mauritania,accepted,automatic_transcript,1663,,data/analysis_ready_en/2025/2025_MRT.json
2025,MUS,Mauritius,accepted,automatic_transcript,1676,,data/analysis_ready_en/2025/2025_MUS.json
2025,MWI,Malawi,accepted,automatic_transcript,1912,,data/analysis_ready_en/2025/2025_MWI.json
2025,MYS,Malaysia,accepted,automatic_transcript,1432,,data/analysis_ready_en/2025/2025_MYS.json
2025,NAM,Namibia,accepted,automatic_transcript,1694,,data/analysis_ready_en/2025/2025_NAM.json
2025,NER,Niger,accepted,automatic_transcript,3632,,data/analysis_ready_en/2025/2025_NER.json
2025,NGA,Nigeria,accepted,automatic_transcript,2529,,data/analysis_ready_en/2025/2025_NGA.json
2025,NIC,Nicaragua,accepted,automatic_transcript,1402,,data/analysis_ready_en/2025/2025_NIC.json
2025,NLD,Netherlands,accepted,automatic_transcript,1541,,data/analysis_ready_en/2025/2025_NLD.json
2025,NOR,Norway,accepted,automatic_transcript,1812,,data/analysis_ready_en/2025/2025_NOR.json
2025,NPL,Nepal,accepted,automatic_transcript,2155,,data/analysis_ready_en/2025/2025_NPL.json
2025,NRU,Naoero,accepted,automatic_transcript,1569,,data/analysis_ready_en/2025/2025_NRU.json
2025,NZL,New Zealand,accepted,automatic_transcript,1779,,data/analysis_ready_en/2025/2025_NZL.json
2025,OMN,Oman,accepted,automatic_transcript,1121,,data/analysis_ready_en/2025/2025_OMN.json
2025,PAK,Pakistan,accepted,automatic_transcript,2436,,data/analysis_ready_en/2025/2025_PAK.json
2025,PAN,Panama,accepted,automatic_transcript,1697,,data/analysis_ready_en/2025/2025_PAN.json
2025,PER,Peru,accepted,automatic_transcript,2285,,data/analysis_ready_en/2025/2025_PER.json
2025,PHL,Philippines,accepted,automatic_transcript,1945,,data/analysis_ready_en/2025/2025_PHL.json
2025,PLW,Palau,accepted,automatic_transcript,1380,,data/analysis_ready_en/2025/2025_PLW.json
2025,PNG,Papua New Guinea,accepted,automatic_transcript,2057,,data/analysis_ready_en/2025/2025_PNG.json
2025,POL,Poland,accepted,automatic_transcript,2978,,data/analysis_ready_en/2025/2025_POL.json
2025,PRK,Democratic People's Republic of Korea,accepted,automatic_transcript,1784,,data/analysis_ready_en/2025/2025_PRK.json
2025,PRT,Portugal,accepted,automatic_transcript,1881,,data/analysis_ready_en/2025/2025_PRT.json
2025,PRY,Paraguay,accepted,automatic_transcript,3268,,data/analysis_ready_en/2025/2025_PRY.json
2025,QAT,Qatar,accepted,automatic_transcript,1834,,data/analysis_ready_en/2025/2025_QAT.json
2025,ROU,Romania,accepted,automatic_transcript,2346,,data/analysis_ready_en/2025/2025_ROU.json
2025,RUS,Russian Federation,accepted,automatic_transcript,2941,,data/analysis_ready_en/2025/2025_RUS.json
2025,RWA,Rwanda,accepted,automatic_transcript,1753,,data/analysis_ready_en/2025/2025_RWA.json
2025,SAU,Saudi Arabia,accepted,automatic_transcript,2775,,data/analysis_ready_en/2025/2025_SAU.json
2025,SDN,Sudan,accepted,automatic_transcript,1889,,data/analysis_ready_en/2025/2025_SDN.json
2025,SEN,Senegal,accepted,automatic_transcript,1337,,data/analysis_ready_en/2025/2025_SEN.json
2025,SGP,Singapore,accepted,automatic_transcript,1957,,data/analysis_ready_en/2025/2025_SGP.json
2025,SLB,Solomon Islands,accepted,automatic_transcript,3315,,data/analysis_ready_en/2025/2025_SLB.json
2025,SLE,Sierra Leone,accepted,automatic_transcript,2099,,data/analysis_ready_en/2025/2025_SLE.json
2025,SLV,El Salvador,not_obtained_or_no_main_address,,0,not_an_AI_negative; participation_roster_required,
2025,SMR,San Marino,accepted,automatic_transcript,2702,,data/analysis_ready_en/2025/2025_SMR.json
2025,SOM,Somalia,accepted,automatic_transcript,1732,,data/analysis_ready_en/2025/2025_SOM.json
2025,SRB,Serbia,accepted,automatic_transcript,3500,,data/analysis_ready_en/2025/2025_SRB.json
2025,SSD,South Sudan,accepted,automatic_transcript,3085,,data/analysis_ready_en/2025/2025_SSD.json
2025,STP,Sao Tome and Principe,accepted,automatic_transcript,2356,,data/analysis_ready_en/2025/2025_STP.json
2025,SUR,Suriname,accepted,automatic_transcript,2070,,data/analysis_ready_en/2025/2025_SUR.json
2025,SVK,Slovakia,accepted,automatic_transcript,1541,,data/analysis_ready_en/2025/2025_SVK.json
2025,SVN,Slovenia,accepted,automatic_transcript,1852,,data/analysis_ready_en/2025/2025_SVN.json
2025,SWE,Sweden,accepted,automatic_transcript,1596,,data/analysis_ready_en/2025/2025_SWE.json
2025,SWZ,Eswatini,accepted,automatic_transcript,1633,,data/analysis_ready_en/2025/2025_SWZ.json
2025,SYC,Seychelles,not_obtained_or_no_main_address,,0,not_an_AI_negative; participation_roster_required,
2025,SYR,Syrian Arab Republic,accepted,automatic_transcript,1060,,data/analysis_ready_en/2025/2025_SYR.json
2025,TCD,Chad,accepted,automatic_transcript,3506,,data/analysis_ready_en/2025/2025_TCD.json
2025,TGO,Togo,accepted,automatic_transcript,3152,,data/analysis_ready_en/2025/2025_TGO.json
2025,THA,Thailand,accepted,automatic_transcript,2465,,data/analysis_ready_en/2025/2025_THA.json
2025,TJK,Tajikistan,accepted,automatic_transcript,1573,,data/analysis_ready_en/2025/2025_TJK.json
2025,TKM,Turkmenistan,accepted,automatic_transcript,1554,,data/analysis_ready_en/2025/2025_TKM.json
2025,TLS,Timor-Leste,accepted,automatic_transcript,2719,,data/analysis_ready_en/2025/2025_TLS.json
2025,TON,Tonga,accepted,automatic_transcript,1962,,data/analysis_ready_en/2025/2025_TON.json
2025,TTO,Trinidad and Tobago,accepted,automatic_transcript,2023,,data/analysis_ready_en/2025/2025_TTO.json
2025,TUN,Tunisia,accepted,automatic_transcript,3055,,data/analysis_ready_en/2025/2025_TUN.json
2025,TUR,Türkiye,accepted,automatic_transcript,3763,,data/analysis_ready_en/2025/2025_TUR.json
2025,TUV,Tuvalu,accepted,automatic_transcript,3094,,data/analysis_ready_en/2025/2025_TUV.json
2025,TZA,United Republic of Tanzania,accepted,automatic_transcript,1457,,data/analysis_ready_en/2025/2025_TZA.json
2025,UGA,Uganda,accepted,automatic_transcript,1386,,data/analysis_ready_en/2025/2025_UGA.json
2025,UKR,Ukraine,accepted,automatic_transcript,2183,,data/analysis_ready_en/2025/2025_UKR.json
2025,URY,Uruguay,accepted,automatic_transcript,1648,,data/analysis_ready_en/2025/2025_URY.json
2025,USA,United States of America,accepted,automatic_transcript,8161,,data/analysis_ready_en/2025/2025_USA.json
2025,UZB,Uzbekistan,accepted,automatic_transcript,1631,,data/analysis_ready_en/2025/2025_UZB.json
2025,VCT,Saint Vincent and the Grenadines,accepted,automatic_transcript,1779,,data/analysis_ready_en/2025/2025_VCT.json
2025,VEN,Venezuela (Bolivarian Republic of),accepted,automatic_transcript,1999,,data/analysis_ready_en/2025/2025_VEN.json
2025,VNM,Viet Nam,accepted,automatic_transcript,1466,,data/analysis_ready_en/2025/2025_VNM.json
2025,VUT,Vanuatu,accepted,automatic_transcript,1573,,data/analysis_ready_en/2025/2025_VUT.json
2025,WSM,Samoa,accepted,automatic_transcript,1961,,data/analysis_ready_en/2025/2025_WSM.json
2025,YEM,Yemen,accepted,automatic_transcript,1653,,data/analysis_ready_en/2025/2025_YEM.json
2025,ZAF,South Africa,accepted,automatic_transcript,2223,,data/analysis_ready_en/2025/2025_ZAF.json
2025,ZMB,Zambia,accepted,automatic_transcript,2037,,data/analysis_ready_en/2025/2025_ZMB.json
2025,ZWE,Zimbabwe,accepted,automatic_transcript,1779,,data/analysis_ready_en/2025/2025_ZWE.json
2026,AFG,Afghanistan,not_obtained_or_no_main_address,,0,not_an_AI_negative; participation_roster_required,
2026,AGO,Angola,accepted,automatic_transcript,2474,,data/analysis_ready_en/2026/2026_AGO.json
2026,ALB,Albania,accepted,automatic_transcript,2274,,data/analysis_ready_en/2026/2026_ALB.json
2026,AND,Andorra,accepted,automatic_transcript,2190,,data/analysis_ready_en/2026/2026_AND.json
2026,ARE,United Arab Emirates,accepted,automatic_transcript,1491,,data/analysis_ready_en/2026/2026_ARE.json
2026,ARG,Argentina,accepted,automatic_transcript,3024,,data/analysis_ready_en/2026/2026_ARG.json
2026,ARM,Armenia,accepted,automatic_transcript,1828,,data/analysis_ready_en/2026/2026_ARM.json
2026,ATG,Antigua and Barbuda,accepted,automatic_transcript,2317,,data/analysis_ready_en/2026/2026_ATG.json
2026,AUS,Australia,accepted,automatic_transcript,2300,,data/analysis_ready_en/2026/2026_AUS.json
2026,AUT,Austria,accepted,automatic_transcript,1616,,data/analysis_ready_en/2026/2026_AUT.json
2026,AZE,Azerbaijan,accepted,automatic_transcript,2103,,data/analysis_ready_en/2026/2026_AZE.json
2026,BDI,Burundi,accepted,automatic_transcript,2701,,data/analysis_ready_en/2026/2026_BDI.json
2026,BEL,Belgium,accepted,automatic_transcript,2936,,data/analysis_ready_en/2026/2026_BEL.json
2026,BEN,Benin,accepted,automatic_transcript,2237,,data/analysis_ready_en/2026/2026_BEN.json
2026,BFA,Burkina Faso,accepted,automatic_transcript,3405,,data/analysis_ready_en/2026/2026_BFA.json
2026,BGD,Bangladesh,accepted,automatic_transcript,2256,,data/analysis_ready_en/2026/2026_BGD.json
2026,BGR,Bulgaria,accepted,automatic_transcript,1865,,data/analysis_ready_en/2026/2026_BGR.json
2026,BHR,Bahrain,accepted,automatic_transcript,2457,,data/analysis_ready_en/2026/2026_BHR.json
2026,BHS,Bahamas (The),accepted,automatic_transcript,2308,,data/analysis_ready_en/2026/2026_BHS.json
2026,BIH,Bosnia and Herzegovina,accepted,automatic_transcript,1505,,data/analysis_ready_en/2026/2026_BIH.json
2026,BLR,Belarus,accepted,automatic_transcript,2600,,data/analysis_ready_en/2026/2026_BLR.json
2026,BLZ,Belize,accepted,automatic_transcript,2363,,data/analysis_ready_en/2026/2026_BLZ.json
2026,BOL,Bolivia (Plurinational State of),accepted,automatic_transcript,2475,,data/analysis_ready_en/2026/2026_BOL.json
2026,BRA,Brazil,accepted,automatic_transcript,2449,,data/analysis_ready_en/2026/2026_BRA.json
2026,BRB,Barbados,accepted,automatic_transcript,4246,,data/analysis_ready_en/2026/2026_BRB.json
2026,BRN,Brunei Darussalam,accepted,automatic_transcript,1393,,data/analysis_ready_en/2026/2026_BRN.json
2026,BTN,Bhutan,accepted,automatic_transcript,1796,,data/analysis_ready_en/2026/2026_BTN.json
2026,BWA,Botswana,accepted,automatic_transcript,1745,,data/analysis_ready_en/2026/2026_BWA.json
2026,CAF,Central African Republic,accepted,automatic_transcript,1567,,data/analysis_ready_en/2026/2026_CAF.json
2026,CAN,Canada,accepted,automatic_transcript,2030,,data/analysis_ready_en/2026/2026_CAN.json
2026,CHE,Switzerland,accepted,automatic_transcript,1599,,data/analysis_ready_en/2026/2026_CHE.json
2026,CHL,Chile,accepted,automatic_transcript,2606,,data/analysis_ready_en/2026/2026_CHL.json
2026,CHN,China,accepted,automatic_transcript,1370,,data/analysis_ready_en/2026/2026_CHN.json
2026,CIV,Côte d'Ivoire,accepted,automatic_transcript,1771,,data/analysis_ready_en/2026/2026_CIV.json
2026,CMR,Cameroon,accepted,automatic_transcript,1301,,data/analysis_ready_en/2026/2026_CMR.json
2026,COD,Democratic Republic of the Congo,accepted,automatic_transcript,3590,,data/analysis_ready_en/2026/2026_COD.json
2026,COG,Congo,accepted,automatic_transcript,2139,,data/analysis_ready_en/2026/2026_COG.json
2026,COL,Colombia,accepted,automatic_transcript,2780,,data/analysis_ready_en/2026/2026_COL.json
2026,COM,Comoros,accepted,automatic_transcript,1673,,data/analysis_ready_en/2026/2026_COM.json
2026,CPV,Cabo Verde,accepted,automatic_transcript,1321,,data/analysis_ready_en/2026/2026_CPV.json
2026,CRI,Costa Rica,accepted,automatic_transcript,1181,,data/analysis_ready_en/2026/2026_CRI.json
2026,CUB,Cuba,accepted,automatic_transcript,2314,,data/analysis_ready_en/2026/2026_CUB.json
2026,CYP,Cyprus,accepted,automatic_transcript,2122,,data/analysis_ready_en/2026/2026_CYP.json
2026,CZE,Czechia,accepted,automatic_transcript,1352,,data/analysis_ready_en/2026/2026_CZE.json
2026,DEU,Germany,accepted,automatic_transcript,1699,,data/analysis_ready_en/2026/2026_DEU.json
2026,DJI,Djibouti,accepted,automatic_transcript,1660,,data/analysis_ready_en/2026/2026_DJI.json
2026,DMA,Dominica,accepted,automatic_transcript,2487,,data/analysis_ready_en/2026/2026_DMA.json
2026,DNK,Denmark,accepted,automatic_transcript,1538,,data/analysis_ready_en/2026/2026_DNK.json
2026,DOM,Dominican Republic,accepted,automatic_transcript,1721,,data/analysis_ready_en/2026/2026_DOM.json
2026,DZA,Algeria,accepted,automatic_transcript,2937,,data/analysis_ready_en/2026/2026_DZA.json
2026,ECU,Ecuador,accepted,automatic_transcript,1269,,data/analysis_ready_en/2026/2026_ECU.json
2026,EGY,Egypt,accepted,automatic_transcript,2520,,data/analysis_ready_en/2026/2026_EGY.json
2026,ERI,Eritrea,accepted,automatic_transcript,807,,data/analysis_ready_en/2026/2026_ERI.json
2026,ESP,Spain,accepted,automatic_transcript,2271,,data/analysis_ready_en/2026/2026_ESP.json
2026,EST,Estonia,accepted,automatic_transcript,2415,,data/analysis_ready_en/2026/2026_EST.json
2026,ETH,Ethiopia,accepted,automatic_transcript,1488,,data/analysis_ready_en/2026/2026_ETH.json
2026,FIN,Finland,accepted,automatic_transcript,2462,,data/analysis_ready_en/2026/2026_FIN.json
2026,FJI,Fiji,accepted,automatic_transcript,2403,,data/analysis_ready_en/2026/2026_FJI.json
2026,FRA,France,accepted,automatic_transcript,4212,,data/analysis_ready_en/2026/2026_FRA.json
2026,FSM,Micronesia (Federated States of),accepted,automatic_transcript,1780,,data/analysis_ready_en/2026/2026_FSM.json
2026,GAB,Gabon,accepted,automatic_transcript,1181,,data/analysis_ready_en/2026/2026_GAB.json
2026,GBR,United Kingdom of Great Britain and Northern Ireland,accepted,automatic_transcript,3013,,data/analysis_ready_en/2026/2026_GBR.json
2026,GEO,Georgia,accepted,automatic_transcript,1139,,data/analysis_ready_en/2026/2026_GEO.json
2026,GHA,Ghana,accepted,automatic_transcript,3222,,data/analysis_ready_en/2026/2026_GHA.json
2026,GIN,Guinea,accepted,automatic_transcript,1073,,data/analysis_ready_en/2026/2026_GIN.json
2026,GMB,Gambia,accepted,automatic_transcript,3140,,data/analysis_ready_en/2026/2026_GMB.json
2026,GNB,Guinea-Bissau,accepted,automatic_transcript,1052,,data/analysis_ready_en/2026/2026_GNB.json
2026,GNQ,Equatorial Guinea,accepted,automatic_transcript,891,,data/analysis_ready_en/2026/2026_GNQ.json
2026,GRC,Greece,accepted,automatic_transcript,2837,,data/analysis_ready_en/2026/2026_GRC.json
2026,GRD,Grenada,accepted,automatic_transcript,1822,,data/analysis_ready_en/2026/2026_GRD.json
2026,GTM,Guatemala,accepted,automatic_transcript,1835,,data/analysis_ready_en/2026/2026_GTM.json
2026,GUY,Guyana,accepted,automatic_transcript,2646,,data/analysis_ready_en/2026/2026_GUY.json
2026,HND,Honduras,accepted,automatic_transcript,1511,,data/analysis_ready_en/2026/2026_HND.json
2026,HRV,Croatia,accepted,automatic_transcript,1952,,data/analysis_ready_en/2026/2026_HRV.json
2026,HTI,Haiti,accepted,automatic_transcript,3071,,data/analysis_ready_en/2026/2026_HTI.json
2026,HUN,Hungary,accepted,automatic_transcript,1218,,data/analysis_ready_en/2026/2026_HUN.json
2026,IDN,Indonesia,accepted,automatic_transcript,1819,,data/analysis_ready_en/2026/2026_IDN.json
2026,IND,India,accepted,automatic_transcript,1668,,data/analysis_ready_en/2026/2026_IND.json
2026,IRL,Ireland,accepted,automatic_transcript,2282,,data/analysis_ready_en/2026/2026_IRL.json
2026,IRN,Iran (Islamic Republic of),accepted,automatic_transcript,2047,,data/analysis_ready_en/2026/2026_IRN.json
2026,IRQ,Iraq,accepted,automatic_transcript,1731,,data/analysis_ready_en/2026/2026_IRQ.json
2026,ISL,Iceland,accepted,automatic_transcript,2242,,data/analysis_ready_en/2026/2026_ISL.json
2026,ISR,Israel,accepted,automatic_transcript,4020,,data/analysis_ready_en/2026/2026_ISR.json
2026,ITA,Italy,accepted,automatic_transcript,2205,,data/analysis_ready_en/2026/2026_ITA.json
2026,JAM,Jamaica,accepted,automatic_transcript,2185,,data/analysis_ready_en/2026/2026_JAM.json
2026,JOR,Jordan,accepted,automatic_transcript,1816,,data/analysis_ready_en/2026/2026_JOR.json
2026,JPN,Japan,accepted,automatic_transcript,2833,,data/analysis_ready_en/2026/2026_JPN.json
2026,KAZ,Kazakhstan,accepted,automatic_transcript,2050,,data/analysis_ready_en/2026/2026_KAZ.json
2026,KEN,Kenya,accepted,automatic_transcript,2953,,data/analysis_ready_en/2026/2026_KEN.json
2026,KGZ,Kyrgyzstan,accepted,automatic_transcript,2721,,data/analysis_ready_en/2026/2026_KGZ.json
2026,KHM,Cambodia,accepted,automatic_transcript,1484,,data/analysis_ready_en/2026/2026_KHM.json
2026,KIR,Kiribati,accepted,automatic_transcript,1553,,data/analysis_ready_en/2026/2026_KIR.json
2026,KNA,Saint Kitts and Nevis,accepted,automatic_transcript,2273,,data/analysis_ready_en/2026/2026_KNA.json
2026,KOR,Republic of Korea,accepted,automatic_transcript,2273,,data/analysis_ready_en/2026/2026_KOR.json
2026,KWT,Kuwait,accepted,automatic_transcript,2377,,data/analysis_ready_en/2026/2026_KWT.json
2026,LAO,Lao People's Democratic Republic,accepted,automatic_transcript,1372,,data/analysis_ready_en/2026/2026_LAO.json
2026,LBN,Lebanon,accepted,automatic_transcript,2491,,data/analysis_ready_en/2026/2026_LBN.json
2026,LBR,Liberia,accepted,automatic_transcript,1202,,data/analysis_ready_en/2026/2026_LBR.json
2026,LBY,Libya,accepted,automatic_transcript,2470,,data/analysis_ready_en/2026/2026_LBY.json
2026,LCA,Saint Lucia,accepted,automatic_transcript,1950,,data/analysis_ready_en/2026/2026_LCA.json
2026,LIE,Liechtenstein,accepted,automatic_transcript,2055,,data/analysis_ready_en/2026/2026_LIE.json
2026,LKA,Sri Lanka,accepted,automatic_transcript,2272,,data/analysis_ready_en/2026/2026_LKA.json
2026,LSO,Lesotho,accepted,automatic_transcript,1724,,data/analysis_ready_en/2026/2026_LSO.json
2026,LTU,Lithuania,accepted,automatic_transcript,1421,,data/analysis_ready_en/2026/2026_LTU.json
2026,LUX,Luxembourg,accepted,automatic_transcript,2082,,data/analysis_ready_en/2026/2026_LUX.json
2026,LVA,Latvia,accepted,automatic_transcript,1397,,data/analysis_ready_en/2026/2026_LVA.json
2026,MAR,Morocco,accepted,automatic_transcript,2231,,data/analysis_ready_en/2026/2026_MAR.json
2026,MCO,Monaco,accepted,automatic_transcript,1932,,data/analysis_ready_en/2026/2026_MCO.json
2026,MDA,Republic of Moldova,accepted,automatic_transcript,1634,,data/analysis_ready_en/2026/2026_MDA.json
2026,MDG,Madagascar,accepted,automatic_transcript,2210,,data/analysis_ready_en/2026/2026_MDG.json
2026,MDV,Maldives,accepted,automatic_transcript,1811,,data/analysis_ready_en/2026/2026_MDV.json
2026,MEX,Mexico,accepted,automatic_transcript,1777,,data/analysis_ready_en/2026/2026_MEX.json
2026,MHL,Marshall Islands,accepted,automatic_transcript,2026,,data/analysis_ready_en/2026/2026_MHL.json
2026,MKD,North Macedonia,accepted,automatic_transcript,3178,,data/analysis_ready_en/2026/2026_MKD.json
2026,MLI,Mali,accepted,automatic_transcript,2611,,data/analysis_ready_en/2026/2026_MLI.json
2026,MLT,Malta,accepted,automatic_transcript,2986,,data/analysis_ready_en/2026/2026_MLT.json
2026,MMR,Myanmar,not_obtained_or_no_main_address,,0,not_an_AI_negative; participation_roster_required,
2026,MNE,Montenegro,accepted,automatic_transcript,2442,,data/analysis_ready_en/2026/2026_MNE.json
2026,MNG,Mongolia,accepted,automatic_transcript,2918,,data/analysis_ready_en/2026/2026_MNG.json
2026,MOZ,Mozambique,accepted,automatic_transcript,2351,,data/analysis_ready_en/2026/2026_MOZ.json
2026,MRT,Mauritania,accepted,automatic_transcript,2076,,data/analysis_ready_en/2026/2026_MRT.json
2026,MUS,Mauritius,accepted,automatic_transcript,2238,,data/analysis_ready_en/2026/2026_MUS.json
2026,MWI,Malawi,accepted,automatic_transcript,2021,,data/analysis_ready_en/2026/2026_MWI.json
2026,MYS,Malaysia,accepted,automatic_transcript,1452,,data/analysis_ready_en/2026/2026_MYS.json
2026,NAM,Namibia,accepted,automatic_transcript,1898,,data/analysis_ready_en/2026/2026_NAM.json
2026,NER,Niger,accepted,automatic_transcript,3304,,data/analysis_ready_en/2026/2026_NER.json
2026,NGA,Nigeria,accepted,automatic_transcript,1674,,data/analysis_ready_en/2026/2026_NGA.json
2026,NIC,Nicaragua,accepted,automatic_transcript,574,,data/analysis_ready_en/2026/2026_NIC.json
2026,NLD,Netherlands,accepted,automatic_transcript,1957,,data/analysis_ready_en/2026/2026_NLD.json
2026,NOR,Norway,accepted,automatic_transcript,2296,,data/analysis_ready_en/2026/2026_NOR.json
2026,NPL,Nepal,accepted,automatic_transcript,1775,,data/analysis_ready_en/2026/2026_NPL.json
2026,NRU,Naoero,accepted,automatic_transcript,2274,,data/analysis_ready_en/2026/2026_NRU.json
2026,NZL,New Zealand,accepted,automatic_transcript,2586,,data/analysis_ready_en/2026/2026_NZL.json
2026,OMN,Oman,accepted,automatic_transcript,926,,data/analysis_ready_en/2026/2026_OMN.json
2026,PAK,Pakistan,accepted,automatic_transcript,2066,,data/analysis_ready_en/2026/2026_PAK.json
2026,PAN,Panama,accepted,automatic_transcript,2153,,data/analysis_ready_en/2026/2026_PAN.json
2026,PER,Peru,accepted,automatic_transcript,1911,,data/analysis_ready_en/2026/2026_PER.json
2026,PHL,Philippines,accepted,automatic_transcript,1531,,data/analysis_ready_en/2026/2026_PHL.json
2026,PLW,Palau,accepted,automatic_transcript,1599,,data/analysis_ready_en/2026/2026_PLW.json
2026,PNG,Papua New Guinea,accepted,automatic_transcript,3203,,data/analysis_ready_en/2026/2026_PNG.json
2026,POL,Poland,accepted,automatic_transcript,3444,,data/analysis_ready_en/2026/2026_POL.json
2026,PRK,Democratic People's Republic of Korea,accepted,automatic_transcript,2008,,data/analysis_ready_en/2026/2026_PRK.json
2026,PRT,Portugal,accepted,automatic_transcript,1268,,data/analysis_ready_en/2026/2026_PRT.json
2026,PRY,Paraguay,accepted,automatic_transcript,3203,,data/analysis_ready_en/2026/2026_PRY.json
2026,QAT,Qatar,accepted,automatic_transcript,2163,,data/analysis_ready_en/2026/2026_QAT.json
2026,ROU,Romania,accepted,automatic_transcript,1481,,data/analysis_ready_en/2026/2026_ROU.json
2026,RUS,Russian Federation,accepted,automatic_transcript,2199,,data/analysis_ready_en/2026/2026_RUS.json
2026,RWA,Rwanda,accepted,automatic_transcript,657,,data/analysis_ready_en/2026/2026_RWA.json
2026,SAU,Saudi Arabia,accepted,automatic_transcript,1772,,data/analysis_ready_en/2026/2026_SAU.json
2026,SDN,Sudan,accepted,automatic_transcript,2352,,data/analysis_ready_en/2026/2026_SDN.json
2026,SEN,Senegal,accepted,automatic_transcript,1704,,data/analysis_ready_en/2026/2026_SEN.json
2026,SGP,Singapore,accepted,automatic_transcript,2602,,data/analysis_ready_en/2026/2026_SGP.json
2026,SLB,Solomon Islands,accepted,automatic_transcript,3334,,data/analysis_ready_en/2026/2026_SLB.json
2026,SLE,Sierra Leone,accepted,automatic_transcript,2043,,data/analysis_ready_en/2026/2026_SLE.json
2026,SLV,El Salvador,accepted,automatic_transcript,2063,,data/analysis_ready_en/2026/2026_SLV.json
2026,SMR,San Marino,accepted,automatic_transcript,2493,,data/analysis_ready_en/2026/2026_SMR.json
2026,SOM,Somalia,accepted,automatic_transcript,2380,,data/analysis_ready_en/2026/2026_SOM.json
2026,SRB,Serbia,accepted,automatic_transcript,3086,,data/analysis_ready_en/2026/2026_SRB.json
2026,SSD,South Sudan,accepted,automatic_transcript,2873,,data/analysis_ready_en/2026/2026_SSD.json
2026,STP,Sao Tome and Principe,accepted,automatic_transcript,1836,,data/analysis_ready_en/2026/2026_STP.json
2026,SUR,Suriname,accepted,automatic_transcript,1594,,data/analysis_ready_en/2026/2026_SUR.json
2026,SVK,Slovakia,accepted,automatic_transcript,1338,,data/analysis_ready_en/2026/2026_SVK.json
2026,SVN,Slovenia,accepted,automatic_transcript,1997,,data/analysis_ready_en/2026/2026_SVN.json
2026,SWE,Sweden,accepted,automatic_transcript,1534,,data/analysis_ready_en/2026/2026_SWE.json
2026,SWZ,Eswatini,accepted,automatic_transcript,2106,,data/analysis_ready_en/2026/2026_SWZ.json
2026,SYC,Seychelles,accepted,automatic_transcript,1252,,data/analysis_ready_en/2026/2026_SYC.json
2026,SYR,Syrian Arab Republic,accepted,automatic_transcript,1045,,data/analysis_ready_en/2026/2026_SYR.json
2026,TCD,Chad,accepted,automatic_transcript,1616,,data/analysis_ready_en/2026/2026_TCD.json
2026,TGO,Togo,accepted,automatic_transcript,1877,,data/analysis_ready_en/2026/2026_TGO.json
2026,THA,Thailand,accepted,automatic_transcript,1656,,data/analysis_ready_en/2026/2026_THA.json
2026,TJK,Tajikistan,accepted,automatic_transcript,1696,,data/analysis_ready_en/2026/2026_TJK.json
2026,TKM,Turkmenistan,accepted,automatic_transcript,1588,,data/analysis_ready_en/2026/2026_TKM.json
2026,TLS,Timor-Leste,accepted,automatic_transcript,3079,,data/analysis_ready_en/2026/2026_TLS.json
2026,TON,Tonga,accepted,automatic_transcript,2021,,data/analysis_ready_en/2026/2026_TON.json
2026,TTO,Trinidad and Tobago,accepted,automatic_transcript,1572,,data/analysis_ready_en/2026/2026_TTO.json
2026,TUN,Tunisia,accepted,automatic_transcript,3128,,data/analysis_ready_en/2026/2026_TUN.json
2026,TUR,Türkiye,accepted,automatic_transcript,3642,,data/analysis_ready_en/2026/2026_TUR.json
2026,TUV,Tuvalu,accepted,automatic_transcript,2281,,data/analysis_ready_en/2026/2026_TUV.json
2026,TZA,United Republic of Tanzania,accepted,automatic_transcript,1887,,data/analysis_ready_en/2026/2026_TZA.json
2026,UGA,Uganda,accepted,automatic_transcript,1216,,data/analysis_ready_en/2026/2026_UGA.json
2026,UKR,Ukraine,accepted,automatic_transcript,3052,,data/analysis_ready_en/2026/2026_UKR.json
2026,URY,Uruguay,accepted,automatic_transcript,1875,,data/analysis_ready_en/2026/2026_URY.json
2026,USA,United States of America,accepted,automatic_transcript,5203,,data/analysis_ready_en/2026/2026_USA.json
2026,UZB,Uzbekistan,accepted,automatic_transcript,1189,,data/analysis_ready_en/2026/2026_UZB.json
2026,VCT,Saint Vincent and the Grenadines,accepted,automatic_transcript,2248,,data/analysis_ready_en/2026/2026_VCT.json
2026,VEN,Venezuela (Bolivarian Republic of),accepted,automatic_transcript,2592,,data/analysis_ready_en/2026/2026_VEN.json
2026,VNM,Viet Nam,accepted,automatic_transcript,1734,,data/analysis_ready_en/2026/2026_VNM.json
2026,VUT,Vanuatu,accepted,automatic_transcript,3918,,data/analysis_ready_en/2026/2026_VUT.json
2026,WSM,Samoa,accepted,automatic_transcript,1557,,data/analysis_ready_en/2026/2026_WSM.json
2026,YEM,Yemen,accepted,automatic_transcript,2284,,data/analysis_ready_en/2026/2026_YEM.json
2026,ZAF,South Africa,accepted,automatic_transcript,1981,,data/analysis_ready_en/2026/2026_ZAF.json
2026,ZMB,Zambia,accepted,automatic_transcript,2266,,data/analysis_ready_en/2026/2026_ZMB.json
2026,ZWE,Zimbabwe,accepted,automatic_transcript,1764,,data/analysis_ready_en/2026/2026_ZWE.json
