speech_id,source_type,origin_file,speaker_name,word_count,segmentation_method
2017_AFG,official_transcript,data/unga_general_debate_verbatim_en/UNGA72_2017/A_72_PV_6_EN.pdf,President Ahmadzai,1869,bold_speaker_and_official_introduction
2017_AGO,official_transcript,data/unga_general_debate_verbatim_en/UNGA72_2017/A_72_PV_23_EN.pdf,Mr. Martins,1782,bold_speaker_and_official_introduction
2017_ALB,official_transcript,data/unga_general_debate_verbatim_en/UNGA72_2017/A_72_PV_15_EN.pdf,Mr. Rama,2069,bold_speaker_and_official_introduction
2017_AND,official_transcript,data/unga_general_debate_verbatim_en/UNGA72_2017/A_72_PV_17_EN.pdf,Mr. Martí Petit,2588,bold_speaker_and_official_introduction
2017_ARE,official_transcript,data/unga_general_debate_verbatim_en/UNGA72_2017/A_72_PV_18_EN.pdf,Sheikh Al Nahyan,2188,bold_speaker_and_official_introduction
2017_ARG,official_transcript,data/unga_general_debate_verbatim_en/UNGA72_2017/A_72_PV_9_EN.pdf,Ms. Michetti Illia,2265,bold_speaker_and_official_introduction
2017_ARM,official_transcript,data/unga_general_debate_verbatim_en/UNGA72_2017/A_72_PV_5_EN.pdf,President Sargsyan,1669,bold_speaker_and_official_introduction
2017_ATG,official_transcript,data/unga_general_debate_verbatim_en/UNGA72_2017/A_72_PV_14_EN.pdf,Mr. Browne,2339,bold_speaker_and_official_introduction
2017_AUS,official_transcript,data/unga_general_debate_verbatim_en/UNGA72_2017/A_72_PV_16_EN.pdf,Ms. Bishop,1681,bold_speaker_and_official_introduction
2017_AUT,official_transcript,data/unga_general_debate_verbatim_en/UNGA72_2017/A_72_PV_6_EN.pdf,Mr. Kurz,1317,bold_speaker_and_official_introduction
2017_AZE,official_transcript,data/unga_general_debate_verbatim_en/UNGA72_2017/A_72_PV_7_EN.pdf,President Aliyev,1868,bold_speaker_and_official_introduction
2017_BDI,official_transcript,data/unga_general_debate_verbatim_en/UNGA72_2017/A_72_PV_21_EN.pdf,Mr. Nyamitwe,1790,bold_speaker_and_official_introduction
2017_BEL,official_transcript,data/unga_general_debate_verbatim_en/UNGA72_2017/A_72_PV_15_EN.pdf,Mr. Michel,1882,bold_speaker_and_official_introduction
2017_BEN,official_transcript,data/unga_general_debate_verbatim_en/UNGA72_2017/A_72_PV_18_EN.pdf,Mr. Agbenonci,1180,bold_speaker_and_official_introduction
2017_BFA,official_transcript,data/unga_general_debate_verbatim_en/UNGA72_2017/A_72_PV_11_EN.pdf,President Kaboré,1765,bold_speaker_and_official_introduction
2017_BGD,official_transcript,data/unga_general_debate_verbatim_en/UNGA72_2017/A_72_PV_14_EN.pdf,Sheikh Hasina,1696,bold_speaker_and_official_introduction
2017_BGR,official_transcript,data/unga_general_debate_verbatim_en/UNGA72_2017/A_72_PV_7_EN.pdf,President Radev,1697,bold_speaker_and_official_introduction
2017_BHR,official_transcript,data/unga_general_debate_verbatim_en/UNGA72_2017/A_72_PV_20_EN.pdf,Sheikh Al-Khalifa,3706,bold_speaker_and_official_introduction
2017_BHS,official_transcript,data/unga_general_debate_verbatim_en/UNGA72_2017/A_72_PV_20_EN.pdf,Mr. Henfield,2404,bold_speaker_and_official_introduction
2017_BIH,official_transcript,data/unga_general_debate_verbatim_en/UNGA72_2017/A_72_PV_7_EN.pdf,President Čović,2265,bold_speaker_and_official_introduction
2017_BLR,official_transcript,data/unga_general_debate_verbatim_en/UNGA72_2017/A_72_PV_14_EN.pdf,Mr. Makei,1717,bold_speaker_and_official_introduction
2017_BLZ,official_transcript,data/unga_general_debate_verbatim_en/UNGA72_2017/A_72_PV_18_EN.pdf,Mr. Elrington,2643,bold_speaker_and_official_introduction
2017_BOL,official_transcript,data/unga_general_debate_verbatim_en/UNGA72_2017/A_72_PV_6_EN.pdf,President Morales Ayma,2213,bold_speaker_and_official_introduction
2017_BRA,official_transcript,data/unga_general_debate_verbatim_en/UNGA72_2017/A_72_PV_3_EN.pdf,President Temer,2020,bold_speaker_and_official_introduction
2017_BRB,official_transcript,data/unga_general_debate_verbatim_en/UNGA72_2017/A_72_PV_18_EN.pdf,Ms. McClean,2646,bold_speaker_and_official_introduction
2017_BRN,official_transcript,data/unga_general_debate_verbatim_en/UNGA72_2017/A_72_PV_18_EN.pdf,Mr. Seng,1390,bold_speaker_and_official_introduction
2017_BTN,official_transcript,data/unga_general_debate_verbatim_en/UNGA72_2017/A_72_PV_15_EN.pdf,Mr. Tobgay,1792,bold_speaker_and_official_introduction
2017_BWA,official_transcript,data/unga_general_debate_verbatim_en/UNGA72_2017/A_72_PV_12_EN.pdf,Mr. Masisi,2519,bold_speaker_and_official_introduction
2017_CAF,official_transcript,data/unga_general_debate_verbatim_en/UNGA72_2017/A_72_PV_15_EN.pdf,President Touadera,2622,bold_speaker_and_official_introduction
2017_CAN,official_transcript,data/unga_general_debate_verbatim_en/UNGA72_2017/A_72_PV_12_EN.pdf,Mr. Trudeau,3273,bold_speaker_and_official_introduction
2017_CHE,official_transcript,data/unga_general_debate_verbatim_en/UNGA72_2017/A_72_PV_3_EN.pdf,Ms. Leuthard,1264,bold_speaker_and_official_introduction
2017_CHL,official_transcript,data/unga_general_debate_verbatim_en/UNGA72_2017/A_72_PV_9_EN.pdf,President Bachelet Jeria,2553,bold_speaker_and_official_introduction
2017_CHN,official_transcript,data/unga_general_debate_verbatim_en/UNGA72_2017/A_72_PV_12_EN.pdf,Mr. Wang Yi,2408,bold_speaker_and_official_introduction
2017_CIV,official_transcript,data/unga_general_debate_verbatim_en/UNGA72_2017/A_72_PV_8_EN.pdf,President Ouattara,1546,bold_speaker_and_official_introduction
2017_CMR,official_transcript,data/unga_general_debate_verbatim_en/UNGA72_2017/A_72_PV_15_EN.pdf,President Biya,1213,bold_speaker_and_official_introduction
2017_COD,official_transcript,data/unga_general_debate_verbatim_en/UNGA72_2017/A_72_PV_19_EN.pdf,President Kabila Kabange,1479,bold_speaker_and_official_introduction
2017_COG,official_transcript,data/unga_general_debate_verbatim_en/UNGA72_2017/A_72_PV_9_EN.pdf,President Sassou Nguesso,1324,bold_speaker_and_official_introduction
2017_COL,official_transcript,data/unga_general_debate_verbatim_en/UNGA72_2017/A_72_PV_4_EN.pdf,President Santos Calderón,1731,bold_speaker_and_official_introduction
2017_COM,official_transcript,data/unga_general_debate_verbatim_en/UNGA72_2017/A_72_PV_13_EN.pdf,President Assoumani,2060,bold_speaker_and_official_introduction
2017_CPV,official_transcript,data/unga_general_debate_verbatim_en/UNGA72_2017/A_72_PV_15_EN.pdf,Mr. Silva,1756,bold_speaker_and_official_introduction
2017_CRI,official_transcript,data/unga_general_debate_verbatim_en/UNGA72_2017/A_72_PV_5_EN.pdf,President Solís Rivera,5007,bold_speaker_and_official_introduction
2017_CUB,official_transcript,data/unga_general_debate_verbatim_en/UNGA72_2017/A_72_PV_16_EN.pdf,Mr. Rodríguez Parrilla,3620,bold_speaker_and_official_introduction
2017_CYP,official_transcript,data/unga_general_debate_verbatim_en/UNGA72_2017/A_72_PV_11_EN.pdf,President Anastasiades,2311,bold_speaker_and_official_introduction
2017_CZE,official_transcript,data/unga_general_debate_verbatim_en/UNGA72_2017/A_72_PV_3_EN.pdf,President Zeman,636,bold_speaker_and_official_introduction
2017_DEU,official_transcript,data/unga_general_debate_verbatim_en/UNGA72_2017/A_72_PV_12_EN.pdf,Mr. Gabriel,2612,bold_speaker_and_official_introduction
2017_DJI,official_transcript,data/unga_general_debate_verbatim_en/UNGA72_2017/A_72_PV_19_EN.pdf,Mr. Youssouf,1479,bold_speaker_and_official_introduction
2017_DMA,official_transcript,data/unga_general_debate_verbatim_en/UNGA72_2017/A_72_PV_19_EN.pdf,Mr. Skerrit,1685,bold_speaker_and_official_introduction
2017_DNK,official_transcript,data/unga_general_debate_verbatim_en/UNGA72_2017/A_72_PV_14_EN.pdf,Ms. Tørnæs,1701,bold_speaker_and_official_introduction
2017_DOM,official_transcript,data/unga_general_debate_verbatim_en/UNGA72_2017/A_72_PV_10_EN.pdf,Mr. Vargas Maldonado,1266,bold_speaker_and_official_introduction
2017_DZA,official_transcript,data/unga_general_debate_verbatim_en/UNGA72_2017/A_72_PV_16_EN.pdf,Mr. Messahel,1774,bold_speaker_and_official_introduction
2017_ECU,official_transcript,data/unga_general_debate_verbatim_en/UNGA72_2017/A_72_PV_9_EN.pdf,President Moreno Garcés,1684,bold_speaker_and_official_introduction
2017_EGY,official_transcript,data/unga_general_debate_verbatim_en/UNGA72_2017/A_72_PV_5_EN.pdf,President Al Sisi,2732,bold_speaker_and_official_introduction
2017_ERI,official_transcript,data/unga_general_debate_verbatim_en/UNGA72_2017/A_72_PV_21_EN.pdf,Mr. Saleh,1139,bold_speaker_and_official_introduction
2017_ESP,official_transcript,data/unga_general_debate_verbatim_en/UNGA72_2017/A_72_PV_14_EN.pdf,Mr. Dastis Quecedo,2191,bold_speaker_and_official_introduction
2017_EST,official_transcript,data/unga_general_debate_verbatim_en/UNGA72_2017/A_72_PV_6_EN.pdf,President Kaljulaid,2033,bold_speaker_and_official_introduction
2017_ETH,official_transcript,data/unga_general_debate_verbatim_en/UNGA72_2017/A_72_PV_17_EN.pdf,Mr. Desalegn,1509,bold_speaker_and_official_introduction
2017_FIN,official_transcript,data/unga_general_debate_verbatim_en/UNGA72_2017/A_72_PV_7_EN.pdf,President Niinistö,1283,bold_speaker_and_official_introduction
2017_FJI,official_transcript,data/unga_general_debate_verbatim_en/UNGA72_2017/A_72_PV_10_EN.pdf,Mr. Bainimarama,2290,bold_speaker_and_official_introduction
2017_FRA,official_transcript,data/unga_general_debate_verbatim_en/UNGA72_2017/A_72_PV_4_EN.pdf,President Macron,4568,bold_speaker_and_official_introduction
2017_FSM,official_transcript,data/unga_general_debate_verbatim_en/UNGA72_2017/A_72_PV_19_EN.pdf,Mr. George,1541,bold_speaker_and_official_introduction
2017_GAB,official_transcript,data/unga_general_debate_verbatim_en/UNGA72_2017/A_72_PV_11_EN.pdf,President Bongo Ondimba,1814,bold_speaker_and_official_introduction
2017_GBR,official_transcript,data/unga_general_debate_verbatim_en/UNGA72_2017/A_72_PV_8_EN.pdf,Mrs. May,3275,bold_speaker_and_official_introduction
2017_GEO,official_transcript,data/unga_general_debate_verbatim_en/UNGA72_2017/A_72_PV_14_EN.pdf,Mr. Kvirikashvili,2017,bold_speaker_and_official_introduction
2017_GHA,official_transcript,data/unga_general_debate_verbatim_en/UNGA72_2017/A_72_PV_11_EN.pdf,President Akufo-Addo,1575,bold_speaker_and_official_introduction
2017_GIN,official_transcript,data/unga_general_debate_verbatim_en/UNGA72_2017/A_72_PV_3_EN.pdf,President Condé,1789,bold_speaker_and_official_introduction
2017_GMB,official_transcript,data/unga_general_debate_verbatim_en/UNGA72_2017/A_72_PV_6_EN.pdf,President Barrow,1693,bold_speaker_and_official_introduction
2017_GNB,official_transcript,data/unga_general_debate_verbatim_en/UNGA72_2017/A_72_PV_14_EN.pdf,Mr. Embaló,1743,bold_speaker_and_official_introduction
2017_GNQ,official_transcript,data/unga_general_debate_verbatim_en/UNGA72_2017/A_72_PV_13_EN.pdf,President Obiang Nguema Mbasogo,1382,bold_speaker_and_official_introduction
2017_GRC,official_transcript,data/unga_general_debate_verbatim_en/UNGA72_2017/A_72_PV_18_EN.pdf,Mr. Kotzias,1716,bold_speaker_and_official_introduction
2017_GRD,official_transcript,data/unga_general_debate_verbatim_en/UNGA72_2017/A_72_PV_22_EN.pdf,Mr. Nimrod,1605,bold_speaker_and_official_introduction
2017_GTM,official_transcript,data/unga_general_debate_verbatim_en/UNGA72_2017/A_72_PV_6_EN.pdf,President Morales,1904,bold_speaker_and_official_introduction
2017_GUY,official_transcript,data/unga_general_debate_verbatim_en/UNGA72_2017/A_72_PV_7_EN.pdf,President Granger,1618,bold_speaker_and_official_introduction
2017_HND,official_transcript,data/unga_general_debate_verbatim_en/UNGA72_2017/A_72_PV_6_EN.pdf,President Hernández Alvarado,1605,bold_speaker_and_official_introduction
2017_HRV,official_transcript,data/unga_general_debate_verbatim_en/UNGA72_2017/A_72_PV_12_EN.pdf,Mr. Plenković,2136,bold_speaker_and_official_introduction
2017_HTI,official_transcript,data/unga_general_debate_verbatim_en/UNGA72_2017/A_72_PV_11_EN.pdf,President Moïse,2486,bold_speaker_and_official_introduction
2017_HUN,official_transcript,data/unga_general_debate_verbatim_en/UNGA72_2017/A_72_PV_16_EN.pdf,Mr. Szijjártó,1714,bold_speaker_and_official_introduction
2017_IDN,official_transcript,data/unga_general_debate_verbatim_en/UNGA72_2017/A_72_PV_13_EN.pdf,Mr. Kalla,1470,bold_speaker_and_official_introduction
2017_IND,official_transcript,data/unga_general_debate_verbatim_en/UNGA72_2017/A_72_PV_19_EN.pdf,Ms. Swaraj,2548,bold_speaker_and_official_introduction
2017_IRL,official_transcript,data/unga_general_debate_verbatim_en/UNGA72_2017/A_72_PV_20_EN.pdf,Mr. Coveney,3301,bold_speaker_and_official_introduction
2017_IRN,official_transcript,data/unga_general_debate_verbatim_en/UNGA72_2017/A_72_PV_7_EN.pdf,President Rouhani,2047,bold_speaker_and_official_introduction
2017_IRQ,official_transcript,data/unga_general_debate_verbatim_en/UNGA72_2017/A_72_PV_20_EN.pdf,Mr. Al-Jafari,2801,bold_speaker_and_official_introduction
2017_ISL,official_transcript,data/unga_general_debate_verbatim_en/UNGA72_2017/A_72_PV_16_EN.pdf,Mr. Thórdarson,1696,bold_speaker_and_official_introduction
2017_ISR,official_transcript,data/unga_general_debate_verbatim_en/UNGA72_2017/A_72_PV_4_EN.pdf,Mr. Netanyahu,2448,bold_speaker_and_official_introduction
2017_ITA,official_transcript,data/unga_general_debate_verbatim_en/UNGA72_2017/A_72_PV_8_EN.pdf,Mr. Gentiloni Silveri,2349,bold_speaker_and_official_introduction
2017_JAM,official_transcript,data/unga_general_debate_verbatim_en/UNGA72_2017/A_72_PV_21_EN.pdf,Ms. Smith,2521,bold_speaker_and_official_introduction
2017_JOR,official_transcript,data/unga_general_debate_verbatim_en/UNGA72_2017/A_72_PV_13_EN.pdf,Crown Prince Abdullah II,1462,bold_speaker_and_official_introduction
2017_JPN,official_transcript,data/unga_general_debate_verbatim_en/UNGA72_2017/A_72_PV_8_EN.pdf,Mr. Abe,1730,bold_speaker_and_official_introduction
2017_KAZ,official_transcript,data/unga_general_debate_verbatim_en/UNGA72_2017/A_72_PV_14_EN.pdf,Mr. Abdrakhmanov,2823,bold_speaker_and_official_introduction
2017_KEN,official_transcript,data/unga_general_debate_verbatim_en/UNGA72_2017/A_72_PV_16_EN.pdf,Ms. Mohamed,2103,bold_speaker_and_official_introduction
2017_KGZ,official_transcript,data/unga_general_debate_verbatim_en/UNGA72_2017/A_72_PV_7_EN.pdf,President Atambaev,2552,bold_speaker_and_official_introduction
2017_KHM,official_transcript,data/unga_general_debate_verbatim_en/UNGA72_2017/A_72_PV_17_EN.pdf,Mr. Sokhonn,1627,bold_speaker_and_official_introduction
2017_KIR,official_transcript,data/unga_general_debate_verbatim_en/UNGA72_2017/A_72_PV_15_EN.pdf,President Maamau,2256,bold_speaker_and_official_introduction
2017_KNA,official_transcript,data/unga_general_debate_verbatim_en/UNGA72_2017/A_72_PV_22_EN.pdf,Mr. Brantley,2700,bold_speaker_and_official_introduction
2017_KOR,official_transcript,data/unga_general_debate_verbatim_en/UNGA72_2017/A_72_PV_11_EN.pdf,President Moon,2578,bold_speaker_and_official_introduction
2017_KWT,official_transcript,data/unga_general_debate_verbatim_en/UNGA72_2017/A_72_PV_10_EN.pdf,Sheikh Al Sabah,2274,bold_speaker_and_official_introduction
2017_LAO,official_transcript,data/unga_general_debate_verbatim_en/UNGA72_2017/A_72_PV_20_EN.pdf,Mr. Kommasith,1699,bold_speaker_and_official_introduction
2017_LBN,official_transcript,data/unga_general_debate_verbatim_en/UNGA72_2017/A_72_PV_11_EN.pdf,President Aoun,1998,bold_speaker_and_official_introduction
2017_LBR,official_transcript,data/unga_general_debate_verbatim_en/UNGA72_2017/A_72_PV_4_EN.pdf,President Johnson-Sirleaf,1602,bold_speaker_and_official_introduction
2017_LBY,official_transcript,data/unga_general_debate_verbatim_en/UNGA72_2017/A_72_PV_10_EN.pdf,President Serraj,1612,bold_speaker_and_official_introduction
2017_LCA,official_transcript,data/unga_general_debate_verbatim_en/UNGA72_2017/A_72_PV_16_EN.pdf,Mr. Chastanet,2007,bold_speaker_and_official_introduction
2017_LIE,official_transcript,data/unga_general_debate_verbatim_en/UNGA72_2017/A_72_PV_18_EN.pdf,Ms. Frick,1758,bold_speaker_and_official_introduction
2017_LKA,official_transcript,data/unga_general_debate_verbatim_en/UNGA72_2017/A_72_PV_6_EN.pdf,President Sirisena,1466,bold_speaker_and_official_introduction
2017_LSO,official_transcript,data/unga_general_debate_verbatim_en/UNGA72_2017/A_72_PV_17_EN.pdf,Mr. Thabane,2479,bold_speaker_and_official_introduction
2017_LTU,official_transcript,data/unga_general_debate_verbatim_en/UNGA72_2017/A_72_PV_4_EN.pdf,President Grybauskaitė,537,bold_speaker_and_official_introduction
2017_LUX,official_transcript,data/unga_general_debate_verbatim_en/UNGA72_2017/A_72_PV_14_EN.pdf,Mr. Asselborn,2827,bold_speaker_and_official_introduction
2017_LVA,official_transcript,data/unga_general_debate_verbatim_en/UNGA72_2017/A_72_PV_9_EN.pdf,President Vējonis,1723,bold_speaker_and_official_introduction
2017_MAR,official_transcript,data/unga_general_debate_verbatim_en/UNGA72_2017/A_72_PV_10_EN.pdf,Mr. Bourita,1741,bold_speaker_and_official_introduction
2017_MCO,official_transcript,data/unga_general_debate_verbatim_en/UNGA72_2017/A_72_PV_5_EN.pdf,Prince Albert,1719,bold_speaker_and_official_introduction
2017_MDA,official_transcript,data/unga_general_debate_verbatim_en/UNGA72_2017/A_72_PV_15_EN.pdf,Mr. Filip,1630,bold_speaker_and_official_introduction
2017_MDG,official_transcript,data/unga_general_debate_verbatim_en/UNGA72_2017/A_72_PV_10_EN.pdf,President Rajaonarimampianina Rakotoarimanana,1856,bold_speaker_and_official_introduction
2017_MDV,official_transcript,data/unga_general_debate_verbatim_en/UNGA72_2017/A_72_PV_21_EN.pdf,Mr. Asim,3185,bold_speaker_and_official_introduction
2017_MEX,official_transcript,data/unga_general_debate_verbatim_en/UNGA72_2017/A_72_PV_12_EN.pdf,Mr. Videgaray Caso,2293,bold_speaker_and_official_introduction
2017_MHL,official_transcript,data/unga_general_debate_verbatim_en/UNGA72_2017/A_72_PV_21_EN.pdf,Mr. Silk,2089,bold_speaker_and_official_introduction
2017_MKD,official_transcript,data/unga_general_debate_verbatim_en/UNGA72_2017/A_72_PV_17_EN.pdf,Mr. Zaev,1722,bold_speaker_and_official_introduction
2017_MLI,official_transcript,data/unga_general_debate_verbatim_en/UNGA72_2017/A_72_PV_5_EN.pdf,President Keita,2614,bold_speaker_and_official_introduction
2017_MLT,official_transcript,data/unga_general_debate_verbatim_en/UNGA72_2017/A_72_PV_15_EN.pdf,Mr. Muscat,1247,bold_speaker_and_official_introduction
2017_MMR,official_transcript,data/unga_general_debate_verbatim_en/UNGA72_2017/A_72_PV_10_EN.pdf,Mr. Van Thio,1797,bold_speaker_and_official_introduction
2017_MNE,official_transcript,data/unga_general_debate_verbatim_en/UNGA72_2017/A_72_PV_9_EN.pdf,President Vujanović,1338,bold_speaker_and_official_introduction
2017_MNG,official_transcript,data/unga_general_debate_verbatim_en/UNGA72_2017/A_72_PV_18_EN.pdf,Mr. Munkh-Orgil,2026,bold_speaker_and_official_introduction
2017_MOZ,official_transcript,data/unga_general_debate_verbatim_en/UNGA72_2017/A_72_PV_23_EN.pdf,Mr. Gumende,2627,bold_speaker_and_official_introduction
2017_MRT,official_transcript,data/unga_general_debate_verbatim_en/UNGA72_2017/A_72_PV_6_EN.pdf,Mr. Bih,1491,bold_speaker_and_official_introduction
2017_MUS,official_transcript,data/unga_general_debate_verbatim_en/UNGA72_2017/A_72_PV_14_EN.pdf,Mr. Jugnauth,2072,bold_speaker_and_official_introduction
2017_MWI,official_transcript,data/unga_general_debate_verbatim_en/UNGA72_2017/A_72_PV_10_EN.pdf,President Mutharika,1355,bold_speaker_and_official_introduction
2017_MYS,official_transcript,data/unga_general_debate_verbatim_en/UNGA72_2017/A_72_PV_18_EN.pdf,Mr. Aman,1690,bold_speaker_and_official_introduction
2017_NAM,official_transcript,data/unga_general_debate_verbatim_en/UNGA72_2017/A_72_PV_9_EN.pdf,President Geingob,1616,bold_speaker_and_official_introduction
2017_NER,official_transcript,data/unga_general_debate_verbatim_en/UNGA72_2017/A_72_PV_22_EN.pdf,Mr. Yacoubou,2265,bold_speaker_and_official_introduction
2017_NGA,official_transcript,data/unga_general_debate_verbatim_en/UNGA72_2017/A_72_PV_3_EN.pdf,President Buhari,1004,bold_speaker_and_official_introduction
2017_NIC,official_transcript,data/unga_general_debate_verbatim_en/UNGA72_2017/A_72_PV_23_EN.pdf,Mrs. Rubiales de Chamorro,1927,bold_speaker_and_official_introduction
2017_NLD,official_transcript,data/unga_general_debate_verbatim_en/UNGA72_2017/A_72_PV_8_EN.pdf,Mr. Rutte,2018,bold_speaker_and_official_introduction
2017_NOR,official_transcript,data/unga_general_debate_verbatim_en/UNGA72_2017/A_72_PV_23_EN.pdf,Mr. Hattrem,1664,bold_speaker_and_official_introduction
2017_NPL,official_transcript,data/unga_general_debate_verbatim_en/UNGA72_2017/A_72_PV_19_EN.pdf,Mr. Deuba,2192,bold_speaker_and_official_introduction
2017_NRU,official_transcript,data/unga_general_debate_verbatim_en/UNGA72_2017/A_72_PV_10_EN.pdf,President Waqa,1888,bold_speaker_and_official_introduction
2017_NZL,official_transcript,data/unga_general_debate_verbatim_en/UNGA72_2017/A_72_PV_23_EN.pdf,Mr. Hawke,1459,bold_speaker_and_official_introduction
2017_OMN,official_transcript,data/unga_general_debate_verbatim_en/UNGA72_2017/A_72_PV_21_EN.pdf,Mr. Abdallah,1160,bold_speaker_and_official_introduction
2017_PAK,official_transcript,data/unga_general_debate_verbatim_en/UNGA72_2017/A_72_PV_14_EN.pdf,Mr. Abbasi,2311,bold_speaker_and_official_introduction
2017_PAN,official_transcript,data/unga_general_debate_verbatim_en/UNGA72_2017/A_72_PV_7_EN.pdf,President Varela Rodríguez,2065,bold_speaker_and_official_introduction
2017_PER,official_transcript,data/unga_general_debate_verbatim_en/UNGA72_2017/A_72_PV_23_EN.pdf,Mr. Meza-Cuadra,860,bold_speaker_and_official_introduction
2017_PHL,official_transcript,data/unga_general_debate_verbatim_en/UNGA72_2017/A_72_PV_20_EN.pdf,Mr. Cayetano,3639,bold_speaker_and_official_introduction
2017_PLW,official_transcript,data/unga_general_debate_verbatim_en/UNGA72_2017/A_72_PV_13_EN.pdf,President Remengesau,1759,bold_speaker_and_official_introduction
2017_PNG,official_transcript,data/unga_general_debate_verbatim_en/UNGA72_2017/A_72_PV_19_EN.pdf,Mr. O’Neill,1695,bold_speaker_and_official_introduction
2017_POL,official_transcript,data/unga_general_debate_verbatim_en/UNGA72_2017/A_72_PV_5_EN.pdf,President Duda,2236,bold_speaker_and_official_introduction
2017_PRK,official_transcript,data/unga_general_debate_verbatim_en/UNGA72_2017/A_72_PV_20_EN.pdf,Mr. Ri Yong Ho,3066,bold_speaker_and_official_introduction
2017_PRT,official_transcript,data/unga_general_debate_verbatim_en/UNGA72_2017/A_72_PV_8_EN.pdf,Mr. Da Costa,1952,bold_speaker_and_official_introduction
2017_PRY,official_transcript,data/unga_general_debate_verbatim_en/UNGA72_2017/A_72_PV_7_EN.pdf,President Cartes Jara,2291,bold_speaker_and_official_introduction
2017_QAT,official_transcript,data/unga_general_debate_verbatim_en/UNGA72_2017/A_72_PV_4_EN.pdf,Sheikh Al-Thani,2964,bold_speaker_and_official_introduction
2017_ROU,official_transcript,data/unga_general_debate_verbatim_en/UNGA72_2017/A_72_PV_10_EN.pdf,President Iohannis,1118,bold_speaker_and_official_introduction
2017_RUS,official_transcript,data/unga_general_debate_verbatim_en/UNGA72_2017/A_72_PV_12_EN.pdf,Mr. Lavrov,2843,bold_speaker_and_official_introduction
2017_RWA,official_transcript,data/unga_general_debate_verbatim_en/UNGA72_2017/A_72_PV_7_EN.pdf,President Kagame,539,bold_speaker_and_official_introduction
2017_SAU,official_transcript,data/unga_general_debate_verbatim_en/UNGA72_2017/A_72_PV_20_EN.pdf,Mr. Al-Jubeir,1001,bold_speaker_and_official_introduction
2017_SDN,official_transcript,data/unga_general_debate_verbatim_en/UNGA72_2017/A_72_PV_21_EN.pdf,Mr. Ghandour,2323,bold_speaker_and_official_introduction
2017_SEN,official_transcript,data/unga_general_debate_verbatim_en/UNGA72_2017/A_72_PV_10_EN.pdf,President Sall,1188,bold_speaker_and_official_introduction
2017_SGP,official_transcript,data/unga_general_debate_verbatim_en/UNGA72_2017/A_72_PV_20_EN.pdf,Mr. Balakrishnan,1991,bold_speaker_and_official_introduction
2017_SLB,official_transcript,data/unga_general_debate_verbatim_en/UNGA72_2017/A_72_PV_17_EN.pdf,Mr. Sogavare,3133,bold_speaker_and_official_introduction
2017_SLE,official_transcript,data/unga_general_debate_verbatim_en/UNGA72_2017/A_72_PV_18_EN.pdf,Mr. Kamara,2511,bold_speaker_and_official_introduction
2017_SLV,official_transcript,data/unga_general_debate_verbatim_en/UNGA72_2017/A_72_PV_13_EN.pdf,President Sánchez Cerén,1486,bold_speaker_and_official_introduction
2017_SMR,official_transcript,data/unga_general_debate_verbatim_en/UNGA72_2017/A_72_PV_18_EN.pdf,Mr. Renzi,2367,bold_speaker_and_official_introduction
2017_SOM,official_transcript,data/unga_general_debate_verbatim_en/UNGA72_2017/A_72_PV_17_EN.pdf,Mr. Khayre,1807,bold_speaker_and_official_introduction
2017_SRB,official_transcript,data/unga_general_debate_verbatim_en/UNGA72_2017/A_72_PV_11_EN.pdf,President Vučić,2146,bold_speaker_and_official_introduction
2017_SSD,official_transcript,data/unga_general_debate_verbatim_en/UNGA72_2017/A_72_PV_19_EN.pdf,Mr. Gai,2333,bold_speaker_and_official_introduction
2017_STP,official_transcript,data/unga_general_debate_verbatim_en/UNGA72_2017/A_72_PV_13_EN.pdf,President Carvalho,2285,bold_speaker_and_official_introduction
2017_SUR,official_transcript,data/unga_general_debate_verbatim_en/UNGA72_2017/A_72_PV_21_EN.pdf,Ms. Pollack-Beighle,2817,bold_speaker_and_official_introduction
2017_SVK,official_transcript,data/unga_general_debate_verbatim_en/UNGA72_2017/A_72_PV_3_EN.pdf,President Kiska,1503,bold_speaker_and_official_introduction
2017_SVN,official_transcript,data/unga_general_debate_verbatim_en/UNGA72_2017/A_72_PV_12_EN.pdf,Mr. Cerar,1517,bold_speaker_and_official_introduction
2017_SWE,official_transcript,data/unga_general_debate_verbatim_en/UNGA72_2017/A_72_PV_16_EN.pdf,Ms. Wallström,2289,bold_speaker_and_official_introduction
2017_SWZ,official_transcript,data/unga_general_debate_verbatim_en/UNGA72_2017/A_72_PV_10_EN.pdf,King Mswati III,1758,bold_speaker_and_official_introduction
2017_SYC,official_transcript,data/unga_general_debate_verbatim_en/UNGA72_2017/A_72_PV_12_EN.pdf,President Faure,1397,bold_speaker_and_official_introduction
2017_SYR,official_transcript,data/unga_general_debate_verbatim_en/UNGA72_2017/A_72_PV_19_EN.pdf,Mr. Al-Moualem,2377,bold_speaker_and_official_introduction
2017_TCD,official_transcript,data/unga_general_debate_verbatim_en/UNGA72_2017/A_72_PV_21_EN.pdf,Mr. Mahamat,1695,bold_speaker_and_official_introduction
2017_TGO,official_transcript,data/unga_general_debate_verbatim_en/UNGA72_2017/A_72_PV_14_EN.pdf,Mr. Klassou,2503,bold_speaker_and_official_introduction
2017_THA,official_transcript,data/unga_general_debate_verbatim_en/UNGA72_2017/A_72_PV_16_EN.pdf,Mr. Pramudwinai,1518,bold_speaker_and_official_introduction
2017_TJK,official_transcript,data/unga_general_debate_verbatim_en/UNGA72_2017/A_72_PV_4_EN.pdf,President Rahmon,1867,bold_speaker_and_official_introduction
2017_TKM,official_transcript,data/unga_general_debate_verbatim_en/UNGA72_2017/A_72_PV_23_EN.pdf,Mrs. Ataeva,1344,bold_speaker_and_official_introduction
2017_TLS,official_transcript,data/unga_general_debate_verbatim_en/UNGA72_2017/A_72_PV_23_EN.pdf,Ms. Pires,1992,bold_speaker_and_official_introduction
2017_TON,official_transcript,data/unga_general_debate_verbatim_en/UNGA72_2017/A_72_PV_17_EN.pdf,King Tupou VI,1735,bold_speaker_and_official_introduction
2017_TTO,official_transcript,data/unga_general_debate_verbatim_en/UNGA72_2017/A_72_PV_21_EN.pdf,Mr. Moses,2114,bold_speaker_and_official_introduction
2017_TUN,official_transcript,data/unga_general_debate_verbatim_en/UNGA72_2017/A_72_PV_16_EN.pdf,Mr. Jhinaoui,1755,bold_speaker_and_official_introduction
2017_TUR,official_transcript,data/unga_general_debate_verbatim_en/UNGA72_2017/A_72_PV_4_EN.pdf,President Erdoğan,2751,bold_speaker_and_official_introduction
2017_TUV,official_transcript,data/unga_general_debate_verbatim_en/UNGA72_2017/A_72_PV_13_EN.pdf,Mr. Sopoaga,2763,bold_speaker_and_official_introduction
2017_TZA,official_transcript,data/unga_general_debate_verbatim_en/UNGA72_2017/A_72_PV_22_EN.pdf,Mr. Mahiga,2190,bold_speaker_and_official_introduction
2017_UGA,official_transcript,data/unga_general_debate_verbatim_en/UNGA72_2017/A_72_PV_5_EN.pdf,President Museveni,909,bold_speaker_and_official_introduction
2017_UKR,official_transcript,data/unga_general_debate_verbatim_en/UNGA72_2017/A_72_PV_8_EN.pdf,President Poroshenko,2635,bold_speaker_and_official_introduction
2017_URY,official_transcript,data/unga_general_debate_verbatim_en/UNGA72_2017/A_72_PV_23_EN.pdf,Mr. Nin Novoa,2620,bold_speaker_and_official_introduction
2017_USA,official_transcript,data/unga_general_debate_verbatim_en/UNGA72_2017/A_72_PV_3_EN.pdf,President Trump,4575,bold_speaker_and_official_introduction
2017_UZB,official_transcript,data/unga_general_debate_verbatim_en/UNGA72_2017/A_72_PV_5_EN.pdf,President Mirziyoyev,1989,bold_speaker_and_official_introduction
2017_VCT,official_transcript,data/unga_general_debate_verbatim_en/UNGA72_2017/A_72_PV_17_EN.pdf,Sir Louis,2438,bold_speaker_and_official_introduction
2017_VEN,official_transcript,data/unga_general_debate_verbatim_en/UNGA72_2017/A_72_PV_23_EN.pdf,Mr. Arreaza,3454,bold_speaker_and_official_introduction
2017_VNM,official_transcript,data/unga_general_debate_verbatim_en/UNGA72_2017/A_72_PV_15_EN.pdf,Mr. Pham Binh Minh,1492,bold_speaker_and_official_introduction
2017_VUT,official_transcript,data/unga_general_debate_verbatim_en/UNGA72_2017/A_72_PV_14_EN.pdf,Mr. Tabimasmas,2537,bold_speaker_and_official_introduction
2017_WSM,official_transcript,data/unga_general_debate_verbatim_en/UNGA72_2017/A_72_PV_12_EN.pdf,Mr. Malielegaoi,2610,bold_speaker_and_official_introduction
2017_YEM,official_transcript,data/unga_general_debate_verbatim_en/UNGA72_2017/A_72_PV_11_EN.pdf,President Mansour,1982,bold_speaker_and_official_introduction
2017_ZAF,official_transcript,data/unga_general_debate_verbatim_en/UNGA72_2017/A_72_PV_9_EN.pdf,President Zuma,1819,bold_speaker_and_official_introduction
2017_ZMB,official_transcript,data/unga_general_debate_verbatim_en/UNGA72_2017/A_72_PV_4_EN.pdf,President Lungu,1536,bold_speaker_and_official_introduction
2017_ZWE,official_transcript,data/unga_general_debate_verbatim_en/UNGA72_2017/A_72_PV_13_EN.pdf,President Mugabe,1534,bold_speaker_and_official_introduction
2018_AFG,official_transcript,data/unga_general_debate_verbatim_en/UNGA73_2018/A_73_PV_8_EN.pdf,Mr. Abdullah,1928,bold_speaker_and_official_introduction
2018_AGO,official_transcript,data/unga_general_debate_verbatim_en/UNGA73_2018/A_73_PV_8_EN.pdf,President Lourenço,1074,bold_speaker_and_official_introduction
2018_ALB,official_transcript,data/unga_general_debate_verbatim_en/UNGA73_2018/A_73_PV_12_EN.pdf,President Meta,1858,bold_speaker_and_official_introduction
2018_AND,official_transcript,data/unga_general_debate_verbatim_en/UNGA73_2018/A_73_PV_12_EN.pdf,Mr. Martí Petit,2589,bold_speaker_and_official_introduction
2018_ARE,official_transcript,data/unga_general_debate_verbatim_en/UNGA73_2018/A_73_PV_14_EN.pdf,Sheikh Al Nahyan,1967,bold_speaker_and_official_introduction
2018_ARG,official_transcript,data/unga_general_debate_verbatim_en/UNGA73_2018/A_73_PV_7_EN.pdf,President Macri,1158,bold_speaker_and_official_introduction
2018_ARM,official_transcript,data/unga_general_debate_verbatim_en/UNGA73_2018/A_73_PV_7_EN.pdf,Mr. Pashinyan,1760,bold_speaker_and_official_introduction
2018_ATG,official_transcript,data/unga_general_debate_verbatim_en/UNGA73_2018/A_73_PV_13_EN.pdf,Mr. Browne,3156,bold_speaker_and_official_introduction
2018_AUS,official_transcript,data/unga_general_debate_verbatim_en/UNGA73_2018/A_73_PV_13_EN.pdf,Ms. Payne,2207,bold_speaker_and_official_introduction
2018_AUT,official_transcript,data/unga_general_debate_verbatim_en/UNGA73_2018/A_73_PV_14_EN.pdf,Ms. Kneissl,1961,bold_speaker_and_official_introduction
2018_AZE,official_transcript,data/unga_general_debate_verbatim_en/UNGA73_2018/A_73_PV_13_EN.pdf,Mr. Mammadyarov,2424,bold_speaker_and_official_introduction
2018_BDI,official_transcript,data/unga_general_debate_verbatim_en/UNGA73_2018/A_73_PV_14_EN.pdf,Mr. Nibigira,2654,bold_speaker_and_official_introduction
2018_BEL,official_transcript,data/unga_general_debate_verbatim_en/UNGA73_2018/A_73_PV_10_EN.pdf,Mr. Michel,2746,bold_speaker_and_official_introduction
2018_BEN,official_transcript,data/unga_general_debate_verbatim_en/UNGA73_2018/A_73_PV_16_EN.pdf,Mr. Do Rego,1698,bold_speaker_and_official_introduction
2018_BFA,official_transcript,data/unga_general_debate_verbatim_en/UNGA73_2018/A_73_PV_15_EN.pdf,Mr. Barry,2723,bold_speaker_and_official_introduction
2018_BGD,official_transcript,data/unga_general_debate_verbatim_en/UNGA73_2018/A_73_PV_11_EN.pdf,Sheikh Hasina,2893,bold_speaker_and_official_introduction
2018_BGR,official_transcript,data/unga_general_debate_verbatim_en/UNGA73_2018/A_73_PV_12_EN.pdf,Mr. Borissov,2938,bold_speaker_and_official_introduction
2018_BHR,official_transcript,data/unga_general_debate_verbatim_en/UNGA73_2018/A_73_PV_14_EN.pdf,Shaikh Al-Khalifa,3124,bold_speaker_and_official_introduction
2018_BHS,official_transcript,data/unga_general_debate_verbatim_en/UNGA73_2018/A_73_PV_13_EN.pdf,Mr. Minnis,1295,bold_speaker_and_official_introduction
2018_BIH,official_transcript,data/unga_general_debate_verbatim_en/UNGA73_2018/A_73_PV_7_EN.pdf,President Izetbegović,1891,bold_speaker_and_official_introduction
2018_BLR,official_transcript,data/unga_general_debate_verbatim_en/UNGA73_2018/A_73_PV_16_EN.pdf,Mr. Makei,2147,bold_speaker_and_official_introduction
2018_BLZ,official_transcript,data/unga_general_debate_verbatim_en/UNGA73_2018/A_73_PV_15_EN.pdf,Mr. Elrington,2307,bold_speaker_and_official_introduction
2018_BOL,official_transcript,data/unga_general_debate_verbatim_en/UNGA73_2018/A_73_PV_9_EN.pdf,President Morales Ayma,2140,bold_speaker_and_official_introduction
2018_BRA,official_transcript,data/unga_general_debate_verbatim_en/UNGA73_2018/A_73_PV_6_EN.pdf,President Temer,2122,bold_speaker_and_official_introduction
2018_BRB,official_transcript,data/unga_general_debate_verbatim_en/UNGA73_2018/A_73_PV_13_EN.pdf,Ms. Mottley,2245,bold_speaker_and_official_introduction
2018_BRN,official_transcript,data/unga_general_debate_verbatim_en/UNGA73_2018/A_73_PV_14_EN.pdf,Mr. Yusof,1145,bold_speaker_and_official_introduction
2018_BTN,official_transcript,data/unga_general_debate_verbatim_en/UNGA73_2018/A_73_PV_11_EN.pdf,Mr. Wangchuk,1842,bold_speaker_and_official_introduction
2018_BWA,official_transcript,data/unga_general_debate_verbatim_en/UNGA73_2018/A_73_PV_10_EN.pdf,President Masisi,2041,bold_speaker_and_official_introduction
2018_CAF,official_transcript,data/unga_general_debate_verbatim_en/UNGA73_2018/A_73_PV_9_EN.pdf,President Touadera,1698,bold_speaker_and_official_introduction
2018_CAN,official_transcript,data/unga_general_debate_verbatim_en/UNGA73_2018/A_73_PV_16_EN.pdf,Mr. Blanchard,2277,bold_speaker_and_official_introduction
2018_CHE,official_transcript,data/unga_general_debate_verbatim_en/UNGA73_2018/A_73_PV_7_EN.pdf,President Berset,1559,bold_speaker_and_official_introduction
2018_CHL,official_transcript,data/unga_general_debate_verbatim_en/UNGA73_2018/A_73_PV_10_EN.pdf,President Piñera Echenique,4373,bold_speaker_and_official_introduction
2018_CHN,official_transcript,data/unga_general_debate_verbatim_en/UNGA73_2018/A_73_PV_12_EN.pdf,Mr. Wang Yi,2768,bold_speaker_and_official_introduction
2018_CIV,official_transcript,data/unga_general_debate_verbatim_en/UNGA73_2018/A_73_PV_11_EN.pdf,Mr. Duncan,1402,bold_speaker_and_official_introduction
2018_CMR,official_transcript,data/unga_general_debate_verbatim_en/UNGA73_2018/A_73_PV_11_EN.pdf,Mr. Mbella Mbella,2354,bold_speaker_and_official_introduction
2018_COD,official_transcript,data/unga_general_debate_verbatim_en/UNGA73_2018/A_73_PV_7_EN.pdf,President Kabila Kabange,1231,bold_speaker_and_official_introduction
2018_COG,official_transcript,data/unga_general_debate_verbatim_en/UNGA73_2018/A_73_PV_15_EN.pdf,Mr. Gakosso,1541,bold_speaker_and_official_introduction
2018_COL,official_transcript,data/unga_general_debate_verbatim_en/UNGA73_2018/A_73_PV_8_EN.pdf,President Duque Márquez,1778,bold_speaker_and_official_introduction
2018_COM,official_transcript,data/unga_general_debate_verbatim_en/UNGA73_2018/A_73_PV_11_EN.pdf,President Assoumani,2340,bold_speaker_and_official_introduction
2018_CPV,official_transcript,data/unga_general_debate_verbatim_en/UNGA73_2018/A_73_PV_9_EN.pdf,President Fonseca,1868,bold_speaker_and_official_introduction
2018_CRI,official_transcript,data/unga_general_debate_verbatim_en/UNGA73_2018/A_73_PV_11_EN.pdf,Ms. Campbell Barr,2591,bold_speaker_and_official_introduction
2018_CUB,official_transcript,data/unga_general_debate_verbatim_en/UNGA73_2018/A_73_PV_8_EN.pdf,President Bermúdez,2641,bold_speaker_and_official_introduction
2018_CYP,official_transcript,data/unga_general_debate_verbatim_en/UNGA73_2018/A_73_PV_10_EN.pdf,President Anastasiades,2029,bold_speaker_and_official_introduction
2018_CZE,official_transcript,data/unga_general_debate_verbatim_en/UNGA73_2018/A_73_PV_15_EN.pdf,Mr. Hamáček,1410,bold_speaker_and_official_introduction
2018_DEU,official_transcript,data/unga_general_debate_verbatim_en/UNGA73_2018/A_73_PV_12_EN.pdf,Mr. Maas,2316,bold_speaker_and_official_introduction
2018_DJI,official_transcript,data/unga_general_debate_verbatim_en/UNGA73_2018/A_73_PV_11_EN.pdf,Mr. Youssouf,1449,bold_speaker_and_official_introduction
2018_DMA,official_transcript,data/unga_general_debate_verbatim_en/UNGA73_2018/A_73_PV_15_EN.pdf,Ms. Baron,2467,bold_speaker_and_official_introduction
2018_DNK,official_transcript,data/unga_general_debate_verbatim_en/UNGA73_2018/A_73_PV_12_EN.pdf,Ms. Tørnæs,1628,bold_speaker_and_official_introduction
2018_DOM,official_transcript,data/unga_general_debate_verbatim_en/UNGA73_2018/A_73_PV_7_EN.pdf,President Medina Sánchez,2150,bold_speaker_and_official_introduction
2018_DZA,official_transcript,data/unga_general_debate_verbatim_en/UNGA73_2018/A_73_PV_14_EN.pdf,Mr. Messahel,1833,bold_speaker_and_official_introduction
2018_ECU,official_transcript,data/unga_general_debate_verbatim_en/UNGA73_2018/A_73_PV_6_EN.pdf,President Moreno Garcés,3042,bold_speaker_and_official_introduction
2018_EGY,official_transcript,data/unga_general_debate_verbatim_en/UNGA73_2018/A_73_PV_7_EN.pdf,President Al Sisi,2126,bold_speaker_and_official_introduction
2018_ERI,official_transcript,data/unga_general_debate_verbatim_en/UNGA73_2018/A_73_PV_15_EN.pdf,Mr. Mohammed,1068,bold_speaker_and_official_introduction
2018_ESP,official_transcript,data/unga_general_debate_verbatim_en/UNGA73_2018/A_73_PV_11_EN.pdf,Mr. Sánchez Pérez-Castejón,3763,bold_speaker_and_official_introduction
2018_EST,official_transcript,data/unga_general_debate_verbatim_en/UNGA73_2018/A_73_PV_8_EN.pdf,President Kaljulaid,1824,bold_speaker_and_official_introduction
2018_ETH,official_transcript,data/unga_general_debate_verbatim_en/UNGA73_2018/A_73_PV_11_EN.pdf,Mr. Negewo,1304,bold_speaker_and_official_introduction
2018_FIN,official_transcript,data/unga_general_debate_verbatim_en/UNGA73_2018/A_73_PV_6_EN.pdf,President Niinistö,1207,bold_speaker_and_official_introduction
2018_FJI,official_transcript,data/unga_general_debate_verbatim_en/UNGA73_2018/A_73_PV_12_EN.pdf,Mr. Bainimarama,2194,bold_speaker_and_official_introduction
2018_FRA,official_transcript,data/unga_general_debate_verbatim_en/UNGA73_2018/A_73_PV_6_EN.pdf,President Macron,5588,bold_speaker_and_official_introduction
2018_FSM,official_transcript,data/unga_general_debate_verbatim_en/UNGA73_2018/A_73_PV_11_EN.pdf,President Christian,1466,bold_speaker_and_official_introduction
2018_GAB,official_transcript,data/unga_general_debate_verbatim_en/UNGA73_2018/A_73_PV_16_EN.pdf,Mr. Biang,1838,bold_speaker_and_official_introduction
2018_GBR,official_transcript,data/unga_general_debate_verbatim_en/UNGA73_2018/A_73_PV_8_EN.pdf,Mrs. May,2705,bold_speaker_and_official_introduction
2018_GEO,official_transcript,data/unga_general_debate_verbatim_en/UNGA73_2018/A_73_PV_10_EN.pdf,Mr. Bakhtadze,2263,bold_speaker_and_official_introduction
2018_GHA,official_transcript,data/unga_general_debate_verbatim_en/UNGA73_2018/A_73_PV_8_EN.pdf,President Akufo-Addo,1542,bold_speaker_and_official_introduction
2018_GIN,official_transcript,data/unga_general_debate_verbatim_en/UNGA73_2018/A_73_PV_13_EN.pdf,Mr. Touré,1785,bold_speaker_and_official_introduction
2018_GMB,official_transcript,data/unga_general_debate_verbatim_en/UNGA73_2018/A_73_PV_7_EN.pdf,President Barrow,1732,bold_speaker_and_official_introduction
2018_GNB,official_transcript,data/unga_general_debate_verbatim_en/UNGA73_2018/A_73_PV_11_EN.pdf,President Vaz,1364,bold_speaker_and_official_introduction
2018_GNQ,official_transcript,data/unga_general_debate_verbatim_en/UNGA73_2018/A_73_PV_10_EN.pdf,President Obiang Nguema Mbasogo,1328,bold_speaker_and_official_introduction
2018_GRC,official_transcript,data/unga_general_debate_verbatim_en/UNGA73_2018/A_73_PV_12_EN.pdf,Mr. Tsipras,2039,bold_speaker_and_official_introduction
2018_GRD,official_transcript,data/unga_general_debate_verbatim_en/UNGA73_2018/A_73_PV_15_EN.pdf,Mr. David,1881,bold_speaker_and_official_introduction
2018_GTM,official_transcript,data/unga_general_debate_verbatim_en/UNGA73_2018/A_73_PV_7_EN.pdf,President Morales,2768,bold_speaker_and_official_introduction
2018_GUY,official_transcript,data/unga_general_debate_verbatim_en/UNGA73_2018/A_73_PV_12_EN.pdf,Mr. Greenidge,1918,bold_speaker_and_official_introduction
2018_HND,official_transcript,data/unga_general_debate_verbatim_en/UNGA73_2018/A_73_PV_9_EN.pdf,President Hernández Alvarado,2226,bold_speaker_and_official_introduction
2018_HRV,official_transcript,data/unga_general_debate_verbatim_en/UNGA73_2018/A_73_PV_8_EN.pdf,President Grabar-Kitarović,2793,bold_speaker_and_official_introduction
2018_HTI,official_transcript,data/unga_general_debate_verbatim_en/UNGA73_2018/A_73_PV_10_EN.pdf,President Moïse,2026,bold_speaker_and_official_introduction
2018_HUN,official_transcript,data/unga_general_debate_verbatim_en/UNGA73_2018/A_73_PV_13_EN.pdf,Mr. Szijjártó,1957,bold_speaker_and_official_introduction
2018_IDN,official_transcript,data/unga_general_debate_verbatim_en/UNGA73_2018/A_73_PV_11_EN.pdf,Mr. Kalla,1747,bold_speaker_and_official_introduction
2018_IND,official_transcript,data/unga_general_debate_verbatim_en/UNGA73_2018/A_73_PV_14_EN.pdf,Ms. Swaraj,2383,bold_speaker_and_official_introduction
2018_IRL,official_transcript,data/unga_general_debate_verbatim_en/UNGA73_2018/A_73_PV_13_EN.pdf,Mr. Coveney,3623,bold_speaker_and_official_introduction
2018_IRN,official_transcript,data/unga_general_debate_verbatim_en/UNGA73_2018/A_73_PV_6_EN.pdf,President Rouhani,2398,bold_speaker_and_official_introduction
2018_IRQ,official_transcript,data/unga_general_debate_verbatim_en/UNGA73_2018/A_73_PV_12_EN.pdf,Mr. Al-Jafari,1994,bold_speaker_and_official_introduction
2018_ISL,official_transcript,data/unga_general_debate_verbatim_en/UNGA73_2018/A_73_PV_13_EN.pdf,Mr. Thórdarson,1844,bold_speaker_and_official_introduction
2018_ISR,official_transcript,data/unga_general_debate_verbatim_en/UNGA73_2018/A_73_PV_10_EN.pdf,Mr. Netanyahu,3681,bold_speaker_and_official_introduction
2018_ITA,official_transcript,data/unga_general_debate_verbatim_en/UNGA73_2018/A_73_PV_8_EN.pdf,Mr. Conte,973,bold_speaker_and_official_introduction
2018_JAM,official_transcript,data/unga_general_debate_verbatim_en/UNGA73_2018/A_73_PV_10_EN.pdf,Mr. Holness,2179,bold_speaker_and_official_introduction
2018_JOR,official_transcript,data/unga_general_debate_verbatim_en/UNGA73_2018/A_73_PV_6_EN.pdf,King Abdullah,1261,bold_speaker_and_official_introduction
2018_JPN,official_transcript,data/unga_general_debate_verbatim_en/UNGA73_2018/A_73_PV_7_EN.pdf,Mr. Abe,2034,bold_speaker_and_official_introduction
2018_KAZ,official_transcript,data/unga_general_debate_verbatim_en/UNGA73_2018/A_73_PV_13_EN.pdf,Mr. Abdrakhmanov,2687,bold_speaker_and_official_introduction
2018_KEN,official_transcript,data/unga_general_debate_verbatim_en/UNGA73_2018/A_73_PV_9_EN.pdf,President Kenyatta,2281,bold_speaker_and_official_introduction
2018_KGZ,official_transcript,data/unga_general_debate_verbatim_en/UNGA73_2018/A_73_PV_7_EN.pdf,President Zheenbekov,1605,bold_speaker_and_official_introduction
2018_KHM,official_transcript,data/unga_general_debate_verbatim_en/UNGA73_2018/A_73_PV_12_EN.pdf,Mr. Hun Sen,1393,bold_speaker_and_official_introduction
2018_KIR,official_transcript,data/unga_general_debate_verbatim_en/UNGA73_2018/A_73_PV_9_EN.pdf,President Maamau,2131,bold_speaker_and_official_introduction
2018_KNA,official_transcript,data/unga_general_debate_verbatim_en/UNGA73_2018/A_73_PV_13_EN.pdf,Mr. Harris,1973,bold_speaker_and_official_introduction
2018_KOR,official_transcript,data/unga_general_debate_verbatim_en/UNGA73_2018/A_73_PV_8_EN.pdf,President Moon Jae-in,2072,bold_speaker_and_official_introduction
2018_KWT,official_transcript,data/unga_general_debate_verbatim_en/UNGA73_2018/A_73_PV_9_EN.pdf,Sheikh Al Sabah,2997,bold_speaker_and_official_introduction
2018_LAO,official_transcript,data/unga_general_debate_verbatim_en/UNGA73_2018/A_73_PV_15_EN.pdf,Mr. Kommasith,1457,bold_speaker_and_official_introduction
2018_LBN,official_transcript,data/unga_general_debate_verbatim_en/UNGA73_2018/A_73_PV_8_EN.pdf,President Aoun,1892,bold_speaker_and_official_introduction
2018_LBR,official_transcript,data/unga_general_debate_verbatim_en/UNGA73_2018/A_73_PV_8_EN.pdf,President Weah,1401,bold_speaker_and_official_introduction
2018_LBY,official_transcript,data/unga_general_debate_verbatim_en/UNGA73_2018/A_73_PV_13_EN.pdf,Mr. Siala,3323,bold_speaker_and_official_introduction
2018_LCA,official_transcript,data/unga_general_debate_verbatim_en/UNGA73_2018/A_73_PV_12_EN.pdf,Mr. Chastanet,2269,bold_speaker_and_official_introduction
2018_LIE,official_transcript,data/unga_general_debate_verbatim_en/UNGA73_2018/A_73_PV_11_EN.pdf,Ms. Frick,1610,bold_speaker_and_official_introduction
2018_LKA,official_transcript,data/unga_general_debate_verbatim_en/UNGA73_2018/A_73_PV_7_EN.pdf,President Sirisena,1357,bold_speaker_and_official_introduction
2018_LSO,official_transcript,data/unga_general_debate_verbatim_en/UNGA73_2018/A_73_PV_13_EN.pdf,Mr. Thabane,2058,bold_speaker_and_official_introduction
2018_LTU,official_transcript,data/unga_general_debate_verbatim_en/UNGA73_2018/A_73_PV_10_EN.pdf,President Grybauskaitė,510,bold_speaker_and_official_introduction
2018_LUX,official_transcript,data/unga_general_debate_verbatim_en/UNGA73_2018/A_73_PV_9_EN.pdf,Mr. Bettel,2778,bold_speaker_and_official_introduction
2018_LVA,official_transcript,data/unga_general_debate_verbatim_en/UNGA73_2018/A_73_PV_14_EN.pdf,Mr. Rinkēvičs,1893,bold_speaker_and_official_introduction
2018_MAR,official_transcript,data/unga_general_debate_verbatim_en/UNGA73_2018/A_73_PV_7_EN.pdf,Mr. El Othmani,1936,bold_speaker_and_official_introduction
2018_MCO,official_transcript,data/unga_general_debate_verbatim_en/UNGA73_2018/A_73_PV_13_EN.pdf,Mr. Tonelli,1697,bold_speaker_and_official_introduction
2018_MDA,official_transcript,data/unga_general_debate_verbatim_en/UNGA73_2018/A_73_PV_13_EN.pdf,Mr. Filip,2126,bold_speaker_and_official_introduction
2018_MDG,official_transcript,data/unga_general_debate_verbatim_en/UNGA73_2018/A_73_PV_11_EN.pdf,President Rakotovao,2286,bold_speaker_and_official_introduction
2018_MDV,official_transcript,data/unga_general_debate_verbatim_en/UNGA73_2018/A_73_PV_16_EN.pdf,Mr. Mohamed,1244,bold_speaker_and_official_introduction
2018_MEX,official_transcript,data/unga_general_debate_verbatim_en/UNGA73_2018/A_73_PV_6_EN.pdf,President Peña Nieto,1632,bold_speaker_and_official_introduction
2018_MHL,official_transcript,data/unga_general_debate_verbatim_en/UNGA73_2018/A_73_PV_7_EN.pdf,President Heine,2157,bold_speaker_and_official_introduction
2018_MKD,official_transcript,data/unga_general_debate_verbatim_en/UNGA73_2018/A_73_PV_10_EN.pdf,President Ivanov,3347,bold_speaker_and_official_introduction
2018_MLI,official_transcript,data/unga_general_debate_verbatim_en/UNGA73_2018/A_73_PV_8_EN.pdf,President Keita,2238,bold_speaker_and_official_introduction
2018_MLT,official_transcript,data/unga_general_debate_verbatim_en/UNGA73_2018/A_73_PV_10_EN.pdf,Mr. Muscat,1739,bold_speaker_and_official_introduction
2018_MMR,official_transcript,data/unga_general_debate_verbatim_en/UNGA73_2018/A_73_PV_13_EN.pdf,Mr. Kyaw Tint Swe,1900,bold_speaker_and_official_introduction
2018_MNE,official_transcript,data/unga_general_debate_verbatim_en/UNGA73_2018/A_73_PV_12_EN.pdf,Mr. Marković,2088,bold_speaker_and_official_introduction
2018_MNG,official_transcript,data/unga_general_debate_verbatim_en/UNGA73_2018/A_73_PV_13_EN.pdf,Mr. Ukhnaa,2587,bold_speaker_and_official_introduction
2018_MOZ,official_transcript,data/unga_general_debate_verbatim_en/UNGA73_2018/A_73_PV_7_EN.pdf,President Nyusi,1870,bold_speaker_and_official_introduction
2018_MRT,official_transcript,data/unga_general_debate_verbatim_en/UNGA73_2018/A_73_PV_11_EN.pdf,Mr. Ahmed,1848,bold_speaker_and_official_introduction
2018_MUS,official_transcript,data/unga_general_debate_verbatim_en/UNGA73_2018/A_73_PV_12_EN.pdf,Mr. Jugnauth,1953,bold_speaker_and_official_introduction
2018_MWI,official_transcript,data/unga_general_debate_verbatim_en/UNGA73_2018/A_73_PV_7_EN.pdf,President Mutharika,1854,bold_speaker_and_official_introduction
2018_MYS,official_transcript,data/unga_general_debate_verbatim_en/UNGA73_2018/A_73_PV_12_EN.pdf,Mr. Mohamad,2315,bold_speaker_and_official_introduction
2018_NAM,official_transcript,data/unga_general_debate_verbatim_en/UNGA73_2018/A_73_PV_8_EN.pdf,President Geingob,1925,bold_speaker_and_official_introduction
2018_NER,official_transcript,data/unga_general_debate_verbatim_en/UNGA73_2018/A_73_PV_15_EN.pdf,Mr. Ankourao,2325,bold_speaker_and_official_introduction
2018_NGA,official_transcript,data/unga_general_debate_verbatim_en/UNGA73_2018/A_73_PV_6_EN.pdf,President Buhari,1996,bold_speaker_and_official_introduction
2018_NIC,official_transcript,data/unga_general_debate_verbatim_en/UNGA73_2018/A_73_PV_16_EN.pdf,Mr. Moncada Colindres,1435,bold_speaker_and_official_introduction
2018_NLD,official_transcript,data/unga_general_debate_verbatim_en/UNGA73_2018/A_73_PV_9_EN.pdf,Mr. Rutte,1827,bold_speaker_and_official_introduction
2018_NOR,official_transcript,data/unga_general_debate_verbatim_en/UNGA73_2018/A_73_PV_9_EN.pdf,Ms. Solberg,1868,bold_speaker_and_official_introduction
2018_NPL,official_transcript,data/unga_general_debate_verbatim_en/UNGA73_2018/A_73_PV_11_EN.pdf,Mr. Oli,2633,bold_speaker_and_official_introduction
2018_NRU,official_transcript,data/unga_general_debate_verbatim_en/UNGA73_2018/A_73_PV_9_EN.pdf,President Waqa,1770,bold_speaker_and_official_introduction
2018_NZL,official_transcript,data/unga_general_debate_verbatim_en/UNGA73_2018/A_73_PV_10_EN.pdf,Ms. Ardern,2686,bold_speaker_and_official_introduction
2018_OMN,official_transcript,data/unga_general_debate_verbatim_en/UNGA73_2018/A_73_PV_14_EN.pdf,Mr. Abdallah,1025,bold_speaker_and_official_introduction
2018_PAK,official_transcript,data/unga_general_debate_verbatim_en/UNGA73_2018/A_73_PV_14_EN.pdf,Mr. Qureshi,2906,bold_speaker_and_official_introduction
2018_PAN,official_transcript,data/unga_general_debate_verbatim_en/UNGA73_2018/A_73_PV_8_EN.pdf,President Varela Rodríguez,2149,bold_speaker_and_official_introduction
2018_PER,official_transcript,data/unga_general_debate_verbatim_en/UNGA73_2018/A_73_PV_6_EN.pdf,President Vizcarra Cornejo,1410,bold_speaker_and_official_introduction
2018_PHL,official_transcript,data/unga_general_debate_verbatim_en/UNGA73_2018/A_73_PV_14_EN.pdf,Mr. Cayetano,1543,bold_speaker_and_official_introduction
2018_PLW,official_transcript,data/unga_general_debate_verbatim_en/UNGA73_2018/A_73_PV_9_EN.pdf,President Remengesau,2092,bold_speaker_and_official_introduction
2018_PNG,official_transcript,data/unga_general_debate_verbatim_en/UNGA73_2018/A_73_PV_14_EN.pdf,Mr. Pato,2295,bold_speaker_and_official_introduction
2018_POL,official_transcript,data/unga_general_debate_verbatim_en/UNGA73_2018/A_73_PV_9_EN.pdf,President Duda,2027,bold_speaker_and_official_introduction
2018_PRK,official_transcript,data/unga_general_debate_verbatim_en/UNGA73_2018/A_73_PV_14_EN.pdf,Mr. Ri Yong Ho,2069,bold_speaker_and_official_introduction
2018_PRT,official_transcript,data/unga_general_debate_verbatim_en/UNGA73_2018/A_73_PV_9_EN.pdf,President Rebelo de Sousa,1606,bold_speaker_and_official_introduction
2018_PRY,official_transcript,data/unga_general_debate_verbatim_en/UNGA73_2018/A_73_PV_7_EN.pdf,President Benítez,2209,bold_speaker_and_official_introduction
2018_QAT,official_transcript,data/unga_general_debate_verbatim_en/UNGA73_2018/A_73_PV_6_EN.pdf,Sheikh Al-Thani,2406,bold_speaker_and_official_introduction
2018_ROU,official_transcript,data/unga_general_debate_verbatim_en/UNGA73_2018/A_73_PV_8_EN.pdf,President Iohannis,1218,bold_speaker_and_official_introduction
2018_RUS,official_transcript,data/unga_general_debate_verbatim_en/UNGA73_2018/A_73_PV_12_EN.pdf,Mr. Lavrov,2381,bold_speaker_and_official_introduction
2018_RWA,official_transcript,data/unga_general_debate_verbatim_en/UNGA73_2018/A_73_PV_6_EN.pdf,President Kagame,824,bold_speaker_and_official_introduction
2018_SAU,official_transcript,data/unga_general_debate_verbatim_en/UNGA73_2018/A_73_PV_13_EN.pdf,Mr. Al-Jubeir,1297,bold_speaker_and_official_introduction
2018_SDN,official_transcript,data/unga_general_debate_verbatim_en/UNGA73_2018/A_73_PV_16_EN.pdf,Mr. Ahmed,3820,bold_speaker_and_official_introduction
2018_SEN,official_transcript,data/unga_general_debate_verbatim_en/UNGA73_2018/A_73_PV_15_EN.pdf,Mr. Kaba,1811,bold_speaker_and_official_introduction
2018_SGP,official_transcript,data/unga_general_debate_verbatim_en/UNGA73_2018/A_73_PV_14_EN.pdf,Mr. Balakrishnan,2202,bold_speaker_and_official_introduction
2018_SLB,official_transcript,data/unga_general_debate_verbatim_en/UNGA73_2018/A_73_PV_13_EN.pdf,Mr. Houenipwela,2892,bold_speaker_and_official_introduction
2018_SLE,official_transcript,data/unga_general_debate_verbatim_en/UNGA73_2018/A_73_PV_10_EN.pdf,President Bio,2426,bold_speaker_and_official_introduction
2018_SLV,official_transcript,data/unga_general_debate_verbatim_en/UNGA73_2018/A_73_PV_9_EN.pdf,President Sánchez Cerén,1759,bold_speaker_and_official_introduction
2018_SMR,official_transcript,data/unga_general_debate_verbatim_en/UNGA73_2018/A_73_PV_14_EN.pdf,Mr. Renzi,2496,bold_speaker_and_official_introduction
2018_SOM,official_transcript,data/unga_general_debate_verbatim_en/UNGA73_2018/A_73_PV_15_EN.pdf,Mr. Isse,1836,bold_speaker_and_official_introduction
2018_SRB,official_transcript,data/unga_general_debate_verbatim_en/UNGA73_2018/A_73_PV_11_EN.pdf,Ms. Brnabić,1726,bold_speaker_and_official_introduction
2018_SSD,official_transcript,data/unga_general_debate_verbatim_en/UNGA73_2018/A_73_PV_12_EN.pdf,Mr. Gai,2372,bold_speaker_and_official_introduction
2018_STP,official_transcript,data/unga_general_debate_verbatim_en/UNGA73_2018/A_73_PV_15_EN.pdf,Mr. Botelho,1867,bold_speaker_and_official_introduction
2018_SUR,official_transcript,data/unga_general_debate_verbatim_en/UNGA73_2018/A_73_PV_14_EN.pdf,Ms. Pollack-Beigle,2523,bold_speaker_and_official_introduction
2018_SVK,official_transcript,data/unga_general_debate_verbatim_en/UNGA73_2018/A_73_PV_8_EN.pdf,President Kiska,1531,bold_speaker_and_official_introduction
2018_SVN,official_transcript,data/unga_general_debate_verbatim_en/UNGA73_2018/A_73_PV_7_EN.pdf,President Pahor,1257,bold_speaker_and_official_introduction
2018_SWE,official_transcript,data/unga_general_debate_verbatim_en/UNGA73_2018/A_73_PV_16_EN.pdf,Mr. Skoog,1909,bold_speaker_and_official_introduction
2018_SWZ,official_transcript,data/unga_general_debate_verbatim_en/UNGA73_2018/A_73_PV_9_EN.pdf,King Mswati III,2022,bold_speaker_and_official_introduction
2018_SYC,official_transcript,data/unga_general_debate_verbatim_en/UNGA73_2018/A_73_PV_6_EN.pdf,President Faure,1214,bold_speaker_and_official_introduction
2018_SYR,official_transcript,data/unga_general_debate_verbatim_en/UNGA73_2018/A_73_PV_14_EN.pdf,Mr. Al-Moualem,2948,bold_speaker_and_official_introduction
2018_TCD,official_transcript,data/unga_general_debate_verbatim_en/UNGA73_2018/A_73_PV_13_EN.pdf,Mr. Cherif,2575,bold_speaker_and_official_introduction
2018_TGO,official_transcript,data/unga_general_debate_verbatim_en/UNGA73_2018/A_73_PV_11_EN.pdf,Mr. Dussey,2018,bold_speaker_and_official_introduction
2018_THA,official_transcript,data/unga_general_debate_verbatim_en/UNGA73_2018/A_73_PV_16_EN.pdf,Mr. Futrakul,2048,bold_speaker_and_official_introduction
2018_TJK,official_transcript,data/unga_general_debate_verbatim_en/UNGA73_2018/A_73_PV_16_EN.pdf,Mr. Mahmadaminov,1703,bold_speaker_and_official_introduction
2018_TKM,official_transcript,data/unga_general_debate_verbatim_en/UNGA73_2018/A_73_PV_15_EN.pdf,President Berdimuhamedov,1229,bold_speaker_and_official_introduction
2018_TLS,official_transcript,data/unga_general_debate_verbatim_en/UNGA73_2018/A_73_PV_16_EN.pdf,Mrs. Lopes De Jesus Pires,1691,bold_speaker_and_official_introduction
2018_TON,official_transcript,data/unga_general_debate_verbatim_en/UNGA73_2018/A_73_PV_8_EN.pdf,King Tupou,1256,bold_speaker_and_official_introduction
2018_TTO,official_transcript,data/unga_general_debate_verbatim_en/UNGA73_2018/A_73_PV_14_EN.pdf,Mr. Moses,2698,bold_speaker_and_official_introduction
2018_TUN,official_transcript,data/unga_general_debate_verbatim_en/UNGA73_2018/A_73_PV_12_EN.pdf,Mr. Jhinaoui,2414,bold_speaker_and_official_introduction
2018_TUR,official_transcript,data/unga_general_debate_verbatim_en/UNGA73_2018/A_73_PV_6_EN.pdf,President Erdoğan,3128,bold_speaker_and_official_introduction
2018_TUV,official_transcript,data/unga_general_debate_verbatim_en/UNGA73_2018/A_73_PV_11_EN.pdf,Mr. Sapoaga,2221,bold_speaker_and_official_introduction
2018_TZA,official_transcript,data/unga_general_debate_verbatim_en/UNGA73_2018/A_73_PV_11_EN.pdf,Mr. Mahiga,2783,bold_speaker_and_official_introduction
2018_UGA,official_transcript,data/unga_general_debate_verbatim_en/UNGA73_2018/A_73_PV_11_EN.pdf,Mr. Rugunda,1772,bold_speaker_and_official_introduction
2018_UKR,official_transcript,data/unga_general_debate_verbatim_en/UNGA73_2018/A_73_PV_9_EN.pdf,President Poroshenko,3012,bold_speaker_and_official_introduction
2018_URY,official_transcript,data/unga_general_debate_verbatim_en/UNGA73_2018/A_73_PV_8_EN.pdf,President Vázquez,1547,bold_speaker_and_official_introduction
2018_USA,official_transcript,data/unga_general_debate_verbatim_en/UNGA73_2018/A_73_PV_6_EN.pdf,President Trump,3602,bold_speaker_and_official_introduction
2018_UZB,official_transcript,data/unga_general_debate_verbatim_en/UNGA73_2018/A_73_PV_16_EN.pdf,Mr. Ibragimov,1978,bold_speaker_and_official_introduction
2018_VCT,official_transcript,data/unga_general_debate_verbatim_en/UNGA73_2018/A_73_PV_10_EN.pdf,Mr. Gonsalves,2444,bold_speaker_and_official_introduction
2018_VEN,official_transcript,data/unga_general_debate_verbatim_en/UNGA73_2018/A_73_PV_9_EN.pdf,President Maduro Moros,4583,bold_speaker_and_official_introduction
2018_VNM,official_transcript,data/unga_general_debate_verbatim_en/UNGA73_2018/A_73_PV_10_EN.pdf,Mr. Nguyen Xuan Phuc,1853,bold_speaker_and_official_introduction
2018_VUT,official_transcript,data/unga_general_debate_verbatim_en/UNGA73_2018/A_73_PV_12_EN.pdf,Mr. Salwai,1917,bold_speaker_and_official_introduction
2018_WSM,official_transcript,data/unga_general_debate_verbatim_en/UNGA73_2018/A_73_PV_12_EN.pdf,Mr. Malielegaoi,2335,bold_speaker_and_official_introduction
2018_YEM,official_transcript,data/unga_general_debate_verbatim_en/UNGA73_2018/A_73_PV_8_EN.pdf,President Mansour,2098,bold_speaker_and_official_introduction
2018_ZAF,official_transcript,data/unga_general_debate_verbatim_en/UNGA73_2018/A_73_PV_6_EN.pdf,President Ramaphosa,1821,bold_speaker_and_official_introduction
2018_ZMB,official_transcript,data/unga_general_debate_verbatim_en/UNGA73_2018/A_73_PV_7_EN.pdf,President Lungu,1525,bold_speaker_and_official_introduction
2018_ZWE,official_transcript,data/unga_general_debate_verbatim_en/UNGA73_2018/A_73_PV_9_EN.pdf,President Mnangagwa,1468,bold_speaker_and_official_introduction
2019_AFG,official_transcript,data/unga_general_debate_verbatim_en/UNGA74_2019/A_74_PV_13_EN.pdf,Mr. Mohib,2031,bold_speaker_and_official_introduction
2019_AGO,official_transcript,data/unga_general_debate_verbatim_en/UNGA74_2019/A_74_PV_4_EN.pdf,President Lourenço,1272,bold_speaker_and_official_introduction
2019_ALB,official_transcript,data/unga_general_debate_verbatim_en/UNGA74_2019/A_74_PV_9_EN.pdf,Mr. Rama,2461,bold_speaker_and_official_introduction
2019_AND,official_transcript,data/unga_general_debate_verbatim_en/UNGA74_2019/A_74_PV_6_EN.pdf,Mr. Espot Zamora,2337,bold_speaker_and_official_introduction
2019_ARE,official_transcript,data/unga_general_debate_verbatim_en/UNGA74_2019/A_74_PV_12_EN.pdf,Sheikh Al Nahyan,1750,bold_speaker_and_official_introduction
2019_ARG,official_transcript,data/unga_general_debate_verbatim_en/UNGA74_2019/A_74_PV_4_EN.pdf,President Macri,1723,bold_speaker_and_official_introduction
2019_ARM,official_transcript,data/unga_general_debate_verbatim_en/UNGA74_2019/A_74_PV_6_EN.pdf,Mr. Pashinyan,2467,bold_speaker_and_official_introduction
2019_ATG,official_transcript,data/unga_general_debate_verbatim_en/UNGA74_2019/A_74_PV_10_EN.pdf,Mr. Browne,3651,bold_speaker_and_official_introduction
2019_AUS,official_transcript,data/unga_general_debate_verbatim_en/UNGA74_2019/A_74_PV_5_EN.pdf,Mr. Morrison,2473,bold_speaker_and_official_introduction
2019_AUT,official_transcript,data/unga_general_debate_verbatim_en/UNGA74_2019/A_74_PV_8_EN.pdf,Mr. Schallenberg,1355,bold_speaker_and_official_introduction
2019_AZE,official_transcript,data/unga_general_debate_verbatim_en/UNGA74_2019/A_74_PV_12_EN.pdf,Mr. Mammadyarov,1958,bold_speaker_and_official_introduction
2019_BDI,official_transcript,data/unga_general_debate_verbatim_en/UNGA74_2019/A_74_PV_13_EN.pdf,Mr. Nibigira,3100,bold_speaker_and_official_introduction
2019_BEL,official_transcript,data/unga_general_debate_verbatim_en/UNGA74_2019/A_74_PV_7_EN.pdf,Mr. Michel,1978,bold_speaker_and_official_introduction
2019_BEN,official_transcript,data/unga_general_debate_verbatim_en/UNGA74_2019/A_74_PV_13_EN.pdf,Mr. Do Rego,2179,bold_speaker_and_official_introduction
2019_BFA,official_transcript,data/unga_general_debate_verbatim_en/UNGA74_2019/A_74_PV_3_EN.pdf,President Kaboré,2787,bold_speaker_and_official_introduction
2019_BGD,official_transcript,data/unga_general_debate_verbatim_en/UNGA74_2019/A_74_PV_10_EN.pdf,Sheikh Hasina,2260,bold_speaker_and_official_introduction
2019_BGR,official_transcript,data/unga_general_debate_verbatim_en/UNGA74_2019/A_74_PV_7_EN.pdf,President Radev,1735,bold_speaker_and_official_introduction
2019_BHR,official_transcript,data/unga_general_debate_verbatim_en/UNGA74_2019/A_74_PV_11_EN.pdf,Shaikh Al-Khalifa,2506,bold_speaker_and_official_introduction
2019_BHS,official_transcript,data/unga_general_debate_verbatim_en/UNGA74_2019/A_74_PV_9_EN.pdf,Mr. Minnis,1827,bold_speaker_and_official_introduction
2019_BIH,official_transcript,data/unga_general_debate_verbatim_en/UNGA74_2019/A_74_PV_3_EN.pdf,President Komšić,2680,bold_speaker_and_official_introduction
2019_BLR,official_transcript,data/unga_general_debate_verbatim_en/UNGA74_2019/A_74_PV_8_EN.pdf,Mr. Makei,2277,bold_speaker_and_official_introduction
2019_BLZ,official_transcript,data/unga_general_debate_verbatim_en/UNGA74_2019/A_74_PV_12_EN.pdf,Mr. Elrington,3292,bold_speaker_and_official_introduction
2019_BOL,official_transcript,data/unga_general_debate_verbatim_en/UNGA74_2019/A_74_PV_3_EN.pdf,President Morales Ayma,1524,bold_speaker_and_official_introduction
2019_BRA,official_transcript,data/unga_general_debate_verbatim_en/UNGA74_2019/A_74_PV_3_EN.pdf,President Bolsonaro,3448,bold_speaker_and_official_introduction
2019_BRB,official_transcript,data/unga_general_debate_verbatim_en/UNGA74_2019/A_74_PV_9_EN.pdf,Ms. Mottley,3380,bold_speaker_and_official_introduction
2019_BRN,official_transcript,data/unga_general_debate_verbatim_en/UNGA74_2019/A_74_PV_13_EN.pdf,Dato Yusof,1132,bold_speaker_and_official_introduction
2019_BTN,official_transcript,data/unga_general_debate_verbatim_en/UNGA74_2019/A_74_PV_11_EN.pdf,Mr. Tshering,1440,bold_speaker_and_official_introduction
2019_BWA,official_transcript,data/unga_general_debate_verbatim_en/UNGA74_2019/A_74_PV_11_EN.pdf,Ms. Dow,2489,bold_speaker_and_official_introduction
2019_CAF,official_transcript,data/unga_general_debate_verbatim_en/UNGA74_2019/A_74_PV_5_EN.pdf,President Touadera,1788,bold_speaker_and_official_introduction
2019_CAN,official_transcript,data/unga_general_debate_verbatim_en/UNGA74_2019/A_74_PV_13_EN.pdf,Mr. Blanchard,3359,bold_speaker_and_official_introduction
2019_CHE,official_transcript,data/unga_general_debate_verbatim_en/UNGA74_2019/A_74_PV_3_EN.pdf,President Maurer,1059,bold_speaker_and_official_introduction
2019_CHL,official_transcript,data/unga_general_debate_verbatim_en/UNGA74_2019/A_74_PV_3_EN.pdf,President Piñera Echenique,2726,bold_speaker_and_official_introduction
2019_CHN,official_transcript,data/unga_general_debate_verbatim_en/UNGA74_2019/A_74_PV_9_EN.pdf,Mr. Wang Yi,2742,bold_speaker_and_official_introduction
2019_CIV,official_transcript,data/unga_general_debate_verbatim_en/UNGA74_2019/A_74_PV_7_EN.pdf,Mr. Duncan,1577,bold_speaker_and_official_introduction
2019_CMR,official_transcript,data/unga_general_debate_verbatim_en/UNGA74_2019/A_74_PV_8_EN.pdf,Mr. Mbella Mbella,2807,bold_speaker_and_official_introduction
2019_COD,official_transcript,data/unga_general_debate_verbatim_en/UNGA74_2019/A_74_PV_7_EN.pdf,President Tshilombo Tshisekedi,3551,bold_speaker_and_official_introduction
2019_COG,official_transcript,data/unga_general_debate_verbatim_en/UNGA74_2019/A_74_PV_12_EN.pdf,Mr. Gakosso,1779,bold_speaker_and_official_introduction
2019_COL,official_transcript,data/unga_general_debate_verbatim_en/UNGA74_2019/A_74_PV_5_EN.pdf,President Duque Márquez,2884,bold_speaker_and_official_introduction
2019_COM,official_transcript,data/unga_general_debate_verbatim_en/UNGA74_2019/A_74_PV_8_EN.pdf,President Assoumani,1884,bold_speaker_and_official_introduction
2019_CPV,official_transcript,data/unga_general_debate_verbatim_en/UNGA74_2019/A_74_PV_10_EN.pdf,Mr. Silva,1269,bold_speaker_and_official_introduction
2019_CRI,official_transcript,data/unga_general_debate_verbatim_en/UNGA74_2019/A_74_PV_6_EN.pdf,President Alvarado Quesada,2208,bold_speaker_and_official_introduction
2019_CUB,official_transcript,data/unga_general_debate_verbatim_en/UNGA74_2019/A_74_PV_11_EN.pdf,Mr. Rodríguez Parrilla,2934,bold_speaker_and_official_introduction
2019_CYP,official_transcript,data/unga_general_debate_verbatim_en/UNGA74_2019/A_74_PV_7_EN.pdf,President Anastasiades,2224,bold_speaker_and_official_introduction
2019_CZE,official_transcript,data/unga_general_debate_verbatim_en/UNGA74_2019/A_74_PV_6_EN.pdf,Mr. Babiš,2651,bold_speaker_and_official_introduction
2019_DEU,official_transcript,data/unga_general_debate_verbatim_en/UNGA74_2019/A_74_PV_6_EN.pdf,Mr. Maas,2200,bold_speaker_and_official_introduction
2019_DJI,official_transcript,data/unga_general_debate_verbatim_en/UNGA74_2019/A_74_PV_8_EN.pdf,President Guelleh,1645,bold_speaker_and_official_introduction
2019_DMA,official_transcript,data/unga_general_debate_verbatim_en/UNGA74_2019/A_74_PV_8_EN.pdf,President Savarin,2077,bold_speaker_and_official_introduction
2019_DNK,official_transcript,data/unga_general_debate_verbatim_en/UNGA74_2019/A_74_PV_8_EN.pdf,Mr. Kofod,1900,bold_speaker_and_official_introduction
2019_DOM,official_transcript,data/unga_general_debate_verbatim_en/UNGA74_2019/A_74_PV_8_EN.pdf,Mr. Vargas Maldonado,1901,bold_speaker_and_official_introduction
2019_DZA,official_transcript,data/unga_general_debate_verbatim_en/UNGA74_2019/A_74_PV_9_EN.pdf,Mr. Boukadoum,2152,bold_speaker_and_official_introduction
2019_ECU,official_transcript,data/unga_general_debate_verbatim_en/UNGA74_2019/A_74_PV_6_EN.pdf,President Moreno Garcés,2351,bold_speaker_and_official_introduction
2019_EGY,official_transcript,data/unga_general_debate_verbatim_en/UNGA74_2019/A_74_PV_3_EN.pdf,President Al Sisi,1891,bold_speaker_and_official_introduction
2019_ERI,official_transcript,data/unga_general_debate_verbatim_en/UNGA74_2019/A_74_PV_13_EN.pdf,Mr. Mohammed,741,bold_speaker_and_official_introduction
2019_ESP,official_transcript,data/unga_general_debate_verbatim_en/UNGA74_2019/A_74_PV_4_EN.pdf,Mr. Sánchez Pérez-Castejón,4593,bold_speaker_and_official_introduction
2019_EST,official_transcript,data/unga_general_debate_verbatim_en/UNGA74_2019/A_74_PV_5_EN.pdf,President Kaljulaid,2003,bold_speaker_and_official_introduction
2019_ETH,official_transcript,data/unga_general_debate_verbatim_en/UNGA74_2019/A_74_PV_7_EN.pdf,President Zewde,1612,bold_speaker_and_official_introduction
2019_FIN,official_transcript,data/unga_general_debate_verbatim_en/UNGA74_2019/A_74_PV_4_EN.pdf,President Niinistö,1321,bold_speaker_and_official_introduction
2019_FJI,official_transcript,data/unga_general_debate_verbatim_en/UNGA74_2019/A_74_PV_5_EN.pdf,Mr. Bainimarama,2164,bold_speaker_and_official_introduction
2019_FRA,official_transcript,data/unga_general_debate_verbatim_en/UNGA74_2019/A_74_PV_3_EN.pdf,President Macron,4922,bold_speaker_and_official_introduction
2019_FSM,official_transcript,data/unga_general_debate_verbatim_en/UNGA74_2019/A_74_PV_8_EN.pdf,President Panuelo,2601,bold_speaker_and_official_introduction
2019_GAB,official_transcript,data/unga_general_debate_verbatim_en/UNGA74_2019/A_74_PV_8_EN.pdf,Mr. Bilie By Nze,1983,bold_speaker_and_official_introduction
2019_GBR,official_transcript,data/unga_general_debate_verbatim_en/UNGA74_2019/A_74_PV_4_EN.pdf,Mr. Johnson,2106,bold_speaker_and_official_introduction
2019_GEO,official_transcript,data/unga_general_debate_verbatim_en/UNGA74_2019/A_74_PV_5_EN.pdf,President Zourabichvili,3233,bold_speaker_and_official_introduction
2019_GHA,official_transcript,data/unga_general_debate_verbatim_en/UNGA74_2019/A_74_PV_6_EN.pdf,President Akufo-Addo,1609,bold_speaker_and_official_introduction
2019_GIN,official_transcript,data/unga_general_debate_verbatim_en/UNGA74_2019/A_74_PV_5_EN.pdf,President Condé,1262,bold_speaker_and_official_introduction
2019_GMB,official_transcript,data/unga_general_debate_verbatim_en/UNGA74_2019/A_74_PV_8_EN.pdf,Mrs. Touray,3345,bold_speaker_and_official_introduction
2019_GNB,official_transcript,data/unga_general_debate_verbatim_en/UNGA74_2019/A_74_PV_11_EN.pdf,Ms. Barbosa,1808,bold_speaker_and_official_introduction
2019_GNQ,official_transcript,data/unga_general_debate_verbatim_en/UNGA74_2019/A_74_PV_10_EN.pdf,Mr. Esono Angue,1714,bold_speaker_and_official_introduction
2019_GRC,official_transcript,data/unga_general_debate_verbatim_en/UNGA74_2019/A_74_PV_9_EN.pdf,Mr. Mitsotakis,1969,bold_speaker_and_official_introduction
2019_GRD,official_transcript,data/unga_general_debate_verbatim_en/UNGA74_2019/A_74_PV_11_EN.pdf,Mr. David,2828,bold_speaker_and_official_introduction
2019_GTM,official_transcript,data/unga_general_debate_verbatim_en/UNGA74_2019/A_74_PV_6_EN.pdf,President Morales,2964,bold_speaker_and_official_introduction
2019_GUY,official_transcript,data/unga_general_debate_verbatim_en/UNGA74_2019/A_74_PV_12_EN.pdf,Ms. Cummings,2661,bold_speaker_and_official_introduction
2019_HND,official_transcript,data/unga_general_debate_verbatim_en/UNGA74_2019/A_74_PV_5_EN.pdf,President Hernández Alvarado,1820,bold_speaker_and_official_introduction
2019_HRV,official_transcript,data/unga_general_debate_verbatim_en/UNGA74_2019/A_74_PV_3_EN.pdf,President Grabar-Kitarović,1721,bold_speaker_and_official_introduction
2019_HTI,official_transcript,data/unga_general_debate_verbatim_en/UNGA74_2019/A_74_PV_12_EN.pdf,Mr. Edmond,2041,bold_speaker_and_official_introduction
2019_HUN,official_transcript,data/unga_general_debate_verbatim_en/UNGA74_2019/A_74_PV_8_EN.pdf,Mr. Szijjártó,2239,bold_speaker_and_official_introduction
2019_IDN,official_transcript,data/unga_general_debate_verbatim_en/UNGA74_2019/A_74_PV_9_EN.pdf,Mr. Kalla,1473,bold_speaker_and_official_introduction
2019_IND,official_transcript,data/unga_general_debate_verbatim_en/UNGA74_2019/A_74_PV_9_EN.pdf,Mr. Modi,1209,bold_speaker_and_official_introduction
2019_IRL,official_transcript,data/unga_general_debate_verbatim_en/UNGA74_2019/A_74_PV_6_EN.pdf,President Higgins,4260,bold_speaker_and_official_introduction
2019_IRN,official_transcript,data/unga_general_debate_verbatim_en/UNGA74_2019/A_74_PV_5_EN.pdf,President Rouhani,1956,bold_speaker_and_official_introduction
2019_IRQ,official_transcript,data/unga_general_debate_verbatim_en/UNGA74_2019/A_74_PV_5_EN.pdf,President Salih,2728,bold_speaker_and_official_introduction
2019_ISL,official_transcript,data/unga_general_debate_verbatim_en/UNGA74_2019/A_74_PV_10_EN.pdf,Mr. Thórdarson,1839,bold_speaker_and_official_introduction
2019_ISR,official_transcript,data/unga_general_debate_verbatim_en/UNGA74_2019/A_74_PV_8_EN.pdf,Mr. Katz,1027,bold_speaker_and_official_introduction
2019_ITA,official_transcript,data/unga_general_debate_verbatim_en/UNGA74_2019/A_74_PV_4_EN.pdf,Mr. Conte,2446,bold_speaker_and_official_introduction
2019_JAM,official_transcript,data/unga_general_debate_verbatim_en/UNGA74_2019/A_74_PV_9_EN.pdf,Mr. Holness,2152,bold_speaker_and_official_introduction
2019_JOR,official_transcript,data/unga_general_debate_verbatim_en/UNGA74_2019/A_74_PV_3_EN.pdf,King Abdullah,1012,bold_speaker_and_official_introduction
2019_JPN,official_transcript,data/unga_general_debate_verbatim_en/UNGA74_2019/A_74_PV_4_EN.pdf,Mr. Abe,1877,bold_speaker_and_official_introduction
2019_KAZ,official_transcript,data/unga_general_debate_verbatim_en/UNGA74_2019/A_74_PV_4_EN.pdf,President Tokayev,1897,bold_speaker_and_official_introduction
2019_KEN,official_transcript,data/unga_general_debate_verbatim_en/UNGA74_2019/A_74_PV_6_EN.pdf,President Kenyatta,2063,bold_speaker_and_official_introduction
2019_KGZ,official_transcript,data/unga_general_debate_verbatim_en/UNGA74_2019/A_74_PV_11_EN.pdf,Mr. Aidarbekov,2750,bold_speaker_and_official_introduction
2019_KHM,official_transcript,data/unga_general_debate_verbatim_en/UNGA74_2019/A_74_PV_11_EN.pdf,Mr. Sokhonn,1985,bold_speaker_and_official_introduction
2019_KIR,official_transcript,data/unga_general_debate_verbatim_en/UNGA74_2019/A_74_PV_6_EN.pdf,President Maamau,2126,bold_speaker_and_official_introduction
2019_KNA,official_transcript,data/unga_general_debate_verbatim_en/UNGA74_2019/A_74_PV_9_EN.pdf,Mr. Harris,1729,bold_speaker_and_official_introduction
2019_KOR,official_transcript,data/unga_general_debate_verbatim_en/UNGA74_2019/A_74_PV_3_EN.pdf,President Moon Jae-in,2295,bold_speaker_and_official_introduction
2019_KWT,official_transcript,data/unga_general_debate_verbatim_en/UNGA74_2019/A_74_PV_6_EN.pdf,Sheikh Al Sabah,1419,bold_speaker_and_official_introduction
2019_LAO,official_transcript,data/unga_general_debate_verbatim_en/UNGA74_2019/A_74_PV_12_EN.pdf,Mr. Kommasith,1516,bold_speaker_and_official_introduction
2019_LBN,official_transcript,data/unga_general_debate_verbatim_en/UNGA74_2019/A_74_PV_5_EN.pdf,President Aoun,1748,bold_speaker_and_official_introduction
2019_LBR,official_transcript,data/unga_general_debate_verbatim_en/UNGA74_2019/A_74_PV_5_EN.pdf,President Weah,2104,bold_speaker_and_official_introduction
2019_LBY,official_transcript,data/unga_general_debate_verbatim_en/UNGA74_2019/A_74_PV_6_EN.pdf,President Serraj,2838,bold_speaker_and_official_introduction
2019_LCA,official_transcript,data/unga_general_debate_verbatim_en/UNGA74_2019/A_74_PV_10_EN.pdf,Mr. Chastanet,1724,bold_speaker_and_official_introduction
2019_LIE,official_transcript,data/unga_general_debate_verbatim_en/UNGA74_2019/A_74_PV_4_EN.pdf,Prince Alois,1570,bold_speaker_and_official_introduction
2019_LKA,official_transcript,data/unga_general_debate_verbatim_en/UNGA74_2019/A_74_PV_13_EN.pdf,Mr. Aryasinha,2308,bold_speaker_and_official_introduction
2019_LSO,official_transcript,data/unga_general_debate_verbatim_en/UNGA74_2019/A_74_PV_9_EN.pdf,Mr. Thabane,1953,bold_speaker_and_official_introduction
2019_LTU,official_transcript,data/unga_general_debate_verbatim_en/UNGA74_2019/A_74_PV_6_EN.pdf,President Nausėda,1581,bold_speaker_and_official_introduction
2019_LUX,official_transcript,data/unga_general_debate_verbatim_en/UNGA74_2019/A_74_PV_7_EN.pdf,Mr. Bettel,3352,bold_speaker_and_official_introduction
2019_LVA,official_transcript,data/unga_general_debate_verbatim_en/UNGA74_2019/A_74_PV_4_EN.pdf,President Levits,1594,bold_speaker_and_official_introduction
2019_MAR,official_transcript,data/unga_general_debate_verbatim_en/UNGA74_2019/A_74_PV_4_EN.pdf,Mr. El Othmani,2168,bold_speaker_and_official_introduction
2019_MCO,official_transcript,data/unga_general_debate_verbatim_en/UNGA74_2019/A_74_PV_4_EN.pdf,Prince Albert,1763,bold_speaker_and_official_introduction
2019_MDA,official_transcript,data/unga_general_debate_verbatim_en/UNGA74_2019/A_74_PV_7_EN.pdf,President Dodon,2868,bold_speaker_and_official_introduction
2019_MDG,official_transcript,data/unga_general_debate_verbatim_en/UNGA74_2019/A_74_PV_11_EN.pdf,Mr. Ntsay,2037,bold_speaker_and_official_introduction
2019_MDV,official_transcript,data/unga_general_debate_verbatim_en/UNGA74_2019/A_74_PV_3_EN.pdf,President Solih,1694,bold_speaker_and_official_introduction
2019_MEX,official_transcript,data/unga_general_debate_verbatim_en/UNGA74_2019/A_74_PV_11_EN.pdf,Mr. Casaubón,1691,bold_speaker_and_official_introduction
2019_MHL,official_transcript,data/unga_general_debate_verbatim_en/UNGA74_2019/A_74_PV_11_EN.pdf,Mr. Silk,2106,bold_speaker_and_official_introduction
2019_MKD,official_transcript,data/unga_general_debate_verbatim_en/UNGA74_2019/A_74_PV_8_EN.pdf,Mr. Zaev,1590,bold_speaker_and_official_introduction
2019_MLI,official_transcript,data/unga_general_debate_verbatim_en/UNGA74_2019/A_74_PV_6_EN.pdf,President Keita,2828,bold_speaker_and_official_introduction
2019_MLT,official_transcript,data/unga_general_debate_verbatim_en/UNGA74_2019/A_74_PV_8_EN.pdf,Mr. Muscat,1441,bold_speaker_and_official_introduction
2019_MMR,official_transcript,data/unga_general_debate_verbatim_en/UNGA74_2019/A_74_PV_12_EN.pdf,Mr. Kyaw Tint Swe,2463,bold_speaker_and_official_introduction
2019_MNE,official_transcript,data/unga_general_debate_verbatim_en/UNGA74_2019/A_74_PV_8_EN.pdf,President Đukanović,2121,bold_speaker_and_official_introduction
2019_MNG,official_transcript,data/unga_general_debate_verbatim_en/UNGA74_2019/A_74_PV_12_EN.pdf,Mr. Damdin,2343,bold_speaker_and_official_introduction
2019_MOZ,official_transcript,data/unga_general_debate_verbatim_en/UNGA74_2019/A_74_PV_12_EN.pdf,Mr. Pacheco,2189,bold_speaker_and_official_introduction
2019_MRT,official_transcript,data/unga_general_debate_verbatim_en/UNGA74_2019/A_74_PV_5_EN.pdf,President El Ghazouani,1524,bold_speaker_and_official_introduction
2019_MUS,official_transcript,data/unga_general_debate_verbatim_en/UNGA74_2019/A_74_PV_9_EN.pdf,President Vyapoory,2152,bold_speaker_and_official_introduction
2019_MWI,official_transcript,data/unga_general_debate_verbatim_en/UNGA74_2019/A_74_PV_8_EN.pdf,President Mutharika,2514,bold_speaker_and_official_introduction
2019_MYS,official_transcript,data/unga_general_debate_verbatim_en/UNGA74_2019/A_74_PV_10_EN.pdf,Mr. Mohamad,2913,bold_speaker_and_official_introduction
2019_NAM,official_transcript,data/unga_general_debate_verbatim_en/UNGA74_2019/A_74_PV_6_EN.pdf,President Geingob,1775,bold_speaker_and_official_introduction
2019_NER,official_transcript,data/unga_general_debate_verbatim_en/UNGA74_2019/A_74_PV_4_EN.pdf,President Issoufou,2768,bold_speaker_and_official_introduction
2019_NGA,official_transcript,data/unga_general_debate_verbatim_en/UNGA74_2019/A_74_PV_3_EN.pdf,President Buhari,1688,bold_speaker_and_official_introduction
2019_NIC,official_transcript,data/unga_general_debate_verbatim_en/UNGA74_2019/A_74_PV_12_EN.pdf,Mr. Moncada Colindres,1288,bold_speaker_and_official_introduction
2019_NLD,official_transcript,data/unga_general_debate_verbatim_en/UNGA74_2019/A_74_PV_4_EN.pdf,King Willem-Alexander,1997,bold_speaker_and_official_introduction
2019_NOR,official_transcript,data/unga_general_debate_verbatim_en/UNGA74_2019/A_74_PV_9_EN.pdf,Ms. Solberg,2206,bold_speaker_and_official_introduction
2019_NPL,official_transcript,data/unga_general_debate_verbatim_en/UNGA74_2019/A_74_PV_10_EN.pdf,Mr. Gyawali,2393,bold_speaker_and_official_introduction
2019_NRU,official_transcript,data/unga_general_debate_verbatim_en/UNGA74_2019/A_74_PV_8_EN.pdf,President Aingimea,2340,bold_speaker_and_official_introduction
2019_NZL,official_transcript,data/unga_general_debate_verbatim_en/UNGA74_2019/A_74_PV_4_EN.pdf,Ms. Ardern,2792,bold_speaker_and_official_introduction
2019_OMN,official_transcript,data/unga_general_debate_verbatim_en/UNGA74_2019/A_74_PV_12_EN.pdf,Mr. Abdallah,1481,bold_speaker_and_official_introduction
2019_PAK,official_transcript,data/unga_general_debate_verbatim_en/UNGA74_2019/A_74_PV_9_EN.pdf,Mr. Khan,5320,bold_speaker_and_official_introduction
2019_PAN,official_transcript,data/unga_general_debate_verbatim_en/UNGA74_2019/A_74_PV_6_EN.pdf,President Cortizo Cohen,1003,bold_speaker_and_official_introduction
2019_PER,official_transcript,data/unga_general_debate_verbatim_en/UNGA74_2019/A_74_PV_4_EN.pdf,President Vizcarra Cornejo,2390,bold_speaker_and_official_introduction
2019_PHL,official_transcript,data/unga_general_debate_verbatim_en/UNGA74_2019/A_74_PV_12_EN.pdf,Mr. Locsin,3572,bold_speaker_and_official_introduction
2019_PLW,official_transcript,data/unga_general_debate_verbatim_en/UNGA74_2019/A_74_PV_5_EN.pdf,President Remengesau,2126,bold_speaker_and_official_introduction
2019_PNG,official_transcript,data/unga_general_debate_verbatim_en/UNGA74_2019/A_74_PV_10_EN.pdf,Mr. Eoe,3286,bold_speaker_and_official_introduction
2019_POL,official_transcript,data/unga_general_debate_verbatim_en/UNGA74_2019/A_74_PV_4_EN.pdf,President Duda,2526,bold_speaker_and_official_introduction
2019_PRK,official_transcript,data/unga_general_debate_verbatim_en/UNGA74_2019/A_74_PV_13_EN.pdf,Mr. Kim Song,1396,bold_speaker_and_official_introduction
2019_PRT,official_transcript,data/unga_general_debate_verbatim_en/UNGA74_2019/A_74_PV_4_EN.pdf,President Rebelo de Sousa,1634,bold_speaker_and_official_introduction
2019_PRY,official_transcript,data/unga_general_debate_verbatim_en/UNGA74_2019/A_74_PV_10_EN.pdf,Mr. Rivas Palacios,1849,bold_speaker_and_official_introduction
2019_QAT,official_transcript,data/unga_general_debate_verbatim_en/UNGA74_2019/A_74_PV_3_EN.pdf,Sheikh Al-Thani,2516,bold_speaker_and_official_introduction
2019_ROU,official_transcript,data/unga_general_debate_verbatim_en/UNGA74_2019/A_74_PV_5_EN.pdf,President Iohannis,1038,bold_speaker_and_official_introduction
2019_RUS,official_transcript,data/unga_general_debate_verbatim_en/UNGA74_2019/A_74_PV_9_EN.pdf,Mr. Lavrov,2993,bold_speaker_and_official_introduction
2019_RWA,official_transcript,data/unga_general_debate_verbatim_en/UNGA74_2019/A_74_PV_4_EN.pdf,President Kagame,611,bold_speaker_and_official_introduction
2019_SAU,official_transcript,data/unga_general_debate_verbatim_en/UNGA74_2019/A_74_PV_8_EN.pdf,Mr. Al-Assaf,1366,bold_speaker_and_official_introduction
2019_SDN,official_transcript,data/unga_general_debate_verbatim_en/UNGA74_2019/A_74_PV_10_EN.pdf,Mr. Hamdok,1647,bold_speaker_and_official_introduction
2019_SEN,official_transcript,data/unga_general_debate_verbatim_en/UNGA74_2019/A_74_PV_4_EN.pdf,President Sall,1273,bold_speaker_and_official_introduction
2019_SGP,official_transcript,data/unga_general_debate_verbatim_en/UNGA74_2019/A_74_PV_9_EN.pdf,Mr. Lee,1649,bold_speaker_and_official_introduction
2019_SLB,official_transcript,data/unga_general_debate_verbatim_en/UNGA74_2019/A_74_PV_9_EN.pdf,Mr. Manele,3421,bold_speaker_and_official_introduction
2019_SLE,official_transcript,data/unga_general_debate_verbatim_en/UNGA74_2019/A_74_PV_7_EN.pdf,President Bio,2137,bold_speaker_and_official_introduction
2019_SLV,official_transcript,data/unga_general_debate_verbatim_en/UNGA74_2019/A_74_PV_7_EN.pdf,President Bukele,2476,bold_speaker_and_official_introduction
2019_SMR,official_transcript,data/unga_general_debate_verbatim_en/UNGA74_2019/A_74_PV_11_EN.pdf,Mr. Renzi,2736,bold_speaker_and_official_introduction
2019_SOM,official_transcript,data/unga_general_debate_verbatim_en/UNGA74_2019/A_74_PV_7_EN.pdf,President Farmajo,2844,bold_speaker_and_official_introduction
2019_SRB,official_transcript,data/unga_general_debate_verbatim_en/UNGA74_2019/A_74_PV_7_EN.pdf,President Vučić,2414,bold_speaker_and_official_introduction
2019_SSD,official_transcript,data/unga_general_debate_verbatim_en/UNGA74_2019/A_74_PV_8_EN.pdf,Mr. Gai,2255,bold_speaker_and_official_introduction
2019_STP,official_transcript,data/unga_general_debate_verbatim_en/UNGA74_2019/A_74_PV_8_EN.pdf,President Carvalho,1327,bold_speaker_and_official_introduction
2019_SUR,official_transcript,data/unga_general_debate_verbatim_en/UNGA74_2019/A_74_PV_7_EN.pdf,Mr. Adhin,1811,bold_speaker_and_official_introduction
2019_SVK,official_transcript,data/unga_general_debate_verbatim_en/UNGA74_2019/A_74_PV_4_EN.pdf,President Čaputová,1051,bold_speaker_and_official_introduction
2019_SVN,official_transcript,data/unga_general_debate_verbatim_en/UNGA74_2019/A_74_PV_9_EN.pdf,Mr. Šarec,1540,bold_speaker_and_official_introduction
2019_SWE,official_transcript,data/unga_general_debate_verbatim_en/UNGA74_2019/A_74_PV_11_EN.pdf,Ms. Linde,2027,bold_speaker_and_official_introduction
2019_SWZ,official_transcript,data/unga_general_debate_verbatim_en/UNGA74_2019/A_74_PV_5_EN.pdf,King Mswati III,2110,bold_speaker_and_official_introduction
2019_SYC,official_transcript,data/unga_general_debate_verbatim_en/UNGA74_2019/A_74_PV_5_EN.pdf,President Faure,1216,bold_speaker_and_official_introduction
2019_SYR,official_transcript,data/unga_general_debate_verbatim_en/UNGA74_2019/A_74_PV_11_EN.pdf,Mr. Al-Moualem,2933,bold_speaker_and_official_introduction
2019_TCD,official_transcript,data/unga_general_debate_verbatim_en/UNGA74_2019/A_74_PV_5_EN.pdf,President Deby Itno,2028,bold_speaker_and_official_introduction
2019_TGO,official_transcript,data/unga_general_debate_verbatim_en/UNGA74_2019/A_74_PV_13_EN.pdf,Mr. Kpayedo,2057,bold_speaker_and_official_introduction
2019_THA,official_transcript,data/unga_general_debate_verbatim_en/UNGA74_2019/A_74_PV_13_EN.pdf,Mr. Pramudwinai,1582,bold_speaker_and_official_introduction
2019_TJK,official_transcript,data/unga_general_debate_verbatim_en/UNGA74_2019/A_74_PV_9_EN.pdf,Mr. Rasulzoda,1572,bold_speaker_and_official_introduction
2019_TKM,official_transcript,data/unga_general_debate_verbatim_en/UNGA74_2019/A_74_PV_12_EN.pdf,Mr. Meredov,2095,bold_speaker_and_official_introduction
2019_TLS,official_transcript,data/unga_general_debate_verbatim_en/UNGA74_2019/A_74_PV_13_EN.pdf,Mr. Soares,1708,bold_speaker_and_official_introduction
2019_TON,official_transcript,data/unga_general_debate_verbatim_en/UNGA74_2019/A_74_PV_7_EN.pdf,King Tupou,1574,bold_speaker_and_official_introduction
2019_TTO,official_transcript,data/unga_general_debate_verbatim_en/UNGA74_2019/A_74_PV_10_EN.pdf,Mr. Rowley,3018,bold_speaker_and_official_introduction
2019_TUN,official_transcript,data/unga_general_debate_verbatim_en/UNGA74_2019/A_74_PV_9_EN.pdf,Mr. Jhinaoui,2065,bold_speaker_and_official_introduction
2019_TUR,official_transcript,data/unga_general_debate_verbatim_en/UNGA74_2019/A_74_PV_3_EN.pdf,President Erdoğan,3922,bold_speaker_and_official_introduction
2019_TUV,official_transcript,data/unga_general_debate_verbatim_en/UNGA74_2019/A_74_PV_11_EN.pdf,Mr. Taupo,1957,bold_speaker_and_official_introduction
2019_TZA,official_transcript,data/unga_general_debate_verbatim_en/UNGA74_2019/A_74_PV_10_EN.pdf,Mr. Kabudi,2210,bold_speaker_and_official_introduction
2019_UGA,official_transcript,data/unga_general_debate_verbatim_en/UNGA74_2019/A_74_PV_11_EN.pdf,Mr. Rugunda,2432,bold_speaker_and_official_introduction
2019_UKR,official_transcript,data/unga_general_debate_verbatim_en/UNGA74_2019/A_74_PV_5_EN.pdf,President Zelenskyy,1556,bold_speaker_and_official_introduction
2019_URY,official_transcript,data/unga_general_debate_verbatim_en/UNGA74_2019/A_74_PV_13_EN.pdf,Mr. Nin Novoa,2991,bold_speaker_and_official_introduction
2019_USA,official_transcript,data/unga_general_debate_verbatim_en/UNGA74_2019/A_74_PV_3_EN.pdf,President Trump,3808,bold_speaker_and_official_introduction
2019_VCT,official_transcript,data/unga_general_debate_verbatim_en/UNGA74_2019/A_74_PV_10_EN.pdf,Mr. Gonsalves,2713,bold_speaker_and_official_introduction
2019_VEN,official_transcript,data/unga_general_debate_verbatim_en/UNGA74_2019/A_74_PV_10_EN.pdf,Ms. Rodríguez Gómez,3857,bold_speaker_and_official_introduction
2019_VNM,official_transcript,data/unga_general_debate_verbatim_en/UNGA74_2019/A_74_PV_11_EN.pdf,Mr. Pham Binh Minh,1759,bold_speaker_and_official_introduction
2019_VUT,official_transcript,data/unga_general_debate_verbatim_en/UNGA74_2019/A_74_PV_10_EN.pdf,Mr. Salwai,2004,bold_speaker_and_official_introduction
2019_WSM,official_transcript,data/unga_general_debate_verbatim_en/UNGA74_2019/A_74_PV_10_EN.pdf,Mr. Malielegaoi,2294,bold_speaker_and_official_introduction
2019_YEM,official_transcript,data/unga_general_debate_verbatim_en/UNGA74_2019/A_74_PV_12_EN.pdf,Mr. Al-Hadhrami,2070,bold_speaker_and_official_introduction
2019_ZAF,official_transcript,data/unga_general_debate_verbatim_en/UNGA74_2019/A_74_PV_11_EN.pdf,Mrs. Pandor,2412,bold_speaker_and_official_introduction
2019_ZMB,official_transcript,data/unga_general_debate_verbatim_en/UNGA74_2019/A_74_PV_5_EN.pdf,President Lungu,1717,bold_speaker_and_official_introduction
2019_ZWE,official_transcript,data/unga_general_debate_verbatim_en/UNGA74_2019/A_74_PV_6_EN.pdf,President Mnangagwa,1296,bold_speaker_and_official_introduction
2020_AFG,official_transcript,data/unga_general_debate_verbatim_en/UNGA75_2020/A_75_PV_7_EN.pdf,Address by Mr. Mohammad Ashraf Ghani,1898,annex_heading
2020_AGO,official_transcript,data/unga_general_debate_verbatim_en/UNGA75_2020/A_75_PV_5_EN.pdf,Address by Mr. João Manuel Gonçalves Lourenço,1182,annex_heading
2020_ALB,official_transcript,data/unga_general_debate_verbatim_en/UNGA75_2020/A_75_PV_8_EN.pdf,Address by Mr. Ilir Meta,1759,annex_heading
2020_AND,official_transcript,data/unga_general_debate_verbatim_en/UNGA75_2020/A_75_PV_12_EN.pdf,Address by Mr. Xavier Espot Zamora,2489,annex_heading
2020_ARE,official_transcript,data/unga_general_debate_verbatim_en/UNGA75_2020/A_75_PV_14_EN.pdf,Statement by His Highness Sheikh Abdullah Bin Zayed Al Nahyan,1836,annex_heading
2020_ARG,official_transcript,data/unga_general_debate_verbatim_en/UNGA75_2020/A_75_PV_5_EN.pdf,Address by Mr. Alberto Fernández,1885,annex_heading
2020_ARM,official_transcript,data/unga_general_debate_verbatim_en/UNGA75_2020/A_75_PV_10_EN.pdf,Address by Mr. Nikol Pashinyan,1481,annex_heading
2020_ATG,official_transcript,data/unga_general_debate_verbatim_en/UNGA75_2020/A_75_PV_11_EN.pdf,Address by Mr. Gaston Alphonso Browne,1675,annex_heading
2020_AUS,official_transcript,data/unga_general_debate_verbatim_en/UNGA75_2020/A_75_PV_11_EN.pdf,Address by Mr. Scott Morrison,1962,annex_heading
2020_AUT,official_transcript,data/unga_general_debate_verbatim_en/UNGA75_2020/A_75_PV_13_EN.pdf,Statement by Mr. Alexander Schallenberg,1699,annex_heading
2020_AZE,official_transcript,data/unga_general_debate_verbatim_en/UNGA75_2020/A_75_PV_9_EN.pdf,Address by Mr. Ilham Heydar oglu Aliyev,3185,annex_heading
2020_BDI,official_transcript,data/unga_general_debate_verbatim_en/UNGA75_2020/A_75_PV_9_EN.pdf,Address by Mr. Evariste Ndayishimiye,1939,annex_heading
2020_BEL,official_transcript,data/unga_general_debate_verbatim_en/UNGA75_2020/A_75_PV_12_EN.pdf,Statement by Ms. Sophie Wilmès,2138,annex_heading
2020_BEN,official_transcript,data/unga_general_debate_verbatim_en/UNGA75_2020/A_75_PV_14_EN.pdf,Statement by Mr. Aurélien Agbenonci,1340,annex_heading
2020_BFA,official_transcript,data/unga_general_debate_verbatim_en/UNGA75_2020/A_75_PV_8_EN.pdf,Address by Mr. Roch Marc Christian Kaboré,1820,annex_heading
2020_BGD,official_transcript,data/unga_general_debate_verbatim_en/UNGA75_2020/A_75_PV_12_EN.pdf,Address by Sheikh Hasina,2037,annex_heading
2020_BGR,official_transcript,data/unga_general_debate_verbatim_en/UNGA75_2020/A_75_PV_11_EN.pdf,Address by Mr. Boyko Borissov,1692,annex_heading
2020_BHR,official_transcript,data/unga_general_debate_verbatim_en/UNGA75_2020/A_75_PV_8_EN.pdf,Address by His Majesty King Hamad bin Isa Al Khalifa,1152,annex_heading
2020_BHS,official_transcript,data/unga_general_debate_verbatim_en/UNGA75_2020/A_75_PV_13_EN.pdf,Address by Mr. Hubert Alexander Minnis,1320,annex_heading
2020_BIH,official_transcript,data/unga_general_debate_verbatim_en/UNGA75_2020/A_75_PV_6_EN.pdf,Address by Mr. Šefik Džaferović,2389,annex_heading
2020_BLR,official_transcript,data/unga_general_debate_verbatim_en/UNGA75_2020/A_75_PV_13_EN.pdf,Statement by Mr. Vladimir Makei,1839,annex_heading
2020_BLZ,official_transcript,data/unga_general_debate_verbatim_en/UNGA75_2020/A_75_PV_14_EN.pdf,Statement by Mr. Wilfred Peter Elrington,2975,annex_heading
2020_BOL,official_transcript,data/unga_general_debate_verbatim_en/UNGA75_2020/A_75_PV_7_EN.pdf,Address by Ms. Jeanine Áñez Chávez,1449,annex_heading
2020_BRA,official_transcript,data/unga_general_debate_verbatim_en/UNGA75_2020/A_75_PV_4_EN.pdf,Address by Mr. Jair Messias Bolsonaro,1842,annex_heading
2020_BRB,official_transcript,data/unga_general_debate_verbatim_en/UNGA75_2020/A_75_PV_15_EN.pdf,Statement by Mr. Jerome Xavier Walcott,1882,annex_heading
2020_BTN,official_transcript,data/unga_general_debate_verbatim_en/UNGA75_2020/A_75_PV_11_EN.pdf,Address by Dr. Lotay Tshering,2253,annex_heading
2020_BWA,official_transcript,data/unga_general_debate_verbatim_en/UNGA75_2020/A_75_PV_8_EN.pdf,Address by Mr. Mokgweetsi Eric Keabetswe Masisi,2353,annex_heading
2020_CAF,official_transcript,data/unga_general_debate_verbatim_en/UNGA75_2020/A_75_PV_9_EN.pdf,Address by Mr. Faustin Archange Touadera,1413,annex_heading
2020_CAN,official_transcript,data/unga_general_debate_verbatim_en/UNGA75_2020/A_75_PV_11_EN.pdf,Address by Mr. Justin Trudeau,1411,annex_heading
2020_CHE,official_transcript,data/unga_general_debate_verbatim_en/UNGA75_2020/A_75_PV_7_EN.pdf,Address by Ms. Simonetta Sommaruga,1039,annex_heading
2020_CHL,official_transcript,data/unga_general_debate_verbatim_en/UNGA75_2020/A_75_PV_4_EN.pdf,Address by Mr. Sebastián Piñera Echenique,3092,annex_heading
2020_CHN,official_transcript,data/unga_general_debate_verbatim_en/UNGA75_2020/A_75_PV_4_EN.pdf,Address by Mr. Xi Jinping,1847,annex_heading
2020_CIV,official_transcript,data/unga_general_debate_verbatim_en/UNGA75_2020/A_75_PV_8_EN.pdf,Address by Mr. Alassane Ouattara,1756,annex_heading
2020_CMR,official_transcript,data/unga_general_debate_verbatim_en/UNGA75_2020/A_75_PV_15_EN.pdf,Statement by Mr. Lejeune Mbella Mbella,1275,annex_heading
2020_COD,official_transcript,data/unga_general_debate_verbatim_en/UNGA75_2020/A_75_PV_5_EN.pdf,Address by Mr. Félix Antoine Tshilombo Tshisekedi,2402,annex_heading
2020_COG,official_transcript,data/unga_general_debate_verbatim_en/UNGA75_2020/A_75_PV_8_EN.pdf,Address by Mr. Denis Sassou Nguesso,779,annex_heading
2020_COL,official_transcript,data/unga_general_debate_verbatim_en/UNGA75_2020/A_75_PV_5_EN.pdf,Address by Mr. Iván Duque Márquez,1788,annex_heading
2020_COM,official_transcript,data/unga_general_debate_verbatim_en/UNGA75_2020/A_75_PV_9_EN.pdf,Address by Mr. Azali Assoumani,1872,annex_heading
2020_CPV,official_transcript,data/unga_general_debate_verbatim_en/UNGA75_2020/A_75_PV_13_EN.pdf,Address by Mr. José Ulisses Correia e Silva,1319,annex_heading
2020_CRI,official_transcript,data/unga_general_debate_verbatim_en/UNGA75_2020/A_75_PV_5_EN.pdf,Address by Mr. Carlos Alvarado Quesada,2365,annex_heading
2020_CUB,official_transcript,data/unga_general_debate_verbatim_en/UNGA75_2020/A_75_PV_4_EN.pdf,Address by Mr. Miguel Díaz Canel Bermúdez,2533,annex_heading
2020_CYP,official_transcript,data/unga_general_debate_verbatim_en/UNGA75_2020/A_75_PV_8_EN.pdf,Address by Mr. Nicos Anastasiades,2643,annex_heading
2020_CZE,official_transcript,data/unga_general_debate_verbatim_en/UNGA75_2020/A_75_PV_10_EN.pdf,Address by Mr. Andrej Babiš,1986,annex_heading
2020_DEU,official_transcript,data/unga_general_debate_verbatim_en/UNGA75_2020/A_75_PV_14_EN.pdf,Statement by Mr. Heiko Maas,1850,annex_heading
2020_DJI,official_transcript,data/unga_general_debate_verbatim_en/UNGA75_2020/A_75_PV_9_EN.pdf,Address by Mr. Ismaël Omar Guelleh,1579,annex_heading
2020_DMA,official_transcript,data/unga_general_debate_verbatim_en/UNGA75_2020/A_75_PV_14_EN.pdf,Statement by Mr. Kenneth Darroux,1534,annex_heading
2020_DNK,official_transcript,data/unga_general_debate_verbatim_en/UNGA75_2020/A_75_PV_11_EN.pdf,Statement by Ms. Mette Frederiksen,603,annex_heading
2020_DOM,official_transcript,data/unga_general_debate_verbatim_en/UNGA75_2020/A_75_PV_7_EN.pdf,Address by Mr. Luis Rodolfo Abinader Corona,1804,annex_heading
2020_DZA,official_transcript,data/unga_general_debate_verbatim_en/UNGA75_2020/A_75_PV_6_EN.pdf,Address by Mr. Abdelmadjid Tebboune,1283,annex_heading
2020_ECU,official_transcript,data/unga_general_debate_verbatim_en/UNGA75_2020/A_75_PV_7_EN.pdf,Address by Mr. Lenin Moreno Garcés,1281,annex_heading
2020_EGY,official_transcript,data/unga_general_debate_verbatim_en/UNGA75_2020/A_75_PV_5_EN.pdf,Address by Mr. Abdel Fattah Al Sisi,3401,annex_heading
2020_ERI,official_transcript,data/unga_general_debate_verbatim_en/UNGA75_2020/A_75_PV_14_EN.pdf,Statement by Mr. Osman Saleh Mohammed,540,annex_heading
2020_ESP,official_transcript,data/unga_general_debate_verbatim_en/UNGA75_2020/A_75_PV_10_EN.pdf,Address by Mr. Pedro Sánchez Pérez-Castejón,3275,annex_heading
2020_EST,official_transcript,data/unga_general_debate_verbatim_en/UNGA75_2020/A_75_PV_8_EN.pdf,Address by Mrs. Kersti Kaljulaid,932,annex_heading
2020_ETH,official_transcript,data/unga_general_debate_verbatim_en/UNGA75_2020/A_75_PV_11_EN.pdf,Address by Mr. Abiy Ahmed,1087,annex_heading
2020_FIN,official_transcript,data/unga_general_debate_verbatim_en/UNGA75_2020/A_75_PV_6_EN.pdf,Address by Mr. Sauli Niinistö,1468,annex_heading
2020_FJI,official_transcript,data/unga_general_debate_verbatim_en/UNGA75_2020/A_75_PV_12_EN.pdf,Address by Mr. Josaia Voreqe Bainimarama,1719,annex_heading
2020_FRA,official_transcript,data/unga_general_debate_verbatim_en/UNGA75_2020/A_75_PV_4_EN.pdf,Address by Mr. Emmanuel Macron,7082,annex_heading
2020_FSM,official_transcript,data/unga_general_debate_verbatim_en/UNGA75_2020/A_75_PV_10_EN.pdf,Address by Mr. David W. Panuelo,2364,annex_heading
2020_GAB,official_transcript,data/unga_general_debate_verbatim_en/UNGA75_2020/A_75_PV_8_EN.pdf,Address by Mr. Ali Bongo Ondimba,1708,annex_heading
2020_GBR,official_transcript,data/unga_general_debate_verbatim_en/UNGA75_2020/A_75_PV_12_EN.pdf,Address by Mr. Boris Johnson,2185,annex_heading
2020_GEO,official_transcript,data/unga_general_debate_verbatim_en/UNGA75_2020/A_75_PV_10_EN.pdf,Address by Mr. Giorgi Gakharia,1966,annex_heading
2020_GHA,official_transcript,data/unga_general_debate_verbatim_en/UNGA75_2020/A_75_PV_6_EN.pdf,Address by Nana Addo Dankwa Akufo-Addo,1517,annex_heading
2020_GIN,official_transcript,data/unga_general_debate_verbatim_en/UNGA75_2020/A_75_PV_8_EN.pdf,Address by Mr. Alpha Condé,904,annex_heading
2020_GMB,official_transcript,data/unga_general_debate_verbatim_en/UNGA75_2020/A_75_PV_8_EN.pdf,Address by Mr. Adama Barrow,1484,annex_heading
2020_GNB,official_transcript,data/unga_general_debate_verbatim_en/UNGA75_2020/A_75_PV_9_EN.pdf,Address by Mr. Úmaro Sissoco Embaló,1470,annex_heading
2020_GNQ,official_transcript,data/unga_general_debate_verbatim_en/UNGA75_2020/A_75_PV_9_EN.pdf,Address by Mr. Teodoro Obiang Nguema Mbasogo,1525,annex_heading
2020_GRC,official_transcript,data/unga_general_debate_verbatim_en/UNGA75_2020/A_75_PV_10_EN.pdf,Address by Mr. Kyriakos Mitsotakis,1582,annex_heading
2020_GRD,official_transcript,data/unga_general_debate_verbatim_en/UNGA75_2020/A_75_PV_15_EN.pdf,Statement by Mr. C. Peter David,1354,annex_heading
2020_GTM,official_transcript,data/unga_general_debate_verbatim_en/UNGA75_2020/A_75_PV_14_EN.pdf,Statement by Mr. Pedro Brolo Vila,2020,annex_heading
2020_GUY,official_transcript,data/unga_general_debate_verbatim_en/UNGA75_2020/A_75_PV_7_EN.pdf,Address by Mr. Mohamed Irfaan Ali,1752,annex_heading
2020_HND,official_transcript,data/unga_general_debate_verbatim_en/UNGA75_2020/A_75_PV_6_EN.pdf,Address by Mr. Juan Orlando Hernández Alvarado,2034,annex_heading
2020_HRV,official_transcript,data/unga_general_debate_verbatim_en/UNGA75_2020/A_75_PV_10_EN.pdf,Address by Mr. Andrej Plenković,2284,annex_heading
2020_HTI,official_transcript,data/unga_general_debate_verbatim_en/UNGA75_2020/A_75_PV_9_EN.pdf,Address by Mr. Jovenel Moïse,1067,annex_heading
2020_HUN,official_transcript,data/unga_general_debate_verbatim_en/UNGA75_2020/A_75_PV_6_EN.pdf,Address by Mr. János Áder,681,annex_heading
2020_IDN,official_transcript,data/unga_general_debate_verbatim_en/UNGA75_2020/A_75_PV_5_EN.pdf,Address by Mr. Joko Widodo,945,annex_heading
2020_IND,official_transcript,data/unga_general_debate_verbatim_en/UNGA75_2020/A_75_PV_12_EN.pdf,Address by Mr. Narendra Modi,1637,annex_heading
2020_IRL,official_transcript,data/unga_general_debate_verbatim_en/UNGA75_2020/A_75_PV_12_EN.pdf,Statement by Mr. Micheál Martin,1995,annex_heading
2020_IRN,official_transcript,data/unga_general_debate_verbatim_en/UNGA75_2020/A_75_PV_4_EN.pdf,Address by Mr. Hassan Rouhani,1608,annex_heading
2020_IRQ,official_transcript,data/unga_general_debate_verbatim_en/UNGA75_2020/A_75_PV_6_EN.pdf,Address by Mr. Barham Salih,1889,annex_heading
2020_ISL,official_transcript,data/unga_general_debate_verbatim_en/UNGA75_2020/A_75_PV_14_EN.pdf,Statement by Mr. Gudlaugur Thór Thórdarson,1588,annex_heading
2020_ISR,official_transcript,data/unga_general_debate_verbatim_en/UNGA75_2020/A_75_PV_14_EN.pdf,Address by Mr. Benjamin Netanyahu,1490,annex_heading
2020_ITA,official_transcript,data/unga_general_debate_verbatim_en/UNGA75_2020/A_75_PV_10_EN.pdf,Address by Mr. Giuseppe Conte,2560,annex_heading
2020_JAM,official_transcript,data/unga_general_debate_verbatim_en/UNGA75_2020/A_75_PV_12_EN.pdf,Address by Mr. Andrew Holness,1448,annex_heading
2020_JOR,official_transcript,data/unga_general_debate_verbatim_en/UNGA75_2020/A_75_PV_4_EN.pdf,Address by His Majesty King Abdullah II ibn Al Hussein,738,annex_heading
2020_JPN,official_transcript,data/unga_general_debate_verbatim_en/UNGA75_2020/A_75_PV_11_EN.pdf,Address by Mr. Suga Yoshihide,1555,annex_heading
2020_KAZ,official_transcript,data/unga_general_debate_verbatim_en/UNGA75_2020/A_75_PV_6_EN.pdf,Address by Mr. Kassym-Jomart Tokayev,1794,annex_heading
2020_KEN,official_transcript,data/unga_general_debate_verbatim_en/UNGA75_2020/A_75_PV_6_EN.pdf,Address by Mr. Uhuru Kenyatta,2343,annex_heading
2020_KGZ,official_transcript,data/unga_general_debate_verbatim_en/UNGA75_2020/A_75_PV_6_EN.pdf,Address by Mr. Sooronbai Zheenbekov,1074,annex_heading
2020_KHM,official_transcript,data/unga_general_debate_verbatim_en/UNGA75_2020/A_75_PV_12_EN.pdf,Address by Mr. Samdech Akka Moha Sena Padei Techo Hun Sen,1618,annex_heading
2020_KIR,official_transcript,data/unga_general_debate_verbatim_en/UNGA75_2020/A_75_PV_11_EN.pdf,Address by Mr. Taneti Maamau,1962,annex_heading
2020_KNA,official_transcript,data/unga_general_debate_verbatim_en/UNGA75_2020/A_75_PV_13_EN.pdf,Address by Mr. Timothy S. Harris,1877,annex_heading
2020_KOR,official_transcript,data/unga_general_debate_verbatim_en/UNGA75_2020/A_75_PV_4_EN.pdf,Address by Moon Jae-in,2069,annex_heading
2020_KWT,official_transcript,data/unga_general_debate_verbatim_en/UNGA75_2020/A_75_PV_10_EN.pdf,Address by Sheikh Sabah Khaled Al-Hamad Al-Sabah,2340,annex_heading
2020_LAO,official_transcript,data/unga_general_debate_verbatim_en/UNGA75_2020/A_75_PV_12_EN.pdf,Address by Mr. Thongloun Sisoulith,1885,annex_heading
2020_LBN,official_transcript,data/unga_general_debate_verbatim_en/UNGA75_2020/A_75_PV_6_EN.pdf,Address by General Michel Aoun,1689,annex_heading
2020_LBR,official_transcript,data/unga_general_debate_verbatim_en/UNGA75_2020/A_75_PV_6_EN.pdf,Address by Mr. George Manneh Weah,1396,annex_heading
2020_LBY,official_transcript,data/unga_general_debate_verbatim_en/UNGA75_2020/A_75_PV_8_EN.pdf,Address by Mr. Faiez Mustafa Serraj,2834,annex_heading
2020_LCA,official_transcript,data/unga_general_debate_verbatim_en/UNGA75_2020/A_75_PV_13_EN.pdf,Address by Mr. Allen Michael Chastanet,2245,annex_heading
2020_LIE,official_transcript,data/unga_general_debate_verbatim_en/UNGA75_2020/A_75_PV_13_EN.pdf,Statement by Ms. Katrin Eggenberger,2060,annex_heading
2020_LKA,official_transcript,data/unga_general_debate_verbatim_en/UNGA75_2020/A_75_PV_5_EN.pdf,Address by Mr. Gotabaya Rajapaksa,1650,annex_heading
2020_LSO,official_transcript,data/unga_general_debate_verbatim_en/UNGA75_2020/A_75_PV_12_EN.pdf,Address by Mr. Moeketsi Majoro,2544,annex_heading
2020_LTU,official_transcript,data/unga_general_debate_verbatim_en/UNGA75_2020/A_75_PV_5_EN.pdf,Address by Mr. Gitanas Nausėda,1800,annex_heading
2020_LUX,official_transcript,data/unga_general_debate_verbatim_en/UNGA75_2020/A_75_PV_11_EN.pdf,Address by Mr. Xavier Bettel,2412,annex_heading
2020_LVA,official_transcript,data/unga_general_debate_verbatim_en/UNGA75_2020/A_75_PV_5_EN.pdf,Address by Mr. Egils Levits,1392,annex_heading
2020_MAR,official_transcript,data/unga_general_debate_verbatim_en/UNGA75_2020/A_75_PV_12_EN.pdf,Address by Mr. Saad-Eddine El Othmani,2476,annex_heading
2020_MCO,official_transcript,data/unga_general_debate_verbatim_en/UNGA75_2020/A_75_PV_8_EN.pdf,Address by His Serene Highness Prince Albert II of Monaco,1610,annex_heading
2020_MDA,official_transcript,data/unga_general_debate_verbatim_en/UNGA75_2020/A_75_PV_6_EN.pdf,Address by Mr. Igor Dodon,2475,annex_heading
2020_MDG,official_transcript,data/unga_general_debate_verbatim_en/UNGA75_2020/A_75_PV_13_EN.pdf,Address by Mr. Christian Ntsay,1759,annex_heading
2020_MDV,official_transcript,data/unga_general_debate_verbatim_en/UNGA75_2020/A_75_PV_14_EN.pdf,Statement by Mr. Abdulla Shahid,2104,annex_heading
2020_MEX,official_transcript,data/unga_general_debate_verbatim_en/UNGA75_2020/A_75_PV_5_EN.pdf,Address by Mr. Manuel López Obrador,1360,annex_heading
2020_MHL,official_transcript,data/unga_general_debate_verbatim_en/UNGA75_2020/A_75_PV_7_EN.pdf,Address by Mr. David Kabua,1658,annex_heading
2020_MKD,official_transcript,data/unga_general_debate_verbatim_en/UNGA75_2020/A_75_PV_6_EN.pdf,Address by Mr. Stevo Pendarovski,1593,annex_heading
2020_MLT,official_transcript,data/unga_general_debate_verbatim_en/UNGA75_2020/A_75_PV_11_EN.pdf,Address by Mr. Robert Abela,3003,annex_heading
2020_MMR,official_transcript,data/unga_general_debate_verbatim_en/UNGA75_2020/A_75_PV_14_EN.pdf,Statement by Mr. U Kyaw Tint Swe,3931,annex_heading
2020_MNE,official_transcript,data/unga_general_debate_verbatim_en/UNGA75_2020/A_75_PV_14_EN.pdf,Statement by Mr. Srđan Darmanović,1927,annex_heading
2020_MNG,official_transcript,data/unga_general_debate_verbatim_en/UNGA75_2020/A_75_PV_7_EN.pdf,Address by Mr. Battulga Khaltmaa,749,annex_heading
2020_MOZ,official_transcript,data/unga_general_debate_verbatim_en/UNGA75_2020/A_75_PV_6_EN.pdf,Address by Mr. Filipe Jacinto Nyusi,1846,annex_heading
2020_MRT,official_transcript,data/unga_general_debate_verbatim_en/UNGA75_2020/A_75_PV_14_EN.pdf,Statement by Mr. Ismail Ould Cheikh Ahmed,1340,annex_heading
2020_MUS,official_transcript,data/unga_general_debate_verbatim_en/UNGA75_2020/A_75_PV_12_EN.pdf,Address by Mr. Pravind Kumar Jugnauth,2125,annex_heading
2020_MWI,official_transcript,data/unga_general_debate_verbatim_en/UNGA75_2020/A_75_PV_8_EN.pdf,Address by Mr. Lazarus McCarthy Chakwera,1526,annex_heading
2020_MYS,official_transcript,data/unga_general_debate_verbatim_en/UNGA75_2020/A_75_PV_12_EN.pdf,Address by Mr. Muhyiddin Mohd Yassin,2488,annex_heading
2020_NAM,official_transcript,data/unga_general_debate_verbatim_en/UNGA75_2020/A_75_PV_6_EN.pdf,Address by Mr. Hage Geingob,1399,annex_heading
2020_NER,official_transcript,data/unga_general_debate_verbatim_en/UNGA75_2020/A_75_PV_8_EN.pdf,Address by Mr. Mahamadou Issoufou,3270,annex_heading
2020_NGA,official_transcript,data/unga_general_debate_verbatim_en/UNGA75_2020/A_75_PV_5_EN.pdf,Address by Mr. Muhammadu Buhari,2019,annex_heading
2020_NIC,official_transcript,data/unga_general_debate_verbatim_en/UNGA75_2020/A_75_PV_14_EN.pdf,Statement by Mr. Denis Ronaldo Moncada Colindres,1432,annex_heading
2020_NLD,official_transcript,data/unga_general_debate_verbatim_en/UNGA75_2020/A_75_PV_10_EN.pdf,Address by Mr. Mark Rutte,909,annex_heading
2020_NOR,official_transcript,data/unga_general_debate_verbatim_en/UNGA75_2020/A_75_PV_12_EN.pdf,Address by Ms. Erna Solberg,1771,annex_heading
2020_NPL,official_transcript,data/unga_general_debate_verbatim_en/UNGA75_2020/A_75_PV_10_EN.pdf,Address by Mr. K. P. Sharma Oli,2521,annex_heading
2020_NRU,official_transcript,data/unga_general_debate_verbatim_en/UNGA75_2020/A_75_PV_9_EN.pdf,Address by Mr. Lionel Rouwen Aingimea,2433,annex_heading
2020_NZL,official_transcript,data/unga_general_debate_verbatim_en/UNGA75_2020/A_75_PV_15_EN.pdf,Mr. Hawke,1531,bold_speaker_and_official_introduction
2020_OMN,official_transcript,data/unga_general_debate_verbatim_en/UNGA75_2020/A_75_PV_14_EN.pdf,Statement by Mr. Sayyid Badr bin Hamad bin Hamood Albusaidi,1137,annex_heading
2020_PAK,official_transcript,data/unga_general_debate_verbatim_en/UNGA75_2020/A_75_PV_10_EN.pdf,Address by Mr. Imran Khan,2729,annex_heading
2020_PAN,official_transcript,data/unga_general_debate_verbatim_en/UNGA75_2020/A_75_PV_7_EN.pdf,Address by Mr. Laurentino Cortizo Cohen,1100,annex_heading
2020_PER,official_transcript,data/unga_general_debate_verbatim_en/UNGA75_2020/A_75_PV_5_EN.pdf,Address by Mr. Martín Vizcarra Cornejo,1766,annex_heading
2020_PHL,official_transcript,data/unga_general_debate_verbatim_en/UNGA75_2020/A_75_PV_4_EN.pdf,Address by Mr. Rodrigo Roa Duterte,2028,annex_heading
2020_PLW,official_transcript,data/unga_general_debate_verbatim_en/UNGA75_2020/A_75_PV_6_EN.pdf,Address by Mr. Tommy Esang Remengesau Jr.,2838,annex_heading
2020_PNG,official_transcript,data/unga_general_debate_verbatim_en/UNGA75_2020/A_75_PV_11_EN.pdf,Address by Mr. James Marape,2404,annex_heading
2020_POL,official_transcript,data/unga_general_debate_verbatim_en/UNGA75_2020/A_75_PV_7_EN.pdf,Address by Mr. Andrzej Duda,2253,annex_heading
2020_PRK,official_transcript,data/unga_general_debate_verbatim_en/UNGA75_2020/A_75_PV_15_EN.pdf,Mr. Song Kim,1342,bold_speaker_and_official_introduction
2020_PRT,official_transcript,data/unga_general_debate_verbatim_en/UNGA75_2020/A_75_PV_11_EN.pdf,Address by Mr. António Costa,1643,annex_heading
2020_PRY,official_transcript,data/unga_general_debate_verbatim_en/UNGA75_2020/A_75_PV_7_EN.pdf,Address by Mr. Mario Abdo Benítez,826,annex_heading
2020_QAT,official_transcript,data/unga_general_debate_verbatim_en/UNGA75_2020/A_75_PV_4_EN.pdf,Address by His Highness Sheikh Tamim bin Hamad Al-Thani,2068,annex_heading
2020_ROU,official_transcript,data/unga_general_debate_verbatim_en/UNGA75_2020/A_75_PV_14_EN.pdf,Statement by Mr. Bogdan Lucian Aurescu,1943,annex_heading
2020_RUS,official_transcript,data/unga_general_debate_verbatim_en/UNGA75_2020/A_75_PV_4_EN.pdf,Address by Mr. Vladimir Putin,2342,annex_heading
2020_RWA,official_transcript,data/unga_general_debate_verbatim_en/UNGA75_2020/A_75_PV_5_EN.pdf,Address by Mr. Paul Kagame,638,annex_heading
2020_SAU,official_transcript,data/unga_general_debate_verbatim_en/UNGA75_2020/A_75_PV_6_EN.pdf,Address by His Majesty King Salman Bin Abdulaziz Al-Saud,1763,annex_heading
2020_SDN,official_transcript,data/unga_general_debate_verbatim_en/UNGA75_2020/A_75_PV_13_EN.pdf,Address by Mr. Abdalla Adam Hamdok,2054,annex_heading
2020_SEN,official_transcript,data/unga_general_debate_verbatim_en/UNGA75_2020/A_75_PV_13_EN.pdf,Statement by Mr. Amadou Ba,2228,annex_heading
2020_SGP,official_transcript,data/unga_general_debate_verbatim_en/UNGA75_2020/A_75_PV_13_EN.pdf,Statement by Mr.Vivian Balakrishnan,2098,annex_heading
2020_SLB,official_transcript,data/unga_general_debate_verbatim_en/UNGA75_2020/A_75_PV_12_EN.pdf,Address by Mr. Manasseh Sogavare,2368,annex_heading
2020_SLE,official_transcript,data/unga_general_debate_verbatim_en/UNGA75_2020/A_75_PV_9_EN.pdf,Address by Mr. Mohamed Juldeh Jalloh,1788,annex_heading
2020_SLV,official_transcript,data/unga_general_debate_verbatim_en/UNGA75_2020/A_75_PV_15_EN.pdf,Address by Mr. Nayib Armando Bukele,2344,annex_heading
2020_SMR,official_transcript,data/unga_general_debate_verbatim_en/UNGA75_2020/A_75_PV_14_EN.pdf,Statement by Mr. Luca Beccari,1980,annex_heading
2020_SOM,official_transcript,data/unga_general_debate_verbatim_en/UNGA75_2020/A_75_PV_9_EN.pdf,Address by Mr. Mohamed Abdullahi Mohamed Farmajo,1400,annex_heading
2020_SRB,official_transcript,data/unga_general_debate_verbatim_en/UNGA75_2020/A_75_PV_7_EN.pdf,Address by Mr. Aleksandar Vučić,2609,annex_heading
2020_STP,official_transcript,data/unga_general_debate_verbatim_en/UNGA75_2020/A_75_PV_9_EN.pdf,Address by Mr. Evaristo do Espirito Santo Carvalho,1239,annex_heading
2020_SUR,official_transcript,data/unga_general_debate_verbatim_en/UNGA75_2020/A_75_PV_7_EN.pdf,Address by Mr. Chandrikapersad Santokhi,1234,annex_heading
2020_SVK,official_transcript,data/unga_general_debate_verbatim_en/UNGA75_2020/A_75_PV_6_EN.pdf,Address by Ms. Zuzana Čaputová,961,annex_heading
2020_SVN,official_transcript,data/unga_general_debate_verbatim_en/UNGA75_2020/A_75_PV_8_EN.pdf,Address by Mr. Borut Pahor,1246,annex_heading
2020_SWE,official_transcript,data/unga_general_debate_verbatim_en/UNGA75_2020/A_75_PV_12_EN.pdf,Address by Mr. Stefan Löfven,1578,annex_heading
2020_SWZ,official_transcript,data/unga_general_debate_verbatim_en/UNGA75_2020/A_75_PV_11_EN.pdf,Address by Mr. Ambrose Mandvulo Dlamini,2233,annex_heading
2020_SYC,official_transcript,data/unga_general_debate_verbatim_en/UNGA75_2020/A_75_PV_5_EN.pdf,Address by Mr. Danny Faure,1537,annex_heading
2020_SYR,official_transcript,data/unga_general_debate_verbatim_en/UNGA75_2020/A_75_PV_13_EN.pdf,Statement by Mr. Walid Al-Moualem,2054,annex_heading
2020_TCD,official_transcript,data/unga_general_debate_verbatim_en/UNGA75_2020/A_75_PV_11_EN.pdf,Statement by Mr. Amine Abba Sidick,2321,annex_heading
2020_TGO,official_transcript,data/unga_general_debate_verbatim_en/UNGA75_2020/A_75_PV_15_EN.pdf,Mr. Kpayedo,1556,bold_speaker_and_official_introduction
2020_THA,official_transcript,data/unga_general_debate_verbatim_en/UNGA75_2020/A_75_PV_11_EN.pdf,Address by General Prayut Chan-o-cha,1840,annex_heading
2020_TJK,official_transcript,data/unga_general_debate_verbatim_en/UNGA75_2020/A_75_PV_5_EN.pdf,Address by Mr. Emomali Rahmon,2385,annex_heading
2020_TKM,official_transcript,data/unga_general_debate_verbatim_en/UNGA75_2020/A_75_PV_5_EN.pdf,Address by Mr. Gurbanguly Berdimuhamedov,2211,annex_heading
2020_TLS,official_transcript,data/unga_general_debate_verbatim_en/UNGA75_2020/A_75_PV_9_EN.pdf,Address by Mr. Francisco Guterres Lú-Olo,1405,annex_heading
2020_TON,official_transcript,data/unga_general_debate_verbatim_en/UNGA75_2020/A_75_PV_11_EN.pdf,Address by Mr. Pohiva Tu’i’onetoa,1720,annex_heading
2020_TTO,official_transcript,data/unga_general_debate_verbatim_en/UNGA75_2020/A_75_PV_13_EN.pdf,Address by Mr. Keith Rowley,2363,annex_heading
2020_TUN,official_transcript,data/unga_general_debate_verbatim_en/UNGA75_2020/A_75_PV_14_EN.pdf,Statement by Mr. Othman Jerandi,772,annex_heading
2020_TUR,official_transcript,data/unga_general_debate_verbatim_en/UNGA75_2020/A_75_PV_4_EN.pdf,Address by Mr. Recep Tayyip Erdoğan,3071,annex_heading
2020_TUV,official_transcript,data/unga_general_debate_verbatim_en/UNGA75_2020/A_75_PV_10_EN.pdf,Address by Mr. Kausea Natano,1425,annex_heading
2020_TZA,official_transcript,data/unga_general_debate_verbatim_en/UNGA75_2020/A_75_PV_15_EN.pdf,Mr. Gastorn,1939,bold_speaker_and_official_introduction
2020_UGA,official_transcript,data/unga_general_debate_verbatim_en/UNGA75_2020/A_75_PV_15_EN.pdf,Mr. Ayebare,2570,bold_speaker_and_official_introduction
2020_UKR,official_transcript,data/unga_general_debate_verbatim_en/UNGA75_2020/A_75_PV_7_EN.pdf,Address by Mr. Volodymyr Zelenskyy,1712,annex_heading
2020_URY,official_transcript,data/unga_general_debate_verbatim_en/UNGA75_2020/A_75_PV_5_EN.pdf,Address by Mr. Luis Lacalle Pou,2055,annex_heading
2020_USA,official_transcript,data/unga_general_debate_verbatim_en/UNGA75_2020/A_75_PV_4_EN.pdf,Address by Mr. Donald Trump,979,annex_heading
2020_UZB,official_transcript,data/unga_general_debate_verbatim_en/UNGA75_2020/A_75_PV_6_EN.pdf,Address by Mr. Shavkat Mirziyoyev,1660,annex_heading
2020_VCT,official_transcript,data/unga_general_debate_verbatim_en/UNGA75_2020/A_75_PV_12_EN.pdf,Address by Mr. Ralph Gonsalves,2168,annex_heading
2020_VEN,official_transcript,data/unga_general_debate_verbatim_en/UNGA75_2020/A_75_PV_7_EN.pdf,Address by Mr. Nicolás Maduro Moros,3949,annex_heading
2020_VNM,official_transcript,data/unga_general_debate_verbatim_en/UNGA75_2020/A_75_PV_9_EN.pdf,Address by Mr. Nguyen Phu Trong,1096,annex_heading
2020_VUT,official_transcript,data/unga_general_debate_verbatim_en/UNGA75_2020/A_75_PV_13_EN.pdf,Address by Mr. Bob Loughman,2231,annex_heading
2020_WSM,official_transcript,data/unga_general_debate_verbatim_en/UNGA75_2020/A_75_PV_12_EN.pdf,Address by Mr. Tuilaepa Sailele Malielegaoi,1864,annex_heading
2020_YEM,official_transcript,data/unga_general_debate_verbatim_en/UNGA75_2020/A_75_PV_8_EN.pdf,Address by Mr. Abdrabuh Mansour Hadi Mansour,1324,annex_heading
2020_ZAF,official_transcript,data/unga_general_debate_verbatim_en/UNGA75_2020/A_75_PV_4_EN.pdf,Address by Mr. Matamela Cyril Ramaphosa,1495,annex_heading
2020_ZMB,official_transcript,data/unga_general_debate_verbatim_en/UNGA75_2020/A_75_PV_9_EN.pdf,Address by Mr. Edgar Chagwa Lungu,679,annex_heading
2020_ZWE,official_transcript,data/unga_general_debate_verbatim_en/UNGA75_2020/A_75_PV_9_EN.pdf,Address by Mr. Emmerson Dambudzo Mnangagwa,1262,annex_heading
2021_AGO,official_transcript,data/unga_general_debate_verbatim_en/UNGA76_2021/A_76_PV_10_EN.pdf,President Lourenço,1154,bold_speaker_and_official_introduction
2021_ALB,official_transcript,data/unga_general_debate_verbatim_en/UNGA76_2021/A_76_PV_13_EN.pdf,Mr. Rama,2044,bold_speaker_and_official_introduction
2021_AND,official_transcript,data/unga_general_debate_verbatim_en/UNGA76_2021/A_76_PV_14_EN.pdf,Address by Mr. Xavier Espot Zamora,2361,annex_heading
2021_ARE,official_transcript,data/unga_general_debate_verbatim_en/UNGA76_2021/A_76_PV_16_EN.pdf,Mr. Almarar,1987,bold_speaker_and_official_introduction
2021_ARG,official_transcript,data/unga_general_debate_verbatim_en/UNGA76_2021/A_76_PV_4_EN.pdf,Address Mr. Alberto Fernández,1955,annex_heading
2021_ARM,official_transcript,data/unga_general_debate_verbatim_en/UNGA76_2021/A_76_PV_12_EN.pdf,Address by Mr. Nikol Pashinyan,1321,annex_heading
2021_ATG,official_transcript,data/unga_general_debate_verbatim_en/UNGA76_2021/A_76_PV_15_EN.pdf,Address by Mr. Gaston Alphonso Browne,2659,annex_heading
2021_AUS,official_transcript,data/unga_general_debate_verbatim_en/UNGA76_2021/A_76_PV_13_EN.pdf,Address by Mr. Scott Morrison,2145,annex_heading
2021_AUT,official_transcript,data/unga_general_debate_verbatim_en/UNGA76_2021/A_76_PV_11_EN.pdf,Mr. Schallenberg,1544,bold_speaker_and_official_introduction
2021_AZE,official_transcript,data/unga_general_debate_verbatim_en/UNGA76_2021/A_76_PV_11_EN.pdf,Address by Mr. Ilham Heydar oglu Aliyev,3727,annex_heading
2021_BDI,official_transcript,data/unga_general_debate_verbatim_en/UNGA76_2021/A_76_PV_11_EN.pdf,President Ndayishimiye,2404,bold_speaker_and_official_introduction
2021_BEL,official_transcript,data/unga_general_debate_verbatim_en/UNGA76_2021/A_76_PV_13_EN.pdf,Mr. De Croo,1943,bold_speaker_and_official_introduction
2021_BEN,official_transcript,data/unga_general_debate_verbatim_en/UNGA76_2021/A_76_PV_12_EN.pdf,Address by Ms. Mariam Chabi Talata,1061,annex_heading
2021_BFA,official_transcript,data/unga_general_debate_verbatim_en/UNGA76_2021/A_76_PV_10_EN.pdf,Address by Mr. Roch Marc Christian Kaboré,2235,annex_heading
2021_BGD,official_transcript,data/unga_general_debate_verbatim_en/UNGA76_2021/A_76_PV_12_EN.pdf,Sheikh Hasina,2425,bold_speaker_and_official_introduction
2021_BGR,official_transcript,data/unga_general_debate_verbatim_en/UNGA76_2021/A_76_PV_4_EN.pdf,Address by Mr. Rumen Radev,1279,annex_heading
2021_BHR,official_transcript,data/unga_general_debate_verbatim_en/UNGA76_2021/A_76_PV_16_EN.pdf,Mr. Alzayani,2469,bold_speaker_and_official_introduction
2021_BHS,official_transcript,data/unga_general_debate_verbatim_en/UNGA76_2021/A_76_PV_14_EN.pdf,Mr. Davis,1661,bold_speaker_and_official_introduction
2021_BIH,official_transcript,data/unga_general_debate_verbatim_en/UNGA76_2021/A_76_PV_6_EN.pdf,President Komšić,3170,bold_speaker_and_official_introduction
2021_BLR,official_transcript,data/unga_general_debate_verbatim_en/UNGA76_2021/A_76_PV_16_EN.pdf,Mr. Makei,2603,bold_speaker_and_official_introduction
2021_BLZ,official_transcript,data/unga_general_debate_verbatim_en/UNGA76_2021/A_76_PV_13_EN.pdf,Mr. Briceño,2355,bold_speaker_and_official_introduction
2021_BOL,official_transcript,data/unga_general_debate_verbatim_en/UNGA76_2021/A_76_PV_11_EN.pdf,President Arce Catacora,2766,bold_speaker_and_official_introduction
2021_BRA,official_transcript,data/unga_general_debate_verbatim_en/UNGA76_2021/A_76_PV_3_EN.pdf,President Bolsonaro,1496,bold_speaker_and_official_introduction
2021_BRB,official_transcript,data/unga_general_debate_verbatim_en/UNGA76_2021/A_76_PV_12_EN.pdf,Ms. Mottley,1799,bold_speaker_and_official_introduction
2021_BRN,official_transcript,data/unga_general_debate_verbatim_en/UNGA76_2021/A_76_PV_16_EN.pdf,Address by Dato Seri Paduka Awang Haji Erywan bin Pehin Datu Pekerma Jaya Haji Mohd Yusof,1197,annex_heading
2021_BTN,official_transcript,data/unga_general_debate_verbatim_en/UNGA76_2021/A_76_PV_14_EN.pdf,Address by Mr. Lotay Tshering,2214,annex_heading
2021_BWA,official_transcript,data/unga_general_debate_verbatim_en/UNGA76_2021/A_76_PV_10_EN.pdf,President Masisi,2573,bold_speaker_and_official_introduction
2021_CAF,official_transcript,data/unga_general_debate_verbatim_en/UNGA76_2021/A_76_PV_4_EN.pdf,President Touadera,1383,bold_speaker_and_official_introduction
2021_CAN,official_transcript,data/unga_general_debate_verbatim_en/UNGA76_2021/A_76_PV_17_EN.pdf,Mr. Garneau,2736,bold_speaker_and_official_introduction
2021_CHE,official_transcript,data/unga_general_debate_verbatim_en/UNGA76_2021/A_76_PV_3_EN.pdf,President Parmelin,1252,bold_speaker_and_official_introduction
2021_CHL,official_transcript,data/unga_general_debate_verbatim_en/UNGA76_2021/A_76_PV_3_EN.pdf,Address by Mr. Sebastián Piñera Echenique,2957,annex_heading
2021_CHN,official_transcript,data/unga_general_debate_verbatim_en/UNGA76_2021/A_76_PV_3_EN.pdf,Address by Mr. Xi Jinping,1520,annex_heading
2021_CIV,official_transcript,data/unga_general_debate_verbatim_en/UNGA76_2021/A_76_PV_16_EN.pdf,Ms. Kamissoko Camara,2879,bold_speaker_and_official_introduction
2021_CMR,official_transcript,data/unga_general_debate_verbatim_en/UNGA76_2021/A_76_PV_16_EN.pdf,Mr. Mbella Mbella,1077,bold_speaker_and_official_introduction
2021_COD,official_transcript,data/unga_general_debate_verbatim_en/UNGA76_2021/A_76_PV_3_EN.pdf,President Tshisekedi Tshilombo,4261,bold_speaker_and_official_introduction
2021_COG,official_transcript,data/unga_general_debate_verbatim_en/UNGA76_2021/A_76_PV_17_EN.pdf,Mr. Gakosso,1596,bold_speaker_and_official_introduction
2021_COL,official_transcript,data/unga_general_debate_verbatim_en/UNGA76_2021/A_76_PV_3_EN.pdf,President Duque Márquez,2665,bold_speaker_and_official_introduction
2021_COM,official_transcript,data/unga_general_debate_verbatim_en/UNGA76_2021/A_76_PV_10_EN.pdf,President Assoumani,2973,bold_speaker_and_official_introduction
2021_CPV,official_transcript,data/unga_general_debate_verbatim_en/UNGA76_2021/A_76_PV_7_EN.pdf,President Fonseca,2425,bold_speaker_and_official_introduction
2021_CRI,official_transcript,data/unga_general_debate_verbatim_en/UNGA76_2021/A_76_PV_4_EN.pdf,President Alvarado Quesada,2109,bold_speaker_and_official_introduction
2021_CUB,official_transcript,data/unga_general_debate_verbatim_en/UNGA76_2021/A_76_PV_10_EN.pdf,Address by Mr. Miguel Díaz Canel Bermúdez,2191,annex_heading
2021_CYP,official_transcript,data/unga_general_debate_verbatim_en/UNGA76_2021/A_76_PV_12_EN.pdf,President Anastasiades,2631,bold_speaker_and_official_introduction
2021_CZE,official_transcript,data/unga_general_debate_verbatim_en/UNGA76_2021/A_76_PV_11_EN.pdf,Mr. Kulhánek,1635,bold_speaker_and_official_introduction
2021_DEU,official_transcript,data/unga_general_debate_verbatim_en/UNGA76_2021/A_76_PV_12_EN.pdf,President Steinmeier,2081,bold_speaker_and_official_introduction
2021_DJI,official_transcript,data/unga_general_debate_verbatim_en/UNGA76_2021/A_76_PV_9_EN.pdf,Address by Mr. Omar Guelleh,1442,annex_heading
2021_DMA,official_transcript,data/unga_general_debate_verbatim_en/UNGA76_2021/A_76_PV_17_EN.pdf,Address by Mr. Kenneth Darroux,1918,annex_heading
2021_DNK,official_transcript,data/unga_general_debate_verbatim_en/UNGA76_2021/A_76_PV_13_EN.pdf,Address by Ms. Mette Frederiksen,839,annex_heading
2021_DOM,official_transcript,data/unga_general_debate_verbatim_en/UNGA76_2021/A_76_PV_9_EN.pdf,President Abinader Corona,1551,bold_speaker_and_official_introduction
2021_DZA,official_transcript,data/unga_general_debate_verbatim_en/UNGA76_2021/A_76_PV_16_EN.pdf,Mr. Lamamra,2115,bold_speaker_and_official_introduction
2021_ECU,official_transcript,data/unga_general_debate_verbatim_en/UNGA76_2021/A_76_PV_4_EN.pdf,President Mendoza,2193,bold_speaker_and_official_introduction
2021_EGY,official_transcript,data/unga_general_debate_verbatim_en/UNGA76_2021/A_76_PV_4_EN.pdf,Address by Mr. Abdel Fattah Al Sisi,1881,annex_heading
2021_ERI,official_transcript,data/unga_general_debate_verbatim_en/UNGA76_2021/A_76_PV_16_EN.pdf,Address by Mr. Osman Saleh Mohammed,1241,annex_heading
2021_ESP,official_transcript,data/unga_general_debate_verbatim_en/UNGA76_2021/A_76_PV_9_EN.pdf,Mr. Sánchez Pérez-Castejón,4029,bold_speaker_and_official_introduction
2021_EST,official_transcript,data/unga_general_debate_verbatim_en/UNGA76_2021/A_76_PV_6_EN.pdf,President Kaljulaid,2441,bold_speaker_and_official_introduction
2021_ETH,official_transcript,data/unga_general_debate_verbatim_en/UNGA76_2021/A_76_PV_15_EN.pdf,Mr. Mekonnen,1891,bold_speaker_and_official_introduction
2021_FIN,official_transcript,data/unga_general_debate_verbatim_en/UNGA76_2021/A_76_PV_4_EN.pdf,President Niinistö,1647,bold_speaker_and_official_introduction
2021_FJI,official_transcript,data/unga_general_debate_verbatim_en/UNGA76_2021/A_76_PV_14_EN.pdf,Address by Mr. Josaia Voreqe Bainimarama,1861,annex_heading
2021_FRA,official_transcript,data/unga_general_debate_verbatim_en/UNGA76_2021/A_76_PV_16_EN.pdf,Address by Mr. Jean-Yves Le Drian,2182,annex_heading
2021_FSM,official_transcript,data/unga_general_debate_verbatim_en/UNGA76_2021/A_76_PV_11_EN.pdf,Address by Mr. David W. Panuelo,2728,annex_heading
2021_GAB,official_transcript,data/unga_general_debate_verbatim_en/UNGA76_2021/A_76_PV_10_EN.pdf,Address by Mr. Ali Bongo Ondimba,2055,annex_heading
2021_GBR,official_transcript,data/unga_general_debate_verbatim_en/UNGA76_2021/A_76_PV_9_EN.pdf,Mr. Johnson,2976,bold_speaker_and_official_introduction
2021_GEO,official_transcript,data/unga_general_debate_verbatim_en/UNGA76_2021/A_76_PV_13_EN.pdf,Mr. Garibashvili,2095,bold_speaker_and_official_introduction
2021_GHA,official_transcript,data/unga_general_debate_verbatim_en/UNGA76_2021/A_76_PV_6_EN.pdf,President Akufo-Addo,2082,bold_speaker_and_official_introduction
2021_GIN,official_transcript,data/unga_general_debate_verbatim_en/UNGA76_2021/A_76_PV_17_EN.pdf,Mr. Diane,1511,bold_speaker_and_official_introduction
2021_GMB,official_transcript,data/unga_general_debate_verbatim_en/UNGA76_2021/A_76_PV_12_EN.pdf,Mrs. Touray,2193,bold_speaker_and_official_introduction
2021_GNB,official_transcript,data/unga_general_debate_verbatim_en/UNGA76_2021/A_76_PV_9_EN.pdf,President Embaló,480,bold_speaker_and_official_introduction
2021_GNQ,official_transcript,data/unga_general_debate_verbatim_en/UNGA76_2021/A_76_PV_11_EN.pdf,Address by Mr. Teodoro Obiang Nguema Mbasogo,1379,annex_heading
2021_GRC,official_transcript,data/unga_general_debate_verbatim_en/UNGA76_2021/A_76_PV_12_EN.pdf,Mr. Mitsotakis,2013,bold_speaker_and_official_introduction
2021_GRD,official_transcript,data/unga_general_debate_verbatim_en/UNGA76_2021/A_76_PV_16_EN.pdf,Mr. Joseph,1939,bold_speaker_and_official_introduction
2021_GTM,official_transcript,data/unga_general_debate_verbatim_en/UNGA76_2021/A_76_PV_6_EN.pdf,President Giammattei Falla,2637,bold_speaker_and_official_introduction
2021_GUY,official_transcript,data/unga_general_debate_verbatim_en/UNGA76_2021/A_76_PV_10_EN.pdf,President Ali,2339,bold_speaker_and_official_introduction
2021_HND,official_transcript,data/unga_general_debate_verbatim_en/UNGA76_2021/A_76_PV_7_EN.pdf,President Hernández Alvarado,3271,bold_speaker_and_official_introduction
2021_HRV,official_transcript,data/unga_general_debate_verbatim_en/UNGA76_2021/A_76_PV_4_EN.pdf,President Milanović,2221,bold_speaker_and_official_introduction
2021_HTI,official_transcript,data/unga_general_debate_verbatim_en/UNGA76_2021/A_76_PV_14_EN.pdf,Address by Mr. Ariel Henry,2213,annex_heading
2021_HUN,official_transcript,data/unga_general_debate_verbatim_en/UNGA76_2021/A_76_PV_11_EN.pdf,Mr. Szijjártó,1790,bold_speaker_and_official_introduction
2021_IDN,official_transcript,data/unga_general_debate_verbatim_en/UNGA76_2021/A_76_PV_7_EN.pdf,Address by Joko Widodo,611,annex_heading
2021_IND,official_transcript,data/unga_general_debate_verbatim_en/UNGA76_2021/A_76_PV_14_EN.pdf,Mr. Modi,1640,bold_speaker_and_official_introduction
2021_IRL,official_transcript,data/unga_general_debate_verbatim_en/UNGA76_2021/A_76_PV_13_EN.pdf,Mr. Martin,2501,bold_speaker_and_official_introduction
2021_IRN,official_transcript,data/unga_general_debate_verbatim_en/UNGA76_2021/A_76_PV_3_EN.pdf,Address by Mr. Seyyed Ebrahim Raisi,2006,annex_heading
2021_IRQ,official_transcript,data/unga_general_debate_verbatim_en/UNGA76_2021/A_76_PV_10_EN.pdf,President Salih,2109,bold_speaker_and_official_introduction
2021_ISL,official_transcript,data/unga_general_debate_verbatim_en/UNGA76_2021/A_76_PV_16_EN.pdf,Address by Mr. Gudlaugur Thór Thórdarson,2047,annex_heading
2021_ISR,official_transcript,data/unga_general_debate_verbatim_en/UNGA76_2021/A_76_PV_16_EN.pdf,Mr. Bennett,2573,bold_speaker_and_official_introduction
2021_ITA,official_transcript,data/unga_general_debate_verbatim_en/UNGA76_2021/A_76_PV_11_EN.pdf,Address by Mr. Mario Draghi,2503,annex_heading
2021_JAM,official_transcript,data/unga_general_debate_verbatim_en/UNGA76_2021/A_76_PV_13_EN.pdf,Address by Mr. Andrew Holness,1754,annex_heading
2021_JOR,official_transcript,data/unga_general_debate_verbatim_en/UNGA76_2021/A_76_PV_6_EN.pdf,Address by His Majesty King Abdullah II ibn Al Hussein,902,annex_heading
2021_JPN,official_transcript,data/unga_general_debate_verbatim_en/UNGA76_2021/A_76_PV_13_EN.pdf,Address by Mr. Suga Yoshihide,2064,annex_heading
2021_KAZ,official_transcript,data/unga_general_debate_verbatim_en/UNGA76_2021/A_76_PV_9_EN.pdf,Address by Mr. Kassym-Jomart Tokayev,1733,annex_heading
2021_KEN,official_transcript,data/unga_general_debate_verbatim_en/UNGA76_2021/A_76_PV_7_EN.pdf,Address by Mr. Uhuru Kenyatta,1502,annex_heading
2021_KGZ,official_transcript,data/unga_general_debate_verbatim_en/UNGA76_2021/A_76_PV_3_EN.pdf,Address by Mr. Sadyr Zhaparov,2398,annex_heading
2021_KHM,official_transcript,data/unga_general_debate_verbatim_en/UNGA76_2021/A_76_PV_14_EN.pdf,Address by Samdech Akka Moha Sena Padei Techo Hun Sen,1023,annex_heading
2021_KIR,official_transcript,data/unga_general_debate_verbatim_en/UNGA76_2021/A_76_PV_11_EN.pdf,Address by Mr. Taneti Maamau,1521,annex_heading
2021_KNA,official_transcript,data/unga_general_debate_verbatim_en/UNGA76_2021/A_76_PV_13_EN.pdf,Address by Mr. Timothy Harris,1535,annex_heading
2021_KOR,official_transcript,data/unga_general_debate_verbatim_en/UNGA76_2021/A_76_PV_3_EN.pdf,President Moon Jae-in,2131,bold_speaker_and_official_introduction
2021_KWT,official_transcript,data/unga_general_debate_verbatim_en/UNGA76_2021/A_76_PV_13_EN.pdf,Sheikh Al Sabah,1903,bold_speaker_and_official_introduction
2021_LAO,official_transcript,data/unga_general_debate_verbatim_en/UNGA76_2021/A_76_PV_14_EN.pdf,Address by Mr. Phankham Viphavanh,1802,annex_heading
2021_LBN,official_transcript,data/unga_general_debate_verbatim_en/UNGA76_2021/A_76_PV_12_EN.pdf,Address by Mr. Michel Aoun,1746,annex_heading
2021_LBR,official_transcript,data/unga_general_debate_verbatim_en/UNGA76_2021/A_76_PV_10_EN.pdf,Address by Mr. George Manneh Weah,2035,annex_heading
2021_LBY,official_transcript,data/unga_general_debate_verbatim_en/UNGA76_2021/A_76_PV_11_EN.pdf,President Al-Menfi,1543,bold_speaker_and_official_introduction
2021_LCA,official_transcript,data/unga_general_debate_verbatim_en/UNGA76_2021/A_76_PV_14_EN.pdf,Address by Mr. Philip Joseph Pierre,2981,annex_heading
2021_LIE,official_transcript,data/unga_general_debate_verbatim_en/UNGA76_2021/A_76_PV_15_EN.pdf,Ms. Hasler,1673,bold_speaker_and_official_introduction
2021_LKA,official_transcript,data/unga_general_debate_verbatim_en/UNGA76_2021/A_76_PV_6_EN.pdf,President Rajapaksa,1426,bold_speaker_and_official_introduction
2021_LSO,official_transcript,data/unga_general_debate_verbatim_en/UNGA76_2021/A_76_PV_11_EN.pdf,Mr. Majoro,3197,bold_speaker_and_official_introduction
2021_LTU,official_transcript,data/unga_general_debate_verbatim_en/UNGA76_2021/A_76_PV_3_EN.pdf,President Nausėda,1703,bold_speaker_and_official_introduction
2021_LUX,official_transcript,data/unga_general_debate_verbatim_en/UNGA76_2021/A_76_PV_13_EN.pdf,Mr. Bettel,3676,bold_speaker_and_official_introduction
2021_LVA,official_transcript,data/unga_general_debate_verbatim_en/UNGA76_2021/A_76_PV_4_EN.pdf,President Levits,1693,bold_speaker_and_official_introduction
2021_MAR,official_transcript,data/unga_general_debate_verbatim_en/UNGA76_2021/A_76_PV_17_EN.pdf,Address by Mr. Nasser Bourita,2952,annex_heading
2021_MCO,official_transcript,data/unga_general_debate_verbatim_en/UNGA76_2021/A_76_PV_11_EN.pdf,Address by His Serene Highness Prince Albert II of Monaco,1498,annex_heading
2021_MDA,official_transcript,data/unga_general_debate_verbatim_en/UNGA76_2021/A_76_PV_6_EN.pdf,President Sandu,1482,bold_speaker_and_official_introduction
2021_MDG,official_transcript,data/unga_general_debate_verbatim_en/UNGA76_2021/A_76_PV_6_EN.pdf,President Rajoelina,1740,bold_speaker_and_official_introduction
2021_MDV,official_transcript,data/unga_general_debate_verbatim_en/UNGA76_2021/A_76_PV_3_EN.pdf,President Solih,1956,bold_speaker_and_official_introduction
2021_MEX,official_transcript,data/unga_general_debate_verbatim_en/UNGA76_2021/A_76_PV_11_EN.pdf,Mr. Casaubón,1750,bold_speaker_and_official_introduction
2021_MHL,official_transcript,data/unga_general_debate_verbatim_en/UNGA76_2021/A_76_PV_6_EN.pdf,Address by Mr. David Kabua,1916,annex_heading
2021_MKD,official_transcript,data/unga_general_debate_verbatim_en/UNGA76_2021/A_76_PV_10_EN.pdf,President Pendarovski,1764,bold_speaker_and_official_introduction
2021_MLI,official_transcript,data/unga_general_debate_verbatim_en/UNGA76_2021/A_76_PV_15_EN.pdf,Mr. Maïga,3637,bold_speaker_and_official_introduction
2021_MLT,official_transcript,data/unga_general_debate_verbatim_en/UNGA76_2021/A_76_PV_13_EN.pdf,Address by Mr. Robert Abela,3596,annex_heading
2021_MNE,official_transcript,data/unga_general_debate_verbatim_en/UNGA76_2021/A_76_PV_10_EN.pdf,President Đukanović,2097,bold_speaker_and_official_introduction
2021_MNG,official_transcript,data/unga_general_debate_verbatim_en/UNGA76_2021/A_76_PV_7_EN.pdf,President Khurelsukh,3168,bold_speaker_and_official_introduction
2021_MOZ,official_transcript,data/unga_general_debate_verbatim_en/UNGA76_2021/A_76_PV_17_EN.pdf,Ms. Dlhovo,1503,bold_speaker_and_official_introduction
2021_MRT,official_transcript,data/unga_general_debate_verbatim_en/UNGA76_2021/A_76_PV_16_EN.pdf,Mr. Cheikh Ahmed,1576,bold_speaker_and_official_introduction
2021_MUS,official_transcript,data/unga_general_debate_verbatim_en/UNGA76_2021/A_76_PV_12_EN.pdf,Address by Mr. Pravind Kumar Jugnauth,1809,annex_heading
2021_MWI,official_transcript,data/unga_general_debate_verbatim_en/UNGA76_2021/A_76_PV_7_EN.pdf,Address by Mr. Lazarus McCarthy Chakwera,1476,annex_heading
2021_MYS,official_transcript,data/unga_general_debate_verbatim_en/UNGA76_2021/A_76_PV_14_EN.pdf,Address by Mr. Ismail Sabri Yaakob,2447,annex_heading
2021_NAM,official_transcript,data/unga_general_debate_verbatim_en/UNGA76_2021/A_76_PV_10_EN.pdf,President Geingob,1325,bold_speaker_and_official_introduction
2021_NER,official_transcript,data/unga_general_debate_verbatim_en/UNGA76_2021/A_76_PV_16_EN.pdf,Mr. Massoudou,2292,bold_speaker_and_official_introduction
2021_NGA,official_transcript,data/unga_general_debate_verbatim_en/UNGA76_2021/A_76_PV_12_EN.pdf,President Buhari,1892,bold_speaker_and_official_introduction
2021_NIC,official_transcript,data/unga_general_debate_verbatim_en/UNGA76_2021/A_76_PV_17_EN.pdf,Mr. Moncada Colindres,2524,bold_speaker_and_official_introduction
2021_NLD,official_transcript,data/unga_general_debate_verbatim_en/UNGA76_2021/A_76_PV_12_EN.pdf,Mr. Rutte,2235,bold_speaker_and_official_introduction
2021_NOR,official_transcript,data/unga_general_debate_verbatim_en/UNGA76_2021/A_76_PV_9_EN.pdf,Address by Ms. Erna Solberg,1522,annex_heading
2021_NPL,official_transcript,data/unga_general_debate_verbatim_en/UNGA76_2021/A_76_PV_17_EN.pdf,Mr. Khadka,2985,bold_speaker_and_official_introduction
2021_NRU,official_transcript,data/unga_general_debate_verbatim_en/UNGA76_2021/A_76_PV_10_EN.pdf,Address by Mr. Lionel Rouwen Aingimea,2527,annex_heading
2021_NZL,official_transcript,data/unga_general_debate_verbatim_en/UNGA76_2021/A_76_PV_13_EN.pdf,Address by Ms. Jacinda Ardern,2606,annex_heading
2021_OMN,official_transcript,data/unga_general_debate_verbatim_en/UNGA76_2021/A_76_PV_16_EN.pdf,Address by Mr. Sayyid Badr bin Hamad bin Hamood Albusaidi,1580,annex_heading
2021_PAK,official_transcript,data/unga_general_debate_verbatim_en/UNGA76_2021/A_76_PV_13_EN.pdf,Address by Mr. Imran Khan,2584,annex_heading
2021_PAN,official_transcript,data/unga_general_debate_verbatim_en/UNGA76_2021/A_76_PV_10_EN.pdf,President Cortizo Cohen,1115,bold_speaker_and_official_introduction
2021_PER,official_transcript,data/unga_general_debate_verbatim_en/UNGA76_2021/A_76_PV_4_EN.pdf,President Castillo Terrones,1862,bold_speaker_and_official_introduction
2021_PHL,official_transcript,data/unga_general_debate_verbatim_en/UNGA76_2021/A_76_PV_4_EN.pdf,Address by Mr. Mr. Rodrigo Roa Duterte,1495,annex_heading
2021_PLW,official_transcript,data/unga_general_debate_verbatim_en/UNGA76_2021/A_76_PV_4_EN.pdf,President Whipps,1660,bold_speaker_and_official_introduction
2021_PNG,official_transcript,data/unga_general_debate_verbatim_en/UNGA76_2021/A_76_PV_13_EN.pdf,Mr. Marape,5891,bold_speaker_and_official_introduction
2021_POL,official_transcript,data/unga_general_debate_verbatim_en/UNGA76_2021/A_76_PV_4_EN.pdf,President Duda,3204,bold_speaker_and_official_introduction
2021_PRK,official_transcript,data/unga_general_debate_verbatim_en/UNGA76_2021/A_76_PV_17_EN.pdf,Mr. Song Kim,3668,bold_speaker_and_official_introduction
2021_PRT,official_transcript,data/unga_general_debate_verbatim_en/UNGA76_2021/A_76_PV_3_EN.pdf,President Rebelo De Sousa,887,bold_speaker_and_official_introduction
2021_PRY,official_transcript,data/unga_general_debate_verbatim_en/UNGA76_2021/A_76_PV_12_EN.pdf,Address by Mr. Mario Abdo Benítez,1003,annex_heading
2021_QAT,official_transcript,data/unga_general_debate_verbatim_en/UNGA76_2021/A_76_PV_3_EN.pdf,Sheikh Al Thani,2247,bold_speaker_and_official_introduction
2021_ROU,official_transcript,data/unga_general_debate_verbatim_en/UNGA76_2021/A_76_PV_4_EN.pdf,President Iohannis,1084,bold_speaker_and_official_introduction
2021_RUS,official_transcript,data/unga_general_debate_verbatim_en/UNGA76_2021/A_76_PV_14_EN.pdf,Mr. Lavrov,2710,bold_speaker_and_official_introduction
2021_RWA,official_transcript,data/unga_general_debate_verbatim_en/UNGA76_2021/A_76_PV_4_EN.pdf,Address by Mr. Paul Kagame,491,annex_heading
2021_SAU,official_transcript,data/unga_general_debate_verbatim_en/UNGA76_2021/A_76_PV_6_EN.pdf,Address by His Majesty King Salman Bin Abdulaziz Al-Saud,1183,annex_heading
2021_SDN,official_transcript,data/unga_general_debate_verbatim_en/UNGA76_2021/A_76_PV_14_EN.pdf,Address by Mr. Abdalla Adam Hamdok,2037,annex_heading
2021_SEN,official_transcript,data/unga_general_debate_verbatim_en/UNGA76_2021/A_76_PV_12_EN.pdf,President Sall,1686,bold_speaker_and_official_introduction
2021_SGP,official_transcript,data/unga_general_debate_verbatim_en/UNGA76_2021/A_76_PV_15_EN.pdf,Mr. Balakrishnan,1873,bold_speaker_and_official_introduction
2021_SLB,official_transcript,data/unga_general_debate_verbatim_en/UNGA76_2021/A_76_PV_15_EN.pdf,Address by Mr. Manasseh Sogavare,2876,annex_heading
2021_SLE,official_transcript,data/unga_general_debate_verbatim_en/UNGA76_2021/A_76_PV_6_EN.pdf,President Bio,2132,bold_speaker_and_official_introduction
2021_SLV,official_transcript,data/unga_general_debate_verbatim_en/UNGA76_2021/A_76_PV_11_EN.pdf,Address by Mr. Nayib Armando Bukele,1373,annex_heading
2021_SMR,official_transcript,data/unga_general_debate_verbatim_en/UNGA76_2021/A_76_PV_16_EN.pdf,Address by Mr. Luca Beccari,1862,annex_heading
2021_SOM,official_transcript,data/unga_general_debate_verbatim_en/UNGA76_2021/A_76_PV_4_EN.pdf,Address by Mr. Mohamed Abdullahi Mohamed Farmajo,1365,annex_heading
2021_SRB,official_transcript,data/unga_general_debate_verbatim_en/UNGA76_2021/A_76_PV_13_EN.pdf,Ms. Brnabić,2175,bold_speaker_and_official_introduction
2021_SSD,official_transcript,data/unga_general_debate_verbatim_en/UNGA76_2021/A_76_PV_12_EN.pdf,Ms. De Mabior,2043,bold_speaker_and_official_introduction
2021_STP,official_transcript,data/unga_general_debate_verbatim_en/UNGA76_2021/A_76_PV_16_EN.pdf,Ms. Da Costa Ten Jua,1685,bold_speaker_and_official_introduction
2021_SUR,official_transcript,data/unga_general_debate_verbatim_en/UNGA76_2021/A_76_PV_6_EN.pdf,President Santokhi,1278,bold_speaker_and_official_introduction
2021_SVK,official_transcript,data/unga_general_debate_verbatim_en/UNGA76_2021/A_76_PV_3_EN.pdf,Address by Ms. Zuzana Čaputová,1003,annex_heading
2021_SVN,official_transcript,data/unga_general_debate_verbatim_en/UNGA76_2021/A_76_PV_12_EN.pdf,President Pahor,1262,bold_speaker_and_official_introduction
2021_SWE,official_transcript,data/unga_general_debate_verbatim_en/UNGA76_2021/A_76_PV_12_EN.pdf,Address by Mr. Stefan Löfven,1397,annex_heading
2021_SWZ,official_transcript,data/unga_general_debate_verbatim_en/UNGA76_2021/A_76_PV_14_EN.pdf,Address by Mr. Cleopas Sipho Dlamini,2365,annex_heading
2021_SYC,official_transcript,data/unga_general_debate_verbatim_en/UNGA76_2021/A_76_PV_11_EN.pdf,Address by Mr. Wavel Ramkalawan,1367,annex_heading
2021_SYR,official_transcript,data/unga_general_debate_verbatim_en/UNGA76_2021/A_76_PV_16_EN.pdf,Mr. Mekdad,2629,bold_speaker_and_official_introduction
2021_TCD,official_transcript,data/unga_general_debate_verbatim_en/UNGA76_2021/A_76_PV_10_EN.pdf,Address by Mr. Mahamat Idriss Déby Itno,2328,annex_heading
2021_TGO,official_transcript,data/unga_general_debate_verbatim_en/UNGA76_2021/A_76_PV_9_EN.pdf,Address by Mr. Faure Essozimna Gnassingbé,1883,annex_heading
2021_THA,official_transcript,data/unga_general_debate_verbatim_en/UNGA76_2021/A_76_PV_14_EN.pdf,Address by Mr. Prayut Chan-o-cha,2460,annex_heading
2021_TJK,official_transcript,data/unga_general_debate_verbatim_en/UNGA76_2021/A_76_PV_11_EN.pdf,Address by Mr. Emomali Rahmon,2289,annex_heading
2021_TKM,official_transcript,data/unga_general_debate_verbatim_en/UNGA76_2021/A_76_PV_4_EN.pdf,Address by Mr. Gurbanguly Berdimuhamedov,1601,annex_heading
2021_TLS,official_transcript,data/unga_general_debate_verbatim_en/UNGA76_2021/A_76_PV_17_EN.pdf,Mr. Nunes,2183,bold_speaker_and_official_introduction
2021_TON,official_transcript,data/unga_general_debate_verbatim_en/UNGA76_2021/A_76_PV_14_EN.pdf,Address by Mr. Pohiva Tu’i’onetoa,1859,annex_heading
2021_TTO,official_transcript,data/unga_general_debate_verbatim_en/UNGA76_2021/A_76_PV_17_EN.pdf,Address by Mr. Amery Browne,2178,annex_heading
2021_TUN,official_transcript,data/unga_general_debate_verbatim_en/UNGA76_2021/A_76_PV_17_EN.pdf,Mr. Jerandi,1482,bold_speaker_and_official_introduction
2021_TUR,official_transcript,data/unga_general_debate_verbatim_en/UNGA76_2021/A_76_PV_3_EN.pdf,President Erdoğan,3407,bold_speaker_and_official_introduction
2021_TUV,official_transcript,data/unga_general_debate_verbatim_en/UNGA76_2021/A_76_PV_15_EN.pdf,Address by Mr. Kausea Natano,1632,annex_heading
2021_TZA,official_transcript,data/unga_general_debate_verbatim_en/UNGA76_2021/A_76_PV_10_EN.pdf,President Hassan,1582,bold_speaker_and_official_introduction
2021_UGA,official_transcript,data/unga_general_debate_verbatim_en/UNGA76_2021/A_76_PV_11_EN.pdf,Address by Mr. Yoweri Kaguta Museveni,2965,annex_heading
2021_UKR,official_transcript,data/unga_general_debate_verbatim_en/UNGA76_2021/A_76_PV_7_EN.pdf,President Zelenskyy,2768,bold_speaker_and_official_introduction
2021_URY,official_transcript,data/unga_general_debate_verbatim_en/UNGA76_2021/A_76_PV_6_EN.pdf,President Lacalle Pou,854,bold_speaker_and_official_introduction
2021_USA,official_transcript,data/unga_general_debate_verbatim_en/UNGA76_2021/A_76_PV_3_EN.pdf,President Biden,4417,bold_speaker_and_official_introduction
2021_UZB,official_transcript,data/unga_general_debate_verbatim_en/UNGA76_2021/A_76_PV_3_EN.pdf,Address by Mr. Shavkat Mirziyoyev,1298,annex_heading
2021_VCT,official_transcript,data/unga_general_debate_verbatim_en/UNGA76_2021/A_76_PV_14_EN.pdf,Address by Mr. Ralph E. Gonsalves,2014,annex_heading
2021_VEN,official_transcript,data/unga_general_debate_verbatim_en/UNGA76_2021/A_76_PV_7_EN.pdf,Address by Mr. Nicolás Maduro Moros,1954,annex_heading
2021_VNM,official_transcript,data/unga_general_debate_verbatim_en/UNGA76_2021/A_76_PV_7_EN.pdf,President Phuc,1972,bold_speaker_and_official_introduction
2021_VUT,official_transcript,data/unga_general_debate_verbatim_en/UNGA76_2021/A_76_PV_14_EN.pdf,Address by Mr. Bob Loughman,2314,annex_heading
2021_WSM,official_transcript,data/unga_general_debate_verbatim_en/UNGA76_2021/A_76_PV_15_EN.pdf,Address by Ms. Fiame Naomi Mataafa,2523,annex_heading
2021_YEM,official_transcript,data/unga_general_debate_verbatim_en/UNGA76_2021/A_76_PV_16_EN.pdf,Mr. Binmubarak,2505,bold_speaker_and_official_introduction
2021_ZAF,official_transcript,data/unga_general_debate_verbatim_en/UNGA76_2021/A_76_PV_10_EN.pdf,Address By Mr. Cyril Ramaphosa,1207,annex_heading
2021_ZMB,official_transcript,data/unga_general_debate_verbatim_en/UNGA76_2021/A_76_PV_4_EN.pdf,President Hichilema,2347,bold_speaker_and_official_introduction
2021_ZWE,official_transcript,data/unga_general_debate_verbatim_en/UNGA76_2021/A_76_PV_10_EN.pdf,Address by Mr. Emmerson Dambudzo Mnangagwa,1580,annex_heading
2022_AGO,official_transcript,data/unga_general_debate_verbatim_en/UNGA77_2022/A_77_PV_14_EN.pdf,Ms. Ferreira,1231,bold_speaker_and_official_introduction
2022_ALB,official_transcript,data/unga_general_debate_verbatim_en/UNGA77_2022/A_77_PV_12_EN.pdf,Mr. Rama,2330,bold_speaker_and_official_introduction
2022_AND,official_transcript,data/unga_general_debate_verbatim_en/UNGA77_2022/A_77_PV_10_EN.pdf,Mr. Espot Zamora,2770,bold_speaker_and_official_introduction
2022_ARE,official_transcript,data/unga_general_debate_verbatim_en/UNGA77_2022/A_77_PV_13_EN.pdf,Ms. Al Hashimy,1847,bold_speaker_and_official_introduction
2022_ARG,official_transcript,data/unga_general_debate_verbatim_en/UNGA77_2022/A_77_PV_5_EN.pdf,President Fernández,2119,bold_speaker_and_official_introduction
2022_ARM,official_transcript,data/unga_general_debate_verbatim_en/UNGA77_2022/A_77_PV_9_EN.pdf,Mr. Pashinyan,2064,bold_speaker_and_official_introduction
2022_ATG,official_transcript,data/unga_general_debate_verbatim_en/UNGA77_2022/A_77_PV_11_EN.pdf,Mr. Browne,3081,bold_speaker_and_official_introduction
2022_AUS,official_transcript,data/unga_general_debate_verbatim_en/UNGA77_2022/A_77_PV_11_EN.pdf,Ms. Wong,2359,bold_speaker_and_official_introduction
2022_AUT,official_transcript,data/unga_general_debate_verbatim_en/UNGA77_2022/A_77_PV_9_EN.pdf,Mr. Schallenberg,1649,bold_speaker_and_official_introduction
2022_AZE,official_transcript,data/unga_general_debate_verbatim_en/UNGA77_2022/A_77_PV_13_EN.pdf,Mr. Bayramov,2892,bold_speaker_and_official_introduction
2022_BDI,official_transcript,data/unga_general_debate_verbatim_en/UNGA77_2022/A_77_PV_8_EN.pdf,President Ndayishimiye,2290,bold_speaker_and_official_introduction
2022_BEL,official_transcript,data/unga_general_debate_verbatim_en/UNGA77_2022/A_77_PV_10_EN.pdf,Mr. De Croo,2109,bold_speaker_and_official_introduction
2022_BEN,official_transcript,data/unga_general_debate_verbatim_en/UNGA77_2022/A_77_PV_14_EN.pdf,Mr. Araba,1491,bold_speaker_and_official_introduction
2022_BFA,official_transcript,data/unga_general_debate_verbatim_en/UNGA77_2022/A_77_PV_10_EN.pdf,President Damiba,2335,bold_speaker_and_official_introduction
2022_BGD,official_transcript,data/unga_general_debate_verbatim_en/UNGA77_2022/A_77_PV_11_EN.pdf,Sheikh Hasina,2581,bold_speaker_and_official_introduction
2022_BGR,official_transcript,data/unga_general_debate_verbatim_en/UNGA77_2022/A_77_PV_12_EN.pdf,Mr. Milkov,1517,bold_speaker_and_official_introduction
2022_BHR,official_transcript,data/unga_general_debate_verbatim_en/UNGA77_2022/A_77_PV_9_EN.pdf,Mr. Alzayani,2288,bold_speaker_and_official_introduction
2022_BHS,official_transcript,data/unga_general_debate_verbatim_en/UNGA77_2022/A_77_PV_12_EN.pdf,Mr. Davis,2032,bold_speaker_and_official_introduction
2022_BIH,official_transcript,data/unga_general_debate_verbatim_en/UNGA77_2022/A_77_PV_6_EN.pdf,President Džaferović,2794,bold_speaker_and_official_introduction
2022_BLR,official_transcript,data/unga_general_debate_verbatim_en/UNGA77_2022/A_77_PV_13_EN.pdf,Mr. Makei,2397,bold_speaker_and_official_introduction
2022_BLZ,official_transcript,data/unga_general_debate_verbatim_en/UNGA77_2022/A_77_PV_11_EN.pdf,Mr. Briceño,2321,bold_speaker_and_official_introduction
2022_BOL,official_transcript,data/unga_general_debate_verbatim_en/UNGA77_2022/A_77_PV_5_EN.pdf,President Arce Catacora,4186,bold_speaker_and_official_introduction
2022_BRA,official_transcript,data/unga_general_debate_verbatim_en/UNGA77_2022/A_77_PV_4_EN.pdf,President Bolsonaro,2530,bold_speaker_and_official_introduction
2022_BRB,official_transcript,data/unga_general_debate_verbatim_en/UNGA77_2022/A_77_PV_8_EN.pdf,Ms. Mottley,3061,bold_speaker_and_official_introduction
2022_BRN,official_transcript,data/unga_general_debate_verbatim_en/UNGA77_2022/A_77_PV_13_EN.pdf,Mr. Yusof,1135,bold_speaker_and_official_introduction
2022_BTN,official_transcript,data/unga_general_debate_verbatim_en/UNGA77_2022/A_77_PV_14_EN.pdf,Mr. Dorji,3178,bold_speaker_and_official_introduction
2022_BWA,official_transcript,data/unga_general_debate_verbatim_en/UNGA77_2022/A_77_PV_8_EN.pdf,President Masisi,2851,bold_speaker_and_official_introduction
2022_CAF,official_transcript,data/unga_general_debate_verbatim_en/UNGA77_2022/A_77_PV_5_EN.pdf,President Touadera,1399,bold_speaker_and_official_introduction
2022_CAN,official_transcript,data/unga_general_debate_verbatim_en/UNGA77_2022/A_77_PV_14_EN.pdf,Ms. Joly,2253,bold_speaker_and_official_introduction
2022_CHE,official_transcript,data/unga_general_debate_verbatim_en/UNGA77_2022/A_77_PV_4_EN.pdf,President Cassis,1911,bold_speaker_and_official_introduction
2022_CHL,official_transcript,data/unga_general_debate_verbatim_en/UNGA77_2022/A_77_PV_4_EN.pdf,President Boric Font,2493,bold_speaker_and_official_introduction
2022_CHN,official_transcript,data/unga_general_debate_verbatim_en/UNGA77_2022/A_77_PV_12_EN.pdf,Mr. Wang Yi,3060,bold_speaker_and_official_introduction
2022_CIV,official_transcript,data/unga_general_debate_verbatim_en/UNGA77_2022/A_77_PV_7_EN.pdf,President Ouattara,1365,bold_speaker_and_official_introduction
2022_CMR,official_transcript,data/unga_general_debate_verbatim_en/UNGA77_2022/A_77_PV_14_EN.pdf,Mr. Mbella Mbella,2212,bold_speaker_and_official_introduction
2022_COD,official_transcript,data/unga_general_debate_verbatim_en/UNGA77_2022/A_77_PV_5_EN.pdf,President Tshisekedi Tshilombo,4205,bold_speaker_and_official_introduction
2022_COG,official_transcript,data/unga_general_debate_verbatim_en/UNGA77_2022/A_77_PV_14_EN.pdf,Mr. Gakosso,1536,bold_speaker_and_official_introduction
2022_COL,official_transcript,data/unga_general_debate_verbatim_en/UNGA77_2022/A_77_PV_4_EN.pdf,President Petro Urrego,2254,bold_speaker_and_official_introduction
2022_COM,official_transcript,data/unga_general_debate_verbatim_en/UNGA77_2022/A_77_PV_8_EN.pdf,President Assoumani,2124,bold_speaker_and_official_introduction
2022_CPV,official_transcript,data/unga_general_debate_verbatim_en/UNGA77_2022/A_77_PV_7_EN.pdf,President Neves,1391,bold_speaker_and_official_introduction
2022_CRI,official_transcript,data/unga_general_debate_verbatim_en/UNGA77_2022/A_77_PV_7_EN.pdf,Mr. André-Tinoco,1809,bold_speaker_and_official_introduction
2022_CUB,official_transcript,data/unga_general_debate_verbatim_en/UNGA77_2022/A_77_PV_7_EN.pdf,Mr. Rodríguez Parrilla,1947,bold_speaker_and_official_introduction
2022_CYP,official_transcript,data/unga_general_debate_verbatim_en/UNGA77_2022/A_77_PV_10_EN.pdf,President Anastasiades,2484,bold_speaker_and_official_introduction
2022_CZE,official_transcript,data/unga_general_debate_verbatim_en/UNGA77_2022/A_77_PV_7_EN.pdf,Mr. Lipavský,1912,bold_speaker_and_official_introduction
2022_DEU,official_transcript,data/unga_general_debate_verbatim_en/UNGA77_2022/A_77_PV_5_EN.pdf,Mr. Scholz,2373,bold_speaker_and_official_introduction
2022_DJI,official_transcript,data/unga_general_debate_verbatim_en/UNGA77_2022/A_77_PV_14_EN.pdf,Mr. Doualeh,1899,bold_speaker_and_official_introduction
2022_DMA,official_transcript,data/unga_general_debate_verbatim_en/UNGA77_2022/A_77_PV_7_EN.pdf,President Savarin,2685,bold_speaker_and_official_introduction
2022_DNK,official_transcript,data/unga_general_debate_verbatim_en/UNGA77_2022/A_77_PV_9_EN.pdf,Mr. Kofod,1872,bold_speaker_and_official_introduction
2022_DOM,official_transcript,data/unga_general_debate_verbatim_en/UNGA77_2022/A_77_PV_7_EN.pdf,Mr. Álvarez Gil,1736,bold_speaker_and_official_introduction
2022_DZA,official_transcript,data/unga_general_debate_verbatim_en/UNGA77_2022/A_77_PV_14_EN.pdf,Mr. Lamamra,1556,bold_speaker_and_official_introduction
2022_ECU,official_transcript,data/unga_general_debate_verbatim_en/UNGA77_2022/A_77_PV_6_EN.pdf,President Lasso Mendoza,2550,bold_speaker_and_official_introduction
2022_EGY,official_transcript,data/unga_general_debate_verbatim_en/UNGA77_2022/A_77_PV_12_EN.pdf,Mr. Selim,1878,bold_speaker_and_official_introduction
2022_ERI,official_transcript,data/unga_general_debate_verbatim_en/UNGA77_2022/A_77_PV_14_EN.pdf,Mr. Mohammed,826,bold_speaker_and_official_introduction
2022_ESP,official_transcript,data/unga_general_debate_verbatim_en/UNGA77_2022/A_77_PV_9_EN.pdf,Mr. Sánchez Pérez-Castejón,3257,bold_speaker_and_official_introduction
2022_EST,official_transcript,data/unga_general_debate_verbatim_en/UNGA77_2022/A_77_PV_7_EN.pdf,President Karis,2322,bold_speaker_and_official_introduction
2022_ETH,official_transcript,data/unga_general_debate_verbatim_en/UNGA77_2022/A_77_PV_12_EN.pdf,Mr. Hassen,1212,bold_speaker_and_official_introduction
2022_FIN,official_transcript,data/unga_general_debate_verbatim_en/UNGA77_2022/A_77_PV_4_EN.pdf,President Niinistö,1388,bold_speaker_and_official_introduction
2022_FJI,official_transcript,data/unga_general_debate_verbatim_en/UNGA77_2022/A_77_PV_10_EN.pdf,Mr. Bainimarama,1832,bold_speaker_and_official_introduction
2022_FRA,official_transcript,data/unga_general_debate_verbatim_en/UNGA77_2022/A_77_PV_4_EN.pdf,President Macron,3763,bold_speaker_and_official_introduction
2022_FSM,official_transcript,data/unga_general_debate_verbatim_en/UNGA77_2022/A_77_PV_9_EN.pdf,President Panuelo,2401,bold_speaker_and_official_introduction
2022_GAB,official_transcript,data/unga_general_debate_verbatim_en/UNGA77_2022/A_77_PV_6_EN.pdf,President Ondimba,1355,bold_speaker_and_official_introduction
2022_GBR,official_transcript,data/unga_general_debate_verbatim_en/UNGA77_2022/A_77_PV_7_EN.pdf,Ms. Truss,1844,bold_speaker_and_official_introduction
2022_GEO,official_transcript,data/unga_general_debate_verbatim_en/UNGA77_2022/A_77_PV_8_EN.pdf,Mr. Garibashvili,2066,bold_speaker_and_official_introduction
2022_GHA,official_transcript,data/unga_general_debate_verbatim_en/UNGA77_2022/A_77_PV_7_EN.pdf,President Akufo-Addo,1800,bold_speaker_and_official_introduction
2022_GIN,official_transcript,data/unga_general_debate_verbatim_en/UNGA77_2022/A_77_PV_13_EN.pdf,Mr. Gomou,1794,bold_speaker_and_official_introduction
2022_GMB,official_transcript,data/unga_general_debate_verbatim_en/UNGA77_2022/A_77_PV_8_EN.pdf,President Barrow,1607,bold_speaker_and_official_introduction
2022_GNB,official_transcript,data/unga_general_debate_verbatim_en/UNGA77_2022/A_77_PV_8_EN.pdf,President Embaló,729,bold_speaker_and_official_introduction
2022_GNQ,official_transcript,data/unga_general_debate_verbatim_en/UNGA77_2022/A_77_PV_11_EN.pdf,Mr. Esono Angue,1142,bold_speaker_and_official_introduction
2022_GRC,official_transcript,data/unga_general_debate_verbatim_en/UNGA77_2022/A_77_PV_10_EN.pdf,Mr. Mitsotakis,2238,bold_speaker_and_official_introduction
2022_GRD,official_transcript,data/unga_general_debate_verbatim_en/UNGA77_2022/A_77_PV_12_EN.pdf,Mr. Mitchell,2664,bold_speaker_and_official_introduction
2022_GTM,official_transcript,data/unga_general_debate_verbatim_en/UNGA77_2022/A_77_PV_5_EN.pdf,President Giammattei Falla,2669,bold_speaker_and_official_introduction
2022_GUY,official_transcript,data/unga_general_debate_verbatim_en/UNGA77_2022/A_77_PV_6_EN.pdf,President Ali,2605,bold_speaker_and_official_introduction
2022_HND,official_transcript,data/unga_general_debate_verbatim_en/UNGA77_2022/A_77_PV_5_EN.pdf,President Castro Sarmiento,1370,bold_speaker_and_official_introduction
2022_HRV,official_transcript,data/unga_general_debate_verbatim_en/UNGA77_2022/A_77_PV_11_EN.pdf,Mr. Plenković,1950,bold_speaker_and_official_introduction
2022_HTI,official_transcript,data/unga_general_debate_verbatim_en/UNGA77_2022/A_77_PV_13_EN.pdf,Mr. Généus,2980,bold_speaker_and_official_introduction
2022_HUN,official_transcript,data/unga_general_debate_verbatim_en/UNGA77_2022/A_77_PV_7_EN.pdf,President Novák,1344,bold_speaker_and_official_introduction
2022_IDN,official_transcript,data/unga_general_debate_verbatim_en/UNGA77_2022/A_77_PV_14_EN.pdf,Mrs. Marsudi,1119,bold_speaker_and_official_introduction
2022_IND,official_transcript,data/unga_general_debate_verbatim_en/UNGA77_2022/A_77_PV_12_EN.pdf,Mr. Jaishankar,1723,bold_speaker_and_official_introduction
2022_IRL,official_transcript,data/unga_general_debate_verbatim_en/UNGA77_2022/A_77_PV_9_EN.pdf,Mr. Martin,2885,bold_speaker_and_official_introduction
2022_IRN,official_transcript,data/unga_general_debate_verbatim_en/UNGA77_2022/A_77_PV_6_EN.pdf,President Raisi,3645,bold_speaker_and_official_introduction
2022_IRQ,official_transcript,data/unga_general_debate_verbatim_en/UNGA77_2022/A_77_PV_11_EN.pdf,Mr. Al-Kadhimi,1959,bold_speaker_and_official_introduction
2022_ISL,official_transcript,data/unga_general_debate_verbatim_en/UNGA77_2022/A_77_PV_13_EN.pdf,Ms. Gylfadóttir,2532,bold_speaker_and_official_introduction
2022_ISR,official_transcript,data/unga_general_debate_verbatim_en/UNGA77_2022/A_77_PV_8_EN.pdf,Mr. Lapid,2545,bold_speaker_and_official_introduction
2022_ITA,official_transcript,data/unga_general_debate_verbatim_en/UNGA77_2022/A_77_PV_5_EN.pdf,Mr. Draghi,2100,bold_speaker_and_official_introduction
2022_JAM,official_transcript,data/unga_general_debate_verbatim_en/UNGA77_2022/A_77_PV_9_EN.pdf,Mr. Holness,2113,bold_speaker_and_official_introduction
2022_JOR,official_transcript,data/unga_general_debate_verbatim_en/UNGA77_2022/A_77_PV_4_EN.pdf,King Abdullah,1128,bold_speaker_and_official_introduction
2022_JPN,official_transcript,data/unga_general_debate_verbatim_en/UNGA77_2022/A_77_PV_5_EN.pdf,Mr. Fumio,2324,bold_speaker_and_official_introduction
2022_KAZ,official_transcript,data/unga_general_debate_verbatim_en/UNGA77_2022/A_77_PV_4_EN.pdf,President Tokayev,2212,bold_speaker_and_official_introduction
2022_KEN,official_transcript,data/unga_general_debate_verbatim_en/UNGA77_2022/A_77_PV_6_EN.pdf,President Ruto,3984,bold_speaker_and_official_introduction
2022_KGZ,official_transcript,data/unga_general_debate_verbatim_en/UNGA77_2022/A_77_PV_4_EN.pdf,President Zhaparov,2194,bold_speaker_and_official_introduction
2022_KHM,official_transcript,data/unga_general_debate_verbatim_en/UNGA77_2022/A_77_PV_10_EN.pdf,Mr. Hun Sen,1638,bold_speaker_and_official_introduction
2022_KIR,official_transcript,data/unga_general_debate_verbatim_en/UNGA77_2022/A_77_PV_8_EN.pdf,President Maamau,1664,bold_speaker_and_official_introduction
2022_KNA,official_transcript,data/unga_general_debate_verbatim_en/UNGA77_2022/A_77_PV_11_EN.pdf,Mr. Drew,1658,bold_speaker_and_official_introduction
2022_KOR,official_transcript,data/unga_general_debate_verbatim_en/UNGA77_2022/A_77_PV_4_EN.pdf,President Yoon Suk Yeol,1227,bold_speaker_and_official_introduction
2022_KWT,official_transcript,data/unga_general_debate_verbatim_en/UNGA77_2022/A_77_PV_9_EN.pdf,Sheikh Al-Sabah,1253,bold_speaker_and_official_introduction
2022_LAO,official_transcript,data/unga_general_debate_verbatim_en/UNGA77_2022/A_77_PV_12_EN.pdf,Mr. Kommasith,1340,bold_speaker_and_official_introduction
2022_LBN,official_transcript,data/unga_general_debate_verbatim_en/UNGA77_2022/A_77_PV_7_EN.pdf,Mr. Najib Azmi Mikati,2024,bold_speaker_and_official_introduction
2022_LBR,official_transcript,data/unga_general_debate_verbatim_en/UNGA77_2022/A_77_PV_8_EN.pdf,President Weah,1398,bold_speaker_and_official_introduction
2022_LBY,official_transcript,data/unga_general_debate_verbatim_en/UNGA77_2022/A_77_PV_6_EN.pdf,President Menfi,1268,bold_speaker_and_official_introduction
2022_LCA,official_transcript,data/unga_general_debate_verbatim_en/UNGA77_2022/A_77_PV_10_EN.pdf,Mr. Pierre,2943,bold_speaker_and_official_introduction
2022_LIE,official_transcript,data/unga_general_debate_verbatim_en/UNGA77_2022/A_77_PV_11_EN.pdf,Ms. Hasler,1452,bold_speaker_and_official_introduction
2022_LKA,official_transcript,data/unga_general_debate_verbatim_en/UNGA77_2022/A_77_PV_13_EN.pdf,Mr. Sabry,2565,bold_speaker_and_official_introduction
2022_LSO,official_transcript,data/unga_general_debate_verbatim_en/UNGA77_2022/A_77_PV_12_EN.pdf,Mr. Majoro,2312,bold_speaker_and_official_introduction
2022_LTU,official_transcript,data/unga_general_debate_verbatim_en/UNGA77_2022/A_77_PV_5_EN.pdf,President Nausėda,1450,bold_speaker_and_official_introduction
2022_LUX,official_transcript,data/unga_general_debate_verbatim_en/UNGA77_2022/A_77_PV_10_EN.pdf,Mr. Bettel,3317,bold_speaker_and_official_introduction
2022_LVA,official_transcript,data/unga_general_debate_verbatim_en/UNGA77_2022/A_77_PV_6_EN.pdf,President Levits,1318,bold_speaker_and_official_introduction
2022_MAR,official_transcript,data/unga_general_debate_verbatim_en/UNGA77_2022/A_77_PV_5_EN.pdf,Mr. Akhannouch,2350,bold_speaker_and_official_introduction
2022_MCO,official_transcript,data/unga_general_debate_verbatim_en/UNGA77_2022/A_77_PV_7_EN.pdf,Prince Albert,1623,bold_speaker_and_official_introduction
2022_MDA,official_transcript,data/unga_general_debate_verbatim_en/UNGA77_2022/A_77_PV_6_EN.pdf,President Sandu,1277,bold_speaker_and_official_introduction
2022_MDG,official_transcript,data/unga_general_debate_verbatim_en/UNGA77_2022/A_77_PV_6_EN.pdf,President Rajoelina,2307,bold_speaker_and_official_introduction
2022_MDV,official_transcript,data/unga_general_debate_verbatim_en/UNGA77_2022/A_77_PV_11_EN.pdf,Mr. Shahid,1426,bold_speaker_and_official_introduction
2022_MEX,official_transcript,data/unga_general_debate_verbatim_en/UNGA77_2022/A_77_PV_9_EN.pdf,Mr. Casaubón,1393,bold_speaker_and_official_introduction
2022_MHL,official_transcript,data/unga_general_debate_verbatim_en/UNGA77_2022/A_77_PV_5_EN.pdf,President Kabua,2059,bold_speaker_and_official_introduction
2022_MKD,official_transcript,data/unga_general_debate_verbatim_en/UNGA77_2022/A_77_PV_12_EN.pdf,Mr. Kovachevski,2852,bold_speaker_and_official_introduction
2022_MLI,official_transcript,data/unga_general_debate_verbatim_en/UNGA77_2022/A_77_PV_12_EN.pdf,Mr. Maïga,4434,bold_speaker_and_official_introduction
2022_MLT,official_transcript,data/unga_general_debate_verbatim_en/UNGA77_2022/A_77_PV_9_EN.pdf,Mr. Abela,2672,bold_speaker_and_official_introduction
2022_MNE,official_transcript,data/unga_general_debate_verbatim_en/UNGA77_2022/A_77_PV_11_EN.pdf,Mr. Abazović,2363,bold_speaker_and_official_introduction
2022_MNG,official_transcript,data/unga_general_debate_verbatim_en/UNGA77_2022/A_77_PV_6_EN.pdf,President Khurelsukh,2474,bold_speaker_and_official_introduction
2022_MOZ,official_transcript,data/unga_general_debate_verbatim_en/UNGA77_2022/A_77_PV_12_EN.pdf,Mr. Maleiane,1391,bold_speaker_and_official_introduction
2022_MRT,official_transcript,data/unga_general_debate_verbatim_en/UNGA77_2022/A_77_PV_14_EN.pdf,Mr. Merzoug,1574,bold_speaker_and_official_introduction
2022_MUS,official_transcript,data/unga_general_debate_verbatim_en/UNGA77_2022/A_77_PV_10_EN.pdf,Mr. Jugnauth,2194,bold_speaker_and_official_introduction
2022_MWI,official_transcript,data/unga_general_debate_verbatim_en/UNGA77_2022/A_77_PV_9_EN.pdf,President Chakwera,1842,bold_speaker_and_official_introduction
2022_MYS,official_transcript,data/unga_general_debate_verbatim_en/UNGA77_2022/A_77_PV_11_EN.pdf,Mr. Yaakob,1888,bold_speaker_and_official_introduction
2022_NAM,official_transcript,data/unga_general_debate_verbatim_en/UNGA77_2022/A_77_PV_6_EN.pdf,Mr. Geingob,1890,bold_speaker_and_official_introduction
2022_NER,official_transcript,data/unga_general_debate_verbatim_en/UNGA77_2022/A_77_PV_8_EN.pdf,President Bazoum,1502,bold_speaker_and_official_introduction
2022_NGA,official_transcript,data/unga_general_debate_verbatim_en/UNGA77_2022/A_77_PV_6_EN.pdf,President Buhari,1854,bold_speaker_and_official_introduction
2022_NIC,official_transcript,data/unga_general_debate_verbatim_en/UNGA77_2022/A_77_PV_14_EN.pdf,Mr. Moncada Colindres,1322,bold_speaker_and_official_introduction
2022_NLD,official_transcript,data/unga_general_debate_verbatim_en/UNGA77_2022/A_77_PV_10_EN.pdf,Mr. Rutte,1980,bold_speaker_and_official_introduction
2022_NOR,official_transcript,data/unga_general_debate_verbatim_en/UNGA77_2022/A_77_PV_8_EN.pdf,Mr. Støre,1764,bold_speaker_and_official_introduction
2022_NPL,official_transcript,data/unga_general_debate_verbatim_en/UNGA77_2022/A_77_PV_14_EN.pdf,Mr. Paudyal,2476,bold_speaker_and_official_introduction
2022_NRU,official_transcript,data/unga_general_debate_verbatim_en/UNGA77_2022/A_77_PV_14_EN.pdf,Mrs. Dongobir,2282,bold_speaker_and_official_introduction
2022_NZL,official_transcript,data/unga_general_debate_verbatim_en/UNGA77_2022/A_77_PV_10_EN.pdf,Ms. Ardern,2265,bold_speaker_and_official_introduction
2022_OMN,official_transcript,data/unga_general_debate_verbatim_en/UNGA77_2022/A_77_PV_14_EN.pdf,Mr. Al Hassan,1233,bold_speaker_and_official_introduction
2022_PAK,official_transcript,data/unga_general_debate_verbatim_en/UNGA77_2022/A_77_PV_10_EN.pdf,Mr. Sharif,2829,bold_speaker_and_official_introduction
2022_PAN,official_transcript,data/unga_general_debate_verbatim_en/UNGA77_2022/A_77_PV_9_EN.pdf,Mr. Carrizo,1711,bold_speaker_and_official_introduction
2022_PER,official_transcript,data/unga_general_debate_verbatim_en/UNGA77_2022/A_77_PV_5_EN.pdf,President Castillo Terrones,2187,bold_speaker_and_official_introduction
2022_PHL,official_transcript,data/unga_general_debate_verbatim_en/UNGA77_2022/A_77_PV_5_EN.pdf,President Marcos,2445,bold_speaker_and_official_introduction
2022_PLW,official_transcript,data/unga_general_debate_verbatim_en/UNGA77_2022/A_77_PV_7_EN.pdf,Mr. Aitaro,2149,bold_speaker_and_official_introduction
2022_PNG,official_transcript,data/unga_general_debate_verbatim_en/UNGA77_2022/A_77_PV_8_EN.pdf,Mr. Marape,3589,bold_speaker_and_official_introduction
2022_POL,official_transcript,data/unga_general_debate_verbatim_en/UNGA77_2022/A_77_PV_5_EN.pdf,President Duda,3587,bold_speaker_and_official_introduction
2022_PRK,official_transcript,data/unga_general_debate_verbatim_en/UNGA77_2022/A_77_PV_14_EN.pdf,Mr. Kim Song,2511,bold_speaker_and_official_introduction
2022_PRT,official_transcript,data/unga_general_debate_verbatim_en/UNGA77_2022/A_77_PV_9_EN.pdf,Mr. Costa,1701,bold_speaker_and_official_introduction
2022_PRY,official_transcript,data/unga_general_debate_verbatim_en/UNGA77_2022/A_77_PV_4_EN.pdf,President Benítez,1243,bold_speaker_and_official_introduction
2022_QAT,official_transcript,data/unga_general_debate_verbatim_en/UNGA77_2022/A_77_PV_4_EN.pdf,Sheikh Al Thani,1830,bold_speaker_and_official_introduction
2022_ROU,official_transcript,data/unga_general_debate_verbatim_en/UNGA77_2022/A_77_PV_5_EN.pdf,President Iohannis,1131,bold_speaker_and_official_introduction
2022_RUS,official_transcript,data/unga_general_debate_verbatim_en/UNGA77_2022/A_77_PV_12_EN.pdf,Mr. Lavrov,3255,bold_speaker_and_official_introduction
2022_RWA,official_transcript,data/unga_general_debate_verbatim_en/UNGA77_2022/A_77_PV_6_EN.pdf,President Kagame,677,bold_speaker_and_official_introduction
2022_SAU,official_transcript,data/unga_general_debate_verbatim_en/UNGA77_2022/A_77_PV_13_EN.pdf,Prince Al-Saud,1843,bold_speaker_and_official_introduction
2022_SDN,official_transcript,data/unga_general_debate_verbatim_en/UNGA77_2022/A_77_PV_8_EN.pdf,President Al-Burhan,1420,bold_speaker_and_official_introduction
2022_SEN,official_transcript,data/unga_general_debate_verbatim_en/UNGA77_2022/A_77_PV_4_EN.pdf,President Sall,1359,bold_speaker_and_official_introduction
2022_SGP,official_transcript,data/unga_general_debate_verbatim_en/UNGA77_2022/A_77_PV_13_EN.pdf,Mr. Balakrishnan,2006,bold_speaker_and_official_introduction
2022_SLB,official_transcript,data/unga_general_debate_verbatim_en/UNGA77_2022/A_77_PV_10_EN.pdf,Mr. Sogavare,2416,bold_speaker_and_official_introduction
2022_SLE,official_transcript,data/unga_general_debate_verbatim_en/UNGA77_2022/A_77_PV_7_EN.pdf,President Bio,1611,bold_speaker_and_official_introduction
2022_SLV,official_transcript,data/unga_general_debate_verbatim_en/UNGA77_2022/A_77_PV_5_EN.pdf,President Bukele,1590,bold_speaker_and_official_introduction
2022_SMR,official_transcript,data/unga_general_debate_verbatim_en/UNGA77_2022/A_77_PV_13_EN.pdf,Mr. Beccari,2109,bold_speaker_and_official_introduction
2022_SOM,official_transcript,data/unga_general_debate_verbatim_en/UNGA77_2022/A_77_PV_8_EN.pdf,President Mohamud,2137,bold_speaker_and_official_introduction
2022_SRB,official_transcript,data/unga_general_debate_verbatim_en/UNGA77_2022/A_77_PV_7_EN.pdf,President Vučić,2630,bold_speaker_and_official_introduction
2022_SSD,official_transcript,data/unga_general_debate_verbatim_en/UNGA77_2022/A_77_PV_9_EN.pdf,Mr. Agany,1281,bold_speaker_and_official_introduction
2022_SUR,official_transcript,data/unga_general_debate_verbatim_en/UNGA77_2022/A_77_PV_6_EN.pdf,President Santokhi,1354,bold_speaker_and_official_introduction
2022_SVK,official_transcript,data/unga_general_debate_verbatim_en/UNGA77_2022/A_77_PV_4_EN.pdf,President Čaputová,1358,bold_speaker_and_official_introduction
2022_SVN,official_transcript,data/unga_general_debate_verbatim_en/UNGA77_2022/A_77_PV_6_EN.pdf,President Pahor,892,bold_speaker_and_official_introduction
2022_SWE,official_transcript,data/unga_general_debate_verbatim_en/UNGA77_2022/A_77_PV_12_EN.pdf,Ms. Linde,1758,bold_speaker_and_official_introduction
2022_SWZ,official_transcript,data/unga_general_debate_verbatim_en/UNGA77_2022/A_77_PV_7_EN.pdf,King Mswati III,1774,bold_speaker_and_official_introduction
2022_SYC,official_transcript,data/unga_general_debate_verbatim_en/UNGA77_2022/A_77_PV_5_EN.pdf,President Ramkalawan,1469,bold_speaker_and_official_introduction
2022_SYR,official_transcript,data/unga_general_debate_verbatim_en/UNGA77_2022/A_77_PV_14_EN.pdf,Mr. Mekdad,2450,bold_speaker_and_official_introduction
2022_TCD,official_transcript,data/unga_general_debate_verbatim_en/UNGA77_2022/A_77_PV_11_EN.pdf,Ms. Koiboro,2269,bold_speaker_and_official_introduction
2022_TGO,official_transcript,data/unga_general_debate_verbatim_en/UNGA77_2022/A_77_PV_11_EN.pdf,Mr. Dussey,2814,bold_speaker_and_official_introduction
2022_THA,official_transcript,data/unga_general_debate_verbatim_en/UNGA77_2022/A_77_PV_12_EN.pdf,Mr. Pramudwinai,2065,bold_speaker_and_official_introduction
2022_TJK,official_transcript,data/unga_general_debate_verbatim_en/UNGA77_2022/A_77_PV_12_EN.pdf,Mr. Muhriddin,2267,bold_speaker_and_official_introduction
2022_TKM,official_transcript,data/unga_general_debate_verbatim_en/UNGA77_2022/A_77_PV_14_EN.pdf,Mrs. Ataeva,1532,bold_speaker_and_official_introduction
2022_TLS,official_transcript,data/unga_general_debate_verbatim_en/UNGA77_2022/A_77_PV_10_EN.pdf,President Ramos-Horta,1806,bold_speaker_and_official_introduction
2022_TON,official_transcript,data/unga_general_debate_verbatim_en/UNGA77_2022/A_77_PV_10_EN.pdf,Mr. Sovaleni,2549,bold_speaker_and_official_introduction
2022_TTO,official_transcript,data/unga_general_debate_verbatim_en/UNGA77_2022/A_77_PV_13_EN.pdf,Mr. Browne,1896,bold_speaker_and_official_introduction
2022_TUN,official_transcript,data/unga_general_debate_verbatim_en/UNGA77_2022/A_77_PV_14_EN.pdf,Mr. Jerandi,1400,bold_speaker_and_official_introduction
2022_TUR,official_transcript,data/unga_general_debate_verbatim_en/UNGA77_2022/A_77_PV_4_EN.pdf,President Erdoğan,3305,bold_speaker_and_official_introduction
2022_TUV,official_transcript,data/unga_general_debate_verbatim_en/UNGA77_2022/A_77_PV_11_EN.pdf,Mr. Natano,1731,bold_speaker_and_official_introduction
2022_TZA,official_transcript,data/unga_general_debate_verbatim_en/UNGA77_2022/A_77_PV_9_EN.pdf,Mr. Mpango,1695,bold_speaker_and_official_introduction
2022_UGA,official_transcript,data/unga_general_debate_verbatim_en/UNGA77_2022/A_77_PV_9_EN.pdf,Ms. Alupo,1457,bold_speaker_and_official_introduction
2022_UKR,official_transcript,data/unga_general_debate_verbatim_en/UNGA77_2022/A_77_PV_7_EN.pdf,Address by Mr. Volodymyr Zelenskyy,2996,annex_heading
2022_URY,official_transcript,data/unga_general_debate_verbatim_en/UNGA77_2022/A_77_PV_14_EN.pdf,Mr. Bustillo,1880,bold_speaker_and_official_introduction
2022_USA,official_transcript,data/unga_general_debate_verbatim_en/UNGA77_2022/A_77_PV_6_EN.pdf,President Biden,3831,bold_speaker_and_official_introduction
2022_UZB,official_transcript,data/unga_general_debate_verbatim_en/UNGA77_2022/A_77_PV_13_EN.pdf,Mr. Norov,1794,bold_speaker_and_official_introduction
2022_VCT,official_transcript,data/unga_general_debate_verbatim_en/UNGA77_2022/A_77_PV_12_EN.pdf,Mr. Gonsalves,2263,bold_speaker_and_official_introduction
2022_VEN,official_transcript,data/unga_general_debate_verbatim_en/UNGA77_2022/A_77_PV_13_EN.pdf,Mr. Faría Tortosa,2553,bold_speaker_and_official_introduction
2022_VNM,official_transcript,data/unga_general_debate_verbatim_en/UNGA77_2022/A_77_PV_12_EN.pdf,Mr. Minh,1435,bold_speaker_and_official_introduction
2022_VUT,official_transcript,data/unga_general_debate_verbatim_en/UNGA77_2022/A_77_PV_10_EN.pdf,President Vurobaravu,1960,bold_speaker_and_official_introduction
2022_WSM,official_transcript,data/unga_general_debate_verbatim_en/UNGA77_2022/A_77_PV_11_EN.pdf,Ms. Mataafa,3349,bold_speaker_and_official_introduction
2022_YEM,official_transcript,data/unga_general_debate_verbatim_en/UNGA77_2022/A_77_PV_8_EN.pdf,President Al-Alimi,2802,bold_speaker_and_official_introduction
2022_ZAF,official_transcript,data/unga_general_debate_verbatim_en/UNGA77_2022/A_77_PV_7_EN.pdf,Mrs. Pandor,2066,bold_speaker_and_official_introduction
2022_ZMB,official_transcript,data/unga_general_debate_verbatim_en/UNGA77_2022/A_77_PV_6_EN.pdf,President Hichilema,2289,bold_speaker_and_official_introduction
2022_ZWE,official_transcript,data/unga_general_debate_verbatim_en/UNGA77_2022/A_77_PV_8_EN.pdf,President Mnangagwa,2121,bold_speaker_and_official_introduction
2023_AGO,official_transcript,data/unga_general_debate_verbatim_en/UNGA78_2023/A_78_PV_6_EN.pdf,President Lourenço,2683,bold_speaker_and_official_introduction
2023_ALB,official_transcript,data/unga_general_debate_verbatim_en/UNGA78_2023/A_78_PV_9_EN.pdf,President Begaj,1700,bold_speaker_and_official_introduction
2023_AND,official_transcript,data/unga_general_debate_verbatim_en/UNGA78_2023/A_78_PV_10_EN.pdf,Mr. Espot Zamora,2501,bold_speaker_and_official_introduction
2023_ARE,official_transcript,data/unga_general_debate_verbatim_en/UNGA78_2023/A_78_PV_13_EN.pdf,Ms. Al Hashimy,2095,bold_speaker_and_official_introduction
2023_ARG,official_transcript,data/unga_general_debate_verbatim_en/UNGA78_2023/A_78_PV_5_EN.pdf,President Fernández,2240,bold_speaker_and_official_introduction
2023_ARM,official_transcript,data/unga_general_debate_verbatim_en/UNGA78_2023/A_78_PV_13_EN.pdf,Mr. Mirzoyan,2213,bold_speaker_and_official_introduction
2023_ATG,official_transcript,data/unga_general_debate_verbatim_en/UNGA78_2023/A_78_PV_10_EN.pdf,Mr. Browne,3109,bold_speaker_and_official_introduction
2023_AUS,official_transcript,data/unga_general_debate_verbatim_en/UNGA78_2023/A_78_PV_11_EN.pdf,Ms. Wong,2908,bold_speaker_and_official_introduction
2023_AUT,official_transcript,data/unga_general_debate_verbatim_en/UNGA78_2023/A_78_PV_9_EN.pdf,Mr. Schallenberg,1476,bold_speaker_and_official_introduction
2023_AZE,official_transcript,data/unga_general_debate_verbatim_en/UNGA78_2023/A_78_PV_12_EN.pdf,Mr. Bayramov,2741,bold_speaker_and_official_introduction
2023_BDI,official_transcript,data/unga_general_debate_verbatim_en/UNGA78_2023/A_78_PV_8_EN.pdf,President Ndayishimiye,2541,bold_speaker_and_official_introduction
2023_BEL,official_transcript,data/unga_general_debate_verbatim_en/UNGA78_2023/A_78_PV_7_EN.pdf,Mr. De Croo,1529,bold_speaker_and_official_introduction
2023_BEN,official_transcript,data/unga_general_debate_verbatim_en/UNGA78_2023/A_78_PV_14_EN.pdf,Mr. Araba,1704,bold_speaker_and_official_introduction
2023_BFA,official_transcript,data/unga_general_debate_verbatim_en/UNGA78_2023/A_78_PV_13_EN.pdf,Mr. Bazie,5124,bold_speaker_and_official_introduction
2023_BGD,official_transcript,data/unga_general_debate_verbatim_en/UNGA78_2023/A_78_PV_10_EN.pdf,Sheikh Hasina,1384,bold_speaker_and_official_introduction
2023_BGR,official_transcript,data/unga_general_debate_verbatim_en/UNGA78_2023/A_78_PV_6_EN.pdf,President Radev,1528,bold_speaker_and_official_introduction
2023_BHR,official_transcript,data/unga_general_debate_verbatim_en/UNGA78_2023/A_78_PV_11_EN.pdf,Mr. Al Zayani,3061,bold_speaker_and_official_introduction
2023_BHS,official_transcript,data/unga_general_debate_verbatim_en/UNGA78_2023/A_78_PV_11_EN.pdf,Mr. Mitchell,1626,bold_speaker_and_official_introduction
2023_BIH,official_transcript,data/unga_general_debate_verbatim_en/UNGA78_2023/A_78_PV_6_EN.pdf,President Komšić,3109,bold_speaker_and_official_introduction
2023_BLR,official_transcript,data/unga_general_debate_verbatim_en/UNGA78_2023/A_78_PV_13_EN.pdf,Mr. Aleinik,1716,bold_speaker_and_official_introduction
2023_BLZ,official_transcript,data/unga_general_debate_verbatim_en/UNGA78_2023/A_78_PV_13_EN.pdf,Mr. Courtenay,2080,bold_speaker_and_official_introduction
2023_BOL,official_transcript,data/unga_general_debate_verbatim_en/UNGA78_2023/A_78_PV_5_EN.pdf,President Arce Catacora,2963,bold_speaker_and_official_introduction
2023_BRA,official_transcript,data/unga_general_debate_verbatim_en/UNGA78_2023/A_78_PV_4_EN.pdf,President Lula da Silva,2354,bold_speaker_and_official_introduction
2023_BRB,official_transcript,data/unga_general_debate_verbatim_en/UNGA78_2023/A_78_PV_10_EN.pdf,Ms. Mottley,3146,bold_speaker_and_official_introduction
2023_BRN,official_transcript,data/unga_general_debate_verbatim_en/UNGA78_2023/A_78_PV_13_EN.pdf,Mr. Yusof,1017,bold_speaker_and_official_introduction
2023_BTN,official_transcript,data/unga_general_debate_verbatim_en/UNGA78_2023/A_78_PV_14_EN.pdf,Mr. Dorji,2005,bold_speaker_and_official_introduction
2023_BWA,official_transcript,data/unga_general_debate_verbatim_en/UNGA78_2023/A_78_PV_7_EN.pdf,President Masisi,1486,bold_speaker_and_official_introduction
2023_CAF,official_transcript,data/unga_general_debate_verbatim_en/UNGA78_2023/A_78_PV_8_EN.pdf,President Touadera,1615,bold_speaker_and_official_introduction
2023_CAN,official_transcript,data/unga_general_debate_verbatim_en/UNGA78_2023/A_78_PV_14_EN.pdf,Mr. Rae,3925,bold_speaker_and_official_introduction
2023_CHE,official_transcript,data/unga_general_debate_verbatim_en/UNGA78_2023/A_78_PV_4_EN.pdf,President Berset,1479,bold_speaker_and_official_introduction
2023_CHL,official_transcript,data/unga_general_debate_verbatim_en/UNGA78_2023/A_78_PV_7_EN.pdf,President Boric Font,2852,bold_speaker_and_official_introduction
2023_CHN,official_transcript,data/unga_general_debate_verbatim_en/UNGA78_2023/A_78_PV_9_EN.pdf,Mr. Han Zheng,1640,bold_speaker_and_official_introduction
2023_CIV,official_transcript,data/unga_general_debate_verbatim_en/UNGA78_2023/A_78_PV_9_EN.pdf,Mr. Koné,1559,bold_speaker_and_official_introduction
2023_CMR,official_transcript,data/unga_general_debate_verbatim_en/UNGA78_2023/A_78_PV_14_EN.pdf,Mr. Mbella Mbella,1462,bold_speaker_and_official_introduction
2023_COD,official_transcript,data/unga_general_debate_verbatim_en/UNGA78_2023/A_78_PV_7_EN.pdf,President Tshisekedi Tshilombo,3029,bold_speaker_and_official_introduction
2023_COG,official_transcript,data/unga_general_debate_verbatim_en/UNGA78_2023/A_78_PV_8_EN.pdf,President Nguesso,1762,bold_speaker_and_official_introduction
2023_COL,official_transcript,data/unga_general_debate_verbatim_en/UNGA78_2023/A_78_PV_4_EN.pdf,President Petro Urrego,2589,bold_speaker_and_official_introduction
2023_COM,official_transcript,data/unga_general_debate_verbatim_en/UNGA78_2023/A_78_PV_7_EN.pdf,President Assoumani,2228,bold_speaker_and_official_introduction
2023_CPV,official_transcript,data/unga_general_debate_verbatim_en/UNGA78_2023/A_78_PV_12_EN.pdf,Mr. Silva,1317,bold_speaker_and_official_introduction
2023_CRI,official_transcript,data/unga_general_debate_verbatim_en/UNGA78_2023/A_78_PV_11_EN.pdf,Mr. André Tinoco,1523,bold_speaker_and_official_introduction
2023_CUB,official_transcript,data/unga_general_debate_verbatim_en/UNGA78_2023/A_78_PV_4_EN.pdf,President Díaz-Canel Bermúdez,2665,bold_speaker_and_official_introduction
2023_CYP,official_transcript,data/unga_general_debate_verbatim_en/UNGA78_2023/A_78_PV_6_EN.pdf,President Christodoulides,2485,bold_speaker_and_official_introduction
2023_CZE,official_transcript,data/unga_general_debate_verbatim_en/UNGA78_2023/A_78_PV_5_EN.pdf,President Pavel,1583,bold_speaker_and_official_introduction
2023_DEU,official_transcript,data/unga_general_debate_verbatim_en/UNGA78_2023/A_78_PV_5_EN.pdf,Mr. Scholz,2456,bold_speaker_and_official_introduction
2023_DJI,official_transcript,data/unga_general_debate_verbatim_en/UNGA78_2023/A_78_PV_13_EN.pdf,Mr. Youssouf,2445,bold_speaker_and_official_introduction
2023_DMA,official_transcript,data/unga_general_debate_verbatim_en/UNGA78_2023/A_78_PV_8_EN.pdf,President Savarin,2280,bold_speaker_and_official_introduction
2023_DNK,official_transcript,data/unga_general_debate_verbatim_en/UNGA78_2023/A_78_PV_9_EN.pdf,Mr. Jørgensen,1669,bold_speaker_and_official_introduction
2023_DOM,official_transcript,data/unga_general_debate_verbatim_en/UNGA78_2023/A_78_PV_7_EN.pdf,President Abinader Corona,1890,bold_speaker_and_official_introduction
2023_DZA,official_transcript,data/unga_general_debate_verbatim_en/UNGA78_2023/A_78_PV_5_EN.pdf,President Tebboune,2213,bold_speaker_and_official_introduction
2023_ECU,official_transcript,data/unga_general_debate_verbatim_en/UNGA78_2023/A_78_PV_6_EN.pdf,President Lasso Mendoza,1669,bold_speaker_and_official_introduction
2023_EGY,official_transcript,data/unga_general_debate_verbatim_en/UNGA78_2023/A_78_PV_12_EN.pdf,Mr. Selim,2323,bold_speaker_and_official_introduction
2023_ERI,official_transcript,data/unga_general_debate_verbatim_en/UNGA78_2023/A_78_PV_13_EN.pdf,Mr. Mohammed,867,bold_speaker_and_official_introduction
2023_ESP,official_transcript,data/unga_general_debate_verbatim_en/UNGA78_2023/A_78_PV_7_EN.pdf,Mr. Sánchez Pérez-Castejón,3148,bold_speaker_and_official_introduction
2023_EST,official_transcript,data/unga_general_debate_verbatim_en/UNGA78_2023/A_78_PV_7_EN.pdf,President Karis,2178,bold_speaker_and_official_introduction
2023_ETH,official_transcript,data/unga_general_debate_verbatim_en/UNGA78_2023/A_78_PV_12_EN.pdf,Mr. Hassen,1438,bold_speaker_and_official_introduction
2023_FIN,official_transcript,data/unga_general_debate_verbatim_en/UNGA78_2023/A_78_PV_6_EN.pdf,President Niinistö,1315,bold_speaker_and_official_introduction
2023_FJI,official_transcript,data/unga_general_debate_verbatim_en/UNGA78_2023/A_78_PV_10_EN.pdf,Mr. Rabuka,1615,bold_speaker_and_official_introduction
2023_FRA,official_transcript,data/unga_general_debate_verbatim_en/UNGA78_2023/A_78_PV_9_EN.pdf,Mrs. Colonna,2055,bold_speaker_and_official_introduction
2023_FSM,official_transcript,data/unga_general_debate_verbatim_en/UNGA78_2023/A_78_PV_8_EN.pdf,President Simina,1966,bold_speaker_and_official_introduction
2023_GAB,official_transcript,data/unga_general_debate_verbatim_en/UNGA78_2023/A_78_PV_10_EN.pdf,Mr. Ndong Sima,2502,bold_speaker_and_official_introduction
2023_GBR,official_transcript,data/unga_general_debate_verbatim_en/UNGA78_2023/A_78_PV_11_EN.pdf,Mr. Dowden,2029,bold_speaker_and_official_introduction
2023_GEO,official_transcript,data/unga_general_debate_verbatim_en/UNGA78_2023/A_78_PV_11_EN.pdf,Mr. Garibashvili,1811,bold_speaker_and_official_introduction
2023_GHA,official_transcript,data/unga_general_debate_verbatim_en/UNGA78_2023/A_78_PV_6_EN.pdf,President Akufo-Addo,2143,bold_speaker_and_official_introduction
2023_GIN,official_transcript,data/unga_general_debate_verbatim_en/UNGA78_2023/A_78_PV_8_EN.pdf,President Doumbouya,1680,bold_speaker_and_official_introduction
2023_GMB,official_transcript,data/unga_general_debate_verbatim_en/UNGA78_2023/A_78_PV_9_EN.pdf,Mr. Jallow,2113,bold_speaker_and_official_introduction
2023_GNB,official_transcript,data/unga_general_debate_verbatim_en/UNGA78_2023/A_78_PV_9_EN.pdf,President Embaló,903,bold_speaker_and_official_introduction
2023_GNQ,official_transcript,data/unga_general_debate_verbatim_en/UNGA78_2023/A_78_PV_9_EN.pdf,Mr. Obiang Mangue,795,bold_speaker_and_official_introduction
2023_GRC,official_transcript,data/unga_general_debate_verbatim_en/UNGA78_2023/A_78_PV_9_EN.pdf,Mr. Mitsotakis,2375,bold_speaker_and_official_introduction
2023_GRD,official_transcript,data/unga_general_debate_verbatim_en/UNGA78_2023/A_78_PV_11_EN.pdf,Mr. Mitchell,2776,bold_speaker_and_official_introduction
2023_GTM,official_transcript,data/unga_general_debate_verbatim_en/UNGA78_2023/A_78_PV_4_EN.pdf,President Giammattei Falla,2567,bold_speaker_and_official_introduction
2023_GUY,official_transcript,data/unga_general_debate_verbatim_en/UNGA78_2023/A_78_PV_6_EN.pdf,President Ali,2556,bold_speaker_and_official_introduction
2023_HND,official_transcript,data/unga_general_debate_verbatim_en/UNGA78_2023/A_78_PV_6_EN.pdf,President Castro Sarmiento,1516,bold_speaker_and_official_introduction
2023_HRV,official_transcript,data/unga_general_debate_verbatim_en/UNGA78_2023/A_78_PV_6_EN.pdf,President Milanović,1638,bold_speaker_and_official_introduction
2023_HTI,official_transcript,data/unga_general_debate_verbatim_en/UNGA78_2023/A_78_PV_11_EN.pdf,Mr. Henry,2099,bold_speaker_and_official_introduction
2023_HUN,official_transcript,data/unga_general_debate_verbatim_en/UNGA78_2023/A_78_PV_4_EN.pdf,President Novák,1397,bold_speaker_and_official_introduction
2023_IDN,official_transcript,data/unga_general_debate_verbatim_en/UNGA78_2023/A_78_PV_12_EN.pdf,Mrs. Marsudi,1202,bold_speaker_and_official_introduction
2023_IND,official_transcript,data/unga_general_debate_verbatim_en/UNGA78_2023/A_78_PV_14_EN.pdf,Mr. Jaishankar,1727,bold_speaker_and_official_introduction
2023_IRL,official_transcript,data/unga_general_debate_verbatim_en/UNGA78_2023/A_78_PV_11_EN.pdf,Mr. Varadkar,2053,bold_speaker_and_official_introduction
2023_IRN,official_transcript,data/unga_general_debate_verbatim_en/UNGA78_2023/A_78_PV_5_EN.pdf,President Raisi,3274,bold_speaker_and_official_introduction
2023_IRQ,official_transcript,data/unga_general_debate_verbatim_en/UNGA78_2023/A_78_PV_10_EN.pdf,Mr. Al Sudani,2393,bold_speaker_and_official_introduction
2023_ISL,official_transcript,data/unga_general_debate_verbatim_en/UNGA78_2023/A_78_PV_12_EN.pdf,Ms. Gylfadóttir,2176,bold_speaker_and_official_introduction
2023_ISR,official_transcript,data/unga_general_debate_verbatim_en/UNGA78_2023/A_78_PV_10_EN.pdf,Mr. Netanyahu,2714,bold_speaker_and_official_introduction
2023_ITA,official_transcript,data/unga_general_debate_verbatim_en/UNGA78_2023/A_78_PV_7_EN.pdf,Ms. Meloni,1935,bold_speaker_and_official_introduction
2023_JAM,official_transcript,data/unga_general_debate_verbatim_en/UNGA78_2023/A_78_PV_14_EN.pdf,Ms. Smith,3152,bold_speaker_and_official_introduction
2023_JOR,official_transcript,data/unga_general_debate_verbatim_en/UNGA78_2023/A_78_PV_4_EN.pdf,King Abdullah,1202,bold_speaker_and_official_introduction
2023_JPN,official_transcript,data/unga_general_debate_verbatim_en/UNGA78_2023/A_78_PV_5_EN.pdf,Mr. Kishida,2074,bold_speaker_and_official_introduction
2023_KAZ,official_transcript,data/unga_general_debate_verbatim_en/UNGA78_2023/A_78_PV_5_EN.pdf,President Tokayev,1994,bold_speaker_and_official_introduction
2023_KEN,official_transcript,data/unga_general_debate_verbatim_en/UNGA78_2023/A_78_PV_8_EN.pdf,President Ruto,2606,bold_speaker_and_official_introduction
2023_KGZ,official_transcript,data/unga_general_debate_verbatim_en/UNGA78_2023/A_78_PV_5_EN.pdf,President Zhaparov,2578,bold_speaker_and_official_introduction
2023_KHM,official_transcript,data/unga_general_debate_verbatim_en/UNGA78_2023/A_78_PV_11_EN.pdf,Mr. Manet Hun,1388,bold_speaker_and_official_introduction
2023_KIR,official_transcript,data/unga_general_debate_verbatim_en/UNGA78_2023/A_78_PV_8_EN.pdf,President Maamau,1790,bold_speaker_and_official_introduction
2023_KNA,official_transcript,data/unga_general_debate_verbatim_en/UNGA78_2023/A_78_PV_12_EN.pdf,Mr. Drew,2014,bold_speaker_and_official_introduction
2023_KOR,official_transcript,data/unga_general_debate_verbatim_en/UNGA78_2023/A_78_PV_6_EN.pdf,President Yoon Suk Yeol,1775,bold_speaker_and_official_introduction
2023_KWT,official_transcript,data/unga_general_debate_verbatim_en/UNGA78_2023/A_78_PV_9_EN.pdf,Sheikh Al-Sabah,1870,bold_speaker_and_official_introduction
2023_LAO,official_transcript,data/unga_general_debate_verbatim_en/UNGA78_2023/A_78_PV_12_EN.pdf,Mr. Kommasith,1570,bold_speaker_and_official_introduction
2023_LBN,official_transcript,data/unga_general_debate_verbatim_en/UNGA78_2023/A_78_PV_7_EN.pdf,Mr. Najib Azmi Mikati,1559,bold_speaker_and_official_introduction
2023_LBR,official_transcript,data/unga_general_debate_verbatim_en/UNGA78_2023/A_78_PV_7_EN.pdf,President Weah,1428,bold_speaker_and_official_introduction
2023_LBY,official_transcript,data/unga_general_debate_verbatim_en/UNGA78_2023/A_78_PV_7_EN.pdf,Mr. AF Elzuni,729,bold_speaker_and_official_introduction
2023_LCA,official_transcript,data/unga_general_debate_verbatim_en/UNGA78_2023/A_78_PV_10_EN.pdf,Mr. Pierre,2678,bold_speaker_and_official_introduction
2023_LIE,official_transcript,data/unga_general_debate_verbatim_en/UNGA78_2023/A_78_PV_9_EN.pdf,Ms. Hasler,1935,bold_speaker_and_official_introduction
2023_LKA,official_transcript,data/unga_general_debate_verbatim_en/UNGA78_2023/A_78_PV_8_EN.pdf,President Wickremesinghe,1971,bold_speaker_and_official_introduction
2023_LSO,official_transcript,data/unga_general_debate_verbatim_en/UNGA78_2023/A_78_PV_11_EN.pdf,Mr. Matekane,1878,bold_speaker_and_official_introduction
2023_LTU,official_transcript,data/unga_general_debate_verbatim_en/UNGA78_2023/A_78_PV_6_EN.pdf,President Nausėda,1294,bold_speaker_and_official_introduction
2023_LUX,official_transcript,data/unga_general_debate_verbatim_en/UNGA78_2023/A_78_PV_10_EN.pdf,Mr. Bettel,2331,bold_speaker_and_official_introduction
2023_LVA,official_transcript,data/unga_general_debate_verbatim_en/UNGA78_2023/A_78_PV_6_EN.pdf,President Rinkēvičs,1644,bold_speaker_and_official_introduction
2023_MAR,official_transcript,data/unga_general_debate_verbatim_en/UNGA78_2023/A_78_PV_14_EN.pdf,Mr. Hilale,2262,bold_speaker_and_official_introduction
2023_MCO,official_transcript,data/unga_general_debate_verbatim_en/UNGA78_2023/A_78_PV_7_EN.pdf,Prince Albert,1845,bold_speaker_and_official_introduction
2023_MDA,official_transcript,data/unga_general_debate_verbatim_en/UNGA78_2023/A_78_PV_7_EN.pdf,President Sandu,1035,bold_speaker_and_official_introduction
2023_MDV,official_transcript,data/unga_general_debate_verbatim_en/UNGA78_2023/A_78_PV_14_EN.pdf,Mr. Khaleel,2012,bold_speaker_and_official_introduction
2023_MEX,official_transcript,data/unga_general_debate_verbatim_en/UNGA78_2023/A_78_PV_12_EN.pdf,Mrs. Bárcena Ibarra,3301,bold_speaker_and_official_introduction
2023_MHL,official_transcript,data/unga_general_debate_verbatim_en/UNGA78_2023/A_78_PV_7_EN.pdf,President Kabua,2085,bold_speaker_and_official_introduction
2023_MKD,official_transcript,data/unga_general_debate_verbatim_en/UNGA78_2023/A_78_PV_10_EN.pdf,President Pendarovski,1760,bold_speaker_and_official_introduction
2023_MLI,official_transcript,data/unga_general_debate_verbatim_en/UNGA78_2023/A_78_PV_13_EN.pdf,Mr. Diop,3343,bold_speaker_and_official_introduction
2023_MLT,official_transcript,data/unga_general_debate_verbatim_en/UNGA78_2023/A_78_PV_10_EN.pdf,Mr. Abela,3461,bold_speaker_and_official_introduction
2023_MNE,official_transcript,data/unga_general_debate_verbatim_en/UNGA78_2023/A_78_PV_8_EN.pdf,President Milatović,1697,bold_speaker_and_official_introduction
2023_MNG,official_transcript,data/unga_general_debate_verbatim_en/UNGA78_2023/A_78_PV_7_EN.pdf,President Ukhnaa,2422,bold_speaker_and_official_introduction
2023_MOZ,official_transcript,data/unga_general_debate_verbatim_en/UNGA78_2023/A_78_PV_5_EN.pdf,President Nyusi,1890,bold_speaker_and_official_introduction
2023_MRT,official_transcript,data/unga_general_debate_verbatim_en/UNGA78_2023/A_78_PV_7_EN.pdf,President El Ghazouani,1541,bold_speaker_and_official_introduction
2023_MUS,official_transcript,data/unga_general_debate_verbatim_en/UNGA78_2023/A_78_PV_10_EN.pdf,Mr. Jugnauth,2017,bold_speaker_and_official_introduction
2023_MWI,official_transcript,data/unga_general_debate_verbatim_en/UNGA78_2023/A_78_PV_8_EN.pdf,President Chakwera,1446,bold_speaker_and_official_introduction
2023_MYS,official_transcript,data/unga_general_debate_verbatim_en/UNGA78_2023/A_78_PV_10_EN.pdf,Mr. Ibrahim,1650,bold_speaker_and_official_introduction
2023_NAM,official_transcript,data/unga_general_debate_verbatim_en/UNGA78_2023/A_78_PV_6_EN.pdf,President Geingob,1584,bold_speaker_and_official_introduction
2023_NGA,official_transcript,data/unga_general_debate_verbatim_en/UNGA78_2023/A_78_PV_5_EN.pdf,President Tinubu,1560,bold_speaker_and_official_introduction
2023_NIC,official_transcript,data/unga_general_debate_verbatim_en/UNGA78_2023/A_78_PV_14_EN.pdf,Mr. Moncada Colindres,2259,bold_speaker_and_official_introduction
2023_NLD,official_transcript,data/unga_general_debate_verbatim_en/UNGA78_2023/A_78_PV_10_EN.pdf,Mr. Rutte,1656,bold_speaker_and_official_introduction
2023_NOR,official_transcript,data/unga_general_debate_verbatim_en/UNGA78_2023/A_78_PV_13_EN.pdf,Ms. Tvinnereim,1703,bold_speaker_and_official_introduction
2023_NPL,official_transcript,data/unga_general_debate_verbatim_en/UNGA78_2023/A_78_PV_9_EN.pdf,Mr. Dahal,1927,bold_speaker_and_official_introduction
2023_NRU,official_transcript,data/unga_general_debate_verbatim_en/UNGA78_2023/A_78_PV_9_EN.pdf,President Kun,2565,bold_speaker_and_official_introduction
2023_NZL,official_transcript,data/unga_general_debate_verbatim_en/UNGA78_2023/A_78_PV_12_EN.pdf,Ms. Mahuta,2475,bold_speaker_and_official_introduction
2023_OMN,official_transcript,data/unga_general_debate_verbatim_en/UNGA78_2023/A_78_PV_13_EN.pdf,Mr. Albusaidi,1055,bold_speaker_and_official_introduction
2023_PAK,official_transcript,data/unga_general_debate_verbatim_en/UNGA78_2023/A_78_PV_10_EN.pdf,Mr. Kakar,1743,bold_speaker_and_official_introduction
2023_PAN,official_transcript,data/unga_general_debate_verbatim_en/UNGA78_2023/A_78_PV_5_EN.pdf,President Cortizo Cohen,1071,bold_speaker_and_official_introduction
2023_PER,official_transcript,data/unga_general_debate_verbatim_en/UNGA78_2023/A_78_PV_5_EN.pdf,President Boluarte Zegarra,1844,bold_speaker_and_official_introduction
2023_PHL,official_transcript,data/unga_general_debate_verbatim_en/UNGA78_2023/A_78_PV_12_EN.pdf,Mr. Manalo,2141,bold_speaker_and_official_introduction
2023_PLW,official_transcript,data/unga_general_debate_verbatim_en/UNGA78_2023/A_78_PV_5_EN.pdf,President Whipps,1675,bold_speaker_and_official_introduction
2023_PNG,official_transcript,data/unga_general_debate_verbatim_en/UNGA78_2023/A_78_PV_12_EN.pdf,Mr. Rosso,4400,bold_speaker_and_official_introduction
2023_POL,official_transcript,data/unga_general_debate_verbatim_en/UNGA78_2023/A_78_PV_4_EN.pdf,President Duda,2566,bold_speaker_and_official_introduction
2023_PRK,official_transcript,data/unga_general_debate_verbatim_en/UNGA78_2023/A_78_PV_14_EN.pdf,Mr. Song Kim,2452,bold_speaker_and_official_introduction
2023_PRT,official_transcript,data/unga_general_debate_verbatim_en/UNGA78_2023/A_78_PV_4_EN.pdf,President Rebelo de Sousa,1149,bold_speaker_and_official_introduction
2023_PRY,official_transcript,data/unga_general_debate_verbatim_en/UNGA78_2023/A_78_PV_5_EN.pdf,President Peña Palacios,2115,bold_speaker_and_official_introduction
2023_QAT,official_transcript,data/unga_general_debate_verbatim_en/UNGA78_2023/A_78_PV_4_EN.pdf,Sheikh Al Thani,2532,bold_speaker_and_official_introduction
2023_ROU,official_transcript,data/unga_general_debate_verbatim_en/UNGA78_2023/A_78_PV_6_EN.pdf,President Iohannis,1143,bold_speaker_and_official_introduction
2023_RUS,official_transcript,data/unga_general_debate_verbatim_en/UNGA78_2023/A_78_PV_12_EN.pdf,Mr. Lavrov,3462,bold_speaker_and_official_introduction
2023_RWA,official_transcript,data/unga_general_debate_verbatim_en/UNGA78_2023/A_78_PV_6_EN.pdf,President Kagame,805,bold_speaker_and_official_introduction
2023_SAU,official_transcript,data/unga_general_debate_verbatim_en/UNGA78_2023/A_78_PV_13_EN.pdf,Prince Al-Saud,2446,bold_speaker_and_official_introduction
2023_SDN,official_transcript,data/unga_general_debate_verbatim_en/UNGA78_2023/A_78_PV_9_EN.pdf,President Al-Burhan,1521,bold_speaker_and_official_introduction
2023_SEN,official_transcript,data/unga_general_debate_verbatim_en/UNGA78_2023/A_78_PV_5_EN.pdf,President Sall,1244,bold_speaker_and_official_introduction
2023_SGP,official_transcript,data/unga_general_debate_verbatim_en/UNGA78_2023/A_78_PV_11_EN.pdf,Mr. Balakrishnan,1858,bold_speaker_and_official_introduction
2023_SLB,official_transcript,data/unga_general_debate_verbatim_en/UNGA78_2023/A_78_PV_11_EN.pdf,Mr. Sogavare,2763,bold_speaker_and_official_introduction
2023_SLE,official_transcript,data/unga_general_debate_verbatim_en/UNGA78_2023/A_78_PV_7_EN.pdf,President Bio,2399,bold_speaker_and_official_introduction
2023_SLV,official_transcript,data/unga_general_debate_verbatim_en/UNGA78_2023/A_78_PV_5_EN.pdf,President Bukele,2041,bold_speaker_and_official_introduction
2023_SMR,official_transcript,data/unga_general_debate_verbatim_en/UNGA78_2023/A_78_PV_14_EN.pdf,Mr. Beleffi,1954,bold_speaker_and_official_introduction
2023_SOM,official_transcript,data/unga_general_debate_verbatim_en/UNGA78_2023/A_78_PV_12_EN.pdf,Mr. Barre,1784,bold_speaker_and_official_introduction
2023_SRB,official_transcript,data/unga_general_debate_verbatim_en/UNGA78_2023/A_78_PV_8_EN.pdf,President Vučić,4359,bold_speaker_and_official_introduction
2023_SSD,official_transcript,data/unga_general_debate_verbatim_en/UNGA78_2023/A_78_PV_8_EN.pdf,President Mayardit,846,bold_speaker_and_official_introduction
2023_STP,official_transcript,data/unga_general_debate_verbatim_en/UNGA78_2023/A_78_PV_7_EN.pdf,Mr. Trovoada,1141,bold_speaker_and_official_introduction
2023_SUR,official_transcript,data/unga_general_debate_verbatim_en/UNGA78_2023/A_78_PV_6_EN.pdf,President Santokhi,1596,bold_speaker_and_official_introduction
2023_SVK,official_transcript,data/unga_general_debate_verbatim_en/UNGA78_2023/A_78_PV_6_EN.pdf,President Čaputová,1065,bold_speaker_and_official_introduction
2023_SVN,official_transcript,data/unga_general_debate_verbatim_en/UNGA78_2023/A_78_PV_4_EN.pdf,President Musar,2057,bold_speaker_and_official_introduction
2023_SWE,official_transcript,data/unga_general_debate_verbatim_en/UNGA78_2023/A_78_PV_11_EN.pdf,Mr. Billström,1650,bold_speaker_and_official_introduction
2023_SWZ,official_transcript,data/unga_general_debate_verbatim_en/UNGA78_2023/A_78_PV_7_EN.pdf,King Mswati III,2061,bold_speaker_and_official_introduction
2023_SYC,official_transcript,data/unga_general_debate_verbatim_en/UNGA78_2023/A_78_PV_6_EN.pdf,President Ramkalawan,1533,bold_speaker_and_official_introduction
2023_SYR,official_transcript,data/unga_general_debate_verbatim_en/UNGA78_2023/A_78_PV_14_EN.pdf,Mr. Sabbagh,2462,bold_speaker_and_official_introduction
2023_TCD,official_transcript,data/unga_general_debate_verbatim_en/UNGA78_2023/A_78_PV_9_EN.pdf,Mr. Annadif,1465,bold_speaker_and_official_introduction
2023_TGO,official_transcript,data/unga_general_debate_verbatim_en/UNGA78_2023/A_78_PV_9_EN.pdf,Mr. Dussey,3377,bold_speaker_and_official_introduction
2023_THA,official_transcript,data/unga_general_debate_verbatim_en/UNGA78_2023/A_78_PV_10_EN.pdf,Mr. Thavisin,1310,bold_speaker_and_official_introduction
2023_TJK,official_transcript,data/unga_general_debate_verbatim_en/UNGA78_2023/A_78_PV_6_EN.pdf,President Rahmon,1871,bold_speaker_and_official_introduction
2023_TKM,official_transcript,data/unga_general_debate_verbatim_en/UNGA78_2023/A_78_PV_4_EN.pdf,President Berdimuhamedov,1850,bold_speaker_and_official_introduction
2023_TLS,official_transcript,data/unga_general_debate_verbatim_en/UNGA78_2023/A_78_PV_8_EN.pdf,President Ramos-Horta,1904,bold_speaker_and_official_introduction
2023_TON,official_transcript,data/unga_general_debate_verbatim_en/UNGA78_2023/A_78_PV_11_EN.pdf,Mr. Sovaleni,2926,bold_speaker_and_official_introduction
2023_TTO,official_transcript,data/unga_general_debate_verbatim_en/UNGA78_2023/A_78_PV_9_EN.pdf,Mr. Rowley,2674,bold_speaker_and_official_introduction
2023_TUN,official_transcript,data/unga_general_debate_verbatim_en/UNGA78_2023/A_78_PV_12_EN.pdf,Mr. Ammar,1909,bold_speaker_and_official_introduction
2023_TUR,official_transcript,data/unga_general_debate_verbatim_en/UNGA78_2023/A_78_PV_4_EN.pdf,President Erdoğan,3690,bold_speaker_and_official_introduction
2023_TUV,official_transcript,data/unga_general_debate_verbatim_en/UNGA78_2023/A_78_PV_11_EN.pdf,Mr. Natano,2393,bold_speaker_and_official_introduction
2023_TZA,official_transcript,data/unga_general_debate_verbatim_en/UNGA78_2023/A_78_PV_9_EN.pdf,Mr. Mpango,1587,bold_speaker_and_official_introduction
2023_UGA,official_transcript,data/unga_general_debate_verbatim_en/UNGA78_2023/A_78_PV_9_EN.pdf,Ms. Alupo,1791,bold_speaker_and_official_introduction
2023_UKR,official_transcript,data/unga_general_debate_verbatim_en/UNGA78_2023/A_78_PV_4_EN.pdf,President Zelenskyy,1569,bold_speaker_and_official_introduction
2023_URY,official_transcript,data/unga_general_debate_verbatim_en/UNGA78_2023/A_78_PV_5_EN.pdf,President Lacalle Pou,1020,bold_speaker_and_official_introduction
2023_USA,official_transcript,data/unga_general_debate_verbatim_en/UNGA78_2023/A_78_PV_4_EN.pdf,President Biden,3622,bold_speaker_and_official_introduction
2023_UZB,official_transcript,data/unga_general_debate_verbatim_en/UNGA78_2023/A_78_PV_4_EN.pdf,President Mirziyoyev,2365,bold_speaker_and_official_introduction
2023_VCT,official_transcript,data/unga_general_debate_verbatim_en/UNGA78_2023/A_78_PV_12_EN.pdf,Mr. Gonsalves,2602,bold_speaker_and_official_introduction
2023_VEN,official_transcript,data/unga_general_debate_verbatim_en/UNGA78_2023/A_78_PV_13_EN.pdf,Mr. Gil Pinto,3727,bold_speaker_and_official_introduction
2023_VNM,official_transcript,data/unga_general_debate_verbatim_en/UNGA78_2023/A_78_PV_11_EN.pdf,Mr. Pham Minh Chinh,1681,bold_speaker_and_official_introduction
2023_VUT,official_transcript,data/unga_general_debate_verbatim_en/UNGA78_2023/A_78_PV_14_EN.pdf,Mr. Tevi,2496,bold_speaker_and_official_introduction
2023_WSM,official_transcript,data/unga_general_debate_verbatim_en/UNGA78_2023/A_78_PV_12_EN.pdf,Ms. Mata’afa,1850,bold_speaker_and_official_introduction
2023_YEM,official_transcript,data/unga_general_debate_verbatim_en/UNGA78_2023/A_78_PV_8_EN.pdf,President Al-Alimi,2173,bold_speaker_and_official_introduction
2023_ZAF,official_transcript,data/unga_general_debate_verbatim_en/UNGA78_2023/A_78_PV_4_EN.pdf,President Ramaphosa,2265,bold_speaker_and_official_introduction
2023_ZMB,official_transcript,data/unga_general_debate_verbatim_en/UNGA78_2023/A_78_PV_14_EN.pdf,Mr. Kakubo,1830,bold_speaker_and_official_introduction
2023_ZWE,official_transcript,data/unga_general_debate_verbatim_en/UNGA78_2023/A_78_PV_8_EN.pdf,President Mnangagwa,1301,bold_speaker_and_official_introduction
2024_AGO,official_transcript,data/unga_general_debate_verbatim_en/UNGA79_2024/A_79_PV_7_EN.pdf,President Lourenço,3099,bold_speaker_and_official_introduction
2024_ALB,official_transcript,data/unga_general_debate_verbatim_en/UNGA79_2024/A_79_PV_14_EN.pdf,Mr. Rama,2032,bold_speaker_and_official_introduction
2024_AND,official_transcript,data/unga_general_debate_verbatim_en/UNGA79_2024/A_79_PV_13_EN.pdf,Mr. Espot Zamora,2524,bold_speaker_and_official_introduction
2024_ARE,official_transcript,data/unga_general_debate_verbatim_en/UNGA79_2024/A_79_PV_17_EN.pdf,Sheikh Al Nahyan,2066,bold_speaker_and_official_introduction
2024_ARG,official_transcript,data/unga_general_debate_verbatim_en/UNGA79_2024/A_79_PV_8_EN.pdf,President Milei,2117,bold_speaker_and_official_introduction
2024_ARM,official_transcript,data/unga_general_debate_verbatim_en/UNGA79_2024/A_79_PV_12_EN.pdf,Mr. Pashinyan,1518,bold_speaker_and_official_introduction
2024_ATG,official_transcript,data/unga_general_debate_verbatim_en/UNGA79_2024/A_79_PV_14_EN.pdf,Mr. Browne,2497,bold_speaker_and_official_introduction
2024_AUS,official_transcript,data/unga_general_debate_verbatim_en/UNGA79_2024/A_79_PV_14_EN.pdf,Ms. Wong,3529,bold_speaker_and_official_introduction
2024_AUT,official_transcript,data/unga_general_debate_verbatim_en/UNGA79_2024/A_79_PV_12_EN.pdf,Mr. Schallenberg,1425,bold_speaker_and_official_introduction
2024_AZE,official_transcript,data/unga_general_debate_verbatim_en/UNGA79_2024/A_79_PV_16_EN.pdf,Mr. Bayramov,2391,bold_speaker_and_official_introduction
2024_BDI,official_transcript,data/unga_general_debate_verbatim_en/UNGA79_2024/A_79_PV_17_EN.pdf,Mr. Shingiro,2651,bold_speaker_and_official_introduction
2024_BEL,official_transcript,data/unga_general_debate_verbatim_en/UNGA79_2024/A_79_PV_8_EN.pdf,Mr. De Croo,1355,bold_speaker_and_official_introduction
2024_BEN,official_transcript,data/unga_general_debate_verbatim_en/UNGA79_2024/A_79_PV_16_EN.pdf,Mr. Adjadi Bakari,1318,bold_speaker_and_official_introduction
2024_BFA,official_transcript,data/unga_general_debate_verbatim_en/UNGA79_2024/A_79_PV_17_EN.pdf,Mr. Traoré,2730,bold_speaker_and_official_introduction
2024_BGD,official_transcript,data/unga_general_debate_verbatim_en/UNGA79_2024/A_79_PV_13_EN.pdf,Mr. Yunus,3240,bold_speaker_and_official_introduction
2024_BGR,official_transcript,data/unga_general_debate_verbatim_en/UNGA79_2024/A_79_PV_9_EN.pdf,President Radev,1475,bold_speaker_and_official_introduction
2024_BHR,official_transcript,data/unga_general_debate_verbatim_en/UNGA79_2024/A_79_PV_8_EN.pdf,Crown Prince Al Khalifa,1628,bold_speaker_and_official_introduction
2024_BHS,official_transcript,data/unga_general_debate_verbatim_en/UNGA79_2024/A_79_PV_13_EN.pdf,Mr. Davis,1973,bold_speaker_and_official_introduction
2024_BIH,official_transcript,data/unga_general_debate_verbatim_en/UNGA79_2024/A_79_PV_10_EN.pdf,President Bećirović,1302,bold_speaker_and_official_introduction
2024_BLR,official_transcript,data/unga_general_debate_verbatim_en/UNGA79_2024/A_79_PV_16_EN.pdf,Mr. Ryzhenkov,2865,bold_speaker_and_official_introduction
2024_BLZ,official_transcript,data/unga_general_debate_verbatim_en/UNGA79_2024/A_79_PV_16_EN.pdf,Mr. Fonseca,1900,bold_speaker_and_official_introduction
2024_BOL,official_transcript,data/unga_general_debate_verbatim_en/UNGA79_2024/A_79_PV_10_EN.pdf,Ms. Sosa Lunda,1699,bold_speaker_and_official_introduction
2024_BRA,official_transcript,data/unga_general_debate_verbatim_en/UNGA79_2024/A_79_PV_7_EN.pdf,President Lula da Silva,2247,bold_speaker_and_official_introduction
2024_BRB,official_transcript,data/unga_general_debate_verbatim_en/UNGA79_2024/A_79_PV_13_EN.pdf,Ms. Mottley,4354,bold_speaker_and_official_introduction
2024_BTN,official_transcript,data/unga_general_debate_verbatim_en/UNGA79_2024/A_79_PV_13_EN.pdf,Mr. Tobgay,1102,bold_speaker_and_official_introduction
2024_BWA,official_transcript,data/unga_general_debate_verbatim_en/UNGA79_2024/A_79_PV_9_EN.pdf,President Masisi,1541,bold_speaker_and_official_introduction
2024_CAF,official_transcript,data/unga_general_debate_verbatim_en/UNGA79_2024/A_79_PV_11_EN.pdf,President Touadera,1766,bold_speaker_and_official_introduction
2024_CAN,official_transcript,data/unga_general_debate_verbatim_en/UNGA79_2024/A_79_PV_17_EN.pdf,Ms. Joly,2199,bold_speaker_and_official_introduction
2024_CHE,official_transcript,data/unga_general_debate_verbatim_en/UNGA79_2024/A_79_PV_7_EN.pdf,President Amherd,1146,bold_speaker_and_official_introduction
2024_CHL,official_transcript,data/unga_general_debate_verbatim_en/UNGA79_2024/A_79_PV_8_EN.pdf,President Boric Font,2389,bold_speaker_and_official_introduction
2024_CHN,official_transcript,data/unga_general_debate_verbatim_en/UNGA79_2024/A_79_PV_15_EN.pdf,Mr. Wang Yi,2701,bold_speaker_and_official_introduction
2024_CIV,official_transcript,data/unga_general_debate_verbatim_en/UNGA79_2024/A_79_PV_12_EN.pdf,Mr. Koné,1070,bold_speaker_and_official_introduction
2024_CMR,official_transcript,data/unga_general_debate_verbatim_en/UNGA79_2024/A_79_PV_14_EN.pdf,Mr. Mbella Mbella,1697,bold_speaker_and_official_introduction
2024_COD,official_transcript,data/unga_general_debate_verbatim_en/UNGA79_2024/A_79_PV_9_EN.pdf,President Tshisekedi Tshilombo,3361,bold_speaker_and_official_introduction
2024_COG,official_transcript,data/unga_general_debate_verbatim_en/UNGA79_2024/A_79_PV_17_EN.pdf,Mr. Gakosso,1275,bold_speaker_and_official_introduction
2024_COL,official_transcript,data/unga_general_debate_verbatim_en/UNGA79_2024/A_79_PV_7_EN.pdf,President Petro Urrego,2197,bold_speaker_and_official_introduction
2024_COM,official_transcript,data/unga_general_debate_verbatim_en/UNGA79_2024/A_79_PV_12_EN.pdf,Mr. Mohamed,1719,bold_speaker_and_official_introduction
2024_CPV,official_transcript,data/unga_general_debate_verbatim_en/UNGA79_2024/A_79_PV_9_EN.pdf,President Neves,1614,bold_speaker_and_official_introduction
2024_CRI,official_transcript,data/unga_general_debate_verbatim_en/UNGA79_2024/A_79_PV_12_EN.pdf,Mr. André Tinoco,1535,bold_speaker_and_official_introduction
2024_CUB,official_transcript,data/unga_general_debate_verbatim_en/UNGA79_2024/A_79_PV_15_EN.pdf,Mr. Rodríguez Parilla,1902,bold_speaker_and_official_introduction
2024_CYP,official_transcript,data/unga_general_debate_verbatim_en/UNGA79_2024/A_79_PV_9_EN.pdf,President Christodoulides,2532,bold_speaker_and_official_introduction
2024_CZE,official_transcript,data/unga_general_debate_verbatim_en/UNGA79_2024/A_79_PV_9_EN.pdf,President Pavel,1095,bold_speaker_and_official_introduction
2024_DEU,official_transcript,data/unga_general_debate_verbatim_en/UNGA79_2024/A_79_PV_12_EN.pdf,Ms. Baerbock,2591,bold_speaker_and_official_introduction
2024_DJI,official_transcript,data/unga_general_debate_verbatim_en/UNGA79_2024/A_79_PV_17_EN.pdf,Mr. Doualeh,1943,bold_speaker_and_official_introduction
2024_DMA,official_transcript,data/unga_general_debate_verbatim_en/UNGA79_2024/A_79_PV_10_EN.pdf,President Burton,2445,bold_speaker_and_official_introduction
2024_DNK,official_transcript,data/unga_general_debate_verbatim_en/UNGA79_2024/A_79_PV_16_EN.pdf,Mr. Løkke Rasmussen,1658,bold_speaker_and_official_introduction
2024_DOM,official_transcript,data/unga_general_debate_verbatim_en/UNGA79_2024/A_79_PV_9_EN.pdf,President Abinader Corona,1849,bold_speaker_and_official_introduction
2024_DZA,official_transcript,data/unga_general_debate_verbatim_en/UNGA79_2024/A_79_PV_17_EN.pdf,Mr. Attaf,1622,bold_speaker_and_official_introduction
2024_ECU,official_transcript,data/unga_general_debate_verbatim_en/UNGA79_2024/A_79_PV_17_EN.pdf,Mr. De La Gasca,1736,bold_speaker_and_official_introduction
2024_EGY,official_transcript,data/unga_general_debate_verbatim_en/UNGA79_2024/A_79_PV_15_EN.pdf,Mr. Abdelatty,2540,bold_speaker_and_official_introduction
2024_ERI,official_transcript,data/unga_general_debate_verbatim_en/UNGA79_2024/A_79_PV_17_EN.pdf,Mr. Mohammed,1128,bold_speaker_and_official_introduction
2024_ESP,official_transcript,data/unga_general_debate_verbatim_en/UNGA79_2024/A_79_PV_10_EN.pdf,President Sánchez Pérez-Castejón,3228,bold_speaker_and_official_introduction
2024_EST,official_transcript,data/unga_general_debate_verbatim_en/UNGA79_2024/A_79_PV_8_EN.pdf,President Karis,2223,bold_speaker_and_official_introduction
2024_ETH,official_transcript,data/unga_general_debate_verbatim_en/UNGA79_2024/A_79_PV_14_EN.pdf,Mr. Amde,1549,bold_speaker_and_official_introduction
2024_FIN,official_transcript,data/unga_general_debate_verbatim_en/UNGA79_2024/A_79_PV_10_EN.pdf,President Stubb,2169,bold_speaker_and_official_introduction
2024_FJI,official_transcript,data/unga_general_debate_verbatim_en/UNGA79_2024/A_79_PV_11_EN.pdf,President Katonivere,1577,bold_speaker_and_official_introduction
2024_FRA,official_transcript,data/unga_general_debate_verbatim_en/UNGA79_2024/A_79_PV_9_EN.pdf,President Macron,3581,bold_speaker_and_official_introduction
2024_FSM,official_transcript,data/unga_general_debate_verbatim_en/UNGA79_2024/A_79_PV_12_EN.pdf,President Simina,2567,bold_speaker_and_official_introduction
2024_GAB,official_transcript,data/unga_general_debate_verbatim_en/UNGA79_2024/A_79_PV_11_EN.pdf,President Oligui Nguema,1202,bold_speaker_and_official_introduction
2024_GBR,official_transcript,data/unga_general_debate_verbatim_en/UNGA79_2024/A_79_PV_12_EN.pdf,Sir Keir Starmer,2014,bold_speaker_and_official_introduction
2024_GEO,official_transcript,data/unga_general_debate_verbatim_en/UNGA79_2024/A_79_PV_10_EN.pdf,Mr. Kobakhidze,1237,bold_speaker_and_official_introduction
2024_GHA,official_transcript,data/unga_general_debate_verbatim_en/UNGA79_2024/A_79_PV_9_EN.pdf,President Akufo-Addo,1834,bold_speaker_and_official_introduction
2024_GIN,official_transcript,data/unga_general_debate_verbatim_en/UNGA79_2024/A_79_PV_15_EN.pdf,Mr. Bah,1780,bold_speaker_and_official_introduction
2024_GMB,official_transcript,data/unga_general_debate_verbatim_en/UNGA79_2024/A_79_PV_11_EN.pdf,President Barrow,1767,bold_speaker_and_official_introduction
2024_GNB,official_transcript,data/unga_general_debate_verbatim_en/UNGA79_2024/A_79_PV_9_EN.pdf,President Embaló,865,bold_speaker_and_official_introduction
2024_GNQ,official_transcript,data/unga_general_debate_verbatim_en/UNGA79_2024/A_79_PV_11_EN.pdf,Mr. Obiang Mangue,1125,bold_speaker_and_official_introduction
2024_GRC,official_transcript,data/unga_general_debate_verbatim_en/UNGA79_2024/A_79_PV_12_EN.pdf,Mr. Mitsotakis,2907,bold_speaker_and_official_introduction
2024_GRD,official_transcript,data/unga_general_debate_verbatim_en/UNGA79_2024/A_79_PV_15_EN.pdf,Mr. Mitchell,2156,bold_speaker_and_official_introduction
2024_GTM,official_transcript,data/unga_general_debate_verbatim_en/UNGA79_2024/A_79_PV_7_EN.pdf,President Arévalo de León,2590,bold_speaker_and_official_introduction
2024_GUY,official_transcript,data/unga_general_debate_verbatim_en/UNGA79_2024/A_79_PV_10_EN.pdf,President Ali,2026,bold_speaker_and_official_introduction
2024_HND,official_transcript,data/unga_general_debate_verbatim_en/UNGA79_2024/A_79_PV_9_EN.pdf,President Castro Sarmiento,1252,bold_speaker_and_official_introduction
2024_HRV,official_transcript,data/unga_general_debate_verbatim_en/UNGA79_2024/A_79_PV_13_EN.pdf,Mr. Plenković,2814,bold_speaker_and_official_introduction
2024_HTI,official_transcript,data/unga_general_debate_verbatim_en/UNGA79_2024/A_79_PV_11_EN.pdf,President Leblanc Fils,3491,bold_speaker_and_official_introduction
2024_HUN,official_transcript,data/unga_general_debate_verbatim_en/UNGA79_2024/A_79_PV_10_EN.pdf,Mr. Szijjártó,2199,bold_speaker_and_official_introduction
2024_IDN,official_transcript,data/unga_general_debate_verbatim_en/UNGA79_2024/A_79_PV_15_EN.pdf,Mrs. Marsudi,1317,bold_speaker_and_official_introduction
2024_IND,official_transcript,data/unga_general_debate_verbatim_en/UNGA79_2024/A_79_PV_15_EN.pdf,Mr. Jaishankar,1707,bold_speaker_and_official_introduction
2024_IRL,official_transcript,data/unga_general_debate_verbatim_en/UNGA79_2024/A_79_PV_17_EN.pdf,Mr. Fleming,1701,bold_speaker_and_official_introduction
2024_IRN,official_transcript,data/unga_general_debate_verbatim_en/UNGA79_2024/A_79_PV_8_EN.pdf,President Pezeshkian,1813,bold_speaker_and_official_introduction
2024_IRQ,official_transcript,data/unga_general_debate_verbatim_en/UNGA79_2024/A_79_PV_12_EN.pdf,Mr. Al Sudani,2112,bold_speaker_and_official_introduction
2024_ISL,official_transcript,data/unga_general_debate_verbatim_en/UNGA79_2024/A_79_PV_16_EN.pdf,Ms. Gylfadóttir,2588,bold_speaker_and_official_introduction
2024_ISR,official_transcript,data/unga_general_debate_verbatim_en/UNGA79_2024/A_79_PV_13_EN.pdf,Mr. Netanyahu,4036,bold_speaker_and_official_introduction
2024_ITA,official_transcript,data/unga_general_debate_verbatim_en/UNGA79_2024/A_79_PV_8_EN.pdf,Ms. Meloni,1839,bold_speaker_and_official_introduction
2024_JAM,official_transcript,data/unga_general_debate_verbatim_en/UNGA79_2024/A_79_PV_14_EN.pdf,Ms. Smith,2596,bold_speaker_and_official_introduction
2024_JOR,official_transcript,data/unga_general_debate_verbatim_en/UNGA79_2024/A_79_PV_7_EN.pdf,King Abdullah,1494,bold_speaker_and_official_introduction
2024_JPN,official_transcript,data/unga_general_debate_verbatim_en/UNGA79_2024/A_79_PV_16_EN.pdf,Mr. Yamazaki,2311,bold_speaker_and_official_introduction
2024_KAZ,official_transcript,data/unga_general_debate_verbatim_en/UNGA79_2024/A_79_PV_15_EN.pdf,Mr. Nurtleu,1541,bold_speaker_and_official_introduction
2024_KEN,official_transcript,data/unga_general_debate_verbatim_en/UNGA79_2024/A_79_PV_11_EN.pdf,President Ruto,2940,bold_speaker_and_official_introduction
2024_KGZ,official_transcript,data/unga_general_debate_verbatim_en/UNGA79_2024/A_79_PV_8_EN.pdf,Mr. Zhaparov,2327,bold_speaker_and_official_introduction
2024_KHM,official_transcript,data/unga_general_debate_verbatim_en/UNGA79_2024/A_79_PV_15_EN.pdf,Mr. Sok,1700,bold_speaker_and_official_introduction
2024_KIR,official_transcript,data/unga_general_debate_verbatim_en/UNGA79_2024/A_79_PV_17_EN.pdf,Mr. Tito,2615,bold_speaker_and_official_introduction
2024_KNA,official_transcript,data/unga_general_debate_verbatim_en/UNGA79_2024/A_79_PV_14_EN.pdf,Mr. Drew,2621,bold_speaker_and_official_introduction
2024_KOR,official_transcript,data/unga_general_debate_verbatim_en/UNGA79_2024/A_79_PV_14_EN.pdf,Mr. Cho,2230,bold_speaker_and_official_introduction
2024_KWT,official_transcript,data/unga_general_debate_verbatim_en/UNGA79_2024/A_79_PV_11_EN.pdf,Prince Al-Sabah,2119,bold_speaker_and_official_introduction
2024_LAO,official_transcript,data/unga_general_debate_verbatim_en/UNGA79_2024/A_79_PV_14_EN.pdf,Mr. Siphandone,2115,bold_speaker_and_official_introduction
2024_LBN,official_transcript,data/unga_general_debate_verbatim_en/UNGA79_2024/A_79_PV_12_EN.pdf,Mr. Bouhabib,1917,bold_speaker_and_official_introduction
2024_LBR,official_transcript,data/unga_general_debate_verbatim_en/UNGA79_2024/A_79_PV_9_EN.pdf,President Boakai,1883,bold_speaker_and_official_introduction
2024_LBY,official_transcript,data/unga_general_debate_verbatim_en/UNGA79_2024/A_79_PV_9_EN.pdf,President Menfi,1287,bold_speaker_and_official_introduction
2024_LCA,official_transcript,data/unga_general_debate_verbatim_en/UNGA79_2024/A_79_PV_14_EN.pdf,Mr. Baptiste,2067,bold_speaker_and_official_introduction
2024_LIE,official_transcript,data/unga_general_debate_verbatim_en/UNGA79_2024/A_79_PV_12_EN.pdf,Ms. Hasler,1730,bold_speaker_and_official_introduction
2024_LKA,official_transcript,data/unga_general_debate_verbatim_en/UNGA79_2024/A_79_PV_17_EN.pdf,Mr. Pieris,1967,bold_speaker_and_official_introduction
2024_LSO,official_transcript,data/unga_general_debate_verbatim_en/UNGA79_2024/A_79_PV_11_EN.pdf,King Letsie III,1741,bold_speaker_and_official_introduction
2024_LTU,official_transcript,data/unga_general_debate_verbatim_en/UNGA79_2024/A_79_PV_7_EN.pdf,President Nausėda,1358,bold_speaker_and_official_introduction
2024_LUX,official_transcript,data/unga_general_debate_verbatim_en/UNGA79_2024/A_79_PV_15_EN.pdf,Mr. Bettel,3231,bold_speaker_and_official_introduction
2024_LVA,official_transcript,data/unga_general_debate_verbatim_en/UNGA79_2024/A_79_PV_8_EN.pdf,President Rinkēvičs,1425,bold_speaker_and_official_introduction
2024_MAR,official_transcript,data/unga_general_debate_verbatim_en/UNGA79_2024/A_79_PV_8_EN.pdf,Mr. Akhannouch,2065,bold_speaker_and_official_introduction
2024_MCO,official_transcript,data/unga_general_debate_verbatim_en/UNGA79_2024/A_79_PV_8_EN.pdf,Prince Albert,1579,bold_speaker_and_official_introduction
2024_MDA,official_transcript,data/unga_general_debate_verbatim_en/UNGA79_2024/A_79_PV_13_EN.pdf,Mr. Recean,1518,bold_speaker_and_official_introduction
2024_MDG,official_transcript,data/unga_general_debate_verbatim_en/UNGA79_2024/A_79_PV_14_EN.pdf,Mr. Ntsay,1582,bold_speaker_and_official_introduction
2024_MDV,official_transcript,data/unga_general_debate_verbatim_en/UNGA79_2024/A_79_PV_7_EN.pdf,President Muizzu,2426,bold_speaker_and_official_introduction
2024_MEX,official_transcript,data/unga_general_debate_verbatim_en/UNGA79_2024/A_79_PV_15_EN.pdf,Mrs. Bárcena Ibarra,2658,bold_speaker_and_official_introduction
2024_MHL,official_transcript,data/unga_general_debate_verbatim_en/UNGA79_2024/A_79_PV_10_EN.pdf,President Heine,1983,bold_speaker_and_official_introduction
2024_MKD,official_transcript,data/unga_general_debate_verbatim_en/UNGA79_2024/A_79_PV_11_EN.pdf,President Siljanovska-Davkova,2372,bold_speaker_and_official_introduction
2024_MLI,official_transcript,data/unga_general_debate_verbatim_en/UNGA79_2024/A_79_PV_15_EN.pdf,Mr. Maïga,3828,bold_speaker_and_official_introduction
2024_MLT,official_transcript,data/unga_general_debate_verbatim_en/UNGA79_2024/A_79_PV_13_EN.pdf,Mr. Abela,3503,bold_speaker_and_official_introduction
2024_MNE,official_transcript,data/unga_general_debate_verbatim_en/UNGA79_2024/A_79_PV_14_EN.pdf,Mr. Ivanović,2373,bold_speaker_and_official_introduction
2024_MNG,official_transcript,data/unga_general_debate_verbatim_en/UNGA79_2024/A_79_PV_9_EN.pdf,President Ukhnaa,2546,bold_speaker_and_official_introduction
2024_MOZ,official_transcript,data/unga_general_debate_verbatim_en/UNGA79_2024/A_79_PV_17_EN.pdf,Mr. Gonçalves,1306,bold_speaker_and_official_introduction
2024_MRT,official_transcript,data/unga_general_debate_verbatim_en/UNGA79_2024/A_79_PV_8_EN.pdf,President El Ghazouani,1650,bold_speaker_and_official_introduction
2024_MUS,official_transcript,data/unga_general_debate_verbatim_en/UNGA79_2024/A_79_PV_12_EN.pdf,President Roopun,1361,bold_speaker_and_official_introduction
2024_MWI,official_transcript,data/unga_general_debate_verbatim_en/UNGA79_2024/A_79_PV_11_EN.pdf,President Chakwera,1522,bold_speaker_and_official_introduction
2024_MYS,official_transcript,data/unga_general_debate_verbatim_en/UNGA79_2024/A_79_PV_15_EN.pdf,Mr. Hasan,1947,bold_speaker_and_official_introduction
2024_NAM,official_transcript,data/unga_general_debate_verbatim_en/UNGA79_2024/A_79_PV_9_EN.pdf,President Mbumba,800,bold_speaker_and_official_introduction
2024_NER,official_transcript,data/unga_general_debate_verbatim_en/UNGA79_2024/A_79_PV_17_EN.pdf,Mr. Sangaré,1363,bold_speaker_and_official_introduction
2024_NGA,official_transcript,data/unga_general_debate_verbatim_en/UNGA79_2024/A_79_PV_8_EN.pdf,Mr. Shettima,2965,bold_speaker_and_official_introduction
2024_NIC,official_transcript,data/unga_general_debate_verbatim_en/UNGA79_2024/A_79_PV_17_EN.pdf,Mr. Jaentschke Whitaker,2275,bold_speaker_and_official_introduction
2024_NLD,official_transcript,data/unga_general_debate_verbatim_en/UNGA79_2024/A_79_PV_12_EN.pdf,Prime Minister Schoof,2049,bold_speaker_and_official_introduction
2024_NOR,official_transcript,data/unga_general_debate_verbatim_en/UNGA79_2024/A_79_PV_15_EN.pdf,Mr. Eide,1689,bold_speaker_and_official_introduction
2024_NPL,official_transcript,data/unga_general_debate_verbatim_en/UNGA79_2024/A_79_PV_12_EN.pdf,Mr. Oli,2040,bold_speaker_and_official_introduction
2024_NRU,official_transcript,data/unga_general_debate_verbatim_en/UNGA79_2024/A_79_PV_8_EN.pdf,President Adeang,1634,bold_speaker_and_official_introduction
2024_NZL,official_transcript,data/unga_general_debate_verbatim_en/UNGA79_2024/A_79_PV_12_EN.pdf,Mr. Peters,1727,bold_speaker_and_official_introduction
2024_OMN,official_transcript,data/unga_general_debate_verbatim_en/UNGA79_2024/A_79_PV_16_EN.pdf,Mr. Albusaidi,840,bold_speaker_and_official_introduction
2024_PAK,official_transcript,data/unga_general_debate_verbatim_en/UNGA79_2024/A_79_PV_13_EN.pdf,Mr. Sharif,1885,bold_speaker_and_official_introduction
2024_PAN,official_transcript,data/unga_general_debate_verbatim_en/UNGA79_2024/A_79_PV_10_EN.pdf,President Mulino Quintero,2413,bold_speaker_and_official_introduction
2024_PER,official_transcript,data/unga_general_debate_verbatim_en/UNGA79_2024/A_79_PV_12_EN.pdf,Mr. Schialer Salcedo,2247,bold_speaker_and_official_introduction
2024_PHL,official_transcript,data/unga_general_debate_verbatim_en/UNGA79_2024/A_79_PV_15_EN.pdf,Mr. Manalo,1893,bold_speaker_and_official_introduction
2024_PLW,official_transcript,data/unga_general_debate_verbatim_en/UNGA79_2024/A_79_PV_11_EN.pdf,Ms. Sengebau Senior,1366,bold_speaker_and_official_introduction
2024_PNG,official_transcript,data/unga_general_debate_verbatim_en/UNGA79_2024/A_79_PV_13_EN.pdf,Mr. Marape,2340,bold_speaker_and_official_introduction
2024_POL,official_transcript,data/unga_general_debate_verbatim_en/UNGA79_2024/A_79_PV_8_EN.pdf,President Duda,1322,bold_speaker_and_official_introduction
2024_PRK,official_transcript,data/unga_general_debate_verbatim_en/UNGA79_2024/A_79_PV_17_EN.pdf,Mr. Song Kim,2188,bold_speaker_and_official_introduction
2024_PRT,official_transcript,data/unga_general_debate_verbatim_en/UNGA79_2024/A_79_PV_11_EN.pdf,Mr. Montenegro,1880,bold_speaker_and_official_introduction
2024_PRY,official_transcript,data/unga_general_debate_verbatim_en/UNGA79_2024/A_79_PV_8_EN.pdf,President Peña Palacios,2947,bold_speaker_and_official_introduction
2024_QAT,official_transcript,data/unga_general_debate_verbatim_en/UNGA79_2024/A_79_PV_7_EN.pdf,Sheikh Al Thani,2353,bold_speaker_and_official_introduction
2024_ROU,official_transcript,data/unga_general_debate_verbatim_en/UNGA79_2024/A_79_PV_9_EN.pdf,President Iohannis,1193,bold_speaker_and_official_introduction
2024_RUS,official_transcript,data/unga_general_debate_verbatim_en/UNGA79_2024/A_79_PV_15_EN.pdf,Mr. Lavrov,3336,bold_speaker_and_official_introduction
2024_RWA,official_transcript,data/unga_general_debate_verbatim_en/UNGA79_2024/A_79_PV_17_EN.pdf,Mr. Rwamucyo,1097,bold_speaker_and_official_introduction
2024_SAU,official_transcript,data/unga_general_debate_verbatim_en/UNGA79_2024/A_79_PV_16_EN.pdf,Prince Al Saud,2534,bold_speaker_and_official_introduction
2024_SDN,official_transcript,data/unga_general_debate_verbatim_en/UNGA79_2024/A_79_PV_11_EN.pdf,President Al-Burhan,1870,bold_speaker_and_official_introduction
2024_SEN,official_transcript,data/unga_general_debate_verbatim_en/UNGA79_2024/A_79_PV_10_EN.pdf,President Faye,1191,bold_speaker_and_official_introduction
2024_SGP,official_transcript,data/unga_general_debate_verbatim_en/UNGA79_2024/A_79_PV_15_EN.pdf,Mr. Balakrishnan,2025,bold_speaker_and_official_introduction
2024_SLB,official_transcript,data/unga_general_debate_verbatim_en/UNGA79_2024/A_79_PV_14_EN.pdf,Mr. Agovaka,2328,bold_speaker_and_official_introduction
2024_SLE,official_transcript,data/unga_general_debate_verbatim_en/UNGA79_2024/A_79_PV_7_EN.pdf,President Bio,2041,bold_speaker_and_official_introduction
2024_SLV,official_transcript,data/unga_general_debate_verbatim_en/UNGA79_2024/A_79_PV_8_EN.pdf,President Bukele,1415,bold_speaker_and_official_introduction
2024_SMR,official_transcript,data/unga_general_debate_verbatim_en/UNGA79_2024/A_79_PV_15_EN.pdf,Mr. Beccari,2488,bold_speaker_and_official_introduction
2024_SOM,official_transcript,data/unga_general_debate_verbatim_en/UNGA79_2024/A_79_PV_14_EN.pdf,Mr. Barre,1647,bold_speaker_and_official_introduction
2024_SRB,official_transcript,data/unga_general_debate_verbatim_en/UNGA79_2024/A_79_PV_7_EN.pdf,President Vučić,2949,bold_speaker_and_official_introduction
2024_SSD,official_transcript,data/unga_general_debate_verbatim_en/UNGA79_2024/A_79_PV_10_EN.pdf,Mr. Goc,2386,bold_speaker_and_official_introduction
2024_STP,official_transcript,data/unga_general_debate_verbatim_en/UNGA79_2024/A_79_PV_11_EN.pdf,President Vila Nova,1377,bold_speaker_and_official_introduction
2024_SUR,official_transcript,data/unga_general_debate_verbatim_en/UNGA79_2024/A_79_PV_9_EN.pdf,President Santokhi,1451,bold_speaker_and_official_introduction
2024_SVK,official_transcript,data/unga_general_debate_verbatim_en/UNGA79_2024/A_79_PV_9_EN.pdf,President Pellegrini,1908,bold_speaker_and_official_introduction
2024_SVN,official_transcript,data/unga_general_debate_verbatim_en/UNGA79_2024/A_79_PV_13_EN.pdf,Mr. Golob,1744,bold_speaker_and_official_introduction
2024_SWE,official_transcript,data/unga_general_debate_verbatim_en/UNGA79_2024/A_79_PV_12_EN.pdf,Ms. Malmer Stenergard,1890,bold_speaker_and_official_introduction
2024_SWZ,official_transcript,data/unga_general_debate_verbatim_en/UNGA79_2024/A_79_PV_13_EN.pdf,Mr. Dlamini,1839,bold_speaker_and_official_introduction
2024_SYC,official_transcript,data/unga_general_debate_verbatim_en/UNGA79_2024/A_79_PV_9_EN.pdf,President Ramkalawan,1868,bold_speaker_and_official_introduction
2024_SYR,official_transcript,data/unga_general_debate_verbatim_en/UNGA79_2024/A_79_PV_17_EN.pdf,Mr. Sabbagh,2474,bold_speaker_and_official_introduction
2024_TCD,official_transcript,data/unga_general_debate_verbatim_en/UNGA79_2024/A_79_PV_10_EN.pdf,Mr. Halina,1375,bold_speaker_and_official_introduction
2024_TGO,official_transcript,data/unga_general_debate_verbatim_en/UNGA79_2024/A_79_PV_10_EN.pdf,President Gnassingbé,1100,bold_speaker_and_official_introduction
2024_THA,official_transcript,data/unga_general_debate_verbatim_en/UNGA79_2024/A_79_PV_16_EN.pdf,Mr. Sangiampongsa,1532,bold_speaker_and_official_introduction
2024_TJK,official_transcript,data/unga_general_debate_verbatim_en/UNGA79_2024/A_79_PV_7_EN.pdf,President Rahmon,1913,bold_speaker_and_official_introduction
2024_TKM,official_transcript,data/unga_general_debate_verbatim_en/UNGA79_2024/A_79_PV_14_EN.pdf,Mr. Meredov,1495,bold_speaker_and_official_introduction
2024_TLS,official_transcript,data/unga_general_debate_verbatim_en/UNGA79_2024/A_79_PV_14_EN.pdf,Mr. Gusmão,1871,bold_speaker_and_official_introduction
2024_TON,official_transcript,data/unga_general_debate_verbatim_en/UNGA79_2024/A_79_PV_14_EN.pdf,Mr. Sovaleni,2584,bold_speaker_and_official_introduction
2024_TTO,official_transcript,data/unga_general_debate_verbatim_en/UNGA79_2024/A_79_PV_16_EN.pdf,Mr. Browne,2730,bold_speaker_and_official_introduction
2024_TUN,official_transcript,data/unga_general_debate_verbatim_en/UNGA79_2024/A_79_PV_14_EN.pdf,Mr. Nafti,2578,bold_speaker_and_official_introduction
2024_TUR,official_transcript,data/unga_general_debate_verbatim_en/UNGA79_2024/A_79_PV_7_EN.pdf,President Erdoğan,3946,bold_speaker_and_official_introduction
2024_TUV,official_transcript,data/unga_general_debate_verbatim_en/UNGA79_2024/A_79_PV_14_EN.pdf,Mr. Teo,2753,bold_speaker_and_official_introduction
2024_TZA,official_transcript,data/unga_general_debate_verbatim_en/UNGA79_2024/A_79_PV_13_EN.pdf,Mr. Majaliwa,1714,bold_speaker_and_official_introduction
2024_UGA,official_transcript,data/unga_general_debate_verbatim_en/UNGA79_2024/A_79_PV_13_EN.pdf,Ms. Nabbanja,2125,bold_speaker_and_official_introduction
2024_UKR,official_transcript,data/unga_general_debate_verbatim_en/UNGA79_2024/A_79_PV_9_EN.pdf,President Zelenskyy,1698,bold_speaker_and_official_introduction
2024_URY,official_transcript,data/unga_general_debate_verbatim_en/UNGA79_2024/A_79_PV_11_EN.pdf,President Lacalle Pou,1293,bold_speaker_and_official_introduction
2024_USA,official_transcript,data/unga_general_debate_verbatim_en/UNGA79_2024/A_79_PV_7_EN.pdf,President Biden,3265,bold_speaker_and_official_introduction
2024_UZB,official_transcript,data/unga_general_debate_verbatim_en/UNGA79_2024/A_79_PV_10_EN.pdf,Mr. Saidov,1626,bold_speaker_and_official_introduction
2024_VCT,official_transcript,data/unga_general_debate_verbatim_en/UNGA79_2024/A_79_PV_13_EN.pdf,Mr. Gonsalves,2181,bold_speaker_and_official_introduction
2024_VEN,official_transcript,data/unga_general_debate_verbatim_en/UNGA79_2024/A_79_PV_10_EN.pdf,Mr. Gil Pinto,2870,bold_speaker_and_official_introduction
2024_VNM,official_transcript,data/unga_general_debate_verbatim_en/UNGA79_2024/A_79_PV_8_EN.pdf,President To Lam,1175,bold_speaker_and_official_introduction
2024_VUT,official_transcript,data/unga_general_debate_verbatim_en/UNGA79_2024/A_79_PV_13_EN.pdf,Mr. Tabimasmas,1815,bold_speaker_and_official_introduction
2024_WSM,official_transcript,data/unga_general_debate_verbatim_en/UNGA79_2024/A_79_PV_14_EN.pdf,Ms. Mata’afa,1510,bold_speaker_and_official_introduction
2024_YEM,official_transcript,data/unga_general_debate_verbatim_en/UNGA79_2024/A_79_PV_11_EN.pdf,President Al-Alimi,1795,bold_speaker_and_official_introduction
2024_ZAF,official_transcript,data/unga_general_debate_verbatim_en/UNGA79_2024/A_79_PV_7_EN.pdf,President Ramaphosa,1877,bold_speaker_and_official_introduction
2024_ZMB,official_transcript,data/unga_general_debate_verbatim_en/UNGA79_2024/A_79_PV_16_EN.pdf,Mr. Haimbe,1886,bold_speaker_and_official_introduction
2024_ZWE,official_transcript,data/unga_general_debate_verbatim_en/UNGA79_2024/A_79_PV_10_EN.pdf,Mr. Shava,1620,bold_speaker_and_official_introduction
2025_AGO,automatic_transcript,data/unga_general_debate_verbatim_en/automatic_transcripts_unofficial/UNGA2025_day1_EN_ASR.json,Joao Manuel Gonzalez Lourenco,2704,ASR_supplied_speaker_metadata
2025_ALB,automatic_transcript,data/unga_general_debate_verbatim_en/automatic_transcripts_unofficial/UNGA2025_day2_EN_ASR.json,Bajram Begaj,1601,ASR_supplied_speaker_metadata
2025_AND,automatic_transcript,data/unga_general_debate_verbatim_en/automatic_transcripts_unofficial/UNGA2025_day4_EN_ASR.json,Xavier Espot Samora,2708,ASR_supplied_speaker_metadata
2025_ARE,automatic_transcript,data/unga_general_debate_verbatim_en/automatic_transcripts_unofficial/UNGA2025_day5_EN_ASR.json,Lana Nuseiba,1390,ASR_supplied_speaker_metadata
2025_ARG,automatic_transcript,data/unga_general_debate_verbatim_en/automatic_transcripts_unofficial/UNGA2025_day2_EN_ASR.json,Javier Gerardo Milei,2807,ASR_supplied_speaker_metadata
2025_ARM,automatic_transcript,data/unga_general_debate_verbatim_en/automatic_transcripts_unofficial/UNGA2025_day5_EN_ASR.json,Nikol Pashinyan,2839,ASR_supplied_speaker_metadata
2025_ATG,automatic_transcript,data/unga_general_debate_verbatim_en/automatic_transcripts_unofficial/UNGA2025_day4_EN_ASR.json,Gaston Alfonso Brown,2099,ASR_supplied_speaker_metadata
2025_AUS,automatic_transcript,data/unga_general_debate_verbatim_en/automatic_transcripts_unofficial/UNGA2025_day2_EN_ASR.json,Anthony Albanese,2365,ASR_supplied_speaker_metadata
2025_AUT,automatic_transcript,data/unga_general_debate_verbatim_en/automatic_transcripts_unofficial/UNGA2025_day3_EN_ASR.json,Beate Meinl-Reisinger,1381,ASR_supplied_speaker_metadata
2025_AZE,automatic_transcript,data/unga_general_debate_verbatim_en/automatic_transcripts_unofficial/UNGA2025_day3_EN_ASR.json,Ilham Aliyev,1796,ASR_supplied_speaker_metadata
2025_BDI,automatic_transcript,data/unga_general_debate_verbatim_en/automatic_transcripts_unofficial/UNGA2025_day6_EN_ASR.txt,Edouard Bizimana,1672,ASR_text_speaker_headers
2025_BEL,automatic_transcript,data/unga_general_debate_verbatim_en/automatic_transcripts_unofficial/UNGA2025_day3_EN_ASR.json,Bart De Wever,777,ASR_supplied_speaker_metadata
2025_BEN,automatic_transcript,data/unga_general_debate_verbatim_en/automatic_transcripts_unofficial/UNGA2025_day6_EN_ASR.txt,Marc Ermanie Nadudu Arraba,1980,ASR_text_speaker_headers
2025_BFA,automatic_transcript,data/unga_general_debate_verbatim_en/automatic_transcripts_unofficial/UNGA2025_day5_EN_ASR.json,Reemtalba San Emmanuel Wedra-Oba,2860,ASR_supplied_speaker_metadata
2025_BGD,automatic_transcript,data/unga_general_debate_verbatim_en/automatic_transcripts_unofficial/UNGA2025_day4_EN_ASR.json,Muhammad Yunus,4622,ASR_supplied_speaker_metadata
2025_BGR,automatic_transcript,data/unga_general_debate_verbatim_en/automatic_transcripts_unofficial/UNGA2025_day4_EN_ASR.json,Rosen Dimitrov Geliaskov,1557,ASR_supplied_speaker_metadata
2025_BHR,automatic_transcript,data/unga_general_debate_verbatim_en/automatic_transcripts_unofficial/UNGA2025_day4_EN_ASR.json,Abdul Latif bin Rashid Al Sayani,2020,ASR_supplied_speaker_metadata
2025_BHS,automatic_transcript,data/unga_general_debate_verbatim_en/automatic_transcripts_unofficial/UNGA2025_day5_EN_ASR.json,Philip Edward Davis,1647,ASR_supplied_speaker_metadata
2025_BIH,automatic_transcript,data/unga_general_debate_verbatim_en/automatic_transcripts_unofficial/UNGA2025_day3_EN_ASR.json,,3418,ASR_supplied_speaker_metadata
2025_BLR,automatic_transcript,data/unga_general_debate_verbatim_en/automatic_transcripts_unofficial/UNGA2025_day5_EN_ASR.json,Maxim Rogunov,3514,ASR_supplied_speaker_metadata
2025_BLZ,automatic_transcript,data/unga_general_debate_verbatim_en/automatic_transcripts_unofficial/UNGA2025_day4_EN_ASR.json,John Briseno,1928,ASR_supplied_speaker_metadata
2025_BOL,automatic_transcript,data/unga_general_debate_verbatim_en/automatic_transcripts_unofficial/UNGA2025_day3_EN_ASR.json,Luis Alberto Arce Catacora,2740,ASR_supplied_speaker_metadata
2025_BRA,automatic_transcript,data/unga_general_debate_verbatim_en/automatic_transcripts_unofficial/UNGA2025_day1_EN_ASR.json,Luiz Inacio Lula da Silva,1828,ASR_supplied_speaker_metadata
2025_BRB,automatic_transcript,data/unga_general_debate_verbatim_en/automatic_transcripts_unofficial/UNGA2025_day4_EN_ASR.json,Mia Amor Motley,3975,ASR_supplied_speaker_metadata
2025_BRN,automatic_transcript,data/unga_general_debate_verbatim_en/automatic_transcripts_unofficial/UNGA2025_day5_EN_ASR.json,Dato Irwan Pehin Yusof,1301,ASR_supplied_speaker_metadata
2025_BTN,automatic_transcript,data/unga_general_debate_verbatim_en/automatic_transcripts_unofficial/UNGA2025_day4_EN_ASR.json,Serene Tshobgwe,1343,ASR_supplied_speaker_metadata
2025_BWA,automatic_transcript,data/unga_general_debate_verbatim_en/automatic_transcripts_unofficial/UNGA2025_day3_EN_ASR.json,Duma Gideon Mokoe,944,ASR_supplied_speaker_metadata
2025_CAF,automatic_transcript,data/unga_general_debate_verbatim_en/automatic_transcripts_unofficial/UNGA2025_day2_EN_ASR.json,Faustin-Archange Touadéra,2325,ASR_supplied_speaker_metadata
2025_CAN,automatic_transcript,data/unga_general_debate_verbatim_en/automatic_transcripts_unofficial/UNGA2025_day6_EN_ASR.txt,Anita Anand,1686,ASR_text_speaker_headers
2025_CHE,automatic_transcript,data/unga_general_debate_verbatim_en/automatic_transcripts_unofficial/UNGA2025_day2_EN_ASR.json,Karin Keller-Sutter,1252,ASR_supplied_speaker_metadata
2025_CHL,automatic_transcript,data/unga_general_debate_verbatim_en/automatic_transcripts_unofficial/UNGA2025_day1_EN_ASR.json,Gabriel Boric Font,2965,ASR_supplied_speaker_metadata
2025_CHN,automatic_transcript,data/unga_general_debate_verbatim_en/automatic_transcripts_unofficial/UNGA2025_day4_EN_ASR.json,Li Qiang,1882,ASR_supplied_speaker_metadata
2025_CIV,automatic_transcript,data/unga_general_debate_verbatim_en/automatic_transcripts_unofficial/UNGA2025_day4_EN_ASR.json,Kaku Kwadja Leon Adon,1958,ASR_supplied_speaker_metadata
2025_CMR,automatic_transcript,data/unga_general_debate_verbatim_en/automatic_transcripts_unofficial/UNGA2025_day3_EN_ASR.json,Lejeune Mbella Mbella,1685,ASR_supplied_speaker_metadata
2025_COD,automatic_transcript,data/unga_general_debate_verbatim_en/automatic_transcripts_unofficial/UNGA2025_day1_EN_ASR.json,Felix Antoine Tshisekedi Tshisekedi Shilombo,3301,ASR_supplied_speaker_metadata
2025_COG,automatic_transcript,data/unga_general_debate_verbatim_en/automatic_transcripts_unofficial/UNGA2025_day2_EN_ASR.json,Denis Sassou Nguesso,1556,ASR_supplied_speaker_metadata
2025_COL,automatic_transcript,data/unga_general_debate_verbatim_en/automatic_transcripts_unofficial/UNGA2025_day1_EN_ASR.json,Gustavo Petro,4102,ASR_supplied_speaker_metadata
2025_COM,automatic_transcript,data/unga_general_debate_verbatim_en/automatic_transcripts_unofficial/UNGA2025_day2_EN_ASR.json,Azali Assoumani,1934,ASR_supplied_speaker_metadata
2025_CPV,automatic_transcript,data/unga_general_debate_verbatim_en/automatic_transcripts_unofficial/UNGA2025_day4_EN_ASR.json,Jose Luis Correia e Silva,996,ASR_supplied_speaker_metadata
2025_CRI,automatic_transcript,data/unga_general_debate_verbatim_en/automatic_transcripts_unofficial/UNGA2025_day2_EN_ASR.json,Arnoldo Andre Tinoco,1701,ASR_supplied_speaker_metadata
2025_CUB,automatic_transcript,data/unga_general_debate_verbatim_en/automatic_transcripts_unofficial/UNGA2025_day5_EN_ASR.json,Bruno Eduardo Rodriguez Barria,2702,ASR_supplied_speaker_metadata
2025_CYP,automatic_transcript,data/unga_general_debate_verbatim_en/automatic_transcripts_unofficial/UNGA2025_day2_EN_ASR.json,Nikos Christodoulides,1929,ASR_supplied_speaker_metadata
2025_CZE,automatic_transcript,data/unga_general_debate_verbatim_en/automatic_transcripts_unofficial/UNGA2025_day2_EN_ASR.json,Petr Pavel,1203,ASR_supplied_speaker_metadata
2025_DEU,automatic_transcript,data/unga_general_debate_verbatim_en/automatic_transcripts_unofficial/UNGA2025_day5_EN_ASR.json,Johann Walter,1602,ASR_supplied_speaker_metadata
2025_DJI,automatic_transcript,data/unga_general_debate_verbatim_en/automatic_transcripts_unofficial/UNGA2025_day6_EN_ASR.txt,Mohamed Siad Duale,2266,ASR_text_speaker_headers
2025_DMA,automatic_transcript,data/unga_general_debate_verbatim_en/automatic_transcripts_unofficial/UNGA2025_day3_EN_ASR.json,Sylvanie Burton,1953,ASR_supplied_speaker_metadata
2025_DNK,automatic_transcript,data/unga_general_debate_verbatim_en/automatic_transcripts_unofficial/UNGA2025_day6_EN_ASR.txt,Christina Markus Lassen,1421,ASR_text_speaker_headers
2025_DOM,automatic_transcript,data/unga_general_debate_verbatim_en/automatic_transcripts_unofficial/UNGA2025_day2_EN_ASR.json,Luis Rodolfo Abinader Corona,1536,ASR_supplied_speaker_metadata
2025_DZA,automatic_transcript,data/unga_general_debate_verbatim_en/automatic_transcripts_unofficial/UNGA2025_day6_EN_ASR.txt,Ahmed Attaf,2180,ASR_text_speaker_headers
2025_ECU,automatic_transcript,data/unga_general_debate_verbatim_en/automatic_transcripts_unofficial/UNGA2025_day3_EN_ASR.json,Maria Gabriela Sommerfeld Rosero,1809,ASR_supplied_speaker_metadata
2025_EGY,automatic_transcript,data/unga_general_debate_verbatim_en/automatic_transcripts_unofficial/UNGA2025_day5_EN_ASR.json,Bader Ahmed Mohamed Abdel Atti,2234,ASR_supplied_speaker_metadata
2025_ERI,automatic_transcript,data/unga_general_debate_verbatim_en/automatic_transcripts_unofficial/UNGA2025_day6_EN_ASR.txt,Osman Suley Mohamed,1086,ASR_text_speaker_headers
2025_ESP,automatic_transcript,data/unga_general_debate_verbatim_en/automatic_transcripts_unofficial/UNGA2025_day2_EN_ASR.json,Don Felipe VI,2232,ASR_supplied_speaker_metadata
2025_EST,automatic_transcript,data/unga_general_debate_verbatim_en/automatic_transcripts_unofficial/UNGA2025_day2_EN_ASR.json,Alar Karis,1938,ASR_supplied_speaker_metadata
2025_ETH,automatic_transcript,data/unga_general_debate_verbatim_en/automatic_transcripts_unofficial/UNGA2025_day3_EN_ASR.json,Taye Adgesa Alase Amde,1400,ASR_supplied_speaker_metadata
2025_FIN,automatic_transcript,data/unga_general_debate_verbatim_en/automatic_transcripts_unofficial/UNGA2025_day2_EN_ASR.json,Alexander Stubb,2401,ASR_supplied_speaker_metadata
2025_FJI,automatic_transcript,data/unga_general_debate_verbatim_en/automatic_transcripts_unofficial/UNGA2025_day4_EN_ASR.json,Silveny Laga Mamada Rabuca,2945,ASR_supplied_speaker_metadata
2025_FRA,automatic_transcript,data/unga_general_debate_verbatim_en/automatic_transcripts_unofficial/UNGA2025_day1_EN_ASR.json,Emmanuel Macron,4323,ASR_supplied_speaker_metadata
2025_FSM,automatic_transcript,data/unga_general_debate_verbatim_en/automatic_transcripts_unofficial/UNGA2025_day3_EN_ASR.json,Wesley Simina,1809,ASR_supplied_speaker_metadata
2025_GAB,automatic_transcript,data/unga_general_debate_verbatim_en/automatic_transcripts_unofficial/UNGA2025_day3_EN_ASR.json,Brice Clotaire Oligui Nengama,1319,ASR_supplied_speaker_metadata
2025_GBR,automatic_transcript,data/unga_general_debate_verbatim_en/automatic_transcripts_unofficial/UNGA2025_day3_EN_ASR.json,David Lammy,1742,ASR_supplied_speaker_metadata
2025_GEO,automatic_transcript,data/unga_general_debate_verbatim_en/automatic_transcripts_unofficial/UNGA2025_day3_EN_ASR.json,Mikheil Saakashvili,1423,ASR_supplied_speaker_metadata
2025_GHA,automatic_transcript,data/unga_general_debate_verbatim_en/automatic_transcripts_unofficial/UNGA2025_day3_EN_ASR.json,John Dramani Mahama,2915,ASR_supplied_speaker_metadata
2025_GIN,automatic_transcript,data/unga_general_debate_verbatim_en/automatic_transcripts_unofficial/UNGA2025_day5_EN_ASR.json,Amara Camara,1219,ASR_supplied_speaker_metadata
2025_GMB,automatic_transcript,data/unga_general_debate_verbatim_en/automatic_transcripts_unofficial/UNGA2025_day3_EN_ASR.json,Mohamed Jallow,3584,ASR_supplied_speaker_metadata
2025_GMB,automatic_transcript,data/unga_general_debate_verbatim_en/automatic_transcripts_unofficial/UNGA2025_day3_EN_ASR.json,Mohamed Jallow,26,ASR_supplied_speaker_metadata
2025_GNB,automatic_transcript,data/unga_general_debate_verbatim_en/automatic_transcripts_unofficial/UNGA2025_day3_EN_ASR.json,Omaro O. Sy Sokan Embalou,851,ASR_supplied_speaker_metadata
2025_GNQ,automatic_transcript,data/unga_general_debate_verbatim_en/automatic_transcripts_unofficial/UNGA2025_day3_EN_ASR.json,Theodore Ngoma Obiang Mangue,1150,ASR_supplied_speaker_metadata
2025_GRC,automatic_transcript,data/unga_general_debate_verbatim_en/automatic_transcripts_unofficial/UNGA2025_day4_EN_ASR.json,Kyriakos Mitsotakis,3225,ASR_supplied_speaker_metadata
2025_GRD,automatic_transcript,data/unga_general_debate_verbatim_en/automatic_transcripts_unofficial/UNGA2025_day5_EN_ASR.json,Deacon Mitchell,2650,ASR_supplied_speaker_metadata
2025_GTM,automatic_transcript,data/unga_general_debate_verbatim_en/automatic_transcripts_unofficial/UNGA2025_day2_EN_ASR.json,César Bernardo Arévalo de León,2417,ASR_supplied_speaker_metadata
2025_GUY,automatic_transcript,data/unga_general_debate_verbatim_en/automatic_transcripts_unofficial/UNGA2025_day2_EN_ASR.json,Mohamed Irfaan Ali,2173,ASR_supplied_speaker_metadata
2025_HND,automatic_transcript,data/unga_general_debate_verbatim_en/automatic_transcripts_unofficial/UNGA2025_day6_EN_ASR.txt,Javier Bo Soto,1577,ASR_text_speaker_headers
2025_HRV,automatic_transcript,data/unga_general_debate_verbatim_en/automatic_transcripts_unofficial/UNGA2025_day2_EN_ASR.json,Zoran Milanović,1775,ASR_supplied_speaker_metadata
2025_HTI,automatic_transcript,data/unga_general_debate_verbatim_en/automatic_transcripts_unofficial/UNGA2025_day3_EN_ASR.json,Antony Fanlauron,2416,ASR_supplied_speaker_metadata
2025_HUN,automatic_transcript,data/unga_general_debate_verbatim_en/automatic_transcripts_unofficial/UNGA2025_day2_EN_ASR.json,Peter Szijjártó,2047,ASR_supplied_speaker_metadata
2025_IDN,automatic_transcript,data/unga_general_debate_verbatim_en/automatic_transcripts_unofficial/UNGA2025_day1_EN_ASR.json,Prabowo Subianto,1819,ASR_supplied_speaker_metadata
2025_IND,automatic_transcript,data/unga_general_debate_verbatim_en/automatic_transcripts_unofficial/UNGA2025_day5_EN_ASR.json,Subramanian Jaishankar,1622,ASR_supplied_speaker_metadata
2025_IRL,automatic_transcript,data/unga_general_debate_verbatim_en/automatic_transcripts_unofficial/UNGA2025_day4_EN_ASR.json,Mihal Martin,2394,ASR_supplied_speaker_metadata
2025_IRN,automatic_transcript,data/unga_general_debate_verbatim_en/automatic_transcripts_unofficial/UNGA2025_day2_EN_ASR.json,Masoud Pezeshkian,2136,ASR_supplied_speaker_metadata
2025_IRQ,automatic_transcript,data/unga_general_debate_verbatim_en/automatic_transcripts_unofficial/UNGA2025_day1_EN_ASR.json,Abdul Latif Jamal Rashid,2510,ASR_supplied_speaker_metadata
2025_ISL,automatic_transcript,data/unga_general_debate_verbatim_en/automatic_transcripts_unofficial/UNGA2025_day5_EN_ASR.json,"Thorgeir Durk, Catherine Gunos, Dotier",1978,ASR_supplied_speaker_metadata
2025_ISR,automatic_transcript,data/unga_general_debate_verbatim_en/automatic_transcripts_unofficial/UNGA2025_day4_EN_ASR.json,Benjamin Netanyahu,4477,ASR_supplied_speaker_metadata
2025_ITA,automatic_transcript,data/unga_general_debate_verbatim_en/automatic_transcripts_unofficial/UNGA2025_day2_EN_ASR.json,Giorgia Meloni,2182,ASR_supplied_speaker_metadata
2025_JAM,automatic_transcript,data/unga_general_debate_verbatim_en/automatic_transcripts_unofficial/UNGA2025_day4_EN_ASR.json,Andri Holness,1262,ASR_supplied_speaker_metadata
2025_JOR,automatic_transcript,data/unga_general_debate_verbatim_en/automatic_transcripts_unofficial/UNGA2025_day1_EN_ASR.json,King Abdullah II ibn al-Husayn,1186,ASR_supplied_speaker_metadata
2025_JPN,automatic_transcript,data/unga_general_debate_verbatim_en/automatic_transcripts_unofficial/UNGA2025_day1_EN_ASR.json,Ishiba Shigeru,3025,ASR_supplied_speaker_metadata
2025_KAZ,automatic_transcript,data/unga_general_debate_verbatim_en/automatic_transcripts_unofficial/UNGA2025_day1_EN_ASR.json,Kassym-Jomart Tokayev,2333,ASR_supplied_speaker_metadata
2025_KEN,automatic_transcript,data/unga_general_debate_verbatim_en/automatic_transcripts_unofficial/UNGA2025_day2_EN_ASR.json,William Samoei Ruto,3359,ASR_supplied_speaker_metadata
2025_KGZ,automatic_transcript,data/unga_general_debate_verbatim_en/automatic_transcripts_unofficial/UNGA2025_day1_EN_ASR.json,Sadyr Shadyr,2811,ASR_supplied_speaker_metadata
2025_KHM,automatic_transcript,data/unga_general_debate_verbatim_en/automatic_transcripts_unofficial/UNGA2025_day5_EN_ASR.json,Soghn Prak,1631,ASR_supplied_speaker_metadata
2025_KIR,automatic_transcript,data/unga_general_debate_verbatim_en/automatic_transcripts_unofficial/UNGA2025_day2_EN_ASR.json,Taneti Maamau,1365,ASR_supplied_speaker_metadata
2025_KNA,automatic_transcript,data/unga_general_debate_verbatim_en/automatic_transcripts_unofficial/UNGA2025_day5_EN_ASR.json,Terrence Michael Drew,3101,ASR_supplied_speaker_metadata
2025_KOR,automatic_transcript,data/unga_general_debate_verbatim_en/automatic_transcripts_unofficial/UNGA2025_day1_EN_ASR.json,Lee Jae-myung,2369,ASR_supplied_speaker_metadata
2025_KWT,automatic_transcript,data/unga_general_debate_verbatim_en/automatic_transcripts_unofficial/UNGA2025_day2_EN_ASR.json,Sabah Al-Khaled Al-Sabah,2247,ASR_supplied_speaker_metadata
2025_LAO,automatic_transcript,data/unga_general_debate_verbatim_en/automatic_transcripts_unofficial/UNGA2025_day5_EN_ASR.json,Sonic Sifandon,1870,ASR_supplied_speaker_metadata
2025_LBN,automatic_transcript,data/unga_general_debate_verbatim_en/automatic_transcripts_unofficial/UNGA2025_day1_EN_ASR.json,Georges Raoune,2406,ASR_supplied_speaker_metadata
2025_LBR,automatic_transcript,data/unga_general_debate_verbatim_en/automatic_transcripts_unofficial/UNGA2025_day1_EN_ASR.json,Joseph Nyuma Boakai,1405,ASR_supplied_speaker_metadata
2025_LBY,automatic_transcript,data/unga_general_debate_verbatim_en/automatic_transcripts_unofficial/UNGA2025_day3_EN_ASR.json,Mohamed Yunis Menfi,1177,ASR_supplied_speaker_metadata
2025_LCA,automatic_transcript,data/unga_general_debate_verbatim_en/automatic_transcripts_unofficial/UNGA2025_day6_EN_ASR.txt,Alva Romanus Baptiste,2675,ASR_text_speaker_headers
2025_LIE,automatic_transcript,data/unga_general_debate_verbatim_en/automatic_transcripts_unofficial/UNGA2025_day3_EN_ASR.json,Sabine Monauany,1840,ASR_supplied_speaker_metadata
2025_LKA,automatic_transcript,data/unga_general_debate_verbatim_en/automatic_transcripts_unofficial/UNGA2025_day2_EN_ASR.json,Anura Kumara Dissanayake,1921,ASR_supplied_speaker_metadata
2025_LSO,automatic_transcript,data/unga_general_debate_verbatim_en/automatic_transcripts_unofficial/UNGA2025_day4_EN_ASR.json,,1942,ASR_supplied_speaker_metadata
2025_LTU,automatic_transcript,data/unga_general_debate_verbatim_en/automatic_transcripts_unofficial/UNGA2025_day1_EN_ASR.json,Katynas Nauseda,1535,ASR_supplied_speaker_metadata
2025_LUX,automatic_transcript,data/unga_general_debate_verbatim_en/automatic_transcripts_unofficial/UNGA2025_day4_EN_ASR.json,Luc Frieden,972,ASR_supplied_speaker_metadata
2025_LVA,automatic_transcript,data/unga_general_debate_verbatim_en/automatic_transcripts_unofficial/UNGA2025_day2_EN_ASR.json,Edgars Rinkēvičs,1424,ASR_supplied_speaker_metadata
2025_MAR,automatic_transcript,data/unga_general_debate_verbatim_en/automatic_transcripts_unofficial/UNGA2025_day1_EN_ASR.json,Aziz Achkenous,1946,ASR_supplied_speaker_metadata
2025_MCO,automatic_transcript,data/unga_general_debate_verbatim_en/automatic_transcripts_unofficial/UNGA2025_day2_EN_ASR.json,Prince Albert II,1488,ASR_supplied_speaker_metadata
2025_MDA,automatic_transcript,data/unga_general_debate_verbatim_en/automatic_transcripts_unofficial/UNGA2025_day6_EN_ASR.txt,Georgi Luca,796,ASR_text_speaker_headers
2025_MDG,automatic_transcript,data/unga_general_debate_verbatim_en/automatic_transcripts_unofficial/UNGA2025_day2_EN_ASR.json,Andry Nirina Rajoelina,2870,ASR_supplied_speaker_metadata
2025_MDV,automatic_transcript,data/unga_general_debate_verbatim_en/automatic_transcripts_unofficial/UNGA2025_day5_EN_ASR.json,Abdullah Khalil,1514,ASR_supplied_speaker_metadata
2025_MEX,automatic_transcript,data/unga_general_debate_verbatim_en/automatic_transcripts_unofficial/UNGA2025_day3_EN_ASR.json,Juan Ramon de la Fuente Ramirez,1846,ASR_supplied_speaker_metadata
2025_MHL,automatic_transcript,data/unga_general_debate_verbatim_en/automatic_transcripts_unofficial/UNGA2025_day2_EN_ASR.json,Hilda Heine,1848,ASR_supplied_speaker_metadata
2025_MKD,automatic_transcript,data/unga_general_debate_verbatim_en/automatic_transcripts_unofficial/UNGA2025_day3_EN_ASR.json,Gordana Zdanovska-Tarkova,1890,ASR_supplied_speaker_metadata
2025_MLI,automatic_transcript,data/unga_general_debate_verbatim_en/automatic_transcripts_unofficial/UNGA2025_day4_EN_ASR.json,Abdoulaye Maiga,3921,ASR_supplied_speaker_metadata
2025_MLT,automatic_transcript,data/unga_general_debate_verbatim_en/automatic_transcripts_unofficial/UNGA2025_day4_EN_ASR.json,Robert Abela,3399,ASR_supplied_speaker_metadata
2025_MNE,automatic_transcript,data/unga_general_debate_verbatim_en/automatic_transcripts_unofficial/UNGA2025_day3_EN_ASR.json,Jacob Mitovitch,1849,ASR_supplied_speaker_metadata
2025_MNG,automatic_transcript,data/unga_general_debate_verbatim_en/automatic_transcripts_unofficial/UNGA2025_day1_EN_ASR.json,Hurelsoog Ukhnaa,2462,ASR_supplied_speaker_metadata
2025_MOZ,automatic_transcript,data/unga_general_debate_verbatim_en/automatic_transcripts_unofficial/UNGA2025_day1_EN_ASR.json,Daniel Francisco Chapo,2118,ASR_supplied_speaker_metadata
2025_MRT,automatic_transcript,data/unga_general_debate_verbatim_en/automatic_transcripts_unofficial/UNGA2025_day5_EN_ASR.json,Mohamed Salem Wild Marzouk,1663,ASR_supplied_speaker_metadata
2025_MUS,automatic_transcript,data/unga_general_debate_verbatim_en/automatic_transcripts_unofficial/UNGA2025_day4_EN_ASR.json,Dhananjay Ramfoomy,1676,ASR_supplied_speaker_metadata
2025_MWI,automatic_transcript,data/unga_general_debate_verbatim_en/automatic_transcripts_unofficial/UNGA2025_day6_EN_ASR.txt,Agnes Mary Chimbiri Mulandi,1912,ASR_text_speaker_headers
2025_MYS,automatic_transcript,data/unga_general_debate_verbatim_en/automatic_transcripts_unofficial/UNGA2025_day5_EN_ASR.json,Mohamed Hassan,1432,ASR_supplied_speaker_metadata
2025_NAM,automatic_transcript,data/unga_general_debate_verbatim_en/automatic_transcripts_unofficial/UNGA2025_day2_EN_ASR.json,Netumbo Nandi-Ndaitwah,1694,ASR_supplied_speaker_metadata
2025_NER,automatic_transcript,data/unga_general_debate_verbatim_en/automatic_transcripts_unofficial/UNGA2025_day5_EN_ASR.json,Lamin Zain Ali Mahaman,3632,ASR_supplied_speaker_metadata
2025_NGA,automatic_transcript,data/unga_general_debate_verbatim_en/automatic_transcripts_unofficial/UNGA2025_day2_EN_ASR.json,Kashim Shettima,2529,ASR_supplied_speaker_metadata
2025_NIC,automatic_transcript,data/unga_general_debate_verbatim_en/automatic_transcripts_unofficial/UNGA2025_day6_EN_ASR.txt,Dennis Ronaldo Moncada Colindres,1402,ASR_text_speaker_headers
2025_NLD,automatic_transcript,data/unga_general_debate_verbatim_en/automatic_transcripts_unofficial/UNGA2025_day3_EN_ASR.json,,1541,ASR_supplied_speaker_metadata
2025_NOR,automatic_transcript,data/unga_general_debate_verbatim_en/automatic_transcripts_unofficial/UNGA2025_day3_EN_ASR.json,Espen Barth Eide,1812,ASR_supplied_speaker_metadata
2025_NPL,automatic_transcript,data/unga_general_debate_verbatim_en/automatic_transcripts_unofficial/UNGA2025_day6_EN_ASR.txt,Lok Bahadur Thapa,2155,ASR_text_speaker_headers
2025_NRU,automatic_transcript,data/unga_general_debate_verbatim_en/automatic_transcripts_unofficial/UNGA2025_day1_EN_ASR.json,David Rani Bach Adeyong,1569,ASR_supplied_speaker_metadata
2025_NZL,automatic_transcript,data/unga_general_debate_verbatim_en/automatic_transcripts_unofficial/UNGA2025_day4_EN_ASR.json,Winston Peters,1779,ASR_supplied_speaker_metadata
2025_OMN,automatic_transcript,data/unga_general_debate_verbatim_en/automatic_transcripts_unofficial/UNGA2025_day5_EN_ASR.json,Said Badr bin Hamad bin Hamood al-Saidi,1121,ASR_supplied_speaker_metadata
2025_PAK,automatic_transcript,data/unga_general_debate_verbatim_en/automatic_transcripts_unofficial/UNGA2025_day4_EN_ASR.json,Muhammad Shabbaz Sharif,2436,ASR_supplied_speaker_metadata
2025_PAN,automatic_transcript,data/unga_general_debate_verbatim_en/automatic_transcripts_unofficial/UNGA2025_day2_EN_ASR.json,José Raúl Mulino Quintero,1697,ASR_supplied_speaker_metadata
2025_PER,automatic_transcript,data/unga_general_debate_verbatim_en/automatic_transcripts_unofficial/UNGA2025_day1_EN_ASR.json,Dina Eshelia Boluwatse Shegara,2285,ASR_supplied_speaker_metadata
2025_PHL,automatic_transcript,data/unga_general_debate_verbatim_en/automatic_transcripts_unofficial/UNGA2025_day5_EN_ASR.json,Maria Teresa Lazaro,1945,ASR_supplied_speaker_metadata
2025_PLW,automatic_transcript,data/unga_general_debate_verbatim_en/automatic_transcripts_unofficial/UNGA2025_day3_EN_ASR.json,,1380,ASR_supplied_speaker_metadata
2025_PNG,automatic_transcript,data/unga_general_debate_verbatim_en/automatic_transcripts_unofficial/UNGA2025_day4_EN_ASR.json,James Marape,2057,ASR_supplied_speaker_metadata
2025_POL,automatic_transcript,data/unga_general_debate_verbatim_en/automatic_transcripts_unofficial/UNGA2025_day1_EN_ASR.json,Karol Narbutowski,2978,ASR_supplied_speaker_metadata
2025_PRK,automatic_transcript,data/unga_general_debate_verbatim_en/automatic_transcripts_unofficial/UNGA2025_day6_EN_ASR.txt,Kim Song-yong,1784,ASR_text_speaker_headers
2025_PRT,automatic_transcript,data/unga_general_debate_verbatim_en/automatic_transcripts_unofficial/UNGA2025_day1_EN_ASR.json,Marcelo Rebelo da Sousa,1881,ASR_supplied_speaker_metadata
2025_PRY,automatic_transcript,data/unga_general_debate_verbatim_en/automatic_transcripts_unofficial/UNGA2025_day2_EN_ASR.json,Santiago Peña Palacios,3268,ASR_supplied_speaker_metadata
2025_QAT,automatic_transcript,data/unga_general_debate_verbatim_en/automatic_transcripts_unofficial/UNGA2025_day1_EN_ASR.json,Sheikh Tamim bin Hamad Al Thani,1834,ASR_supplied_speaker_metadata
2025_ROU,automatic_transcript,data/unga_general_debate_verbatim_en/automatic_transcripts_unofficial/UNGA2025_day5_EN_ASR.json,Oana Silviu Tudosiu,2346,ASR_supplied_speaker_metadata
2025_RUS,automatic_transcript,data/unga_general_debate_verbatim_en/automatic_transcripts_unofficial/UNGA2025_day5_EN_ASR.json,Sergey Lavrov,2941,ASR_supplied_speaker_metadata
2025_RWA,automatic_transcript,data/unga_general_debate_verbatim_en/automatic_transcripts_unofficial/UNGA2025_day3_EN_ASR.json,Olivier Nduhungirire,1753,ASR_supplied_speaker_metadata
2025_SAU,automatic_transcript,data/unga_general_debate_verbatim_en/automatic_transcripts_unofficial/UNGA2025_day5_EN_ASR.json,Faisal bin Farhan Al Saud,2775,ASR_supplied_speaker_metadata
2025_SDN,automatic_transcript,data/unga_general_debate_verbatim_en/automatic_transcripts_unofficial/UNGA2025_day3_EN_ASR.json,Kamil El-Tayeb Idriss,1889,ASR_supplied_speaker_metadata
2025_SEN,automatic_transcript,data/unga_general_debate_verbatim_en/automatic_transcripts_unofficial/UNGA2025_day2_EN_ASR.json,Bassirou Diomaye Faye,1337,ASR_supplied_speaker_metadata
2025_SGP,automatic_transcript,data/unga_general_debate_verbatim_en/automatic_transcripts_unofficial/UNGA2025_day5_EN_ASR.json,Vivian Balakrishnan,1957,ASR_supplied_speaker_metadata
2025_SLB,automatic_transcript,data/unga_general_debate_verbatim_en/automatic_transcripts_unofficial/UNGA2025_day4_EN_ASR.json,Jeremiah Manele,3315,ASR_supplied_speaker_metadata
2025_SLE,automatic_transcript,data/unga_general_debate_verbatim_en/automatic_transcripts_unofficial/UNGA2025_day2_EN_ASR.json,Julius Maada Bio,2099,ASR_supplied_speaker_metadata
2025_SMR,automatic_transcript,data/unga_general_debate_verbatim_en/automatic_transcripts_unofficial/UNGA2025_day5_EN_ASR.json,Luca Becari,2702,ASR_supplied_speaker_metadata
2025_SOM,automatic_transcript,data/unga_general_debate_verbatim_en/automatic_transcripts_unofficial/UNGA2025_day3_EN_ASR.json,Hassan Sheikh Mohamud,1732,ASR_supplied_speaker_metadata
2025_SRB,automatic_transcript,data/unga_general_debate_verbatim_en/automatic_transcripts_unofficial/UNGA2025_day2_EN_ASR.json,Aleksandar Vučić,3500,ASR_supplied_speaker_metadata
2025_SSD,automatic_transcript,data/unga_general_debate_verbatim_en/automatic_transcripts_unofficial/UNGA2025_day3_EN_ASR.json,Josephine Joseph Rago,3085,ASR_supplied_speaker_metadata
2025_STP,automatic_transcript,data/unga_general_debate_verbatim_en/automatic_transcripts_unofficial/UNGA2025_day3_EN_ASR.json,Americo de Oliveira dos Ramos,2356,ASR_supplied_speaker_metadata
2025_SUR,automatic_transcript,data/unga_general_debate_verbatim_en/automatic_transcripts_unofficial/UNGA2025_day1_EN_ASR.json,Jennifer Gillings-Simmons,2070,ASR_supplied_speaker_metadata
2025_SVK,automatic_transcript,data/unga_general_debate_verbatim_en/automatic_transcripts_unofficial/UNGA2025_day2_EN_ASR.json,Peter Pellegrini,1541,ASR_supplied_speaker_metadata
2025_SVN,automatic_transcript,data/unga_general_debate_verbatim_en/automatic_transcripts_unofficial/UNGA2025_day1_EN_ASR.json,Nataša Pirc Musar,1852,ASR_supplied_speaker_metadata
2025_SWE,automatic_transcript,data/unga_general_debate_verbatim_en/automatic_transcripts_unofficial/UNGA2025_day3_EN_ASR.json,Maria Malmer Stenergard,1596,ASR_supplied_speaker_metadata
2025_SWZ,automatic_transcript,data/unga_general_debate_verbatim_en/automatic_transcripts_unofficial/UNGA2025_day3_EN_ASR.json,Mswati III,1633,ASR_supplied_speaker_metadata
2025_SYR,automatic_transcript,data/unga_general_debate_verbatim_en/automatic_transcripts_unofficial/UNGA2025_day2_EN_ASR.json,Hamad Al Sharar,1060,ASR_supplied_speaker_metadata
2025_TCD,automatic_transcript,data/unga_general_debate_verbatim_en/automatic_transcripts_unofficial/UNGA2025_day3_EN_ASR.json,Alain Maillet-Hallinan,3506,ASR_supplied_speaker_metadata
2025_TGO,automatic_transcript,data/unga_general_debate_verbatim_en/automatic_transcripts_unofficial/UNGA2025_day4_EN_ASR.json,Robert Kpalen Ewuseh,3152,ASR_supplied_speaker_metadata
2025_THA,automatic_transcript,data/unga_general_debate_verbatim_en/automatic_transcripts_unofficial/UNGA2025_day5_EN_ASR.json,Sahasak Wangkekaew,2465,ASR_supplied_speaker_metadata
2025_TJK,automatic_transcript,data/unga_general_debate_verbatim_en/automatic_transcripts_unofficial/UNGA2025_day1_EN_ASR.json,Emomali Rahmon,1573,ASR_supplied_speaker_metadata
2025_TKM,automatic_transcript,data/unga_general_debate_verbatim_en/automatic_transcripts_unofficial/UNGA2025_day1_EN_ASR.json,Serdar Berdimuhamedow,1554,ASR_supplied_speaker_metadata
2025_TLS,automatic_transcript,data/unga_general_debate_verbatim_en/automatic_transcripts_unofficial/UNGA2025_day6_EN_ASR.txt,Dionisio Babo Soares,2719,ASR_text_speaker_headers
2025_TON,automatic_transcript,data/unga_general_debate_verbatim_en/automatic_transcripts_unofficial/UNGA2025_day4_EN_ASR.json,Isaake Va'enua'ek,1962,ASR_supplied_speaker_metadata
2025_TTO,automatic_transcript,data/unga_general_debate_verbatim_en/automatic_transcripts_unofficial/UNGA2025_day4_EN_ASR.json,Kamla Persad-Bissessar,2023,ASR_supplied_speaker_metadata
2025_TUN,automatic_transcript,data/unga_general_debate_verbatim_en/automatic_transcripts_unofficial/UNGA2025_day5_EN_ASR.json,Mohamed Ali Nafti,3055,ASR_supplied_speaker_metadata
2025_TUR,automatic_transcript,data/unga_general_debate_verbatim_en/automatic_transcripts_unofficial/UNGA2025_day1_EN_ASR.json,Tayyip Erdogan,3763,ASR_supplied_speaker_metadata
2025_TUV,automatic_transcript,data/unga_general_debate_verbatim_en/automatic_transcripts_unofficial/UNGA2025_day4_EN_ASR.json,Faleti Teo,3094,ASR_supplied_speaker_metadata
2025_TZA,automatic_transcript,data/unga_general_debate_verbatim_en/automatic_transcripts_unofficial/UNGA2025_day3_EN_ASR.json,Phillip Isdore Mpongo,1457,ASR_supplied_speaker_metadata
2025_UGA,automatic_transcript,data/unga_general_debate_verbatim_en/automatic_transcripts_unofficial/UNGA2025_day3_EN_ASR.json,Jessica Rose Epelalupo,1386,ASR_supplied_speaker_metadata
2025_UKR,automatic_transcript,data/unga_general_debate_verbatim_en/automatic_transcripts_unofficial/UNGA2025_day2_EN_ASR.json,Volodymyr Zelenskyy,2183,ASR_supplied_speaker_metadata
2025_URY,automatic_transcript,data/unga_general_debate_verbatim_en/automatic_transcripts_unofficial/UNGA2025_day1_EN_ASR.json,Yomandu Uzi,1648,ASR_supplied_speaker_metadata
2025_USA,automatic_transcript,data/unga_general_debate_verbatim_en/automatic_transcripts_unofficial/UNGA2025_day1_EN_ASR.json,Donald Trump,6677,ASR_supplied_speaker_metadata
2025_USA,automatic_transcript,data/unga_general_debate_verbatim_en/automatic_transcripts_unofficial/UNGA2025_day1_EN_ASR.json,Donald Trump,1470,ASR_supplied_speaker_metadata
2025_USA,automatic_transcript,data/unga_general_debate_verbatim_en/automatic_transcripts_unofficial/UNGA2025_day1_EN_ASR.json,Donald Trump,13,ASR_supplied_speaker_metadata
2025_USA,automatic_transcript,data/unga_general_debate_verbatim_en/automatic_transcripts_unofficial/UNGA2025_day1_EN_ASR.json,Donald Trump,1,ASR_supplied_speaker_metadata
2025_UZB,automatic_transcript,data/unga_general_debate_verbatim_en/automatic_transcripts_unofficial/UNGA2025_day1_EN_ASR.json,Shavkat Mirziyoyev,1631,ASR_supplied_speaker_metadata
2025_VCT,automatic_transcript,data/unga_general_debate_verbatim_en/automatic_transcripts_unofficial/UNGA2025_day4_EN_ASR.json,Ralph Gonsalves,1779,ASR_supplied_speaker_metadata
2025_VEN,automatic_transcript,data/unga_general_debate_verbatim_en/automatic_transcripts_unofficial/UNGA2025_day4_EN_ASR.json,Ivan Gil Pinto,1999,ASR_supplied_speaker_metadata
2025_VNM,automatic_transcript,data/unga_general_debate_verbatim_en/automatic_transcripts_unofficial/UNGA2025_day1_EN_ASR.json,Luong Cong,1466,ASR_supplied_speaker_metadata
2025_VUT,automatic_transcript,data/unga_general_debate_verbatim_en/automatic_transcripts_unofficial/UNGA2025_day6_EN_ASR.txt,Odo Tave,1573,ASR_text_speaker_headers
2025_WSM,automatic_transcript,data/unga_general_debate_verbatim_en/automatic_transcripts_unofficial/UNGA2025_day4_EN_ASR.json,Tuelupe Mauevetele Puumuligenuku Onesemo,1961,ASR_supplied_speaker_metadata
2025_YEM,automatic_transcript,data/unga_general_debate_verbatim_en/automatic_transcripts_unofficial/UNGA2025_day3_EN_ASR.json,Rashad Mohammed Al-Alimi,1653,ASR_supplied_speaker_metadata
2025_ZAF,automatic_transcript,data/unga_general_debate_verbatim_en/automatic_transcripts_unofficial/UNGA2025_day1_EN_ASR.json,Cyril Ramaphosa,2223,ASR_supplied_speaker_metadata
2025_ZMB,automatic_transcript,data/unga_general_debate_verbatim_en/automatic_transcripts_unofficial/UNGA2025_day6_EN_ASR.txt,Mulambo Hamakuni Haimbe,2037,ASR_text_speaker_headers
2025_ZWE,automatic_transcript,data/unga_general_debate_verbatim_en/automatic_transcripts_unofficial/UNGA2025_day4_EN_ASR.json,Amon Mwera,1779,ASR_supplied_speaker_metadata
2026_AGO,automatic_transcript,data/unga_general_debate_verbatim_en/automatic_transcripts_unofficial/UNGA2026_day1_EN_ASR.json,Joao Manuel Goncalves Lorenzo,2474,ASR_supplied_speaker_metadata
2026_ALB,automatic_transcript,data/unga_general_debate_verbatim_en/automatic_transcripts_unofficial/UNGA2026_day4_EN_ASR.json,Edi Rama,2274,ASR_supplied_speaker_metadata
2026_AND,automatic_transcript,data/unga_general_debate_verbatim_en/automatic_transcripts_unofficial/UNGA2026_day2_EN_ASR.json,Javier Espart Zamora,2190,ASR_supplied_speaker_metadata
2026_ARG,automatic_transcript,data/unga_general_debate_verbatim_en/automatic_transcripts_unofficial/UNGA2026_day2_EN_ASR.json,Javier Gerardo Milei,3024,ASR_supplied_speaker_metadata
2026_ARM,automatic_transcript,data/unga_general_debate_verbatim_en/automatic_transcripts_unofficial/UNGA2026_day3_EN_ASR.json,Nikol Pashinyan,1828,ASR_supplied_speaker_metadata
2026_AUS,automatic_transcript,data/unga_general_debate_verbatim_en/automatic_transcripts_unofficial/UNGA2026_day3_EN_ASR.json,Anthony Albanese,2300,ASR_supplied_speaker_metadata
2026_AUT,automatic_transcript,data/unga_general_debate_verbatim_en/automatic_transcripts_unofficial/UNGA2026_day3_EN_ASR.json,Beata Meinl-Reisinger,1616,ASR_supplied_speaker_metadata
2026_AZE,automatic_transcript,data/unga_general_debate_verbatim_en/automatic_transcripts_unofficial/UNGA2026_day4_EN_ASR.json,Jeyhun Aziz Bayramov,2103,ASR_supplied_speaker_metadata
2026_BDI,automatic_transcript,data/unga_general_debate_verbatim_en/automatic_transcripts_unofficial/UNGA2026_day2_EN_ASR.json,Evariste Ndiay,2701,ASR_supplied_speaker_metadata
2026_BEL,automatic_transcript,data/unga_general_debate_verbatim_en/automatic_transcripts_unofficial/UNGA2026_day1_EN_ASR.json,Maxime Prevost,2936,ASR_supplied_speaker_metadata
2026_BGD,automatic_transcript,data/unga_general_debate_verbatim_en/automatic_transcripts_unofficial/UNGA2026_day3_EN_ASR.json,Tarik Rahman,2256,ASR_supplied_speaker_metadata
2026_BGR,automatic_transcript,data/unga_general_debate_verbatim_en/automatic_transcripts_unofficial/UNGA2026_day2_EN_ASR.json,Illyana Yotova,1865,ASR_supplied_speaker_metadata
2026_BHR,automatic_transcript,data/unga_general_debate_verbatim_en/automatic_transcripts_unofficial/UNGA2026_day4_EN_ASR.json,Abdulatif bin Rashid Al Zayani,2457,ASR_supplied_speaker_metadata
2026_BHS,automatic_transcript,data/unga_general_debate_verbatim_en/automatic_transcripts_unofficial/UNGA2026_day4_EN_ASR.json,Philip Edward Davis,2308,ASR_supplied_speaker_metadata
2026_BIH,automatic_transcript,data/unga_general_debate_verbatim_en/automatic_transcripts_unofficial/UNGA2026_day1_EN_ASR.json,Denis Bichir Owich,1505,ASR_supplied_speaker_metadata
2026_BLR,automatic_transcript,data/unga_general_debate_verbatim_en/automatic_transcripts_unofficial/UNGA2026_day5_EN_ASR.json,Maxim Rezanikoff,2600,ASR_supplied_speaker_metadata
2026_BLZ,automatic_transcript,data/unga_general_debate_verbatim_en/automatic_transcripts_unofficial/UNGA2026_day5_EN_ASR.json,John Brizeno,2363,ASR_supplied_speaker_metadata
2026_BOL,automatic_transcript,data/unga_general_debate_verbatim_en/automatic_transcripts_unofficial/UNGA2026_day3_EN_ASR.json,Rodriguez Paz Pereira,2475,ASR_supplied_speaker_metadata
2026_BRA,automatic_transcript,data/unga_general_debate_verbatim_en/automatic_transcripts_unofficial/UNGA2026_day1_EN_ASR.json,Luiz Inacio Lula da Silva,2449,ASR_supplied_speaker_metadata
2026_BRB,automatic_transcript,data/unga_general_debate_verbatim_en/automatic_transcripts_unofficial/UNGA2026_day3_EN_ASR.json,Mia Amor Motley,4246,ASR_supplied_speaker_metadata
2026_BRN,automatic_transcript,data/unga_general_debate_verbatim_en/automatic_transcripts_unofficial/UNGA2026_day5_EN_ASR.json,Prince Abdul Mateen,1393,ASR_supplied_speaker_metadata
2026_BTN,automatic_transcript,data/unga_general_debate_verbatim_en/automatic_transcripts_unofficial/UNGA2026_day1_EN_ASR.json,Sirling Tshering Tobgay,1796,ASR_supplied_speaker_metadata
2026_BWA,automatic_transcript,data/unga_general_debate_verbatim_en/automatic_transcripts_unofficial/UNGA2026_day2_EN_ASR.json,Duma Gideon Boko,1745,ASR_supplied_speaker_metadata
2026_CAF,automatic_transcript,data/unga_general_debate_verbatim_en/automatic_transcripts_unofficial/UNGA2026_day2_EN_ASR.json,Faustin-Archange Touadja,1567,ASR_supplied_speaker_metadata
2026_CAN,automatic_transcript,data/unga_general_debate_verbatim_en/automatic_transcripts_unofficial/UNGA2026_day5_EN_ASR.json,Anita Anand,2030,ASR_supplied_speaker_metadata
2026_CHE,automatic_transcript,data/unga_general_debate_verbatim_en/automatic_transcripts_unofficial/UNGA2026_day1_EN_ASR.json,Guy Pamula,1599,ASR_supplied_speaker_metadata
2026_CHL,automatic_transcript,data/unga_general_debate_verbatim_en/automatic_transcripts_unofficial/UNGA2026_day1_EN_ASR.json,Jose Antonio Kast,2606,ASR_supplied_speaker_metadata
2026_CHN,automatic_transcript,data/unga_general_debate_verbatim_en/automatic_transcripts_unofficial/UNGA2026_day5_EN_ASR.json,Han Zheng,1370,ASR_supplied_speaker_metadata
2026_CIV,automatic_transcript,data/unga_general_debate_verbatim_en/automatic_transcripts_unofficial/UNGA2026_day3_EN_ASR.json,Tiemoko Mele Kone,1771,ASR_supplied_speaker_metadata
2026_CMR,automatic_transcript,data/unga_general_debate_verbatim_en/automatic_transcripts_unofficial/UNGA2026_day5_EN_ASR.json,Lejeune Mbella Mbella,1301,ASR_supplied_speaker_metadata
2026_COD,automatic_transcript,data/unga_general_debate_verbatim_en/automatic_transcripts_unofficial/UNGA2026_day2_EN_ASR.json,Judith Sumonawa Toulouko,3590,ASR_supplied_speaker_metadata
2026_COL,automatic_transcript,data/unga_general_debate_verbatim_en/automatic_transcripts_unofficial/UNGA2026_day3_EN_ASR.json,Jose Manuel Restrepo,2780,ASR_supplied_speaker_metadata
2026_COM,automatic_transcript,data/unga_general_debate_verbatim_en/automatic_transcripts_unofficial/UNGA2026_day3_EN_ASR.json,Azali Assoumani,1673,ASR_supplied_speaker_metadata
2026_CPV,automatic_transcript,data/unga_general_debate_verbatim_en/automatic_transcripts_unofficial/UNGA2026_day5_EN_ASR.json,Francisco Avelino Vieira de Carvalho,1310,ASR_supplied_speaker_metadata
2026_CPV,automatic_transcript,data/unga_general_debate_verbatim_en/automatic_transcripts_unofficial/UNGA2026_day5_EN_ASR.json,Francisco Avelino Vieira de Carvalho,11,ASR_supplied_speaker_metadata
2026_CUB,automatic_transcript,data/unga_general_debate_verbatim_en/automatic_transcripts_unofficial/UNGA2026_day5_EN_ASR.json,Bruno Eduardo Rodriguez Parilla,2314,ASR_supplied_speaker_metadata
2026_CYP,automatic_transcript,data/unga_general_debate_verbatim_en/automatic_transcripts_unofficial/UNGA2026_day2_EN_ASR.json,Nicos Christodoulides,2122,ASR_supplied_speaker_metadata
2026_CZE,automatic_transcript,data/unga_general_debate_verbatim_en/automatic_transcripts_unofficial/UNGA2026_day2_EN_ASR.json,Petr Pavel,1352,ASR_supplied_speaker_metadata
2026_DEU,automatic_transcript,data/unga_general_debate_verbatim_en/automatic_transcripts_unofficial/UNGA2026_day5_EN_ASR.json,Johan Waidful,1699,ASR_supplied_speaker_metadata
2026_DJI,automatic_transcript,data/unga_general_debate_verbatim_en/automatic_transcripts_unofficial/UNGA2026_day5_EN_ASR.json,Abdelkader Hussein Omar,1660,ASR_supplied_speaker_metadata
2026_DMA,automatic_transcript,data/unga_general_debate_verbatim_en/automatic_transcripts_unofficial/UNGA2026_day1_EN_ASR.json,Sylvanie Burtone,2487,ASR_supplied_speaker_metadata
2026_DOM,automatic_transcript,data/unga_general_debate_verbatim_en/automatic_transcripts_unofficial/UNGA2026_day2_EN_ASR.json,Luis Rodolfo Abinader Corona,1721,ASR_supplied_speaker_metadata
2026_ECU,automatic_transcript,data/unga_general_debate_verbatim_en/automatic_transcripts_unofficial/UNGA2026_day2_EN_ASR.json,Daniel Roy Gilchrist Noboa Asine,1269,ASR_supplied_speaker_metadata
2026_EGY,automatic_transcript,data/unga_general_debate_verbatim_en/automatic_transcripts_unofficial/UNGA2026_day4_EN_ASR.json,Mustafa Kamal Madbouly,2481,ASR_supplied_speaker_metadata
2026_EGY,automatic_transcript,data/unga_general_debate_verbatim_en/automatic_transcripts_unofficial/UNGA2026_day4_EN_ASR.json,Mustafa Kamal Madbouly,39,ASR_supplied_speaker_metadata
2026_ESP,automatic_transcript,data/unga_general_debate_verbatim_en/automatic_transcripts_unofficial/UNGA2026_day2_EN_ASR.json,Pedro Sanchez Perez-Castejon,2271,ASR_supplied_speaker_metadata
2026_EST,automatic_transcript,data/unga_general_debate_verbatim_en/automatic_transcripts_unofficial/UNGA2026_day2_EN_ASR.json,Aare Kauris,2415,ASR_supplied_speaker_metadata
2026_ETH,automatic_transcript,data/unga_general_debate_verbatim_en/automatic_transcripts_unofficial/UNGA2026_day2_EN_ASR.json,Taye Adgesa Amde,1488,ASR_supplied_speaker_metadata
2026_FIN,automatic_transcript,data/unga_general_debate_verbatim_en/automatic_transcripts_unofficial/UNGA2026_day1_EN_ASR.json,Alexander Stubb,2462,ASR_supplied_speaker_metadata
2026_FJI,automatic_transcript,data/unga_general_debate_verbatim_en/automatic_transcripts_unofficial/UNGA2026_day3_EN_ASR.json,Ratu Nikama Tawake Qalati Lalaibalavu,2403,ASR_supplied_speaker_metadata
2026_FRA,automatic_transcript,data/unga_general_debate_verbatim_en/automatic_transcripts_unofficial/UNGA2026_day1_EN_ASR.json,Emmanuel Macron,4212,ASR_supplied_speaker_metadata
2026_FSM,automatic_transcript,data/unga_general_debate_verbatim_en/automatic_transcripts_unofficial/UNGA2026_day5_EN_ASR.json,Aaron Palik,1780,ASR_supplied_speaker_metadata
2026_GAB,automatic_transcript,data/unga_general_debate_verbatim_en/automatic_transcripts_unofficial/UNGA2026_day5_EN_ASR.json,Mary Edith Tassila Yana Moubi,1181,ASR_supplied_speaker_metadata
2026_GBR,automatic_transcript,data/unga_general_debate_verbatim_en/automatic_transcripts_unofficial/UNGA2026_day1_EN_ASR.json,Andy Burnham,3013,ASR_supplied_speaker_metadata
2026_GEO,automatic_transcript,data/unga_general_debate_verbatim_en/automatic_transcripts_unofficial/UNGA2026_day3_EN_ASR.json,Irakli Kobakhidze,1139,ASR_supplied_speaker_metadata
2026_GHA,automatic_transcript,data/unga_general_debate_verbatim_en/automatic_transcripts_unofficial/UNGA2026_day3_EN_ASR.json,John Ramani Mahama,3222,ASR_supplied_speaker_metadata
2026_GIN,automatic_transcript,data/unga_general_debate_verbatim_en/automatic_transcripts_unofficial/UNGA2026_day2_EN_ASR.json,Mamady Doumbia,1073,ASR_supplied_speaker_metadata
2026_GMB,automatic_transcript,data/unga_general_debate_verbatim_en/automatic_transcripts_unofficial/UNGA2026_day3_EN_ASR.json,Mohamed Jallow,3140,ASR_supplied_speaker_metadata
2026_GNB,automatic_transcript,data/unga_general_debate_verbatim_en/automatic_transcripts_unofficial/UNGA2026_day4_EN_ASR.json,,1052,ASR_supplied_speaker_metadata
2026_GNQ,automatic_transcript,data/unga_general_debate_verbatim_en/automatic_transcripts_unofficial/UNGA2026_day3_EN_ASR.json,Teodoro Nguema Obiang Mangue,891,ASR_supplied_speaker_metadata
2026_GRC,automatic_transcript,data/unga_general_debate_verbatim_en/automatic_transcripts_unofficial/UNGA2026_day3_EN_ASR.json,Kyriakos Mitsotakis,2837,ASR_supplied_speaker_metadata
2026_GTM,automatic_transcript,data/unga_general_debate_verbatim_en/automatic_transcripts_unofficial/UNGA2026_day4_EN_ASR.json,Carlos Ramiro Martinez Alvarado,1835,ASR_supplied_speaker_metadata
2026_GUY,automatic_transcript,data/unga_general_debate_verbatim_en/automatic_transcripts_unofficial/UNGA2026_day3_EN_ASR.json,Mohammed Irfan Ali,2646,ASR_supplied_speaker_metadata
2026_HND,automatic_transcript,data/unga_general_debate_verbatim_en/automatic_transcripts_unofficial/UNGA2026_day2_EN_ASR.json,Nasri Yuan Asfura Sabla,1511,ASR_supplied_speaker_metadata
2026_HRV,automatic_transcript,data/unga_general_debate_verbatim_en/automatic_transcripts_unofficial/UNGA2026_day1_EN_ASR.json,Andriy Plenkovic,1952,ASR_supplied_speaker_metadata
2026_HTI,automatic_transcript,data/unga_general_debate_verbatim_en/automatic_transcripts_unofficial/UNGA2026_day4_EN_ASR.json,Alex Didier Fils-Aime,3071,ASR_supplied_speaker_metadata
2026_HUN,automatic_transcript,data/unga_general_debate_verbatim_en/automatic_transcripts_unofficial/UNGA2026_day3_EN_ASR.json,Andr s Balint Bak,1218,ASR_supplied_speaker_metadata
2026_IDN,automatic_transcript,data/unga_general_debate_verbatim_en/automatic_transcripts_unofficial/UNGA2026_day5_EN_ASR.json,Soegijono,1819,ASR_supplied_speaker_metadata
2026_IND,automatic_transcript,data/unga_general_debate_verbatim_en/automatic_transcripts_unofficial/UNGA2026_day5_EN_ASR.json,Subrahmanya Jaishankar,1668,ASR_supplied_speaker_metadata
2026_IRL,automatic_transcript,data/unga_general_debate_verbatim_en/automatic_transcripts_unofficial/UNGA2026_day3_EN_ASR.json,Michael Martin,2282,ASR_supplied_speaker_metadata
2026_IRN,automatic_transcript,data/unga_general_debate_verbatim_en/automatic_transcripts_unofficial/UNGA2026_day2_EN_ASR.json,Masood Pezeshkian,2047,ASR_supplied_speaker_metadata
2026_IRQ,automatic_transcript,data/unga_general_debate_verbatim_en/automatic_transcripts_unofficial/UNGA2026_day4_EN_ASR.json,Ali Faleh Al-Zaidi,1731,ASR_supplied_speaker_metadata
2026_ISL,automatic_transcript,data/unga_general_debate_verbatim_en/automatic_transcripts_unofficial/UNGA2026_day5_EN_ASR.json,Torgerdur Katrin Gunnarsdottir,2242,ASR_supplied_speaker_metadata
2026_ISR,automatic_transcript,data/unga_general_debate_verbatim_en/automatic_transcripts_unofficial/UNGA2026_day3_EN_ASR.json,Benjamin Netanyahu,4020,ASR_supplied_speaker_metadata
2026_ITA,automatic_transcript,data/unga_general_debate_verbatim_en/automatic_transcripts_unofficial/UNGA2026_day2_EN_ASR.json,Antonio Tajani,2205,ASR_supplied_speaker_metadata
2026_JAM,automatic_transcript,data/unga_general_debate_verbatim_en/automatic_transcripts_unofficial/UNGA2026_day5_EN_ASR.json,Kamina Johnson-Smith,2185,ASR_supplied_speaker_metadata
2026_JOR,automatic_transcript,data/unga_general_debate_verbatim_en/automatic_transcripts_unofficial/UNGA2026_day1_EN_ASR.json,Abdullah II ibn al-Hussein,1816,ASR_supplied_speaker_metadata
2026_JPN,automatic_transcript,data/unga_general_debate_verbatim_en/automatic_transcripts_unofficial/UNGA2026_day1_EN_ASR.json,Takaichi Sanae,2833,ASR_supplied_speaker_metadata
2026_KAZ,automatic_transcript,data/unga_general_debate_verbatim_en/automatic_transcripts_unofficial/UNGA2026_day4_EN_ASR.json,Mukhtar Tiliyaberdie,2050,ASR_supplied_speaker_metadata
2026_KEN,automatic_transcript,data/unga_general_debate_verbatim_en/automatic_transcripts_unofficial/UNGA2026_day2_EN_ASR.json,William Samoei Ruto,2953,ASR_supplied_speaker_metadata
2026_KGZ,automatic_transcript,data/unga_general_debate_verbatim_en/automatic_transcripts_unofficial/UNGA2026_day1_EN_ASR.json,Sadyr Sapaev,2721,ASR_supplied_speaker_metadata
2026_KHM,automatic_transcript,data/unga_general_debate_verbatim_en/automatic_transcripts_unofficial/UNGA2026_day5_EN_ASR.json,Sokhon Prak,1484,ASR_supplied_speaker_metadata
2026_KIR,automatic_transcript,data/unga_general_debate_verbatim_en/automatic_transcripts_unofficial/UNGA2026_day4_EN_ASR.json,Teiti Maamao,1553,ASR_supplied_speaker_metadata
2026_KNA,automatic_transcript,data/unga_general_debate_verbatim_en/automatic_transcripts_unofficial/UNGA2026_day4_EN_ASR.json,Geoffrey Huntley,2273,ASR_supplied_speaker_metadata
2026_KOR,automatic_transcript,data/unga_general_debate_verbatim_en/automatic_transcripts_unofficial/UNGA2026_day1_EN_ASR.json,Lee Jae-myung,2273,ASR_supplied_speaker_metadata
2026_KWT,automatic_transcript,data/unga_general_debate_verbatim_en/automatic_transcripts_unofficial/UNGA2026_day3_EN_ASR.json,Sheikh Sabah Al Khalid Al Hamad Al Mubarak Al Sabah,2377,ASR_supplied_speaker_metadata
2026_LAO,automatic_transcript,data/unga_general_debate_verbatim_en/automatic_transcripts_unofficial/UNGA2026_day5_EN_ASR.json,Thongxavanh Phomvitha,1372,ASR_supplied_speaker_metadata
2026_LBN,automatic_transcript,data/unga_general_debate_verbatim_en/automatic_transcripts_unofficial/UNGA2026_day4_EN_ASR.json,Nawaf Salam,2491,ASR_supplied_speaker_metadata
2026_LBR,automatic_transcript,data/unga_general_debate_verbatim_en/automatic_transcripts_unofficial/UNGA2026_day3_EN_ASR.json,Joseph Njuma Boakai,1202,ASR_supplied_speaker_metadata
2026_LBY,automatic_transcript,data/unga_general_debate_verbatim_en/automatic_transcripts_unofficial/UNGA2026_day2_EN_ASR.json,Mohamed Yunis Memfi,2470,ASR_supplied_speaker_metadata
2026_LCA,automatic_transcript,data/unga_general_debate_verbatim_en/automatic_transcripts_unofficial/UNGA2026_day4_EN_ASR.json,Philip Pierre,1950,ASR_supplied_speaker_metadata
2026_LIE,automatic_transcript,data/unga_general_debate_verbatim_en/automatic_transcripts_unofficial/UNGA2026_day4_EN_ASR.json,Sabine Monouni,2055,ASR_supplied_speaker_metadata
2026_LSO,automatic_transcript,data/unga_general_debate_verbatim_en/automatic_transcripts_unofficial/UNGA2026_day4_EN_ASR.json,Samuel Matekane,1724,ASR_supplied_speaker_metadata
2026_LTU,automatic_transcript,data/unga_general_debate_verbatim_en/automatic_transcripts_unofficial/UNGA2026_day1_EN_ASR.json,Gitanas Nauseda,1421,ASR_supplied_speaker_metadata
2026_LUX,automatic_transcript,data/unga_general_debate_verbatim_en/automatic_transcripts_unofficial/UNGA2026_day1_EN_ASR.json,Guillaume,2082,ASR_supplied_speaker_metadata
2026_LVA,automatic_transcript,data/unga_general_debate_verbatim_en/automatic_transcripts_unofficial/UNGA2026_day2_EN_ASR.json,Edgar Rinkевич,1397,ASR_supplied_speaker_metadata
2026_MAR,automatic_transcript,data/unga_general_debate_verbatim_en/automatic_transcripts_unofficial/UNGA2026_day1_EN_ASR.json,Nasser Burita,2231,ASR_supplied_speaker_metadata
2026_MCO,automatic_transcript,data/unga_general_debate_verbatim_en/automatic_transcripts_unofficial/UNGA2026_day4_EN_ASR.json,Christophe Mermoud,1932,ASR_supplied_speaker_metadata
2026_MDA,automatic_transcript,data/unga_general_debate_verbatim_en/automatic_transcripts_unofficial/UNGA2026_day5_EN_ASR.json,Vasile Dofan,1634,ASR_supplied_speaker_metadata
2026_MDG,automatic_transcript,data/unga_general_debate_verbatim_en/automatic_transcripts_unofficial/UNGA2026_day3_EN_ASR.json,Michael Radrarinamana,2210,ASR_supplied_speaker_metadata
2026_MDV,automatic_transcript,data/unga_general_debate_verbatim_en/automatic_transcripts_unofficial/UNGA2026_day4_EN_ASR.json,Hussain Mohamed Latheef,1811,ASR_supplied_speaker_metadata
2026_MEX,automatic_transcript,data/unga_general_debate_verbatim_en/automatic_transcripts_unofficial/UNGA2026_day4_EN_ASR.json,Roberto Velasco Alvarez,1777,ASR_supplied_speaker_metadata
2026_MHL,automatic_transcript,data/unga_general_debate_verbatim_en/automatic_transcripts_unofficial/UNGA2026_day4_EN_ASR.json,Hilda Heine,2026,ASR_supplied_speaker_metadata
2026_MKD,automatic_transcript,data/unga_general_debate_verbatim_en/automatic_transcripts_unofficial/UNGA2026_day4_EN_ASR.json,Hristijan Miskoski,3178,ASR_supplied_speaker_metadata
2026_MLT,automatic_transcript,data/unga_general_debate_verbatim_en/automatic_transcripts_unofficial/UNGA2026_day4_EN_ASR.json,Robert Abela,2986,ASR_supplied_speaker_metadata
2026_MNE,automatic_transcript,data/unga_general_debate_verbatim_en/automatic_transcripts_unofficial/UNGA2026_day2_EN_ASR.json,Jakov Milatovic,2442,ASR_supplied_speaker_metadata
2026_MNG,automatic_transcript,data/unga_general_debate_verbatim_en/automatic_transcripts_unofficial/UNGA2026_day1_EN_ASR.json,Khurultuukhnaa,2918,ASR_supplied_speaker_metadata
2026_MOZ,automatic_transcript,data/unga_general_debate_verbatim_en/automatic_transcripts_unofficial/UNGA2026_day2_EN_ASR.json,Daniel Francisco Chapeau,2351,ASR_supplied_speaker_metadata
2026_MRT,automatic_transcript,data/unga_general_debate_verbatim_en/automatic_transcripts_unofficial/UNGA2026_day4_EN_ASR.json,Mohamed Salem Merzouk,2076,ASR_supplied_speaker_metadata
2026_MUS,automatic_transcript,data/unga_general_debate_verbatim_en/automatic_transcripts_unofficial/UNGA2026_day4_EN_ASR.json,Don Juan J. Ramful,2238,ASR_supplied_speaker_metadata
2026_MYS,automatic_transcript,data/unga_general_debate_verbatim_en/automatic_transcripts_unofficial/UNGA2026_day5_EN_ASR.json,Muhammad Haji Hassan,1452,ASR_supplied_speaker_metadata
2026_NAM,automatic_transcript,data/unga_general_debate_verbatim_en/automatic_transcripts_unofficial/UNGA2026_day2_EN_ASR.json,Netumbo Nandi-Ndaitwah,1898,ASR_supplied_speaker_metadata
2026_NER,automatic_transcript,data/unga_general_debate_verbatim_en/automatic_transcripts_unofficial/UNGA2026_day4_EN_ASR.json,Lamine Zain Ali Mahaman,3304,ASR_supplied_speaker_metadata
2026_NGA,automatic_transcript,data/unga_general_debate_verbatim_en/automatic_transcripts_unofficial/UNGA2026_day3_EN_ASR.json,Kashim Shettima,1674,ASR_supplied_speaker_metadata
2026_NIC,automatic_transcript,data/unga_general_debate_verbatim_en/automatic_transcripts_unofficial/UNGA2026_day5_EN_ASR.json,Valger Ludwig Hinchka,574,ASR_supplied_speaker_metadata
2026_NLD,automatic_transcript,data/unga_general_debate_verbatim_en/automatic_transcripts_unofficial/UNGA2026_day3_EN_ASR.json,Rob Jetten,1957,ASR_supplied_speaker_metadata
2026_NOR,automatic_transcript,data/unga_general_debate_verbatim_en/automatic_transcripts_unofficial/UNGA2026_day4_EN_ASR.json,Espen Barth Eide,2296,ASR_supplied_speaker_metadata
2026_NPL,automatic_transcript,data/unga_general_debate_verbatim_en/automatic_transcripts_unofficial/UNGA2026_day3_EN_ASR.json,Bharendra Shah,1775,ASR_supplied_speaker_metadata
2026_NRU,automatic_transcript,data/unga_general_debate_verbatim_en/automatic_transcripts_unofficial/UNGA2026_day1_EN_ASR.json,David Ranibook Adeyong,2274,ASR_supplied_speaker_metadata
2026_OMN,automatic_transcript,data/unga_general_debate_verbatim_en/automatic_transcripts_unofficial/UNGA2026_day5_EN_ASR.json,Syed Syed Badr bin Hamad bin Hamood Al-Abousaidi,926,ASR_supplied_speaker_metadata
2026_PAK,automatic_transcript,data/unga_general_debate_verbatim_en/automatic_transcripts_unofficial/UNGA2026_day4_EN_ASR.json,Muhammad Shabbaz Sharif,2066,ASR_supplied_speaker_metadata
2026_PAN,automatic_transcript,data/unga_general_debate_verbatim_en/automatic_transcripts_unofficial/UNGA2026_day2_EN_ASR.json,Jose Raul Molino Quintero,2153,ASR_supplied_speaker_metadata
2026_PER,automatic_transcript,data/unga_general_debate_verbatim_en/automatic_transcripts_unofficial/UNGA2026_day1_EN_ASR.json,Keiko Sofia Fujimori Higuchi,1911,ASR_supplied_speaker_metadata
2026_PHL,automatic_transcript,data/unga_general_debate_verbatim_en/automatic_transcripts_unofficial/UNGA2026_day5_EN_ASR.json,Maria Teresa Lazaro,1531,ASR_supplied_speaker_metadata
2026_PLW,automatic_transcript,data/unga_general_debate_verbatim_en/automatic_transcripts_unofficial/UNGA2026_day2_EN_ASR.json,Surangel Whipps,1599,ASR_supplied_speaker_metadata
2026_PNG,automatic_transcript,data/unga_general_debate_verbatim_en/automatic_transcripts_unofficial/UNGA2026_day4_EN_ASR.json,James Marape,3203,ASR_supplied_speaker_metadata
2026_POL,automatic_transcript,data/unga_general_debate_verbatim_en/automatic_transcripts_unofficial/UNGA2026_day2_EN_ASR.json,Karol Nawrocki,3444,ASR_supplied_speaker_metadata
2026_PRT,automatic_transcript,data/unga_general_debate_verbatim_en/automatic_transcripts_unofficial/UNGA2026_day3_EN_ASR.json,Luis Montenegro,1268,ASR_supplied_speaker_metadata
2026_PRY,automatic_transcript,data/unga_general_debate_verbatim_en/automatic_transcripts_unofficial/UNGA2026_day2_EN_ASR.json,Santiago Pena Palacios,3203,ASR_supplied_speaker_metadata
2026_QAT,automatic_transcript,data/unga_general_debate_verbatim_en/automatic_transcripts_unofficial/UNGA2026_day1_EN_ASR.json,Sheikh Tamim bin Hamad Al Thani,2163,ASR_supplied_speaker_metadata
2026_ROU,automatic_transcript,data/unga_general_debate_verbatim_en/automatic_transcripts_unofficial/UNGA2026_day2_EN_ASR.json,Nicușor Dan,1481,ASR_supplied_speaker_metadata
2026_RUS,automatic_transcript,data/unga_general_debate_verbatim_en/automatic_transcripts_unofficial/UNGA2026_day5_EN_ASR.json,Sergey Lavrov,2199,ASR_supplied_speaker_metadata
2026_RWA,automatic_transcript,data/unga_general_debate_verbatim_en/automatic_transcripts_unofficial/UNGA2026_day2_EN_ASR.json,Justin Nsengiyumova,657,ASR_supplied_speaker_metadata
2026_SAU,automatic_transcript,data/unga_general_debate_verbatim_en/automatic_transcripts_unofficial/UNGA2026_day5_EN_ASR.json,Prince Faisal bin Farhan Al Saud,1772,ASR_supplied_speaker_metadata
2026_SEN,automatic_transcript,data/unga_general_debate_verbatim_en/automatic_transcripts_unofficial/UNGA2026_day3_EN_ASR.json,Bassirou Diomaye Diakhou Faye,1704,ASR_supplied_speaker_metadata
2026_SGP,automatic_transcript,data/unga_general_debate_verbatim_en/automatic_transcripts_unofficial/UNGA2026_day5_EN_ASR.json,Vivian Balakrishnan,2602,ASR_supplied_speaker_metadata
2026_SLB,automatic_transcript,data/unga_general_debate_verbatim_en/automatic_transcripts_unofficial/UNGA2026_day4_EN_ASR.json,Matthew Cooper Wale,3334,ASR_supplied_speaker_metadata
2026_SLE,automatic_transcript,data/unga_general_debate_verbatim_en/automatic_transcripts_unofficial/UNGA2026_day1_EN_ASR.json,Julius Maada Bio,2043,ASR_supplied_speaker_metadata
2026_SMR,automatic_transcript,data/unga_general_debate_verbatim_en/automatic_transcripts_unofficial/UNGA2026_day5_EN_ASR.json,Lukura Bakari,2493,ASR_supplied_speaker_metadata
2026_SOM,automatic_transcript,data/unga_general_debate_verbatim_en/automatic_transcripts_unofficial/UNGA2026_day3_EN_ASR.json,Hassan Sheikh Mohamud,2380,ASR_supplied_speaker_metadata
2026_SRB,automatic_transcript,data/unga_general_debate_verbatim_en/automatic_transcripts_unofficial/UNGA2026_day2_EN_ASR.json,Aleksandar Vucic,3086,ASR_supplied_speaker_metadata
2026_STP,automatic_transcript,data/unga_general_debate_verbatim_en/automatic_transcripts_unofficial/UNGA2026_day5_EN_ASR.json,Elisa Maria dos Santos Amado Vaz,1836,ASR_supplied_speaker_metadata
2026_SUR,automatic_transcript,data/unga_general_debate_verbatim_en/automatic_transcripts_unofficial/UNGA2026_day1_EN_ASR.json,Jennifer Geering-Simons,1594,ASR_supplied_speaker_metadata
2026_SVK,automatic_transcript,data/unga_general_debate_verbatim_en/automatic_transcripts_unofficial/UNGA2026_day2_EN_ASR.json,Peter Pellegrini,1338,ASR_supplied_speaker_metadata
2026_SVN,automatic_transcript,data/unga_general_debate_verbatim_en/automatic_transcripts_unofficial/UNGA2026_day3_EN_ASR.json,Janez Jansa,1997,ASR_supplied_speaker_metadata
2026_SWE,automatic_transcript,data/unga_general_debate_verbatim_en/automatic_transcripts_unofficial/UNGA2026_day4_EN_ASR.json,Maria Malma Stengard,1534,ASR_supplied_speaker_metadata
2026_SWZ,automatic_transcript,data/unga_general_debate_verbatim_en/automatic_transcripts_unofficial/UNGA2026_day2_EN_ASR.json,King Mswati III,2106,ASR_supplied_speaker_metadata
2026_SYC,automatic_transcript,data/unga_general_debate_verbatim_en/automatic_transcripts_unofficial/UNGA2026_day1_EN_ASR.json,Matthew Antonio Patrick Ormani,1252,ASR_supplied_speaker_metadata
2026_SYR,automatic_transcript,data/unga_general_debate_verbatim_en/automatic_transcripts_unofficial/UNGA2026_day2_EN_ASR.json,Ahmad al-Sharaa,1045,ASR_supplied_speaker_metadata
2026_TCD,automatic_transcript,data/unga_general_debate_verbatim_en/automatic_transcripts_unofficial/UNGA2026_day4_EN_ASR.json,Abdul Majid Abdul Rahim Mohamed,1616,ASR_supplied_speaker_metadata
2026_TGO,automatic_transcript,data/unga_general_debate_verbatim_en/automatic_transcripts_unofficial/UNGA2026_day4_EN_ASR.json,Robert Komlan Edo Dusey,1877,ASR_supplied_speaker_metadata
2026_THA,automatic_transcript,data/unga_general_debate_verbatim_en/automatic_transcripts_unofficial/UNGA2026_day3_EN_ASR.json,Anutin Charoen Virakul,1656,ASR_supplied_speaker_metadata
2026_TJK,automatic_transcript,data/unga_general_debate_verbatim_en/automatic_transcripts_unofficial/UNGA2026_day5_EN_ASR.json,Rodigin Morodadin,1696,ASR_supplied_speaker_metadata
2026_TLS,automatic_transcript,data/unga_general_debate_verbatim_en/automatic_transcripts_unofficial/UNGA2026_day2_EN_ASR.json,Jose Ramos-Horta,3079,ASR_supplied_speaker_metadata
2026_TON,automatic_transcript,data/unga_general_debate_verbatim_en/automatic_transcripts_unofficial/UNGA2026_day4_EN_ASR.json,Lord Va'afafina,2021,ASR_supplied_speaker_metadata
2026_TTO,automatic_transcript,data/unga_general_debate_verbatim_en/automatic_transcripts_unofficial/UNGA2026_day1_EN_ASR.json,Kamla Prasad Besisa,1572,ASR_supplied_speaker_metadata
2026_TUN,automatic_transcript,data/unga_general_debate_verbatim_en/automatic_transcripts_unofficial/UNGA2026_day5_EN_ASR.json,Mohamed Ali Nafti,3128,ASR_supplied_speaker_metadata
2026_TUR,automatic_transcript,data/unga_general_debate_verbatim_en/automatic_transcripts_unofficial/UNGA2026_day1_EN_ASR.json,Recep Tayyip Erdogan,3642,ASR_supplied_speaker_metadata
2026_TUV,automatic_transcript,data/unga_general_debate_verbatim_en/automatic_transcripts_unofficial/UNGA2026_day4_EN_ASR.json,Feleti Te'o,2281,ASR_supplied_speaker_metadata
2026_TZA,automatic_transcript,data/unga_general_debate_verbatim_en/automatic_transcripts_unofficial/UNGA2026_day1_EN_ASR.json,Dear Gratios and Njambi,1887,ASR_supplied_speaker_metadata
2026_UGA,automatic_transcript,data/unga_general_debate_verbatim_en/automatic_transcripts_unofficial/UNGA2026_day2_EN_ASR.json,Jessica Rose Ipele Alupo,1216,ASR_supplied_speaker_metadata
2026_UKR,automatic_transcript,data/unga_general_debate_verbatim_en/automatic_transcripts_unofficial/UNGA2026_day2_EN_ASR.json,Volodymyr Zelensky,3052,ASR_supplied_speaker_metadata
2026_URY,automatic_transcript,data/unga_general_debate_verbatim_en/automatic_transcripts_unofficial/UNGA2026_day3_EN_ASR.json,Yamandu Orsi,1875,ASR_supplied_speaker_metadata
2026_USA,automatic_transcript,data/unga_general_debate_verbatim_en/automatic_transcripts_unofficial/UNGA2026_day1_EN_ASR.json,Donald Trump,5203,ASR_supplied_speaker_metadata
2026_UZB,automatic_transcript,data/unga_general_debate_verbatim_en/automatic_transcripts_unofficial/UNGA2026_day2_EN_ASR.json,Said Miziri Yovivia,1189,ASR_supplied_speaker_metadata
2026_VCT,automatic_transcript,data/unga_general_debate_verbatim_en/automatic_transcripts_unofficial/UNGA2026_day4_EN_ASR.json,Godwin Friday,2248,ASR_supplied_speaker_metadata
2026_VEN,automatic_transcript,data/unga_general_debate_verbatim_en/automatic_transcripts_unofficial/UNGA2026_day2_EN_ASR.json,Delsy Eloina Rodriguez Gomez,2592,ASR_supplied_speaker_metadata
2026_VNM,automatic_transcript,data/unga_general_debate_verbatim_en/automatic_transcripts_unofficial/UNGA2026_day1_EN_ASR.json,Thieu Lam,1734,ASR_supplied_speaker_metadata
2026_WSM,automatic_transcript,data/unga_general_debate_verbatim_en/automatic_transcripts_unofficial/UNGA2026_day4_EN_ASR.json,Moudipola Anarosa Ale Molio,1557,ASR_supplied_speaker_metadata
2026_YEM,automatic_transcript,data/unga_general_debate_verbatim_en/automatic_transcripts_unofficial/UNGA2026_day3_EN_ASR.json,Abdullah Abdul Qadir Al Alimi Baazir,2284,ASR_supplied_speaker_metadata
2026_ZAF,automatic_transcript,data/unga_general_debate_verbatim_en/automatic_transcripts_unofficial/UNGA2026_day3_EN_ASR.json,Ronald Ozzie Lamola,1981,ASR_supplied_speaker_metadata
2026_ZMB,automatic_transcript,data/unga_general_debate_verbatim_en/automatic_transcripts_unofficial/UNGA2026_day5_EN_ASR.json,Mr. Malambo,2266,ASR_supplied_speaker_metadata
2026_ZWE,automatic_transcript,data/unga_general_debate_verbatim_en/automatic_transcripts_unofficial/UNGA2026_day3_EN_ASR.json,Emmerson Mnangagwa,1764,ASR_supplied_speaker_metadata
