file,bytes,sha256,duplicate_of,year_hint,pages,low_text_pages,replacement_characters,extraction_status
UNGA72_General_Debate_2017_statements/UNGA72_General_Debate_2017/afghanistan__af_en.pdf,3438880,9eadb7bcc60438b0fdb7ee9970582a72cc484bccb9e9e456069eb4536acb5e66,,2017,7,0,0,extracted
UNGA72_General_Debate_2017_statements/UNGA72_General_Debate_2017/albania__al_en.pdf,339951,a073a1a1f703a6aac608ef0399566e44dda9c022fbcb51979b8448402ba68a51,,2017,5,0,0,extracted
UNGA72_General_Debate_2017_statements/UNGA72_General_Debate_2017/algeria__dz_ar.pdf,340033,848f27c77dad862088319b1e0def1bb059a596a199a280737801a8735c7e28f1,,2017,8,7,0,needs_review
UNGA72_General_Debate_2017_statements/UNGA72_General_Debate_2017/algeria__dz_fr.pdf,515143,614d7579e4ec611302d784f488ee98db1c475b44cb3b28424be6439eec946dd5,,2017,7,0,0,extracted
UNGA72_General_Debate_2017_statements/UNGA72_General_Debate_2017/andorra__ad_es.pdf,786962,b2aaeaa365b1e2871f4be5cd0ae6f2684224d7e12dcb90ff4cc55d0a61a4a160,,2017,9,0,0,extracted
UNGA72_General_Debate_2017_statements/UNGA72_General_Debate_2017/angola__ao_en.pdf,777725,e30400b24bde8f2c360fc11e977667b2d126857e2fe923144b2e94248090dbe4,,2017,6,0,0,extracted
UNGA72_General_Debate_2017_statements/UNGA72_General_Debate_2017/antigua-and-barbuda__ag_en.pdf,578219,50976f4c30e63bfa053445e5283b6ced47621e08026984a0fd629c4721961be9,,2017,12,0,0,extracted
UNGA72_General_Debate_2017_statements/UNGA72_General_Debate_2017/argentina__ar_es.pdf,251561,9fe64529b727bf91b7173d01e8d095c99d3758776cc2c3f085ca8863aa1ebee3,,2017,4,0,0,extracted
UNGA72_General_Debate_2017_statements/UNGA72_General_Debate_2017/armenia__am_en.pdf,312964,3b261d0e92113a07348f2070c9923d58ba02013cc48cd919c9f916c620cbe62b,,2017,5,0,0,extracted
UNGA72_General_Debate_2017_statements/UNGA72_General_Debate_2017/australia__au_en.pdf,357295,bf99ab9066d2a3af58b3d89cbbbf1218231e4872e73e92f6023318b9ae082d23,,2017,10,0,0,extracted
UNGA72_General_Debate_2017_statements/UNGA72_General_Debate_2017/austria__at_en.pdf,389300,a5132a2d54f44ddc01df4954f9e1ae0a69a01ead60ecf6eed7638a07b02f085c,,2017,10,0,0,extracted
UNGA72_General_Debate_2017_statements/UNGA72_General_Debate_2017/azerbaijan__az_en.pdf,197254,7788c7ee73fb33cbfbb335883fb125f09ba23e86634476b74b951fbc959535e8,,2017,5,0,0,extracted
UNGA72_General_Debate_2017_statements/UNGA72_General_Debate_2017/bahamas__bs_en.pdf,385016,346545eda902b11dd525c513cf6617c519ec365c342357b88e530770e758ad3b,,2017,8,0,0,extracted
UNGA72_General_Debate_2017_statements/UNGA72_General_Debate_2017/bahrain__bh_ar.pdf,2306142,25b85ece8bf1647bb2fb06da08853baf223d0b3d1fa411a58efbaf6edabe1543,,2017,13,13,0,needs_review
UNGA72_General_Debate_2017_statements/UNGA72_General_Debate_2017/bahrain__bh_en.pdf,1509803,f3a83b0502975b363e3924a1e2d99b82b4a169f6406fc4b1bfc7dbd53c8f8e80,,2017,9,9,0,needs_review
UNGA72_General_Debate_2017_statements/UNGA72_General_Debate_2017/bangladesh__bd_en.pdf,242198,257afd2d2a0ea53818aaa87925efbfd9e1f75a84fb9c90fefd77c1fc95bd3a5b,,2017,5,0,0,extracted
UNGA72_General_Debate_2017_statements/UNGA72_General_Debate_2017/barbados__bb_en.pdf,560912,45537da53320d4e22d8be61f997155496750716a874fb679b187570b23abc1f8,,2017,13,0,0,extracted
UNGA72_General_Debate_2017_statements/UNGA72_General_Debate_2017/belarus__by_en.pdf,136118,959d44e7f83ab6787abdc7e9f0627f909d8d7d06b9008de90f04d75a69154587,,2017,4,0,0,extracted
UNGA72_General_Debate_2017_statements/UNGA72_General_Debate_2017/belgium__be_fr.pdf,719169,ba171a1e3223f35c8b7dd2a027af8c4b8a888d4305815bd8c26efc328032aad7,,2017,17,0,0,extracted
UNGA72_General_Debate_2017_statements/UNGA72_General_Debate_2017/belize__bz_en.pdf,448169,6977c24164c05b4f618ee9504084356617c99acf409085efc6bd9087aab549b1,,2017,10,0,0,extracted
UNGA72_General_Debate_2017_statements/UNGA72_General_Debate_2017/benin__bj_fr.pdf,254992,0b002a1aba903764c683d95b2c0c7b644c1286d664f4c613ebcf972a36180191,,2017,5,0,0,extracted
UNGA72_General_Debate_2017_statements/UNGA72_General_Debate_2017/bhutan__bt_en.pdf,305158,dbe6b584d74c76e9a806098c0d7ffa4f69e4bfa4e8ffb0322c5a43a37b4de6e4,,2017,5,0,0,extracted
UNGA72_General_Debate_2017_statements/UNGA72_General_Debate_2017/bolivia-plurinational-state__bo_es.pdf,304924,999093d38873c1ba9c6835bdb4cfd500ba2d7fcb4ace798f1aebb151f1c4dcdd,,2017,4,0,0,extracted
UNGA72_General_Debate_2017_statements/UNGA72_General_Debate_2017/bosnia-and-herzegovina__ba_en.pdf,594307,8596ead47c3fd6ccf482d8e7475caa68ebb4fc7bd1a862736488ebe1eff88fc5,,2017,8,0,0,extracted
UNGA72_General_Debate_2017_statements/UNGA72_General_Debate_2017/botswana__bw_en.pdf,1340370,1cd2fc23d47ee2936fda237636c37ab65b18f5243c65b4ee5ef99de67d770986,,2017,13,0,0,extracted
UNGA72_General_Debate_2017_statements/UNGA72_General_Debate_2017/brazil__br_en.pdf,328923,a9480ce45af65da991e3b90aaa327b73934423f7802c8e12ebd09d3abb6a7038,,2017,6,0,0,extracted
UNGA72_General_Debate_2017_statements/UNGA72_General_Debate_2017/brunei-darussalam__bn_en.pdf,409671,258e13191e3ec78aa275a90c9abdc291dafd4ecf17ca53636dac7ee84ecf0008,,2017,5,0,0,extracted
UNGA72_General_Debate_2017_statements/UNGA72_General_Debate_2017/bulgaria__bg_en.pdf,502559,b694116c9c99c8652a9c8dcc36b597733a1cfb10870f6971f33fa00209380db3,,2017,6,0,0,extracted
UNGA72_General_Debate_2017_statements/UNGA72_General_Debate_2017/burkina-faso__bf_fr.pdf,433153,53f46e15de7daf08e5b9c63e5d34ab17fcdb6993c17875f15186a38a6c1375c0,,2017,7,0,0,extracted
UNGA72_General_Debate_2017_statements/UNGA72_General_Debate_2017/burundi__bi_fr.pdf,354928,53569e542af45b4c30c0c1989a2d8fa41c9b380abe13252f9076d0a5cd56040b,,2017,4,0,0,extracted
UNGA72_General_Debate_2017_statements/UNGA72_General_Debate_2017/cabo-verde__cv_en.pdf,392636,f19c6fefdc741c0be5da185d6ee787e0414be707b1bdda18edd6273703f1b127,,2017,11,0,0,extracted
UNGA72_General_Debate_2017_statements/UNGA72_General_Debate_2017/cambodia__kh_en.pdf,588058,bc72a74753a267dfb9cfcb5cf91ad4625ab50a01e9da85e119a2721baf60ee8a,,2017,7,0,0,extracted
UNGA72_General_Debate_2017_statements/UNGA72_General_Debate_2017/cambodia__kh_fr.pdf,636897,fd4c95f877e135b837c4ed6fdf30ee3a78a9dae114a41a6c4eb42ab0b6c71233,,2017,8,0,0,extracted
UNGA72_General_Debate_2017_statements/UNGA72_General_Debate_2017/cameroon__cm_en.pdf,436163,cdf38e944e9ddb731c4b7f4ccf6daeb595f8d0d49c9cbb2dc263f6b11b208407,,2017,5,0,0,extracted
UNGA72_General_Debate_2017_statements/UNGA72_General_Debate_2017/cameroon__cm_fr.pdf,473886,319202937f5c3b22c22118e8ef793de5cb3d3ee2b7f0437f01665c90936dfae3,,2017,5,0,0,extracted
UNGA72_General_Debate_2017_statements/UNGA72_General_Debate_2017/canada__ca_en_fr.pdf,135629,94afac209658e6aa77e5b15b4556fd0317d1ca6ec827846b4791cde1eec8526f,,2017,53,0,0,extracted
UNGA72_General_Debate_2017_statements/UNGA72_General_Debate_2017/central-african-republic__cf_fr.pdf,1013758,772a3c948d6067cd4b19979efbeec2422ea4654dd80b7d6d2d10bccc6070d4fd,,2017,14,0,0,extracted
UNGA72_General_Debate_2017_statements/UNGA72_General_Debate_2017/chad__td_fr.pdf,258976,dfc6319b92c6074604a52263e33a5d6741503392083ca5bb654c7b5db8972a25,,2017,7,0,0,extracted
UNGA72_General_Debate_2017_statements/UNGA72_General_Debate_2017/chile__cl_es.pdf,316421,d8bef9222549b4286361a7fa978bd3aac20f457f919c0c785d00c47da406e578,,2017,11,1,0,needs_review
UNGA72_General_Debate_2017_statements/UNGA72_General_Debate_2017/china__zh_zh.pdf,651507,e86daac8b29f6510f3d1974b4afe6ed3ae16d8e370914f046d877e8ee04f9151,,2017,13,7,0,needs_review
UNGA72_General_Debate_2017_statements/UNGA72_General_Debate_2017/colombia__co_es.pdf,84456,999821f4cab092bfe409de82bf80eb8f4994ffeadda5f2de2b1fc373a054259c,,2017,13,1,0,needs_review
UNGA72_General_Debate_2017_statements/UNGA72_General_Debate_2017/comoros__km_fr.pdf,543694,95594bf1260427d34677a6f79e9784f8b19bb3900df576e80efa87074e73b10d,,2017,11,1,0,needs_review
UNGA72_General_Debate_2017_statements/UNGA72_General_Debate_2017/congo__cd_fr.pdf,280474,8f073552497b0cb76305f83fb93b3344de24d03a823577d8e699cb0de23bd49b,,2017,8,0,0,extracted
UNGA72_General_Debate_2017_statements/UNGA72_General_Debate_2017/costa-rica__cr_en.pdf,1008637,40c6986f3c243020755a6a82876a85743c9efaba44187b15a2af5eb7b06bc101,,2017,15,0,0,extracted
UNGA72_General_Debate_2017_statements/UNGA72_General_Debate_2017/cote-divoire__ci_fr.pdf,425923,cd5a0cfcf1478cf0ac300e008043accdca247206b1af36bec30f170ba6502a37,,2017,7,0,0,extracted
UNGA72_General_Debate_2017_statements/UNGA72_General_Debate_2017/croatia__hr_en.pdf,294898,6ec6886188a4bbcee1879ec63fd44d9457a7f7523c37990d4b5f7246899b798d,,2017,9,0,0,extracted
UNGA72_General_Debate_2017_statements/UNGA72_General_Debate_2017/cuba__cu_en.pdf,965147,7142c605a5c4812afd5b5b6b82895e789d28331cdfac3fa22309786dd1ab325d,,2017,10,0,0,extracted
UNGA72_General_Debate_2017_statements/UNGA72_General_Debate_2017/cuba__cu_es.pdf,977483,90f1a6f975aebef416e972baddd320433948a10afc7db50c4364dffa043cf3d1,,2017,12,0,0,extracted
UNGA72_General_Debate_2017_statements/UNGA72_General_Debate_2017/cuba__cu_fl.pdf,1056808,2232454c825473554d8b0bb1dc012a52383034fcbd8145ea9a4290e4269a1134,,2017,10,0,0,extracted
UNGA72_General_Debate_2017_statements/UNGA72_General_Debate_2017/cuba__cu_fr.pdf,1005117,127778188b2afe317b5033306e8c9ae4f57f409a14b2ebaa24cdb97f9429e0e8,,2017,10,0,0,extracted
UNGA72_General_Debate_2017_statements/UNGA72_General_Debate_2017/cyprus__cy_en.pdf,452600,cdc94c64959682b7b11e90fa5bdfcf3e3a2cb05324ad3b077d7736534a4db232,,2017,7,0,0,extracted
UNGA72_General_Debate_2017_statements/UNGA72_General_Debate_2017/czech-republic__cz_en.pdf,153698,a8bad0626f834afff2216e0364f99976cf70d9d5af59aa9b4b8e339b04201a32,,2017,2,0,0,extracted
UNGA72_General_Debate_2017_statements/UNGA72_General_Debate_2017/democratic-peoples-republic-korea__kp_en.pdf,911064,6591da285644a88242f4e861bfa97f852329bf0cf82487345bfa11ccd2187cde,,2017,8,0,0,extracted
UNGA72_General_Debate_2017_statements/UNGA72_General_Debate_2017/democratic-republic-congo__cd_fr_26.pdf,636735,98498babf81fb631abcc6bfb9e1eebc222a5f9a12c2b433c36c9575d9dbba09d,,2017,9,0,0,extracted
UNGA72_General_Debate_2017_statements/UNGA72_General_Debate_2017/denmark__dk_en.pdf,3491617,6720311964fc11484a352cf90d7f961062f79335f02bec41ed8af65ef7d8e452,,2017,8,0,0,extracted
UNGA72_General_Debate_2017_statements/UNGA72_General_Debate_2017/djibouti__dj_fr.pdf,620879,3aef83b5c13f7afe89707018f77e25aa36138fc517fae4ba589d6325e6d01249,,2017,11,0,0,extracted
UNGA72_General_Debate_2017_statements/UNGA72_General_Debate_2017/dominica__dm_en.pdf,469602,fe83d46972977ba679974474141d3c13ad67435ae9769f217854b6703619a2b6,,2017,12,0,0,extracted
UNGA72_General_Debate_2017_statements/UNGA72_General_Debate_2017/dominican-republic__do_en.pdf,114350,a407923869e0ca2f61c0b668e0dcb33e3717f47bb06210834383b93d0db1ae9e,,2017,5,0,0,extracted
UNGA72_General_Debate_2017_statements/UNGA72_General_Debate_2017/dominican-republic__do_es.pdf,340502,08d60711c748ca582821c8fcb57bc24465da9351149dd47b83096de7efd1d6b7,,2017,5,0,0,extracted
UNGA72_General_Debate_2017_statements/UNGA72_General_Debate_2017/ecuador__ec_es.pdf,77375,a2896d035fb64286541de12730ed92b04b770ed92f01c74874e8f96b3ec626af,,2017,5,0,0,extracted
UNGA72_General_Debate_2017_statements/UNGA72_General_Debate_2017/egypt__eg_en.pdf,570886,946ddaab3c12515f62202f4dba6431772b7bd09c614200cde9124b9f78bab097,,2017,8,0,0,extracted
UNGA72_General_Debate_2017_statements/UNGA72_General_Debate_2017/el-salvador__sv_es.pdf,504487,adde19c510e1699d69b477aef443cd17c2a1f4115b2614a272a5e389e61cbbb3,,2017,5,0,0,extracted
UNGA72_General_Debate_2017_statements/UNGA72_General_Debate_2017/equatorial-guinea__gq_es.pdf,469767,ec81e21ab468e40df4de3a8138c322d675100b514fd1e2e8111a009fa86d3f6d,,2017,6,0,0,extracted
UNGA72_General_Debate_2017_statements/UNGA72_General_Debate_2017/eritrea__er_en.pdf,254680,86401a5b3b833da2ca63dd90dca6710e916b07e3f5f3698d95fed777030c28d3,,2017,4,0,0,extracted
UNGA72_General_Debate_2017_statements/UNGA72_General_Debate_2017/estonia__ee_en.pdf,2880872,209707f3a0095150d7ae95b8c884c699d8d15466f508944c54f001624ffabae8,,2017,6,1,0,needs_review
UNGA72_General_Debate_2017_statements/UNGA72_General_Debate_2017/eswatini__sz_en.pdf,516694,07367fa13507bb2ff734a54a4b978f864248820023b2b8e9d5ef674e71c4252c,,2017,7,0,0,extracted
UNGA72_General_Debate_2017_statements/UNGA72_General_Debate_2017/ethiopia__et_en.pdf,610572,dcd75ed4ed74e62e8b18f9b6d6b939afd5ff17f0bff6b6517186ca13cbd82b62,,2017,7,0,0,extracted
UNGA72_General_Debate_2017_statements/UNGA72_General_Debate_2017/european-union__eu_en.pdf,226633,96e104bc97e4b061c908c912354664b2a513b35ba0b5efc566c7cc23fc36366f,,2017,5,0,0,extracted
UNGA72_General_Debate_2017_statements/UNGA72_General_Debate_2017/fiji__fj_en.pdf,901453,094e543c86668896cac10049c1d1a85dd196035ceecfc3b2f1d3ebde221e6fc4,,2017,22,0,0,extracted
UNGA72_General_Debate_2017_statements/UNGA72_General_Debate_2017/finland__fi_en.pdf,346581,9fbb6774ee35297b757e9229ae05effe6d6abde3625673854425301877e304ac,,2017,5,0,0,extracted
UNGA72_General_Debate_2017_statements/UNGA72_General_Debate_2017/france__fr_en.pdf,223452,aa1bfe6e4d3908c80e264d9a3ba823baaaf0a501d7b28e2635ca80a232f7ba6b,,2017,8,0,0,extracted
UNGA72_General_Debate_2017_statements/UNGA72_General_Debate_2017/france__fr_fr.pdf,260749,aa8e658c4e8daf34489729353466aedf5de4f081e58f0a63c49e6dc73cb28be4,,2017,8,0,0,extracted
UNGA72_General_Debate_2017_statements/UNGA72_General_Debate_2017/gabon__ga_fr.pdf,768367,d2c19ebb3dff96384f2eab1b0efce18027cba7014de890f3fca215083954e91d,,2017,10,0,0,extracted
UNGA72_General_Debate_2017_statements/UNGA72_General_Debate_2017/gambia-republic__ga_en.pdf,507762,3e373c733688a21db6f2421765228f46f1c05f3516be2daaad9e3d7f78133508,,2017,6,0,0,extracted
UNGA72_General_Debate_2017_statements/UNGA72_General_Debate_2017/georgia__ge_en.pdf,589915,03640875a57b44e7083312b3c26488c934075fc361943b3bfde779b284487c80,,2017,15,0,0,extracted
UNGA72_General_Debate_2017_statements/UNGA72_General_Debate_2017/germany__de_en.pdf,504332,3f61a609e0cfbde687c99f072c811a043f232086456700950069d0432454305a,,2017,13,2,0,needs_review
UNGA72_General_Debate_2017_statements/UNGA72_General_Debate_2017/ghana__gh_en.pdf,834522,13ae4f6330a21d2057b2a708ce09f8250cdd7c06a8cdcc01d263d0577a924dd4,,2017,6,0,0,extracted
UNGA72_General_Debate_2017_statements/UNGA72_General_Debate_2017/greece__gr_en.pdf,333315,e18e2c10212a850297feb8e5dda87ea61ad1ebc25d62d0070dbdaa1d707abc47,,2017,6,0,0,extracted
UNGA72_General_Debate_2017_statements/UNGA72_General_Debate_2017/grenada__gd_en.pdf,508813,2441ed09bfff4db8db9f4cb512ad22d05d1dbd2f8e97dee8eb1c88dbe5e038ee,,2017,12,1,0,needs_review
UNGA72_General_Debate_2017_statements/UNGA72_General_Debate_2017/guatemala__gt_es.pdf,372211,fa8b64565707aa138d05741d9a2dbc77398796eea90188f6884e4566d59bc55f,,2017,8,0,0,extracted
UNGA72_General_Debate_2017_statements/UNGA72_General_Debate_2017/guinea-bissau__gw_en.pdf,629316,b7da189bcea6f57cd8301d32f52c1ff33de530412c51bd2d8268d03c46858245,,2017,10,0,0,extracted
UNGA72_General_Debate_2017_statements/UNGA72_General_Debate_2017/guinea__gn_fr.pdf,177894,1da6a35c1940958b51e55f57b06e404018fa971b0cafd30270a0b465ea972995,,2017,8,0,0,extracted
UNGA72_General_Debate_2017_statements/UNGA72_General_Debate_2017/guyana__gy_en.pdf,439785,7ee59e7b51707f13a73a4975c2f852046d4518c8e9e3427b6050184987252208,,2017,7,0,0,extracted
UNGA72_General_Debate_2017_statements/UNGA72_General_Debate_2017/haiti__ht_fr.pdf,737300,0bdb55d71d3edb7da2088dde29a92da6de073eff5c4590560902723b40efbfb3,,2017,10,0,0,extracted
UNGA72_General_Debate_2017_statements/UNGA72_General_Debate_2017/holy-see__va_en.pdf,83106,4059cff98543c9bf82481e551b81340942692b66f26d71b23ed0eca696e3614f,,2017,12,0,0,extracted
UNGA72_General_Debate_2017_statements/UNGA72_General_Debate_2017/honduras__hn_es.pdf,309926,6984315eb153c0388415aff8cc9cf576d333c4d13fbd439392f8d64a4f7803f4,,2017,5,0,0,extracted
UNGA72_General_Debate_2017_statements/UNGA72_General_Debate_2017/hungary__hu_en.pdf,104605,3b2a273c6c679f313ef64bf81696b8fec9e68096ff85f0b6e4ccecd70fc1ae05,,2017,5,0,0,extracted
UNGA72_General_Debate_2017_statements/UNGA72_General_Debate_2017/iceland__is_en.pdf,463237,416ca244fda3425c0cbb05f9ea897de8e12e5552223bfb11c20698c31fa3768a,,2017,5,0,0,extracted
UNGA72_General_Debate_2017_statements/UNGA72_General_Debate_2017/india__in_en.pdf,690218,dd28d4942c0d8f027c1d59fabbd1e57da5be03b231a341b96cfe843d8091a4f0,,2017,8,0,0,extracted
UNGA72_General_Debate_2017_statements/UNGA72_General_Debate_2017/indonesia__id_en.pdf,601725,4372f998d2437b75ede485d6ac35b394ba062768fa95480d37c14cbe8e4f39d8,,2017,10,0,0,extracted
UNGA72_General_Debate_2017_statements/UNGA72_General_Debate_2017/iran-islamic-republic__ir_en.pdf,2907052,e63442b9c45c4008abecd41ac116b3910b8dc84ffbc88a1b5fcf7ac5d3154111,,2017,6,0,0,extracted
UNGA72_General_Debate_2017_statements/UNGA72_General_Debate_2017/iraq__iq_ar.pdf,222678,16e683a3c482a1bb02b26eaffe169b91545595cd6d3a8b01973fccb90017bff5,,2017,21,0,0,extracted
UNGA72_General_Debate_2017_statements/UNGA72_General_Debate_2017/ireland__ie_en.pdf,459959,b22d7e31398100dfcdbb89d8432ee594d9644c36e18fcaace55adc5be3c699ee,,2017,9,0,0,extracted
UNGA72_General_Debate_2017_statements/UNGA72_General_Debate_2017/italy__it_en.pdf,847973,8fe4e5884e0854042cd6d56bd0645d5c559917bde85650a440e72c595abd6e05,,2017,15,0,0,extracted
UNGA72_General_Debate_2017_statements/UNGA72_General_Debate_2017/jamaica__jm_en.pdf,484440,c0dee2212ee7025d00d8eed8db51d457d00fae450416fd069b74a39edf12e88a,,2017,7,0,0,extracted
UNGA72_General_Debate_2017_statements/UNGA72_General_Debate_2017/japan__jp_en.pdf,400471,b38411ab3f6a192f864ebadc1a547fb61cedf91a5c146b7b628bd7fe35a3149a,,2017,7,0,0,extracted
UNGA72_General_Debate_2017_statements/UNGA72_General_Debate_2017/jordan__jo_ar.pdf,402179,7a383a487120c7ef7dbf2c1ad7092e80025b2a3894ca98028bcc8c12e47c0ddf,,2017,5,5,0,needs_review
UNGA72_General_Debate_2017_statements/UNGA72_General_Debate_2017/jordan__jo_en.pdf,318833,a78438228e4410eb49c56fd03f60b1516c79def7bc89b15329f729723b867828,,2017,5,0,0,extracted
UNGA72_General_Debate_2017_statements/UNGA72_General_Debate_2017/kazakhstan__kz_en.pdf,4710056,fcdac26d00a729cdad201fb9b32c5e7b979565d5d10cf404f218e29c8b7b1fe8,,2017,9,0,0,extracted
UNGA72_General_Debate_2017_statements/UNGA72_General_Debate_2017/kenya__ke_en.pdf,2853472,3f037c5f6d64861392323be038ca0f9d073e26246ce0557ec3f96007ce1c713c,,2017,6,6,0,needs_review
UNGA72_General_Debate_2017_statements/UNGA72_General_Debate_2017/kiribati__ki_en.pdf,204719,343bc39c00803fada289425df987f30036c554f1022423fcf0b410d4fac3fa5e,,2017,10,0,0,extracted
UNGA72_General_Debate_2017_statements/UNGA72_General_Debate_2017/kuwait__kw_ar.pdf,703184,2ef7a2602c9e0076f963189cb0a4b94083bb7c3a61ae6005aad6b2de3c1b792c,,2017,13,13,0,needs_review
UNGA72_General_Debate_2017_statements/UNGA72_General_Debate_2017/kuwait__kw_en.pdf,819253,5134da3f1d546bf7ecf854296b848d702bcf3067c76e3419a735c097eed3b2da,,2017,9,0,0,extracted
UNGA72_General_Debate_2017_statements/UNGA72_General_Debate_2017/kyrgyzstan__kg_ru.pdf,144949,fc51a1cb43e9ed3d46a7e0b27064a0c1db0b9b1cfd3d6c70879a1a5dc1c28bdd,,2017,13,0,0,extracted
UNGA72_General_Debate_2017_statements/UNGA72_General_Debate_2017/lao-peoples-democratic-republic__la_en.pdf,2528083,2367024ad6413806f1e338e99da24f111763da9b03e84e80ac43799869ec3173,,2017,7,7,0,needs_review
UNGA72_General_Debate_2017_statements/UNGA72_General_Debate_2017/latvia__lv_en.pdf,451127,6172c2a76d68ace5f2129d1663bceaad51204a9d690a1915b63b56d8b965c341,,2017,11,0,0,extracted
UNGA72_General_Debate_2017_statements/UNGA72_General_Debate_2017/lebanon__lb_ar.pdf,1140519,622b761c6a3e17a81aa0718396a4adcbdf799a138988b769bba473d7600036ce,,2017,6,6,0,needs_review
UNGA72_General_Debate_2017_statements/UNGA72_General_Debate_2017/lebanon__lb_en.pdf,1684610,57aee2376bdb9862c31393cc635af8f7f210a3742726aeba009923dd4502396d,,2017,5,5,0,needs_review
UNGA72_General_Debate_2017_statements/UNGA72_General_Debate_2017/lesotho__ls_en.pdf,678156,46cdbcd21bee485756b3b611c214552962871870bebbe8185e8d32d6d06d6a46,,2017,10,0,0,extracted
UNGA72_General_Debate_2017_statements/UNGA72_General_Debate_2017/liberia__lr_en.pdf,700256,e28055abf1d17509786361f48181df48f090bd2ba6ba71d069374828fa50ccb0,,2017,7,0,0,extracted
UNGA72_General_Debate_2017_statements/UNGA72_General_Debate_2017/libya__ly_ar.pdf,343620,33ba84b31010930a94bc3bf6fb5310c89e7d92e2ad54ed0f60d6ee4c2f706d8d,,2017,6,6,0,needs_review
UNGA72_General_Debate_2017_statements/UNGA72_General_Debate_2017/liechtenstein__li_en.pdf,319932,c04a5ec97fb0b2458e52dd91657553d5cd1261bfaec81ff3345587676fc0a634,,2017,6,0,0,extracted
UNGA72_General_Debate_2017_statements/UNGA72_General_Debate_2017/lithuania__lt_en.pdf,108090,0a4d30a241eae9115005285bc556db1d8511ac02fe6173154fe4c7b97341dd4d,,2017,2,0,0,extracted
UNGA72_General_Debate_2017_statements/UNGA72_General_Debate_2017/luxembourg__lu_fr.pdf,3851680,da1900a3e4497123265954d9bafa3448702b8dbd2cde8228b1a1a59cf35d3600,,2017,13,13,0,needs_review
UNGA72_General_Debate_2017_statements/UNGA72_General_Debate_2017/madagascar__mg_fr.pdf,470264,0966a687260dab051a8b94f405de933adc611ce32ded9763946815fc2d406dc5,,2017,7,0,0,extracted
UNGA72_General_Debate_2017_statements/UNGA72_General_Debate_2017/malawi__mw_en.pdf,449449,d0181f9ade5edae7e22e3292e7a524c8d37543e5c10a0d570f8aeb640a9bbaab,,2017,6,0,0,extracted
UNGA72_General_Debate_2017_statements/UNGA72_General_Debate_2017/malaysia__my_en.pdf,627193,c042d6838bd07a4f2a78319b969ced2aff4c9f157d2154621bbf594bb8369d7b,,2017,16,0,0,extracted
UNGA72_General_Debate_2017_statements/UNGA72_General_Debate_2017/maldives__mv_en.pdf,151234,22b019e8faec8e0a2c66c64206b783053c765cc121daac7e8934158f8345ffe7,,2017,8,0,0,extracted
UNGA72_General_Debate_2017_statements/UNGA72_General_Debate_2017/mali__ml_fr.pdf,575863,e3d218c78d0cc065bfc82c692538db46a29736210af58c1255195296c80078cf,,2017,9,0,0,extracted
UNGA72_General_Debate_2017_statements/UNGA72_General_Debate_2017/malta__mt_en.pdf,258475,03f4101e616c7bd416207a9f64c74bb53684683c639d6cebf5eb3a6510ba8761,,2017,4,0,0,extracted
UNGA72_General_Debate_2017_statements/UNGA72_General_Debate_2017/marshall-islands__mh_en.pdf,355527,7a0110fd1edbd8ae991c467d9f2ec798b3e5a376f9f7f138359a80e0d2b07e72,,2017,4,0,0,extracted
UNGA72_General_Debate_2017_statements/UNGA72_General_Debate_2017/mauritania__mr_ar.pdf,472499,9bccfa17f2d07b3eb65701835c4a92a3c86123e4378d7bcaea7a73e814866c49,,2017,9,1,0,needs_review
UNGA72_General_Debate_2017_statements/UNGA72_General_Debate_2017/mauritius__mu_en.pdf,597521,0d7a255903585570a470be8158099f865f23d6d3b06c25675ee72f9e7b3529b8,,2017,9,0,0,extracted
UNGA72_General_Debate_2017_statements/UNGA72_General_Debate_2017/mexico__mx_es.pdf,781693,2a9fff10a4ae09096e9a0ca7f376cba5eeac8657c42fcbc77b5158df5acf700a,,2017,9,0,0,extracted
UNGA72_General_Debate_2017_statements/UNGA72_General_Debate_2017/micronesia-federated-states__fm_en.pdf,273081,9eec659c336ada5af751656d69de6cbff7fe6845e05ae5359d341b2c11b736df,,2017,4,0,0,extracted
UNGA72_General_Debate_2017_statements/UNGA72_General_Debate_2017/monaco__mc_fr.pdf,360102,40b85bdab96785dd78b4d6450bc5775f6d648418a4f2414e415082c4015c841d,,2017,6,0,0,extracted
UNGA72_General_Debate_2017_statements/UNGA72_General_Debate_2017/mongolia__mn_en.pdf,801545,407454bd752f24be38074960c3cb54ebfc4a0ad85f5218b6c4e2e5e9c7b7b8a8,,2017,7,7,0,needs_review
UNGA72_General_Debate_2017_statements/UNGA72_General_Debate_2017/montenegro__me_en.pdf,266292,af775dcc18829177dff7a372b5311f01714874c4865409fa3e90363fee29a832,,2017,4,0,0,extracted
UNGA72_General_Debate_2017_statements/UNGA72_General_Debate_2017/morocco__ma_ar.pdf,534608,d7fb7548d593371df7467948aca59c83d9962ebcb5983848179fe48b19511de2,,2017,11,1,0,needs_review
UNGA72_General_Debate_2017_statements/UNGA72_General_Debate_2017/mozambique__mz_en.pdf,566141,240fa3594803d9a9992f3d1ea37c1b536992a19156990c801f4e92da850ab7d7,,2017,7,0,0,extracted
UNGA72_General_Debate_2017_statements/UNGA72_General_Debate_2017/myanmar__mm_en.pdf,469499,2aa192187cd141ed695f226601c233b5cacead2f59e34caa58d58ab81bcac39b,,2017,7,0,0,extracted
UNGA72_General_Debate_2017_statements/UNGA72_General_Debate_2017/namibia__na_en.pdf,482833,b0f53eaa450465997ca4b36afb18fe914bf9add22a60f9dad9075b3df7cd43be,,2017,7,0,0,extracted
UNGA72_General_Debate_2017_statements/UNGA72_General_Debate_2017/nauru__nr_en.pdf,478821,f006741f120d2eaff2dc5112377db8b8a564af1dcb37024b1b53f1b22095537f,,2017,7,0,0,extracted
UNGA72_General_Debate_2017_statements/UNGA72_General_Debate_2017/nepal__np_en.pdf,154598,e7490d5580fd3116b652055caf88289ca4a88f3c44de5e05394977f3f1c24c0c,,2017,7,0,0,extracted
UNGA72_General_Debate_2017_statements/UNGA72_General_Debate_2017/netherlands__nl_en.pdf,279942,a52dfa96e5e6d505570e90cbeda9cca88514ce889d9b21c5526d849150f2be63,,2017,6,0,0,extracted
UNGA72_General_Debate_2017_statements/UNGA72_General_Debate_2017/new-zealand__nz_en.pdf,454716,b00a8f3f4a6e7cfdffcdf7844d5c57efbfcb522cfd4b9c3162c87a8c5dc6a245,,2017,8,0,0,extracted
UNGA72_General_Debate_2017_statements/UNGA72_General_Debate_2017/nicaragua__ni_en.pdf,828871,b5b5bead6eaf21eb8cf0304e1b9fa9fa547513202ffe3090a38207fcae02cc8c,,2017,6,6,0,needs_review
UNGA72_General_Debate_2017_statements/UNGA72_General_Debate_2017/nicaragua__ni_es.pdf,902233,be831690e05c7d0a28f796c896278f68d1c22deb1014a933bd2b0c6cfe168585,,2017,7,7,0,needs_review
UNGA72_General_Debate_2017_statements/UNGA72_General_Debate_2017/niger__ne_fr.pdf,285934,128c73d373ff19aa0bf305f1909c1ea36d2536b74b8ecea1b1e1eeed61c86752,,2017,8,0,0,extracted
UNGA72_General_Debate_2017_statements/UNGA72_General_Debate_2017/nigeria__ng_en.pdf,771154,083fd55f5a889f26e9820e6e602bed95db91a83dabb589629a311fbc51917bd7,,2017,22,0,0,extracted
UNGA72_General_Debate_2017_statements/UNGA72_General_Debate_2017/norway__no_en.pdf,426722,a4a95c954150c96aebb92e401612068235ed0650afef1560fcc212a0e26f6106,,2017,8,0,0,extracted
UNGA72_General_Debate_2017_statements/UNGA72_General_Debate_2017/oman__om_ar.pdf,381761,fb1ed0b809afd076fdd0c985dc73d1cb45718dc90ddf777eb2696c5d5bd55be5,,2017,7,0,0,extracted
UNGA72_General_Debate_2017_statements/UNGA72_General_Debate_2017/oman__om_en.pdf,519428,76c00a51f19880a739ab7c116ce061ae1f90a3e79763c3a136e3a0a9c09e3ff0,,2017,6,0,0,extracted
UNGA72_General_Debate_2017_statements/UNGA72_General_Debate_2017/pakistan__pk_en.pdf,96082,5c03d8d40899b4ddda93ea0b275872aa49c97bb1d63193023c75e6547070cafd,,2017,6,0,0,extracted
UNGA72_General_Debate_2017_statements/UNGA72_General_Debate_2017/palau__pw_en.pdf,701681,57a4d170bbe1c0c8a8bb667a3ad6dc56fad35a8119ffc6585e35d6387f23b8b1,,2017,4,0,0,extracted
UNGA72_General_Debate_2017_statements/UNGA72_General_Debate_2017/palestine-state__ps_ar.pdf,1226823,d55f57c4f9cbc64315bb8663c985e1d856c9afb9cc8fd34c6c8c32afc05db9f1,,2017,8,8,0,needs_review
UNGA72_General_Debate_2017_statements/UNGA72_General_Debate_2017/palestine-state__ps_en.pdf,1368359,0d6a1e890975588edd1e08e8a88824e61404272fff654eeed7627005facb06f1,,2017,7,7,0,needs_review
UNGA72_General_Debate_2017_statements/UNGA72_General_Debate_2017/panama__pa_es.pdf,124305,46635ae0a676efa1192fd40e488150569c65ef7cb36c2415127ad8db1d970f15,,2017,19,0,0,extracted
UNGA72_General_Debate_2017_statements/UNGA72_General_Debate_2017/papua-new-guinea__pg_en.pdf,204243,1cce3644696230bc16378175831a62c076af7c60223d8ed8b7f7b228413935ab,,2017,6,0,0,extracted
UNGA72_General_Debate_2017_statements/UNGA72_General_Debate_2017/paraguay__py_en.pdf,224974,8ad732910eea2bec9b7416a91fce1f30048e82adfe10c6f7f048808e0e6775a6,,2017,5,0,0,extracted
UNGA72_General_Debate_2017_statements/UNGA72_General_Debate_2017/paraguay__py_es.pdf,464998,c7fb07a8c5c66ea286ce652453965464063e9c8d87f18d0c6d06cec816625bf9,,2017,5,0,0,extracted
UNGA72_General_Debate_2017_statements/UNGA72_General_Debate_2017/peru__pe_es.pdf,366773,e948949c16266ba04647dd0e8b387118d22bd75825e546c3dbff46fb19f5fc80,,2017,5,0,0,extracted
UNGA72_General_Debate_2017_statements/UNGA72_General_Debate_2017/philippines__ph_en.pdf,208014,c733f3c574714c28b0dcccb043c7434a488cd6f9c7b3a50c0bd418d2acc41ea0,,2017,15,0,0,extracted
UNGA72_General_Debate_2017_statements/UNGA72_General_Debate_2017/poland__pl_en.pdf,522237,41758b2d0182661aa2f74eb29e43e3592afae647cacf488b8e12c4f969541282,,2017,6,0,0,extracted
UNGA72_General_Debate_2017_statements/UNGA72_General_Debate_2017/portugal__pt_en.pdf,299229,a43e24ea975a8834c2e1c6aa6dfe6c46c44f63cd90efed04a466d6bd61bab79c,,2017,6,1,0,needs_review
UNGA72_General_Debate_2017_statements/UNGA72_General_Debate_2017/president-general-assembly-closing__pgaclosing_en.pdf,60791,03f2732d1e75bcc92996fc74c08191c7f0cff2b4cb3f9981330c90076e8f882d,,2017,4,0,0,extracted
UNGA72_General_Debate_2017_statements/UNGA72_General_Debate_2017/president-general-assembly-opening__pgaopening_en.pdf,94407,0e5eab111a0fc71d87bb0aa66ffb1e54c8276edc418f0ea45cc254ec000ca1a7,,2017,4,0,0,extracted
UNGA72_General_Debate_2017_statements/UNGA72_General_Debate_2017/qatar__qa_ar.pdf,1536193,084df32c078e2a252300f6cdfc6fe9187528384bfa09e0176fc092f16c06638f,,2017,11,11,0,needs_review
UNGA72_General_Debate_2017_statements/UNGA72_General_Debate_2017/qatar__qa_en.pdf,1324986,baf85f04721158ea610afd48a77463ae2397e60ddeca4e582dff128b1e04e1c1,,2017,8,8,0,needs_review
UNGA72_General_Debate_2017_statements/UNGA72_General_Debate_2017/republic-korea__kr_en.pdf,573528,7fa8e4597cc2f21ad8eca1ab9ba4397c178c44f30b3abcddcfc791099aee6288,,2017,7,0,0,extracted
UNGA72_General_Debate_2017_statements/UNGA72_General_Debate_2017/republic-moldova__md_en.pdf,350206,4feb52ccfb3ca1055e0ab15066eb0d0fff743f6751915df04c970ec12477087e,,2017,6,0,0,extracted
UNGA72_General_Debate_2017_statements/UNGA72_General_Debate_2017/republic-north-macedonia__mk_en.pdf,750587,2cbbba7b5bb533ea91f538621181d48f3f60b756384fc09e58fa35af363d231d,,2017,5,5,0,needs_review
UNGA72_General_Debate_2017_statements/UNGA72_General_Debate_2017/romania__ro_en.pdf,261546,7f64b07e5e737093d1e3f13a53a5c34514b0f8f14b65cf2b1508344ebeaab0ad,,2017,6,0,0,extracted
UNGA72_General_Debate_2017_statements/UNGA72_General_Debate_2017/russian-federation__ru_en.pdf,263049,886ba3a72b98782a1793c409c491b71f61caf04efba286828be47cf686086409,,2017,7,0,0,extracted
UNGA72_General_Debate_2017_statements/UNGA72_General_Debate_2017/rwanda__rw_en.pdf,62512,a79af74d874da4f87cfb6af4a9bdab7bff41d36d2437fbd51361917589f75634,,2017,5,0,0,extracted
UNGA72_General_Debate_2017_statements/UNGA72_General_Debate_2017/saint-kitts-and-nevis__kn_en.pdf,434791,c7cdbde69c21184fa34ab448f3d908d60981dd91edabfecca3f40d62b4b05e0a,,2017,6,0,0,extracted
UNGA72_General_Debate_2017_statements/UNGA72_General_Debate_2017/saint-lucia__lc_en.pdf,394328,8d327861b4da9aff60979754f7bc09d5e69c17aa8145e7c0af6e8045f98e4e90,,2017,7,0,0,extracted
UNGA72_General_Debate_2017_statements/UNGA72_General_Debate_2017/saint-vincent-and-grenadines__vc_en.pdf,395428,294ad309f0cf56aebb52056773c78575108b1a28c7e57656ff475ffb023a7cd7,,2017,7,0,0,extracted
UNGA72_General_Debate_2017_statements/UNGA72_General_Debate_2017/samoa__ws_en.pdf,580540,07824ebfafdf4c7265577d66f7a62bcbf6fc9615457a2697bc127c70850dc4e4,,2017,10,0,0,extracted
UNGA72_General_Debate_2017_statements/UNGA72_General_Debate_2017/san-marino__sm_en.pdf,466090,ddd76fcb74bc3aa6d963264e7174285cac2a86c7f9063272b67394521d362906,,2017,8,0,0,extracted
UNGA72_General_Debate_2017_statements/UNGA72_General_Debate_2017/sao-tome-and-principe__st_en.pdf,422862,0f6ac72bd779523e52ddf4b3bccff004cb7130e642fed6309551dda627365a8c,,2017,7,0,0,extracted
UNGA72_General_Debate_2017_statements/UNGA72_General_Debate_2017/saudi-arabia__sa_ar.pdf,301877,904a4b21c8ae6ca9d32aabc2993c1e66b4dca101f809a3fcd1b6303b2161204f,,2017,8,0,0,extracted
UNGA72_General_Debate_2017_statements/UNGA72_General_Debate_2017/secretary-general-united-nations__unsg_ar.pdf,164939,262ec0749d4069ff12f0a721a71d1d94f4c5418148dd7581dc9f883a67c16199,,2017,10,0,0,extracted
UNGA72_General_Debate_2017_statements/UNGA72_General_Debate_2017/secretary-general-united-nations__unsg_en.pdf,122709,1a53563c6b2b23714ddddc3fd4fd9a60fb38af25599a6028d596901084bd2dd2,,2017,32,0,0,extracted
UNGA72_General_Debate_2017_statements/UNGA72_General_Debate_2017/secretary-general-united-nations__unsg_en_fr_es.pdf,110668,23114fed54f34f1f4a974cad626f72c81a635b741b12c6d7dc4443649c8ee6c8,,2017,8,0,0,extracted
UNGA72_General_Debate_2017_statements/UNGA72_General_Debate_2017/secretary-general-united-nations__unsg_es.pdf,202391,20563e380a218d35a9f3955ebf6877c41b61743c953a54480cc380391f3116f2,,2017,9,0,0,extracted
UNGA72_General_Debate_2017_statements/UNGA72_General_Debate_2017/secretary-general-united-nations__unsg_fr.pdf,214769,2a0ba49a6d847b2b0eecfd7193d98aa99336c97aa8e0e7c3faf775f87d0948cc,,2017,8,0,0,extracted
UNGA72_General_Debate_2017_statements/UNGA72_General_Debate_2017/secretary-general-united-nations__unsg_ru.pdf,236889,32b1d606a6f078677f715928ff0fe1d8dce9a59a8580713b8e75b83a3cc9d56a,,2017,9,0,0,extracted
UNGA72_General_Debate_2017_statements/UNGA72_General_Debate_2017/secretary-general-united-nations__unsg_zh.pdf,344178,1b92e07a0a117cb45c1b4fe4ea12da66c417444606e3fdd9a5176d211ac69054,,2017,7,0,0,extracted
UNGA72_General_Debate_2017_statements/UNGA72_General_Debate_2017/senegal__sn_fr.pdf,280227,bc8d636da275f56f191aaca17931227abea16c61de406173541c5b6e28a257d4,,2017,7,0,0,extracted
UNGA72_General_Debate_2017_statements/UNGA72_General_Debate_2017/serbia__rs_en.pdf,435389,1ef5f7e7cbb1e6af15a31a8907f46a4f811f6bb4f6e4fbfcd15a0b2d197c8d4e,,2017,5,0,0,extracted
UNGA72_General_Debate_2017_statements/UNGA72_General_Debate_2017/seychelles__sc_en.pdf,245820,ecae30ff67384f3504f361778eed435e243bec3e3d2f5a41b36d753e2cd6dc52,,2017,5,0,0,extracted
UNGA72_General_Debate_2017_statements/UNGA72_General_Debate_2017/sierra-leone__sl_en.pdf,830511,b9fcdc5cba67ae1d2790f9a17aa2f8db974e0de0344a93c88f698510304c5778,,2017,7,0,0,extracted
UNGA72_General_Debate_2017_statements/UNGA72_General_Debate_2017/singapore__sg_en.pdf,475219,02450263209c5a46c5fdf1187d4e24b3c58b4af26bd3842e963c9f62ff99a99f,,2017,11,0,0,extracted
UNGA72_General_Debate_2017_statements/UNGA72_General_Debate_2017/slovakia__sk_en.pdf,338293,cd54084151aebd31e576e6820723031b0db6d3f501a434d6727f5781d52e1b7a,,2017,6,0,0,extracted
UNGA72_General_Debate_2017_statements/UNGA72_General_Debate_2017/slovenia__si_en.pdf,350883,41506449aea2941810f582f9737817b4eccb9edef6965a5f602993b4daa0564b,,2017,8,0,0,extracted
UNGA72_General_Debate_2017_statements/UNGA72_General_Debate_2017/solomon-islands__sb_en.pdf,573988,daf0b7a860886f8fc9e66bef0aa9fefe5d738267833347add2ce8935504bb26d,,2017,14,0,0,extracted
UNGA72_General_Debate_2017_statements/UNGA72_General_Debate_2017/somalia__so_en.pdf,634388,d5eb91b02d42a865584761d2ca0ce96067ab2f0b6bc25eef29abf8d9f501cb25,,2017,12,0,0,extracted
UNGA72_General_Debate_2017_statements/UNGA72_General_Debate_2017/south-africa__za_en.pdf,234133,6ec63611a004f82f7792a9f3130f1d109552a8e1fb0ba25b05e7d184591ce96f,,2017,9,0,0,extracted
UNGA72_General_Debate_2017_statements/UNGA72_General_Debate_2017/south-sudan__ss_en.pdf,1329504,6fb22d53044f469000aa8cf8e0d214fd40d9497850b4b950f518d22f37c3040d,,2017,16,0,0,extracted
UNGA72_General_Debate_2017_statements/UNGA72_General_Debate_2017/spain__es_en.pdf,3199912,fd4133064e0fd9a7f1283aabd18720dd00926ec3bcaf5219bd64f37d580116e7,,2017,6,0,0,extracted
UNGA72_General_Debate_2017_statements/UNGA72_General_Debate_2017/spain__es_es.pdf,3352292,409d2d2ce6e8047ed5012aad391ca957d0456722f14e01cc1ff768781794bd45,,2017,6,0,0,extracted
UNGA72_General_Debate_2017_statements/UNGA72_General_Debate_2017/sudan__sd_ar.pdf,445142,4c83da46981e2cd6a8b08632a2c81b4f8cc3e9f61322014419b1da4666e41a8d,,2017,9,7,0,needs_review
UNGA72_General_Debate_2017_statements/UNGA72_General_Debate_2017/suriname__sr_en.pdf,191746,aebeefb9dcac9e36aed487bbff9b95c9befeada52a4a478ad214fc7eec1618b8,,2017,8,0,0,extracted
UNGA72_General_Debate_2017_statements/UNGA72_General_Debate_2017/sweden__se_en.pdf,137975,49ad367a9f3b07367acf6698a7f730e9fbcb0f0d0813bd9ad5868a1da0741189,,2017,9,0,0,extracted
UNGA72_General_Debate_2017_statements/UNGA72_General_Debate_2017/switzerland__ch_en.pdf,382352,f607c36f6b349271222e719a00cbc3e2b90d55c3c0b6de7fbda9aa01a35067ca,,2017,3,0,0,extracted
UNGA72_General_Debate_2017_statements/UNGA72_General_Debate_2017/syrian-arab-republic__sy_ar.pdf,504969,9e0765d8a3a111dcd87e9f1d2132337f861e1637d7f4c26b190f8bfda3c4da7c,,2017,9,0,0,extracted
UNGA72_General_Debate_2017_statements/UNGA72_General_Debate_2017/syrian-arab-republic__sy_en.pdf,643286,0f759e0d5aa5af1de854bbe588e1ba48d9c5b90d3f9c2e4f5e991f1fa367d238,,2017,9,0,0,extracted
UNGA72_General_Debate_2017_statements/UNGA72_General_Debate_2017/tajikistan__tj_en.pdf,597759,7000b89e14adb35e18b653a12ba2fc846d24f130ac09c4194b215b9379351973,,2017,6,0,0,extracted
UNGA72_General_Debate_2017_statements/UNGA72_General_Debate_2017/thailand__th_en.pdf,298228,63ee8d45b6d2f965293a067667e151df59fb055ff2f6dc27ff9f056ca5d26b1c,,2017,4,0,0,extracted
UNGA72_General_Debate_2017_statements/UNGA72_General_Debate_2017/timor-leste__tl_en.pdf,625806,1e75984a6e6d1779d388b9d268de1d4ccc0b8e8cd3f755af6ad8a16c80b708d4,,2017,9,0,0,extracted
UNGA72_General_Debate_2017_statements/UNGA72_General_Debate_2017/togo__tg_fr.pdf,2712486,d8a420347d28d1cea8bfe4ad86200ece17e3f07db102ec49d8e0c97cf9e7562c,,2017,6,6,0,needs_review
UNGA72_General_Debate_2017_statements/UNGA72_General_Debate_2017/tonga__to_en.pdf,343504,7a68b36aa84d71cd6a0a2c8411983797bc53a3dd20f685470bf0d98c84618814,,2017,7,0,0,extracted
UNGA72_General_Debate_2017_statements/UNGA72_General_Debate_2017/trinidad-and-tobago__tt_en.pdf,608510,16f3ee983466cab7bb844d05ff6991db2182d998cf3f863a67c9e2e0d6c132d4,,2017,6,0,0,extracted
UNGA72_General_Debate_2017_statements/UNGA72_General_Debate_2017/tunisia__tn_ar_25.pdf,565768,018d75a7d00ffdef1009abe17fe6bfffb7dfdda0c0598074e079bb4fac8886f5,,2017,13,0,0,extracted
UNGA72_General_Debate_2017_statements/UNGA72_General_Debate_2017/turkiye__tr_en.pdf,472981,f2d41feed01129b77e02110a1834e635864c41e70d812bfeb8f427e6f9c902da,,2017,9,0,0,extracted
UNGA72_General_Debate_2017_statements/UNGA72_General_Debate_2017/turkmenistan__tm_ru.pdf,264892,e4a8e083ba84580054dfcb0d3af1ff00d98cc9eecdb84e8cce7c9ea42710f85b,,2017,9,0,0,extracted
UNGA72_General_Debate_2017_statements/UNGA72_General_Debate_2017/tuvalu__tv_en.pdf,611547,d76531c7b71c5bc4e2f9d963ca23c49e7fabdaabf8f0092d43c4a6bf167a90a9,,2017,7,0,0,extracted
UNGA72_General_Debate_2017_statements/UNGA72_General_Debate_2017/uganda__ug_en.pdf,215262,7761ed12c531ec7a9bd2766fdc564e9b5a2b964ec0deee75a762f04620792f6b,,2017,4,0,0,extracted
UNGA72_General_Debate_2017_statements/UNGA72_General_Debate_2017/ukraine__ua_en.pdf,307279,465276e3d5ae36e89a8834f7f095fe2891939a105276b4246ac87b8d860bc143,,2017,10,0,0,extracted
UNGA72_General_Debate_2017_statements/UNGA72_General_Debate_2017/united-arab-emirates__ae_ar.pdf,356031,ea16cc46d697150df0c37dcccb6a60f850206c53a11e0656cf6b22d13d25e85f,,2017,7,5,0,needs_review
UNGA72_General_Debate_2017_statements/UNGA72_General_Debate_2017/united-arab-emirates__ae_en.pdf,460368,78b9e2db2171b329903dab81506b9d034c30424f85e3d68436460122fcfddc8f,,2017,6,0,0,extracted
UNGA72_General_Debate_2017_statements/UNGA72_General_Debate_2017/united-kingdom-great-britain-and-northern-ireland__gb_ar.pdf,196221,35c0de2c07421b536c7bdf9bc6b7db16567b81515aa227f748933494cd928e38,,2017,8,0,0,extracted
UNGA72_General_Debate_2017_statements/UNGA72_General_Debate_2017/united-kingdom-great-britain-and-northern-ireland__gb_en.pdf,99282,3083d314e513c1909817ef9a30f3f4bbb34f2e23798e0bbe575108d01dd09e8e,,2017,9,0,0,extracted
UNGA72_General_Debate_2017_statements/UNGA72_General_Debate_2017/united-republic-tanzania__tz_en.pdf,753770,13698fdae6a25aa22b9229ecb6db473f55067f185e85c39a62677ad68055ed2a,,2017,9,0,0,extracted
UNGA72_General_Debate_2017_statements/UNGA72_General_Debate_2017/united-states-america__us_en.pdf,107302,43e6caf890bb34661450aa208354dc6557ab2e0eb4b288b065251032a0f28614,,2017,11,0,0,extracted
UNGA72_General_Debate_2017_statements/UNGA72_General_Debate_2017/uruguay__uy_es.pdf,424478,80bd0af7d65b4d32df6f3c182c1dc4a91e1476b4c3a616cfd4b6b12cbd6cbb20,,2017,17,0,0,extracted
UNGA72_General_Debate_2017_statements/UNGA72_General_Debate_2017/uzbekistan__uz_en.pdf,697162,2c93ea68b5290fb574c29092cd461931af3aec98e66c336b8fab50fb38aa2910,,2017,6,0,0,extracted
UNGA72_General_Debate_2017_statements/UNGA72_General_Debate_2017/vanuatu__vu_fr.pdf,627960,fbca71281a86ba5882fd70815e0f87b9c57e2bc148d79261bb46f3ecdddd1db1,,2017,12,0,0,extracted
UNGA72_General_Debate_2017_statements/UNGA72_General_Debate_2017/venezuela-bolivarian-republic__ve_es.pdf,1008268,147553569217e9d0ed92922ad82e170d5999c47d560bec0a2214c2fbd96daba3,,2017,16,0,0,extracted
UNGA72_General_Debate_2017_statements/UNGA72_General_Debate_2017/viet-nam__vn_en.pdf,317169,e4168d5928c94995d326a3f65ee1992defc0249489afe8f905dee22d9074e1e8,,2017,4,0,0,extracted
UNGA72_General_Debate_2017_statements/UNGA72_General_Debate_2017/yemen__ye_ar.pdf,299941,5eb6763ede3399e0f8a410f9248025a64c83ba777b3a9ec2dc935f5e027c8a12,,2017,7,7,0,needs_review
UNGA72_General_Debate_2017_statements/UNGA72_General_Debate_2017/zambia__zm_en.pdf,447875,1ce84d1240dfbae40189671f524ec8b61c47e0ff7152c36befbbdffe5e7dd481,,2017,7,0,0,extracted
UNGA72_General_Debate_2017_statements/UNGA72_General_Debate_2017/zimbabwe__zw_en.pdf,237994,00a7c5399e3d79fd27c8c434fe913cb0daf5a56173e097e8e8284d463f8fc233,,2017,4,0,0,extracted
UNGA73_General_Debate_2018_statements/UNGA73_General_Debate_2018/afghanistan__af_en.pdf,3438880,9eadb7bcc60438b0fdb7ee9970582a72cc484bccb9e9e456069eb4536acb5e66,UNGA72_General_Debate_2017_statements/UNGA72_General_Debate_2017/afghanistan__af_en.pdf,2018,7,0,0,extracted
UNGA73_General_Debate_2018_statements/UNGA73_General_Debate_2018/albania__al_en.pdf,339951,a073a1a1f703a6aac608ef0399566e44dda9c022fbcb51979b8448402ba68a51,UNGA72_General_Debate_2017_statements/UNGA72_General_Debate_2017/albania__al_en.pdf,2018,5,0,0,extracted
UNGA73_General_Debate_2018_statements/UNGA73_General_Debate_2018/algeria__dz_ar.pdf,340033,848f27c77dad862088319b1e0def1bb059a596a199a280737801a8735c7e28f1,UNGA72_General_Debate_2017_statements/UNGA72_General_Debate_2017/algeria__dz_ar.pdf,2018,8,7,0,needs_review
UNGA73_General_Debate_2018_statements/UNGA73_General_Debate_2018/algeria__dz_fr.pdf,515143,614d7579e4ec611302d784f488ee98db1c475b44cb3b28424be6439eec946dd5,UNGA72_General_Debate_2017_statements/UNGA72_General_Debate_2017/algeria__dz_fr.pdf,2018,7,0,0,extracted
UNGA73_General_Debate_2018_statements/UNGA73_General_Debate_2018/andorra__ad_en.pdf,605246,93997f187d84ae6c80486582a21c2d66697cc67d2a248076791cce2a22915b1a,,2018,8,0,0,extracted
UNGA73_General_Debate_2018_statements/UNGA73_General_Debate_2018/andorra__ad_es.pdf,786962,b2aaeaa365b1e2871f4be5cd0ae6f2684224d7e12dcb90ff4cc55d0a61a4a160,UNGA72_General_Debate_2017_statements/UNGA72_General_Debate_2017/andorra__ad_es.pdf,2018,9,0,0,extracted
UNGA73_General_Debate_2018_statements/UNGA73_General_Debate_2018/andorra__ad_fr.pdf,637097,ae2aeafaa177e614d55b17edddb342c5dccdddb16b1ba71fdd6f72dea1d65de4,,2018,8,0,0,extracted
UNGA73_General_Debate_2018_statements/UNGA73_General_Debate_2018/angola__ao_en.pdf,777725,e30400b24bde8f2c360fc11e977667b2d126857e2fe923144b2e94248090dbe4,UNGA72_General_Debate_2017_statements/UNGA72_General_Debate_2017/angola__ao_en.pdf,2018,6,0,0,extracted
UNGA73_General_Debate_2018_statements/UNGA73_General_Debate_2018/antigua-and-barbuda__ag_en.pdf,578219,50976f4c30e63bfa053445e5283b6ced47621e08026984a0fd629c4721961be9,UNGA72_General_Debate_2017_statements/UNGA72_General_Debate_2017/antigua-and-barbuda__ag_en.pdf,2018,12,0,0,extracted
UNGA73_General_Debate_2018_statements/UNGA73_General_Debate_2018/argentina__ar_es.pdf,251561,9fe64529b727bf91b7173d01e8d095c99d3758776cc2c3f085ca8863aa1ebee3,UNGA72_General_Debate_2017_statements/UNGA72_General_Debate_2017/argentina__ar_es.pdf,2018,4,0,0,extracted
UNGA73_General_Debate_2018_statements/UNGA73_General_Debate_2018/armenia__am_en.pdf,312964,3b261d0e92113a07348f2070c9923d58ba02013cc48cd919c9f916c620cbe62b,UNGA72_General_Debate_2017_statements/UNGA72_General_Debate_2017/armenia__am_en.pdf,2018,5,0,0,extracted
UNGA73_General_Debate_2018_statements/UNGA73_General_Debate_2018/australia__au_en.pdf,357295,bf99ab9066d2a3af58b3d89cbbbf1218231e4872e73e92f6023318b9ae082d23,UNGA72_General_Debate_2017_statements/UNGA72_General_Debate_2017/australia__au_en.pdf,2018,10,0,0,extracted
UNGA73_General_Debate_2018_statements/UNGA73_General_Debate_2018/austria__at_fl.pdf,327286,96a299c9759c09d9b9efb6e06c29cd9a693a3334e6d35554ef85d43712c62e5f,,2018,8,0,0,extracted
UNGA73_General_Debate_2018_statements/UNGA73_General_Debate_2018/azerbaijan__az_en.pdf,197254,7788c7ee73fb33cbfbb335883fb125f09ba23e86634476b74b951fbc959535e8,UNGA72_General_Debate_2017_statements/UNGA72_General_Debate_2017/azerbaijan__az_en.pdf,2018,5,0,0,extracted
UNGA73_General_Debate_2018_statements/UNGA73_General_Debate_2018/bahamas__bs_en.pdf,385016,346545eda902b11dd525c513cf6617c519ec365c342357b88e530770e758ad3b,UNGA72_General_Debate_2017_statements/UNGA72_General_Debate_2017/bahamas__bs_en.pdf,2018,8,0,0,extracted
UNGA73_General_Debate_2018_statements/UNGA73_General_Debate_2018/bahrain__bh_ar.pdf,2306142,25b85ece8bf1647bb2fb06da08853baf223d0b3d1fa411a58efbaf6edabe1543,UNGA72_General_Debate_2017_statements/UNGA72_General_Debate_2017/bahrain__bh_ar.pdf,2018,13,13,0,needs_review
UNGA73_General_Debate_2018_statements/UNGA73_General_Debate_2018/bahrain__bh_en.pdf,1509803,f3a83b0502975b363e3924a1e2d99b82b4a169f6406fc4b1bfc7dbd53c8f8e80,UNGA72_General_Debate_2017_statements/UNGA72_General_Debate_2017/bahrain__bh_en.pdf,2018,9,9,0,needs_review
UNGA73_General_Debate_2018_statements/UNGA73_General_Debate_2018/bangladesh__bd_en.pdf,242198,257afd2d2a0ea53818aaa87925efbfd9e1f75a84fb9c90fefd77c1fc95bd3a5b,UNGA72_General_Debate_2017_statements/UNGA72_General_Debate_2017/bangladesh__bd_en.pdf,2018,5,0,0,extracted
UNGA73_General_Debate_2018_statements/UNGA73_General_Debate_2018/barbados__bb_en.pdf,560912,45537da53320d4e22d8be61f997155496750716a874fb679b187570b23abc1f8,UNGA72_General_Debate_2017_statements/UNGA72_General_Debate_2017/barbados__bb_en.pdf,2018,13,0,0,extracted
UNGA73_General_Debate_2018_statements/UNGA73_General_Debate_2018/belarus__by_en.pdf,136118,959d44e7f83ab6787abdc7e9f0627f909d8d7d06b9008de90f04d75a69154587,UNGA72_General_Debate_2017_statements/UNGA72_General_Debate_2017/belarus__by_en.pdf,2018,4,0,0,extracted
UNGA73_General_Debate_2018_statements/UNGA73_General_Debate_2018/belarus__by_ru.pdf,691802,26b4a39f88a927bac0c87f5958f93058124ce4ff55259ff76d58a1e3f84266ec,,2018,4,0,0,extracted
UNGA73_General_Debate_2018_statements/UNGA73_General_Debate_2018/belgium__be_fr.pdf,719169,ba171a1e3223f35c8b7dd2a027af8c4b8a888d4305815bd8c26efc328032aad7,UNGA72_General_Debate_2017_statements/UNGA72_General_Debate_2017/belgium__be_fr.pdf,2018,17,0,0,extracted
UNGA73_General_Debate_2018_statements/UNGA73_General_Debate_2018/belize__bz_en.pdf,448169,6977c24164c05b4f618ee9504084356617c99acf409085efc6bd9087aab549b1,UNGA72_General_Debate_2017_statements/UNGA72_General_Debate_2017/belize__bz_en.pdf,2018,10,0,0,extracted
UNGA73_General_Debate_2018_statements/UNGA73_General_Debate_2018/benin__bj_fr.pdf,254992,0b002a1aba903764c683d95b2c0c7b644c1286d664f4c613ebcf972a36180191,UNGA72_General_Debate_2017_statements/UNGA72_General_Debate_2017/benin__bj_fr.pdf,2018,5,0,0,extracted
UNGA73_General_Debate_2018_statements/UNGA73_General_Debate_2018/bhutan__bt_en.pdf,305158,dbe6b584d74c76e9a806098c0d7ffa4f69e4bfa4e8ffb0322c5a43a37b4de6e4,UNGA72_General_Debate_2017_statements/UNGA72_General_Debate_2017/bhutan__bt_en.pdf,2018,5,0,0,extracted
UNGA73_General_Debate_2018_statements/UNGA73_General_Debate_2018/bolivia-plurinational-state__bo_es.pdf,304924,999093d38873c1ba9c6835bdb4cfd500ba2d7fcb4ace798f1aebb151f1c4dcdd,UNGA72_General_Debate_2017_statements/UNGA72_General_Debate_2017/bolivia-plurinational-state__bo_es.pdf,2018,4,0,0,extracted
UNGA73_General_Debate_2018_statements/UNGA73_General_Debate_2018/bosnia-and-herzegovina__ba_en.pdf,594307,8596ead47c3fd6ccf482d8e7475caa68ebb4fc7bd1a862736488ebe1eff88fc5,UNGA72_General_Debate_2017_statements/UNGA72_General_Debate_2017/bosnia-and-herzegovina__ba_en.pdf,2018,8,0,0,extracted
UNGA73_General_Debate_2018_statements/UNGA73_General_Debate_2018/botswana__bw_en.pdf,1340370,1cd2fc23d47ee2936fda237636c37ab65b18f5243c65b4ee5ef99de67d770986,UNGA72_General_Debate_2017_statements/UNGA72_General_Debate_2017/botswana__bw_en.pdf,2018,13,0,0,extracted
UNGA73_General_Debate_2018_statements/UNGA73_General_Debate_2018/brazil__br_en.pdf,328923,a9480ce45af65da991e3b90aaa327b73934423f7802c8e12ebd09d3abb6a7038,UNGA72_General_Debate_2017_statements/UNGA72_General_Debate_2017/brazil__br_en.pdf,2018,6,0,0,extracted
UNGA73_General_Debate_2018_statements/UNGA73_General_Debate_2018/brunei-darussalam__bn_en.pdf,409671,258e13191e3ec78aa275a90c9abdc291dafd4ecf17ca53636dac7ee84ecf0008,UNGA72_General_Debate_2017_statements/UNGA72_General_Debate_2017/brunei-darussalam__bn_en.pdf,2018,5,0,0,extracted
UNGA73_General_Debate_2018_statements/UNGA73_General_Debate_2018/bulgaria__bg_en.pdf,502559,b694116c9c99c8652a9c8dcc36b597733a1cfb10870f6971f33fa00209380db3,UNGA72_General_Debate_2017_statements/UNGA72_General_Debate_2017/bulgaria__bg_en.pdf,2018,6,0,0,extracted
UNGA73_General_Debate_2018_statements/UNGA73_General_Debate_2018/burkina-faso__bf_fr.pdf,433153,53f46e15de7daf08e5b9c63e5d34ab17fcdb6993c17875f15186a38a6c1375c0,UNGA72_General_Debate_2017_statements/UNGA72_General_Debate_2017/burkina-faso__bf_fr.pdf,2018,7,0,0,extracted
UNGA73_General_Debate_2018_statements/UNGA73_General_Debate_2018/burundi__bi_fr.pdf,354928,53569e542af45b4c30c0c1989a2d8fa41c9b380abe13252f9076d0a5cd56040b,UNGA72_General_Debate_2017_statements/UNGA72_General_Debate_2017/burundi__bi_fr.pdf,2018,4,0,0,extracted
UNGA73_General_Debate_2018_statements/UNGA73_General_Debate_2018/cabo-verde__cv_en.pdf,392636,f19c6fefdc741c0be5da185d6ee787e0414be707b1bdda18edd6273703f1b127,UNGA72_General_Debate_2017_statements/UNGA72_General_Debate_2017/cabo-verde__cv_en.pdf,2018,11,0,0,extracted
UNGA73_General_Debate_2018_statements/UNGA73_General_Debate_2018/cabo-verde__cv_fl.pdf,989945,b91bca0f058580e61efab87174cfbfc31dbad5c2d52c1dc794f2c1084e719d08,,2018,9,9,0,needs_review
UNGA73_General_Debate_2018_statements/UNGA73_General_Debate_2018/cambodia__kh_en.pdf,588058,bc72a74753a267dfb9cfcb5cf91ad4625ab50a01e9da85e119a2721baf60ee8a,UNGA72_General_Debate_2017_statements/UNGA72_General_Debate_2017/cambodia__kh_en.pdf,2018,7,0,0,extracted
UNGA73_General_Debate_2018_statements/UNGA73_General_Debate_2018/cameroon__cm_fr.pdf,473886,319202937f5c3b22c22118e8ef793de5cb3d3ee2b7f0437f01665c90936dfae3,UNGA72_General_Debate_2017_statements/UNGA72_General_Debate_2017/cameroon__cm_fr.pdf,2018,5,0,0,extracted
UNGA73_General_Debate_2018_statements/UNGA73_General_Debate_2018/canada__ca_en.pdf,141188,6a9516e571da0e65734a8fee74e91ce666419ffd939b48447e3a395a37f17e21,,2018,10,0,0,extracted
UNGA73_General_Debate_2018_statements/UNGA73_General_Debate_2018/canada__ca_fr.pdf,236734,78e29b150e77ccdea9cd45de95f6fe9d67dcbed0c699ad391461d9aeeb5befd1,,2018,11,0,0,extracted
UNGA73_General_Debate_2018_statements/UNGA73_General_Debate_2018/central-african-republic__cf_fr.pdf,1013758,772a3c948d6067cd4b19979efbeec2422ea4654dd80b7d6d2d10bccc6070d4fd,UNGA72_General_Debate_2017_statements/UNGA72_General_Debate_2017/central-african-republic__cf_fr.pdf,2018,14,0,0,extracted
UNGA73_General_Debate_2018_statements/UNGA73_General_Debate_2018/chad__td_fr.pdf,258976,dfc6319b92c6074604a52263e33a5d6741503392083ca5bb654c7b5db8972a25,UNGA72_General_Debate_2017_statements/UNGA72_General_Debate_2017/chad__td_fr.pdf,2018,7,0,0,extracted
UNGA73_General_Debate_2018_statements/UNGA73_General_Debate_2018/chile__cl_en.pdf,2268588,41dc74c6486a0f3554ed42d95646ac9b78a82fdf4aa57be96a673510dd9e0b36,,2018,9,9,0,needs_review
UNGA73_General_Debate_2018_statements/UNGA73_General_Debate_2018/chile__cl_es.pdf,316421,d8bef9222549b4286361a7fa978bd3aac20f457f919c0c785d00c47da406e578,UNGA72_General_Debate_2017_statements/UNGA72_General_Debate_2017/chile__cl_es.pdf,2018,11,1,0,needs_review
UNGA73_General_Debate_2018_statements/UNGA73_General_Debate_2018/china__zh_en.pdf,649394,c08a0fd87d15151d55825021aa330e767c575921e253000905c101cae79c2b99,,2018,11,0,0,extracted
UNGA73_General_Debate_2018_statements/UNGA73_General_Debate_2018/china__zh_zh.pdf,651507,e86daac8b29f6510f3d1974b4afe6ed3ae16d8e370914f046d877e8ee04f9151,UNGA72_General_Debate_2017_statements/UNGA72_General_Debate_2017/china__zh_zh.pdf,2018,13,7,0,needs_review
UNGA73_General_Debate_2018_statements/UNGA73_General_Debate_2018/colombia__co_es.pdf,84456,999821f4cab092bfe409de82bf80eb8f4994ffeadda5f2de2b1fc373a054259c,UNGA72_General_Debate_2017_statements/UNGA72_General_Debate_2017/colombia__co_es.pdf,2018,13,1,0,needs_review
UNGA73_General_Debate_2018_statements/UNGA73_General_Debate_2018/comoros__km_fr.pdf,543694,95594bf1260427d34677a6f79e9784f8b19bb3900df576e80efa87074e73b10d,UNGA72_General_Debate_2017_statements/UNGA72_General_Debate_2017/comoros__km_fr.pdf,2018,11,1,0,needs_review
UNGA73_General_Debate_2018_statements/UNGA73_General_Debate_2018/congo__cg_fr.pdf,975804,06f39a2f446c95d8588bc0a17d3ce31439fcde508e6eacaaed809d248c8469f4,,2018,9,0,0,extracted
UNGA73_General_Debate_2018_statements/UNGA73_General_Debate_2018/costa-rica__cr_es.pdf,741949,9e2fc142ee87cb4df3523ddc101f23cc7d34e615d1ce51eca3662401d7d145df,,2018,7,0,0,extracted
UNGA73_General_Debate_2018_statements/UNGA73_General_Debate_2018/cote-divoire__ci_fr.pdf,425923,cd5a0cfcf1478cf0ac300e008043accdca247206b1af36bec30f170ba6502a37,UNGA72_General_Debate_2017_statements/UNGA72_General_Debate_2017/cote-divoire__ci_fr.pdf,2018,7,0,0,extracted
UNGA73_General_Debate_2018_statements/UNGA73_General_Debate_2018/croatia__hr_en.pdf,294898,6ec6886188a4bbcee1879ec63fd44d9457a7f7523c37990d4b5f7246899b798d,UNGA72_General_Debate_2017_statements/UNGA72_General_Debate_2017/croatia__hr_en.pdf,2018,9,0,0,extracted
UNGA73_General_Debate_2018_statements/UNGA73_General_Debate_2018/cuba__cu_ar.pdf,650812,9e6e3b93edb5706e6fb9e6f1de21fc5d2b91505b2684a653c503cfe57d5388da,,2018,10,0,0,extracted
UNGA73_General_Debate_2018_statements/UNGA73_General_Debate_2018/cuba__cu_en.pdf,965147,7142c605a5c4812afd5b5b6b82895e789d28331cdfac3fa22309786dd1ab325d,UNGA72_General_Debate_2017_statements/UNGA72_General_Debate_2017/cuba__cu_en.pdf,2018,10,0,0,extracted
UNGA73_General_Debate_2018_statements/UNGA73_General_Debate_2018/cuba__cu_es.pdf,977483,90f1a6f975aebef416e972baddd320433948a10afc7db50c4364dffa043cf3d1,UNGA72_General_Debate_2017_statements/UNGA72_General_Debate_2017/cuba__cu_es.pdf,2018,12,0,0,extracted
UNGA73_General_Debate_2018_statements/UNGA73_General_Debate_2018/cuba__cu_fr.pdf,1005117,127778188b2afe317b5033306e8c9ae4f57f409a14b2ebaa24cdb97f9429e0e8,UNGA72_General_Debate_2017_statements/UNGA72_General_Debate_2017/cuba__cu_fr.pdf,2018,10,0,0,extracted
UNGA73_General_Debate_2018_statements/UNGA73_General_Debate_2018/cuba__cu_pt.pdf,615742,a1582fbd708b3624bd9754528f87f77e7f54e032680bd4fb6ead259c2f714847,,2018,8,0,0,extracted
UNGA73_General_Debate_2018_statements/UNGA73_General_Debate_2018/cyprus__cy_en.pdf,452600,cdc94c64959682b7b11e90fa5bdfcf3e3a2cb05324ad3b077d7736534a4db232,UNGA72_General_Debate_2017_statements/UNGA72_General_Debate_2017/cyprus__cy_en.pdf,2018,7,0,0,extracted
UNGA73_General_Debate_2018_statements/UNGA73_General_Debate_2018/czech-republic__cz_en.pdf,153698,a8bad0626f834afff2216e0364f99976cf70d9d5af59aa9b4b8e339b04201a32,UNGA72_General_Debate_2017_statements/UNGA72_General_Debate_2017/czech-republic__cz_en.pdf,2018,2,0,0,extracted
UNGA73_General_Debate_2018_statements/UNGA73_General_Debate_2018/democratic-peoples-republic-korea__kp_en.pdf,911064,6591da285644a88242f4e861bfa97f852329bf0cf82487345bfa11ccd2187cde,UNGA72_General_Debate_2017_statements/UNGA72_General_Debate_2017/democratic-peoples-republic-korea__kp_en.pdf,2018,8,0,0,extracted
UNGA73_General_Debate_2018_statements/UNGA73_General_Debate_2018/democratic-republic-congo__cd_fr.pdf,280474,8f073552497b0cb76305f83fb93b3344de24d03a823577d8e699cb0de23bd49b,UNGA72_General_Debate_2017_statements/UNGA72_General_Debate_2017/congo__cd_fr.pdf,2018,8,0,0,extracted
UNGA73_General_Debate_2018_statements/UNGA73_General_Debate_2018/denmark__dk_en.pdf,3491617,6720311964fc11484a352cf90d7f961062f79335f02bec41ed8af65ef7d8e452,UNGA72_General_Debate_2017_statements/UNGA72_General_Debate_2017/denmark__dk_en.pdf,2018,8,0,0,extracted
UNGA73_General_Debate_2018_statements/UNGA73_General_Debate_2018/djibouti__dj_fr.pdf,620879,3aef83b5c13f7afe89707018f77e25aa36138fc517fae4ba589d6325e6d01249,UNGA72_General_Debate_2017_statements/UNGA72_General_Debate_2017/djibouti__dj_fr.pdf,2018,11,0,0,extracted
UNGA73_General_Debate_2018_statements/UNGA73_General_Debate_2018/dominica__dm_en.pdf,469602,fe83d46972977ba679974474141d3c13ad67435ae9769f217854b6703619a2b6,UNGA72_General_Debate_2017_statements/UNGA72_General_Debate_2017/dominica__dm_en.pdf,2018,12,0,0,extracted
UNGA73_General_Debate_2018_statements/UNGA73_General_Debate_2018/dominican-republic__do_en.pdf,114350,a407923869e0ca2f61c0b668e0dcb33e3717f47bb06210834383b93d0db1ae9e,UNGA72_General_Debate_2017_statements/UNGA72_General_Debate_2017/dominican-republic__do_en.pdf,2018,5,0,0,extracted
UNGA73_General_Debate_2018_statements/UNGA73_General_Debate_2018/dominican-republic__do_es.pdf,340502,08d60711c748ca582821c8fcb57bc24465da9351149dd47b83096de7efd1d6b7,UNGA72_General_Debate_2017_statements/UNGA72_General_Debate_2017/dominican-republic__do_es.pdf,2018,5,0,0,extracted
UNGA73_General_Debate_2018_statements/UNGA73_General_Debate_2018/ecuador__ec_es.pdf,77375,a2896d035fb64286541de12730ed92b04b770ed92f01c74874e8f96b3ec626af,UNGA72_General_Debate_2017_statements/UNGA72_General_Debate_2017/ecuador__ec_es.pdf,2018,5,0,0,extracted
UNGA73_General_Debate_2018_statements/UNGA73_General_Debate_2018/egypt__eg_en.pdf,570886,946ddaab3c12515f62202f4dba6431772b7bd09c614200cde9124b9f78bab097,UNGA72_General_Debate_2017_statements/UNGA72_General_Debate_2017/egypt__eg_en.pdf,2018,8,0,0,extracted
UNGA73_General_Debate_2018_statements/UNGA73_General_Debate_2018/el-salvador__sv_es.pdf,504487,adde19c510e1699d69b477aef443cd17c2a1f4115b2614a272a5e389e61cbbb3,UNGA72_General_Debate_2017_statements/UNGA72_General_Debate_2017/el-salvador__sv_es.pdf,2018,5,0,0,extracted
UNGA73_General_Debate_2018_statements/UNGA73_General_Debate_2018/equatorial-guinea__gq_es.pdf,469767,ec81e21ab468e40df4de3a8138c322d675100b514fd1e2e8111a009fa86d3f6d,UNGA72_General_Debate_2017_statements/UNGA72_General_Debate_2017/equatorial-guinea__gq_es.pdf,2018,6,0,0,extracted
UNGA73_General_Debate_2018_statements/UNGA73_General_Debate_2018/eritrea__er_en.pdf,254680,86401a5b3b833da2ca63dd90dca6710e916b07e3f5f3698d95fed777030c28d3,UNGA72_General_Debate_2017_statements/UNGA72_General_Debate_2017/eritrea__er_en.pdf,2018,4,0,0,extracted
UNGA73_General_Debate_2018_statements/UNGA73_General_Debate_2018/estonia__ee_en.pdf,2880872,209707f3a0095150d7ae95b8c884c699d8d15466f508944c54f001624ffabae8,UNGA72_General_Debate_2017_statements/UNGA72_General_Debate_2017/estonia__ee_en.pdf,2018,6,1,0,needs_review
UNGA73_General_Debate_2018_statements/UNGA73_General_Debate_2018/eswatini__sz_en.pdf,516694,07367fa13507bb2ff734a54a4b978f864248820023b2b8e9d5ef674e71c4252c,UNGA72_General_Debate_2017_statements/UNGA72_General_Debate_2017/eswatini__sz_en.pdf,2018,7,0,0,extracted
UNGA73_General_Debate_2018_statements/UNGA73_General_Debate_2018/ethiopia__et_en.pdf,610572,dcd75ed4ed74e62e8b18f9b6d6b939afd5ff17f0bff6b6517186ca13cbd82b62,UNGA72_General_Debate_2017_statements/UNGA72_General_Debate_2017/ethiopia__et_en.pdf,2018,7,0,0,extracted
UNGA73_General_Debate_2018_statements/UNGA73_General_Debate_2018/european-union__eu_en.pdf,226633,96e104bc97e4b061c908c912354664b2a513b35ba0b5efc566c7cc23fc36366f,UNGA72_General_Debate_2017_statements/UNGA72_General_Debate_2017/european-union__eu_en.pdf,2018,5,0,0,extracted
UNGA73_General_Debate_2018_statements/UNGA73_General_Debate_2018/fiji__fj_en.pdf,901453,094e543c86668896cac10049c1d1a85dd196035ceecfc3b2f1d3ebde221e6fc4,UNGA72_General_Debate_2017_statements/UNGA72_General_Debate_2017/fiji__fj_en.pdf,2018,22,0,0,extracted
UNGA73_General_Debate_2018_statements/UNGA73_General_Debate_2018/finland__fi_en.pdf,346581,9fbb6774ee35297b757e9229ae05effe6d6abde3625673854425301877e304ac,UNGA72_General_Debate_2017_statements/UNGA72_General_Debate_2017/finland__fi_en.pdf,2018,5,0,0,extracted
UNGA73_General_Debate_2018_statements/UNGA73_General_Debate_2018/france__fr_en.pdf,223452,aa1bfe6e4d3908c80e264d9a3ba823baaaf0a501d7b28e2635ca80a232f7ba6b,UNGA72_General_Debate_2017_statements/UNGA72_General_Debate_2017/france__fr_en.pdf,2018,8,0,0,extracted
UNGA73_General_Debate_2018_statements/UNGA73_General_Debate_2018/france__fr_fr.pdf,260749,aa8e658c4e8daf34489729353466aedf5de4f081e58f0a63c49e6dc73cb28be4,UNGA72_General_Debate_2017_statements/UNGA72_General_Debate_2017/france__fr_fr.pdf,2018,8,0,0,extracted
UNGA73_General_Debate_2018_statements/UNGA73_General_Debate_2018/gabon__ga_fr.pdf,768367,d2c19ebb3dff96384f2eab1b0efce18027cba7014de890f3fca215083954e91d,UNGA72_General_Debate_2017_statements/UNGA72_General_Debate_2017/gabon__ga_fr.pdf,2018,10,0,0,extracted
UNGA73_General_Debate_2018_statements/UNGA73_General_Debate_2018/gambia-republic__gm_en.pdf,576970,9b6a3d2b5a52425cdf10c0072874c1f9bfad712bc9dbe1c0e5913ee5d279e6e8,,2018,8,0,0,extracted
UNGA73_General_Debate_2018_statements/UNGA73_General_Debate_2018/georgia__ge_en.pdf,589915,03640875a57b44e7083312b3c26488c934075fc361943b3bfde779b284487c80,UNGA72_General_Debate_2017_statements/UNGA72_General_Debate_2017/georgia__ge_en.pdf,2018,15,0,0,extracted
UNGA73_General_Debate_2018_statements/UNGA73_General_Debate_2018/germany__de_de.pdf,248849,f1e66f5281768b330b940e7fd8861ac452fa091f58cc7bf34c24c8770c8a4cc4,,2018,21,0,0,extracted
UNGA73_General_Debate_2018_statements/UNGA73_General_Debate_2018/germany__de_en.pdf,504332,3f61a609e0cfbde687c99f072c811a043f232086456700950069d0432454305a,UNGA72_General_Debate_2017_statements/UNGA72_General_Debate_2017/germany__de_en.pdf,2018,13,2,0,needs_review
UNGA73_General_Debate_2018_statements/UNGA73_General_Debate_2018/ghana__gh_en.pdf,834522,13ae4f6330a21d2057b2a708ce09f8250cdd7c06a8cdcc01d263d0577a924dd4,UNGA72_General_Debate_2017_statements/UNGA72_General_Debate_2017/ghana__gh_en.pdf,2018,6,0,0,extracted
UNGA73_General_Debate_2018_statements/UNGA73_General_Debate_2018/greece__gr_en.pdf,333315,e18e2c10212a850297feb8e5dda87ea61ad1ebc25d62d0070dbdaa1d707abc47,UNGA72_General_Debate_2017_statements/UNGA72_General_Debate_2017/greece__gr_en.pdf,2018,6,0,0,extracted
UNGA73_General_Debate_2018_statements/UNGA73_General_Debate_2018/grenada__gd_en.pdf,508813,2441ed09bfff4db8db9f4cb512ad22d05d1dbd2f8e97dee8eb1c88dbe5e038ee,UNGA72_General_Debate_2017_statements/UNGA72_General_Debate_2017/grenada__gd_en.pdf,2018,12,1,0,needs_review
UNGA73_General_Debate_2018_statements/UNGA73_General_Debate_2018/guatemala__gt_es.pdf,372211,fa8b64565707aa138d05741d9a2dbc77398796eea90188f6884e4566d59bc55f,UNGA72_General_Debate_2017_statements/UNGA72_General_Debate_2017/guatemala__gt_es.pdf,2018,8,0,0,extracted
UNGA73_General_Debate_2018_statements/UNGA73_General_Debate_2018/guinea-bissau__gw_en.pdf,629316,b7da189bcea6f57cd8301d32f52c1ff33de530412c51bd2d8268d03c46858245,UNGA72_General_Debate_2017_statements/UNGA72_General_Debate_2017/guinea-bissau__gw_en.pdf,2018,10,0,0,extracted
UNGA73_General_Debate_2018_statements/UNGA73_General_Debate_2018/guinea__gn_fr.pdf,177894,1da6a35c1940958b51e55f57b06e404018fa971b0cafd30270a0b465ea972995,UNGA72_General_Debate_2017_statements/UNGA72_General_Debate_2017/guinea__gn_fr.pdf,2018,8,0,0,extracted
UNGA73_General_Debate_2018_statements/UNGA73_General_Debate_2018/guyana__gy_en.pdf,439785,7ee59e7b51707f13a73a4975c2f852046d4518c8e9e3427b6050184987252208,UNGA72_General_Debate_2017_statements/UNGA72_General_Debate_2017/guyana__gy_en.pdf,2018,7,0,0,extracted
UNGA73_General_Debate_2018_statements/UNGA73_General_Debate_2018/haiti__ht_fr.pdf,737300,0bdb55d71d3edb7da2088dde29a92da6de073eff5c4590560902723b40efbfb3,UNGA72_General_Debate_2017_statements/UNGA72_General_Debate_2017/haiti__ht_fr.pdf,2018,10,0,0,extracted
UNGA73_General_Debate_2018_statements/UNGA73_General_Debate_2018/holy-see__va_en.pdf,83106,4059cff98543c9bf82481e551b81340942692b66f26d71b23ed0eca696e3614f,UNGA72_General_Debate_2017_statements/UNGA72_General_Debate_2017/holy-see__va_en.pdf,2018,12,0,0,extracted
UNGA73_General_Debate_2018_statements/UNGA73_General_Debate_2018/honduras__hn_es.pdf,309926,6984315eb153c0388415aff8cc9cf576d333c4d13fbd439392f8d64a4f7803f4,UNGA72_General_Debate_2017_statements/UNGA72_General_Debate_2017/honduras__hn_es.pdf,2018,5,0,0,extracted
UNGA73_General_Debate_2018_statements/UNGA73_General_Debate_2018/iceland__is_en.pdf,463237,416ca244fda3425c0cbb05f9ea897de8e12e5552223bfb11c20698c31fa3768a,UNGA72_General_Debate_2017_statements/UNGA72_General_Debate_2017/iceland__is_en.pdf,2018,5,0,0,extracted
UNGA73_General_Debate_2018_statements/UNGA73_General_Debate_2018/india__in_en.pdf,690218,dd28d4942c0d8f027c1d59fabbd1e57da5be03b231a341b96cfe843d8091a4f0,UNGA72_General_Debate_2017_statements/UNGA72_General_Debate_2017/india__in_en.pdf,2018,8,0,0,extracted
UNGA73_General_Debate_2018_statements/UNGA73_General_Debate_2018/indonesia__id_en.pdf,601725,4372f998d2437b75ede485d6ac35b394ba062768fa95480d37c14cbe8e4f39d8,UNGA72_General_Debate_2017_statements/UNGA72_General_Debate_2017/indonesia__id_en.pdf,2018,10,0,0,extracted
UNGA73_General_Debate_2018_statements/UNGA73_General_Debate_2018/iran-islamic-republic__ir_en.pdf,2907052,e63442b9c45c4008abecd41ac116b3910b8dc84ffbc88a1b5fcf7ac5d3154111,UNGA72_General_Debate_2017_statements/UNGA72_General_Debate_2017/iran-islamic-republic__ir_en.pdf,2018,6,0,0,extracted
UNGA73_General_Debate_2018_statements/UNGA73_General_Debate_2018/iraq__iq_ar.pdf,222678,16e683a3c482a1bb02b26eaffe169b91545595cd6d3a8b01973fccb90017bff5,UNGA72_General_Debate_2017_statements/UNGA72_General_Debate_2017/iraq__iq_ar.pdf,2018,21,0,0,extracted
UNGA73_General_Debate_2018_statements/UNGA73_General_Debate_2018/ireland__ie_en.pdf,459959,b22d7e31398100dfcdbb89d8432ee594d9644c36e18fcaace55adc5be3c699ee,UNGA72_General_Debate_2017_statements/UNGA72_General_Debate_2017/ireland__ie_en.pdf,2018,9,0,0,extracted
UNGA73_General_Debate_2018_statements/UNGA73_General_Debate_2018/israel__il_en.pdf,293831,d0528dee7c56c043c1a2dc6757d4e2ef63a399417ec2b1416fd9006bc4cd733b,,2018,9,0,0,extracted
UNGA73_General_Debate_2018_statements/UNGA73_General_Debate_2018/italy__it_en.pdf,847973,8fe4e5884e0854042cd6d56bd0645d5c559917bde85650a440e72c595abd6e05,UNGA72_General_Debate_2017_statements/UNGA72_General_Debate_2017/italy__it_en.pdf,2018,15,0,0,extracted
UNGA73_General_Debate_2018_statements/UNGA73_General_Debate_2018/jamaica__jm_en.pdf,484440,c0dee2212ee7025d00d8eed8db51d457d00fae450416fd069b74a39edf12e88a,UNGA72_General_Debate_2017_statements/UNGA72_General_Debate_2017/jamaica__jm_en.pdf,2018,7,0,0,extracted
UNGA73_General_Debate_2018_statements/UNGA73_General_Debate_2018/japan__jp_en.pdf,400471,b38411ab3f6a192f864ebadc1a547fb61cedf91a5c146b7b628bd7fe35a3149a,UNGA72_General_Debate_2017_statements/UNGA72_General_Debate_2017/japan__jp_en.pdf,2018,7,0,0,extracted
UNGA73_General_Debate_2018_statements/UNGA73_General_Debate_2018/jordan__jo_en.pdf,318833,a78438228e4410eb49c56fd03f60b1516c79def7bc89b15329f729723b867828,UNGA72_General_Debate_2017_statements/UNGA72_General_Debate_2017/jordan__jo_en.pdf,2018,5,0,0,extracted
UNGA73_General_Debate_2018_statements/UNGA73_General_Debate_2018/kazakhstan__kz_en2.pdf,152721,14957a43808b4556206e86208db003bd7821838b1a5ee78a9e7d386d2ed0e949,,2018,8,0,0,extracted
UNGA73_General_Debate_2018_statements/UNGA73_General_Debate_2018/kenya__ke_en.pdf,2853472,3f037c5f6d64861392323be038ca0f9d073e26246ce0557ec3f96007ce1c713c,UNGA72_General_Debate_2017_statements/UNGA72_General_Debate_2017/kenya__ke_en.pdf,2018,6,6,0,needs_review
UNGA73_General_Debate_2018_statements/UNGA73_General_Debate_2018/kiribati__ki_en.pdf,204719,343bc39c00803fada289425df987f30036c554f1022423fcf0b410d4fac3fa5e,UNGA72_General_Debate_2017_statements/UNGA72_General_Debate_2017/kiribati__ki_en.pdf,2018,10,0,0,extracted
UNGA73_General_Debate_2018_statements/UNGA73_General_Debate_2018/kuwait__kw_ar.pdf,703184,2ef7a2602c9e0076f963189cb0a4b94083bb7c3a61ae6005aad6b2de3c1b792c,UNGA72_General_Debate_2017_statements/UNGA72_General_Debate_2017/kuwait__kw_ar.pdf,2018,13,13,0,needs_review
UNGA73_General_Debate_2018_statements/UNGA73_General_Debate_2018/kuwait__kw_en.pdf,819253,5134da3f1d546bf7ecf854296b848d702bcf3067c76e3419a735c097eed3b2da,UNGA72_General_Debate_2017_statements/UNGA72_General_Debate_2017/kuwait__kw_en.pdf,2018,9,0,0,extracted
UNGA73_General_Debate_2018_statements/UNGA73_General_Debate_2018/kyrgyzstan__kg_en.pdf,398598,11805b2775e800fbaa84859a98ff96fd6d0be500ce63e5c6a059f5d220f44fca,,2018,4,0,0,extracted
UNGA73_General_Debate_2018_statements/UNGA73_General_Debate_2018/kyrgyzstan__kg_ru.pdf,144949,fc51a1cb43e9ed3d46a7e0b27064a0c1db0b9b1cfd3d6c70879a1a5dc1c28bdd,UNGA72_General_Debate_2017_statements/UNGA72_General_Debate_2017/kyrgyzstan__kg_ru.pdf,2018,13,0,0,extracted
UNGA73_General_Debate_2018_statements/UNGA73_General_Debate_2018/lao-peoples-democratic-republic__la_en.pdf,2528083,2367024ad6413806f1e338e99da24f111763da9b03e84e80ac43799869ec3173,UNGA72_General_Debate_2017_statements/UNGA72_General_Debate_2017/lao-peoples-democratic-republic__la_en.pdf,2018,7,7,0,needs_review
UNGA73_General_Debate_2018_statements/UNGA73_General_Debate_2018/latvia__lv_en.pdf,451127,6172c2a76d68ace5f2129d1663bceaad51204a9d690a1915b63b56d8b965c341,UNGA72_General_Debate_2017_statements/UNGA72_General_Debate_2017/latvia__lv_en.pdf,2018,11,0,0,extracted
UNGA73_General_Debate_2018_statements/UNGA73_General_Debate_2018/lebanon__lb_ar.pdf,1140519,622b761c6a3e17a81aa0718396a4adcbdf799a138988b769bba473d7600036ce,UNGA72_General_Debate_2017_statements/UNGA72_General_Debate_2017/lebanon__lb_ar.pdf,2018,6,6,0,needs_review
UNGA73_General_Debate_2018_statements/UNGA73_General_Debate_2018/lebanon__lb_en.pdf,1684610,57aee2376bdb9862c31393cc635af8f7f210a3742726aeba009923dd4502396d,UNGA72_General_Debate_2017_statements/UNGA72_General_Debate_2017/lebanon__lb_en.pdf,2018,5,5,0,needs_review
UNGA73_General_Debate_2018_statements/UNGA73_General_Debate_2018/lebanon__lb_fr.pdf,1150801,c01b295c2427df9c00df03895db5c578c613472a0d15b2823249212acedf87eb,,2018,6,6,0,needs_review
UNGA73_General_Debate_2018_statements/UNGA73_General_Debate_2018/lesotho__ls_en.pdf,678156,46cdbcd21bee485756b3b611c214552962871870bebbe8185e8d32d6d06d6a46,UNGA72_General_Debate_2017_statements/UNGA72_General_Debate_2017/lesotho__ls_en.pdf,2018,10,0,0,extracted
UNGA73_General_Debate_2018_statements/UNGA73_General_Debate_2018/liberia__lr_en.pdf,700256,e28055abf1d17509786361f48181df48f090bd2ba6ba71d069374828fa50ccb0,UNGA72_General_Debate_2017_statements/UNGA72_General_Debate_2017/liberia__lr_en.pdf,2018,7,0,0,extracted
UNGA73_General_Debate_2018_statements/UNGA73_General_Debate_2018/libya__ly_ar.pdf,343620,33ba84b31010930a94bc3bf6fb5310c89e7d92e2ad54ed0f60d6ee4c2f706d8d,UNGA72_General_Debate_2017_statements/UNGA72_General_Debate_2017/libya__ly_ar.pdf,2018,6,6,0,needs_review
UNGA73_General_Debate_2018_statements/UNGA73_General_Debate_2018/liechtenstein__li_en.pdf,319932,c04a5ec97fb0b2458e52dd91657553d5cd1261bfaec81ff3345587676fc0a634,UNGA72_General_Debate_2017_statements/UNGA72_General_Debate_2017/liechtenstein__li_en.pdf,2018,6,0,0,extracted
UNGA73_General_Debate_2018_statements/UNGA73_General_Debate_2018/lithuania__lt_en.pdf,108090,0a4d30a241eae9115005285bc556db1d8511ac02fe6173154fe4c7b97341dd4d,UNGA72_General_Debate_2017_statements/UNGA72_General_Debate_2017/lithuania__lt_en.pdf,2018,2,0,0,extracted
UNGA73_General_Debate_2018_statements/UNGA73_General_Debate_2018/luxembourg__lu_fr.pdf,3851680,da1900a3e4497123265954d9bafa3448702b8dbd2cde8228b1a1a59cf35d3600,UNGA72_General_Debate_2017_statements/UNGA72_General_Debate_2017/luxembourg__lu_fr.pdf,2018,13,13,0,needs_review
UNGA73_General_Debate_2018_statements/UNGA73_General_Debate_2018/madagascar__mg_fr.pdf,470264,0966a687260dab051a8b94f405de933adc611ce32ded9763946815fc2d406dc5,UNGA72_General_Debate_2017_statements/UNGA72_General_Debate_2017/madagascar__mg_fr.pdf,2018,7,0,0,extracted
UNGA73_General_Debate_2018_statements/UNGA73_General_Debate_2018/malawi__mw_en.pdf,449449,d0181f9ade5edae7e22e3292e7a524c8d37543e5c10a0d570f8aeb640a9bbaab,UNGA72_General_Debate_2017_statements/UNGA72_General_Debate_2017/malawi__mw_en.pdf,2018,6,0,0,extracted
UNGA73_General_Debate_2018_statements/UNGA73_General_Debate_2018/malaysia__my_en.pdf,627193,c042d6838bd07a4f2a78319b969ced2aff4c9f157d2154621bbf594bb8369d7b,UNGA72_General_Debate_2017_statements/UNGA72_General_Debate_2017/malaysia__my_en.pdf,2018,16,0,0,extracted
UNGA73_General_Debate_2018_statements/UNGA73_General_Debate_2018/mali__ml_fr.pdf,575863,e3d218c78d0cc065bfc82c692538db46a29736210af58c1255195296c80078cf,UNGA72_General_Debate_2017_statements/UNGA72_General_Debate_2017/mali__ml_fr.pdf,2018,9,0,0,extracted
UNGA73_General_Debate_2018_statements/UNGA73_General_Debate_2018/malta__mt_en.pdf,258475,03f4101e616c7bd416207a9f64c74bb53684683c639d6cebf5eb3a6510ba8761,UNGA72_General_Debate_2017_statements/UNGA72_General_Debate_2017/malta__mt_en.pdf,2018,4,0,0,extracted
UNGA73_General_Debate_2018_statements/UNGA73_General_Debate_2018/marshall-islands__mh_en.pdf,355527,7a0110fd1edbd8ae991c467d9f2ec798b3e5a376f9f7f138359a80e0d2b07e72,UNGA72_General_Debate_2017_statements/UNGA72_General_Debate_2017/marshall-islands__mh_en.pdf,2018,4,0,0,extracted
UNGA73_General_Debate_2018_statements/UNGA73_General_Debate_2018/mauritania__mr_ar.pdf,472499,9bccfa17f2d07b3eb65701835c4a92a3c86123e4378d7bcaea7a73e814866c49,UNGA72_General_Debate_2017_statements/UNGA72_General_Debate_2017/mauritania__mr_ar.pdf,2018,9,1,0,needs_review
UNGA73_General_Debate_2018_statements/UNGA73_General_Debate_2018/mauritius__mu_en.pdf,597521,0d7a255903585570a470be8158099f865f23d6d3b06c25675ee72f9e7b3529b8,UNGA72_General_Debate_2017_statements/UNGA72_General_Debate_2017/mauritius__mu_en.pdf,2018,9,0,0,extracted
UNGA73_General_Debate_2018_statements/UNGA73_General_Debate_2018/mexico__mx_es.pdf,781693,2a9fff10a4ae09096e9a0ca7f376cba5eeac8657c42fcbc77b5158df5acf700a,UNGA72_General_Debate_2017_statements/UNGA72_General_Debate_2017/mexico__mx_es.pdf,2018,9,0,0,extracted
UNGA73_General_Debate_2018_statements/UNGA73_General_Debate_2018/micronesia-federated-states__fm_en.pdf,273081,9eec659c336ada5af751656d69de6cbff7fe6845e05ae5359d341b2c11b736df,UNGA72_General_Debate_2017_statements/UNGA72_General_Debate_2017/micronesia-federated-states__fm_en.pdf,2018,4,0,0,extracted
UNGA73_General_Debate_2018_statements/UNGA73_General_Debate_2018/monaco__mc_fr.pdf,360102,40b85bdab96785dd78b4d6450bc5775f6d648418a4f2414e415082c4015c841d,UNGA72_General_Debate_2017_statements/UNGA72_General_Debate_2017/monaco__mc_fr.pdf,2018,6,0,0,extracted
UNGA73_General_Debate_2018_statements/UNGA73_General_Debate_2018/mongolia__mn_en.pdf,801545,407454bd752f24be38074960c3cb54ebfc4a0ad85f5218b6c4e2e5e9c7b7b8a8,UNGA72_General_Debate_2017_statements/UNGA72_General_Debate_2017/mongolia__mn_en.pdf,2018,7,7,0,needs_review
UNGA73_General_Debate_2018_statements/UNGA73_General_Debate_2018/montenegro__me_en.pdf,266292,af775dcc18829177dff7a372b5311f01714874c4865409fa3e90363fee29a832,UNGA72_General_Debate_2017_statements/UNGA72_General_Debate_2017/montenegro__me_en.pdf,2018,4,0,0,extracted
UNGA73_General_Debate_2018_statements/UNGA73_General_Debate_2018/morocco__ma_ar.pdf,534608,d7fb7548d593371df7467948aca59c83d9962ebcb5983848179fe48b19511de2,UNGA72_General_Debate_2017_statements/UNGA72_General_Debate_2017/morocco__ma_ar.pdf,2018,11,1,0,needs_review
UNGA73_General_Debate_2018_statements/UNGA73_General_Debate_2018/mozambique__mz_en.pdf,566141,240fa3594803d9a9992f3d1ea37c1b536992a19156990c801f4e92da850ab7d7,UNGA72_General_Debate_2017_statements/UNGA72_General_Debate_2017/mozambique__mz_en.pdf,2018,7,0,0,extracted
UNGA73_General_Debate_2018_statements/UNGA73_General_Debate_2018/myanmar__mm_en.pdf,469499,2aa192187cd141ed695f226601c233b5cacead2f59e34caa58d58ab81bcac39b,UNGA72_General_Debate_2017_statements/UNGA72_General_Debate_2017/myanmar__mm_en.pdf,2018,7,0,0,extracted
UNGA73_General_Debate_2018_statements/UNGA73_General_Debate_2018/namibia__na_en.pdf,482833,b0f53eaa450465997ca4b36afb18fe914bf9add22a60f9dad9075b3df7cd43be,UNGA72_General_Debate_2017_statements/UNGA72_General_Debate_2017/namibia__na_en.pdf,2018,7,0,0,extracted
UNGA73_General_Debate_2018_statements/UNGA73_General_Debate_2018/nauru__nr_en.pdf,478821,f006741f120d2eaff2dc5112377db8b8a564af1dcb37024b1b53f1b22095537f,UNGA72_General_Debate_2017_statements/UNGA72_General_Debate_2017/nauru__nr_en.pdf,2018,7,0,0,extracted
UNGA73_General_Debate_2018_statements/UNGA73_General_Debate_2018/nepal__np_en.pdf,154598,e7490d5580fd3116b652055caf88289ca4a88f3c44de5e05394977f3f1c24c0c,UNGA72_General_Debate_2017_statements/UNGA72_General_Debate_2017/nepal__np_en.pdf,2018,7,0,0,extracted
UNGA73_General_Debate_2018_statements/UNGA73_General_Debate_2018/netherlands__nl_en.pdf,279942,a52dfa96e5e6d505570e90cbeda9cca88514ce889d9b21c5526d849150f2be63,UNGA72_General_Debate_2017_statements/UNGA72_General_Debate_2017/netherlands__nl_en.pdf,2018,6,0,0,extracted
UNGA73_General_Debate_2018_statements/UNGA73_General_Debate_2018/new-zealand__nz_en.pdf,454716,b00a8f3f4a6e7cfdffcdf7844d5c57efbfcb522cfd4b9c3162c87a8c5dc6a245,UNGA72_General_Debate_2017_statements/UNGA72_General_Debate_2017/new-zealand__nz_en.pdf,2018,8,0,0,extracted
UNGA73_General_Debate_2018_statements/UNGA73_General_Debate_2018/nicaragua__ni_en.pdf,828871,b5b5bead6eaf21eb8cf0304e1b9fa9fa547513202ffe3090a38207fcae02cc8c,UNGA72_General_Debate_2017_statements/UNGA72_General_Debate_2017/nicaragua__ni_en.pdf,2018,6,6,0,needs_review
UNGA73_General_Debate_2018_statements/UNGA73_General_Debate_2018/nicaragua__ni_es.pdf,902233,be831690e05c7d0a28f796c896278f68d1c22deb1014a933bd2b0c6cfe168585,UNGA72_General_Debate_2017_statements/UNGA72_General_Debate_2017/nicaragua__ni_es.pdf,2018,7,7,0,needs_review
UNGA73_General_Debate_2018_statements/UNGA73_General_Debate_2018/niger__ne_fr.pdf,285934,128c73d373ff19aa0bf305f1909c1ea36d2536b74b8ecea1b1e1eeed61c86752,UNGA72_General_Debate_2017_statements/UNGA72_General_Debate_2017/niger__ne_fr.pdf,2018,8,0,0,extracted
UNGA73_General_Debate_2018_statements/UNGA73_General_Debate_2018/nigeria__ng_en.pdf,771154,083fd55f5a889f26e9820e6e602bed95db91a83dabb589629a311fbc51917bd7,UNGA72_General_Debate_2017_statements/UNGA72_General_Debate_2017/nigeria__ng_en.pdf,2018,22,0,0,extracted
UNGA73_General_Debate_2018_statements/UNGA73_General_Debate_2018/norway__no_en.pdf,426722,a4a95c954150c96aebb92e401612068235ed0650afef1560fcc212a0e26f6106,UNGA72_General_Debate_2017_statements/UNGA72_General_Debate_2017/norway__no_en.pdf,2018,8,0,0,extracted
UNGA73_General_Debate_2018_statements/UNGA73_General_Debate_2018/oman__om_ar.pdf,381761,fb1ed0b809afd076fdd0c985dc73d1cb45718dc90ddf777eb2696c5d5bd55be5,UNGA72_General_Debate_2017_statements/UNGA72_General_Debate_2017/oman__om_ar.pdf,2018,7,0,0,extracted
UNGA73_General_Debate_2018_statements/UNGA73_General_Debate_2018/oman__om_en.pdf,519428,76c00a51f19880a739ab7c116ce061ae1f90a3e79763c3a136e3a0a9c09e3ff0,UNGA72_General_Debate_2017_statements/UNGA72_General_Debate_2017/oman__om_en.pdf,2018,6,0,0,extracted
UNGA73_General_Debate_2018_statements/UNGA73_General_Debate_2018/pakistan__pk_en.pdf,96082,5c03d8d40899b4ddda93ea0b275872aa49c97bb1d63193023c75e6547070cafd,UNGA72_General_Debate_2017_statements/UNGA72_General_Debate_2017/pakistan__pk_en.pdf,2018,6,0,0,extracted
UNGA73_General_Debate_2018_statements/UNGA73_General_Debate_2018/palau__pw_en.pdf,701681,57a4d170bbe1c0c8a8bb667a3ad6dc56fad35a8119ffc6585e35d6387f23b8b1,UNGA72_General_Debate_2017_statements/UNGA72_General_Debate_2017/palau__pw_en.pdf,2018,4,0,0,extracted
UNGA73_General_Debate_2018_statements/UNGA73_General_Debate_2018/palestine-state__ps_ar.pdf,1226823,d55f57c4f9cbc64315bb8663c985e1d856c9afb9cc8fd34c6c8c32afc05db9f1,UNGA72_General_Debate_2017_statements/UNGA72_General_Debate_2017/palestine-state__ps_ar.pdf,2018,8,8,0,needs_review
UNGA73_General_Debate_2018_statements/UNGA73_General_Debate_2018/palestine-state__ps_en.pdf,1368359,0d6a1e890975588edd1e08e8a88824e61404272fff654eeed7627005facb06f1,UNGA72_General_Debate_2017_statements/UNGA72_General_Debate_2017/palestine-state__ps_en.pdf,2018,7,7,0,needs_review
UNGA73_General_Debate_2018_statements/UNGA73_General_Debate_2018/panama__pa_es.pdf,124305,46635ae0a676efa1192fd40e488150569c65ef7cb36c2415127ad8db1d970f15,UNGA72_General_Debate_2017_statements/UNGA72_General_Debate_2017/panama__pa_es.pdf,2018,19,0,0,extracted
UNGA73_General_Debate_2018_statements/UNGA73_General_Debate_2018/papua-new-guinea__pg_en.pdf,204243,1cce3644696230bc16378175831a62c076af7c60223d8ed8b7f7b228413935ab,UNGA72_General_Debate_2017_statements/UNGA72_General_Debate_2017/papua-new-guinea__pg_en.pdf,2018,6,0,0,extracted
UNGA73_General_Debate_2018_statements/UNGA73_General_Debate_2018/paraguay__py_es.pdf,464998,c7fb07a8c5c66ea286ce652453965464063e9c8d87f18d0c6d06cec816625bf9,UNGA72_General_Debate_2017_statements/UNGA72_General_Debate_2017/paraguay__py_es.pdf,2018,5,0,0,extracted
UNGA73_General_Debate_2018_statements/UNGA73_General_Debate_2018/peru__pe_es.pdf,366773,e948949c16266ba04647dd0e8b387118d22bd75825e546c3dbff46fb19f5fc80,UNGA72_General_Debate_2017_statements/UNGA72_General_Debate_2017/peru__pe_es.pdf,2018,5,0,0,extracted
UNGA73_General_Debate_2018_statements/UNGA73_General_Debate_2018/philippines__ph_en.pdf,208014,c733f3c574714c28b0dcccb043c7434a488cd6f9c7b3a50c0bd418d2acc41ea0,UNGA72_General_Debate_2017_statements/UNGA72_General_Debate_2017/philippines__ph_en.pdf,2018,15,0,0,extracted
UNGA73_General_Debate_2018_statements/UNGA73_General_Debate_2018/poland__pl_en.pdf,522237,41758b2d0182661aa2f74eb29e43e3592afae647cacf488b8e12c4f969541282,UNGA72_General_Debate_2017_statements/UNGA72_General_Debate_2017/poland__pl_en.pdf,2018,6,0,0,extracted
UNGA73_General_Debate_2018_statements/UNGA73_General_Debate_2018/portugal__pt_en.pdf,299229,a43e24ea975a8834c2e1c6aa6dfe6c46c44f63cd90efed04a466d6bd61bab79c,UNGA72_General_Debate_2017_statements/UNGA72_General_Debate_2017/portugal__pt_en.pdf,2018,6,1,0,needs_review
UNGA73_General_Debate_2018_statements/UNGA73_General_Debate_2018/portugal__pt_pt.pdf,3103277,8957165817db05091ce966e2a01d394a59e58c4f62f99e63aefc8adacf41db38,,2018,6,6,0,needs_review
UNGA73_General_Debate_2018_statements/UNGA73_General_Debate_2018/president-general-assembly-closing__pgaclosing_es.pdf,580121,934e97dcb7d020c0735c5d064a34507b298b84498e285df7a6bdec69cfa6eb5e,,2018,19,0,0,extracted
UNGA73_General_Debate_2018_statements/UNGA73_General_Debate_2018/president-general-assembly-opening__pgaopening_en.pdf,94407,0e5eab111a0fc71d87bb0aa66ffb1e54c8276edc418f0ea45cc254ec000ca1a7,UNGA72_General_Debate_2017_statements/UNGA72_General_Debate_2017/president-general-assembly-opening__pgaopening_en.pdf,2018,4,0,0,extracted
UNGA73_General_Debate_2018_statements/UNGA73_General_Debate_2018/president-general-assembly-opening__pgaopening_en_fr_es.pdf,471569,7ac80b99dd4091c75b6a6aa3bcbb1f923d294663b4505b88cc5d5a0c8b13521a,,2018,11,0,0,extracted
UNGA73_General_Debate_2018_statements/UNGA73_General_Debate_2018/qatar__qa_ar.pdf,1536193,084df32c078e2a252300f6cdfc6fe9187528384bfa09e0176fc092f16c06638f,UNGA72_General_Debate_2017_statements/UNGA72_General_Debate_2017/qatar__qa_ar.pdf,2018,11,11,0,needs_review
UNGA73_General_Debate_2018_statements/UNGA73_General_Debate_2018/qatar__qa_en.pdf,1324986,baf85f04721158ea610afd48a77463ae2397e60ddeca4e582dff128b1e04e1c1,UNGA72_General_Debate_2017_statements/UNGA72_General_Debate_2017/qatar__qa_en.pdf,2018,8,8,0,needs_review
UNGA73_General_Debate_2018_statements/UNGA73_General_Debate_2018/republic-korea__kr_2_en.pdf,166467,33e205931cdc2cf3a4c51d5d9205c13e8627424454f2a8c5e1fde4482d910ba3,,2018,7,0,0,extracted
UNGA73_General_Debate_2018_statements/UNGA73_General_Debate_2018/republic-moldova__md_en.pdf,350206,4feb52ccfb3ca1055e0ab15066eb0d0fff743f6751915df04c970ec12477087e,UNGA72_General_Debate_2017_statements/UNGA72_General_Debate_2017/republic-moldova__md_en.pdf,2018,6,0,0,extracted
UNGA73_General_Debate_2018_statements/UNGA73_General_Debate_2018/republic-north-macedonia__mk_en.pdf,750587,2cbbba7b5bb533ea91f538621181d48f3f60b756384fc09e58fa35af363d231d,UNGA72_General_Debate_2017_statements/UNGA72_General_Debate_2017/republic-north-macedonia__mk_en.pdf,2018,5,5,0,needs_review
UNGA73_General_Debate_2018_statements/UNGA73_General_Debate_2018/romania__ro_en.pdf,261546,7f64b07e5e737093d1e3f13a53a5c34514b0f8f14b65cf2b1508344ebeaab0ad,UNGA72_General_Debate_2017_statements/UNGA72_General_Debate_2017/romania__ro_en.pdf,2018,6,0,0,extracted
UNGA73_General_Debate_2018_statements/UNGA73_General_Debate_2018/russian-federation__ru_en.pdf,263049,886ba3a72b98782a1793c409c491b71f61caf04efba286828be47cf686086409,UNGA72_General_Debate_2017_statements/UNGA72_General_Debate_2017/russian-federation__ru_en.pdf,2018,7,0,0,extracted
UNGA73_General_Debate_2018_statements/UNGA73_General_Debate_2018/russian-federation__ru_ru.pdf,1209320,122aa52c84414de4d9a8c4efd0dc2d003e82e59d1cf51ce0c7c2006444075958,,2018,9,9,0,needs_review
UNGA73_General_Debate_2018_statements/UNGA73_General_Debate_2018/rwanda__rw_en.pdf,62512,a79af74d874da4f87cfb6af4a9bdab7bff41d36d2437fbd51361917589f75634,UNGA72_General_Debate_2017_statements/UNGA72_General_Debate_2017/rwanda__rw_en.pdf,2018,5,0,0,extracted
UNGA73_General_Debate_2018_statements/UNGA73_General_Debate_2018/saint-kitts-and-nevis__kn_en.pdf,434791,c7cdbde69c21184fa34ab448f3d908d60981dd91edabfecca3f40d62b4b05e0a,UNGA72_General_Debate_2017_statements/UNGA72_General_Debate_2017/saint-kitts-and-nevis__kn_en.pdf,2018,6,0,0,extracted
UNGA73_General_Debate_2018_statements/UNGA73_General_Debate_2018/saint-lucia__lc_en.pdf,394328,8d327861b4da9aff60979754f7bc09d5e69c17aa8145e7c0af6e8045f98e4e90,UNGA72_General_Debate_2017_statements/UNGA72_General_Debate_2017/saint-lucia__lc_en.pdf,2018,7,0,0,extracted
UNGA73_General_Debate_2018_statements/UNGA73_General_Debate_2018/saint-vincent-and-grenadines__vc_en.pdf,395428,294ad309f0cf56aebb52056773c78575108b1a28c7e57656ff475ffb023a7cd7,UNGA72_General_Debate_2017_statements/UNGA72_General_Debate_2017/saint-vincent-and-grenadines__vc_en.pdf,2018,7,0,0,extracted
UNGA73_General_Debate_2018_statements/UNGA73_General_Debate_2018/samoa__ws_en.pdf,580540,07824ebfafdf4c7265577d66f7a62bcbf6fc9615457a2697bc127c70850dc4e4,UNGA72_General_Debate_2017_statements/UNGA72_General_Debate_2017/samoa__ws_en.pdf,2018,10,0,0,extracted
UNGA73_General_Debate_2018_statements/UNGA73_General_Debate_2018/san-marino__sm_en.pdf,466090,ddd76fcb74bc3aa6d963264e7174285cac2a86c7f9063272b67394521d362906,UNGA72_General_Debate_2017_statements/UNGA72_General_Debate_2017/san-marino__sm_en.pdf,2018,8,0,0,extracted
UNGA73_General_Debate_2018_statements/UNGA73_General_Debate_2018/sao-tome-and-principe__st_en.pdf,422862,0f6ac72bd779523e52ddf4b3bccff004cb7130e642fed6309551dda627365a8c,UNGA72_General_Debate_2017_statements/UNGA72_General_Debate_2017/sao-tome-and-principe__st_en.pdf,2018,7,0,0,extracted
UNGA73_General_Debate_2018_statements/UNGA73_General_Debate_2018/saudi-arabia__sa_ar.pdf,301877,904a4b21c8ae6ca9d32aabc2993c1e66b4dca101f809a3fcd1b6303b2161204f,UNGA72_General_Debate_2017_statements/UNGA72_General_Debate_2017/saudi-arabia__sa_ar.pdf,2018,8,0,0,extracted
UNGA73_General_Debate_2018_statements/UNGA73_General_Debate_2018/secretary-general-united-nations__unsg_ar.pdf,164939,262ec0749d4069ff12f0a721a71d1d94f4c5418148dd7581dc9f883a67c16199,UNGA72_General_Debate_2017_statements/UNGA72_General_Debate_2017/secretary-general-united-nations__unsg_ar.pdf,2018,10,0,0,extracted
UNGA73_General_Debate_2018_statements/UNGA73_General_Debate_2018/secretary-general-united-nations__unsg_en.pdf,122709,1a53563c6b2b23714ddddc3fd4fd9a60fb38af25599a6028d596901084bd2dd2,UNGA72_General_Debate_2017_statements/UNGA72_General_Debate_2017/secretary-general-united-nations__unsg_en.pdf,2018,32,0,0,extracted
UNGA73_General_Debate_2018_statements/UNGA73_General_Debate_2018/secretary-general-united-nations__unsg_en_fr_es.pdf,110668,23114fed54f34f1f4a974cad626f72c81a635b741b12c6d7dc4443649c8ee6c8,UNGA72_General_Debate_2017_statements/UNGA72_General_Debate_2017/secretary-general-united-nations__unsg_en_fr_es.pdf,2018,8,0,0,extracted
UNGA73_General_Debate_2018_statements/UNGA73_General_Debate_2018/secretary-general-united-nations__unsg_es.pdf,202391,20563e380a218d35a9f3955ebf6877c41b61743c953a54480cc380391f3116f2,UNGA72_General_Debate_2017_statements/UNGA72_General_Debate_2017/secretary-general-united-nations__unsg_es.pdf,2018,9,0,0,extracted
UNGA73_General_Debate_2018_statements/UNGA73_General_Debate_2018/secretary-general-united-nations__unsg_fr.pdf,214769,2a0ba49a6d847b2b0eecfd7193d98aa99336c97aa8e0e7c3faf775f87d0948cc,UNGA72_General_Debate_2017_statements/UNGA72_General_Debate_2017/secretary-general-united-nations__unsg_fr.pdf,2018,8,0,0,extracted
UNGA73_General_Debate_2018_statements/UNGA73_General_Debate_2018/secretary-general-united-nations__unsg_ru.pdf,236889,32b1d606a6f078677f715928ff0fe1d8dce9a59a8580713b8e75b83a3cc9d56a,UNGA72_General_Debate_2017_statements/UNGA72_General_Debate_2017/secretary-general-united-nations__unsg_ru.pdf,2018,9,0,0,extracted
UNGA73_General_Debate_2018_statements/UNGA73_General_Debate_2018/secretary-general-united-nations__unsg_zh.pdf,344178,1b92e07a0a117cb45c1b4fe4ea12da66c417444606e3fdd9a5176d211ac69054,UNGA72_General_Debate_2017_statements/UNGA72_General_Debate_2017/secretary-general-united-nations__unsg_zh.pdf,2018,7,0,0,extracted
UNGA73_General_Debate_2018_statements/UNGA73_General_Debate_2018/senegal__sn_fr.pdf,280227,bc8d636da275f56f191aaca17931227abea16c61de406173541c5b6e28a257d4,UNGA72_General_Debate_2017_statements/UNGA72_General_Debate_2017/senegal__sn_fr.pdf,2018,7,0,0,extracted
UNGA73_General_Debate_2018_statements/UNGA73_General_Debate_2018/serbia__rs_en.pdf,435389,1ef5f7e7cbb1e6af15a31a8907f46a4f811f6bb4f6e4fbfcd15a0b2d197c8d4e,UNGA72_General_Debate_2017_statements/UNGA72_General_Debate_2017/serbia__rs_en.pdf,2018,5,0,0,extracted
UNGA73_General_Debate_2018_statements/UNGA73_General_Debate_2018/seychelles__sc_en.pdf,245820,ecae30ff67384f3504f361778eed435e243bec3e3d2f5a41b36d753e2cd6dc52,UNGA72_General_Debate_2017_statements/UNGA72_General_Debate_2017/seychelles__sc_en.pdf,2018,5,0,0,extracted
UNGA73_General_Debate_2018_statements/UNGA73_General_Debate_2018/sierra-leone__sl_en.pdf,830511,b9fcdc5cba67ae1d2790f9a17aa2f8db974e0de0344a93c88f698510304c5778,UNGA72_General_Debate_2017_statements/UNGA72_General_Debate_2017/sierra-leone__sl_en.pdf,2018,7,0,0,extracted
UNGA73_General_Debate_2018_statements/UNGA73_General_Debate_2018/singapore__sg_en.pdf,475219,02450263209c5a46c5fdf1187d4e24b3c58b4af26bd3842e963c9f62ff99a99f,UNGA72_General_Debate_2017_statements/UNGA72_General_Debate_2017/singapore__sg_en.pdf,2018,11,0,0,extracted
UNGA73_General_Debate_2018_statements/UNGA73_General_Debate_2018/slovakia__sk_en.pdf,338293,cd54084151aebd31e576e6820723031b0db6d3f501a434d6727f5781d52e1b7a,UNGA72_General_Debate_2017_statements/UNGA72_General_Debate_2017/slovakia__sk_en.pdf,2018,6,0,0,extracted
UNGA73_General_Debate_2018_statements/UNGA73_General_Debate_2018/slovenia__si_en.pdf,350883,41506449aea2941810f582f9737817b4eccb9edef6965a5f602993b4daa0564b,UNGA72_General_Debate_2017_statements/UNGA72_General_Debate_2017/slovenia__si_en.pdf,2018,8,0,0,extracted
UNGA73_General_Debate_2018_statements/UNGA73_General_Debate_2018/solomon-islands__sb_en.pdf,573988,daf0b7a860886f8fc9e66bef0aa9fefe5d738267833347add2ce8935504bb26d,UNGA72_General_Debate_2017_statements/UNGA72_General_Debate_2017/solomon-islands__sb_en.pdf,2018,14,0,0,extracted
UNGA73_General_Debate_2018_statements/UNGA73_General_Debate_2018/somalia__so_en.pdf,634388,d5eb91b02d42a865584761d2ca0ce96067ab2f0b6bc25eef29abf8d9f501cb25,UNGA72_General_Debate_2017_statements/UNGA72_General_Debate_2017/somalia__so_en.pdf,2018,12,0,0,extracted
UNGA73_General_Debate_2018_statements/UNGA73_General_Debate_2018/south-africa__za_en.pdf,234133,6ec63611a004f82f7792a9f3130f1d109552a8e1fb0ba25b05e7d184591ce96f,UNGA72_General_Debate_2017_statements/UNGA72_General_Debate_2017/south-africa__za_en.pdf,2018,9,0,0,extracted
UNGA73_General_Debate_2018_statements/UNGA73_General_Debate_2018/south-sudan__ss_en.pdf,1329504,6fb22d53044f469000aa8cf8e0d214fd40d9497850b4b950f518d22f37c3040d,UNGA72_General_Debate_2017_statements/UNGA72_General_Debate_2017/south-sudan__ss_en.pdf,2018,16,0,0,extracted
UNGA73_General_Debate_2018_statements/UNGA73_General_Debate_2018/spain__es_en.pdf,3199912,fd4133064e0fd9a7f1283aabd18720dd00926ec3bcaf5219bd64f37d580116e7,UNGA72_General_Debate_2017_statements/UNGA72_General_Debate_2017/spain__es_en.pdf,2018,6,0,0,extracted
UNGA73_General_Debate_2018_statements/UNGA73_General_Debate_2018/spain__es_es.pdf,3352292,409d2d2ce6e8047ed5012aad391ca957d0456722f14e01cc1ff768781794bd45,UNGA72_General_Debate_2017_statements/UNGA72_General_Debate_2017/spain__es_es.pdf,2018,6,0,0,extracted
UNGA73_General_Debate_2018_statements/UNGA73_General_Debate_2018/sri-lanka__lk_en.pdf,324482,1447760e0a23f08a59f6b3202d09d2b705d6467aa06ef89a381efcc701632e53,,2018,3,0,0,extracted
UNGA73_General_Debate_2018_statements/UNGA73_General_Debate_2018/sudan__sd_ar.pdf,445142,4c83da46981e2cd6a8b08632a2c81b4f8cc3e9f61322014419b1da4666e41a8d,UNGA72_General_Debate_2017_statements/UNGA72_General_Debate_2017/sudan__sd_ar.pdf,2018,9,7,0,needs_review
UNGA73_General_Debate_2018_statements/UNGA73_General_Debate_2018/suriname__sr_en.pdf,191746,aebeefb9dcac9e36aed487bbff9b95c9befeada52a4a478ad214fc7eec1618b8,UNGA72_General_Debate_2017_statements/UNGA72_General_Debate_2017/suriname__sr_en.pdf,2018,8,0,0,extracted
UNGA73_General_Debate_2018_statements/UNGA73_General_Debate_2018/sweden__se_en.pdf,137975,49ad367a9f3b07367acf6698a7f730e9fbcb0f0d0813bd9ad5868a1da0741189,UNGA72_General_Debate_2017_statements/UNGA72_General_Debate_2017/sweden__se_en.pdf,2018,9,0,0,extracted
UNGA73_General_Debate_2018_statements/UNGA73_General_Debate_2018/switzerland__ch_en.pdf,382352,f607c36f6b349271222e719a00cbc3e2b90d55c3c0b6de7fbda9aa01a35067ca,UNGA72_General_Debate_2017_statements/UNGA72_General_Debate_2017/switzerland__ch_en.pdf,2018,3,0,0,extracted
UNGA73_General_Debate_2018_statements/UNGA73_General_Debate_2018/switzerland__ch_fr.pdf,864697,3b4dece09c4b1c4e12bd2ae34b8431c3d5d92ae73f4275382547b0f0db0e9e7d,,2018,4,4,0,needs_review
UNGA73_General_Debate_2018_statements/UNGA73_General_Debate_2018/syrian-arab-republic__sy_ar.pdf,504969,9e0765d8a3a111dcd87e9f1d2132337f861e1637d7f4c26b190f8bfda3c4da7c,UNGA72_General_Debate_2017_statements/UNGA72_General_Debate_2017/syrian-arab-republic__sy_ar.pdf,2018,9,0,0,extracted
UNGA73_General_Debate_2018_statements/UNGA73_General_Debate_2018/syrian-arab-republic__sy_en.pdf,643286,0f759e0d5aa5af1de854bbe588e1ba48d9c5b90d3f9c2e4f5e991f1fa367d238,UNGA72_General_Debate_2017_statements/UNGA72_General_Debate_2017/syrian-arab-republic__sy_en.pdf,2018,9,0,0,extracted
UNGA73_General_Debate_2018_statements/UNGA73_General_Debate_2018/tajikistan__tj_en.pdf,597759,7000b89e14adb35e18b653a12ba2fc846d24f130ac09c4194b215b9379351973,UNGA72_General_Debate_2017_statements/UNGA72_General_Debate_2017/tajikistan__tj_en.pdf,2018,6,0,0,extracted
UNGA73_General_Debate_2018_statements/UNGA73_General_Debate_2018/thailand__th_en.pdf,298228,63ee8d45b6d2f965293a067667e151df59fb055ff2f6dc27ff9f056ca5d26b1c,UNGA72_General_Debate_2017_statements/UNGA72_General_Debate_2017/thailand__th_en.pdf,2018,4,0,0,extracted
UNGA73_General_Debate_2018_statements/UNGA73_General_Debate_2018/timor-leste__tl_en.pdf,625806,1e75984a6e6d1779d388b9d268de1d4ccc0b8e8cd3f755af6ad8a16c80b708d4,UNGA72_General_Debate_2017_statements/UNGA72_General_Debate_2017/timor-leste__tl_en.pdf,2018,9,0,0,extracted
UNGA73_General_Debate_2018_statements/UNGA73_General_Debate_2018/togo__tg_fr.pdf,2712486,d8a420347d28d1cea8bfe4ad86200ece17e3f07db102ec49d8e0c97cf9e7562c,UNGA72_General_Debate_2017_statements/UNGA72_General_Debate_2017/togo__tg_fr.pdf,2018,6,6,0,needs_review
UNGA73_General_Debate_2018_statements/UNGA73_General_Debate_2018/tonga__to_en.pdf,343504,7a68b36aa84d71cd6a0a2c8411983797bc53a3dd20f685470bf0d98c84618814,UNGA72_General_Debate_2017_statements/UNGA72_General_Debate_2017/tonga__to_en.pdf,2018,7,0,0,extracted
UNGA73_General_Debate_2018_statements/UNGA73_General_Debate_2018/trinidad-and-tobago__tt_en.pdf,608510,16f3ee983466cab7bb844d05ff6991db2182d998cf3f863a67c9e2e0d6c132d4,UNGA72_General_Debate_2017_statements/UNGA72_General_Debate_2017/trinidad-and-tobago__tt_en.pdf,2018,6,0,0,extracted
UNGA73_General_Debate_2018_statements/UNGA73_General_Debate_2018/tunisia__tn_ar.pdf,565768,018d75a7d00ffdef1009abe17fe6bfffb7dfdda0c0598074e079bb4fac8886f5,UNGA72_General_Debate_2017_statements/UNGA72_General_Debate_2017/tunisia__tn_ar_25.pdf,2018,13,0,0,extracted
UNGA73_General_Debate_2018_statements/UNGA73_General_Debate_2018/turkmenistan__tm_en.pdf,836988,fb637b7b3e8c0259210fd4a838261a3909827386d190b29716079a03640a1a21,,2018,5,1,0,needs_review
UNGA73_General_Debate_2018_statements/UNGA73_General_Debate_2018/tuvalu__tv_en.pdf,611547,d76531c7b71c5bc4e2f9d963ca23c49e7fabdaabf8f0092d43c4a6bf167a90a9,UNGA72_General_Debate_2017_statements/UNGA72_General_Debate_2017/tuvalu__tv_en.pdf,2018,7,0,0,extracted
UNGA73_General_Debate_2018_statements/UNGA73_General_Debate_2018/uganda__ug_en.pdf,215262,7761ed12c531ec7a9bd2766fdc564e9b5a2b964ec0deee75a762f04620792f6b,UNGA72_General_Debate_2017_statements/UNGA72_General_Debate_2017/uganda__ug_en.pdf,2018,4,0,0,extracted
UNGA73_General_Debate_2018_statements/UNGA73_General_Debate_2018/ukraine__ua_en.pdf,307279,465276e3d5ae36e89a8834f7f095fe2891939a105276b4246ac87b8d860bc143,UNGA72_General_Debate_2017_statements/UNGA72_General_Debate_2017/ukraine__ua_en.pdf,2018,10,0,0,extracted
UNGA73_General_Debate_2018_statements/UNGA73_General_Debate_2018/united-arab-emirates__ae_ar.pdf,356031,ea16cc46d697150df0c37dcccb6a60f850206c53a11e0656cf6b22d13d25e85f,UNGA72_General_Debate_2017_statements/UNGA72_General_Debate_2017/united-arab-emirates__ae_ar.pdf,2018,7,5,0,needs_review
UNGA73_General_Debate_2018_statements/UNGA73_General_Debate_2018/united-kingdom-great-britain-and-northern-ireland__gb_ar.pdf,196221,35c0de2c07421b536c7bdf9bc6b7db16567b81515aa227f748933494cd928e38,UNGA72_General_Debate_2017_statements/UNGA72_General_Debate_2017/united-kingdom-great-britain-and-northern-ireland__gb_ar.pdf,2018,8,0,0,extracted
UNGA73_General_Debate_2018_statements/UNGA73_General_Debate_2018/united-kingdom-great-britain-and-northern-ireland__gb_en.pdf,99282,3083d314e513c1909817ef9a30f3f4bbb34f2e23798e0bbe575108d01dd09e8e,UNGA72_General_Debate_2017_statements/UNGA72_General_Debate_2017/united-kingdom-great-britain-and-northern-ireland__gb_en.pdf,2018,9,0,0,extracted
UNGA73_General_Debate_2018_statements/UNGA73_General_Debate_2018/united-republic-tanzania__tz_en.pdf,753770,13698fdae6a25aa22b9229ecb6db473f55067f185e85c39a62677ad68055ed2a,UNGA72_General_Debate_2017_statements/UNGA72_General_Debate_2017/united-republic-tanzania__tz_en.pdf,2018,9,0,0,extracted
UNGA73_General_Debate_2018_statements/UNGA73_General_Debate_2018/united-states-america__us_en.pdf,107302,43e6caf890bb34661450aa208354dc6557ab2e0eb4b288b065251032a0f28614,UNGA72_General_Debate_2017_statements/UNGA72_General_Debate_2017/united-states-america__us_en.pdf,2018,11,0,0,extracted
UNGA73_General_Debate_2018_statements/UNGA73_General_Debate_2018/uruguay__uy_es.pdf,424478,80bd0af7d65b4d32df6f3c182c1dc4a91e1476b4c3a616cfd4b6b12cbd6cbb20,UNGA72_General_Debate_2017_statements/UNGA72_General_Debate_2017/uruguay__uy_es.pdf,2018,17,0,0,extracted
UNGA73_General_Debate_2018_statements/UNGA73_General_Debate_2018/uzbekistan__uz_en.pdf,697162,2c93ea68b5290fb574c29092cd461931af3aec98e66c336b8fab50fb38aa2910,UNGA72_General_Debate_2017_statements/UNGA72_General_Debate_2017/uzbekistan__uz_en.pdf,2018,6,0,0,extracted
UNGA73_General_Debate_2018_statements/UNGA73_General_Debate_2018/uzbekistan__uz_ru.pdf,283930,7551a0ec853fc4620b0d096efcab299cdc08e5fe2d69a11d8d53c2ce105b2fea,,2018,7,0,0,extracted
UNGA73_General_Debate_2018_statements/UNGA73_General_Debate_2018/vanuatu__vu_fr.pdf,627960,fbca71281a86ba5882fd70815e0f87b9c57e2bc148d79261bb46f3ecdddd1db1,UNGA72_General_Debate_2017_statements/UNGA72_General_Debate_2017/vanuatu__vu_fr.pdf,2018,12,0,0,extracted
UNGA73_General_Debate_2018_statements/UNGA73_General_Debate_2018/venezuela-bolivarian-republic__ve_en.pdf,385096,c2a93395584b9f4290c521c6f7e7ee027c31e836110f95e44377a324fc257932,,2018,8,0,0,extracted
UNGA73_General_Debate_2018_statements/UNGA73_General_Debate_2018/venezuela-bolivarian-republic__ve_es.pdf,1008268,147553569217e9d0ed92922ad82e170d5999c47d560bec0a2214c2fbd96daba3,UNGA72_General_Debate_2017_statements/UNGA72_General_Debate_2017/venezuela-bolivarian-republic__ve_es.pdf,2018,16,0,0,extracted
UNGA73_General_Debate_2018_statements/UNGA73_General_Debate_2018/viet-nam__vn_en.pdf,317169,e4168d5928c94995d326a3f65ee1992defc0249489afe8f905dee22d9074e1e8,UNGA72_General_Debate_2017_statements/UNGA72_General_Debate_2017/viet-nam__vn_en.pdf,2018,4,0,0,extracted
UNGA73_General_Debate_2018_statements/UNGA73_General_Debate_2018/yemen__ye_ar.pdf,299941,5eb6763ede3399e0f8a410f9248025a64c83ba777b3a9ec2dc935f5e027c8a12,UNGA72_General_Debate_2017_statements/UNGA72_General_Debate_2017/yemen__ye_ar.pdf,2018,7,7,0,needs_review
UNGA73_General_Debate_2018_statements/UNGA73_General_Debate_2018/zambia__zm_en.pdf,447875,1ce84d1240dfbae40189671f524ec8b61c47e0ff7152c36befbbdffe5e7dd481,UNGA72_General_Debate_2017_statements/UNGA72_General_Debate_2017/zambia__zm_en.pdf,2018,7,0,0,extracted
UNGA73_General_Debate_2018_statements/UNGA73_General_Debate_2018/zimbabwe__zw_en.pdf,237994,00a7c5399e3d79fd27c8c434fe913cb0daf5a56173e097e8e8284d463f8fc233,UNGA72_General_Debate_2017_statements/UNGA72_General_Debate_2017/zimbabwe__zw_en.pdf,2018,4,0,0,extracted
UNGA75_General_Debate_2020_statements/UNGA75_General_Debate_2020/2020-09-22_AM_01_United-Nations_ar.pdf,264131,be3a9804e638615c5f6d9e48d4195148724d8cfa3be93fdcd037f59ea3a0e296,,2020,9,0,0,extracted
UNGA75_General_Debate_2020_statements/UNGA75_General_Debate_2020/2020-09-22_AM_01_United-Nations_en.pdf,162777,c9dab49568c679d9a8bab119fe2fbbb14d6e51cdfd34d099af95ec55db4c6728,,2020,12,0,0,extracted
UNGA75_General_Debate_2020_statements/UNGA75_General_Debate_2020/2020-09-22_AM_01_United-Nations_other.pdf,185478,dc741f225d2a8b18eb6a58d58f9e04dd70cb662066c362fb5d460a18e9ae9eee,,2020,12,0,0,extracted
UNGA75_General_Debate_2020_statements/UNGA75_General_Debate_2020/2020-09-22_AM_01_United-Nations_ru.pdf,187279,e77d27c598ada407710f637af52127fc607e9b663ef1221122c645bfe35fdbe5,,2020,9,0,0,extracted
UNGA75_General_Debate_2020_statements/UNGA75_General_Debate_2020/2020-09-22_AM_01_United-Nations_zh.pdf,324566,934c276322d587ec54d6a6b04e00e9c148d1b19c0feea16bfdd501e75c0f1c7a,,2020,8,0,0,extracted
UNGA75_General_Debate_2020_statements/UNGA75_General_Debate_2020/2020-09-22_AM_02_General-Assembly_en.pdf,136546,1133b8790957d34007c2bec6378e92a26705f2af2e60b19c35d1e9fd8c97c16d,,2020,11,0,0,extracted
UNGA75_General_Debate_2020_statements/UNGA75_General_Debate_2020/2020-09-22_AM_03_Brazil_en.pdf,59492,ea4fc8d8a31b220bb981b210b9a31b3752f278f5785cb80ad1cd4a73d56fafe4,,2020,10,0,0,extracted
UNGA75_General_Debate_2020_statements/UNGA75_General_Debate_2020/2020-09-22_AM_03_Brazil_other.pdf,53245,9b05045ac402c7f234b12f04481def0c4de212d303c10cbc4c834163c224e035,,2020,10,0,0,extracted
UNGA75_General_Debate_2020_statements/UNGA75_General_Debate_2020/2020-09-22_AM_04_United-States-of-America_en.pdf,93568,a5148d276f59a4ef01618ccc99c4f257f0a92b0058724b3b27eb20266ef941fc,,2020,3,0,0,extracted
UNGA75_General_Debate_2020_statements/UNGA75_General_Debate_2020/2020-09-22_AM_05_Turkey_en.pdf,187197,7d52716c863c02cfe4590f0854275ac21f9aadd73cef0e2e54273de46e48254a,,2020,9,0,0,extracted
UNGA75_General_Debate_2020_statements/UNGA75_General_Debate_2020/2020-09-22_AM_06_China_ar.pdf,84840,292146c663faaab0b7dd1511957dec426013f8fd0b1d3310ac9d304a1b44d9ff,,2020,7,0,0,extracted
UNGA75_General_Debate_2020_statements/UNGA75_General_Debate_2020/2020-09-22_AM_06_China_en.pdf,155990,0287bb432160c3b6b9b18942b5c4a8cc9d47ad5cec8f5cd6567401e5a8bb2a3b,,2020,8,0,0,extracted
UNGA75_General_Debate_2020_statements/UNGA75_General_Debate_2020/2020-09-22_AM_06_China_es.pdf,326846,66ccf5d3d1fc155668408fad14b0e0139485acd2b8ed3e47e01600819943a649,,2020,14,0,0,extracted
UNGA75_General_Debate_2020_statements/UNGA75_General_Debate_2020/2020-09-22_AM_06_China_fr.pdf,99009,0e93ca781d2c1ddcc3ce761504a51398e5b2e19ad74f028b427c01cad5dafd31,,2020,11,0,0,extracted
UNGA75_General_Debate_2020_statements/UNGA75_General_Debate_2020/2020-09-22_AM_06_China_ru.pdf,149082,0897aeb8ec61de00920082772e6faea991c58cb2f6edf880a928b3e3ca6bc9ce,,2020,12,0,0,extracted
UNGA75_General_Debate_2020_statements/UNGA75_General_Debate_2020/2020-09-22_AM_06_China_zh.pdf,316652,846d34016c9bf8b894a6182bb7709cb7bb011d34337a982a81bdc6b072110cae,,2020,6,0,0,extracted
UNGA75_General_Debate_2020_statements/UNGA75_General_Debate_2020/2020-09-22_AM_07_Chile_es.pdf,326846,66ccf5d3d1fc155668408fad14b0e0139485acd2b8ed3e47e01600819943a649,UNGA75_General_Debate_2020_statements/UNGA75_General_Debate_2020/2020-09-22_AM_06_China_es.pdf,2020,14,0,0,extracted
UNGA75_General_Debate_2020_statements/UNGA75_General_Debate_2020/2020-09-22_AM_08_South-Africa_en.pdf,116908,26d6d09d330c0a05c4944916b81f5a95c44182a6bbb4fe6ef8ae367194e23782,,2020,10,0,0,extracted
UNGA75_General_Debate_2020_statements/UNGA75_General_Debate_2020/2020-09-22_AM_09_Cuba_ar.pdf,132100,9a5d9359bcd44bf7412f173257d73dc5181934acd147b2f5677e448f9457d5c4,,2020,6,0,0,extracted
UNGA75_General_Debate_2020_statements/UNGA75_General_Debate_2020/2020-09-22_AM_09_Cuba_en.pdf,176387,05868a0d189841f801715f91bb9a8d21a0b3442f2ccd6483f6f5b611ee6e24c3,,2020,13,0,0,extracted
UNGA75_General_Debate_2020_statements/UNGA75_General_Debate_2020/2020-09-22_AM_09_Cuba_es.pdf,122839,65bb4989339ee8d189ebcc53e5183c94d5bda31cc47c43a60ffa56697f244410,,2020,12,1,0,needs_review
UNGA75_General_Debate_2020_statements/UNGA75_General_Debate_2020/2020-09-22_AM_09_Cuba_fr.pdf,158494,e7ccaf275a5f70da23886a9f95c81deff8eb5d5750ec904686ca32b282b1a6ef,,2020,7,0,0,extracted
UNGA75_General_Debate_2020_statements/UNGA75_General_Debate_2020/2020-09-22_AM_09_Cuba_ru.pdf,181664,9ff4f4a65599d004e5433f34c7dd7c060ca1d6b0481f2748b1cd2d07e6916007,,2020,13,0,0,extracted
UNGA75_General_Debate_2020_statements/UNGA75_General_Debate_2020/2020-09-22_AM_10_Russian-Federation_ru.pdf,126038,c12215d473291fc2790226ac9ade3697ae76895108b5f5fa6878bc52ea2ed926,,2020,7,0,0,extracted
UNGA75_General_Debate_2020_statements/UNGA75_General_Debate_2020/2020-09-22_AM_11_Jordan_ar.pdf,108774,8029dedf4e6eb9e43c2da8a86eecfebd81a8391db458b91a21c27800f55ce4b7,,2020,2,0,0,extracted
UNGA75_General_Debate_2020_statements/UNGA75_General_Debate_2020/2020-09-22_AM_11_Jordan_en.pdf,75470,ec2d30870f1e130b83cc3041300269f9411527a9846fcb4301ff65917d710005,,2020,2,0,0,extracted
UNGA75_General_Debate_2020_statements/UNGA75_General_Debate_2020/2020-09-22_AM_12_Republic-of-Korea_en.pdf,139255,20a7d63e362a7883adf715aeb6b9ae8f7739d784b2e53ea6bdc117545c6a2da0,,2020,6,0,0,extracted
UNGA75_General_Debate_2020_statements/UNGA75_General_Debate_2020/2020-09-22_AM_13_Qatar_ar.pdf,167198,5fc0290e54774cfde97d98bc7dd3552cd9f788c068534e0d8e8587dbf6743392,,2020,6,0,0,extracted
UNGA75_General_Debate_2020_statements/UNGA75_General_Debate_2020/2020-09-22_AM_13_Qatar_en.pdf,154502,bc26be30ddfc7c2d93978276cc58786cdfd7d1c1cc88ddb1bc6ad996caa3ca67,,2020,8,0,0,extracted
UNGA75_General_Debate_2020_statements/UNGA75_General_Debate_2020/2020-09-22_AM_13_Qatar_es.pdf,154211,7c91f4d6b3d8bd7be1722f744b71e7036986e0e14a629a8cce294d1fb50d5b82,,2020,11,0,0,extracted
UNGA75_General_Debate_2020_statements/UNGA75_General_Debate_2020/2020-09-22_AM_13_Qatar_fr.pdf,347970,6bdd8881cf51ff5d2db2d6ea2ef99876e39fe1a8bc0b21255e959e733b079d61,,2020,10,0,0,extracted
UNGA75_General_Debate_2020_statements/UNGA75_General_Debate_2020/2020-09-22_AM_14_Philippines_en.pdf,149669,13e22422b35297414d871ef7784b56d443a0dfa37980ae5afff87a1da89d0b4b,,2020,6,0,0,extracted
UNGA75_General_Debate_2020_statements/UNGA75_General_Debate_2020/2020-09-22_AM_15_Iran-Islamic-Republic-of_en.pdf,130333,e47d9091560c63f7d75b752b0bdf444c59cde945e8f6a60aa6355831bbd620e0,,2020,5,0,0,extracted
UNGA75_General_Debate_2020_statements/UNGA75_General_Debate_2020/2020-09-22_AM_16_France_fr.pdf,258205,2a34c9c31ee5b14495099075b4c1a469fb63cc1f395f5acdcbb6deeae8a78ef9,,2020,12,0,0,extracted
UNGA75_General_Debate_2020_statements/UNGA75_General_Debate_2020/2020-09-22_PM_01_Colombia_es.pdf,98169,43b8a9d457ea6f239e18879f72897adef125d6e677f8fffec9ec3a2f8602f54f,,2020,10,0,0,extracted
UNGA75_General_Debate_2020_statements/UNGA75_General_Debate_2020/2020-09-22_PM_02_Turkmenistan_en.pdf,190468,af22f423f690f3fca045d2e5cb9c9e04a1a425e949aef76d514bd587cf8ce8db,,2020,8,0,0,extracted
UNGA75_General_Debate_2020_statements/UNGA75_General_Debate_2020/2020-09-22_PM_02_Turkmenistan_ru.pdf,215022,78a33774fd3602567d0dc9892e53a0362b745f27e6651687e0fe223bbc7a5b37,,2020,9,0,0,extracted
UNGA75_General_Debate_2020_statements/UNGA75_General_Debate_2020/2020-09-22_PM_03_Egypt_ar.pdf,931920,798a402edb6f8a1373a8027049f7286a253e1625cbdfa2f8a5ee162067b8aee6,,2020,10,0,0,extracted
UNGA75_General_Debate_2020_statements/UNGA75_General_Debate_2020/2020-09-22_PM_04_Tajikistan_en.pdf,723173,0a77aa18e5d7dbaf7f59346f5a3b1ed0cb442e078cbe6984a4595772e6f72887,,2020,7,0,0,extracted
UNGA75_General_Debate_2020_statements/UNGA75_General_Debate_2020/2020-09-22_PM_05_Mexico_es.pdf,203271,b9b98357260a78c23d09f43d8682a3556ad7fb7a3bf406a85459508296f4e1ee,,2020,4,0,0,extracted
UNGA75_General_Debate_2020_statements/UNGA75_General_Debate_2020/2020-09-22_PM_06_Uruguay_es.pdf,124904,0136d0e38384b63abdbbff8366d7ceb0d40d4c589c2d4e32cdf0b5d40b50f20d,,2020,5,0,0,extracted
UNGA75_General_Debate_2020_statements/UNGA75_General_Debate_2020/2020-09-22_PM_07_Seychelles_en.pdf,149261,ded067433250b587fc09c53434fb9559e6dc6d93159a4dbf348f80c3193fbb04,,2020,4,0,0,extracted
UNGA75_General_Debate_2020_statements/UNGA75_General_Debate_2020/2020-09-22_PM_08_Rwanda_en.pdf,245214,8d046f8ab5c7b40d583cce054015de60a446183d0eb3834e34b8b61261ea2bd6,,2020,4,0,0,extracted
UNGA75_General_Debate_2020_statements/UNGA75_General_Debate_2020/2020-09-22_PM_09_Angola_en.pdf,141059,75243c2e2913fd422a76d88c595a91b9c388e1ef543a551a79d09ba7657ab293,,2020,5,0,0,extracted
UNGA75_General_Debate_2020_statements/UNGA75_General_Debate_2020/2020-09-22_PM_09_Angola_other.pdf,59969,105449734fc6cd4ee81b5349e08fbcbd795597778ce3bd6d5a0bf83b08b4b429,,2020,4,0,0,extracted
UNGA75_General_Debate_2020_statements/UNGA75_General_Debate_2020/2020-09-22_PM_10_Argentina_es.pdf,229273,f89ed73ec46d43e89ed4ff4031e1a7c3c62e7656ba805f962c773e3497b84eea,,2020,7,0,0,extracted
UNGA75_General_Debate_2020_statements/UNGA75_General_Debate_2020/2020-09-22_PM_11_Latvia_en.pdf,271225,91f766c2c9c897432ef54534e3e73462097e932b39e9ef5f56b3ec16eb9ac94e,,2020,4,0,0,extracted
UNGA75_General_Debate_2020_statements/UNGA75_General_Debate_2020/2020-09-22_PM_12_Lithuania_en.pdf,223583,12dc0256749bb2bc32cc30053cf47ec8102ac619a5f7de8b59490e580c0d7df7,,2020,5,0,0,extracted
UNGA75_General_Debate_2020_statements/UNGA75_General_Debate_2020/2020-09-22_PM_13_Nigeria_en.pdf,359490,6f8a4371411a67fafbcef649e3c4944b5184a4ba7dcd3d295783a34cc3b9fde9,,2020,15,0,0,extracted
UNGA75_General_Debate_2020_statements/UNGA75_General_Debate_2020/2020-09-22_PM_14_Costa-Rica_es.pdf,109651,cb32081f40b7a338206cbbb0357a63d94d552e98adc248695f3817442e56ee4e,,2020,5,0,0,extracted
UNGA75_General_Debate_2020_statements/UNGA75_General_Debate_2020/2020-09-22_PM_15_Sri-Lanka_en.pdf,522311,c70714c1927963127d8b4e6a690731ff8cadbeaa26cf69dd3ac734337e0f686c,,2020,6,0,0,extracted
UNGA75_General_Debate_2020_statements/UNGA75_General_Debate_2020/2020-09-22_PM_16_Indonesia_en.pdf,169623,c69fe002b77f19e961aa9587868e359af8788dbb44d9ff40b53a9feb4eb8d7a7,,2020,6,0,0,extracted
UNGA75_General_Debate_2020_statements/UNGA75_General_Debate_2020/2020-09-22_PM_16_Indonesia_other.pdf,164174,31f067f83916b1f61155342cd3e158aebfcf318b3a9fa10e4df68b88651e1e51,,2020,7,1,0,needs_review
UNGA75_General_Debate_2020_statements/UNGA75_General_Debate_2020/2020-09-22_PM_17_Peru_es.pdf,147915,04deac8e622868545646e44d4b8752d11f0cac768d7cf96ffaa12a6ef9d673e9,,2020,10,0,0,extracted
UNGA75_General_Debate_2020_statements/UNGA75_General_Debate_2020/2020-09-22_PM_18_Democratic-Republic-of-the-Congo_fr.pdf,986801,dcdb78ac248aa712c831db15cf8e18c2c8fea3dafa132897f559f8b3457c2154,,2020,8,8,0,needs_review
UNGA75_General_Debate_2020_statements/UNGA75_General_Debate_2020/2020-09-23_AM_01_Bosnia-and-Herzegovina_en.pdf,132206,64f30f193e3dc24b2bdf2f18bea3aea8d8d383cd4a4137a72b356ff88bfa9a07,,2020,7,0,0,extracted
UNGA75_General_Debate_2020_statements/UNGA75_General_Debate_2020/2020-09-23_AM_02_Uzbekistan_ar.pdf,110452,94d6a4cc62994c0087390718b4d58da413c89aa39886712be5ec24a62c3592f2,,2020,8,0,0,extracted
UNGA75_General_Debate_2020_statements/UNGA75_General_Debate_2020/2020-09-23_AM_02_Uzbekistan_en.pdf,105563,57a777aaaa6a816e40c4b16b540313e8f44072c765cca6677ff14e26f3699831,,2020,7,0,0,extracted
UNGA75_General_Debate_2020_statements/UNGA75_General_Debate_2020/2020-09-23_AM_02_Uzbekistan_es.pdf,83713,36ddea1c98ee77737857567ce740e44a45ff59ea46d14b15817a33741192c080,,2020,9,0,0,extracted
UNGA75_General_Debate_2020_statements/UNGA75_General_Debate_2020/2020-09-23_AM_02_Uzbekistan_fr.pdf,113341,61fe45356155a8b8e94eb046e559cc197b43170e6f3d4b6f373c81593e28d8de,,2020,9,0,0,extracted
UNGA75_General_Debate_2020_statements/UNGA75_General_Debate_2020/2020-09-23_AM_02_Uzbekistan_ru.pdf,146988,57babfb1a2938e13c58ac97c012af4ce52059466109df557d0f17d68a01583a1,,2020,9,0,0,extracted
UNGA75_General_Debate_2020_statements/UNGA75_General_Debate_2020/2020-09-23_AM_02_Uzbekistan_zh.pdf,417547,46a7edb7df80bffe39a2767f95894cbac72ed9a2282a0007ef792c5dc0eb4716,,2020,5,1,0,needs_review
UNGA75_General_Debate_2020_statements/UNGA75_General_Debate_2020/2020-09-23_AM_03_Hungary_en.pdf,289494,ffe69246afd1b53571c153692abfecf1bad1490c91ce67378462877702ca700c,,2020,2,0,0,extracted
UNGA75_General_Debate_2020_statements/UNGA75_General_Debate_2020/2020-09-23_AM_04_Kazakhstan_en.pdf,221003,95ca9ce4fcd3e58d2c63889bd58d49f37b63698daea349e80b008345c9779310,,2020,6,0,0,extracted
UNGA75_General_Debate_2020_statements/UNGA75_General_Debate_2020/2020-09-23_AM_05_Saudi-Arabia_ar.pdf,1719914,95b1d2680cf77b43f4aabdb11375d5b799628db8a2ac75bbbe8e3188502d6572,,2020,6,6,0,needs_review
UNGA75_General_Debate_2020_statements/UNGA75_General_Debate_2020/2020-09-23_AM_05_Saudi-Arabia_en.pdf,1366154,fed6144a9f003be87d3953afcfaa25c9f3dbd39ec6fb1e95a54552c8c174ee95,,2020,4,4,0,needs_review
UNGA75_General_Debate_2020_statements/UNGA75_General_Debate_2020/2020-09-23_AM_06_North-Macedonia_en.pdf,292237,54ce47c1b7f2105c06c939b5dbec7478617c01cf59b9b6d7181ffeea8d15469a,,2020,3,0,0,extracted
UNGA75_General_Debate_2020_statements/UNGA75_General_Debate_2020/2020-09-23_AM_07_Ghana_en.pdf,92842,3d4ea4360a32239959a42246832098ad627a04a04682b0ca068cf67c79f95cab,,2020,4,0,0,extracted
UNGA75_General_Debate_2020_statements/UNGA75_General_Debate_2020/2020-09-23_AM_08_Mozambique_en.pdf,130587,14291c20f335061890011fe670c2d650d24eb16d1c34da7f667c092b5c55a53d,,2020,6,0,0,extracted
UNGA75_General_Debate_2020_statements/UNGA75_General_Debate_2020/2020-09-23_AM_09_Iraq_ar.pdf,128159,daa149d9225fc34f5f30c0428b898f65334fca4fcc6028aa7bee15180fd43313,,2020,11,0,0,extracted
UNGA75_General_Debate_2020_statements/UNGA75_General_Debate_2020/2020-09-23_AM_10_Finland_en.pdf,293324,75d0187d2119a216ebadf0858ede7e487727af054fcf968438b9246585688c7e,,2020,5,0,0,extracted
UNGA75_General_Debate_2020_statements/UNGA75_General_Debate_2020/2020-09-23_AM_11_Kyrgyzstan_ru.pdf,190583,ef9fc6f71c831ad8ffcc63a9abb6d631a395b22ca9084f6fc5e5c04af93b5f2a,,2020,4,0,0,extracted
UNGA75_General_Debate_2020_statements/UNGA75_General_Debate_2020/2020-09-23_AM_12_Palau_en.pdf,66846,ae9870c44aca243b6b7a597f0264008fd90a2b103471934f5f089e1e0969aea1,,2020,6,0,0,extracted
UNGA75_General_Debate_2020_statements/UNGA75_General_Debate_2020/2020-09-23_AM_13_Republic-of-Moldova_en.pdf,133456,f8bddca7469e0999e33d62de4128fceaad0d80e474128ac926ca3f5abd0207ee,,2020,8,1,0,needs_review
UNGA75_General_Debate_2020_statements/UNGA75_General_Debate_2020/2020-09-23_AM_14_Algeria_ar.pdf,251611,0a8e15e5be62d871d89803f5a092420bec4572d9d11af9e6f010a7a365def0ce,,2020,8,0,0,extracted
UNGA75_General_Debate_2020_statements/UNGA75_General_Debate_2020/2020-09-23_AM_15_Honduras_es.pdf,63872,d6bfe9d32a5e817466b1afef4364b73955fc6e84cbb426ffe4934abb815e9b5f,,2020,5,0,0,extracted
UNGA75_General_Debate_2020_statements/UNGA75_General_Debate_2020/2020-09-23_AM_16_Lebanon_ar.pdf,149932,090cf516b1d09d5c7de1c6f56a5bbf7934976366e8509ef03bc36a3b2525ee95,,2020,6,0,0,extracted
UNGA75_General_Debate_2020_statements/UNGA75_General_Debate_2020/2020-09-23_AM_16_Lebanon_en.pdf,111220,9c2075aebb08cc45eefd7816c2def1e0cb90695bbc396c17f03acd9d89bf46bb,,2020,5,0,0,extracted
UNGA75_General_Debate_2020_statements/UNGA75_General_Debate_2020/2020-09-23_AM_16_Lebanon_fr.pdf,113118,bd66fda07b5b47e35e231cef2719e9e9ed41e9c2f058512aeb374d821bfaedd7,,2020,5,0,0,extracted
UNGA75_General_Debate_2020_statements/UNGA75_General_Debate_2020/2020-09-23_AM_17_Slovakia_en.pdf,125576,6177e27908f6679141959c703cdadd46878c9a73071d162da54045dbb028e236,,2020,3,0,0,extracted
UNGA75_General_Debate_2020_statements/UNGA75_General_Debate_2020/2020-09-23_AM_18_Kenya_en.pdf,198264,32ec7220ae8b56653cd1b4d27002fadaf75630873b9e9909ea606536436cbe0f,,2020,25,1,0,needs_review
UNGA75_General_Debate_2020_statements/UNGA75_General_Debate_2020/2020-09-23_AM_19_Namibia_en.pdf,327462,892eec5d3c1feb2d79fa27648dbfedddc571017332f19a80db19c2d56e58acd1,,2020,6,0,0,extracted
UNGA75_General_Debate_2020_statements/UNGA75_General_Debate_2020/2020-09-23_AM_20_Liberia_en.pdf,126169,8b6757a94a1e8395d279fe63fcdcaddad01cd0e3fe9e907ef84a98364777a8fc,,2020,5,0,0,extracted
UNGA75_General_Debate_2020_statements/UNGA75_General_Debate_2020/2020-09-23_PM_01_Ecuador_es.pdf,226192,fc420afd270430a7e90172f6ff60e5b84ea945214f4b2ff942c51bdef9ffdae1,,2020,5,0,0,extracted
UNGA75_General_Debate_2020_statements/UNGA75_General_Debate_2020/2020-09-23_PM_02_Bolivia-Plurinational-State-of_es.pdf,61072,73cb157de6b0ee3062fdad31fa7797e1d3ad7d8404edf66877c6cde378a68370,,2020,5,0,0,extracted
UNGA75_General_Debate_2020_statements/UNGA75_General_Debate_2020/2020-09-23_PM_03_Ukraine_en.pdf,118390,7a479a1a47e1c35b62f206c289e9b6d0b5f2a7358d1d789bef5fe6bf76415290,,2020,5,0,0,extracted
UNGA75_General_Debate_2020_statements/UNGA75_General_Debate_2020/2020-09-23_PM_04_Suriname_en.pdf,258601,18c8036df3064c4d6ac9b291882e1edf026748084088fa3085a7cab475547cde,,2020,7,0,0,extracted
UNGA75_General_Debate_2020_statements/UNGA75_General_Debate_2020/2020-09-23_PM_05_Switzerland_en.pdf,432451,7d10d905ccfc4a88fbe019ef8896ebbe0f1e17a4b18df8e6b4138e0abf487890,,2020,5,0,0,extracted
UNGA75_General_Debate_2020_statements/UNGA75_General_Debate_2020/2020-09-23_PM_05_Switzerland_fr.pdf,359541,0dff64d25e49e743cac63a21c021833260bd779ff0dffda1c01a64ecb726e9b0,,2020,5,0,0,extracted
UNGA75_General_Debate_2020_statements/UNGA75_General_Debate_2020/2020-09-23_PM_06_Serbia_en.pdf,85256,05ed6d06e7ea908e8ada0a242b93499d369d352a114249e8515f97a4a3d7acba,,2020,7,0,0,extracted
UNGA75_General_Debate_2020_statements/UNGA75_General_Debate_2020/2020-09-23_PM_07_Guyana_en.pdf,145145,601f977fbc24237ff733a2f694433003c010b35001414f13d7276dc6795bae5b,,2020,7,0,0,extracted
UNGA75_General_Debate_2020_statements/UNGA75_General_Debate_2020/2020-09-23_PM_08_Paraguay_es.pdf,89620,cf5356def5e08985d6d04c566d157add7b87d68cc5d781b48337ab7231bfe108,,2020,4,0,0,extracted
UNGA75_General_Debate_2020_statements/UNGA75_General_Debate_2020/2020-09-23_PM_09_Afghanistan_en.pdf,206306,8d70a3bbef484e53175ed9169eb241c54c498428556b31fa1b5fc53748f739d1,,2020,9,0,0,extracted
UNGA75_General_Debate_2020_statements/UNGA75_General_Debate_2020/2020-09-23_PM_10_Poland_en.pdf,153588,1830c4dfbeca346f726f3b50821dca78286acc367ebd5c52056501f492894fe2,,2020,11,0,0,extracted
UNGA75_General_Debate_2020_statements/UNGA75_General_Debate_2020/2020-09-23_PM_11_Dominican-Republic_en.pdf,706889,06e3b2994732a340713120e3b32e250a7eda0b96081db0560da527c265de8981,,2020,8,0,0,extracted
UNGA75_General_Debate_2020_statements/UNGA75_General_Debate_2020/2020-09-23_PM_12_Venezuela-Bolivarian-Republic-of_ar.pdf,527980,e8e472bf111ab420e44c2a32f61c974c61dfc4d3b7d2fa782bb2305d229652a9,,2020,7,0,0,extracted
UNGA75_General_Debate_2020_statements/UNGA75_General_Debate_2020/2020-09-23_PM_12_Venezuela-Bolivarian-Republic-of_en.pdf,166487,1a935932789b229759c06cde1863a7b7efa61d785164ec4f13069655ae3af6b0,,2020,11,0,0,extracted
UNGA75_General_Debate_2020_statements/UNGA75_General_Debate_2020/2020-09-23_PM_12_Venezuela-Bolivarian-Republic-of_es.pdf,164109,ca89b9e0cc661491bcbbe03fe860e20600e5ae35ff4d1c1b122d551932b886cb,,2020,11,0,0,extracted
UNGA75_General_Debate_2020_statements/UNGA75_General_Debate_2020/2020-09-23_PM_12_Venezuela-Bolivarian-Republic-of_fr.pdf,576518,afa4d99ec48a48e4bee948e9331ee93507e0538ff907e1d69415822c6def0ff9,,2020,11,0,0,extracted
UNGA75_General_Debate_2020_statements/UNGA75_General_Debate_2020/2020-09-23_PM_12_Venezuela-Bolivarian-Republic-of_ru.pdf,200456,6bd5b836025d7b04240a9ac5284a33d0a5f28853c744c59a95a1117b7cb794e9,,2020,12,0,0,extracted
UNGA75_General_Debate_2020_statements/UNGA75_General_Debate_2020/2020-09-23_PM_12_Venezuela-Bolivarian-Republic-of_zh.pdf,270520,0c08708321e332f87662893a5e0e6c3495f080f9297712d79227c37bef7b601e,,2020,11,0,0,extracted
UNGA75_General_Debate_2020_statements/UNGA75_General_Debate_2020/2020-09-23_PM_13_Panama_es.pdf,72971,98747731c6afc62dadd8ccd2ad585cfdc404291a1c76f2940228243d27e54b1d,,2020,6,0,0,extracted
UNGA75_General_Debate_2020_statements/UNGA75_General_Debate_2020/2020-09-23_PM_14_Mongolia_en.pdf,78966,997c7ca62e2c4b5d057ab903f8659b279cb72cd8c50a0d25135ee7de4ae5edc8,,2020,2,0,0,extracted
UNGA75_General_Debate_2020_statements/UNGA75_General_Debate_2020/2020-09-23_PM_15_Marshall-Islands_en.pdf,234873,6e911c9327e38a5d24ad291d2ace497404451c4004bb67f6e9c88aae1418024c,,2020,5,0,0,extracted
UNGA75_General_Debate_2020_statements/UNGA75_General_Debate_2020/2020-09-24_AM_01_Niger_fr.pdf,264075,dfbf7af68a02a170d0357af5592971f8a2db134ab2e9983749ccef262da2cefa,,2020,12,0,0,extracted
UNGA75_General_Debate_2020_statements/UNGA75_General_Debate_2020/2020-09-24_AM_02_Cote-d-Ivoire_fr.pdf,220543,fd8780a3266933484ac21db25c3b38175704aa965c0a8eadd87bc43d151e3b32,,2020,6,0,0,extracted
UNGA75_General_Debate_2020_statements/UNGA75_General_Debate_2020/2020-09-24_AM_03_Albania_en.pdf,173649,4de52b8e0bcd80c7541e4f0fbb02dfe12c4eb46fcde2907672f06e85418bff7a,,2020,12,1,0,needs_review
UNGA75_General_Debate_2020_statements/UNGA75_General_Debate_2020/2020-09-24_AM_04_Slovenia_en.pdf,168901,4edb224229f80dd725a38e68ef04790d0e0b098dd276b4e3975a3bc7695ecd51,,2020,5,0,0,extracted
UNGA75_General_Debate_2020_statements/UNGA75_General_Debate_2020/2020-09-24_AM_05_Monaco_fr.pdf,80971,3ab98825a478a2d1a908e22ec29aafed014280347272437347250f07c642ce66,,2020,14,0,0,extracted
UNGA75_General_Debate_2020_statements/UNGA75_General_Debate_2020/2020-09-24_AM_06_Yemen_ar.pdf,223276,f914210e19fa578518adc8531a8312f4dedffe2d917c9811ec44882e742486b0,,2020,4,4,0,needs_review
UNGA75_General_Debate_2020_statements/UNGA75_General_Debate_2020/2020-09-24_AM_07_Burkina-Faso_fr.pdf,1423504,124245bcad2203cde9d8b809296887f5e1906caec52b602bf0ffed62855feaa8,,2020,7,7,0,needs_review
UNGA75_General_Debate_2020_statements/UNGA75_General_Debate_2020/2020-09-24_AM_08_Estonia_en.pdf,125512,5d35ae59a5f1db2b69d42bc3533142c68abb5059a78fd63506b41bcd755be13a,,2020,3,0,0,extracted
UNGA75_General_Debate_2020_statements/UNGA75_General_Debate_2020/2020-09-24_AM_09_Malawi_en.pdf,119060,3f81c7d6f1bb1fbc45d8b6dfbf8e47ffccdd180a70358135be44c9b6c7e1bd41,,2020,10,0,0,extracted
UNGA75_General_Debate_2020_statements/UNGA75_General_Debate_2020/2020-09-24_AM_10_Congo_fr.pdf,2684475,0c7f4ad12d5d4828fe7933300fdc451187b21d20f154cbfc5ce056b28e56325c,,2020,10,10,0,needs_review
UNGA75_General_Debate_2020_statements/UNGA75_General_Debate_2020/2020-09-24_AM_12_Botswana_en.pdf,317153,c8e66ee0bf09871e32bbde2d2ca640ecb724613cb434f4a51eba1c773d9b5281,,2020,16,0,0,extracted
UNGA75_General_Debate_2020_statements/UNGA75_General_Debate_2020/2020-09-24_AM_13_Guinea_fr.pdf,192340,73d31e6cc9958c960b5c31ac53c39c32884475369a3dd31107cc0eb7f2f41fd3,,2020,7,0,0,extracted
UNGA75_General_Debate_2020_statements/UNGA75_General_Debate_2020/2020-09-24_AM_14_Gambia_en.pdf,209848,0f93981578705c4e4784976b0abf625eea33cc03b08d4688e3f876a13d96f42f,,2020,7,0,0,extracted
UNGA75_General_Debate_2020_statements/UNGA75_General_Debate_2020/2020-09-24_AM_15_Gabon_fr.pdf,159609,8706749c6d0e9bb3cb7985b97e9dfcc29d6cffec350d5573806ce31362ba0ac2,,2020,13,1,0,needs_review
UNGA75_General_Debate_2020_statements/UNGA75_General_Debate_2020/2020-09-24_AM_16_Libya_ar.pdf,231218,80ec230f0efb5b93adcdeeaee6cb1c9c2ed44b353ba622c0107b3b3dcc2d59e5,,2020,10,0,0,extracted
UNGA75_General_Debate_2020_statements/UNGA75_General_Debate_2020/2020-09-24_AM_17_Cyprus_en.pdf,4705746,af3d5993fdee55adc2d878e26f06df634e0a40e9fd37d605e6c09d3b5f905de6,,2020,13,13,0,needs_review
UNGA75_General_Debate_2020_statements/UNGA75_General_Debate_2020/2020-09-24_PM_01_Azerbaijan_en.pdf,171885,99b61d044fcc9c6b58799a22915933966b1879079556aa5c02c2ffe78c534906,,2020,11,0,0,extracted
UNGA75_General_Debate_2020_statements/UNGA75_General_Debate_2020/2020-09-24_PM_02_Zambia_en.pdf,248335,f0ae3f8518772d2fc70b271f2f2f9d0846367fb2428cfe5ff062a571a83bd51c,,2020,5,5,0,needs_review
UNGA75_General_Debate_2020_statements/UNGA75_General_Debate_2020/2020-09-24_PM_03_Equatorial-Guinea_es.pdf,471238,b2997821ec532058e740c73347f33c6b9a6467c1c9d417925af9669e86daa7f5,,2020,14,14,0,needs_review
UNGA75_General_Debate_2020_statements/UNGA75_General_Debate_2020/2020-09-24_PM_04_Haiti_fr.pdf,167714,4f318cd90e616c9cb7755d119616ab5456de988ff12ee1494f91b03168ed889a,,2020,7,0,0,extracted
UNGA75_General_Debate_2020_statements/UNGA75_General_Debate_2020/2020-09-24_PM_05_Viet-Nam_en.pdf,208316,2ce1996fe43dab56c6ba05b984b85fe737dd81ab0800661d3ed3422b103efcf5,,2020,4,0,0,extracted
UNGA75_General_Debate_2020_statements/UNGA75_General_Debate_2020/2020-09-24_PM_07_Timor-Leste_en.pdf,409844,1a95e305eeb21c88a820eb95bc656ef2bb57595d694289aeade5e0426eef09bf,,2020,7,7,0,needs_review
UNGA75_General_Debate_2020_statements/UNGA75_General_Debate_2020/2020-09-24_PM_08_Sao-Tome-and-Principe_en.pdf,62732,cbec7fba01ed2d6f124c2a12833a7aa682dce5c737da3cc06e8fbc3dcd6607cd,,2020,4,0,0,extracted
UNGA75_General_Debate_2020_statements/UNGA75_General_Debate_2020/2020-09-24_PM_08_Sao-Tome-and-Principe_other.pdf,110411,d204c99b7e7f8533f6c3a22ea2cec4c0484a0c062d2e6158f441684f847f87c5,,2020,5,0,0,extracted
UNGA75_General_Debate_2020_statements/UNGA75_General_Debate_2020/2020-09-24_PM_09_the-Comoros_fr.pdf,246921,3d951a5745a34a06b36a15d5a2b3f92dd2da77af6282317be85c2fad7c25da6e,,2020,6,0,0,extracted
UNGA75_General_Debate_2020_statements/UNGA75_General_Debate_2020/2020-09-24_PM_11_Guinea-Bissau_fr.pdf,130665,825ab99461f89f0bd9cc9f0661f3c8377a61868afb909124979388e0b0433e4c,,2020,4,1,0,needs_review
UNGA75_General_Debate_2020_statements/UNGA75_General_Debate_2020/2020-09-24_PM_12_Somalia_en.pdf,67222,1f2359d29dcbfc9bbedd82cb55dd46388be7705f877855790353328be38ba142,,2020,5,0,0,extracted
UNGA75_General_Debate_2020_statements/UNGA75_General_Debate_2020/2020-09-24_PM_13_Central-African-Republic_fr.pdf,2848031,4757325d92f68910b9ba4ddc7d0765d9f40e495449467c4115ce587d275f2fbc,,2020,8,8,0,needs_review
UNGA75_General_Debate_2020_statements/UNGA75_General_Debate_2020/2020-09-24_PM_14_Djibouti_fr.pdf,365225,7b35a2d8cad5cb588bae8d2bf853ac1e0cd409f30c990b1bfbe003522c47adfa,,2020,14,14,0,needs_review
UNGA75_General_Debate_2020_statements/UNGA75_General_Debate_2020/2020-09-24_PM_15_Burundi_fr.pdf,174400,693b4f84d17de1fbf2d5f506fef40685633c0e40b6942b4dac03378e6e836703,,2020,30,0,0,extracted
UNGA75_General_Debate_2020_statements/UNGA75_General_Debate_2020/2020-09-24_PM_16_Sierra-Leone_en.pdf,123076,e767b6408105efa6fd1235b046a87e55ec419390b076baec6d42fe3b86c41434,,2020,12,0,0,extracted
UNGA75_General_Debate_2020_statements/UNGA75_General_Debate_2020/2020-09-25_AM_01_Micronesia-Federated-States-of_en.pdf,269484,64c9aff18fc335244a2861951a71337d4a5975041b44a6fe1883c3eff1afd349,,2020,5,0,0,extracted
UNGA75_General_Debate_2020_statements/UNGA75_General_Debate_2020/2020-09-25_AM_02_Holy-See_en.pdf,104484,befe38a70006354b1656dff73f605b17a2ee099941a1daa373900b0bb875a8a8,,2020,6,0,0,extracted
UNGA75_General_Debate_2020_statements/UNGA75_General_Debate_2020/2020-09-25_AM_02_Holy-See_es.pdf,155482,92a36f7a541ddb95d02be2ac278e327034bbd4b614e77cb686f9b619dafb11cf,,2020,9,0,0,extracted
UNGA75_General_Debate_2020_statements/UNGA75_General_Debate_2020/2020-09-25_AM_03_State-of-Palestine_ar.pdf,149343,210c18f751a792516cb37950c53c10c07c241d9945e93e0cf8b2f156e011497c,,2020,5,0,0,extracted
UNGA75_General_Debate_2020_statements/UNGA75_General_Debate_2020/2020-09-25_AM_03_State-of-Palestine_en.pdf,143588,e932745676995c5eb70c8a9ba00911ef5cd672832a59124c12052ca9a52238fc,,2020,3,0,0,extracted
UNGA75_General_Debate_2020_statements/UNGA75_General_Debate_2020/2020-09-25_AM_04_European-Union_en.pdf,263553,6069396469d818d7a6cd0fe57745db4141e6612c3850ff04b2f33a77c2ae7821,,2020,6,0,0,extracted
UNGA75_General_Debate_2020_statements/UNGA75_General_Debate_2020/2020-09-25_AM_04_European-Union_fr.pdf,169909,87cf35d13810f4800bb492a649ee173bd9efe08504a8c289e88cb7dd53cbbea2,,2020,6,0,0,extracted
UNGA75_General_Debate_2020_statements/UNGA75_General_Debate_2020/2020-09-25_AM_05_Netherlands_en.pdf,130976,e92d735efcbf712f41b12edaa7c7eef06929309ccb528d78ec8b0901064b4349,,2020,7,0,0,extracted
UNGA75_General_Debate_2020_statements/UNGA75_General_Debate_2020/2020-09-25_AM_06_Nepal_en.pdf,182151,a6eb14bb4317e7bd4985b2935d0e7537ef30081ec3e18fa87d31f8136516c69d,,2020,17,0,0,extracted
UNGA75_General_Debate_2020_statements/UNGA75_General_Debate_2020/2020-09-25_AM_07_Georgia_en.pdf,82383,f330570aeba033935cdb6243955000686c342f26cec229663fc41b1df1deb391,,2020,5,0,0,extracted
UNGA75_General_Debate_2020_statements/UNGA75_General_Debate_2020/2020-09-25_AM_08_Czechia_en.pdf,412667,27333eb13fecf2e9af52e6288583e6826a67d331710ceb3254e70ec63e0633d2,,2020,7,0,0,extracted
UNGA75_General_Debate_2020_statements/UNGA75_General_Debate_2020/2020-09-25_AM_09_Greece_en.pdf,35723,f430501a0e51029d02cc62d698bafa1f1250ba6a3052278b45cd65905ecab249,,2020,6,0,0,extracted
UNGA75_General_Debate_2020_statements/UNGA75_General_Debate_2020/2020-09-25_AM_10_Croatia_en.pdf,216302,2598d60380d5ff21fbcbaaf3b29528de7a04e977eb9a1894d9dbcaf3c28ad840,,2020,10,0,0,extracted
UNGA75_General_Debate_2020_statements/UNGA75_General_Debate_2020/2020-09-25_AM_11_Italy_en.pdf,134691,efa0e37dabf630cbfe63e2442ea9e1d2c6a3308538951f86c1ce3680cb3f0b98,,2020,12,0,0,extracted
UNGA75_General_Debate_2020_statements/UNGA75_General_Debate_2020/2020-09-25_AM_11_Italy_other.pdf,292904,2f9729032f12ded05e9063b2e90cee26900a3e6da616e6ca3616321dc478b8c9,,2020,12,0,0,extracted
UNGA75_General_Debate_2020_statements/UNGA75_General_Debate_2020/2020-09-25_AM_12_Armenia_en.pdf,116764,9f7b3dd0c056b243d30b2130462eeb2f12908a9aa5959c71a706fefc2f528d8a,,2020,4,0,0,extracted
UNGA75_General_Debate_2020_statements/UNGA75_General_Debate_2020/2020-09-25_AM_13_Pakistan_en.pdf,554295,ed6def6edb0a563d7ccae1b611ed3e9e8e5000b645eb58c5943083cfcb505a91,,2020,9,9,0,needs_review
UNGA75_General_Debate_2020_statements/UNGA75_General_Debate_2020/2020-09-25_AM_14_Kuwait_ar.pdf,9692645,e5f26ca9fd1586dfe0f9e19c68bae8112406991083cda564adce728a163935dd,,2020,23,23,0,needs_review
UNGA75_General_Debate_2020_statements/UNGA75_General_Debate_2020/2020-09-25_AM_14_Kuwait_en.pdf,11425858,8ff441b50b229d95240891ed25eed710f3cb512349dad796fc921022fbaee6a1,,2020,17,17,0,needs_review
UNGA75_General_Debate_2020_statements/UNGA75_General_Debate_2020/2020-09-25_AM_15_Tuvalu_en.pdf,154215,0bb0251992dc22533bdfe2a69de996c3b597926333032bbe0eceba3f5aa4bba1,,2020,5,0,0,extracted
UNGA75_General_Debate_2020_statements/UNGA75_General_Debate_2020/2020-09-25_AM_16_Spain_en.pdf,5707786,3d3579c914805d3ed0289dc5d0f8a9a85bcb6e8b3dd6cebe9603c8d07b954c06,,2020,23,23,0,needs_review
UNGA75_General_Debate_2020_statements/UNGA75_General_Debate_2020/2020-09-25_PM_01_Kiribati_en.pdf,184800,f6101eaecb6995cb4ee50e878bc36e229da4a2db590b048d31f625cee9893e02,,2020,7,0,0,extracted
UNGA75_General_Debate_2020_statements/UNGA75_General_Debate_2020/2020-09-25_PM_02_Portugal_fr.pdf,382730,603897281621a9312a74841213a94c0b614f6874e46cd1bd880d8ef1d9713500,,2020,7,7,0,needs_review
UNGA75_General_Debate_2020_statements/UNGA75_General_Debate_2020/2020-09-25_PM_02_Portugal_other.pdf,366427,dff8290bb945db092d5c4bdeee523f8407c9e8e88b6fb3d5918032f33a269b73,,2020,7,7,0,needs_review
UNGA75_General_Debate_2020_statements/UNGA75_General_Debate_2020/2020-09-25_PM_03_Bulgaria_en.pdf,265513,b808f5b8833119f1de547fced2fa3452b019d402d3dc7af45f14949e23bd739b,,2020,6,0,0,extracted
UNGA75_General_Debate_2020_statements/UNGA75_General_Debate_2020/2020-09-25_PM_04_Ethiopia_en.pdf,165425,a49e24eb00898ef6721c929eb3f2ba8b793a9ac5c9f5fab188dc15e6b3bba6e2,,2020,6,0,0,extracted
UNGA75_General_Debate_2020_statements/UNGA75_General_Debate_2020/2020-09-25_PM_05_Denmark_en.pdf,69376,60955ae84babe99b573bccac1761a2badb0a28aaaed247f117a3c18a8817ed87,,2020,3,0,0,extracted
UNGA75_General_Debate_2020_statements/UNGA75_General_Debate_2020/2020-09-25_PM_06_Luxembourg_fr.pdf,101970,de51213b2542f0b1e3e0112788db317ee1627f42eb591baa00f87af9e23ca324,,2020,11,0,0,extracted
UNGA75_General_Debate_2020_statements/UNGA75_General_Debate_2020/2020-09-25_PM_07_Thailand_en.pdf,220778,e495df667f0a179ff61fd4e46ab71dafd2e33cf908aedc480f388cef3e23c517,,2020,6,0,0,extracted
UNGA75_General_Debate_2020_statements/UNGA75_General_Debate_2020/2020-09-25_PM_08_Canada_en.pdf,114235,0bc4ee40c52c834cf9f011a772b0bd1c1ddf7f971ec086e3a31bb418c1252410,,2020,4,0,0,extracted
UNGA75_General_Debate_2020_statements/UNGA75_General_Debate_2020/2020-09-25_PM_09_Antigua-and-Barbuda_en.pdf,144610,6a112c10e7704af039ccbf4225beab797b041d673f2170a670fdcc62ed68cbf7,,2020,6,0,0,extracted
UNGA75_General_Debate_2020_statements/UNGA75_General_Debate_2020/2020-09-25_PM_10_Australia_en.pdf,100169,ddbaffe178396282ea4ee4b708839be51897a3695e3620f43517f9c3468f3b5a,,2020,10,0,0,extracted
UNGA75_General_Debate_2020_statements/UNGA75_General_Debate_2020/2020-09-25_PM_11_Bhutan_en.pdf,235971,3fa62ed1db09af4848ad12458bab5daadc4ae7ed8cc4fe0b7cad2f20ac296e8c,,2020,9,0,0,extracted
UNGA75_General_Debate_2020_statements/UNGA75_General_Debate_2020/2020-09-25_PM_12_Japan_en.pdf,154886,09bab937b526ecfc848e57fdb3fc2f83ead6a80cad40f3be5aebde6f4e6c987e,,2020,5,0,0,extracted
UNGA75_General_Debate_2020_statements/UNGA75_General_Debate_2020/2020-09-25_PM_12_Japan_other.pdf,367757,47a95e9bb0455000f2ce41e75da399fb0fe53c208a1f235427a7c78da5644d17,,2020,4,0,0,extracted
UNGA75_General_Debate_2020_statements/UNGA75_General_Debate_2020/2020-09-25_PM_13_Malta_en.pdf,177651,e3ecbb29d8f8eb0e1aa70fbcb8da2b8680c3f63390d64914e2b67d257404abdc,,2020,11,0,0,extracted
UNGA75_General_Debate_2020_statements/UNGA75_General_Debate_2020/2020-09-25_PM_14_Papua-New-Guinea_en.pdf,437435,6ae90c12012e3c1c9eea3caa6cefd7b29b6191f326219578f2ef1d0cf59c74b7,,2020,8,8,0,needs_review
UNGA75_General_Debate_2020_statements/UNGA75_General_Debate_2020/2020-09-25_PM_15_Eswatini_en.pdf,250939,e36280790ac45e04e5e4e28880568f61e0c7ca0240531ef36827a24b34cab8c9,,2020,8,0,0,extracted
UNGA75_General_Debate_2020_statements/UNGA75_General_Debate_2020/2020-09-25_PM_16_Tonga_en.pdf,149775,50005c6485b8d7805dfe4cd529acede679c5e1d71fbcd4f296a5eb8f9f5ad595,,2020,5,0,0,extracted
UNGA75_General_Debate_2020_statements/UNGA75_General_Debate_2020/2020-09-25_PM_17_Chad_fr.pdf,536607,1d3ac950037a29907ac847517bf48bb885c869864df93b2238c58f7c5f2e11cb,,2020,14,14,0,needs_review
UNGA75_General_Debate_2020_statements/UNGA75_General_Debate_2020/2020-09-25_PM_18_India_en.pdf,51331,5b7e12269af429cd9175b330cc3838af96cda2f652589b06403c2c303065651c,,2020,3,0,0,extracted
UNGA75_General_Debate_2020_statements/UNGA75_General_Debate_2020/2020-09-25_PM_19_Azerbaijan_en.pdf,132223,14613727ff5052c308baa059ced8593af20654392020391698a7d6cf2e20c9c9,,2020,3,0,0,extracted
UNGA75_General_Debate_2020_statements/UNGA75_General_Debate_2020/2020-09-26_AM_01_India_en.pdf,61167,1ee8f8efad599769532df5a80802be635c79a9cc4d4a1e21ce9b3820181df235,,2020,7,0,0,extracted
UNGA75_General_Debate_2020_statements/UNGA75_General_Debate_2020/2020-09-26_AM_02_Mauritius_en.pdf,92408,238e3cccf863a0fbda863362051f4f5e120366b89579930d94f860032f236a95,,2020,13,0,0,extracted
UNGA75_General_Debate_2020_statements/UNGA75_General_Debate_2020/2020-09-26_AM_03_Andorra_en.pdf,133846,5cf79468f98f372f859dc56b03c89e56cb720a49eedaf1e43e9bca7a342d8aee,,2020,7,0,0,extracted
UNGA75_General_Debate_2020_statements/UNGA75_General_Debate_2020/2020-09-26_AM_03_Andorra_es.pdf,152611,d2d96d3741dbbcc22bbd25e1fcbce914ef4dba4b3788271b29332413d944fd0b,,2020,7,0,0,extracted
UNGA75_General_Debate_2020_statements/UNGA75_General_Debate_2020/2020-09-26_AM_03_Andorra_fr.pdf,115060,4ae8784fff9d3cc9f92fb9b4cf4a98b780acc11771a0a89e40b2b0a2fd964c2a,,2020,7,0,0,extracted
UNGA75_General_Debate_2020_statements/UNGA75_General_Debate_2020/2020-09-26_AM_04_United-Kingdom-of-Great-Britain-and-Northern-Ireland_en.pdf,139574,7f7d8e19d96aacf17857ded58991fbee7c8e5968a2d51fa6f6b8e19cb78454e8,,2020,4,0,0,extracted
UNGA75_General_Debate_2020_statements/UNGA75_General_Debate_2020/2020-09-26_AM_05_Bangladesh_en.pdf,222565,fd8d990535456c9ec081e640bc6c93d72ab196793d1e1c203a418b52dc6bc48a,,2020,7,0,0,extracted
UNGA75_General_Debate_2020_statements/UNGA75_General_Debate_2020/2020-09-26_AM_06_Fiji_en.pdf,144510,49da2cd639a5db546195191085b6a8d263a4d57eaf1e3fea212dd0eae81252c8,,2020,16,0,0,extracted
UNGA75_General_Debate_2020_statements/UNGA75_General_Debate_2020/2020-09-26_AM_07_Malaysia_en.pdf,749118,9bedc8d99ee8fa18a8bbab42f4d97c6408920c6ee575d2cd98ef4f17e4d0f888,,2020,11,0,0,extracted
UNGA75_General_Debate_2020_statements/UNGA75_General_Debate_2020/2020-09-26_AM_08_Cambodia_en.pdf,221201,4547e3ca2dd3019c1dcb8a40fdf9f8700d6d5bac190096c26da6a1a9eee77787,,2020,5,0,0,extracted
UNGA75_General_Debate_2020_statements/UNGA75_General_Debate_2020/2020-09-26_AM_09_Norway_en.pdf,355847,6873d337a66ee2cecce80f81bccc0d9edd03592ab3bf05b886637c8236aef72c,,2020,7,0,0,extracted
UNGA75_General_Debate_2020_statements/UNGA75_General_Debate_2020/2020-09-26_AM_10_Solomon-Islands_en.pdf,196337,9313d7ec32f1374021c2d3c6c7266516c3b96f75ff93842de0a23dfcc1d31980,,2020,9,0,0,extracted
UNGA75_General_Debate_2020_statements/UNGA75_General_Debate_2020/2020-09-26_AM_11_Jamaica_en.pdf,371301,c91b53c4bb9ac3f380dddaf35160036820701630207e27014e6c4966b678d87b,,2020,9,0,0,extracted
UNGA75_General_Debate_2020_statements/UNGA75_General_Debate_2020/2020-09-26_AM_12_Samoa_en.pdf,182940,f33d7cd0c7d559ade93c649edd81371459e32a93621f60b61eee85b9d3ad59b2,,2020,9,0,0,extracted
UNGA75_General_Debate_2020_statements/UNGA75_General_Debate_2020/2020-09-26_AM_13_Lesotho_en.pdf,131933,2280ab65076b8620a46f2bb320977d75890eb9d2bc0242f46ce30dedb70a9ec8,,2020,8,1,0,needs_review
UNGA75_General_Debate_2020_statements/UNGA75_General_Debate_2020/2020-09-26_AM_14_Sweden_en.pdf,164649,e33abd2f254ce6268772cc7927cb06c27f6882500802a712887b9330f695ef17,,2020,6,0,0,extracted
UNGA75_General_Debate_2020_statements/UNGA75_General_Debate_2020/2020-09-26_AM_15_Saint-Vincent-and-the-Grenadines_en.pdf,216818,5e8a4de9f7fce5b1a738c03de7a87e08992f3fdd9750f0afc8785fd066877cfb,,2020,11,0,0,extracted
UNGA75_General_Debate_2020_statements/UNGA75_General_Debate_2020/2020-09-26_AM_16_Lao-People-s-Democratic-Republic_en.pdf,260922,f5e3fa29e368570b057b80b211f84e64baa11fe8ebf7e6f0398c568c4784c5aa,,2020,7,0,0,extracted
UNGA75_General_Debate_2020_statements/UNGA75_General_Debate_2020/2020-09-26_AM_17_Belgium_fr.pdf,190122,6b2810a6627991ec8dc72201f484a575f8dcae72668a4170725069eec608bf47,,2020,11,0,0,extracted
UNGA75_General_Debate_2020_statements/UNGA75_General_Debate_2020/2020-09-26_AM_18_Ireland_en.pdf,102267,8f829f93ee4a3659857e742af7bc63480a6392d96bed83c67f7b70b3fbf745c6,,2020,21,0,0,extracted
UNGA75_General_Debate_2020_statements/UNGA75_General_Debate_2020/2020-09-26_AM_19_Morocco_ar.pdf,811002,3be2e47586b16392aca9eb46b288e4d7385012d346442fa94ad876fc3fae6888,,2020,12,0,0,extracted
UNGA75_General_Debate_2020_statements/UNGA75_General_Debate_2020/2020-09-26_PM_01_Saint-Kitts-and-Nevis_en.pdf,191235,72162b32eecab38a36323363e31699a2e0105f882266fed1a1fc83b6596b5312,,2020,16,0,0,extracted
UNGA75_General_Debate_2020_statements/UNGA75_General_Debate_2020/2020-09-26_PM_02_Saint-Lucia_en.pdf,196571,c8a5790b23354452d51f45df7cd96e353a5eda1c682b37de95f34eefeca1cbbd,,2020,6,0,0,extracted
UNGA75_General_Debate_2020_statements/UNGA75_General_Debate_2020/2020-09-26_PM_03_Trinidad-and-Tobago_en.pdf,173358,03b867f8adce3ce3b9094fa85248731021b4832bd5c754f0ba2471a03034eee8,,2020,14,0,0,extracted
UNGA75_General_Debate_2020_statements/UNGA75_General_Debate_2020/2020-09-26_PM_04_Bahamas_en.pdf,154496,9018c66815b0bdd531d25b6fb5e11993368803b6c57406c5cf175c8e439ab835,,2020,25,1,0,needs_review
UNGA75_General_Debate_2020_statements/UNGA75_General_Debate_2020/2020-09-26_PM_05_the-Sudan_ar.pdf,386269,2ed8724e5209bf17ec5d1f2a3f80bec1fbd43afb92dd09c149dc035213faf04d,,2020,8,0,0,extracted
UNGA75_General_Debate_2020_statements/UNGA75_General_Debate_2020/2020-09-26_PM_06_Vanuatu_en.pdf,323201,02b6c0df4cc0bc1d3fe1654f07fd987a132129c44b1bd9a8fbfd866454f03f18,,2020,19,1,0,needs_review
UNGA75_General_Debate_2020_statements/UNGA75_General_Debate_2020/2020-09-26_PM_07_Cabo-Verde_en.pdf,468361,7916fb9fb46efdb9b08e36cf110f9bb1dd57ee61069596d18f1b6e4e3f3e75d1,,2020,8,0,0,extracted
UNGA75_General_Debate_2020_statements/UNGA75_General_Debate_2020/2020-09-26_PM_08_Madagascar_fr.pdf,759375,0e82177e42598515ddd13412daf96660f42fc4d1c830982848eb5969e2196b6f,,2020,4,4,0,needs_review
UNGA75_General_Debate_2020_statements/UNGA75_General_Debate_2020/2020-09-26_PM_09_Syrian-Arab-Republic_ar.pdf,193963,d5e12dadaf95e77f684c25445871f83919f69c27a6030c11e14bc5876ed23f69,,2020,8,0,0,extracted
UNGA75_General_Debate_2020_statements/UNGA75_General_Debate_2020/2020-09-26_PM_09_Syrian-Arab-Republic_en.pdf,144255,0491c6d4ba409453a62ff07d9c4c0bb61e8e88148f9233f4c3c1e47a1f0461fe,,2020,7,0,0,extracted
UNGA75_General_Debate_2020_statements/UNGA75_General_Debate_2020/2020-09-26_PM_10_Singapore_en.pdf,140576,78ab3875bd2331766532a2cc2943954c480d23ce98013bdd4841c21bec1a246d,,2020,7,0,0,extracted
UNGA75_General_Debate_2020_statements/UNGA75_General_Debate_2020/2020-09-26_PM_11_Senegal_fr.pdf,189349,877dfda3a7654daca41f18a06df3b3cde9d90d2f8b2f484b0449b9642d7dacb5,,2020,12,0,0,extracted
UNGA75_General_Debate_2020_statements/UNGA75_General_Debate_2020/2020-09-26_PM_12_Liechtenstein_en.pdf,186238,080c5d4f476c25d5b73ecbeddad5b34fd2dc20528091e7c0e95ef7225951b0a9,,2020,7,0,0,extracted
UNGA75_General_Debate_2020_statements/UNGA75_General_Debate_2020/2020-09-26_PM_13_Austria_en.pdf,3250442,0f85c31fa2010da72995176f29c309defd62903f9e678281e5f207d875df187c,,2020,8,8,0,needs_review
UNGA75_General_Debate_2020_statements/UNGA75_General_Debate_2020/2020-09-26_PM_14_Belarus_ru.pdf,212910,a0b4088b7eab96a5181b3315a1200859cfdb474fe973b8436599ce6944d76556,,2020,4,0,0,extracted
UNGA75_General_Debate_2020_statements/UNGA75_General_Debate_2020/2020-09-29_AM_01_Iceland_en.pdf,129952,a6e30c4446d085b01ead636c9e340041796d4ffb579bcdd2fb58c766d39e8745,,2020,5,0,0,extracted
UNGA75_General_Debate_2020_statements/UNGA75_General_Debate_2020/2020-09-29_AM_02_San-Marino_en.pdf,387981,68944d18ef6169201d4d28afe9d860575a98fe09686650b974a09919b683e9e8,,2020,9,9,0,needs_review
UNGA75_General_Debate_2020_statements/UNGA75_General_Debate_2020/2020-09-29_AM_03_United-Arab-Emirates_ar.pdf,830651,629214893f4af6686f5d3a48b8daf211d8f0e1e981242914499fc26a49eb2900,,2020,5,0,0,extracted
UNGA75_General_Debate_2020_statements/UNGA75_General_Debate_2020/2020-09-29_AM_03_United-Arab-Emirates_en.pdf,428305,a78b73924c070b7255ece6d2835fcb0b256ab35f57283af99ad1b38abebe38e5,,2020,8,0,0,extracted
UNGA75_General_Debate_2020_statements/UNGA75_General_Debate_2020/2020-09-29_AM_04_Germany_en.pdf,225081,8b397bfa831e1c72d9f6ff393c00d167a6e62c6c7969648ea61b7da62952c6c2,,2020,20,0,0,extracted
UNGA75_General_Debate_2020_statements/UNGA75_General_Debate_2020/2020-09-29_AM_05_Belize_en.pdf,192079,4afeaa4b87f82b4d04154fe7f1e516d156267e4dedd6d954fc4e3d934f97a562,,2020,20,0,0,extracted
UNGA75_General_Debate_2020_statements/UNGA75_General_Debate_2020/2020-09-29_AM_06_Romania_en.pdf,515386,233a2c83c19a48033587d55739bf02fa49cc8a59bc80d2dc502fcd2b14ba7d7a,,2020,6,0,0,extracted
UNGA75_General_Debate_2020_statements/UNGA75_General_Debate_2020/2020-09-29_AM_07_Eritrea_en.pdf,101866,01f666d0a64f8b244da2ee360b8d655b36da74be382ce009d0d844fb3cfb6f0c,,2020,4,0,0,extracted
UNGA75_General_Debate_2020_statements/UNGA75_General_Debate_2020/2020-09-29_AM_08_Myanmar_en.pdf,384649,c827cc496d7fd286ebd4040fc0920a583c132e7899e91cccd456841663b0e86f,,2020,12,0,0,extracted
UNGA75_General_Debate_2020_statements/UNGA75_General_Debate_2020/2020-09-29_AM_09_Maldives_en.pdf,175394,a4c750b38ed8a1decc79f30bc4d465b554dd8c1d2085606f24dfc514da80c59d,,2020,13,0,0,extracted
UNGA75_General_Debate_2020_statements/UNGA75_General_Debate_2020/2020-09-29_AM_10_Montenegro_en.pdf,142984,09081d3f1d17d6e8e7330d9fc005bc820a07e5e9d4c2a110ca1d4ae9f66179ce,,2020,7,0,0,extracted
UNGA75_General_Debate_2020_statements/UNGA75_General_Debate_2020/2020-09-29_AM_11_Mauritania_ar.pdf,143575,a5cf4d837a216c6f19c41785c87ae4ac6d61b9192708e502025e729d8393dcf6,,2020,9,0,0,extracted
UNGA75_General_Debate_2020_statements/UNGA75_General_Debate_2020/2020-09-29_AM_12_Oman_ar.pdf,520459,5925187768a34f367ec7875f194dd3b51dc61169a80ee9f55bebf771ce908bb7,,2020,6,0,0,extracted
UNGA75_General_Debate_2020_statements/UNGA75_General_Debate_2020/2020-09-29_AM_12_Oman_en.pdf,65082,fee9585abb76b27369bc6df0924930304181128aa390498cb60afc2b53931a35,,2020,4,0,0,extracted
UNGA75_General_Debate_2020_statements/UNGA75_General_Debate_2020/2020-09-29_AM_13_Benin_fr.pdf,178355,80763ae05e203062365bcbde538afa5e44ee0736fec1d15b6991a1ace4a811c4,,2020,6,0,0,extracted
UNGA75_General_Debate_2020_statements/UNGA75_General_Debate_2020/2020-09-29_AM_14_Guatemala_en.pdf,145342,5f8ffdee57046294a24d6262c9e261a86fe5211ca1acce26eb36799c84a678d3,,2020,5,0,0,extracted
UNGA75_General_Debate_2020_statements/UNGA75_General_Debate_2020/2020-09-29_AM_14_Guatemala_es.pdf,96060,e6c07dfd3a4e952d2298f10328c78b604111a98fa3b6bf88de740b76c760620f,,2020,6,0,0,extracted
UNGA75_General_Debate_2020_statements/UNGA75_General_Debate_2020/2020-09-29_AM_15_Tunisia_ar.pdf,912190,d0e78a251c0ec864ca43ad9fac0bfe12f8efcabec246018491bf43eed1d20c8c,,2020,5,0,0,extracted
UNGA75_General_Debate_2020_statements/UNGA75_General_Debate_2020/2020-09-29_PM_01_Grenada_en.pdf,173348,d19e4df61e0b85f76f9765d50ca4158879cea6860e2bb534544b9d18ac435c96,,2020,10,0,0,extracted
UNGA75_General_Debate_2020_statements/UNGA75_General_Debate_2020/2020-09-29_PM_02_Barbados_en.pdf,544670,47612771626079c1b7e02d17e345d92e528c6dbaa8946d2f0eb465ca71d86de6,,2020,7,7,0,needs_review
UNGA75_General_Debate_2020_statements/UNGA75_General_Debate_2020/2020-09-29_PM_03_Cameroon_fr.pdf,5592750,082f7a47e6708d564c310724c57dd4900c9e73153465b8967569d91d61325c60,,2020,12,1,0,needs_review
UNGA75_General_Debate_2020_statements/UNGA75_General_Debate_2020/2020-09-29_PM_04_New-Zealand_en.pdf,366564,07db0dbcdcf41ae951d48743aea03ed61474d3afbe19dcbc37d145a582af9de1,,2020,10,0,0,extracted
UNGA75_General_Debate_2020_statements/UNGA75_General_Debate_2020/2020-09-29_PM_05_Democratic-People-s-Republic-of-Korea_en.pdf,216256,2f854681f8e082331468bb527365c1fa5b04b42b14ff2621623d9f711dcfc058,,2020,6,0,0,extracted
UNGA75_General_Debate_2020_statements/UNGA75_General_Debate_2020/2020-09-29_PM_06_Togo_fr.pdf,271707,f61a878effa5f38d4de513d6a52d35f6c78c8af61a59df40c051d65373a5f4b5,,2020,7,0,0,extracted
UNGA75_General_Debate_2020_statements/UNGA75_General_Debate_2020/2020-09-29_PM_07_United-Republic-of-Tanzania_en.pdf,446974,bc71956f382cde634ebfaf0d67d1238757c7592deb1909865396668e59d6eeb4,,2020,11,1,0,needs_review
UNGA75_General_Debate_2020_statements/UNGA75_General_Debate_2020/2020-09-29_PM_08_Uganda_en.pdf,14252119,eaea77183463e603fcc158e68fb10427c4c9f2e816e326ef76f0b952e5db5bd3,,2020,17,17,0,needs_review
UNGA75_General_Debate_2020_statements/UNGA75_General_Debate_2020/2020-09-29_PM_09_Bangladesh_en.pdf,124536,3ff16abe006ec6f7bf42b95d67109c35d371e0effe3b3d8b3c1ae503a3cf9778,,2020,3,0,0,extracted
UNGA76_General_Debate_2021_statements/UNGA76_General_Debate_2021/albania__al_en.pdf,191863,30a509aad30bfbeeb2c26c51e0eef16a0659cefa340dcccf4a3166d59381ae65,,2021,9,0,0,extracted
UNGA76_General_Debate_2021_statements/UNGA76_General_Debate_2021/algeria__dz_ar.pdf,268697,34b565c05914fe7f825e9eb707a6201e0ffed0909670968c02d3e498a2011224,,2021,7,0,0,extracted
UNGA76_General_Debate_2021_statements/UNGA76_General_Debate_2021/algeria__dz_fr.pdf,244177,ac14477a263817b6c3c8e4717570e2120adccb0f5719ad0d134902097ae9e9f3,,2021,7,0,0,extracted
UNGA76_General_Debate_2021_statements/UNGA76_General_Debate_2021/andorra__ad_fr.pdf,596134,f2f68cd8381613a1284ae5d54cfcdf207b5172a090eac24516c848ba221adbfc,,2021,8,8,0,needs_review
UNGA76_General_Debate_2021_statements/UNGA76_General_Debate_2021/angola__ao_en.pdf,145350,09392a07ff448879b60b7210f617beed6251fe69e9a7a5ac3a38a1044f73ed97,,2021,12,0,0,extracted
UNGA76_General_Debate_2021_statements/UNGA76_General_Debate_2021/angola__ao_fl.pdf,91694,c299ddbed5c2f37dd0420c0a422d293686ed7ed3e04327497cd4900254e0796e,,2021,13,0,0,extracted
UNGA76_General_Debate_2021_statements/UNGA76_General_Debate_2021/antigua-and-barbuda__ag_en.pdf,142632,5f36a2ba458d8a2ffaceab5171469c39be1d8f96e7ed9e3dbc5eb0cdbfc360dc,,2021,9,0,0,extracted
UNGA76_General_Debate_2021_statements/UNGA76_General_Debate_2021/argentina__ar_es.pdf,425057,6ef956f1be15d0bdcd45d532720e36c7890f519e38fb23c00a5fc50a7651a8bb,,2021,5,0,0,extracted
UNGA76_General_Debate_2021_statements/UNGA76_General_Debate_2021/armenia__am_en.pdf,424669,e2b6f2bf28c6670f4d3e38526e875c1937643cbc31619b9e52fbf82d867665df,,2021,3,0,0,extracted
UNGA76_General_Debate_2021_statements/UNGA76_General_Debate_2021/australia__au_en.pdf,120487,b0af1699e147d05dae873482ad1de0b7c5206fd10f40c07c4947937df9ea2e71,,2021,9,0,0,extracted
UNGA76_General_Debate_2021_statements/UNGA76_General_Debate_2021/azerbaijan__az_en.pdf,162559,93eaa467fe45faa7d902857837445a133c68fe06622871f27ff94e910925e7bb,,2021,9,0,0,extracted
UNGA76_General_Debate_2021_statements/UNGA76_General_Debate_2021/bahrain__bh_ar.pdf,196909,8c68f01c920af92ba4027d225f3e5e53d56ba11f2e4d3c571a76775f79f079cd,,2021,14,14,0,needs_review
UNGA76_General_Debate_2021_statements/UNGA76_General_Debate_2021/bahrain__bh_en.pdf,269500,e0f09d5f50a72afb2cac1cf8b58e92731d1afaae0f61efbf955912d724a95bfc,,2021,9,9,0,needs_review
UNGA76_General_Debate_2021_statements/UNGA76_General_Debate_2021/bangladesh__bd_en.pdf,234102,b033a1af0ba5fcb6330ea185cf17eb28f0227c04078643aba549538cc426f854,,2021,9,0,0,extracted
UNGA76_General_Debate_2021_statements/UNGA76_General_Debate_2021/barbados__bb_en.pdf,401316,4f72fea0901fa295f4061fbc96d13380be18e9d26a7119942e8873a97e783fc0,,2021,5,5,0,needs_review
UNGA76_General_Debate_2021_statements/UNGA76_General_Debate_2021/belarus__by_ru.pdf,137899,38051a2d789f6b35b547af15ba386e51f58411f73421bbbd66784ac3d465dafe,,2021,6,0,0,extracted
UNGA76_General_Debate_2021_statements/UNGA76_General_Debate_2021/belgium__be_en.pdf,94545,74e4fb0128051e36a20738b403b1c60601833e2287f2406339e78479586cddea,,2021,12,0,0,extracted
UNGA76_General_Debate_2021_statements/UNGA76_General_Debate_2021/benin__bj_fr.pdf,188457,bf9478c6b683cd1aed89da1ef8d68d1453e7fa5d4f286afc61d8c5e39cd3727e,,2021,8,0,0,extracted
UNGA76_General_Debate_2021_statements/UNGA76_General_Debate_2021/bhutan__bt_en.pdf,89232,9a478a19566149503c074059308a4d1dd93f9838f109c4ff3e349d89feb0d3af,,2021,9,0,0,extracted
UNGA76_General_Debate_2021_statements/UNGA76_General_Debate_2021/bolivia-plurinational-state__bo_es.pdf,234506,0a9c7be587fce625847f82658857078393fed9bb13a1ff580a2a330e0a58dcbf,,2021,15,0,0,extracted
UNGA76_General_Debate_2021_statements/UNGA76_General_Debate_2021/bosnia-and-herzegovina__ba_en.pdf,147192,a27676ed1d0c1a8fb1642b910375b5bdbd3f1d2d88165796d7bb07769afb420a,,2021,11,0,0,extracted
UNGA76_General_Debate_2021_statements/UNGA76_General_Debate_2021/brazil__br_en.pdf,220567,2b7c562852c812cf4c978a2d2fa80bdb937cfaef7211aa442ea1bdc7299c3200,,2021,6,0,0,extracted
UNGA76_General_Debate_2021_statements/UNGA76_General_Debate_2021/brazil__br_fl.pdf,416033,eadb88fddc927273839bee3c0285d6a84f3ffc071e90854f5d0ee2c4b26f3581,,2021,6,0,0,extracted
UNGA76_General_Debate_2021_statements/UNGA76_General_Debate_2021/brunei-darussalam__bn_en.pdf,362452,6d82832cd417af63dc9986aaee0832a7167c9d677b4c8b330b1229490925b9fd,,2021,7,0,0,extracted
UNGA76_General_Debate_2021_statements/UNGA76_General_Debate_2021/bulgaria__bg_en.pdf,325262,11c55cd5a50cbba4a8fab350081769a2493c12d3c39c1baad8e6ea6d37545c43,,2021,4,0,0,extracted
UNGA76_General_Debate_2021_statements/UNGA76_General_Debate_2021/burkina-faso__bf_fr.pdf,265166,15e49cd3042b43deb13e0ab75651018993e10726905a6d207508cb0ad7225350,,2021,9,0,0,extracted
UNGA76_General_Debate_2021_statements/UNGA76_General_Debate_2021/burundi__bi_fr.pdf,110960,4f333506d2b39c64ab1731df1efb89abc992633f5e77e80ba3e78eddf5134f10,,2021,17,0,0,extracted
UNGA76_General_Debate_2021_statements/UNGA76_General_Debate_2021/cabo-verde__cv_en.pdf,146540,dd7a723eb8d8e77451c699d3391f207bf0b205360c1cd6460d6be154fb1a217c,,2021,12,0,0,extracted
UNGA76_General_Debate_2021_statements/UNGA76_General_Debate_2021/cambodia__kh_en.pdf,373872,eb82f7c10388579361941f813134eabfac243b9812d187516aa15791ec3081a1,,2021,4,0,0,extracted
UNGA76_General_Debate_2021_statements/UNGA76_General_Debate_2021/canada__ca_en.pdf,650482,87ff12d1101f3c94bacd397bc7aca51be78f637aa383f00a1bb1bccbde2fb8c5,,2021,12,0,0,extracted
UNGA76_General_Debate_2021_statements/UNGA76_General_Debate_2021/chad__td_fr.pdf,484148,ee74bde394a1b2643b65cdb80f929af67d9af8efc7d1ed210d28861b15992de4,,2021,10,10,0,needs_review
UNGA76_General_Debate_2021_statements/UNGA76_General_Debate_2021/chile__cl_es.pdf,314567,d6fca6918ca8ae84fc10fb8e661e1af2dc9ae1b2ea908dddacca09ea8bcf2878,,2021,11,0,0,extracted
UNGA76_General_Debate_2021_statements/UNGA76_General_Debate_2021/china__cn_ar.pdf,451473,a1c39e0d0fc92e95265ddac8367b0beee2f864ab6c782f4421a0cf391c1d9e85,,2021,6,6,0,needs_review
UNGA76_General_Debate_2021_statements/UNGA76_General_Debate_2021/china__cn_en.pdf,471274,5d91cf82d52e398fa9a2ad9422bb8c6d6e9fb96af493e3396e422d85ba40507a,,2021,6,6,0,needs_review
UNGA76_General_Debate_2021_statements/UNGA76_General_Debate_2021/china__cn_es.pdf,493012,0272ef1d87921f3d896afe43e0ced8ad849d52bf96044a49df02138314b32f1c,,2021,5,5,0,needs_review
UNGA76_General_Debate_2021_statements/UNGA76_General_Debate_2021/china__cn_fr.pdf,503235,739f8a25ce6dc66dfdee7a314650f24f86ccfc2e258b8ae4f08525a34edb34ed,,2021,5,5,0,needs_review
UNGA76_General_Debate_2021_statements/UNGA76_General_Debate_2021/china__cn_ru.pdf,695254,3e4c034097f06193deb975e58a1175c1c6e80aeaf6c724de75defc717d5f48b6,,2021,9,9,0,needs_review
UNGA76_General_Debate_2021_statements/UNGA76_General_Debate_2021/china__cn_zh.pdf,605172,73522734a52f111a10911e445c11972a5a9620f626e5fe35ee38c180a86a7ac8,,2021,6,6,0,needs_review
UNGA76_General_Debate_2021_statements/UNGA76_General_Debate_2021/colombia__co_es.pdf,91212,4e0c1faa9a6ba49cf8e5b31d656941b8bae7bd90a1ae57de5af7e54320143f35,,2021,9,0,0,extracted
UNGA76_General_Debate_2021_statements/UNGA76_General_Debate_2021/comoros__km_fr.pdf,192202,7f58b3e975dab3081e224d305faf25b7fcccf5247cc0f421e8779059b2a8606c,,2021,16,0,0,extracted
UNGA76_General_Debate_2021_statements/UNGA76_General_Debate_2021/congo__cg_fr.pdf,208187,58630ae04c2d8e1be312248819513bba149700909e9ae12aac55e66435371e8d,,2021,7,0,0,extracted
UNGA76_General_Debate_2021_statements/UNGA76_General_Debate_2021/costa-rica__cr_en.pdf,195006,feec83a94b210f9f5c874c5d65b163637bafd71c129728c1d835f2a9af66da12,,2021,13,0,0,extracted
UNGA76_General_Debate_2021_statements/UNGA76_General_Debate_2021/costa-rica__cr_es.pdf,137283,fe0ed6e9a2b10e8ee24d41ed660714a9f849ed6cbeb2e52421ce5abeec5c176a,,2021,6,0,0,extracted
UNGA76_General_Debate_2021_statements/UNGA76_General_Debate_2021/cote-divoire__ci_fr.pdf,289506,b108112bd78af524cc6690aa938f627f656ad36c189d60e938d767ac8aa30261,,2021,11,0,0,extracted
UNGA76_General_Debate_2021_statements/UNGA76_General_Debate_2021/croatia__hr_en.pdf,213447,76a6e3238ed19f1ada5e090e7d864d14188cd6231ea5710e29a48d7dc0ec4c35,,2021,8,0,0,extracted
UNGA76_General_Debate_2021_statements/UNGA76_General_Debate_2021/cuba__cu_ar.pdf,270224,66a657cbcae5c9b79eae06b44aee11e56f6f896abc9a2708505b2c747b8fed4a,,2021,5,0,0,extracted
UNGA76_General_Debate_2021_statements/UNGA76_General_Debate_2021/cuba__cu_en.pdf,481876,99d58048d97beefb324fc40681e6444f0ca5c42b8e57c6ff5c50544eb697df61,,2021,8,0,0,extracted
UNGA76_General_Debate_2021_statements/UNGA76_General_Debate_2021/cuba__cu_fl2.pdf,479387,36c71487d9f214cfa9a80af2ee96c2d4fe705aa3d8d28553909a9cd55e61a6e5,,2021,6,0,0,extracted
UNGA76_General_Debate_2021_statements/UNGA76_General_Debate_2021/cuba__cu_fr.pdf,387713,6f9fae9c976455e64ca1bc08d38cd802d81ee6e8127c6ae526147f38714baec3,,2021,5,0,0,extracted
UNGA76_General_Debate_2021_statements/UNGA76_General_Debate_2021/cyprus__cy_en.pdf,124106,f01b59fc88a40fe3ce9a4f44326f78b328efdaf253fc79eed17f6c5b28bc990e,,2021,18,0,0,extracted
UNGA76_General_Debate_2021_statements/UNGA76_General_Debate_2021/czech-republic__cz_en.pdf,368567,da51debee4511f52c4a9e1fe55f76b02f32c6135973705b650dcd42883d7d3f9,,2021,7,0,0,extracted
UNGA76_General_Debate_2021_statements/UNGA76_General_Debate_2021/democratic-peoples-republic-korea__kp_en.pdf,214365,2021cbef8b960b132527cb8da57c150a66217075028a89eb3ee6a2ccaa6d6256,,2021,12,0,0,extracted
UNGA76_General_Debate_2021_statements/UNGA76_General_Debate_2021/democratic-republic-congo__cd_fr.pdf,300292,2d2b808c8b617ce612ce057d6dd678b8f30998a5b95ae4b66a42941b83c264a1,,2021,15,0,0,extracted
UNGA76_General_Debate_2021_statements/UNGA76_General_Debate_2021/denmark__dk_en.pdf,73475,62c60f78405f69528ee606f4633f81be66090529867af0201f8d6a78db4a40a9,,2021,8,0,0,extracted
UNGA76_General_Debate_2021_statements/UNGA76_General_Debate_2021/dominica__dm_en.pdf,189827,0fd72fa68bb386d632e94089d2893e9bf543ed4bc08f4799fedca91d1f22ee1c,,2021,10,0,0,extracted
UNGA76_General_Debate_2021_statements/UNGA76_General_Debate_2021/ecuador__ec_es.pdf,207761,4cbd7fad66ad1cf2d6e1b2c4594411dc778768e2b7a8b4df44575da65fc820f9,,2021,7,0,0,extracted
UNGA76_General_Debate_2021_statements/UNGA76_General_Debate_2021/el-salvador__sv_es.pdf,51083,b138cf32e386ef473cd69dea6ecaa1aca5bd2a548955c870cfead8a11e4bba1e,,2021,5,0,0,extracted
UNGA76_General_Debate_2021_statements/UNGA76_General_Debate_2021/equatorial-guinea__gq_es.pdf,139731,380d41391ac5a6a019b0eb933a45b2ebc79ebced2b3d3db706de43c9fb8a4a76,,2021,12,1,0,needs_review
UNGA76_General_Debate_2021_statements/UNGA76_General_Debate_2021/eritrea__er_en.pdf,113039,e00f4eb8a7616cae910ac4c3b19ee049224f283b8d6fd20d579d6850c9675a1a,,2021,4,0,0,extracted
UNGA76_General_Debate_2021_statements/UNGA76_General_Debate_2021/estonia__ee_en.pdf,170063,5bb0ba57011c751b0c2d213178262bebc62dfb85b663742d5f0503902b8d39df,,2021,11,0,0,extracted
UNGA76_General_Debate_2021_statements/UNGA76_General_Debate_2021/eswatini__sz_en.pdf,191057,34664193897ec34db3b55c067824bd3e50f1b35528e970cea56047be4e63d4b7,,2021,6,0,0,extracted
UNGA76_General_Debate_2021_statements/UNGA76_General_Debate_2021/ethiopia__et_en.pdf,186367,227cda8d83c1e3c1fdc112ecdc4ed183e9278c72c69411e5eaf7648b250070ec,,2021,16,0,0,extracted
UNGA76_General_Debate_2021_statements/UNGA76_General_Debate_2021/european-union__eu_en.pdf,47865,717818ca4448ff2b3a537cd346aefa2e78b3e87ed9fcb63bc0cb72e27274fd83,,2021,4,0,0,extracted
UNGA76_General_Debate_2021_statements/UNGA76_General_Debate_2021/european-union__eu_fr.pdf,47845,99baf899f1102dcb13b659eaed34b553bd122bc66850018ff6f241babaeb9c6c,,2021,3,0,0,extracted
UNGA76_General_Debate_2021_statements/UNGA76_General_Debate_2021/fiji__fj_en.pdf,452535,081d71a3506f61475549bc3cb8498ac4d41ac6a649351879947bc84265bdd23d,,2021,20,0,0,extracted
UNGA76_General_Debate_2021_statements/UNGA76_General_Debate_2021/finland__fi_en.pdf,406927,9828d842f2b7195801aa6ad77033855c7df4ebfcd70d86d4586f9e8389a65f4a,,2021,7,0,0,extracted
UNGA76_General_Debate_2021_statements/UNGA76_General_Debate_2021/finland__tm_ru.pdf,143285,47f32063ce30e0ad5345d8004135ec6f19c01eb5915e9b13e735c9f12a71e5af,,2021,7,0,0,extracted
UNGA76_General_Debate_2021_statements/UNGA76_General_Debate_2021/france__fr_en.pdf,107187,8e223ca8f6cd4b6b7c3be102ec276f3012676b641ad6161ac1c8e50431ea12b9,,2021,5,0,0,extracted
UNGA76_General_Debate_2021_statements/UNGA76_General_Debate_2021/france__fr_fr.pdf,120062,3913f0e76fb09817eaa6212e4be977755c69d9fef0b65734eab57bdf74765d81,,2021,6,0,0,extracted
UNGA76_General_Debate_2021_statements/UNGA76_General_Debate_2021/gabon__ga_fr.pdf,176585,d17f1e374699575912e354beb905312cd119dae428ac46a104f06c669a3e51f8,,2021,13,0,0,extracted
UNGA76_General_Debate_2021_statements/UNGA76_General_Debate_2021/georgia__ge_en.pdf,235874,5f9ded5b757dbc3788f6aa93d8091129c7f5ba330b80935060d3929c4cdb8a1d,,2021,8,0,0,extracted
UNGA76_General_Debate_2021_statements/UNGA76_General_Debate_2021/ghana__gh_en.pdf,358776,e2d6e5c7143a83df7b17798aabaea773ba3d03bea25b59628341031ce5d050c1,,2021,6,0,0,extracted
UNGA76_General_Debate_2021_statements/UNGA76_General_Debate_2021/greece__gr_en.pdf,119487,3e9c36523509cd3dc6f7f7a5304549bb619234af269ea838b095273bef2b52f8,,2021,10,0,0,extracted
UNGA76_General_Debate_2021_statements/UNGA76_General_Debate_2021/grenada__gd_en.pdf,338846,029430ca7df3b77e7a5f7adb66afacc586abadc6f0ec959013fced07d9c19be8,,2021,12,0,0,extracted
UNGA76_General_Debate_2021_statements/UNGA76_General_Debate_2021/guatemala__gt_es.pdf,660438,62c193bf5f2f11203cdbbfea4ddffa20056b7aae008ec7bd37aa3424fd11fa3b,,2021,14,14,0,needs_review
UNGA76_General_Debate_2021_statements/UNGA76_General_Debate_2021/guinea__gn_fr.pdf,117228,7edc2ebdb753733b26aa7097f5414884c7204d69d0acbc331a5ab807a983f856,,2021,7,0,0,extracted
UNGA76_General_Debate_2021_statements/UNGA76_General_Debate_2021/guyana__gy_en.pdf,102244,69cafb331f9c172445cb436e2c93432ef356c43b6b0e3acb2c05ab82b2c09509,,2021,13,0,0,extracted
UNGA76_General_Debate_2021_statements/UNGA76_General_Debate_2021/haiti__ht_fr.pdf,461030,743a770b9f31ec416373ac933ee95cde921a4f3f00aef7bb988c2f6fb886898f,,2021,7,7,0,needs_review
UNGA76_General_Debate_2021_statements/UNGA76_General_Debate_2021/holy-see__va_en.pdf,124223,969dfff2f80a260ce4ff72604d519221a908c818f4cb8d6bdadcfd570882b552,,2021,8,0,0,extracted
UNGA76_General_Debate_2021_statements/UNGA76_General_Debate_2021/honduras__hn_es.pdf,96981,4f9b1a807b05bace4bce3ecc6334f98039c12ba8ead64b2d384443ba8e16b00f,,2021,12,1,0,needs_review
UNGA76_General_Debate_2021_statements/UNGA76_General_Debate_2021/iceland__is_en.pdf,127973,9773412ba32a08aa9ca624e18091e1d71647d43c1c9c25b46f2663719dde5b19,,2021,10,0,0,extracted
UNGA76_General_Debate_2021_statements/UNGA76_General_Debate_2021/indonesia__id_en.pdf,94206,694eaf7e9a242c553e261cf7a414fd8dfe0e488bbceeacba82d5a8fb1ceb1ce7,,2021,6,0,0,extracted
UNGA76_General_Debate_2021_statements/UNGA76_General_Debate_2021/indonesia__id_fl.pdf,94521,ab115f983c7b52a536879515aea671b4419f5d320a5ef7422713e8872716c643,,2021,6,0,0,extracted
UNGA76_General_Debate_2021_statements/UNGA76_General_Debate_2021/iran-islamic-republic__ir_en.pdf,88255,d745fa5b0645140560440c3d2396302704aa06aaa337ecb92a00dfac56eae400,,2021,6,0,0,extracted
UNGA76_General_Debate_2021_statements/UNGA76_General_Debate_2021/iraq__iq_ar.pdf,135790,275f51d7ff095f6e6e481923e93cd572e8060122b3e5ded1a741f3b7279b0b65,,2021,6,0,0,extracted
UNGA76_General_Debate_2021_statements/UNGA76_General_Debate_2021/ireland__ie_en.pdf,161704,f93f975bc7c4c3573f042f958f80e34949169b2437add6042f22c3dde2301120,,2021,19,0,0,extracted
UNGA76_General_Debate_2021_statements/UNGA76_General_Debate_2021/israel__il_en.pdf,161827,224b531c51509f99cc9a21f482d1b97dc4cb526abd5dfdc899dae0fc710079f3,,2021,16,1,0,needs_review
UNGA76_General_Debate_2021_statements/UNGA76_General_Debate_2021/italy__it_en.pdf,113801,c541dbf7d9db56f3f1282412725fca065de0753033d6f6452c29e48361a93ce3,,2021,7,0,0,extracted
UNGA76_General_Debate_2021_statements/UNGA76_General_Debate_2021/jamaica__jm_en.pdf,430850,ced47083328922498ab1dd7bc7c0047de53e990b7e6218b218ef93bb753d3135,,2021,9,0,0,extracted
UNGA76_General_Debate_2021_statements/UNGA76_General_Debate_2021/japan__jp_en.pdf,187838,4f0140f908e14b2894e080cd6e01d2420a3250055a6de77b2ebdc741b84c791a,,2021,6,0,0,extracted
UNGA76_General_Debate_2021_statements/UNGA76_General_Debate_2021/japan__jp_fl.pdf,364619,da054472bd89664d0e18f9377a5e37bcb1a205a01a8d353cefeed43053651727,,2021,6,0,0,extracted
UNGA76_General_Debate_2021_statements/UNGA76_General_Debate_2021/jordan__jo_ar.pdf,139241,19fc396b0f982edbf3b6f318d024eb3c1a2d51d76401f936138580c13abffc86,,2021,3,0,0,extracted
UNGA76_General_Debate_2021_statements/UNGA76_General_Debate_2021/jordan__jo_en.pdf,76608,5a024f722143f6e814344de1bf7c22153245f95ed476248fbdc869c32906d57d,,2021,3,0,0,extracted
UNGA76_General_Debate_2021_statements/UNGA76_General_Debate_2021/kenya__ke_en.pdf,152420,a13ce29e87441f50aab312a77e959d8cf9e9a876a955c0e60b6f4c374ee1278f,,2021,9,1,0,needs_review
UNGA76_General_Debate_2021_statements/UNGA76_General_Debate_2021/kiribati__ki_en.pdf,240396,a29ab691a43b5ab42f049fd4eedc2c355dd396df6d5b51d121347418cfc6d0c4,,2021,6,0,0,extracted
UNGA76_General_Debate_2021_statements/UNGA76_General_Debate_2021/kuwait__kw_ar.pdf,213040,a53536ecd1c0f4471f6d71500a920313a20ba35d11acba005d8619af8959a281,,2021,16,0,0,extracted
UNGA76_General_Debate_2021_statements/UNGA76_General_Debate_2021/kuwait__kw_en.pdf,43640,24ec32e283422b44dc1b04100938e3abef0c70df198fcb59a07ff57fb932e857,,2021,9,1,0,needs_review
UNGA76_General_Debate_2021_statements/UNGA76_General_Debate_2021/kyrgyzstan__kg_ru.pdf,131447,627afa62f473875d8ee058e0172f248af98aa4026641e316f76fd5c3d256f1ae,,2021,7,0,0,extracted
UNGA76_General_Debate_2021_statements/UNGA76_General_Debate_2021/lao-peoples-democratic-republic__la_en.pdf,112187,b8aeb1a860362ca29c19376e651c794c2b3b5bb43e806beb4f459982dced6bb2,,2021,7,0,0,extracted
UNGA76_General_Debate_2021_statements/UNGA76_General_Debate_2021/latvia__lv_en.pdf,217598,148106144ff3feb67504823730c41509842aa99325cee432947f341717e29291,,2021,10,0,0,extracted
UNGA76_General_Debate_2021_statements/UNGA76_General_Debate_2021/lebanon__lb_ar.pdf,157436,cc71464fc219b9c5bc979ae9d80454027a8a7b18675555b05de0fcf94ae989af,,2021,5,0,0,extracted
UNGA76_General_Debate_2021_statements/UNGA76_General_Debate_2021/lebanon__lb_en.pdf,125492,2265d4f2addacf88598442fe7cd80890f194e6562943f3059abc94d6e47bfa74,,2021,5,0,0,extracted
UNGA76_General_Debate_2021_statements/UNGA76_General_Debate_2021/lebanon__lb_fr.pdf,111022,7134ff9e4bec0ba791c9d9b355c1d7979b06ccb4ad51318d3077e78458cd143c,,2021,5,0,0,extracted
UNGA76_General_Debate_2021_statements/UNGA76_General_Debate_2021/lesotho__ls_en.pdf,141529,f0cfdf98ad48a58c701292a8da7e095804c736fb9f7d1ccea9dfeda6d998eef9,,2021,14,0,0,extracted
UNGA76_General_Debate_2021_statements/UNGA76_General_Debate_2021/liberia__lr_en.pdf,191758,2c493048871f2a78231740bb68bdad0b61f1afa54f2202d5f173820554c101e9,,2021,7,0,0,extracted
UNGA76_General_Debate_2021_statements/UNGA76_General_Debate_2021/libya__ly_ar.pdf,112547,2ecc1127c60c0724db7945fe988e8273d7edd4b075fd598d0ca793a90196b396,,2021,17,0,0,extracted
UNGA76_General_Debate_2021_statements/UNGA76_General_Debate_2021/lithuania__lt_en.pdf,170226,259bab9d0754435820d12781ec25c0be26b626b6d69211ecfe141435133cb8ea,,2021,9,0,0,extracted
UNGA76_General_Debate_2021_statements/UNGA76_General_Debate_2021/madagascar__mg_fr.pdf,212782,7b6b0204f669e6799a9cfa264ec568f43d1eedbdc80915a58eadbc886ca0f5b2,,2021,5,0,0,extracted
UNGA76_General_Debate_2021_statements/UNGA76_General_Debate_2021/malawi__mw_en.pdf,140559,2171efc24d18f6513e5908c176996aff9309c396bf6ed7ba1e4d6d042653c0ad,,2021,13,0,0,extracted
UNGA76_General_Debate_2021_statements/UNGA76_General_Debate_2021/malaysia__my_en.pdf,272274,070ea9c81dffd4a1a0f0c81399505d23eade0268585f9e4497614fb05bb20f7a,,2021,12,0,0,extracted
UNGA76_General_Debate_2021_statements/UNGA76_General_Debate_2021/maldives__mv_en.pdf,198552,984c3237e924703f0f736f6eaeb1817f1206a1dcf6d8053adc5f5f33aca31def,,2021,13,0,0,extracted
UNGA76_General_Debate_2021_statements/UNGA76_General_Debate_2021/mali__ml_fr.pdf,554558,fd787ce07714584fad9e643259fcbebf5db45e082e9d1385ae13dfa72fc98dd2,,2021,9,9,0,needs_review
UNGA76_General_Debate_2021_statements/UNGA76_General_Debate_2021/malta__mt_en.pdf,173274,7119239680bf459ee861daa205dc7fb059b45031498e2aa6b04b7a11bce86289,,2021,15,0,0,extracted
UNGA76_General_Debate_2021_statements/UNGA76_General_Debate_2021/mauritania__mr_fl.pdf,130309,8fd090a49442f92d1b55cb3f803e978247819eb1a418f83bef7249fbb4a9b90b,,2021,14,0,0,extracted
UNGA76_General_Debate_2021_statements/UNGA76_General_Debate_2021/mauritius__mu_en.pdf,906472,8a1c86ed596632da1fd96c82a6e042dbbde8008858be2011000fd45b834d51e0,,2021,8,0,0,extracted
UNGA76_General_Debate_2021_statements/UNGA76_General_Debate_2021/mexico__mx_es.pdf,117851,07662618e0add48ca9605b8984cb17ee07b85cc34b77b3e52b25d1ec66c3c790,,2021,11,0,0,extracted
UNGA76_General_Debate_2021_statements/UNGA76_General_Debate_2021/micronesia-federated-states__fm_en.pdf,56263,808e36d1e9d2deed8e5ab2a323ee252c2350d332b547c599b450496a7716b836,,2021,5,0,0,extracted
UNGA76_General_Debate_2021_statements/UNGA76_General_Debate_2021/monaco__mc_fr.pdf,179887,53b0653515bb41d9348df0563f18716862042a3afb4e6aabed347549f3bdf1f1,,2021,16,0,0,extracted
UNGA76_General_Debate_2021_statements/UNGA76_General_Debate_2021/montenegro__me_en.pdf,137588,40b32c097d14cebab44cebb91180a3bdf3254b1b9423daf347ab1d25a38127f8,,2021,5,0,0,extracted
UNGA76_General_Debate_2021_statements/UNGA76_General_Debate_2021/morocco__ma_ar.pdf,238741,d01fea28ab33271e6508dfaa28165c82acca15990c071fdbe2a0e07accf4549d,,2021,11,0,0,extracted
UNGA76_General_Debate_2021_statements/UNGA76_General_Debate_2021/mozambique__my_en_1.pdf,138348,5c863acaec7bf88095e640ec0a5bcefbfac3ec5d1eede117d6db9137049a18de,,2021,11,0,0,extracted
UNGA76_General_Debate_2021_statements/UNGA76_General_Debate_2021/namibia__na_en.pdf,302221,0bab3b99bcbba786ed4f3848a5331d360ca724642f4f4d7dadaf2a1b06170a73,,2021,14,0,0,extracted
UNGA76_General_Debate_2021_statements/UNGA76_General_Debate_2021/nauru__nr_en.pdf,234236,2644616227a4ee0625dc6d2ad99f0e24e48085c7a9ee40b3b4f2096055512927,,2021,8,0,0,extracted
UNGA76_General_Debate_2021_statements/UNGA76_General_Debate_2021/nepal__np_en.pdf,150200,ed125419aa38f3ec3b48c2600c6fa818fdc7b2365673c74f9cd13ea2ba60b184,,2021,19,0,0,extracted
UNGA76_General_Debate_2021_statements/UNGA76_General_Debate_2021/new-zealand__nz_en.pdf,265260,1c34390afca96efcee372b3bc211677c480173d97da869b698d0db0ce5c94b97,,2021,7,0,0,extracted
UNGA76_General_Debate_2021_statements/UNGA76_General_Debate_2021/nicaragua__ni_es.pdf,228513,4ea01ac6359f3217189178d537249dddf9d6937baf4fb715954b29c74531c8ad,,2021,30,0,0,extracted
UNGA76_General_Debate_2021_statements/UNGA76_General_Debate_2021/niger__ne_fr.pdf,168059,cf7be215a4c3d6cc713b5323698c7b88a659aa7bd200003513d6e8c2973b314d,,2021,11,0,0,extracted
UNGA76_General_Debate_2021_statements/UNGA76_General_Debate_2021/nigeria__ng_en.pdf,281365,2d76662c957260c7b411a2622408c619a5d32a01148e14b3434d97a542e01c63,,2021,14,0,0,extracted
UNGA76_General_Debate_2021_statements/UNGA76_General_Debate_2021/north-macedonia__mk_en.pdf,262087,4bba11a458589a9258958e3a75e11a9b8b633b91bd2a0859cfb896585d6109fd,,2021,5,0,0,extracted
UNGA76_General_Debate_2021_statements/UNGA76_General_Debate_2021/pakistan__pk_en.pdf,159155,672d7a9d98fa750dab50ec099f64b4404b4ddd6d2440b1363f8b98b2ef84f99c,,2021,10,0,0,extracted
UNGA76_General_Debate_2021_statements/UNGA76_General_Debate_2021/palau__pw_en.pdf,154860,4263e96523fa96a8d552865242f8f068248615b155cfb3abe55013a0ebcd690e,,2021,6,0,0,extracted
UNGA76_General_Debate_2021_statements/UNGA76_General_Debate_2021/palestine-state__ps_en.pdf,115558,6b922fd90b419af2e517b308e82618c4f1e401c4d0671a7e61b6011d3a6475d3,,2021,6,0,0,extracted
UNGA76_General_Debate_2021_statements/UNGA76_General_Debate_2021/panama__pa_es.pdf,101125,f5258a294dd371864d8e0fabbf7afa2de858bc5e00434f92a0d84b39af4f6a04,,2021,4,0,0,extracted
UNGA76_General_Debate_2021_statements/UNGA76_General_Debate_2021/papua-new-guinea__pg_en.pdf,191532,7efb098b7a75471a103678ab38e8b8f89140aaaa29506a8241b96c946c8abf32,,2021,24,0,0,extracted
UNGA76_General_Debate_2021_statements/UNGA76_General_Debate_2021/paraguay__py_es.pdf,258421,5a4651e164396d19b801f4a848cc1462e12cd8c4403356eb46b11f9bb88cb46b,,2021,7,0,0,extracted
UNGA76_General_Debate_2021_statements/UNGA76_General_Debate_2021/peru__pe_es.pdf,127962,31517d8f4290b41fe9bab3418aaef7753cfef7a3d6fd59289d91ebee7c1dc568,,2021,15,0,0,extracted
UNGA76_General_Debate_2021_statements/UNGA76_General_Debate_2021/philippines__ph_en.pdf,157514,a82cffd92a9fdda3422d291e40247a4e18c27dd37757e20a327d72bd2f4507c0,,2021,5,0,0,extracted
UNGA76_General_Debate_2021_statements/UNGA76_General_Debate_2021/poland__pl_en.pdf,276286,e90a6ef915a67666c090c83d897f84a8654ce68935f66e301daab8dfc067d65e,,2021,8,0,0,extracted
UNGA76_General_Debate_2021_statements/UNGA76_General_Debate_2021/poland__pl_fl.pdf,277356,cf0284e8e9924dfa20da38e8bf76ee4960777f205d2747be004e4153214d7b70,,2021,10,0,0,extracted
UNGA76_General_Debate_2021_statements/UNGA76_General_Debate_2021/portugal__pt_en.pdf,264150,948821b2e9c0bc5492646bf64a78ba32002422e4daab4d01fa50e56997a1dea8,,2021,7,7,0,needs_review
UNGA76_General_Debate_2021_statements/UNGA76_General_Debate_2021/portugal__pt_fl.pdf,264809,62d99f08aef9dbaf500831d0510d7f4ebd4b440eadcd516a6a3620ad30d58cd0,,2021,7,7,0,needs_review
UNGA76_General_Debate_2021_statements/UNGA76_General_Debate_2021/president-general-assembly-closing__pgaclosing.pdf,379106,735f6ca34001ca0d10e9d1f09ebe45a880c8515f821d27082be863f2342f4746,,2021,6,0,0,extracted
UNGA76_General_Debate_2021_statements/UNGA76_General_Debate_2021/qatar__qa_ar.pdf,229675,a63d902ffc918e7d448358709cfe3184db0a00067ff085073257e91517416dd6,,2021,9,0,0,extracted
UNGA76_General_Debate_2021_statements/UNGA76_General_Debate_2021/qatar__qa_en.pdf,404712,ab2e698ac2b7285f2890128da8603d16d5931dff03bb87965629b8c65c9b32e8,,2021,8,0,0,extracted
UNGA76_General_Debate_2021_statements/UNGA76_General_Debate_2021/qatar__qa_es.pdf,229431,d4bd627434b7af4b70ed3b0b7fe88de9723b9f0cbe5611bf52911e76c4fe7e4d,,2021,9,0,0,extracted
UNGA76_General_Debate_2021_statements/UNGA76_General_Debate_2021/qatar__qa_fr.pdf,590100,c2316fb11504ac408e4d3e7b5d5b6b58664b7d5baf8beb522cd17cc6653ad461,,2021,8,0,0,extracted
UNGA76_General_Debate_2021_statements/UNGA76_General_Debate_2021/republic-korea__kr_en.pdf,117585,1cc7f94183e65af1d7a7031aaed726a9cd2d22f5b73cf29a8eabf8fc857d225b,,2021,7,0,0,extracted
UNGA76_General_Debate_2021_statements/UNGA76_General_Debate_2021/republic-moldova__md_en.pdf,47851,7015ba1511c9dd89cad9db33d23e9ada7c8f256524aa08b0321054c2219439ee,,2021,4,0,0,extracted
UNGA76_General_Debate_2021_statements/UNGA76_General_Debate_2021/romania__ro_en.pdf,557644,807a1d6cf887a3c605414ab9a2278102f7e1601fde38b2abb5bf3f4b7e9bd2c5,,2021,4,0,0,extracted
UNGA76_General_Debate_2021_statements/UNGA76_General_Debate_2021/rwanda__rw_en.pdf,86979,2e4d2979c3b28f4d2524e56d7e6e7de5775fdf6f4875e0459e9634a3b845350c,,2021,7,0,0,extracted
UNGA76_General_Debate_2021_statements/UNGA76_General_Debate_2021/saint-kitts-and-nevis__kn_en.pdf,182333,6b626cd5d1abf65ab94ff65ae250aa97d42ab0abef545a0c9c85a9d7630bd617,,2021,8,0,0,extracted
UNGA76_General_Debate_2021_statements/UNGA76_General_Debate_2021/saint-lucia__lc_en.pdf,307787,a9ca067f08884f6031af8449fded54e65d647e809cf1b265c78ffcb0ebdd369b,,2021,7,0,0,extracted
UNGA76_General_Debate_2021_statements/UNGA76_General_Debate_2021/saint-vincent-and-grenadines__vc_en.pdf,200821,65a21d9c12081759072f9756ea17f9727537e9d02ca5b46c89682dda89d80936,,2021,13,0,0,extracted
UNGA76_General_Debate_2021_statements/UNGA76_General_Debate_2021/san-marino__sm_en.pdf,131410,6b9e720d92bfb3330c3c6c1e6a975011a3e66d0e6846332cc20fde2bb301ca8c,,2021,8,0,0,extracted
UNGA76_General_Debate_2021_statements/UNGA76_General_Debate_2021/sao-tome-and-principe__st_fl.pdf,123362,d4a2dc025a761588a594ccd50b0bce9334d4bde4405e37ace8f5c4172c1071b6,,2021,13,0,0,extracted
UNGA76_General_Debate_2021_statements/UNGA76_General_Debate_2021/sao-tome-and-principe__st_fr.pdf,177229,ef22d349c30db69cd4596aa21eb76e0e68ae2a2cdba61906baeccf2ab3aa9b28,,2021,13,0,0,extracted
UNGA76_General_Debate_2021_statements/UNGA76_General_Debate_2021/saudi-arabia__sa_ar.pdf,112491,b2564241e2eced0e8096170f3b9ca0a9740c863ce9a930ffc4449a4d90faa344,,2021,4,0,0,extracted
UNGA76_General_Debate_2021_statements/UNGA76_General_Debate_2021/saudi-arabia__sa_en.pdf,75681,3df2cfb608efa5e92003baa62210d2eebdbff9c96d4303ce2e9aaaa88430116f,,2021,3,0,0,extracted
UNGA76_General_Debate_2021_statements/UNGA76_General_Debate_2021/secretary-general-united-nations__unsg_ar.pdf,267292,46455aa8e5d04da75b6d61c8fc7f8ad1a224eb323b0cb1f1d7102fd0af6734e4,,2021,17,0,0,extracted
UNGA76_General_Debate_2021_statements/UNGA76_General_Debate_2021/secretary-general-united-nations__unsg_es.pdf,197344,c2353da63cb99fd4a2f698b431a8eef2fc879397897ded2e8e39d6a9703f02cb,,2021,15,1,0,needs_review
UNGA76_General_Debate_2021_statements/UNGA76_General_Debate_2021/secretary-general-united-nations__unsg_fl.pdf,278494,f43c26e76b12318ffd51c3b1b78b3fdb58e9f082b3ae42bad144aa9ca096c85d,,2021,55,0,0,extracted
UNGA76_General_Debate_2021_statements/UNGA76_General_Debate_2021/secretary-general-united-nations__unsg_fr.pdf,238096,52a2a4f597ce2b6534ffb8dbe8fa206fb8f655501d1783d73e83ca066b15456d,,2021,16,0,0,extracted
UNGA76_General_Debate_2021_statements/UNGA76_General_Debate_2021/secretary-general-united-nations__unsg_ru.pdf,208782,9eeeef5322f94f00b9b9112c380e50f440f441c4124df82f179a6c5f6ae1527b,,2021,17,1,0,needs_review
UNGA76_General_Debate_2021_statements/UNGA76_General_Debate_2021/secretary-general-united-nations__unsg_zh.pdf,338984,3dc7b43b26baded62cb9ba40eaf05882f77bdbeeab5e773e3ed5cf7eac5c4833,,2021,9,0,0,extracted
UNGA76_General_Debate_2021_statements/UNGA76_General_Debate_2021/senegal__sn_fr.pdf,263366,29a6810be9c5f38db4d7a2ffeb5db5097e7a8fc35b902e937541b8a40f2f9130,,2021,7,0,0,extracted
UNGA76_General_Debate_2021_statements/UNGA76_General_Debate_2021/serbia__rs_en.pdf,136144,e8463528f9e6c2b8c05d05afd0ee550c9666a2f492ae8f1c295ca6f518ef11a3,,2021,9,1,0,needs_review
UNGA76_General_Debate_2021_statements/UNGA76_General_Debate_2021/seychelles__sc_en.pdf,67590,63abf4352f9e4c6d9efb1107f847c4f04f0e608d0311587c64248e837fb5c506,,2021,4,0,0,extracted
UNGA76_General_Debate_2021_statements/UNGA76_General_Debate_2021/sierra-leone__sl_en.pdf,235324,79e08dbb4bf67537dc12a4c5c4a347c4fb688d2ffb45b22935562cccfd68fdc9,,2021,10,10,0,needs_review
UNGA76_General_Debate_2021_statements/UNGA76_General_Debate_2021/singapore__sg_en.pdf,108290,b1b0f2a631c53c0f95fdb69d29f56b12de394151e8c6c9e665e988e2d227bd82,,2021,12,1,0,needs_review
UNGA76_General_Debate_2021_statements/UNGA76_General_Debate_2021/slovakia__sk_en.pdf,553348,f25b8b81f199733470c806620708c9bad430b0d48ea0cb8ac2d418227e99d887,,2021,4,0,0,extracted
UNGA76_General_Debate_2021_statements/UNGA76_General_Debate_2021/slovenia__si_en.pdf,127178,f97b28942eb3ad5cf5894b5643532b62e412ea79b7d0af078d8653ff0ef12713,,2021,3,0,0,extracted
UNGA76_General_Debate_2021_statements/UNGA76_General_Debate_2021/solomon-islands__sb_en.pdf,192107,d020fd689237ba58fbf397e4286e399d0a8aaf85c8eec8d4edb02f6b5dcd5c46,,2021,15,0,0,extracted
UNGA76_General_Debate_2021_statements/UNGA76_General_Debate_2021/somalia__so_en.pdf,113880,d129469b73cabba4a17451bfaf9875a0066441431924d360f603b363e0169aec,,2021,5,0,0,extracted
UNGA76_General_Debate_2021_statements/UNGA76_General_Debate_2021/south-africa__za_en.pdf,82783,9f618b8684cc0ea9cb95cc50a0c1938714b566714ba49f3cf70ac4acf0871593,,2021,6,0,0,extracted
UNGA76_General_Debate_2021_statements/UNGA76_General_Debate_2021/south-sudan__ss_en.pdf,258265,67226eac2fb8bbe2b3b5b98040dcc6b4d22ee0748177c4a03f34f65b5cbe3355,,2021,8,0,0,extracted
UNGA76_General_Debate_2021_statements/UNGA76_General_Debate_2021/sri-lanka__lk_en.pdf,372286,d84688d096f1aa7fde6412bbb52ede1cf74d642bc2dd82541a2af33d6029300a,,2021,4,0,0,extracted
UNGA76_General_Debate_2021_statements/UNGA76_General_Debate_2021/sudan__sd_ar.pdf,622100,9c87c98b2289bda3ae8a5ee0bdaf768d8f711efa85b7041b71fb3b86fd8056bb,,2021,8,0,0,extracted
UNGA76_General_Debate_2021_statements/UNGA76_General_Debate_2021/suriname__sr_en.pdf,218924,4f0e65c91ca595eaf21be7cfa6879888175a28e9c35be5447397d86415525930,,2021,6,0,0,extracted
UNGA76_General_Debate_2021_statements/UNGA76_General_Debate_2021/sweden__se_en.pdf,120844,9a086349c5155654f5b08f591d32859f719450bfe7ef0b8127bc4a5ea7f25f56,,2021,6,0,0,extracted
UNGA76_General_Debate_2021_statements/UNGA76_General_Debate_2021/switzerland__ch_en.pdf,449862,ef44070fd8b690cb1834c1665570f2457c7a8878b3af5bba26660636d1b71077,,2021,4,0,0,extracted
UNGA76_General_Debate_2021_statements/UNGA76_General_Debate_2021/switzerland__ch_fr.pdf,412663,073b995993b0e2a45b7ed02d5627fb386f063bfc0cc39e23be90c2f8136a318a,,2021,5,0,0,extracted
UNGA76_General_Debate_2021_statements/UNGA76_General_Debate_2021/syrian-arab-republic__sy_ar.pdf,265169,bd524be797dd227ae2a01a9905b13cf01180926c83e56c76dc688ddfdb5ed83c,,2021,7,0,0,extracted
UNGA76_General_Debate_2021_statements/UNGA76_General_Debate_2021/syrian-arab-republic__sy_en.pdf,179345,f1a333bef0bfcf6a0a97b249d609631fc0431838e31c9377255507651593625d,,2021,10,0,0,extracted
UNGA76_General_Debate_2021_statements/UNGA76_General_Debate_2021/tajikistan__tj_en.pdf,119765,b568ffd0e79464d9ecb958c2793db634bf0d21400b1643bbd11aa7fb849fe7de,,2021,8,0,0,extracted
UNGA76_General_Debate_2021_statements/UNGA76_General_Debate_2021/thailand__th_en.pdf,170985,8296c9ddbd8a3130b5f6c396302a22795f1f8bcf4eaef3a0a44a4beec8a7d0fa,,2021,8,0,0,extracted
UNGA76_General_Debate_2021_statements/UNGA76_General_Debate_2021/timor-leste__tl_en.pdf,195029,2c59c5a25f5743a316db3ffa226da3dc179d23ea3bd2d8443810513c197ea744,,2021,8,0,0,extracted
UNGA76_General_Debate_2021_statements/UNGA76_General_Debate_2021/togo__vn_en.pdf,116648,de3bb0c4067d4341fad90a45d637517e5702374dec28a9f03d0a4aac3ec242ad,,2021,7,0,0,extracted
UNGA76_General_Debate_2021_statements/UNGA76_General_Debate_2021/tonga__to_en_0.pdf,120892,017d934677b974117535dff8665059fb2c01d69014ba841b07b6498ea80ce4f4,,2021,5,0,0,extracted
UNGA76_General_Debate_2021_statements/UNGA76_General_Debate_2021/trinidad-and-tobago__tt_en.pdf,182036,023a68db9345b62aa03fefcc4d7fdbd79b19b60f6f7c528051e557206df2b5b2,,2021,7,0,0,extracted
UNGA76_General_Debate_2021_statements/UNGA76_General_Debate_2021/tunisia__tn_ar.pdf,217638,04ddc5e47309f905d109b4169548cb372a13e3adafc0df9897a29d22a23e4464,,2021,6,0,0,extracted
UNGA76_General_Debate_2021_statements/UNGA76_General_Debate_2021/turkmenistan__tm_en_1.pdf,160502,5695da7647f15f5aa3990c0b8620e762376de47a578377f3a7bbc96f06553410,,2021,5,0,0,extracted
UNGA76_General_Debate_2021_statements/UNGA76_General_Debate_2021/turkmenistan__tm_ru_1.pdf,143285,47f32063ce30e0ad5345d8004135ec6f19c01eb5915e9b13e735c9f12a71e5af,UNGA76_General_Debate_2021_statements/UNGA76_General_Debate_2021/finland__tm_ru.pdf,2021,7,0,0,extracted
UNGA76_General_Debate_2021_statements/UNGA76_General_Debate_2021/tuvalu__tv_en.pdf,224104,56c6298c40c77bda1cbb18b799f033e80231ae51746dad1240fc10fc03ba702a,,2021,6,0,0,extracted
UNGA76_General_Debate_2021_statements/UNGA76_General_Debate_2021/uganda__ug_en.pdf,222326,a119abba77b1b5078e1b2248aa17f06549c9a3572fd19f86fc074223a77d13b4,,2021,12,0,0,extracted
UNGA76_General_Debate_2021_statements/UNGA76_General_Debate_2021/ukraine__ua_en.pdf,86329,c46660d940671dd10752e6421dcd4242e0824892376bc553b2082531acd6f72a,,2021,4,0,0,extracted
UNGA76_General_Debate_2021_statements/UNGA76_General_Debate_2021/ukraine__ua_es.pdf,137968,50ee11e06202f616e15d8cb8e56071cab6beb8a43a6f46d7b30578fae1c8787e,,2021,6,0,0,extracted
UNGA76_General_Debate_2021_statements/UNGA76_General_Debate_2021/united-arab-emirates__ae_ar.pdf,278616,cf5471fa92ccdf38b24797c9b0d3c0fcd433a6d34d89fe21c444b7349895e508,,2021,8,0,0,extracted
UNGA76_General_Debate_2021_statements/UNGA76_General_Debate_2021/united-arab-emirates__ae_en.pdf,211448,ad9c50d738507376247b5d6872cd8ebcbd7eb4e50d717e8658374018fff496ca,,2021,5,0,0,extracted
UNGA76_General_Debate_2021_statements/UNGA76_General_Debate_2021/united-republic-tanzania__tz_en.pdf,266203,2e09810fa6c5403ddcd24414c1899c5c4ef9a0481c09bcbaf955c0e7894330ac,,2021,17,0,0,extracted
UNGA76_General_Debate_2021_statements/UNGA76_General_Debate_2021/uzbekistan__uz_en.pdf,279836,954c2f2f6caee20e17d9d580f91ad68e44dffda87b190f8c76ac1f91efde23b9,,2021,6,0,0,extracted
UNGA76_General_Debate_2021_statements/UNGA76_General_Debate_2021/uzbekistan__uz_ru.pdf,337955,edcffc6a29900e02dbdd7c17f9d4605a94d3e2dd90079131e5aa02eccf1c04cf,,2021,8,0,0,extracted
UNGA76_General_Debate_2021_statements/UNGA76_General_Debate_2021/vanuatu__vu_en.pdf,648922,c9c0fc3fd33bd97b4a22a8dd333672acb9b22bcc660dde386457cbdace73a1ea,,2021,10,0,0,extracted
UNGA76_General_Debate_2021_statements/UNGA76_General_Debate_2021/venezuela-bolivarian-republic__ve_es.pdf,127689,ceaaf873776f643149dc51c4b519d24af03853daec692bc6de34b615b6db75b5,,2021,6,0,0,extracted
UNGA76_General_Debate_2021_statements/UNGA76_General_Debate_2021/viet-nam__cv_en_1.pdf,146540,dd7a723eb8d8e77451c699d3391f207bf0b205360c1cd6460d6be154fb1a217c,UNGA76_General_Debate_2021_statements/UNGA76_General_Debate_2021/cabo-verde__cv_en.pdf,2021,12,0,0,extracted
UNGA76_General_Debate_2021_statements/UNGA76_General_Debate_2021/yemen__ye_ar.pdf,196357,4a6c7fd18e870aa1194016a65fdac6b23cca48ca33c1cdc1bfef14d5ccdace86,,2021,10,0,0,extracted
UNGA77_General_Debate_2022_statements/UNGA77_General_Debate_2022/albania__al_en.pdf,163107,0d5ac9602d52b643c1c4c1b5b9cf201a38bd65320482da5894bcbf5b9cc33d7e,,2022,20,0,0,extracted
UNGA77_General_Debate_2022_statements/UNGA77_General_Debate_2022/algeria__dz_ar.pdf,694129,78e071c06de44a234ce7b47e5a338e2ef52f2472df239a6fb792af93121a4a64,,2022,11,0,0,extracted
UNGA77_General_Debate_2022_statements/UNGA77_General_Debate_2022/andorra__ad_en.pdf,642618,24cf9e31a7cc3dd5daf90940dedbab141d67090270d76d3e223f4df91f77615c,,2022,9,9,0,needs_review
UNGA77_General_Debate_2022_statements/UNGA77_General_Debate_2022/andorra__ad_es.pdf,679780,b6729cb75b524274f1b70e27572e4f316b393daddc5e6280e893f88e00d95656,,2022,9,9,0,needs_review
UNGA77_General_Debate_2022_statements/UNGA77_General_Debate_2022/andorra__ad_fl.pdf,656655,fdaf06383d6fb8c5e341e583b611b429ccb3b529f6b29a10a4947ee23e6964dd,,2022,9,9,0,needs_review
UNGA77_General_Debate_2022_statements/UNGA77_General_Debate_2022/andorra__ad_fr.pdf,684784,eb3e6eac76e59cf915c82ee623771275853ff063546b29eb06fd01331cece059,,2022,9,9,0,needs_review
UNGA77_General_Debate_2022_statements/UNGA77_General_Debate_2022/angola__ao_en.pdf,229590,1d8467627a70cc5251962de24b4bd21b7b2cecbbfb23079411636441785fe4df,,2022,10,0,0,extracted
UNGA77_General_Debate_2022_statements/UNGA77_General_Debate_2022/antigua-and-barbuda__ag_en.pdf,878249,ab3baa0c123807e71a128fdd90a4facad6df73dd68890f0dce70b2f903247414,,2022,14,14,0,needs_review
UNGA77_General_Debate_2022_statements/UNGA77_General_Debate_2022/argentina__ar_es.pdf,87432,5bd1eb0857bef663ca0d2468125999b0b3969b6d65f1456ea50f56e77cc08ed7,,2022,9,0,0,extracted
UNGA77_General_Debate_2022_statements/UNGA77_General_Debate_2022/armenia__am_en.pdf,82511,ef6ed587fd6138ddb41f72e56c3b29e9915420d4b7c71742a44e79352dd67920,,2022,8,0,0,extracted
UNGA77_General_Debate_2022_statements/UNGA77_General_Debate_2022/australia__au_en.pdf,135808,6b3056e386bd23fd674d5cc0341819370d0679b44bc1d8ad2ed15398020687f4,,2022,8,0,0,extracted
UNGA77_General_Debate_2022_statements/UNGA77_General_Debate_2022/austria__at_en.pdf,3514718,ec478be9bc4d9319e5c22c524501c2522d654a54e3a5bc65d84d60e27d1dc2f2,,2022,16,16,0,needs_review
UNGA77_General_Debate_2022_statements/UNGA77_General_Debate_2022/azerbaijan__az_en.pdf,185390,82a2d674c1a5ad17f831458afd7bc4404fcdfb4ef636e4e0e6a42e6deb837f0f,,2022,8,0,0,extracted
UNGA77_General_Debate_2022_statements/UNGA77_General_Debate_2022/bahamas__bs_en.pdf,303247,e6a7289590ae6856698c1abb2f6e10f82d4a8e99c53585521b880f71b3679f37,,2022,36,0,0,extracted
UNGA77_General_Debate_2022_statements/UNGA77_General_Debate_2022/bahrain__bh_ar.pdf,338900,455555c9ebea75d63a4e84093776724ab3f8724852d5ee5fd01ce34f4a69e6f0,,2022,16,0,0,extracted
UNGA77_General_Debate_2022_statements/UNGA77_General_Debate_2022/bahrain__bh_en.pdf,245069,77b7539e7bb7b1bf267b90f13c8bbb130b09c456af1b0961795652f5327504e0,,2022,6,0,0,extracted
UNGA77_General_Debate_2022_statements/UNGA77_General_Debate_2022/bangladesh__bd_en.pdf,152146,4b9753efac0d0c26a7fb525ea9aabc2db8aa31c43ab98ca210979cbc1accc381,,2022,13,0,0,extracted
UNGA77_General_Debate_2022_statements/UNGA77_General_Debate_2022/barbados__bb1_en.pdf,557247,966d8a715c597aea1d8a64d71fe30aea47723591ec9652263de824b956a9be77,,2022,7,7,0,needs_review
UNGA77_General_Debate_2022_statements/UNGA77_General_Debate_2022/belarus__by_en.pdf,93655,b9160103809b112a190d13f4cd6e80137c9ff4f6fada178ced611e16eeb62774,,2022,6,0,0,extracted
UNGA77_General_Debate_2022_statements/UNGA77_General_Debate_2022/belarus__by_ru.pdf,175750,6f6c576dfa0f0ea04a4c786ec4223fa00629cbbae93e2472582a2a443cb3b20a,,2022,28,0,0,extracted
UNGA77_General_Debate_2022_statements/UNGA77_General_Debate_2022/belgium__be_fl.pdf,138948,cce43c4c33f902690c0588858566490a45df1005967e191820d07eeac300cc99,,2022,6,0,0,extracted
UNGA77_General_Debate_2022_statements/UNGA77_General_Debate_2022/belize__bz_en.pdf,179963,2b1627b077848d91240f79fe54a6d6ae950365d85898138a299beeff8d8833cf,,2022,8,0,0,extracted
UNGA77_General_Debate_2022_statements/UNGA77_General_Debate_2022/benin__bj_fr.pdf,134820,fbcefff7d18374fe25376b2aa96e465d88ada9d98be56fe450cdd0c28bdcc19b,,2022,6,0,0,extracted
UNGA77_General_Debate_2022_statements/UNGA77_General_Debate_2022/bhutan__bt_en.pdf,150530,fab7f99b3c8e682eda0e20ee6c89279e3bfd5f349eebab3fb38bbf2c7d43c0f0,,2022,10,0,0,extracted
UNGA77_General_Debate_2022_statements/UNGA77_General_Debate_2022/bolivia-plurinational-state__bo_es.pdf,211951,69b394281e95ce2ea483ffb70166952f0050b0318c4d590870d2d251821827ab,,2022,21,0,0,extracted
UNGA77_General_Debate_2022_statements/UNGA77_General_Debate_2022/bosnia-and-herzegovina__ba_en.pdf,150939,8e49e563ebbecb441109f24aeeff775ee15755b8c5e190eee8bbfdc0f42312fa,,2022,13,0,0,extracted
UNGA77_General_Debate_2022_statements/UNGA77_General_Debate_2022/botswana__bw_en.pdf,181087,9a979c1c4d317f97419c593f0be7f6c435524006becdb4e37825471bf501388c,,2022,20,0,0,extracted
UNGA77_General_Debate_2022_statements/UNGA77_General_Debate_2022/brazil__br_en.pdf,218275,b5466deda0601cc87a2609cb5c6a57b20c33cddb3d7fae1d09bdbc8c987bf4dc,,2022,10,0,0,extracted
UNGA77_General_Debate_2022_statements/UNGA77_General_Debate_2022/brunei-darussalam__bn_en.pdf,252021,2c8fb53a8f95206f194c66b8ef1d286e34da40a42e49f5bd64d257427131a293,,2022,6,0,0,extracted
UNGA77_General_Debate_2022_statements/UNGA77_General_Debate_2022/bulgaria__bg_en.pdf,172370,a105c8951adb6af72d33ee1de5fd9e1762e0adcd177be503fcd18814e366a3a5,,2022,7,0,0,extracted
UNGA77_General_Debate_2022_statements/UNGA77_General_Debate_2022/burkina-faso__bf_fr.pdf,117207,939a99d55cfadab5ca4c836c94a38e8c68936fd3ae7da65a13dd60454eaa619d,,2022,14,0,0,extracted
UNGA77_General_Debate_2022_statements/UNGA77_General_Debate_2022/burundi__bi_fr.pdf,65261,ccedf9fbca11d2a9c1ec6e1e779e3d53ae29ec16e6920b31a64026006d67a3da,,2022,7,0,0,extracted
UNGA77_General_Debate_2022_statements/UNGA77_General_Debate_2022/cabo-verde__cv_en.pdf,310193,1d3e914fd28002a6331ab85f04849f477825c692b6faeb52e83ecb88249a7de5,,2022,6,0,0,extracted
UNGA77_General_Debate_2022_statements/UNGA77_General_Debate_2022/cambodia__kh_en.pdf,156242,3990336e30f7a17c797e86e9b24d2931964d04c7aaa3a0af4adb1acebefe5cc8,,2022,7,0,0,extracted
UNGA77_General_Debate_2022_statements/UNGA77_General_Debate_2022/cameroon__cm_fr.pdf,189401,5753b596bd93af96df638f191d2173193ad8e2e997a49c48d70b3ec0bc9059df,,2022,10,0,0,extracted
UNGA77_General_Debate_2022_statements/UNGA77_General_Debate_2022/central-african-republic__cf_fr.pdf,159982,97e44b4b54230cc67a32572816e861ee24258ce48a1b4bead81398ac7f12f6ed,,2022,9,0,0,extracted
UNGA77_General_Debate_2022_statements/UNGA77_General_Debate_2022/chad__td_ar.pdf,303952,99f05a91675c19350cafa17993055a914dec8ff745825dcbc7b8ca8143de966d,,2022,8,8,0,needs_review
UNGA77_General_Debate_2022_statements/UNGA77_General_Debate_2022/chad__td_fr.pdf,474002,fb38b7a02dfe16cb5673f4f0a951ef811a2d34637e291ef0690f65824dded241,,2022,7,7,0,needs_review
UNGA77_General_Debate_2022_statements/UNGA77_General_Debate_2022/chile__cl_es.pdf,266187,4e98790183446310a91c7f31fdcf73b811ea24a8af77791f3f86713967261dec,,2022,7,0,0,extracted
UNGA77_General_Debate_2022_statements/UNGA77_General_Debate_2022/china__cn_zh.pdf,419208,5d3492ecda829dab12870822f5d82d92bd2acc454d856aecfe474116169c4a62,,2022,10,0,0,extracted
UNGA77_General_Debate_2022_statements/UNGA77_General_Debate_2022/colombia__co_es.pdf,56737,aedba7796bf24c5a0ab2beb50ae8841c061b3029f10efde2a7fd0f4c3d6909b9,,2022,10,0,0,extracted
UNGA77_General_Debate_2022_statements/UNGA77_General_Debate_2022/comoros__km_fr.pdf,372740,797252dd50e3467222974b3168f84ad084e3a0ba32b784eccea8e6e15896e0c7,,2022,11,0,0,extracted
UNGA77_General_Debate_2022_statements/UNGA77_General_Debate_2022/congo__cg_fr.pdf,8989528,385c1504ec33f4f2caa767739a8b8f05c68af8f8e12b9b0cd45d468beabbb7d7,,2022,10,10,0,needs_review
UNGA77_General_Debate_2022_statements/UNGA77_General_Debate_2022/costa-rica__cr_en.pdf,308306,5ae017663625bb4e4c141e87a034032b6296515a38149a79acb0edf84dfc68ef,,2022,3,0,0,extracted
UNGA77_General_Debate_2022_statements/UNGA77_General_Debate_2022/costa-rica__cr_es.pdf,210940,a64864b1f7495fa2d30bcd3d74136499ea005724bf70d0264c9ea27e65281348,,2022,4,0,0,extracted
UNGA77_General_Debate_2022_statements/UNGA77_General_Debate_2022/cote-divoire__ci_fr.pdf,205636,e3960983963dababa04a0a0e5503d41d4828a430fedbd23e9a907207e4d0b397,,2022,7,0,0,extracted
UNGA77_General_Debate_2022_statements/UNGA77_General_Debate_2022/croatia__hr_en.pdf,131040,30fb7bef32fb19a314ed388b7fb1954188a4334973d6e45f500349df312ff48d,,2022,9,0,0,extracted
UNGA77_General_Debate_2022_statements/UNGA77_General_Debate_2022/cuba__cu_en.pdf,125585,0c9ae5b45f7d95a88f53a67eba171c361b88882e35ca8de16cede7880fc86b59,,2022,3,1,0,needs_review
UNGA77_General_Debate_2022_statements/UNGA77_General_Debate_2022/cuba__cu_es.pdf,113611,e2564d9b307361e4915dff5521376545faa2cbd854d4267015cd2f9e8272e868,,2022,5,0,0,extracted
UNGA77_General_Debate_2022_statements/UNGA77_General_Debate_2022/cyprus__cy_en.pdf,144298,c5006cac1d878e79640274cb29bbecedc74bca9a3842755bc48456aab3df9053,,2022,18,1,0,needs_review
UNGA77_General_Debate_2022_statements/UNGA77_General_Debate_2022/czech-republic__cz_en.pdf,170963,32c010abd75206b36c3e974532c2c607c965cbf14782e3d4be192e4f0832efe1,,2022,6,0,0,extracted
UNGA77_General_Debate_2022_statements/UNGA77_General_Debate_2022/democratic-peoples-republic-korea__kp_en.pdf,226122,5f4aa4971f5c2df23aa1213b56e28471bdd7c594e1a6617aac0222c91adb19fb,,2022,9,0,0,extracted
UNGA77_General_Debate_2022_statements/UNGA77_General_Debate_2022/democratic-republic-congo__cd_fr.pdf,281198,d49b57f85e92a6b81679a7653758c1e6f02efbcb0e8ef5d5c0776a312688b7fe,,2022,13,0,0,extracted
UNGA77_General_Debate_2022_statements/UNGA77_General_Debate_2022/denmark__dk_en.pdf,93866,ffa2d9683c18b53793872317e10e2dc7ae86495f0bdee25d550ae19a4c4e4dc7,,2022,9,0,0,extracted
UNGA77_General_Debate_2022_statements/UNGA77_General_Debate_2022/djibouti__dj_fr.pdf,340366,3e1f9b90f482e76b91d55956a108a38895227160dc6a76c87fc6ffc55a259a5a,,2022,22,22,0,needs_review
UNGA77_General_Debate_2022_statements/UNGA77_General_Debate_2022/dominica__dm_en.pdf,306202,279eccf1989af23ce90fe15869352e8f42736538147a79dae43c56c817b3766b,,2022,30,0,0,extracted
UNGA77_General_Debate_2022_statements/UNGA77_General_Debate_2022/dominican-republic__do_es.pdf,734049,f91136a6b76b4af9321f83e4c9703b091ddac45277543031bf0aa7218755dc23,,2022,7,0,0,extracted
UNGA77_General_Debate_2022_statements/UNGA77_General_Debate_2022/ecuador__ec_es.pdf,200047,3ea5eb8d8a9ab1218a8e68f0052177bbc2d6b0979dcd4af1eb2979df8be15577,,2022,11,0,0,extracted
UNGA77_General_Debate_2022_statements/UNGA77_General_Debate_2022/el-salvador__sv_es.pdf,27339,7915072ac33b374cf0a7742d4344d9b040d70142c8ed552f97915efbc72e57b3,,2022,5,0,0,extracted
UNGA77_General_Debate_2022_statements/UNGA77_General_Debate_2022/equatorial-guinea__gq_es.pdf,155204,9e0431afab2c954e2f69d0343d1aa1466aa8186651c8d758a7e7ca74c8bcbbe7,,2022,16,0,0,extracted
UNGA77_General_Debate_2022_statements/UNGA77_General_Debate_2022/estonia__ee_en.pdf,152878,cb746d7fd84d511199288f1026dfeed3b55386d0defa9285ede9f7d84c614c50,,2022,17,0,0,extracted
UNGA77_General_Debate_2022_statements/UNGA77_General_Debate_2022/eswatini__sz_en.pdf,176406,da058eb3ea0b5d2bf3ec5e3ed1a8939370b44ebcdb5f2727f6be16ec6c109ebb,,2022,6,0,0,extracted
UNGA77_General_Debate_2022_statements/UNGA77_General_Debate_2022/ethiopia__et_en.pdf,179503,c41ae6469f21a8cc3060d73cf78db509930a126be4fd292a52290c24fed9bc15,,2022,8,0,0,extracted
UNGA77_General_Debate_2022_statements/UNGA77_General_Debate_2022/european-union__eu-en.pdf,180788,3ed15121500225c1279eb568c7512552fa623fcdf484f32c37d8fce9198de4dc,,2022,6,0,0,extracted
UNGA77_General_Debate_2022_statements/UNGA77_General_Debate_2022/european-union__eu_fr.pdf,128555,adae5e645b7d23dab9b07e2ffebb47b3cde26df24cf0ec706047cb2d2da98eb5,,2022,8,0,0,extracted
UNGA77_General_Debate_2022_statements/UNGA77_General_Debate_2022/fiji__fj_en.pdf,374468,b2552cf4a89a9579d8c38c2c38bf7ac27286c9dd90c47430a11ce9d096630226,,2022,13,0,0,extracted
UNGA77_General_Debate_2022_statements/UNGA77_General_Debate_2022/finland__fi_en_25.pdf,145467,ac9d456198282833a7ad727a64f222ce22495f2cdfdac1412246207112f8a359,,2022,4,0,0,extracted
UNGA77_General_Debate_2022_statements/UNGA77_General_Debate_2022/france__fr_fr.pdf,127788,e30ad98fae801a25ff59fa4656679764d64b51315686496641b2664238bfd1af,,2022,8,0,0,extracted
UNGA77_General_Debate_2022_statements/UNGA77_General_Debate_2022/gabon__ga_fr.pdf,118813,fc2a7d571b8b577ca3c458affd7da73c028ccd3c1a1e8b33341bf24f572018d8,,2022,6,0,0,extracted
UNGA77_General_Debate_2022_statements/UNGA77_General_Debate_2022/gambia-republic__gm_en.pdf,192252,9b6afac704c35d1b244aa26c8a52c2050ef85b6b88da9f2a50d83af10cb16815,,2022,34,0,0,extracted
UNGA77_General_Debate_2022_statements/UNGA77_General_Debate_2022/georgia__ge_en.pdf,183326,ea602d845bbf076f6ed5291929b3114638cd32fdfaddc4ee8ab0e038aa4f38ac,,2022,6,0,0,extracted
UNGA77_General_Debate_2022_statements/UNGA77_General_Debate_2022/germany__de_en.pdf,231528,7d4c443300afc1740663198cc89f69234a251e408a5481363c3f43f5ec65143f,,2022,8,0,0,extracted
UNGA77_General_Debate_2022_statements/UNGA77_General_Debate_2022/ghana__gh_en.pdf,352891,72ddd3773023abc61325eeddfab42684c653005e9cf94a0703237104d7743c06,,2022,5,0,0,extracted
UNGA77_General_Debate_2022_statements/UNGA77_General_Debate_2022/greece__gr_en.pdf,160314,31c694df5241a7c878d26a4c1f94d8047804c7d7ee29dd1463ace5f8f9e9559f,,2022,12,0,0,extracted
UNGA77_General_Debate_2022_statements/UNGA77_General_Debate_2022/grenada__gd_en.pdf,401930,46a84d33c55bc84965d0eeef42c61947e6b337bf4e5a42de7a33b3491c17b575,,2022,15,0,0,extracted
UNGA77_General_Debate_2022_statements/UNGA77_General_Debate_2022/guatemala__gt_es.pdf,519347,2decb69b30615bf33a83a475e42cb4aa9bae2030f9f0558dacf2efeff08cd2e0,,2022,10,10,0,needs_review
UNGA77_General_Debate_2022_statements/UNGA77_General_Debate_2022/guinea-bissau__gw_en.pdf,164115,502ec7880d0964252f9cc8c70d4f1527b0257d4c09b92458a55ce45913a08353,,2022,3,0,0,extracted
UNGA77_General_Debate_2022_statements/UNGA77_General_Debate_2022/guinea-bissau__gw_fl.pdf,160199,93b0245d0c8e135308b63f251a3db2f243f5693748fd3494294839b778756e0f,,2022,3,0,0,extracted
UNGA77_General_Debate_2022_statements/UNGA77_General_Debate_2022/guinea__gn_fr.pdf,207418,e945ff2b61be081f0df95caa96e570af4e46fad4cf5c2d7bc7363cffa69903e8,,2022,10,0,0,extracted
UNGA77_General_Debate_2022_statements/UNGA77_General_Debate_2022/guyana__gy_en.pdf,359926,12b871f1bc918b656d4664e9fd1722e994ab74dc3c7f054caef819793884d969,,2022,14,0,0,extracted
UNGA77_General_Debate_2022_statements/UNGA77_General_Debate_2022/haiti__ht_fr.pdf,795612,e45d6aabcc27a213ec6982ddfa92482485bc281116db9df640a4529f02fe577e,,2022,12,12,0,needs_review
UNGA77_General_Debate_2022_statements/UNGA77_General_Debate_2022/holy-see__va_en.pdf,240329,321e6235a84547c0f8c2ae01105586a43c2190fa4c41fcab81b1bfcb7a3bccf2,,2022,8,0,0,extracted
UNGA77_General_Debate_2022_statements/UNGA77_General_Debate_2022/honduras__hn_es.pdf,224571,5fe45f2e343ccd9649e82b0295d5ffca4472e76f8256e88cf12b0eddd337ec82,,2022,5,0,0,extracted
UNGA77_General_Debate_2022_statements/UNGA77_General_Debate_2022/hungary__hu_en.pdf,146773,7d50ea4fa0c06d171b170b34fda7b3ccb7fc9d5ae222dd16c7c35b2df0dfdfa7,,2022,5,1,0,needs_review
UNGA77_General_Debate_2022_statements/UNGA77_General_Debate_2022/iceland__is_en.pdf,139462,205384b271d8d19532ae58c0b89d2a89542e44e5c8b91e194e29d8ea009ce16a,,2022,11,1,0,needs_review
UNGA77_General_Debate_2022_statements/UNGA77_General_Debate_2022/india__in_en.pdf,136034,e5939e74b41b6220fb1222fff84f35eb7c3f1ddbf1025bd1e9ff619c1858ec54,,2022,13,0,0,extracted
UNGA77_General_Debate_2022_statements/UNGA77_General_Debate_2022/indonesia__id_en.pdf,144019,40f0c6ddb7f9838c9a6440fddad29a1e7a2a3f0a5fda3fc144beaf2e5d7e8254,,2022,6,0,0,extracted
UNGA77_General_Debate_2022_statements/UNGA77_General_Debate_2022/iran-islamic-republic__ir_en.pdf,188040,ecd4a477d89d8008ed981a89e28b11c3f8bf146a99c8a235475c8e93721947ff,,2022,8,0,0,extracted
UNGA77_General_Debate_2022_statements/UNGA77_General_Debate_2022/iraq__iq_ar.pdf,219726,06176404891b039bf1367365957228438ffd0ecc2cd81fdc3cc9e87f500940e4,,2022,6,0,0,extracted
UNGA77_General_Debate_2022_statements/UNGA77_General_Debate_2022/iraq__iq_fr.pdf,166893,09db31e5fd297bbd45b3e6c5e96b06d11732a810d43662dc853a2bfaaa124c1f,,2022,7,0,0,extracted
UNGA77_General_Debate_2022_statements/UNGA77_General_Debate_2022/ireland__ie_en.pdf,127506,b0db9986604766429ad5aaa9e694ac456fd29e6ac00652106640d0952e2c78d2,,2022,8,0,0,extracted
UNGA77_General_Debate_2022_statements/UNGA77_General_Debate_2022/israel__il_en.pdf,90410,1a1e6c50464051b76c2d6709e9fa39619d79a297595f59facca34887a3724df2,,2022,8,0,0,extracted
UNGA77_General_Debate_2022_statements/UNGA77_General_Debate_2022/italy__it_en.pdf,245162,3efc2770f377bf496465b081df0400ee9d9f5ff1c943f385c6ffdd7537fc5cdf,,2022,12,0,0,extracted
UNGA77_General_Debate_2022_statements/UNGA77_General_Debate_2022/jamaica__jm_en.pdf,201825,909707d539230e8a1ebd1627c800eeffb9bd905d57342ef677ee2235478c7153,,2022,8,0,0,extracted
UNGA77_General_Debate_2022_statements/UNGA77_General_Debate_2022/japan__jp_en.pdf,121103,52077969c40e672099bdcb412e19a0890a91f616417c3a6caeb0d1180f711087,,2022,8,0,0,extracted
UNGA77_General_Debate_2022_statements/UNGA77_General_Debate_2022/jordan__jo_ar.pdf,180131,bfa24293d431f7bab45b197672b6b08116650f4b4e7f2b6417342cb72c403dda,,2022,3,0,0,extracted
UNGA77_General_Debate_2022_statements/UNGA77_General_Debate_2022/jordan__jo_en.pdf,81847,6f94b31c2580f7dd17563410f677730eabdd964a5ed538de409faa9e0c33b147,,2022,4,0,0,extracted
UNGA77_General_Debate_2022_statements/UNGA77_General_Debate_2022/kazakhstan__kz_en.pdf,232721,e70097334f7fc4a39c54f607f2de72e4f68f56c3db9a631da6713d2f1a2d2cab,,2022,18,0,0,extracted
UNGA77_General_Debate_2022_statements/UNGA77_General_Debate_2022/kenya__ke_en.pdf,419372,568ece763766ecf90d08c6e7a41a1ad08bf8ff2fdf2909d6961a5c05aa0a3d84,,2022,16,0,0,extracted
UNGA77_General_Debate_2022_statements/UNGA77_General_Debate_2022/kiribati__ki_en.pdf,193421,efbbf5064e75ede6d8f52c285fddf4c1774d7cad9b1d2d9d5315f567d7b87565,,2022,7,0,0,extracted
UNGA77_General_Debate_2022_statements/UNGA77_General_Debate_2022/kuwait__kw_ar.pdf,2455327,76cf3232037b8e4caf9d638bff9b7ae88ef9689e79e892be131805183bf7f6cd,,2022,10,10,0,needs_review
UNGA77_General_Debate_2022_statements/UNGA77_General_Debate_2022/kuwait__kw_en.pdf,1544167,734bc4b726ebac229e7ecbcb9e860218cac571cf9ec316d70d9ab0f539ed5d0d,,2022,4,4,0,needs_review
UNGA77_General_Debate_2022_statements/UNGA77_General_Debate_2022/kyrgyzstan__kg_ar.pdf,329005,ac430db118e672397fdb054c328d776e5931450ef39d5a2ed6d254f7cc493ed9,,2022,7,0,0,extracted
UNGA77_General_Debate_2022_statements/UNGA77_General_Debate_2022/kyrgyzstan__kg_en.pdf,257172,fcfaa6c053f3ea544ae67e0618d588a460f775b245c22b096cf6c2065715f4fe,,2022,7,0,0,extracted
UNGA77_General_Debate_2022_statements/UNGA77_General_Debate_2022/kyrgyzstan__kg_fl.pdf,238473,6fd3acdd114bbd4fe58ba854840b6579ef65334ae83245fae247bb517081b0ae,,2022,7,0,0,extracted
UNGA77_General_Debate_2022_statements/UNGA77_General_Debate_2022/kyrgyzstan__kg_fr.pdf,227749,e3fec57faef56bee39eb51780db3925195dbace4f6902f3cf3862280aa4da5b4,,2022,7,0,0,extracted
UNGA77_General_Debate_2022_statements/UNGA77_General_Debate_2022/kyrgyzstan__kg_ru.pdf,233164,94be608654ec0cd625ecc8b755afccda1f1e094cce9700403d6535775d0615de,,2022,7,0,0,extracted
UNGA77_General_Debate_2022_statements/UNGA77_General_Debate_2022/kyrgyzstan__kg_zh.pdf,496114,d021ee91eb79f7502b70214499f2979510bb7907e2d31ea54261c40726d6cfed,,2022,5,0,0,extracted
UNGA77_General_Debate_2022_statements/UNGA77_General_Debate_2022/lao-peoples-democratic-republic__la_en.pdf,213574,2e2806aab2ae86edbcae64f05d51ee7af7c0246d98552660d8aed43e3ab2d2ed,,2022,5,0,0,extracted
UNGA77_General_Debate_2022_statements/UNGA77_General_Debate_2022/latvia__lv_en.pdf,153246,ba4b9e584a36ae6e748496b87c1d0db93d108cdfd77f3a5cd24da11c212d79fb,,2022,19,0,0,extracted
UNGA77_General_Debate_2022_statements/UNGA77_General_Debate_2022/lebanon__lb_ar.pdf,137317,b2466c0bd8b176e80a4c899bdabc7df1ee8cf4cd5fe65b3723fab0bf38577833,,2022,4,0,0,extracted
UNGA77_General_Debate_2022_statements/UNGA77_General_Debate_2022/lesotho__ls_en.pdf,221156,73d414ac4758bf84ea80b072559c24649198896fc97e5eded85389866432c762,,2022,12,0,0,extracted
UNGA77_General_Debate_2022_statements/UNGA77_General_Debate_2022/liberia__lr_en.pdf,139889,d110e23550f64e95f5c5e93aec7dcfd9baf22ec05448b2ca6da35daf4255b6b2,,2022,12,0,0,extracted
UNGA77_General_Debate_2022_statements/UNGA77_General_Debate_2022/libya__ly_ar.pdf,251719,395a40ec0c35da2e27529a54f2a66c673e26974317254811c473dd933b3cdf4f,,2022,8,0,0,extracted
UNGA77_General_Debate_2022_statements/UNGA77_General_Debate_2022/liechtenstein__li_en.pdf,189204,7482d5baf42922b14c6a43f79ea43fdbc00c50186ae9e09fdeabb0fbf9035fc3,,2022,5,0,0,extracted
UNGA77_General_Debate_2022_statements/UNGA77_General_Debate_2022/lithuania__lt_en.pdf,153843,32365b7286c14fc502311da3d3efb6a4eafd3862b35f3d7b801b68733e492acd,,2022,7,0,0,extracted
UNGA77_General_Debate_2022_statements/UNGA77_General_Debate_2022/luxembourg__lu_fr.pdf,148675,2056e9b6a00067d791df6d778b5befab27af0f2717f331f14203395aebd2e03e,,2022,5,0,0,extracted
UNGA77_General_Debate_2022_statements/UNGA77_General_Debate_2022/madagascar__mg_fr.pdf,158404,2bbeed81be4c1cb175f7c8eb183472f50f88e6e00c215d45e14565ea1ed349b0,,2022,6,0,0,extracted
UNGA77_General_Debate_2022_statements/UNGA77_General_Debate_2022/malawi__mw_en.pdf,304963,412d662d6d3f7cd51ce9076c1ada8721fa0e6e36501722e6184c65bd7f10fd81,,2022,12,0,0,extracted
UNGA77_General_Debate_2022_statements/UNGA77_General_Debate_2022/malaysia__my_en.pdf,131670,bfe9af88d99cb2b81513e37645253771f135c268e20a75694f4ee177b78a1520,,2022,9,1,0,needs_review
UNGA77_General_Debate_2022_statements/UNGA77_General_Debate_2022/malaysia__my_my.pdf,249367,2ae983cc75631effaa22cc4737b02375c04f79f9f8c0f3cdcad89bc325d81d51,,2022,9,0,0,extracted
UNGA77_General_Debate_2022_statements/UNGA77_General_Debate_2022/maldives__mv_en.pdf,178380,9c6c675de8ea77e18559eb91e9294edee61ff6801fef3df3a10816f1c792b07f,,2022,8,1,0,needs_review
UNGA77_General_Debate_2022_statements/UNGA77_General_Debate_2022/mali__ml_fr.pdf,314255,04944f28d07a0a2b0c8ffed0e21b6c52fb941f4515d05897b5cde404536b7d3d,,2022,18,0,0,extracted
UNGA77_General_Debate_2022_statements/UNGA77_General_Debate_2022/malta__mt_en.pdf,120836,8cfc199a55752adb2c081fbea3829873edd7afcb5033c17d7399467d37a9d2ad,,2022,11,0,0,extracted
UNGA77_General_Debate_2022_statements/UNGA77_General_Debate_2022/marshall-islands__mh_en.pdf,50636,0ee0f2a98adcbbaed42fa26c74b32be57b6d614c6c0f0e569530ec38427e9b67,,2022,5,0,0,extracted
UNGA77_General_Debate_2022_statements/UNGA77_General_Debate_2022/mauritania__mr_ar.pdf,239274,d25e3b08765d44ea4c9937aa85515e289ee3938353199661377fa77fa2e0e27a,,2022,7,1,0,needs_review
UNGA77_General_Debate_2022_statements/UNGA77_General_Debate_2022/mauritius__mu_en.pdf,170389,3e3a7b2bc2cf9fd7c3d6663d33e48fa273a19dcb287abdece5bbf3a56cf4c0f3,,2022,8,0,0,extracted
UNGA77_General_Debate_2022_statements/UNGA77_General_Debate_2022/mexico__mx_es.pdf,263446,911f254768e44ca4ffddf0344882aae914081efc8185f97b5141a4f62382b024,,2022,5,0,0,extracted
UNGA77_General_Debate_2022_statements/UNGA77_General_Debate_2022/micronesia-federated-states__fm_en.pdf,56914,0c9e7dd0fd1add8fe42ae59e34acf387f9315f1199fd522449a3278ab3c35114,,2022,6,0,0,extracted
UNGA77_General_Debate_2022_statements/UNGA77_General_Debate_2022/monaco__mc_fr.pdf,141087,7364cc89bfc029ce7cb2a9e524d7c386599107a2d4487d54be71e63e6fcbe969,,2022,5,0,0,extracted
UNGA77_General_Debate_2022_statements/UNGA77_General_Debate_2022/mongolia__mn_en.pdf,89363,fea71058e41258d6aae5ef218fa7bae11d8b915711ab28ab574fde8ef585df63,,2022,7,0,0,extracted
UNGA77_General_Debate_2022_statements/UNGA77_General_Debate_2022/montenegro__me_en.pdf,175097,905ba748a1f3a260fa2c85c8488200b4ca86eb4debebb33f8067305d6305e889,,2022,9,0,0,extracted
UNGA77_General_Debate_2022_statements/UNGA77_General_Debate_2022/morocco__ma_ar.pdf,1224241,ede737e9a054c2014831ea921026dd9f8a0a696a80f7256e25cd585c545a814e,,2022,16,0,0,extracted
UNGA77_General_Debate_2022_statements/UNGA77_General_Debate_2022/mozambique__mz_en.pdf,134421,275ae43247a3328f1cfce673b6a8072bf0a6559df28d6b504506d6e48b0a92b4,,2022,7,0,0,extracted
UNGA77_General_Debate_2022_statements/UNGA77_General_Debate_2022/namibia__na_en.pdf,219775,b95ea4ce2449667ed2e0a24cfc19b9274bbad793ac5fc0c13754362555c855b3,,2022,25,0,0,extracted
UNGA77_General_Debate_2022_statements/UNGA77_General_Debate_2022/nauru__nr_en.pdf,223273,1fc03e7f4c9ac32dfe58783a1e5191da8753204303704ea9db41bd6c1c6aee92,,2022,6,0,0,extracted
UNGA77_General_Debate_2022_statements/UNGA77_General_Debate_2022/nepal__np_en.pdf,192455,6c4817449ffe14c4cc98e77ce3ca39a8c5984b39da9bcb5a9937e4c7551bbadd,,2022,12,0,0,extracted
UNGA77_General_Debate_2022_statements/UNGA77_General_Debate_2022/netherlands__nl_en.pdf,148641,f0f01c5e785278f0b6d7699823eb653e00064f20bcb130241aaf77d10ab26ff2,,2022,8,0,0,extracted
UNGA77_General_Debate_2022_statements/UNGA77_General_Debate_2022/new-zealand__nz_en.pdf,685820,b8025d301a0696fa8efc965fb41ce6519bcf823afc78d7b36af21d8d88332c89,,2022,14,0,0,extracted
UNGA77_General_Debate_2022_statements/UNGA77_General_Debate_2022/nicaragua__ni_es.pdf,198006,d0a088698b195a0c9cf59b9a6e1554826efdf58d84d49d878e85759fdd154630,,2022,18,0,0,extracted
UNGA77_General_Debate_2022_statements/UNGA77_General_Debate_2022/niger__ne_fr.pdf,231667,bb3944ee204316fdeacfb6bafcf1e0f5a92d9b5b96fbd82ed585675642d316ad,,2022,12,0,0,extracted
UNGA77_General_Debate_2022_statements/UNGA77_General_Debate_2022/nigeria__ng_en.pdf,239678,87f205c3971b9f586eb553f81bafe9669ca74a0204f4548921f394970a3a6562,,2022,10,0,0,extracted
UNGA77_General_Debate_2022_statements/UNGA77_General_Debate_2022/norway__no_en.pdf,131825,db60a3256b8397c154aa145a148f2a0cf174fb0f6595afc68063b182301b6331,,2022,14,0,0,extracted
UNGA77_General_Debate_2022_statements/UNGA77_General_Debate_2022/oman__om_ar.pdf,124690,04356be898d23d17b76e94cf143dbe61d8a155ebf63440b9eb8f4fec18c306fd,,2022,6,6,0,needs_review
UNGA77_General_Debate_2022_statements/UNGA77_General_Debate_2022/oman__om_en.pdf,150028,e45af6e2815cf7407438097aa8958d4703c2fbe3cb2d9cb951c649178b20b3d4,,2022,5,5,0,needs_review
UNGA77_General_Debate_2022_statements/UNGA77_General_Debate_2022/pakistan__pk_en.pdf,581835,e05a3502a0f4972c7c4ae4bd42908f37285919af55d2a6546c4305cde0d54984,,2022,10,10,0,needs_review
UNGA77_General_Debate_2022_statements/UNGA77_General_Debate_2022/palau__pw_en.pdf,223862,52b1b2ce32c07978446b0b0efd8bf36805daf5fe69c9e1f2abf9bdbd54e2772a,,2022,6,0,0,extracted
UNGA77_General_Debate_2022_statements/UNGA77_General_Debate_2022/panama__pa_es.pdf,126634,2ec14dd99a599b49a005be0df74aac482d74df46ec934a66f68fd929c63b270c,,2022,7,0,0,extracted
UNGA77_General_Debate_2022_statements/UNGA77_General_Debate_2022/papua-new-guinea__pg_en.pdf,143792,106d236444009e90a292b25a97073d18bdb08040d1ec1b0b80309044ef0cd1c9,,2022,13,0,0,extracted
UNGA77_General_Debate_2022_statements/UNGA77_General_Debate_2022/peru__pe_es.pdf,109136,042e832d6bedc0020641b148ebf909dc566a9059b1068c4a3ef1ef1d4dfa1f64,,2022,10,0,0,extracted
UNGA77_General_Debate_2022_statements/UNGA77_General_Debate_2022/philippines__ph_en.pdf,156524,f795e5e8b467626d1147f959351f8affa2869c989d7c883aa92d64ca76b45a7b,,2022,19,0,0,extracted
UNGA77_General_Debate_2022_statements/UNGA77_General_Debate_2022/poland__pl_en.pdf,587962,c56c6772ee15a8de2cb815cd39e28fff012c0a9cd09d06167131c011d0221ae7,,2022,7,0,0,extracted
UNGA77_General_Debate_2022_statements/UNGA77_General_Debate_2022/poland__pl_fl.pdf,401292,cd3fb32b6133e38052c37a57140dca0c537905978b50b82cfff2b21e69eb3be4,,2022,13,0,0,extracted
UNGA77_General_Debate_2022_statements/UNGA77_General_Debate_2022/portugal__pt_en.pdf,148179,6530b9540bb4f1383c04f3c3adef6289d8c650432c3a1f1599daa8e4047f95e6,,2022,14,0,0,extracted
UNGA77_General_Debate_2022_statements/UNGA77_General_Debate_2022/portugal__pt_pt.pdf,183413,2c7fa75bd1f0ce904ed357ff6fc958fc58046ae1a24224aabc5408da4e744f5f,,2022,16,1,0,needs_review
UNGA77_General_Debate_2022_statements/UNGA77_General_Debate_2022/president-general-assembly-closing__pgaclosing.pdf,173427,44b8c1f01145e59ac1df1d2af1b70c5ae144b2756e1e81c85c0e1977d4569cb3,,2022,4,0,0,extracted
UNGA77_General_Debate_2022_statements/UNGA77_General_Debate_2022/president-general-assembly-opening__pgaopening_fl.pdf,225203,f8ea906e68b08e06388454873bdf3de514ba2ad9ee976fc25ee523cdbfc573bc,,2022,5,0,0,extracted
UNGA77_General_Debate_2022_statements/UNGA77_General_Debate_2022/qatar__ka_ar.pdf,171073,8ab12e942ef4b9fe5191b328c3947445fb6c0228f018cdfd95a1b073bec3b578,,2022,8,0,0,extracted
UNGA77_General_Debate_2022_statements/UNGA77_General_Debate_2022/republic-korea__kr_en.pdf,83149,351abfc70569df5020292e3fbb92c56df255fc920ae8d99263b46ee7003a695e,,2022,7,0,0,extracted
UNGA77_General_Debate_2022_statements/UNGA77_General_Debate_2022/republic-moldova__md_en.pdf,156642,d346a69d7e04ca193504637254a2f5536c18765b78782468cfdedceace96ed56,,2022,8,0,0,extracted
UNGA77_General_Debate_2022_statements/UNGA77_General_Debate_2022/republic-north-macedonia__mk_en.pdf,181444,5d02442b00a9fb63c96b4738731257d537f5609d3307fd9f6d0795d1702401d7,,2022,8,0,0,extracted
UNGA77_General_Debate_2022_statements/UNGA77_General_Debate_2022/romania__ro_en.pdf,371822,643a792578fc33a6305daca7e244d5cc7f9c1a450c42eb2e06efe6042ab0b523,,2022,5,0,0,extracted
UNGA77_General_Debate_2022_statements/UNGA77_General_Debate_2022/russian-federation__ru_ru.pdf,158541,28cf60ad25e7ec27c56b5aca93acc9fd4799873e8eb21ec30307c88967a5735b,,2022,10,0,0,extracted
UNGA77_General_Debate_2022_statements/UNGA77_General_Debate_2022/rwanda__rw_en.pdf,176399,cbeb97200043a295e849368087261bb41b57fdee6e4b5645010d4a2585e0bd62,,2022,3,0,0,extracted
UNGA77_General_Debate_2022_statements/UNGA77_General_Debate_2022/saint-kitts-and-nevis__kn_en.pdf,171446,000cfa3ef6e5bee6bdc7c76922c644a224efb713201ac4bb391653ac4710b60c,,2022,11,0,0,extracted
UNGA77_General_Debate_2022_statements/UNGA77_General_Debate_2022/saint-lucia__lc_en.pdf,575961,0780358e72bb0e0bd44af50d28c4f33263e120d89928216ba43f51d262a3515d,,2022,11,0,0,extracted
UNGA77_General_Debate_2022_statements/UNGA77_General_Debate_2022/saint-vincent-and-grenadines__vc_en.pdf,821746,feef1cc329f7bd196cd89679a8d4b77e2d27847b6cda21b5eb2acf437b3645b9,,2022,16,16,0,needs_review
UNGA77_General_Debate_2022_statements/UNGA77_General_Debate_2022/samoa__ws_en.pdf,157444,12dc58b01469aacec8b9ff71a442387476901344b7dbc1aa4d955c1cf81d80c1,,2022,14,0,0,extracted
UNGA77_General_Debate_2022_statements/UNGA77_General_Debate_2022/san-marino__sm_en.pdf,104705,cb86924488deca342fe8148dc56d1bdda95a71a65c50a3da5789075768b029de,,2022,8,0,0,extracted
UNGA77_General_Debate_2022_statements/UNGA77_General_Debate_2022/saudi-arabia__sa_ar.pdf,109686,7007cadb789c76be51ce497c9722acda36bf4754b673ce1a437006a8a3a2054d,,2022,14,0,0,extracted
UNGA77_General_Debate_2022_statements/UNGA77_General_Debate_2022/secretary-general-united-nations__unsg_ar.pdf,202659,8af4d092ebe56863a4c6a49f744c6c6dbe9a10e870974e1c73ad4c1f8b97c4fb,,2022,12,0,0,extracted
UNGA77_General_Debate_2022_statements/UNGA77_General_Debate_2022/secretary-general-united-nations__unsg_en.pdf,249878,758deabd7035e63d0134f76ecf200d7c12bcc674a49a21cf1a47041b992cad48,,2022,16,0,0,extracted
UNGA77_General_Debate_2022_statements/UNGA77_General_Debate_2022/secretary-general-united-nations__unsg_es.pdf,256888,65ce5adaa5ac67ed76fa8c22478ab8ab2d41880bca35ae2af76747f41f089a6b,,2022,18,0,0,extracted
UNGA77_General_Debate_2022_statements/UNGA77_General_Debate_2022/secretary-general-united-nations__unsg_fl.pdf,270262,13e4cc64d786caba36768afc6608842e02e135a0b8c9d4aba6e94416295e993c,,2022,48,0,0,extracted
UNGA77_General_Debate_2022_statements/UNGA77_General_Debate_2022/secretary-general-united-nations__unsg_fr.pdf,260340,9c67ff12b7c3f8f5ecef22ed47fd07ded71dc16f9ffb49cebb39d3588abb19c3,,2022,20,0,0,extracted
UNGA77_General_Debate_2022_statements/UNGA77_General_Debate_2022/secretary-general-united-nations__unsg_ru.pdf,246799,1fa4fd982357738cbd6787236c05915846edfe702359318e216c0e883d2f5998,,2022,15,0,0,extracted
UNGA77_General_Debate_2022_statements/UNGA77_General_Debate_2022/secretary-general-united-nations__unsg_zh.pdf,376450,2772c615ca885efa03f7a80e8b74b3bb102e219ed8fa666e1f2e2df48d5d6f90,,2022,11,1,0,needs_review
UNGA77_General_Debate_2022_statements/UNGA77_General_Debate_2022/senegal__sn_en.pdf,251045,79c8028c98c2ad69b65c6370e3da3a3f3414c99b1eb01843965cfeb127e8f94e,,2022,11,0,0,extracted
UNGA77_General_Debate_2022_statements/UNGA77_General_Debate_2022/senegal__sn_fr.pdf,271384,3336becd4f776e90341f717172e9afccc04808affc74daf956f9abc3cd531a49,,2022,12,0,0,extracted
UNGA77_General_Debate_2022_statements/UNGA77_General_Debate_2022/serbia-1__rs_en.pdf,153371,79f9dbf6cbbac41d8ff6d7edd2280a0ca77008606a40257857595eb2f33826de,,2022,9,0,0,extracted
UNGA77_General_Debate_2022_statements/UNGA77_General_Debate_2022/seychelles__sc_en.pdf,382011,b5571000ab2154b9f8c831ceac1e1c0c5ea31130c443a07a039b2ebfba9e6f17,,2022,7,0,0,extracted
UNGA77_General_Debate_2022_statements/UNGA77_General_Debate_2022/sierra-leone__sl_en.pdf,199767,5c4cdb1aea19c244518de583166237ba24548861368a0d9600724a379051b7d4,,2022,8,0,0,extracted
UNGA77_General_Debate_2022_statements/UNGA77_General_Debate_2022/singapore__sg_en.pdf,137863,c17ba288a4ee0bee3888277fcaedfb24b3aa69620d23d526f8e16607e26a6475,,2022,15,0,0,extracted
UNGA77_General_Debate_2022_statements/UNGA77_General_Debate_2022/slovakia__sk_en.pdf,251691,8d76f3e4e88fad2f71048806b78fbc975a28642e28dd253619f86e2bcb12e407,,2022,5,0,0,extracted
UNGA77_General_Debate_2022_statements/UNGA77_General_Debate_2022/slovenia__si_en.pdf,246630,952c36f12a20f1a5c8dafd2ec58219b545be19d0b3c3bb84eb30185505a5ad70,,2022,4,0,0,extracted
UNGA77_General_Debate_2022_statements/UNGA77_General_Debate_2022/solomon-islands__sb_en.pdf,395539,eb4803e3f43975a5d30d3c6be3c8771b208df975273f4819a6d5b789fc297169,,2022,15,0,0,extracted
UNGA77_General_Debate_2022_statements/UNGA77_General_Debate_2022/somalia__so_en.pdf,72501,be2630db85dc541b2a21c90cfc2ef97937055a96a803c6af83d5e47f4a6d2880,,2022,9,0,0,extracted
UNGA77_General_Debate_2022_statements/UNGA77_General_Debate_2022/south-africa__za_en.pdf,243437,f2a622e1ceaf3af2747ed2b04e07af777106c1e3c2cb8bafe94500391e477cd3,,2022,9,0,0,extracted
UNGA77_General_Debate_2022_statements/UNGA77_General_Debate_2022/south-sudan__ss_en_1.pdf,189246,b607da981544e98cde4d3c2c5b86b89b433767ca75020298001a441e8039184f,,2022,9,0,0,extracted
UNGA77_General_Debate_2022_statements/UNGA77_General_Debate_2022/spain__es_en.pdf,389766,2fde07a118d3e624934f99cf672ddf0badc12191b454c8cfd028a53b748fcc43,,2022,8,0,0,extracted
UNGA77_General_Debate_2022_statements/UNGA77_General_Debate_2022/sri-lanka__lk_en.pdf,287380,bd2c29bc18aa1ce4e7c4844fd002a20fd6d50468bec59f30ef808d956280583f,,2022,15,0,0,extracted
UNGA77_General_Debate_2022_statements/UNGA77_General_Debate_2022/sudan__sd_ar.pdf,271311,2d3aece78fe9a5bc53561e756e80b699082e417ab2ae65f68d0f82012f37c9a0,,2022,11,0,0,extracted
UNGA77_General_Debate_2022_statements/UNGA77_General_Debate_2022/suriname__sr_en.pdf,303124,524c311c42c65bbd8cbaf728fb7e52250d7dcc4c76ce0a7bc1c6018afd8e309a,,2022,10,0,0,extracted
UNGA77_General_Debate_2022_statements/UNGA77_General_Debate_2022/sweden__se_en.pdf,107910,255ad41cc7acf20ec54242a2c2e3454589209b36cf8cab9757e1e49d02473a1e,,2022,8,0,0,extracted
UNGA77_General_Debate_2022_statements/UNGA77_General_Debate_2022/switzerland__ch_fr.pdf,212404,3403a79cbc7f17d6ebff3c8d448bc30142db96151e9b59846d444d198b6f7afe,,2022,17,0,0,extracted
UNGA77_General_Debate_2022_statements/UNGA77_General_Debate_2022/syrian-arab-republic__sy_ar.pdf,267745,eca42816fa6fc9300f5129c5c65d1c321224948490c2e5f1008afac4653c67a7,,2022,9,0,0,extracted
UNGA77_General_Debate_2022_statements/UNGA77_General_Debate_2022/tajikistan__tj_en.pdf,135409,97c84b0a9a17b32d8b3c68c6dd1c08b814a37167a7eb21809dbbea250ca7d3ec,,2022,7,0,0,extracted
UNGA77_General_Debate_2022_statements/UNGA77_General_Debate_2022/thailand__th_en.pdf,161871,200af385ce7bb4c37765552b93f6b85b9099899c8fdf4ec50f5e1ebd0a610a82,,2022,10,0,0,extracted
UNGA77_General_Debate_2022_statements/UNGA77_General_Debate_2022/timor-leste__tl_en.pdf,189703,022b116d3448971269a06953bd422dfc48aae76aa22135785002e5941a66e00a,,2022,9,0,0,extracted
UNGA77_General_Debate_2022_statements/UNGA77_General_Debate_2022/togo__tg_fr.pdf,237035,c22d4f37fe40f28a50271cefdbd76fd7323b0a9707c808b89ba0559d211b67dd,,2022,12,0,0,extracted
UNGA77_General_Debate_2022_statements/UNGA77_General_Debate_2022/tonga__tg_en.pdf,288254,3f1c174248962b8ce2d5872178601bd8b743521296559be06f91f2368b03a761,,2022,9,0,0,extracted
UNGA77_General_Debate_2022_statements/UNGA77_General_Debate_2022/trinidad-and-tobago__tt_en.pdf,457753,3150705930708af34d788b5e52b756e5ac12d75377ebda2518fd109856b3d5ea,,2022,7,0,0,extracted
UNGA77_General_Debate_2022_statements/UNGA77_General_Debate_2022/tunisia__tn_ar.pdf,149043,6d9964db6523ec94bcdea277dd447a7206a0985358675899166fd514d8618268,,2022,5,0,0,extracted
UNGA77_General_Debate_2022_statements/UNGA77_General_Debate_2022/turkiye__tr_en.pdf,198257,d902b5ccbf1dbb530ed42835b446eb2127250b6808171f2165819f2e6d55a1ff,,2022,12,0,0,extracted
UNGA77_General_Debate_2022_statements/UNGA77_General_Debate_2022/turkmenistan__tm_ru.pdf,267308,b198ac43c2eea1b129aa3d6d066823cdb33a3ee103cc38551466daf14d447caa,,2022,11,0,0,extracted
UNGA77_General_Debate_2022_statements/UNGA77_General_Debate_2022/tuvalu__tv_en.pdf,221177,5d9f15c582e7dd64c13cb5cdd5e8fafed13cf6cc6994218ed9e531d65961a3b9,,2022,8,0,0,extracted
UNGA77_General_Debate_2022_statements/UNGA77_General_Debate_2022/uganda__ug_en.pdf,205876,04156e639d3b98c50fb3c808536dcfc68370fadaff009559a29dcd2300d6cdd6,,2022,8,0,0,extracted
UNGA77_General_Debate_2022_statements/UNGA77_General_Debate_2022/ukraine__ua_en.pdf,460794,bbe05df69cf95de832818e3e03cd668a74b7afa65b467988ab57cb385743c547,,2022,7,0,0,extracted
UNGA77_General_Debate_2022_statements/UNGA77_General_Debate_2022/united-arab-emirates__ae_ar.pdf,309297,272035c577826f7a1201f2588271b54f7beb217fc48e9bdc4a02f01e4017e62b,,2022,4,0,0,extracted
UNGA77_General_Debate_2022_statements/UNGA77_General_Debate_2022/united-kingdom-great-britain-and-northern-ireland__uk_en.pdf,159691,4ffa322b27cb11e8adb4e36b5832e66ac3f5a93e071103ab207b15db8fe4c632,,2022,8,0,0,extracted
UNGA77_General_Debate_2022_statements/UNGA77_General_Debate_2022/united-republic-tanzania__tz_en.pdf,210121,ca41c4d0d944c76b838ced4b76a020d9f7588f9928ed8a65c52ca170988c980d,,2022,6,0,0,extracted
UNGA77_General_Debate_2022_statements/UNGA77_General_Debate_2022/united-states-america__us_en.pdf,151075,af3cdbd2cd16a432b61165f2db08c228066b0aaf0c500d6441c995b922532811,,2022,15,1,0,needs_review
UNGA77_General_Debate_2022_statements/UNGA77_General_Debate_2022/uruguay__uy_es.pdf,129838,0abc37f6a304ea28058d83badc3ec34758df811e1124a556e92698bff5309a92,,2022,13,1,0,needs_review
UNGA77_General_Debate_2022_statements/UNGA77_General_Debate_2022/uzbekistan__uz_en.pdf,321459,cc2e9a3b9d0274d452517b1edf05218ac45ba8d61b9ceacdbffa4740a5f9be69,,2022,6,0,0,extracted
UNGA77_General_Debate_2022_statements/UNGA77_General_Debate_2022/vanuatu__vu_en.pdf,458528,4e2da1eea3afc6a6da0731e2ef565a92c7ef12cde9ab31bb432b53cfdc75c4ae,,2022,7,7,0,needs_review
UNGA77_General_Debate_2022_statements/UNGA77_General_Debate_2022/venezuela-bolivarian-republic__ve_es.pdf,170522,d117e72c1972d00191324298827241bd946de24462ed8581a948d920dadf0067,,2022,8,0,0,extracted
UNGA77_General_Debate_2022_statements/UNGA77_General_Debate_2022/viet-nam__vn_en.pdf,165801,03a52a3ba60e52480de8cc5d8b1983d9fa1950ff48cb08cb16cb67649ece3d28,,2022,6,0,0,extracted
UNGA77_General_Debate_2022_statements/UNGA77_General_Debate_2022/yemen__ye_ar.pdf,105588,aa60133ce607e5a7533bb90a61355c952f27d3d75f1408ded2f7dff9219aee1e,,2022,10,0,0,extracted
UNGA77_General_Debate_2022_statements/UNGA77_General_Debate_2022/zambia__zm_en.pdf,5093694,dc4ae4aa554dc9c3abf8afa985294b88b548ea2a81e07cf4bd8bc0a9665e0c27,,2022,21,21,0,needs_review
UNGA77_General_Debate_2022_statements/UNGA77_General_Debate_2022/zimbabwe__zw_en.pdf,10062847,f235f579a1d6e48b1bf6dcececd5678e2b7f43548fc2008385fb81c321a1dda5,,2022,19,19,0,needs_review
UNGA78_General_Debate_2023_statements/UNGA78_General_Debate_2023/albania__al_en.pdf,77191,80c09cfc7661c17fc846d46d6152f5f7a8de8d88074c24c2fb7504c01be4e489,,2023,7,0,0,extracted
UNGA78_General_Debate_2023_statements/UNGA78_General_Debate_2023/algeria__dz_ar_0.pdf,643602,826b23777eb9675595ce3ee07c310f891bbaec0cecefff7be1cbada4cc813029,,2023,21,0,0,extracted
UNGA78_General_Debate_2023_statements/UNGA78_General_Debate_2023/andorra__ad_fr.pdf,120909,ad794501b64c3b5af10d99782c5a62e533b5dd320febb568317df8f507961d16,,2023,8,0,0,extracted
UNGA78_General_Debate_2023_statements/UNGA78_General_Debate_2023/angola__ao_en.pdf,147602,2339afbcb7eea970ed434b756834d3c5ea397e844031ba096252dd6e6ccbf517,,2023,11,0,0,extracted
UNGA78_General_Debate_2023_statements/UNGA78_General_Debate_2023/antigua-and-barbuda__ag_en_2.pdf,126177,ad11c1ec4f96802c70cfb88f7294a98b054e88bda9fc69d941af5c3e1762e015,,2023,10,0,0,extracted
UNGA78_General_Debate_2023_statements/UNGA78_General_Debate_2023/argentina__ar_es.pdf,214186,7439a64a945bfa01db5e2ebbf639c7488309f4a370f31f3641b93fd54d491857,,2023,8,0,0,extracted
UNGA78_General_Debate_2023_statements/UNGA78_General_Debate_2023/armenia__am_en.pdf,62215,14c86965f05806aafd44b442753ddd1217d21499cca69fecee2393bcb73a642b,,2023,6,0,0,extracted
UNGA78_General_Debate_2023_statements/UNGA78_General_Debate_2023/australia__au_en.pdf,141002,595c5659c6821035a7f0aadd272f12a42138d6db4809084fddeafbab96e34486,,2023,9,0,0,extracted
UNGA78_General_Debate_2023_statements/UNGA78_General_Debate_2023/austria__at_en.pdf,302218,9dbd89230f7124e8d221147b6952111be6a261e734b56dba7f5d33b1e71c06a8,,2023,7,0,0,extracted
UNGA78_General_Debate_2023_statements/UNGA78_General_Debate_2023/azerbaijan__az_en_0.pdf,197829,0076dd7f5b709f6407c908c07f78b8d30f71ccd54503d4b2c49d3e0b933065b7,,2023,10,0,0,extracted
UNGA78_General_Debate_2023_statements/UNGA78_General_Debate_2023/bahamas__bs_en.pdf,136535,f127ee33abe4ff03409265d8232458c3bbf387ab1ef1aeb81bebe24539c8744b,,2023,21,0,0,extracted
UNGA78_General_Debate_2023_statements/UNGA78_General_Debate_2023/bahrain__bh_ar.pdf,424594,8621cfb29e4e46838a97a3ced49d9aa47147709f9f5558171bad068f2bdf7890,,2023,19,0,0,extracted
UNGA78_General_Debate_2023_statements/UNGA78_General_Debate_2023/bahrain__bh_en.pdf,192423,06b58b30820d852e18485df366344e1540d4781fd95e0a298dd206972dcc379e,,2023,11,0,0,extracted
UNGA78_General_Debate_2023_statements/UNGA78_General_Debate_2023/bangladesh__bd_en.pdf,201384,8d1bbab584027c00c00971dc7cf3a2d964d281f56c6ccfa936ec33f074e1b8aa,,2023,10,0,0,extracted
UNGA78_General_Debate_2023_statements/UNGA78_General_Debate_2023/barbados__bb_en_2.pdf,264206,076ab319585a57043851b4ceb8bf2ac871b0026b72eed619b093380858d7b26f,,2023,6,0,0,extracted
UNGA78_General_Debate_2023_statements/UNGA78_General_Debate_2023/belarus__by_ru.pdf,204356,5afbdb093f7cf6f282d68977a673d61d71189a6f0c19663a959f49452e2e1331,,2023,7,0,0,extracted
UNGA78_General_Debate_2023_statements/UNGA78_General_Debate_2023/belgium__be_en.pdf,1012879,14a76ce081f714526b9ac6a27673c27c3ab23b09515fe52c0ad1d561f93cdba1,,2023,7,4,0,needs_review
UNGA78_General_Debate_2023_statements/UNGA78_General_Debate_2023/belize__bz_en.pdf,70206,054c9c79715a87ff9706f0156d760d9a39dc5b19de62a38d414b1f06ba147564,,2023,7,0,0,extracted
UNGA78_General_Debate_2023_statements/UNGA78_General_Debate_2023/benin__bj_fr.pdf,154810,cc3fd94ded4ef62711c17fd772a120b5bd6754e5712c369de6b8a9bc61534f07,,2023,7,0,0,extracted
UNGA78_General_Debate_2023_statements/UNGA78_General_Debate_2023/bhutan__bt_en.pdf,136188,dcf2b4a54aea4523ade3772db8b441f8236bcf34dbfab67aabba00ed406b45ab,,2023,9,0,0,extracted
UNGA78_General_Debate_2023_statements/UNGA78_General_Debate_2023/bolivia-plurinational-state__bo_es.pdf,162751,fc45202ed3adde9e3026679266fe1a18c2126eee0c7e203501868249ab1f49b4,,2023,11,0,0,extracted
UNGA78_General_Debate_2023_statements/UNGA78_General_Debate_2023/bosnia-and-herzegovina__ba_en.pdf,170736,5869601f817e01be0ed75ae7250e7f86e7956e54b854dfa2d8eb78ca395f4b70,,2023,9,0,0,extracted
UNGA78_General_Debate_2023_statements/UNGA78_General_Debate_2023/botswana__bw_en.pdf,152787,2488ebbd7ebd96948bf20d6ed3a33cd609df7fbd6cbb8dd7ab42f96a48cbf315,,2023,11,0,0,extracted
UNGA78_General_Debate_2023_statements/UNGA78_General_Debate_2023/brazil__br_en.pdf,161338,dcfbd861ba8d8dd85c28acf3ff061f4dd80aaaf2540a7830d858527adb6947f8,,2023,6,0,0,extracted
UNGA78_General_Debate_2023_statements/UNGA78_General_Debate_2023/brunei-darussalam__bn_en.pdf,238895,080cdf1310667af2e53e1b0826f2b5acac2b90f190b6d237cebf2ce96122a3f1,,2023,5,0,0,extracted
UNGA78_General_Debate_2023_statements/UNGA78_General_Debate_2023/bulgaria__bg_en.pdf,93528,f5d3b88d179f28514e3c8fd4dfe1990565b9b81a28cf1d3a7b2f82e658065f4e,,2023,4,0,0,extracted
UNGA78_General_Debate_2023_statements/UNGA78_General_Debate_2023/burkina-faso__bf_fr.pdf,469075,0368659cd64799385b3f61a3f48409c539a88f7e33b1fddffbdef6013f20aa6d,,2023,58,0,0,extracted
UNGA78_General_Debate_2023_statements/UNGA78_General_Debate_2023/burundi__bi_fr.pdf,169039,756d9fe024d5c90aa4fda008960b3ac3f6d6c48bb944c3fafea3dee908e2c8b8,,2023,15,0,0,extracted
UNGA78_General_Debate_2023_statements/UNGA78_General_Debate_2023/cabo-verde__cv_en.pdf,251460,6a81e8dc43dec76bec1c7f71f21e5585830ec8bb4cde1cf7e2e2f10b47fd1e20,,2023,10,0,0,extracted
UNGA78_General_Debate_2023_statements/UNGA78_General_Debate_2023/cambodia__kh_en_0.pdf,257392,8f810dc5f5e888933f591350ac847c6d4c12494cd3ec608637e9c7b935309f58,,2023,10,0,0,extracted
UNGA78_General_Debate_2023_statements/UNGA78_General_Debate_2023/cameroon__cm_fr.pdf,307199,eece96eaf6cba521f60a63f40dde95c96f44008779cde6f577408dd85133ce6d,,2023,7,0,0,extracted
UNGA78_General_Debate_2023_statements/UNGA78_General_Debate_2023/canada__ca_en.pdf,259733,de49fa8cf905e9df7a223dde1608833eef1c3b191502a4415ad21a61576697dd,,2023,16,0,0,extracted
UNGA78_General_Debate_2023_statements/UNGA78_General_Debate_2023/canada__ca_fl_0.pdf,278882,ebc6d720f2a99215d80452c9f05fecc161b2d48f9b44d292908778331a4444a0,,2023,16,0,0,extracted
UNGA78_General_Debate_2023_statements/UNGA78_General_Debate_2023/central-african-republic__cf_fr.pdf,684618,b137d70cbaae961682d0da20b50b9eb85dba88e824635bdada468c04f843cf9a,,2023,9,0,0,extracted
UNGA78_General_Debate_2023_statements/UNGA78_General_Debate_2023/chad__td_fr.pdf,338514,ac7906f74687bf26d7a4ce974b2236ec3ee43708aff4c0efd20fe05caff30f84,,2023,10,10,0,needs_review
UNGA78_General_Debate_2023_statements/UNGA78_General_Debate_2023/chile__cl_es.pdf,73634,72df5f12bbb67d2fd7bdeeb1351ab9c6ee36db2d6d443ba539b5e0231a6772e8,,2023,8,0,0,extracted
UNGA78_General_Debate_2023_statements/UNGA78_General_Debate_2023/china__cn_en.pdf,94377,5e74dc974a7e89a74b77cba6c7978caba8d92e2a8ff0d388b86cf2cca793a76a,,2023,6,0,0,extracted
UNGA78_General_Debate_2023_statements/UNGA78_General_Debate_2023/china__cn_fr.pdf,135195,84a8fd1d1f6332bda4659a2418a5bf5cd1847b04d50f40ab913fe0779582db8d,,2023,5,0,0,extracted
UNGA78_General_Debate_2023_statements/UNGA78_General_Debate_2023/china__cn_zh.pdf,561861,0a5e644fe5c503d3d42513b850d0cbaf914c1e55d9fe151346d874ddfc10498c,,2023,2,0,0,extracted
UNGA78_General_Debate_2023_statements/UNGA78_General_Debate_2023/colombia__co_es.pdf,56737,aedba7796bf24c5a0ab2beb50ae8841c061b3029f10efde2a7fd0f4c3d6909b9,UNGA77_General_Debate_2022_statements/UNGA77_General_Debate_2022/colombia__co_es.pdf,2023,10,0,0,extracted
UNGA78_General_Debate_2023_statements/UNGA78_General_Debate_2023/comoros__km_fr.pdf,361650,7a0fc020558a5f2a41c15b1598779636223ee07ee3ec699e40f4011b29dd4d7a,,2023,12,12,0,needs_review
UNGA78_General_Debate_2023_statements/UNGA78_General_Debate_2023/congo__cg_fr.pdf,255000,a5695a05c6522bc820e98a9d1d28fa4869c25dde48fdb1c8c8bdd32d308226e8,,2023,10,2,0,needs_review
UNGA78_General_Debate_2023_statements/UNGA78_General_Debate_2023/costa-rica__cr_es.pdf,180434,f6fe2aa1913a4a8324af3ac736353f4272d061307dd285efabe25f3a9b839d37,,2023,6,0,0,extracted
UNGA78_General_Debate_2023_statements/UNGA78_General_Debate_2023/cote-divoire__ci_fr_0.pdf,286168,7b48fc3a8e73624fe1cd1491db3f7f9e98c13d959133c69e95d54a4d996e485f,,2023,7,0,0,extracted
UNGA78_General_Debate_2023_statements/UNGA78_General_Debate_2023/croatia__hr_en.pdf,163631,54c85642e665b90c719772f3911469e0215042a0bbb53907271723c8aed35242,,2023,6,0,0,extracted
UNGA78_General_Debate_2023_statements/UNGA78_General_Debate_2023/cuba__cu_es.pdf,136489,f87b74d8fee4ebecad8ce0c1e12acc5e871e1a4bfa7ca1a506295947896805eb,,2023,12,0,0,extracted
UNGA78_General_Debate_2023_statements/UNGA78_General_Debate_2023/cyprus__cy_en.pdf,133986,1b2b8248934d176c087a6ad12bdd4eae623310a48b07e661ecbb0a2db9d7fb57,,2023,12,0,0,extracted
UNGA78_General_Debate_2023_statements/UNGA78_General_Debate_2023/czech-republic__cz_en.pdf,139070,d3a9078a9a6475f1d9d558aea4d97c807526d06d9bbfdf14093035a1c7f919e7,,2023,5,0,0,extracted
UNGA78_General_Debate_2023_statements/UNGA78_General_Debate_2023/democratic-peoples-republic-korea__kp_en.pdf,204025,f648062c2956a0ec3f1500cfda666e5e0c2054da8d6ae2c7f396851113801557,,2023,10,0,0,extracted
UNGA78_General_Debate_2023_statements/UNGA78_General_Debate_2023/democratic-republic-congo__cd_fr.pdf,218945,a87014bea4edf47c1650fe50c5770cf4850671f65c05bed7201cf3aa49ef2865,,2023,14,0,0,extracted
UNGA78_General_Debate_2023_statements/UNGA78_General_Debate_2023/denmark__dk_en.pdf,101964,45e6664b6a69b1d291d25be5f4768e21e36ff902a7efe30f74efceadde20bd77,,2023,7,0,0,extracted
UNGA78_General_Debate_2023_statements/UNGA78_General_Debate_2023/djibouti__dj_fr.pdf,423085,11caca7071cab94f183eecdf4816ef05b7d1db3ffd093ff1dd7a2cb501ba1992,,2023,16,0,0,extracted
UNGA78_General_Debate_2023_statements/UNGA78_General_Debate_2023/dominica__dm_en.pdf,353004,215eba8841e4bac974f5d7636ea6909f06cf88f50f7bdac31336c92e25c96bb1,,2023,26,0,0,extracted
UNGA78_General_Debate_2023_statements/UNGA78_General_Debate_2023/dominican-republic__do_es.pdf,98921,83c3479f591a6f72cfe14e8428a1e32377247e71e466c9745a75130961408113,,2023,10,0,0,extracted
UNGA78_General_Debate_2023_statements/UNGA78_General_Debate_2023/ecuador__ec_es.pdf,199338,9290692839f1e59e8ca7cbceb027bf8f283a0635f1b95dc9f01004b7b9b07133,,2023,7,0,0,extracted
UNGA78_General_Debate_2023_statements/UNGA78_General_Debate_2023/egypt__eg_ar.pdf,610220,5cbb1b3d4c9638244b6cbd9bfe0ea7f3aa5c8759e9635091e25b46f79e593793,,2023,27,0,0,extracted
UNGA78_General_Debate_2023_statements/UNGA78_General_Debate_2023/egypt__eg_en.pdf,858409,dff16a06b5b7d75da0d6c0c3378fda67cb798433c3b4f29c74e5ec08dfb1f19f,,2023,8,0,0,extracted
UNGA78_General_Debate_2023_statements/UNGA78_General_Debate_2023/el-salvador__sv_es.pdf,512258,e82cdeead2fba18b33ba5d75867201175e1bd8b7628f04844110db13d16eaafd,,2023,10,10,0,needs_review
UNGA78_General_Debate_2023_statements/UNGA78_General_Debate_2023/equatorial-guinea__gq_es.pdf,137857,0c9800c9b1b0d114c45e1f0992858391bb716376336b3af3076f5fe004e8d6ec,,2023,21,1,0,needs_review
UNGA78_General_Debate_2023_statements/UNGA78_General_Debate_2023/eritrea__er_en.pdf,134568,2e2d553092420cf2a6981136e648320fe7c92bdeba579b66c65b9daadd43bd32,,2023,4,0,0,extracted
UNGA78_General_Debate_2023_statements/UNGA78_General_Debate_2023/estonia__ee_en.pdf,144910,7953347cb735002e9a7a4ddcc20ba4677101b53ab1f643b52ad6f90c525816dc,,2023,6,0,0,extracted
UNGA78_General_Debate_2023_statements/UNGA78_General_Debate_2023/eswatini__sz_en.pdf,695554,f56301c36875a0caa8aaaeb63a138376d6b70f91b9f2c297b502b5d6ee812ebb,,2023,20,0,0,extracted
UNGA78_General_Debate_2023_statements/UNGA78_General_Debate_2023/ethiopia__et_en.pdf,505555,d6dd2dc910863312d1db055d1db67bc0a7b4e30198fbc2125a00d6a67902f1bc,,2023,9,9,0,needs_review
UNGA78_General_Debate_2023_statements/UNGA78_General_Debate_2023/european-union__eu_fr.pdf,372986,185930ca1479e17de848be5119ef743d50f78ab6af0e34c83d703497b5d08d96,,2023,29,1,0,needs_review
UNGA78_General_Debate_2023_statements/UNGA78_General_Debate_2023/fiji__fj_en.pdf,371174,1ee161f83c830d893ce062e9b03baaa2f24c6e7afdfa5b8b23239e4fc3020580,,2023,7,7,0,needs_review
UNGA78_General_Debate_2023_statements/UNGA78_General_Debate_2023/finland__fi_en.pdf,313784,7bf1940d1f9fd25bd0082e340b2eaf2092013c9f17c86b35ff0ee53784cb4b05,,2023,5,0,0,extracted
UNGA78_General_Debate_2023_statements/UNGA78_General_Debate_2023/finland__fi_fl.pdf,274745,56a3b4daffc40ffde4d3d7239491ccdf07c78af509a679908351cf4aa65d23d5,,2023,5,0,0,extracted
UNGA78_General_Debate_2023_statements/UNGA78_General_Debate_2023/france__fr_fr.pdf,181647,88dd6cc6aab0f97686b487594e097fd592058118fe5d28e6413770ca9d13a798,,2023,10,0,0,extracted
UNGA78_General_Debate_2023_statements/UNGA78_General_Debate_2023/gabon__ga_fr.pdf,354153,61cae0e92ec86749267bea1f2454a3aa5d0a9ce4e023cdf28da2ea06a2b4c652,,2023,17,0,0,extracted
UNGA78_General_Debate_2023_statements/UNGA78_General_Debate_2023/gambia-republic__gm_en_1.pdf,249466,80ed78e8eb33c351a68549fabede57690f2b905cfce16e158ebe9900f863b0f8,,2023,21,0,0,extracted
UNGA78_General_Debate_2023_statements/UNGA78_General_Debate_2023/georgia__ge_en.pdf,142650,bd8994b4fecc8fe3daa16466c9910afd44abdb398b8bb6f2d3acce0477d0f7dd,,2023,12,0,0,extracted
UNGA78_General_Debate_2023_statements/UNGA78_General_Debate_2023/germany__de_en.pdf,648945,4faa369c851014cd27b5b852be6b81b345142fea71494aeaf55fc52519adc12a,,2023,11,11,0,needs_review
UNGA78_General_Debate_2023_statements/UNGA78_General_Debate_2023/germany__de_fl.pdf,205310,00e5d826a0b218bbb16e00958bfefd6579bfef2e4c85f7d676db4df6dce5566e,,2023,38,0,0,extracted
UNGA78_General_Debate_2023_statements/UNGA78_General_Debate_2023/ghana__gh_en_0.pdf,165617,aa6b8274880d026e614c102b03c43a38a82fe8f8bc7e835072a82847ae032b6d,,2023,8,1,0,needs_review
UNGA78_General_Debate_2023_statements/UNGA78_General_Debate_2023/greece__gr_en.pdf,221093,32b48ee081dd08dd56d57ebdf5458b78c747656f4f00d4400d279b5b23eb4f2f,,2023,6,0,0,extracted
UNGA78_General_Debate_2023_statements/UNGA78_General_Debate_2023/grenada__gd_en.pdf,216493,d704ca6dc752357e068e39d1bd94ea3c820d7f87ae573ba57d048d5c866a7994,,2023,14,0,0,extracted
UNGA78_General_Debate_2023_statements/UNGA78_General_Debate_2023/guatemala__gt_es.pdf,156015,429d3fdb18cee9574f23c2fb1c2f8caee0cb996631323271d01566e57d8060dc,,2023,28,1,0,needs_review
UNGA78_General_Debate_2023_statements/UNGA78_General_Debate_2023/guinea-bissau__gw_en_0.pdf,236842,3f4986a46538bd8d82564a0b16b9812a539d0010511cde1425939c42c3b32bcf,,2023,5,0,0,extracted
UNGA78_General_Debate_2023_statements/UNGA78_General_Debate_2023/guinea__gn_fr_0.pdf,325917,a0e214d2208c1e024290c53abcae4bb4d375af3e76eb58a697088bf55b704151,,2023,10,0,0,extracted
UNGA78_General_Debate_2023_statements/UNGA78_General_Debate_2023/guyana__gy_en.pdf,338707,68225a03a4c5637b3d0f8ddd49926ed9ada46cbd7ab2751fc05297ea261bbac7,,2023,18,0,0,extracted
UNGA78_General_Debate_2023_statements/UNGA78_General_Debate_2023/haiti__ht_fr.pdf,587795,e16de1bfb8d274bd8d1086cddba9e2f5b55bb0dccf3530f709185e4e8a4ed474,,2023,10,10,0,needs_review
UNGA78_General_Debate_2023_statements/UNGA78_General_Debate_2023/holy-see__va_en_0.pdf,277565,4523e80dc93407533b00b44a1b817d1149097797a974f2ad788693cc652ca72b,,2023,8,0,0,extracted
UNGA78_General_Debate_2023_statements/UNGA78_General_Debate_2023/honduras__hn_es_0.pdf,383898,6692b68b8f2cd0e6fb240356efbd2398695f7c068141fe28c2161eb9498ac7c0,,2023,10,9,0,needs_review
UNGA78_General_Debate_2023_statements/UNGA78_General_Debate_2023/hungary__hu_en.pdf,269056,29117f6e13cf517556a3f409f352a5d752c46881f7ec101e88f3c736474e8be8,,2023,4,0,0,extracted
UNGA78_General_Debate_2023_statements/UNGA78_General_Debate_2023/iceland__is_en.pdf,84256,c026345918ecb754b5160cf396d47561e2234b744a71f8d455d88c2fc80f6865,,2023,8,0,0,extracted
UNGA78_General_Debate_2023_statements/UNGA78_General_Debate_2023/india__in_en.pdf,125316,a914835ac953c7386e78e2be5f34c42800535f1ce2f8489e5e43d8c38e1d3bea,,2023,6,0,0,extracted
UNGA78_General_Debate_2023_statements/UNGA78_General_Debate_2023/indonesia__id_en.pdf,251955,d47724f5a2385b8caac56cc6fa14fea82166dc2245f5c8a4077df3c7f2b5f558,,2023,9,0,0,extracted
UNGA78_General_Debate_2023_statements/UNGA78_General_Debate_2023/iran-islamic-republic__ir_en.pdf,302010,e68420767816626616fdf6f184f3f27b024e2967183253c583ee843145299f1f,,2023,9,0,0,extracted
UNGA78_General_Debate_2023_statements/UNGA78_General_Debate_2023/iraq__iq_ar.pdf,248474,39fe8ae356ed3aa4dda319013853e8b5f1367b2f0ae1488973c4e555426c20a8,,2023,20,0,0,extracted
UNGA78_General_Debate_2023_statements/UNGA78_General_Debate_2023/ireland__ie_en.pdf,177414,dceb142d1a96214c4797fcc23be08a355c6966b43ba3cd5da8215e5a86d1ac87,,2023,21,0,0,extracted
UNGA78_General_Debate_2023_statements/UNGA78_General_Debate_2023/israel__il_en.pdf,227038,13e07350b4380d3809461ad868d291ed9030c56b81c7233415d816bf1d1dd15b,,2023,9,0,0,extracted
UNGA78_General_Debate_2023_statements/UNGA78_General_Debate_2023/italy__it_en.pdf,242185,6773c618221b7996c4ba4f5f89eef58d956e51ea9188e40182e1d3134ab72334,,2023,7,0,0,extracted
UNGA78_General_Debate_2023_statements/UNGA78_General_Debate_2023/italy__it_fl.pdf,246766,f9bd3dd59ba8b3080a1e4857cc2ed6df5c33fef0fb066b710d811caaddd18aaa,,2023,7,0,0,extracted
UNGA78_General_Debate_2023_statements/UNGA78_General_Debate_2023/jamaica__jm_en.pdf,184679,9fe5ff688521c26b3bfd9958cad5f7c4cb2b121699d16292ff9a31f63b80f09c,,2023,12,0,0,extracted
UNGA78_General_Debate_2023_statements/UNGA78_General_Debate_2023/japan__jp_en.pdf,122572,46d4f2cf4b9a2e7513f374931e366274e63849dae7caaf31535141236d846d9b,,2023,8,0,0,extracted
UNGA78_General_Debate_2023_statements/UNGA78_General_Debate_2023/jordan__jo_ar.pdf,472554,cc347fb0de0a07bce3c4681d7c4b04d24680bea00b47a03b5999cc382c4cfc76,,2023,4,0,0,extracted
UNGA78_General_Debate_2023_statements/UNGA78_General_Debate_2023/jordan__jo_en.pdf,314774,b6bf2e7eaddb4bc0f7a0cc437156b58f015025fdaaaf39d0c2c04534b01c6490,,2023,4,0,0,extracted
UNGA78_General_Debate_2023_statements/UNGA78_General_Debate_2023/kazakhstan__kz_en.pdf,264878,0b79a7fe761e253f24d3d5a8535e610d527b2972ad88474eb054f6176d244c43,,2023,18,0,0,extracted
UNGA78_General_Debate_2023_statements/UNGA78_General_Debate_2023/kenya__ke_en.pdf,126465,35cf9293c4c37ef3cbc73d28b7f2812774680e73050818a92a3c17180ba93780,,2023,7,0,0,extracted
UNGA78_General_Debate_2023_statements/UNGA78_General_Debate_2023/kiribati__ki_en.pdf,161164,5faa74eb1dbda563bce91f552466191e96f225e5b42af51f044dc4eafb9e622f,,2023,9,0,0,extracted
UNGA78_General_Debate_2023_statements/UNGA78_General_Debate_2023/kuwait__kw_ar.pdf,362740,f686e74de0fe1000649d8c4f8f21aae160276f97337d94a1be34c75019bb6297,,2023,8,0,0,extracted
UNGA78_General_Debate_2023_statements/UNGA78_General_Debate_2023/kyrgyzstan__kg_ar.pdf,372769,cfc2cf85339a3b4fa96927650932f6cd98e6d88a34ea5933959575b95098fac4,,2023,6,1,0,needs_review
UNGA78_General_Debate_2023_statements/UNGA78_General_Debate_2023/kyrgyzstan__kg_en.pdf,281284,7354f6f1a9165f245cc250583600f399359d7479b5037cebe2e0ba957c285658,,2023,10,0,0,extracted
UNGA78_General_Debate_2023_statements/UNGA78_General_Debate_2023/kyrgyzstan__kg_fr.pdf,320476,864c67f19fadfe7042539534fce3bc785d93081447a41bfd243147d3e31c8f7e,,2023,11,0,0,extracted
UNGA78_General_Debate_2023_statements/UNGA78_General_Debate_2023/kyrgyzstan__kg_ru.pdf,314111,7a9183b29b1b83f789df54aaaa0ef73957b5454257c378643fb6913d441dc67c,,2023,11,0,0,extracted
UNGA78_General_Debate_2023_statements/UNGA78_General_Debate_2023/kyrgyzstan__kg_zh.pdf,601562,961ee0192bc63d524d73acd867f2f3ed101af7f44e627712cc7fdcd0e081e1af,,2023,8,1,0,needs_review
UNGA78_General_Debate_2023_statements/UNGA78_General_Debate_2023/lao-peoples-democratic-republic__la_en.pdf,99343,3f71d15bef98207d5b79a873cbfee6e8f32f0f43008b818916a4ee1595fedd01,,2023,9,0,0,extracted
UNGA78_General_Debate_2023_statements/UNGA78_General_Debate_2023/latvia__lv_en.pdf,195930,e574d4f18fc32d70e1796f298fab9e7e3838ff5837d16ad7abec7d0050df3276,,2023,8,0,0,extracted
UNGA78_General_Debate_2023_statements/UNGA78_General_Debate_2023/lebanon__lb_ar.pdf,184147,97ca5ff005b7e2248cc5ac9c8ee69133b48e65d07199380884ffd383b3e9b6ab,,2023,4,0,0,extracted
UNGA78_General_Debate_2023_statements/UNGA78_General_Debate_2023/lesotho__ls_en.pdf,178310,32233118f7fafb8e0c3a7b8036d34e152e51445d7f4f038d7213a02be24991a9,,2023,11,0,0,extracted
UNGA78_General_Debate_2023_statements/UNGA78_General_Debate_2023/liberia__lr_en.pdf,134573,492c75992073f4634606fe626f158267ecb98f24588b655a39ea9b53a4793937,,2023,11,0,0,extracted
UNGA78_General_Debate_2023_statements/UNGA78_General_Debate_2023/libya__ly_ar.pdf,261959,153a4b2061ffdfbbbdf15e8ddb6fe98ad59c3dac06ef9257e477497a59b5fe5f,,2023,7,0,0,extracted
UNGA78_General_Debate_2023_statements/UNGA78_General_Debate_2023/liechtenstein__li_en.pdf,212436,55468382747c5ec76a11b68e5481ad23db0a348f117cf5bea8b7263f99ad3f00,,2023,16,0,0,extracted
UNGA78_General_Debate_2023_statements/UNGA78_General_Debate_2023/lithuania__lt_en.pdf,150321,e5a4a4b24266316d74aafc3f118de85e8c8140ac58a91db814d5fb44e36e2052,,2023,5,0,0,extracted
UNGA78_General_Debate_2023_statements/UNGA78_General_Debate_2023/luxembourg__lu_fr.pdf,704790,289b40ff6ebf34b50fa7d5ca75a13deb84a0ac8c57bcfd50a833c8ed79985f2e,,2023,6,6,0,needs_review
UNGA78_General_Debate_2023_statements/UNGA78_General_Debate_2023/malawi__mw_en_0.pdf,168858,c71ff08c510706a29a87af2ec47c715179366676d75accf82ddf5e63c99c05f0,,2023,9,0,0,extracted
UNGA78_General_Debate_2023_statements/UNGA78_General_Debate_2023/malaysia__my_en.pdf,294753,4e2539a1b725c6b8a0cc2272e85e5470bfbc7a4959e9db29663fdcdf5e2b7d22,,2023,5,0,0,extracted
UNGA78_General_Debate_2023_statements/UNGA78_General_Debate_2023/maldives__mv_en.pdf,141263,3a6a65cb0c613319d217d617107b1f5727fcc4d92a4dbc71b12671c2100b227d,,2023,11,0,0,extracted
UNGA78_General_Debate_2023_statements/UNGA78_General_Debate_2023/mali__ml_fr_0.pdf,172972,5999933f8e423161d82e43c800a71af152d851412eb2653fce11d2c6ca8ba686,,2023,11,0,0,extracted
UNGA78_General_Debate_2023_statements/UNGA78_General_Debate_2023/malta__mt_en.pdf,140560,04a9a87742e56813fb62994eb785152ebeca04b238a29435908dfe0b10613f45,,2023,16,0,0,extracted
UNGA78_General_Debate_2023_statements/UNGA78_General_Debate_2023/marshall-islands__mh_en.pdf,107514,36723b3ec1fb68cb5aeb35f191ac9fe838956b84c04c84a5cdad3b88d450711a,,2023,5,0,0,extracted
UNGA78_General_Debate_2023_statements/UNGA78_General_Debate_2023/mauritania__mr_ar_0.pdf,162520,cb984ba44144e2990e3f7abcc16a9d700b1196ca46ed4ccc8e1b8b58a80b50db,,2023,4,4,0,needs_review
UNGA78_General_Debate_2023_statements/UNGA78_General_Debate_2023/mauritius__mu_en.pdf,164097,cc02663fec8cddae8e4268b36a5292d9b9f9813d8a4e4c24563e901aa6814ecd,,2023,8,0,0,extracted
UNGA78_General_Debate_2023_statements/UNGA78_General_Debate_2023/mexico__mx_es.pdf,335318,a7ec1c3be2103e57ea0a514119bf06f711bf328a6c891305d33421d2a14abe81,,2023,28,0,0,extracted
UNGA78_General_Debate_2023_statements/UNGA78_General_Debate_2023/micronesia-federated-states__fm_en.pdf,64247,a78b2654d22ef0d22ae92935fcf80ffcf3e17992e255a703b20cdff54509dbb0,,2023,5,0,0,extracted
UNGA78_General_Debate_2023_statements/UNGA78_General_Debate_2023/monaco__mc_fr.pdf,124790,3ad0cff3ae2714bcd59f01d7083af3524aba8ea0aa774d22f4b2c01489e9cd95,,2023,7,0,0,extracted
UNGA78_General_Debate_2023_statements/UNGA78_General_Debate_2023/mongolia__mn_en.pdf,111082,ff275412d0d19a72554b4d2e3c9a1cb9aa506813dac89fbfc575d1501633f3e4,,2023,8,0,0,extracted
UNGA78_General_Debate_2023_statements/UNGA78_General_Debate_2023/montenegro__me_en_0.pdf,213082,8dcd4aba98434caf174c200c218ae6378b79f8af927bf4a934a6b0921aa10fac,,2023,9,0,0,extracted
UNGA78_General_Debate_2023_statements/UNGA78_General_Debate_2023/morocco__ma_ar.pdf,847850,35a0e588b5e0b48b744200b59f3b4ab50f1efc94019794a37c46d9b4e6388c37,,2023,8,0,0,extracted
UNGA78_General_Debate_2023_statements/UNGA78_General_Debate_2023/mozambique__mz_en.pdf,208115,ebd5b9cb39b75fbb67058822eb70fabe1d56f254737fe51661bcc27b1f333ab9,,2023,9,0,0,extracted
UNGA78_General_Debate_2023_statements/UNGA78_General_Debate_2023/namibia__na_en.pdf,194204,8acaa6bff269f81002ef610fb01166257fab73c1822bea1d0e09a0517df34810,,2023,14,0,0,extracted
UNGA78_General_Debate_2023_statements/UNGA78_General_Debate_2023/nauru__nr_en_0.pdf,188711,6ff05c5cf47e9dfe9ee61b7dc358a9b47b4151348b937251d252368c7b4e07a9,,2023,6,1,0,needs_review
UNGA78_General_Debate_2023_statements/UNGA78_General_Debate_2023/nepal__np_en.pdf,376887,412936e5194a0a658176b313fb84dc7092d41bc8cbed330f682b736a1a786859,,2023,19,1,0,needs_review
UNGA78_General_Debate_2023_statements/UNGA78_General_Debate_2023/netherlands__nl_en.pdf,130172,c590c9fee94fff7a10dcaacba33847c14cea7047f6ff1fafce32d08801973210,,2023,8,0,0,extracted
UNGA78_General_Debate_2023_statements/UNGA78_General_Debate_2023/new-zealand__nz_en.pdf,166180,07931f1ccc84da3e1cd716fc8f370564014e824c7e5181c2eb6d253cf133b7bd,,2023,11,0,0,extracted
UNGA78_General_Debate_2023_statements/UNGA78_General_Debate_2023/nicaragua__ni_en.pdf,220553,4936d67d4ef273d9bcb3bf614ba4b3925feb68d347f9303ef8b7f7e089ff3ac5,,2023,17,0,0,extracted
UNGA78_General_Debate_2023_statements/UNGA78_General_Debate_2023/nicaragua__ni_es.pdf,197815,c8d8ce393c13f281cb9f559fdcc2d3fbd13479c30bc7b3ee99b2006ed0d9f412,,2023,17,0,0,extracted
UNGA78_General_Debate_2023_statements/UNGA78_General_Debate_2023/nicaragua__ni_fr.pdf,217601,8ddc550eeb059968b90fce0b8c6e8b12af0f69cf6efdd8f2e8c41e770de05906,,2023,16,0,0,extracted
UNGA78_General_Debate_2023_statements/UNGA78_General_Debate_2023/nigeria__ng_en.pdf,194674,1fc3297269730e74b8086e0b6c588554d707ad67a5cedfe06791a0431ce86c7e,,2023,16,0,0,extracted
UNGA78_General_Debate_2023_statements/UNGA78_General_Debate_2023/north-macedonia__mk_en.pdf,69573,78124459af1252fcd83a7e6a1fca42fcb55c0dfd8c9197de7c4515f83a522e5b,,2023,4,0,0,extracted
UNGA78_General_Debate_2023_statements/UNGA78_General_Debate_2023/norway__no_en.pdf,215905,108e587057e7fc6b3c9ab517cb3f0d72eb5307acbaaa462310478a20eaf9bf76,,2023,10,0,0,extracted
UNGA78_General_Debate_2023_statements/UNGA78_General_Debate_2023/oman__om_ar.pdf,168420,d8d612ec4de0ed196b70722f62e1e897afb0db62d47ce37f330f7386f5731adf,,2023,8,0,0,extracted
UNGA78_General_Debate_2023_statements/UNGA78_General_Debate_2023/oman__om_en.pdf,201889,0f00ee74e7f4bbcd92dda181ed96259e0826e646913ec8976ed51bc94f4d52ee,,2023,5,0,0,extracted
UNGA78_General_Debate_2023_statements/UNGA78_General_Debate_2023/pakistan__pk_en.pdf,274537,37600b212310f9d009b382103190c97d2f2e19ed45b3ef2e7c15518425930da7,,2023,9,0,0,extracted
UNGA78_General_Debate_2023_statements/UNGA78_General_Debate_2023/palau__pw_en.pdf,148536,0ad4237e93b66b3c62cd557e02dcc012096426e2dadd42f89cee6e4ca4d0ba96,,2023,4,0,0,extracted
UNGA78_General_Debate_2023_statements/UNGA78_General_Debate_2023/palestine-state__ps_ar.pdf,287497,8d2be299ea7caeb346eca3d31639633142e1514730ece082ed6be07f7d3304c2,,2023,26,1,0,needs_review
UNGA78_General_Debate_2023_statements/UNGA78_General_Debate_2023/palestine-state__ps_en.pdf,190295,f02ad51b957f56d314d193cd90cbc00c6f07b03bc9e1ec2310db1394a884061c,,2023,5,0,0,extracted
UNGA78_General_Debate_2023_statements/UNGA78_General_Debate_2023/panama__pa_es.pdf,198334,e3d58052d9b52ece5ace90f9a7b12826f6a1a535d15933ca1f7c9adc08620bfe,,2023,5,0,0,extracted
UNGA78_General_Debate_2023_statements/UNGA78_General_Debate_2023/papua-new-guinea__pg_en.pdf,210339,2af39d5c27bdce606c43f3542ae4033503b84e114d2a6118f43fae3a89d5f9e4,,2023,16,0,0,extracted
UNGA78_General_Debate_2023_statements/UNGA78_General_Debate_2023/paraguay__py_es.pdf,158640,f1d9a9c204d250238e8235c4087ce9142bca470f514d54c8ed393953f1eded14,,2023,7,0,0,extracted
UNGA78_General_Debate_2023_statements/UNGA78_General_Debate_2023/peru__pe_es.pdf,169609,0b6811220c9e50ca8e424af9a336c782ed562090fbeedc7f6d56dc10334b71bb,,2023,23,0,0,extracted
UNGA78_General_Debate_2023_statements/UNGA78_General_Debate_2023/philippines__ph_en.pdf,124220,ecf36d93a40f5dfd87d2660577df5dc04c6c3a93846d5b166cc5f691db78f456,,2023,9,0,0,extracted
UNGA78_General_Debate_2023_statements/UNGA78_General_Debate_2023/poland__pl_en.pdf,678915,aa0003845d52429b50797f40ac0788d6cdf6ce8ab7e2388317df3a6135f21664,,2023,12,0,0,extracted
UNGA78_General_Debate_2023_statements/UNGA78_General_Debate_2023/portugal__pt_en.pdf,138198,70ade01e29d7fa587b1799bb2404e3f533693309519d00063514252b91f1ddc1,,2023,4,0,0,extracted
UNGA78_General_Debate_2023_statements/UNGA78_General_Debate_2023/portugal__pt_pt.pdf,142774,58a3eebdf3f1a7bfa1b61e093d218455dbc0902911f0eb3613ae4d6a7181660a,,2023,6,0,0,extracted
UNGA78_General_Debate_2023_statements/UNGA78_General_Debate_2023/president-general-assembly-closing__pgaclosing_en.pdf,158263,cd116d1922966db2e7f18159eb4988827f16c35b5c63668e86b3ee00562fac90,,2023,5,0,0,extracted
UNGA78_General_Debate_2023_statements/UNGA78_General_Debate_2023/president-general-assembly-opening__pgaopening_en.pdf,151593,988fe377ba9794c308ae91ba65c1fbc5231d73ea72675ff5e0ffca3959a7e4c8,,2023,8,0,0,extracted
UNGA78_General_Debate_2023_statements/UNGA78_General_Debate_2023/qatar__qa_ar.pdf,143360,7a2d768c20422dedd2c9c694180d1a58c634f5d736cbe4987093ba44b745215b,,2023,8,0,0,extracted
UNGA78_General_Debate_2023_statements/UNGA78_General_Debate_2023/qatar__qa_en.pdf,182993,ba55c398b5df876164d201409cc1fd9aa580d19573dbb3d492a927130b923a6d,,2023,8,0,0,extracted
UNGA78_General_Debate_2023_statements/UNGA78_General_Debate_2023/qatar__qa_es.pdf,182934,87f1ff24db5657e58adad50ac1ca2e8d3f45f672d0a0cef63d80a7238c717287,,2023,8,0,0,extracted
UNGA78_General_Debate_2023_statements/UNGA78_General_Debate_2023/qatar__qa_fr.pdf,255216,9d2a38a83260a5f661804b5a446db8f7de7ca65e42f186bbdc0477eed44f5ae1,,2023,8,1,0,needs_review
UNGA78_General_Debate_2023_statements/UNGA78_General_Debate_2023/republic-korea__kr_en.pdf,106748,d0d3e138c2bffe405bf2fb770d6b7f96ba030f5f3b3caf1cc4be1af403c6e708,,2023,17,0,0,extracted
UNGA78_General_Debate_2023_statements/UNGA78_General_Debate_2023/republic-moldova__md_en.pdf,87212,1259508b2d05b19a2b12b2f092ebf846e23ab23db2246df81bcc8a36c6611a8b,,2023,8,0,0,extracted
UNGA78_General_Debate_2023_statements/UNGA78_General_Debate_2023/romania__ro_en.pdf,139989,7c036f9ed4a901fc6797eeea0055f24759cc11582a2b988e6a7bd93642046117,,2023,6,0,0,extracted
UNGA78_General_Debate_2023_statements/UNGA78_General_Debate_2023/russian-federation__ru_ru.pdf,140108,f7a572b601fa98781b32db55495a0ae61d21d3183e4921e325b9d53b773dfa9a,,2023,10,0,0,extracted
UNGA78_General_Debate_2023_statements/UNGA78_General_Debate_2023/rwanda__rw_en.pdf,250169,f59d406d2a7b9999f8b1bf2a03a8bd10c54fd9543a97cba367939c659726fc07,,2023,5,0,0,extracted
UNGA78_General_Debate_2023_statements/UNGA78_General_Debate_2023/saint-kitts-and-nevis__kn_en.pdf,136529,8d16e62fd788bc459782d83d212cdd9014c8d274de1db75a73c6ba55bf9c1df8,,2023,11,0,0,extracted
UNGA78_General_Debate_2023_statements/UNGA78_General_Debate_2023/saint-lucia__lc_en.pdf,610403,099fe8c8e37c085f7d7e7a99024cb2cac80e5ac1cbc48094bec5e23698fa2df0,,2023,9,0,0,extracted
UNGA78_General_Debate_2023_statements/UNGA78_General_Debate_2023/saint-vincent-and-grenadines__vc_en.pdf,258716,f7084b747770a18e8bafcc241843328856f97cefbc1cf06bc0fb2e6cbcb31d0e,,2023,24,0,0,extracted
UNGA78_General_Debate_2023_statements/UNGA78_General_Debate_2023/samoa__ws_en.pdf,126047,0ce09b716da2787f85a49835d242f64b7e753ff772f6aacca3caebb977890537,,2023,7,0,0,extracted
UNGA78_General_Debate_2023_statements/UNGA78_General_Debate_2023/san-marino__sm_en.pdf,100009,b8361d6685e169fda2d30aefc6ed63f7699bd304f79db6fdc7c970314b621c02,,2023,11,0,0,extracted
UNGA78_General_Debate_2023_statements/UNGA78_General_Debate_2023/sao-tome-and-principe__st_fl.pdf,125876,bcbed3ec9f32b504ce301aa76ee10f492727e616625f3b0c70c5643dd3df2468,,2023,9,0,0,extracted
UNGA78_General_Debate_2023_statements/UNGA78_General_Debate_2023/sao-tome-and-principe__st_fr.pdf,177071,09860722f4262fbd3402d4cce2cd66b2098cc7772b31d0ec8882823476d08db1,,2023,8,1,0,needs_review
UNGA78_General_Debate_2023_statements/UNGA78_General_Debate_2023/saudi-arabia__sa_ar.pdf,167497,18f7a110b37b498bf426c2037e967eea629834e12afbb2d1f02e4baf39d1b631,,2023,9,0,0,extracted
UNGA78_General_Debate_2023_statements/UNGA78_General_Debate_2023/secretary-general-united-nations__unsg_en.pdf,209424,69ada088d88bf8f257edd24ad63cdaba11f78a5dc454d08889defbbcd3288a0c,,2023,15,0,0,extracted
UNGA78_General_Debate_2023_statements/UNGA78_General_Debate_2023/secretary-general-united-nations__unsg_fl.pdf,157713,3f380ce57cb2a2340168ba984b7e85f46689b1fb1eb8412d7549d49a13b40494,,2023,16,1,0,needs_review
UNGA78_General_Debate_2023_statements/UNGA78_General_Debate_2023/secretary-general-united-nations__unsg_fr.pdf,354973,acddfa84265458d7616852bfe222ae73d657fa3d783c375263b7c7aeabd542a0,,2023,17,0,0,extracted
UNGA78_General_Debate_2023_statements/UNGA78_General_Debate_2023/senegal__sn_fr.pdf,64890,1e0a4d833ff547640f29b30e5c263ce800e0583bb6b69b6e06b11fc39491a411,,2023,5,0,0,extracted
UNGA78_General_Debate_2023_statements/UNGA78_General_Debate_2023/serbia__rs_en.pdf,237884,4b8eaef74ce2862c4400fe9d3778618f8bd2d0cdfa6d6d645dada1e35fc3b31f,,2023,8,0,0,extracted
UNGA78_General_Debate_2023_statements/UNGA78_General_Debate_2023/seychelles__sc_en_0.pdf,469676,452db27c5ee94b5f5ee39eb6291b7d600faacbf7726612f9af3eab4cae56e144,,2023,5,0,0,extracted
UNGA78_General_Debate_2023_statements/UNGA78_General_Debate_2023/sierra-leone__sl_en.pdf,205151,dc89a4b56d51b61b098205d8961f52c8d78f7b3939b6fc793aa7721d17640052,,2023,12,0,0,extracted
UNGA78_General_Debate_2023_statements/UNGA78_General_Debate_2023/singapore__sg_en.pdf,199521,0aa9e37ed7e8f4e1b492f37497857870ef478c32bf707cd71939830250bc5e04,,2023,6,0,0,extracted
UNGA78_General_Debate_2023_statements/UNGA78_General_Debate_2023/slovakia__sk_en.pdf,154760,44dc0e3a20d467175efe9053bdf04e94e03101baa84f05bd61933d0232636ec2,,2023,3,0,0,extracted
UNGA78_General_Debate_2023_statements/UNGA78_General_Debate_2023/slovenia__si_en.pdf,163067,7afb005cafb28f351017334975a08ca65fc681a8c902e35877bc4e3580c90837,,2023,12,0,0,extracted
UNGA78_General_Debate_2023_statements/UNGA78_General_Debate_2023/solomon-islands__sb_en.pdf,206831,42dc18f1502f72566b3fff0bef459978a16cf1922580cb943396f0053a368684,,2023,18,0,0,extracted
UNGA78_General_Debate_2023_statements/UNGA78_General_Debate_2023/somalia__so_ar.pdf,460916,98959a0e424d7ab720dfff9eec30710b9c8ce0ec8fe16ff8d3342c21f7eb70f4,,2023,6,0,0,extracted
UNGA78_General_Debate_2023_statements/UNGA78_General_Debate_2023/south-africa__za_en.pdf,87256,28617bf46a8e3e118f4f3da0dd9c257967dbc5dea38c35fbaf7347cdc36dab12,,2023,9,0,0,extracted
UNGA78_General_Debate_2023_statements/UNGA78_General_Debate_2023/south-sudan__ss_en.pdf,162546,4f93b43550e5b63f777cf492df8d30b20206d49e5f719b7ac19713d3a793dfb4,,2023,8,0,0,extracted
UNGA78_General_Debate_2023_statements/UNGA78_General_Debate_2023/spain__es_en.pdf,144453,dc7dbad6d1dd96684dcfe9cd54c32fe7c2164fbd71bbe8ab7a685839926b8aa0,,2023,9,0,0,extracted
UNGA78_General_Debate_2023_statements/UNGA78_General_Debate_2023/spain__es_es.pdf,150427,d9cf9eafa48ee83a3acded8b097f56f0a9ca1cc8123840f8e89a6810cc40e24d,,2023,9,0,0,extracted
UNGA78_General_Debate_2023_statements/UNGA78_General_Debate_2023/sri-lanka__lk_en.pdf,194686,d763685d1df55820ecf4c85b8a27cfbd336ed3a63b2483bad9b85f3d63446bd1,,2023,8,0,0,extracted
UNGA78_General_Debate_2023_statements/UNGA78_General_Debate_2023/sudan__sd_ar.pdf,390935,987a55d981a4612d93424375a40a40ecb0d798ad01279bb30074b5c42884d73c,,2023,12,0,0,extracted
UNGA78_General_Debate_2023_statements/UNGA78_General_Debate_2023/suriname__sr_en.pdf,322909,81a30db68e1e711404a3ade42317ec9c3f948b8626265d00884cdaf9ea17ee1c,,2023,7,0,0,extracted
UNGA78_General_Debate_2023_statements/UNGA78_General_Debate_2023/sweden__se_en.pdf,125640,d4eacf43fe801deac32cf6aa3f691b493d1a66d8da7ef6e97512586a5d456d3a,,2023,4,0,0,extracted
UNGA78_General_Debate_2023_statements/UNGA78_General_Debate_2023/switzerland__ch_fr.pdf,107431,b091afd38c741dc5bd6136af890d6161c4aac0061077fdc829bd22c68992d434,,2023,13,1,0,needs_review
UNGA78_General_Debate_2023_statements/UNGA78_General_Debate_2023/syrian-arab-republic__sy_ar.pdf,585184,47dddb27a3cd7511ee72fb84dc2b88258963447d96c8a1699825ff6b785c9ebd,,2023,8,8,0,needs_review
UNGA78_General_Debate_2023_statements/UNGA78_General_Debate_2023/tajikistan__tj_en_0.pdf,939767,e8e2ca3a901a943e664e465625bf13f54a4217063d5ac7b8ae7ca23fd6d3d13c,,2023,8,0,0,extracted
UNGA78_General_Debate_2023_statements/UNGA78_General_Debate_2023/tajikistan__tj_ru.pdf,962566,8089dc74d59f6146097d9b4c5a76f243aa071d073023976db95330d72ac7f789,,2023,7,0,0,extracted
UNGA78_General_Debate_2023_statements/UNGA78_General_Debate_2023/thailand__th_en.pdf,199219,2af2c8c9af3dd676ff994725ddc01d3d26217438b2baf87d698c0f2c8d81a4e8,,2023,7,0,0,extracted
UNGA78_General_Debate_2023_statements/UNGA78_General_Debate_2023/timor-leste__tl_en.pdf,161858,93a23336d30db22531a906c9f85d8393682ff0a93ad3d22e7e934f79d371a1b9,,2023,16,0,0,extracted
UNGA78_General_Debate_2023_statements/UNGA78_General_Debate_2023/togo__tg_fl.pdf,538420,7589205e2f1c16aeef7bf5310c180925e3c98fab825e161e836e267e45698394,,2023,13,0,0,extracted
UNGA78_General_Debate_2023_statements/UNGA78_General_Debate_2023/tonga__to_en.pdf,468985,713afb76ee9b7da16f441630caef601b28e95bcaa6b77d8d4d928c2c4a684f3d,,2023,11,0,0,extracted
UNGA78_General_Debate_2023_statements/UNGA78_General_Debate_2023/trinidad-and-tobago__tt_en_1.pdf,970985,02bb0a6e4288b641774af664efe72068e70bce3a60eeab7fe1cb2a69408589e5,,2023,16,16,0,needs_review
UNGA78_General_Debate_2023_statements/UNGA78_General_Debate_2023/tunisia__tn_ar.pdf,271051,284b2c4f5236926abda0698a051832113fbd63cddfd62e8a740f2d10706c7b65,,2023,9,0,0,extracted
UNGA78_General_Debate_2023_statements/UNGA78_General_Debate_2023/turkiye__tr_en.pdf,227044,c179c09cd6a310c5e28ee0d914453a8b9f8c08687bb58e5fd3fee876c53353ec,,2023,12,0,0,extracted
UNGA78_General_Debate_2023_statements/UNGA78_General_Debate_2023/turkmenistan__tm_en.pdf,93487,cd7a566234e038c363aa0b46aa3514cd6f8cdce9846aeca59d131b0d5e356ae1,,2023,11,0,0,extracted
UNGA78_General_Debate_2023_statements/UNGA78_General_Debate_2023/turkmenistan__tm_ru.pdf,184246,141daa004fbcf8eee0f9fb411d71246803934e2321101b2e6cad6c7f9db59c70,,2023,14,0,0,extracted
UNGA78_General_Debate_2023_statements/UNGA78_General_Debate_2023/tuvalu__tv_en.pdf,214326,697209e2192c177f69f5e12ddb434554387c95c8cfba581ea9e33a6acf8e3ffc,,2023,10,0,0,extracted
UNGA78_General_Debate_2023_statements/UNGA78_General_Debate_2023/uganda__ug_en.pdf,156127,cf69d2b1f5919e8c2fa4b114dfcb40b281b0686313901b3be68e1d937bc0b2c0,,2023,10,0,0,extracted
UNGA78_General_Debate_2023_statements/UNGA78_General_Debate_2023/ukraine__ua_en_rev.pdf,44668,9c9413b4dcca04e2e69a22829b14b2a9de3bdfe8b83f90dc470f5252a4a30c11,,2023,4,0,0,extracted
UNGA78_General_Debate_2023_statements/UNGA78_General_Debate_2023/united-arab-emirates__ae_ar_0.pdf,300173,7df70cf3bd7a40070ed7b3a60e3b0a7fee825d2fa4fc201ce10e358afa033e51,,2023,5,0,0,extracted
UNGA78_General_Debate_2023_statements/UNGA78_General_Debate_2023/united-arab-emirates__ae_en.pdf,285457,554f85312a6bf6355e9e5649574731b655602786fa185b9820c82727dbfe3331,,2023,5,0,0,extracted
UNGA78_General_Debate_2023_statements/UNGA78_General_Debate_2023/united-kingdom-great-britain-and-northern-ireland__gb_en.pdf,97851,a9547bd2d63523c9a9cc93156ef3195ee3d7c3ab546b2587327c650e59cbed88,,2023,12,0,0,extracted
UNGA78_General_Debate_2023_statements/UNGA78_General_Debate_2023/united-republic-tanzania__tz_en.pdf,184013,ae282fa1581ad6df0e91819dbc388c299118e03e75c10dc666d4bdc6b5596212,,2023,5,0,0,extracted
UNGA78_General_Debate_2023_statements/UNGA78_General_Debate_2023/united-states-america__us_en_0.pdf,109954,5eb7aef69410bbd7edf5a7f9b1dc95e236ac30df4651e231571ed0254ab2c4d1,,2023,11,7,0,needs_review
UNGA78_General_Debate_2023_statements/UNGA78_General_Debate_2023/uruguay__uy_es_0.pdf,78849,7fc579e6b2f2a91084f8c2dd05093458499373ca402d5bd9bf13e933e7340b32,,2023,3,0,0,extracted
UNGA78_General_Debate_2023_statements/UNGA78_General_Debate_2023/uzbekistan__uz_ar.pdf,418718,58946a1671c7e737a075d37f47bff1122063a0672c30c970564111847a750805,,2023,7,0,0,extracted
UNGA78_General_Debate_2023_statements/UNGA78_General_Debate_2023/uzbekistan__uz_en.pdf,171498,195524ae5d38b6b076f0c5232451967f591e7f337b000c338d664decdfb0d95b,,2023,10,0,0,extracted
UNGA78_General_Debate_2023_statements/UNGA78_General_Debate_2023/uzbekistan__uz_es.pdf,140336,e5398a94874910b5d3851b9307b8881bf9cc833257ac32065a055a648039c83b,,2023,9,0,0,extracted
UNGA78_General_Debate_2023_statements/UNGA78_General_Debate_2023/uzbekistan__uz_fr.pdf,193296,90a99a6da19ed0b30f49d6a9d60713466fe4197b983d157f7355aa718e5efe01,,2023,12,1,0,needs_review
UNGA78_General_Debate_2023_statements/UNGA78_General_Debate_2023/uzbekistan__uz_ru.pdf,218677,8b60f123838edc966ca9bea71d7feace98645b22a9ec227c08ae9f3ddf3c4874,,2023,13,0,0,extracted
UNGA78_General_Debate_2023_statements/UNGA78_General_Debate_2023/uzbekistan__uz_zh.pdf,255272,13e79545ac9678a4b7b4c79ee64b058826fa5cb329678fec5216198532c60577,,2023,8,0,0,extracted
UNGA78_General_Debate_2023_statements/UNGA78_General_Debate_2023/vanuatu__vu_en.pdf,262660,bc695f7ef9cab37af7b0fab5ef00305df2d02fd39a6b272335aa7ede08c0058f,,2023,4,4,0,needs_review
UNGA78_General_Debate_2023_statements/UNGA78_General_Debate_2023/venezuela-bolivarian-republic__ve_ar.pdf,938481,3616d4d3e69313135fa22a1730fbc81082e985d71c814575f06c36bc8c57f1f0,,2023,9,0,0,extracted
UNGA78_General_Debate_2023_statements/UNGA78_General_Debate_2023/venezuela-bolivarian-republic__ve_en.pdf,80419,ba01f983ea2535e327c728951676be170c8879ba9f3274dd04a7751b1cd193ae,,2023,15,0,0,extracted
UNGA78_General_Debate_2023_statements/UNGA78_General_Debate_2023/venezuela-bolivarian-republic__ve_es.pdf,278533,de04bc83c0013adb37b1749d7ece5086380dfe15786b419266ada9502a1c09bd,,2023,11,0,0,extracted
UNGA78_General_Debate_2023_statements/UNGA78_General_Debate_2023/venezuela-bolivarian-republic__ve_fr.pdf,88025,13ec929b3354ba15e166e087df37cff958b93531b18c620ed09309075a9fb8c6,,2023,16,0,0,extracted
UNGA78_General_Debate_2023_statements/UNGA78_General_Debate_2023/venezuela-bolivarian-republic__ve_ru.pdf,177850,33aded88bbe69eb9d53089dee9035bb4c5a9e777e0686ea3b88394aa0d4de871,,2023,19,0,0,extracted
UNGA78_General_Debate_2023_statements/UNGA78_General_Debate_2023/venezuela-bolivarian-republic__ve_zh.pdf,480013,b5657b1ecddd4f6c8d1a7eecbe9ef15c3f8cad85da4db25c4af8960ee5530edf,,2023,12,0,0,extracted
UNGA78_General_Debate_2023_statements/UNGA78_General_Debate_2023/viet-nam__vn_en.pdf,486893,57cfc9af7d68ece6342502177141a5d2c79c059a8131fcf407367e51dbd80c82,,2023,5,5,0,needs_review
UNGA78_General_Debate_2023_statements/UNGA78_General_Debate_2023/yemen__ye_ar.pdf,630585,be36a653f95953f1d3d795a2a972f562f957f2e6b61c7257d709185829571206,,2023,10,0,0,extracted
UNGA78_General_Debate_2023_statements/UNGA78_General_Debate_2023/zambia__zm_en.pdf,181425,2fcead4a1577497bd23fc7dd0d9278a514e9c2b3d29a896cf4a0bcbe5727f1e5,,2023,11,0,0,extracted
UNGA78_General_Debate_2023_statements/UNGA78_General_Debate_2023/zimbabwe__zw_en_0.pdf,254888,0c2fe79840009462c8450d85598cf6db64e259862d3d213604d19fb737038527,,2023,13,0,0,extracted
UNGA79_General_Debate_2024_statements/UNGA79_General_Debate_2024/albania__al_en.pdf,156652,2ac2a99e27017f7505c17b8259fc7382f2985d8c9bb2b69e423ea856512e56b6,,2024,15,0,0,extracted
UNGA79_General_Debate_2024_statements/UNGA79_General_Debate_2024/algeria__dz_ar.pdf,2508315,86eed5f3b187dcb3e96c8af865225ddcad44e121aeb53815156253564fd83b4a,,2024,8,8,0,needs_review
UNGA79_General_Debate_2024_statements/UNGA79_General_Debate_2024/andorra__ad_es.pdf,203795,312051420f24f49de8b367bc1cb293515999a522b45962d121d014ce16a15d65,,2024,11,0,0,extracted
UNGA79_General_Debate_2024_statements/UNGA79_General_Debate_2024/andorra__ad_fr.pdf,133469,0fd273768d2fd1890f75f77b98c3c1bf20db8eb77db332bde27588e1ed7453e2,,2024,9,0,0,extracted
UNGA79_General_Debate_2024_statements/UNGA79_General_Debate_2024/angola__ao_en.pdf,266045,5b06e8f0d08c632c69fe32e536d4c0b1645bcca5fdaa2833998caa358abe4600,,2024,15,0,0,extracted
UNGA79_General_Debate_2024_statements/UNGA79_General_Debate_2024/antigua-and-barbuda__ag_en.pdf,103957,76783b03039cc94adaefb929d11aae2d76d949ee2727f77687e3cd080e18797d,,2024,8,0,0,extracted
UNGA79_General_Debate_2024_statements/UNGA79_General_Debate_2024/argentina__ar_es.pdf,69161,8c1595698137a678ffe7c6024698362ba52a9bd45bde9f8807a2bb5dbe8972e8,,2024,5,0,0,extracted
UNGA79_General_Debate_2024_statements/UNGA79_General_Debate_2024/armenia__am_en.pdf,142807,2fafebf9abd3ea80c94fdda676ac223545db593345df9d0005b030d8c988a89d,,2024,10,0,0,extracted
UNGA79_General_Debate_2024_statements/UNGA79_General_Debate_2024/australia__au_en.pdf,158593,96a3b2c5f2f3766800a6e73dce9527be242ba66def7d04caa4073d2eeb4e3012,,2024,12,0,0,extracted
UNGA79_General_Debate_2024_statements/UNGA79_General_Debate_2024/austria__at_en.pdf,173194,99aa07fefe2dfae1a3c867981c910ec44320170c6c2442db1a7ab49779b0988a,,2024,8,0,0,extracted
UNGA79_General_Debate_2024_statements/UNGA79_General_Debate_2024/azerbaijan__az_az.pdf,346161,f246c1811e716a4bd9d30d0df5dea8862bad96b650735e0e56df2c3ff21d2c60,,2024,8,0,0,extracted
UNGA79_General_Debate_2024_statements/UNGA79_General_Debate_2024/azerbaijan__az_en.pdf,297902,ae638b7953e3bbc1e2dc09bc284789c7dcd387a791ec5b7e6dcac705a67b59e4,,2024,8,4,0,needs_review
UNGA79_General_Debate_2024_statements/UNGA79_General_Debate_2024/bahamas__bs_en.pdf,158479,68e1615b320fdc415fd0e136edb79ff2b440fbd80b1625b85e9c1244690e6033,,2024,8,0,0,extracted
UNGA79_General_Debate_2024_statements/UNGA79_General_Debate_2024/bahrain__bh_ar.pdf,833540,80f006c11d9984fe7f5f2cf09239c0918456d67793002127a020f55eab162b4b,,2024,7,0,0,extracted
UNGA79_General_Debate_2024_statements/UNGA79_General_Debate_2024/bahrain__bh_en_0.pdf,843815,51d68d37494af2a80faf2a150f1b5607582f5c9a9582a9d6393443d45c687b17,,2024,14,0,0,extracted
UNGA79_General_Debate_2024_statements/UNGA79_General_Debate_2024/bangladesh__bd_en.pdf,206589,feaaa74869b13a922851d91ee697f7592e9eafa65fba37136650e00a904fb6b2,,2024,10,0,0,extracted
UNGA79_General_Debate_2024_statements/UNGA79_General_Debate_2024/barbados__bb_en.pdf,1014917,e7e3ff80b339334b0d93b113c50eb0e1e480a98dc7170f23c0fe2cbd3be33d77,,2024,18,18,0,needs_review
UNGA79_General_Debate_2024_statements/UNGA79_General_Debate_2024/belarus__by_ru.pdf,146854,28fd02e83b5af7a690ab353f1b1b995263f66079760c628daa19e79f6378c7b9,,2024,12,0,0,extracted
UNGA79_General_Debate_2024_statements/UNGA79_General_Debate_2024/belgium__be_fl.pdf,131574,c5a1365a7f7e2c4daf8c9d213f801e9436ae9b71ac7d7a04f64385d5ccc9e45c,,2024,6,0,0,extracted
UNGA79_General_Debate_2024_statements/UNGA79_General_Debate_2024/belize__bz_en.pdf,160103,47cc2a4138da924a80041d0d75a4aa4234619dd9c07e7eff338223f29e6f3922,,2024,9,0,0,extracted
UNGA79_General_Debate_2024_statements/UNGA79_General_Debate_2024/benin__bj_fr.pdf,131638,3bd4f42ec80a3cf13ef6cf4d2d27d786894dfc9e756b45fb01aefea1e87dfefc,,2024,6,1,0,needs_review
UNGA79_General_Debate_2024_statements/UNGA79_General_Debate_2024/bhutan__bt_en.pdf,64069,c8d9fcff7886e5dfbf329d41fd2204df87b7f4ae5c313849784d6a9bab691332,,2024,5,0,0,extracted
UNGA79_General_Debate_2024_statements/UNGA79_General_Debate_2024/bolivia-plurinational-state__bo_es.pdf,55574,0b1bc4a10acb7bbc1335dd5c56eb1fbc5c8f5de18c7a64923067e84d05b36a82,,2024,7,0,0,extracted
UNGA79_General_Debate_2024_statements/UNGA79_General_Debate_2024/bosnia-and-herzegovina__ba_en.pdf,63791,dbbee06bf1c909f0fa633888e7fd067b09ee26def0f2b39594dd82ce96b54927,,2024,6,0,0,extracted
UNGA79_General_Debate_2024_statements/UNGA79_General_Debate_2024/botswana__bw_en.pdf,124879,d0b5f63539443fd128d925063af9a16a44f75983d8994335e87997e71239aec0,,2024,11,0,0,extracted
UNGA79_General_Debate_2024_statements/UNGA79_General_Debate_2024/brazil__br_pt.pdf,135962,0565cdf59fc7252ecb971447af1f953545649b3e0bbf457b511337070e3b0d92,,2024,10,0,0,extracted
UNGA79_General_Debate_2024_statements/UNGA79_General_Debate_2024/bulgaria__bg_en.pdf,122101,6a7d4f7f7592f47932492d6c6b712eab8a42767c419e0a4667e9051c32f22d70,,2024,4,0,0,extracted
UNGA79_General_Debate_2024_statements/UNGA79_General_Debate_2024/burkina-faso__bf_fr.pdf,461299,98b042b5969b2802ae686e6cb5cc50fff1dd4ec77b3e8421466575c409ece5f5,,2024,17,0,0,extracted
UNGA79_General_Debate_2024_statements/UNGA79_General_Debate_2024/burundi__bi_fr.pdf,288170,97749d60b81f55bc4b4662396d75e573165787134026d90a19c760a654256c7e,,2024,9,0,0,extracted
UNGA79_General_Debate_2024_statements/UNGA79_General_Debate_2024/cabo-verde__cv_en.pdf,309468,93ea010c878d582f67ba77c41845b615f122fde9c2770c6212e8971d942c8aa6,,2024,6,0,0,extracted
UNGA79_General_Debate_2024_statements/UNGA79_General_Debate_2024/cabo-verde__cv_pt.pdf,313305,7b2fc0d68892083f1b1902416da08c4f08c825cd6dbfb6a79b377f5e5f1027d7,,2024,7,0,0,extracted
UNGA79_General_Debate_2024_statements/UNGA79_General_Debate_2024/cambodia__kh_en.pdf,190100,58abf41d93a464f47f9353d129c540a89633ece6e8e474429a7d6aecb1da20f9,,2024,6,0,0,extracted
UNGA79_General_Debate_2024_statements/UNGA79_General_Debate_2024/cameroon__cm_fr.pdf,137611,1db0527bc8f66f0aecd0719437e9d95904adf6d58f49165e0fa7741532eea830,,2024,11,0,0,extracted
UNGA79_General_Debate_2024_statements/UNGA79_General_Debate_2024/canada__ca_fl.pdf,1396170,4adc20e2f823fa75b127744867a2baf84dfe20a0b7789b1cdee338a43c1e24ad,,2024,21,21,0,needs_review
UNGA79_General_Debate_2024_statements/UNGA79_General_Debate_2024/central-african-republic__cf_fr.pdf,221688,00726a67be1412436e6848fcf1bcf289b64022fc23991a38bb4186e01712f94e,,2024,9,0,0,extracted
UNGA79_General_Debate_2024_statements/UNGA79_General_Debate_2024/chad__td_fr_0.pdf,409557,7b5d0d1155bea8adde45f21163fdc8bdcc12cab9a405502ddd84a4afadf98eab,,2024,12,12,0,needs_review
UNGA79_General_Debate_2024_statements/UNGA79_General_Debate_2024/chile__cl_es_0.pdf,83605,87ef4285a75a45418afc3426abb6054bbb542f2c69cefa85e28faffb1064c295,,2024,7,0,0,extracted
UNGA79_General_Debate_2024_statements/UNGA79_General_Debate_2024/china__cn_en.pdf,465539,2c88cef04291b07a74481c0032d6e9968613c85f317127f7c08096ebdcaec056,,2024,6,0,0,extracted
UNGA79_General_Debate_2024_statements/UNGA79_General_Debate_2024/china__cn_zh.pdf,1049325,6b073709fc20441e6dea8d3d5b5563f9c2bec71ddda2f74463805151215fa890,,2024,5,0,0,extracted
UNGA79_General_Debate_2024_statements/UNGA79_General_Debate_2024/colombia__co_es.pdf,316239,7824b8b5049e7a4d0970a485caf20972d7701e17ede280473e8755d114d17f63,,2024,7,0,0,extracted
UNGA79_General_Debate_2024_statements/UNGA79_General_Debate_2024/comoros__km_fr.pdf,130767,32ed9e21011b53a1ef39078f69ae2fdfb6956337230eb7b056e8fbd2a4b52556,,2024,8,0,0,extracted
UNGA79_General_Debate_2024_statements/UNGA79_General_Debate_2024/congo__cg_fr.pdf,213407,c8da1468acd23ff807418101c9c4e4a17973c3fe611dcab38736aaf72eadcabf,,2024,7,0,0,extracted
UNGA79_General_Debate_2024_statements/UNGA79_General_Debate_2024/costa-rica__cr_fl.pdf,1117687,fecbd198893d8ffd78ba1c0bdc7e686bfe1bf1072d93e29b8b92f43ce7d21c8b,,2024,7,0,0,extracted
UNGA79_General_Debate_2024_statements/UNGA79_General_Debate_2024/cote-divoire__ci_fr.pdf,323098,8e4395ff1fd3f6147b2a8d8d8e2771915decdd31b1fcb48729c4cbd1d5159ae2,,2024,5,0,0,extracted
UNGA79_General_Debate_2024_statements/UNGA79_General_Debate_2024/croatia__hr_en.pdf,154119,3c2615e959cb577569423db714c9b8de0aac109ef8860198b591ebaf9d9be30f,,2024,13,0,0,extracted
UNGA79_General_Debate_2024_statements/UNGA79_General_Debate_2024/cuba__cu_es.pdf,361811,23859bd0ffa5ff98bd777047f9937d2ed5e4693e31ff7a79ca00eb33c3ecf68e,,2024,8,0,0,extracted
UNGA79_General_Debate_2024_statements/UNGA79_General_Debate_2024/cyprus__cy_en.pdf,149412,d3c2b671a213d8a15cc3c5fbaf8cbdc2adb4fccf91e3605ce9fbb075f70ce352,,2024,7,0,0,extracted
UNGA79_General_Debate_2024_statements/UNGA79_General_Debate_2024/czechia__cz_en.pdf,115327,deaa8193a5615490646ad7086f4a466c34283bdca7952d3adc74d0936f9f64fa,,2024,4,0,0,extracted
UNGA79_General_Debate_2024_statements/UNGA79_General_Debate_2024/democratic-peoples-republic-korea__kp_en.pdf,199750,b14659703c844c4ce54a2b2a2839beb595a3448019df9ba85f6f68b6b8a86185,,2024,9,0,0,extracted
UNGA79_General_Debate_2024_statements/UNGA79_General_Debate_2024/democratic-republic-congo__cd_fr.pdf,150307,960e1a047b4602d4cc4a4b7b7fc0692e9a46685b0b63f83ce8b6588f1e2f9fc3,,2024,16,0,0,extracted
UNGA79_General_Debate_2024_statements/UNGA79_General_Debate_2024/denmark__dk_en.pdf,105869,2875a32a9aeb0ac09b09aedc1bcc87b8cd10cad59aa71836b07d2bd4b64311b3,,2024,13,1,0,needs_review
UNGA79_General_Debate_2024_statements/UNGA79_General_Debate_2024/djibouti__dj_fl.pdf,291989,746e1d52fc25d742783d0cd04c25ea1d3292ff495867ea9b95ab3429828eec73,,2024,13,0,0,extracted
UNGA79_General_Debate_2024_statements/UNGA79_General_Debate_2024/dominica__dm_en.pdf,263976,e73c102157aba7ae135bb8b6d15c585b9fc4e5d32a29722c21aceca8146cc862,,2024,26,0,0,extracted
UNGA79_General_Debate_2024_statements/UNGA79_General_Debate_2024/dominican-republic__do_es.pdf,377676,65abc437240472838b2cae94476e7377b92f1ed2aeece2ae81e044c0326b033a,,2024,9,0,0,extracted
UNGA79_General_Debate_2024_statements/UNGA79_General_Debate_2024/ecuador__ec_es.pdf,120063,d01fe0c465a0ea105de40760fa47a809f393a8fb518f3e8809eb9eb98fde61ff,,2024,8,0,0,extracted
UNGA79_General_Debate_2024_statements/UNGA79_General_Debate_2024/egypt__eg_ar-1.pdf,492061,8ef403772ed6dd2e238682ccbe86d1ddd248ace525da63200ef4b1ba48765c3f,,2024,16,0,0,extracted
UNGA79_General_Debate_2024_statements/UNGA79_General_Debate_2024/el-salvador__sv_es.pdf,51868,fa49fd43d46e2cf1cacbf3aa5e171756c53c3ee381585d68803771daace4c9ac,,2024,7,0,0,extracted
UNGA79_General_Debate_2024_statements/UNGA79_General_Debate_2024/equatorial-guinea__gq_es.pdf,90932,9f2bf4e0ef0027fc2123cd0d8fb6a48e0e40676eab2ece1985aaa47dc3604e9e,,2024,7,0,0,extracted
UNGA79_General_Debate_2024_statements/UNGA79_General_Debate_2024/eritrea__er_en.pdf,105036,d09bbe53c94818e6df1daaefe05c266344dac743b5d767a539ac05b1a6009bc2,,2024,5,0,0,extracted
UNGA79_General_Debate_2024_statements/UNGA79_General_Debate_2024/estonia__ee_en.pdf,83513,b2707e1b31178af462b5adc6053cdc6a6f708555d6702100e0c449036b6f209b,,2024,5,0,0,extracted
UNGA79_General_Debate_2024_statements/UNGA79_General_Debate_2024/eswatini__sz_en.pdf,135846,94f09ebe9fd731f9842e93e8564f499d36a757c75aff6ec1fbae09e5c8cc6d0e,,2024,12,0,0,extracted
UNGA79_General_Debate_2024_statements/UNGA79_General_Debate_2024/ethiopia__et_fl.pdf,2076573,4ec6a0394beb36f3ce44689ef237d22cbec650c86a02dc87d2b9d90f001aaf3b,,2024,7,7,0,needs_review
UNGA79_General_Debate_2024_statements/UNGA79_General_Debate_2024/european-union__eu_fr.pdf,223335,fa8c0c91459a1380118a5246c21e67ff0c486f7085552af735e6cafaf6110fa2,,2024,11,0,0,extracted
UNGA79_General_Debate_2024_statements/UNGA79_General_Debate_2024/fiji__fj_en.pdf,156240,b6bea4c024437d2ebf5e20e90fe5dfa5eb70d4e654d8573040b6821ab29c0329,,2024,15,0,0,extracted
UNGA79_General_Debate_2024_statements/UNGA79_General_Debate_2024/finland__fi_en.pdf,361912,5aad2bb59fbbe337b3c0f58114d418f118abfd14a89d71aabb2bfcfffb884229,,2024,6,3,0,needs_review
UNGA79_General_Debate_2024_statements/UNGA79_General_Debate_2024/finland__fi_fi.pdf,357576,091058a4a58936fb7224c8b881701de7fdf7bb8d3999f3a1696a91e57463fe1c,,2024,6,4,0,needs_review
UNGA79_General_Debate_2024_statements/UNGA79_General_Debate_2024/france__fr_fr_0.pdf,583790,21eeb056d6b8339ab842ccf270423e8056ed0e6a9d7b995ee6c83cd854251c37,,2024,5,0,0,extracted
UNGA79_General_Debate_2024_statements/UNGA79_General_Debate_2024/gabon__ga_fr.pdf,312872,63b28cea0fa6b3ddbabf06e5f571fda716bca807057ecb36fc69c7b14b3dac15,,2024,15,1,0,needs_review
UNGA79_General_Debate_2024_statements/UNGA79_General_Debate_2024/gambia-republic__gm_en.pdf,150558,1d429e05a0bb7f21224705324e7d4f67c118ef586de2689465c2a38672a9748f,,2024,19,0,0,extracted
UNGA79_General_Debate_2024_statements/UNGA79_General_Debate_2024/georgia__ge_en.pdf,52510,1b318dc13ff251d4cd6b77f1fd552b53ee54559b9c8a25421a6390726a402626,,2024,5,0,0,extracted
UNGA79_General_Debate_2024_statements/UNGA79_General_Debate_2024/germany__de_en.pdf,193820,eb91d5cd2cf9a9fc9b2f8dad4360ac718b31b31840c36b22fc0e1cbb7a24b2e9,,2024,14,0,0,extracted
UNGA79_General_Debate_2024_statements/UNGA79_General_Debate_2024/ghana__gh_en.pdf,360078,52f5d4bb67cf29e79de4092417ded871b239df3fee9192fab46ca0e585000940,,2024,6,0,0,extracted
UNGA79_General_Debate_2024_statements/UNGA79_General_Debate_2024/greece__gr_en.pdf,152184,35e78b96e3a2d1ddd3499845b1f87062849f8bc35be10908c04373348acb239c,,2024,17,1,0,needs_review
UNGA79_General_Debate_2024_statements/UNGA79_General_Debate_2024/grenada__gd_en_0.pdf,178554,c4cfa34a5b79e3c30d1991b35462b6271e26ea55ce919d7dada8f7a7a27760fd,,2024,6,0,0,extracted
UNGA79_General_Debate_2024_statements/UNGA79_General_Debate_2024/guatemala__gt_es.pdf,57949,7fb63eb9822fa0c0a5ecc84fd3bf0dec9d5a80671537ebe4d6ddbfb077268600,,2024,7,0,0,extracted
UNGA79_General_Debate_2024_statements/UNGA79_General_Debate_2024/guinea-bissau__gw_en.pdf,512117,bd39d79262bbee93420dfb15b244852e73c676180c57d3e705c69d27393f1251,,2024,5,0,0,extracted
UNGA79_General_Debate_2024_statements/UNGA79_General_Debate_2024/guinea__gn_fr_0.pdf,376811,e1affe34a8b68b91620e84d3c82f32319146720a87eb1cad0e53b6f018448467,,2024,11,0,0,extracted
UNGA79_General_Debate_2024_statements/UNGA79_General_Debate_2024/guyana__gy_en.pdf,277155,9c5c44af6a585f471993f888f2fb4b23cfd185e53560d88a96c4d4ff28ddee8b,,2024,16,0,0,extracted
UNGA79_General_Debate_2024_statements/UNGA79_General_Debate_2024/haiti__ht_fr.pdf,1097151,3e46aa5d0d05a5ba5421c0e2e66c9b42735ebe273a7c660215d5ac4ef3f0c853,,2024,20,20,0,needs_review
UNGA79_General_Debate_2024_statements/UNGA79_General_Debate_2024/holy-see__va_en.pdf,265599,c17f7e8b3338fa50fb41133f3732a115431a6b38289b13e00ba100f7b3233fb9,,2024,13,0,0,extracted
UNGA79_General_Debate_2024_statements/UNGA79_General_Debate_2024/honduras__hn_es.pdf,157150,fce947ed670d0d01c743eb132f2e3d1fdd4fed2e5bc382ab14db588d50e2e04e,,2024,12,0,0,extracted
UNGA79_General_Debate_2024_statements/UNGA79_General_Debate_2024/iceland__is_en.pdf,223197,a6e37c51f63285e81cf4e6b992dcb4b8b6110db7ca6ee6c60366046cc6101db4,,2024,8,0,0,extracted
UNGA79_General_Debate_2024_statements/UNGA79_General_Debate_2024/india__in_en.pdf,107675,7eb8fc97ba1fe81f6b18c64b8d1db898a059e2932e08b681baf6fc95e2023908,,2024,13,0,0,extracted
UNGA79_General_Debate_2024_statements/UNGA79_General_Debate_2024/indonesia__id_en.pdf,157942,3b2fc7511185e1203ecdfedf13236a15cf4f3b5b49dddd2bbc6316baec4473fc,,2024,6,0,0,extracted
UNGA79_General_Debate_2024_statements/UNGA79_General_Debate_2024/iran-islamic-republic__ir_en.pdf,185954,62c3db6b39a46810b4e10f18ba0c691099aa8d76935031fc842baffec72f719d,,2024,5,0,0,extracted
UNGA79_General_Debate_2024_statements/UNGA79_General_Debate_2024/iraq__iq_ar.pdf,259223,ddb00c4e986eb760fb6a26ff9eb569195cabeb0e5f795d7682805b978510f9f9,,2024,14,0,0,extracted
UNGA79_General_Debate_2024_statements/UNGA79_General_Debate_2024/ireland__ie_en.pdf,499431,a3202cda61845e6eaa826c196cda29225da2888334c56d02b94d1af6909e2ff8,,2024,10,0,0,extracted
UNGA79_General_Debate_2024_statements/UNGA79_General_Debate_2024/israel__il_fl.pdf,581480,c8d54cb1cc166ec7950d83c1a6199cf0e2d8743af06c523656d93dde69be65b9,,2024,10,0,0,extracted
UNGA79_General_Debate_2024_statements/UNGA79_General_Debate_2024/italy__it_it.pdf,71368,7bee2896c6667e6ccc715a0b0d7585c8b51dc12faf12de94da989b4c5124ebe0,,2024,5,0,0,extracted
UNGA79_General_Debate_2024_statements/UNGA79_General_Debate_2024/jamaica__jm_en.pdf,183526,4afad3ba0ec320e27d6503a4e30ca9d0b653dba280e4190c53d77f96c5b07072,,2024,12,0,0,extracted
UNGA79_General_Debate_2024_statements/UNGA79_General_Debate_2024/japan__jp_en.pdf,130780,736ebd836b23678e1369a95f43f8f03006aaa858a091b7fab483c726aebf7f72,,2024,9,0,0,extracted
UNGA79_General_Debate_2024_statements/UNGA79_General_Debate_2024/jordan__jo_ar.pdf,700586,1df49853fdfd33f03eea34328aca958c2e60bc67689dbe338567d0be7c544ff9,,2024,5,0,0,extracted
UNGA79_General_Debate_2024_statements/UNGA79_General_Debate_2024/jordan__jo_en.pdf,360298,63c8d7c48dd66f9a591493e954ff964e05e5ae123f02f8eedbc0661289c4e33c,,2024,5,0,0,extracted
UNGA79_General_Debate_2024_statements/UNGA79_General_Debate_2024/kazakhstan__kz_en.pdf,219574,6e0a0a6c2855b29ecf64b93104e65f34f4eea2dc1202a167a6a4b8a12175579e,,2024,7,0,0,extracted
UNGA79_General_Debate_2024_statements/UNGA79_General_Debate_2024/kenya__ke_en_0.pdf,202784,3e39172d56727b660ed8170e2226c6ef0d05a4af70c0a53b6e36f8d561f5b23b,,2024,12,0,0,extracted
UNGA79_General_Debate_2024_statements/UNGA79_General_Debate_2024/kiribati__ki_en.pdf,556964,4969992e81ff0675a680ba42475619f6acaafdc9cb687b52bf850d84bbabf7c4,,2024,15,0,0,extracted
UNGA79_General_Debate_2024_statements/UNGA79_General_Debate_2024/kuwait__kw_ar.pdf,321384,398c0120e2d1355e548fc43d5aafef1c6213446a2f1bbe4b3f805e85ddd3ded2,,2024,14,0,0,extracted
UNGA79_General_Debate_2024_statements/UNGA79_General_Debate_2024/kyrgyzstan__kg_ar.pdf,319021,1d7b6aa41aa1ffafa09947b34190d0749bc416805175619c4d12ad8b26a31cfa,,2024,6,0,0,extracted
UNGA79_General_Debate_2024_statements/UNGA79_General_Debate_2024/kyrgyzstan__kg_en.pdf,115258,e899d681543cf562b36d2dc3186137ceca5a3c5eecd15403038c257a3dfb1c67,,2024,9,1,0,needs_review
UNGA79_General_Debate_2024_statements/UNGA79_General_Debate_2024/kyrgyzstan__kg_ru.pdf,204653,9ef9d07cf066c36d8669e4353c3ce1dc856956a7c2bafdd8517e7a0f02024b71,,2024,10,0,0,extracted
UNGA79_General_Debate_2024_statements/UNGA79_General_Debate_2024/kyrgyzstan__kg_zh.pdf,523131,25c2cc9fa42281058302cc3ae43fbee037a73cc3afd9c76636f87417c0a4891e,,2024,7,0,0,extracted
UNGA79_General_Debate_2024_statements/UNGA79_General_Debate_2024/lao-peoples-democratic-republic__la_en.pdf,423767,122e425be1be2fbbd0d48d7d727da45437941886985d21664acd1968983d7c4f,,2024,7,0,0,extracted
UNGA79_General_Debate_2024_statements/UNGA79_General_Debate_2024/latvia__lv_en.pdf,352098,d3b92f33a20c1e02b1e1a85b61545ae6772a88b7ff61d7038ed0950a1ebd95b5,,2024,4,1,0,needs_review
UNGA79_General_Debate_2024_statements/UNGA79_General_Debate_2024/latvia__lv_lv.pdf,359523,0c8dce3415b3f99d6a308c590e78e13b780eedb52dcca6aa3503d78a941147e9,,2024,4,1,0,needs_review
UNGA79_General_Debate_2024_statements/UNGA79_General_Debate_2024/lebanon__lb_ar.pdf,80420,3de958b75ede46522fb32c7f7582ee0636f5f49d6005396fa4ee2df0cba72f5c,,2024,9,0,0,extracted
UNGA79_General_Debate_2024_statements/UNGA79_General_Debate_2024/lesotho__ls_en.pdf,102337,ac703c9a224a7790915b14d91f57a60e6add63c09528ef1b2d62f785906c9b51,,2024,14,0,0,extracted
UNGA79_General_Debate_2024_statements/UNGA79_General_Debate_2024/liberia__lr_en.pdf,157129,a8f9f1515c0ff114dacf44284c12c1c9f96c473bce8fc771074b42ed23688c63,,2024,6,0,0,extracted
UNGA79_General_Debate_2024_statements/UNGA79_General_Debate_2024/libya__ly_ar.pdf,150459,02d5fa042d809d9b150bb864847b9e0586f526602b394b4527c90c0f23c409de,,2024,15,0,0,extracted
UNGA79_General_Debate_2024_statements/UNGA79_General_Debate_2024/lithuania__lt_en.pdf,121995,322efe1db1d99cd7d7ab444eb10fbf6d2cfe2098eedf423558dea9a7f536ca93,,2024,6,1,0,needs_review
UNGA79_General_Debate_2024_statements/UNGA79_General_Debate_2024/luxembourg__lu_fl.pdf,2980175,3a103ddd4190bfa808b16a4ae35e7d15c96f7ee4bf5bbe077e0e5015f46a5895,,2024,8,8,0,needs_review
UNGA79_General_Debate_2024_statements/UNGA79_General_Debate_2024/madagascar__mg_fr.pdf,412955,3a7ae0f1026d9c9d3aa824c4c661645b36ddb36ce35193133514eb507c3cf235,,2024,4,0,0,extracted
UNGA79_General_Debate_2024_statements/UNGA79_General_Debate_2024/malawi__mw_en.pdf,90087,4c8306b151e11f1ec64dcb247831cbeac2a196f2c4c9f46662d4cdf0c42a3d09,,2024,8,0,0,extracted
UNGA79_General_Debate_2024_statements/UNGA79_General_Debate_2024/malaysia__my_en_0.pdf,1343675,721cb1ea8b2bf20a228ff5509252f674132de8df93b32626decd546c80415ed4,,2024,15,0,0,extracted
UNGA79_General_Debate_2024_statements/UNGA79_General_Debate_2024/maldives__mv_en.pdf,110563,f4b41e80e2ebce520f76770bdbe80e41d0db6eacca26f690d648399939b1cd08,,2024,12,0,0,extracted
UNGA79_General_Debate_2024_statements/UNGA79_General_Debate_2024/mali__ml_fr.pdf,316185,0e2fd49a875703085a2045c5cdda433e7bc56a1b0a019f9628392ee87fa482af,,2024,10,0,0,extracted
UNGA79_General_Debate_2024_statements/UNGA79_General_Debate_2024/malta__mt_en.pdf,82704,eb7a7ea681c647ee798df46f3db41305d689f97f00406a4b7360e801e9df3dec,,2024,8,0,0,extracted
UNGA79_General_Debate_2024_statements/UNGA79_General_Debate_2024/marshall-islands__mh_en.pdf,119953,cdd41f4b3541e6535251099e886f9001acca67ca2c37adc3bb7ccd1d602c1ef7,,2024,6,0,0,extracted
UNGA79_General_Debate_2024_statements/UNGA79_General_Debate_2024/mauritania__mr_ar.pdf,300602,c3e483d9876371e7e64e0c4a507e42cdb60d86b9616d90b1f12f651af36a5311,,2024,13,1,0,needs_review
UNGA79_General_Debate_2024_statements/UNGA79_General_Debate_2024/mauritius__mu_en.pdf,195955,09e4f5eb2a79a29e3d1c79e1966b71e9c2a0c7ab1c5a52e8a127b6f2d6e47063,,2024,15,0,0,extracted
UNGA79_General_Debate_2024_statements/UNGA79_General_Debate_2024/mexico__mx_es.pdf,154458,38ddab1b8b6cfa88fcff965be5b9968164f5c80a88bd397a5ee9a42239426762,,2024,15,0,0,extracted
UNGA79_General_Debate_2024_statements/UNGA79_General_Debate_2024/micronesia-federated-states__fm_en.pdf,68050,86636b810e7f777ad06043817cd17b50d5ca995e44e1ddce24f01ec07e5987f3,,2024,6,0,0,extracted
UNGA79_General_Debate_2024_statements/UNGA79_General_Debate_2024/monaco__mc_fr.pdf,203917,d03c6a29278981f7c1f44c6fff2ecde75d07cf9fc3d429703d414cd59d4ee300,,2024,17,0,0,extracted
UNGA79_General_Debate_2024_statements/UNGA79_General_Debate_2024/mongolia__mn_en.pdf,141607,5684a4be770ff24eed7f3805f0ea6dac71de7db820c2dbe2cd293b8abf194104,,2024,7,0,0,extracted
UNGA79_General_Debate_2024_statements/UNGA79_General_Debate_2024/montenegro__me_en.pdf,152459,1c2898726a38897bd54af0a9e878bb1e2320cf0182d5df071ebaff092bd46169,,2024,8,0,0,extracted
UNGA79_General_Debate_2024_statements/UNGA79_General_Debate_2024/morocco__ma_ar.pdf,799849,c709ea3c11f6bc6b43211dcf2cf019d5eb3318f08d71d8c980e3ea453db992e5,,2024,8,0,0,extracted
UNGA79_General_Debate_2024_statements/UNGA79_General_Debate_2024/mozambique__mz_en.pdf,2659417,67f8321fd4681d022f6c0afd790e83e741254c175f5040daade0f86e4d55748b,,2024,10,10,0,needs_review
UNGA79_General_Debate_2024_statements/UNGA79_General_Debate_2024/namibia__na_en.pdf,177972,0fe97735ab7817d20259ac4d1956e9289262d4d4af812fb6ca76a95fe511f216,,2024,8,0,0,extracted
UNGA79_General_Debate_2024_statements/UNGA79_General_Debate_2024/nauru__nr_en.pdf,187965,e078105e526f1a6dbcf505a8e22050894a451e6cbdc91c1a279ba7f05c08d19b,,2024,7,1,0,needs_review
UNGA79_General_Debate_2024_statements/UNGA79_General_Debate_2024/nepal__np_en.pdf,151045,92dccd0581b831f06a488c9c9c1968b8d2e925bfb2e4a27800fd2f140dc2c6f7,,2024,8,0,0,extracted
UNGA79_General_Debate_2024_statements/UNGA79_General_Debate_2024/netherlands-kingdom__nl_en.pdf,191135,57624b2a1e4c7de4f4bf9f3fe0f333655f148ec9a154e9bdc281259f0c49892a,,2024,15,0,0,extracted
UNGA79_General_Debate_2024_statements/UNGA79_General_Debate_2024/new-zealand__nz_en.pdf,227454,8b80c1a98c42610780488ad89acc92cef974097c5b0868236ae4400fb0f4e8d2,,2024,7,0,0,extracted
UNGA79_General_Debate_2024_statements/UNGA79_General_Debate_2024/nicaragua__ni_en.pdf,123541,7527e0c7575b8e6ffe82c865fa9ed6f8487f33316cd74d3ede0f9abcebbc0a88,,2024,17,0,0,extracted
UNGA79_General_Debate_2024_statements/UNGA79_General_Debate_2024/nicaragua__ni_es.pdf,132182,213ea82456f6f839ca445aaafc34718eba1259083eacd99a82d07a13ae606905,,2024,17,0,0,extracted
UNGA79_General_Debate_2024_statements/UNGA79_General_Debate_2024/niger__ne_fr.pdf,231856,65a528181e597cbf1a0b71974d394b3a4733a22e9f57a5d137072d25d1708d0b,,2024,9,0,0,extracted
UNGA79_General_Debate_2024_statements/UNGA79_General_Debate_2024/nigeria__ng_en.pdf,133470,523f87f501037d793238a6d3b53723419beca8bbd73c5e9c2dfef983c15e1644,,2024,16,0,0,extracted
UNGA79_General_Debate_2024_statements/UNGA79_General_Debate_2024/north-macedonia__mk_en.pdf,205474,0496b68ffa5336d67f7acfa0e2a2eb36ea28411290ce058db0b5100fc253235f,,2024,5,0,0,extracted
UNGA79_General_Debate_2024_statements/UNGA79_General_Debate_2024/norway__no_en.pdf,47328,657c8cc3a4ed250c7b2d443ebb722de91487a80b13cf8fe10ed6ac2b723a5168,,2024,5,0,0,extracted
UNGA79_General_Debate_2024_statements/UNGA79_General_Debate_2024/oman__om_ar.pdf,133507,4377b45c9d33663616ab74f4022777d0061e0a91854a279cb78257476423fa7d,,2024,8,0,0,extracted
UNGA79_General_Debate_2024_statements/UNGA79_General_Debate_2024/oman__om_en.pdf,198140,558b5c2c125d424ade87b2f1b7ed93f6d71958a04a6c16c661787980892f5c01,,2024,10,0,0,extracted
UNGA79_General_Debate_2024_statements/UNGA79_General_Debate_2024/pakistan__pk_en.pdf,136956,ac53619a93efe7ddaf6f82374642cedcd5a57a5a25668687a25cda0c99779f2b,,2024,14,0,0,extracted
UNGA79_General_Debate_2024_statements/UNGA79_General_Debate_2024/palau__pw_en.pdf,230798,ba9990c03fb34f5f4485d26ad079b9cc6c61a1c1f7d53c756a72e67f2aef03cf,,2024,6,0,0,extracted
UNGA79_General_Debate_2024_statements/UNGA79_General_Debate_2024/palestine-state__ps_ar.pdf,1224688,44d60bdcb5d03d0efe4d01b48482872f94574767448c20c1913f3c814aa8cbce,,2024,19,19,0,needs_review
UNGA79_General_Debate_2024_statements/UNGA79_General_Debate_2024/panama__pa_es.pdf,220474,615a31ec17fa22e47a731dd287fbaeb629f50e5954439e970936bbab6d7d1f1f,,2024,7,0,0,extracted
UNGA79_General_Debate_2024_statements/UNGA79_General_Debate_2024/papua-new-guinea__pg_en.pdf,139448,d6f23b24a7989c1490106492b5f4e5d9a187f9a7409289ccb9be7ff3fb85cd3e,,2024,10,0,0,extracted
UNGA79_General_Debate_2024_statements/UNGA79_General_Debate_2024/paraguay__py_es.pdf,191376,429285c0e2e68a295457c6c7b7e4ecc92d639f6d274ad9f65382c0af25212641,,2024,29,0,0,extracted
UNGA79_General_Debate_2024_statements/UNGA79_General_Debate_2024/peru__pe_es.pdf,117913,9a22fadbefb6e4c550562d1feae7c2d86a00728c5ae06f6cc863299cc16c7c0a,,2024,8,0,0,extracted
UNGA79_General_Debate_2024_statements/UNGA79_General_Debate_2024/philippines__ph_en.pdf,195191,649963c06075509dba58b9bcbe6a9d8cd51215fc1760e1965ce84cc8c1c802aa,,2024,9,0,0,extracted
UNGA79_General_Debate_2024_statements/UNGA79_General_Debate_2024/poland__pl_en.pdf,103979,0d2a62590c0ee01da4797f131a95ab592afe2dd3c31deb3ba5169fe0be5cb9eb,,2024,6,0,0,extracted
UNGA79_General_Debate_2024_statements/UNGA79_General_Debate_2024/portugal__pt_en.pdf,58012,a8c80e3df4ef34bcbd584f236f3a663a81ec54945a98b10b342c5d7929337498,,2024,9,0,0,extracted
UNGA79_General_Debate_2024_statements/UNGA79_General_Debate_2024/president-general-assembly-closing__pgaclosing_fl.pdf,62065,81ae995fde6de2777dd78d6f1d5dcda4d6d59f1cb6980e0b09422d5bf287fec4,,2024,4,0,0,extracted
UNGA79_General_Debate_2024_statements/UNGA79_General_Debate_2024/president-general-assembly-opening__pgaopening_en_0.pdf,49127,2949b198cadcd1103c42f9936fa5a7449c0666c7145a1183ccee58e8e2afea8f,,2024,5,1,0,needs_review
UNGA79_General_Debate_2024_statements/UNGA79_General_Debate_2024/qatar__qa_ar.pdf,361897,faba264cf299cf140367865355d6970f31bf415974d093ee02726b8e59fe89a6,,2024,7,0,0,extracted
UNGA79_General_Debate_2024_statements/UNGA79_General_Debate_2024/qatar__qa_en.pdf,463241,42bad4a908b668d7ba4adc2b9600f5776548fa77f3854e045e59651147eb0c34,,2024,7,0,0,extracted
UNGA79_General_Debate_2024_statements/UNGA79_General_Debate_2024/qatar__qa_es.pdf,376305,288818ab9c8e5a86105af24dc8ca4d1618df38273ab4220c343b2cb4ca204aa7,,2024,7,0,0,extracted
UNGA79_General_Debate_2024_statements/UNGA79_General_Debate_2024/qatar__qa_fr.pdf,437916,d9fe21a213cbe2d36d6db06ee3407ea2e772d1d02d6a1ab0f0c7566f1cf5f43d,,2024,7,0,0,extracted
UNGA79_General_Debate_2024_statements/UNGA79_General_Debate_2024/republic-korea__kr_en.pdf,322925,3a42d419c7b1a4631092fa48169739874eb85cdcaad9451dbcf40ede7aaccefb,,2024,14,0,0,extracted
UNGA79_General_Debate_2024_statements/UNGA79_General_Debate_2024/republic-moldova__md_en.pdf,70240,d88436a2e3ba57d55524a0a5dc5039a12d7c746ba49cca637749dc93699b2c75,,2024,16,1,0,needs_review
UNGA79_General_Debate_2024_statements/UNGA79_General_Debate_2024/romania__ro_en.pdf,166026,478320399efb55910979ab91302c61028d3684c44f859817dcc3912d94af66c0,,2024,5,0,0,extracted
UNGA79_General_Debate_2024_statements/UNGA79_General_Debate_2024/russian-federation__ru_ru.pdf,441016,a0d743b6e8e9d31446b1affe75c88002ba8f0805b4a350324ffd3f91e270c3b0,,2024,9,0,0,extracted
UNGA79_General_Debate_2024_statements/UNGA79_General_Debate_2024/rwanda__rw_en.pdf,717725,1f6f442ea2c93338d502e62fc612c83575020d5fb9da2b4aabd2f29b38813926,,2024,8,8,0,needs_review
UNGA79_General_Debate_2024_statements/UNGA79_General_Debate_2024/saint-kitts-and-nevis__kn_en.pdf,193511,fee349ee2fbf478d5fdf49c62a98ffd9b4fb45942d387f67e3c0d9733b7d8868,,2024,10,0,0,extracted
UNGA79_General_Debate_2024_statements/UNGA79_General_Debate_2024/saint-lucia__lc_en.pdf,189913,79e4d7f10c01dd3aa384ce7cf3173de14df849beae4ab94de8d033528a6b157a,,2024,7,0,0,extracted
UNGA79_General_Debate_2024_statements/UNGA79_General_Debate_2024/saint-vincent-and-grenadines__vc_en.pdf,205057,0be75549c1bcd809cafd79be678b2c756a7534f88cf7b8bad210e8f3f14a04f3,,2024,15,0,0,extracted
UNGA79_General_Debate_2024_statements/UNGA79_General_Debate_2024/samoa__ws_en.pdf,196605,802e6c6be9d4336f610a4eb27d70f4ea09f4bd2de9eaa6061a2e5697a941c332,,2024,5,0,0,extracted
UNGA79_General_Debate_2024_statements/UNGA79_General_Debate_2024/san-marino__sm_en.pdf,174493,e7581242fa958c45e8591829bd1b70db5cb23cb74dce0fdba81518a5f918a396,,2024,16,0,0,extracted
UNGA79_General_Debate_2024_statements/UNGA79_General_Debate_2024/sao-tome-and-principe__st_fr.pdf,102821,539d2010f3883af36f9ae238bb7c9f638a3c77c3799ae52c10c02a3369ea0957,,2024,15,0,0,extracted
UNGA79_General_Debate_2024_statements/UNGA79_General_Debate_2024/sao-tome-and-principe__st_pt.pdf,132803,9751670b7c5dd3bca66e28e72c4c432d1f571486dbafecb1f37386965c905f01,,2024,24,0,0,extracted
UNGA79_General_Debate_2024_statements/UNGA79_General_Debate_2024/saudi-arabia__sa_ar.pdf,321005,6d17fcaf8b3c597ad8902332070c2720df8598ee9e6f53a144b5b3a691e2a8ec,,2024,20,0,0,extracted
UNGA79_General_Debate_2024_statements/UNGA79_General_Debate_2024/secretary-general-united-nations__unsg_en.pdf,131846,353a1a6c77269c611ea99d3fb91c1907d936bf640d3cb7f680ad657850c87160,,2024,10,0,0,extracted
UNGA79_General_Debate_2024_statements/UNGA79_General_Debate_2024/secretary-general-united-nations__unsg_fl.pdf,148774,1b72e71c222d77125d5c243dc6431dfe1cc09225005f9c7900b62a86aa10d758,,2024,13,0,0,extracted
UNGA79_General_Debate_2024_statements/UNGA79_General_Debate_2024/secretary-general-united-nations__unsg_fr.pdf,161196,ff37e046e883ea0bf96b0b156c563f2ad7ec7088e3cee1dd6efb52e4d6d5b45b,,2024,10,0,0,extracted
UNGA79_General_Debate_2024_statements/UNGA79_General_Debate_2024/senegal__sn_fr.pdf,205800,828678abf96fb0da2a04639e554ecfbdfd5f1dbaa3354daa6aceb1b42fd44b73,,2024,15,0,0,extracted
UNGA79_General_Debate_2024_statements/UNGA79_General_Debate_2024/serbia__rs_en_0.pdf,165798,a36f50d5c6a416e7e1531000059372f1356ca864fd311ada4bb91dcee4087e8b,,2024,6,0,0,extracted
UNGA79_General_Debate_2024_statements/UNGA79_General_Debate_2024/seychelles__sc_en.pdf,168570,0f3056e71c4749553c70dd8f39e49cdcc84fb666c7322553f803bcb906ef310d,,2024,21,0,0,extracted
UNGA79_General_Debate_2024_statements/UNGA79_General_Debate_2024/sierra-leone__sl_en.pdf,236870,532f4aec4b19eece2b390a0d699259c93fdd58b9eea6073cbb7881f7474517ed,,2024,32,0,0,extracted
UNGA79_General_Debate_2024_statements/UNGA79_General_Debate_2024/singapore__sg_en.pdf,106959,617170c21dc4db7652196c0fa3569a2ae65642a6c15249d50f4b8152f56e4c13,,2024,8,0,0,extracted
UNGA79_General_Debate_2024_statements/UNGA79_General_Debate_2024/slovakia__sk_en.pdf,2679303,b421771cf777977aac3104f8e126b0dc3a0d1d07066961fb6431e2bd43032fad,,2024,11,0,0,extracted
UNGA79_General_Debate_2024_statements/UNGA79_General_Debate_2024/slovenia__si_en.pdf,252690,07d8f9cb0e7e02c8059138188660970c360ad0db3b4f38f983d0162673f8fcab,,2024,10,0,0,extracted
UNGA79_General_Debate_2024_statements/UNGA79_General_Debate_2024/solomon-islands__sb_en.pdf,214396,728c765395514af56e91615b6f0da2ec63026361f064b0928ff44225865c2932,,2024,12,0,0,extracted
UNGA79_General_Debate_2024_statements/UNGA79_General_Debate_2024/somalia__so_en.pdf,580341,8174771ad95989df960bb7e308d6d103faf9cf2f84af277f8e3ac6c10ecc043e,,2024,7,0,0,extracted
UNGA79_General_Debate_2024_statements/UNGA79_General_Debate_2024/south-africa__za_en.pdf,84820,412600585778cfac8bc8eeb08f49448f05a3497956f338014fa3506bc4fb7f18,,2024,8,0,0,extracted
UNGA79_General_Debate_2024_statements/UNGA79_General_Debate_2024/south-sudan__ss_en.pdf,311343,f0184991ce4c79f394dde030bc0e95b639a99670a48e091eb5e6c9ef4ec4d2aa,,2024,6,0,0,extracted
UNGA79_General_Debate_2024_statements/UNGA79_General_Debate_2024/spain__es_es.pdf,331289,8e9d25f9461de80cd26ccc2fba6ff769c28f4197f19cde29dc0f2f4f242662ae,,2024,10,0,0,extracted
UNGA79_General_Debate_2024_statements/UNGA79_General_Debate_2024/sri-lanka__lk_en.pdf,221763,e6a0aab5c1cc271578e5e3f7154f5bd679296caf9af87cbfa71dfc64e3ca0e4f,,2024,9,0,0,extracted
UNGA79_General_Debate_2024_statements/UNGA79_General_Debate_2024/sudan__sd_ar.pdf,428688,85c9201e9fe87086c7d3e4f4a6f32e2e52b102e28cd23aad738b0875e50e405f,,2024,20,1,0,needs_review
UNGA79_General_Debate_2024_statements/UNGA79_General_Debate_2024/suriname__sr_en.pdf,323952,f7f9d1168054e008c8cdb77be2627a4b6d7c34fc02b06bfd24c0f2494a2b6d6c,,2024,16,0,0,extracted
UNGA79_General_Debate_2024_statements/UNGA79_General_Debate_2024/sweden__se_en.pdf,137969,e773802e1fd2f414bca5f852dcc47ad9f4454ab9c33d20dad41ffc78c30b1dd4,,2024,15,0,0,extracted
UNGA79_General_Debate_2024_statements/UNGA79_General_Debate_2024/switzerland__ch_de.pdf,277445,4a7a7f31b77e0bede9a0a33c3b80b587f6fd7d04830cc812ca3bc05d73166f53,,2024,5,0,0,extracted
UNGA79_General_Debate_2024_statements/UNGA79_General_Debate_2024/switzerland__ch_en.pdf,253436,ad0b9614c4c4d87f95de0dd6b3eb8c18476ce2a28e00e833f425396c72318301,,2024,5,0,0,extracted
UNGA79_General_Debate_2024_statements/UNGA79_General_Debate_2024/switzerland__ch_fr.pdf,87487,c06c28b9ba229bba891fb4059658ebe7b6d84aaa46825d45e8f82c4d0e60e476,,2024,6,0,0,extracted
UNGA79_General_Debate_2024_statements/UNGA79_General_Debate_2024/syrian-arab-republic__sy_ar.pdf,304173,9e5c15481d458b29434b30907dcfc0b0c9951d59cd5a956358ba125c5d183551,,2024,19,0,0,extracted
UNGA79_General_Debate_2024_statements/UNGA79_General_Debate_2024/syrian-arab-republic__sy_en.pdf,120650,22f0c673f77a840981f6b830e52bac9a2ab1b7c8d1510fe9f8f20269aabc51ed,,2024,9,0,0,extracted
UNGA79_General_Debate_2024_statements/UNGA79_General_Debate_2024/tajikistan__tj_ar.pdf,1122092,6027c53b93961d95883b3f2d845227ffd80969b5c75e31ce496699aa1f2d1ea7,,2024,9,0,0,extracted
UNGA79_General_Debate_2024_statements/UNGA79_General_Debate_2024/tajikistan__tj_en.pdf,855530,35b96aaf4a0f0304134d99404eacd38fbf2937296fa4a2e9df814bc43d2aaafb,,2024,6,0,0,extracted
UNGA79_General_Debate_2024_statements/UNGA79_General_Debate_2024/tajikistan__tj_ru.pdf,834934,bcf73713191d6e5c7a0058e8af45f2f5977d119fa425503a7d4bff6c10a4c588,,2024,6,0,0,extracted
UNGA79_General_Debate_2024_statements/UNGA79_General_Debate_2024/tajikistan__tj_tj.pdf,844107,054e6d804efb3219d2d568eb463e25a262d2cb2df571430818a6b650d0583d98,,2024,6,0,0,extracted
UNGA79_General_Debate_2024_statements/UNGA79_General_Debate_2024/thailand__th_en.pdf,170692,89f0b7f1b1233c8c33cd2e07c8e995e842174f5cb87ffc00bdad784610e5fcab,,2024,8,0,0,extracted
UNGA79_General_Debate_2024_statements/UNGA79_General_Debate_2024/timor-leste__tl_en.pdf,227975,2900c58dcb85444604a70ba3c4ed8abfbe2091da6828f4111ecd3aec0c4a5216,,2024,8,0,0,extracted
UNGA79_General_Debate_2024_statements/UNGA79_General_Debate_2024/timor-leste__tl_pt.pdf,290740,eb9c5ad24622777afb089c00a4ada1853826aef0a45e2a7c1d5ee71db622eacf,,2024,12,0,0,extracted
UNGA79_General_Debate_2024_statements/UNGA79_General_Debate_2024/togo__tg_fr.pdf,144797,462e799e99dffae6a8f670beb75685eb5592d4856d74aeb20c4c9b0dcf0c40df,,2024,6,0,0,extracted
UNGA79_General_Debate_2024_statements/UNGA79_General_Debate_2024/tonga__to_en.pdf,448692,4f013d3896d1020b120c839d57304070fae33ebfa1626bb38e2fae6b36edd26c,,2024,11,0,0,extracted
UNGA79_General_Debate_2024_statements/UNGA79_General_Debate_2024/trinidad-and-tobago__tt_en.pdf,824935,93789b1ad86f0f4e03dcc9d5db7071f84d32f64aa223c5b669e97e362d0bf038,,2024,18,0,0,extracted
UNGA79_General_Debate_2024_statements/UNGA79_General_Debate_2024/tunisia__tn_ar.pdf,308180,cae4f399e4be4347f222974a0989a1f374889230331af68b0e5a7cd50ac80e58,,2024,17,1,0,needs_review
UNGA79_General_Debate_2024_statements/UNGA79_General_Debate_2024/turkiye__tr_en.pdf,834966,63c2ebd0d583ed37541f83e30be5f00c0520bd2646ec3b08243bb6da07356f71,,2024,7,0,0,extracted
UNGA79_General_Debate_2024_statements/UNGA79_General_Debate_2024/turkmenistan__tm_en.pdf,117199,b870be65f21d0ba2b67a06f41d7e57c76510a9223c438ef7c774b70c316438a2,,2024,9,0,0,extracted
UNGA79_General_Debate_2024_statements/UNGA79_General_Debate_2024/tuvalu__tv_en.pdf,241299,60352db769b6985b8e2cd27e0e5c3fe9265ada11bb129a276f6b316d2166393f,,2024,14,0,0,extracted
UNGA79_General_Debate_2024_statements/UNGA79_General_Debate_2024/uganda__ug_en.pdf,190751,123d10d4d1542d5f0e6b51dd96a42e3220723d04934d6de75b501751e16d7cf8,,2024,13,0,0,extracted
UNGA79_General_Debate_2024_statements/UNGA79_General_Debate_2024/ukraine__ua_en.pdf,149540,72ce8f027b5d40161403c567217ecbc7623299ee564b5fe712cad31d8893692b,,2024,4,0,0,extracted
UNGA79_General_Debate_2024_statements/UNGA79_General_Debate_2024/united-arab-emirates__ae_ar.pdf,296476,2b6d46a65cca0b6816f5f63dce71045b5c5b9ac490c09e21b34d4a6bdc8ee416,,2024,7,0,0,extracted
UNGA79_General_Debate_2024_statements/UNGA79_General_Debate_2024/united-arab-emirates__ae_en.pdf,297480,2697866529f7e23ff5551946c0cc9df10cc61fa066b07bc173dd8aaf698adc49,,2024,8,0,0,extracted
UNGA79_General_Debate_2024_statements/UNGA79_General_Debate_2024/united-kingdom-great-britain-and-northern-ireland__gb_en.pdf,237936,4b6242677e30bbd9e76c4935c1eb5d29a479ee45a43ec549b943b61c6fae77d0,,2024,25,0,0,extracted
UNGA79_General_Debate_2024_statements/UNGA79_General_Debate_2024/united-republic-tanzania__tz_en.pdf,316031,1fc902b6eb01dbc7ee3adbf2628ab706268edb5ff46a6093a73a9c783cc57b9f,,2024,8,0,0,extracted
UNGA79_General_Debate_2024_statements/UNGA79_General_Debate_2024/united-states-america__us_en.pdf,535177,89ba86a3efd3d00b54d428f8754fd020acf1ba279f0e1e8bb732705b54df0ae7,,2024,10,0,0,extracted
UNGA79_General_Debate_2024_statements/UNGA79_General_Debate_2024/uzbekistan__uz_en.pdf,156056,fd95b318c21dcdbb962268352f2bc5a067445945b7e324299e0ee22634cc5808,,2024,7,0,0,extracted
UNGA79_General_Debate_2024_statements/UNGA79_General_Debate_2024/vanuatu__vu_en.pdf,166216,7f3216b84ee5d972e578830da3f25fae658c7f942e06420bba8155e9570c92ea,,2024,15,0,0,extracted
UNGA79_General_Debate_2024_statements/UNGA79_General_Debate_2024/venezuela-bolivarian-republic__ve_en.pdf,256343,42a66e3d414bf6d2d6aea8e0fe1697c23c2fbf19d471ed78f75847d49078f403,,2024,9,0,0,extracted
UNGA79_General_Debate_2024_statements/UNGA79_General_Debate_2024/venezuela-bolivarian-republic__ve_es.pdf,247481,5f87171e272f3e15a11ee0787efbc0b8795e99f26489afe6e2bf2db08ca89c7f,,2024,10,0,0,extracted
UNGA79_General_Debate_2024_statements/UNGA79_General_Debate_2024/viet-nam__vn_en.pdf,90660,764316c2d319d778bd2bba1b581680ce12533390c94dcff31f969440b8c8581f,,2024,4,0,0,extracted
UNGA79_General_Debate_2024_statements/UNGA79_General_Debate_2024/yemen__ye_ar.pdf,273519,d10b1dd655806511d018f644a5280654bd81a155a3b58f8b6c524844339e4d53,,2024,11,0,0,extracted
UNGA79_General_Debate_2024_statements/UNGA79_General_Debate_2024/zambia__zm_en.pdf,6595498,e7f4e51d6718a9120c234cbb1e714e10daaa709eacbd651aa2ea6903190c1b6f,,2024,10,10,0,needs_review
UNGA79_General_Debate_2024_statements/UNGA79_General_Debate_2024/zimbabwe__zw_en_0.pdf,335065,649618c625d8eb843e776c91726e1a8be9f7480732a8e88f8416ca5492de052d,,2024,13,0,0,extracted
UNGA80_General_Debate_2025_statements/UNGA80_General_Debate_2025/albania__al_al.pdf,1629778,8d818c405f943049040f0dd93b81e38d0c4cf119ad0ec1391acf0ec56be452b9,,2025,11,0,0,extracted
UNGA80_General_Debate_2025_statements/UNGA80_General_Debate_2025/albania__al_en.pdf,1446382,0e4e41677b73c50117d42df944bea89531d1d039abb57eb996546dfc118b4219,,2025,11,0,0,extracted
UNGA80_General_Debate_2025_statements/UNGA80_General_Debate_2025/algeria__dz_ar.pdf,345049,337f43ab2fc2156b71e2403378fd10710256204618b8f14c1a453f7749ccb87b,,2025,9,0,0,extracted
UNGA80_General_Debate_2025_statements/UNGA80_General_Debate_2025/andorra__ad_en.pdf,1098178,a225bab8b49c08e4367947e6d7e5633d4acd6e08a5c0c6fdbd3a929488f63cbe,,2025,6,6,0,needs_review
UNGA80_General_Debate_2025_statements/UNGA80_General_Debate_2025/andorra__ad_es.pdf,1126380,798f62b83854653a5d27a67272b15ddaa9a6d6af49399612d11630f9f88b36c1,,2025,6,6,0,needs_review
UNGA80_General_Debate_2025_statements/UNGA80_General_Debate_2025/andorra__ad_fl.pdf,1409543,fdd959f41e464abb4d5f0f4710d454d0944fbe6add7066408e11d4c1d5743b70,,2025,11,11,0,needs_review
UNGA80_General_Debate_2025_statements/UNGA80_General_Debate_2025/andorra__ad_fr.pdf,1139394,78cc3ecc194e3e26375221e6e86f07d72129744121ee2740d84185351fddd7f3,,2025,7,7,0,needs_review
UNGA80_General_Debate_2025_statements/UNGA80_General_Debate_2025/angola__ao_en.pdf,447995,ff500566988ab01078938acf05fa48616fd30acc53655b4b33f2bb1be08dd727,,2025,10,0,0,extracted
UNGA80_General_Debate_2025_statements/UNGA80_General_Debate_2025/antigua-and-barbuda__ag_en.pdf,254592,0d7f465c860579941f531932577458b30f8fc89549f9fc845be22a1735f5016b,,2025,12,0,0,extracted
UNGA80_General_Debate_2025_statements/UNGA80_General_Debate_2025/argentina__ar_es.pdf,641570,afad08ca5dcd2869aff11e4d5c298424b548970298ab66739f4d36479977da74,,2025,9,0,0,extracted
UNGA80_General_Debate_2025_statements/UNGA80_General_Debate_2025/armenia__am_hy.pdf,161288,a733b629f82066f1e08882e5b0000b1787db713e549dbc8e828025946e76d42f,,2025,20,0,0,extracted
UNGA80_General_Debate_2025_statements/UNGA80_General_Debate_2025/australia__au_en.pdf,1563284,4a3116c3149e821d5d45439ef73547e793336f49e9aca9f127277f4e9fbff85d,,2025,5,5,0,needs_review
UNGA80_General_Debate_2025_statements/UNGA80_General_Debate_2025/austria__at_en.pdf,152946,68522dd71de12ba30ecc72a9abf877023364399cbdd37e7817f214fa8a15b08a,,2025,3,0,0,extracted
UNGA80_General_Debate_2025_statements/UNGA80_General_Debate_2025/azerbaijan__az_en.pdf,191184,170ca4d14427560525f3d6b7a46e141a52397c6e606789c1a31ec8ea1502c3f9,,2025,7,0,0,extracted
UNGA80_General_Debate_2025_statements/UNGA80_General_Debate_2025/bahamas__bs_en.pdf,151224,ee242e842730117eb7ac6155404faad46ecac7a0b84462b2572c5f3ee64d01d7,,2025,30,1,0,needs_review
UNGA80_General_Debate_2025_statements/UNGA80_General_Debate_2025/bahrain__bh_ar.pdf,356242,75b9a906b2f2068a78b377708d65a3d57c1d317a6931d33f58ee1331f10c35b8,,2025,11,0,0,extracted
UNGA80_General_Debate_2025_statements/UNGA80_General_Debate_2025/bahrain__bh_en.pdf,176479,be70568684f4f58893f4c1f039b2d6c992a38e848d72b748e94de0274645cc4e,,2025,5,0,0,extracted
UNGA80_General_Debate_2025_statements/UNGA80_General_Debate_2025/bangladesh__bd_fl.pdf,314198,bf1b1ea96e377f384b92c5af1075cdada1334d3af0dc8239aba6fd83458bfa11,,2025,20,0,0,extracted
UNGA80_General_Debate_2025_statements/UNGA80_General_Debate_2025/barbados__bb_en.pdf,158873,4d1dbfeb4f66d07b00a4060c648ff5889a5765202050b4b8cddd654f5c755f33,,2025,20,0,0,extracted
UNGA80_General_Debate_2025_statements/UNGA80_General_Debate_2025/belarus__by_ru.pdf,190928,9625dd153872207d3b7b565f503ca46dc3929ddbc9922c0ab31c7c7c81f64460,,2025,12,0,0,extracted
UNGA80_General_Debate_2025_statements/UNGA80_General_Debate_2025/belgium__be_en.pdf,192885,d96ac7be8e430900d602e68ebef64e1c6723755c7bf616e6fdb46c24fa736418,,2025,6,0,0,extracted
UNGA80_General_Debate_2025_statements/UNGA80_General_Debate_2025/belize__bz_en.pdf,193147,d0cf622b85014ff26db5d1c271998a92a61fcfb4d05694bb8056cc4c66454e67,,2025,15,0,0,extracted
UNGA80_General_Debate_2025_statements/UNGA80_General_Debate_2025/benin__bj_fr.pdf,357220,d1e06044201a265fa3fd46f24ab0de158e168f9a1f97d7236ce6b013560125bf,,2025,11,0,0,extracted
UNGA80_General_Debate_2025_statements/UNGA80_General_Debate_2025/bhutan__bt_en.pdf,112056,11a7a2ee64c492d769a0936eebae831015d5a677009e961634dd5fbcc82d2fb9,,2025,5,0,0,extracted
UNGA80_General_Debate_2025_statements/UNGA80_General_Debate_2025/bosnia-and-herzegovina__ba_fl.pdf,262569,eb80826e2201be87bbcb49fe6ec19fc0fd1246bc5422948745080873de1918c3,,2025,15,0,0,extracted
UNGA80_General_Debate_2025_statements/UNGA80_General_Debate_2025/botswana__bw_en.pdf,138671,fd46c2ecaf3e2202b2358e593f953f3329baaec571809dbeb5896e8e6b53d9b3,,2025,9,0,0,extracted
UNGA80_General_Debate_2025_statements/UNGA80_General_Debate_2025/brazil__br_pt.pdf,85372,b9a7b95440d600142536b9b4afc3842ce9e2d691f5bc1dc5d54605671e829f3d,,2025,8,0,0,extracted
UNGA80_General_Debate_2025_statements/UNGA80_General_Debate_2025/brunei-darussalam__bn_en.pdf,262056,3fc51c5b58682a7a580fa660d5546b389f621e0a0258524ec6a7a88ad31ce042,,2025,9,0,0,extracted
UNGA80_General_Debate_2025_statements/UNGA80_General_Debate_2025/bulgaria__bg_en.pdf,844869,67ddb7b1901185067d5c6cd120a6ad6fca5b13df1a97c9b5b697735f16dc0fa8,,2025,6,0,0,extracted
UNGA80_General_Debate_2025_statements/UNGA80_General_Debate_2025/burkina-faso__bf_fr.pdf,379733,6ed537be2f8b0915a96833dbe9fe02b5d0dfa5d8e1471740ca20a9dab525ce64,,2025,24,0,0,extracted
UNGA80_General_Debate_2025_statements/UNGA80_General_Debate_2025/burundi__bi_fr.pdf,164245,9043fc280f3fd800fe31ea49d118cb0cfefbaf58b4390db4776723181f804462,,2025,7,0,0,extracted
UNGA80_General_Debate_2025_statements/UNGA80_General_Debate_2025/cabo-verde__cv_en.pdf,328267,66c62c8b67144d73829309be9899b9428479fb130e399af8048b3e7a24f7e4b9,,2025,5,0,0,extracted
UNGA80_General_Debate_2025_statements/UNGA80_General_Debate_2025/cambodia__kh_fl.pdf,447247,e2aca7d267a13bb43c78bbe3fe3d839c782c9ee4eb7b3527438465a22263bee5,,2025,8,0,0,extracted
UNGA80_General_Debate_2025_statements/UNGA80_General_Debate_2025/cameroon__cm_fr.pdf,273099,a66bee463954790fb91f6f6a730153e66dd3611a21656e48a3dede5e76cc8b78,,2025,9,0,0,extracted
UNGA80_General_Debate_2025_statements/UNGA80_General_Debate_2025/central-african-republic__cf_fr.pdf,174507,e3f30b424a16c09b7488bab41b9c7c7238f2908f06ca3420ccb4650368a908a7,,2025,12,0,0,extracted
UNGA80_General_Debate_2025_statements/UNGA80_General_Debate_2025/chad__td_fr.pdf,874087,93308851e13728945ea91ab7e6243260ea6545293c77bdffc883d27d80b17686,,2025,22,22,0,needs_review
UNGA80_General_Debate_2025_statements/UNGA80_General_Debate_2025/chile__cl_es.pdf,132413,ac50cbe40c84d8c0a2d49fd8e554c800c04b9947271b7529b3e9ab84bfc292a4,,2025,8,0,0,extracted
UNGA80_General_Debate_2025_statements/UNGA80_General_Debate_2025/china__cn_en.pdf,378677,5053018117c7ef10f94743bb9c9f6ff82209b5c95f432e5d6437e7a93f0fa8ab,,2025,5,0,0,extracted
UNGA80_General_Debate_2025_statements/UNGA80_General_Debate_2025/colombia__co_es.pdf,2415270,55349729867d294289cf918e1a41705eb7591448c1efc5453c8e4c9a1cb64b20,,2025,27,27,0,needs_review
UNGA80_General_Debate_2025_statements/UNGA80_General_Debate_2025/comoros__km_fr.pdf,303491,25ca1f4fdf3f4d3b893f7f8bc4ffa26d602276f96c343fb35deaee943b1929cc,,2025,9,0,0,extracted
UNGA80_General_Debate_2025_statements/UNGA80_General_Debate_2025/congo__cg_fr.pdf,106952,7d0f487371ff52542a7d46372ce74def4b78fc161df2daa7175c07259173aa79,,2025,18,1,0,needs_review
UNGA80_General_Debate_2025_statements/UNGA80_General_Debate_2025/costa-rica__cr_fl.pdf,990003,92059db66b4db3eb79a47f669a8284d56951d9881d26c6b71bad104979fee322,,2025,8,0,0,extracted
UNGA80_General_Debate_2025_statements/UNGA80_General_Debate_2025/cote-divoire__ci_fr_0.pdf,255396,d2e5127d91cbc5527fb696d19fa7e493b4c613ee0c638e002cfd0d0ef250dff2,,2025,8,0,0,extracted
UNGA80_General_Debate_2025_statements/UNGA80_General_Debate_2025/croatia__hr_en.pdf,136683,82e2dc80b2e9364445fce0f4366384fdde3d816fddde9c6ba740bc384310b96b,,2025,10,0,0,extracted
UNGA80_General_Debate_2025_statements/UNGA80_General_Debate_2025/cuba__cu_en.pdf,136686,6d82587132404ac71fe1fb21b6f1959e809321256c0db4a9eaf91d1ce32ad99c,,2025,9,0,0,extracted
UNGA80_General_Debate_2025_statements/UNGA80_General_Debate_2025/cuba__cu_es.pdf,112727,494fc2a18ff9a4e01a27b8ad5a553d6aea432e22d3768ba38cc0240eb128b16e,,2025,10,0,0,extracted
UNGA80_General_Debate_2025_statements/UNGA80_General_Debate_2025/cyprus__cy_el.pdf,2987642,8e8ad7d8d3c193edc8b7c963ed022c41ae0fb83e7b402fa0f09fcd59bdd25a1d,,2025,10,0,0,extracted
UNGA80_General_Debate_2025_statements/UNGA80_General_Debate_2025/cyprus__cy_en.pdf,2255776,c85412fdbf47c26e2b66d1375630701af7770e21914a04b9f4650b81559749db,,2025,9,9,0,needs_review
UNGA80_General_Debate_2025_statements/UNGA80_General_Debate_2025/czechia__cz_en.pdf,172901,d49e4a8ebf326becb15fb96011aa797bee6e2e93e493507b5dbf7f97872a586a,,2025,4,0,0,extracted
UNGA80_General_Debate_2025_statements/UNGA80_General_Debate_2025/democratic-peoples-republic-korea__kp_en.pdf,175688,cd25d2fde0c6a339bab5eeb1f6c8b2255787a185fb55e1fdd85ed9a94b048ddc,,2025,7,0,0,extracted
UNGA80_General_Debate_2025_statements/UNGA80_General_Debate_2025/democratic-peoples-republic-korea__kp_ko.pdf,255717,df92146bb17f9963305cb8fd8022d6c00b7fb8282f5c166dcb4dfd220ed52ea2,,2025,9,1,0,needs_review
UNGA80_General_Debate_2025_statements/UNGA80_General_Debate_2025/democratic-republic-congo__cd_fr.pdf,172962,5811d9b19beaae847d3ea74f0ba6b02aea53ca7f7ad2e13fdceb45556854b5ba,,2025,16,0,0,extracted
UNGA80_General_Debate_2025_statements/UNGA80_General_Debate_2025/denmark__dk_en.pdf,163185,0c6fe475a485ac0427555dde4f2b46831da6f697d8db24937dd3c5073961adc3,,2025,11,0,0,extracted
UNGA80_General_Debate_2025_statements/UNGA80_General_Debate_2025/djibouti__dj_fr.pdf,6913445,272abfd552194c535e3d645bf249f23987ab51aec60e5021bbdf9ae27e6178c8,,2025,15,15,0,needs_review
UNGA80_General_Debate_2025_statements/UNGA80_General_Debate_2025/dominica__dm_en.pdf,335831,4829b8a3627571324753a8196897e3f1ed76796d5a7b0b5de00f5d75cd4c16ae,,2025,16,0,0,extracted
UNGA80_General_Debate_2025_statements/UNGA80_General_Debate_2025/dominican-republic__do_es.pdf,147266,581b10bf13f1905a54bc5278744bae9f7dbd30fa6005ce7719168dfc538c7569,,2025,7,0,0,extracted
UNGA80_General_Debate_2025_statements/UNGA80_General_Debate_2025/ecuador__ec_es_1.pdf,60211,76602aca8161ee785ef447ad7207eeb0a06bdb0b48a6a77696c24310155d6709,,2025,8,0,0,extracted
UNGA80_General_Debate_2025_statements/UNGA80_General_Debate_2025/egypt__eg_ar.pdf,271128,698ff3369aeada0aeaacb89c8a42502672208ec1bd7af37640dbf31df9be2f4b,,2025,6,0,0,extracted
UNGA80_General_Debate_2025_statements/UNGA80_General_Debate_2025/equatorial-guinea__gq_es.pdf,99609,a241b5e3b8a8bf2b113ca72486010350b6157d03bee6be838368ed4b8ff76cd1,,2025,21,1,0,needs_review
UNGA80_General_Debate_2025_statements/UNGA80_General_Debate_2025/eritrea__er_en.pdf,376280,4e6385b09214ede443596ac7dd0a9d17ea05a8a3ed761c4831d29e5c4358a24a,,2025,5,1,0,needs_review
UNGA80_General_Debate_2025_statements/UNGA80_General_Debate_2025/estonia__ee_en.pdf,202594,35dfcf35e61f0372321d7dec8799288e0af7ec93b176518565dc49b9b582eba2,,2025,8,0,0,extracted
UNGA80_General_Debate_2025_statements/UNGA80_General_Debate_2025/eswatini__sz_en.pdf,176965,c3f0f4ae36f3188f7be60afd209f8c0b04b8d25a3f478e8763f90ea3bb87c64f,,2025,18,0,0,extracted
UNGA80_General_Debate_2025_statements/UNGA80_General_Debate_2025/ethiopia__et_en.pdf,13552510,4d62ceedcfb192ca265c63388afafede28c28ecaad1e91237bd2d1efd25ffd40,,2025,8,8,0,needs_review
UNGA80_General_Debate_2025_statements/UNGA80_General_Debate_2025/european-union__eu_fl.pdf,530987,44493a5938b26b73de594afd42f6a7db2fd96dcc44082ef20eff4480a8824ead,,2025,8,8,0,needs_review
UNGA80_General_Debate_2025_statements/UNGA80_General_Debate_2025/fiji__fj_en.pdf,190603,763607e4786b581e074f240b3d12af1d6592dbe490f27f2480fb48aaf15dc09d,,2025,19,0,0,extracted
UNGA80_General_Debate_2025_statements/UNGA80_General_Debate_2025/finland__fi_en.pdf,179946,e629ff47ca8790a5292ae1c3d987b9854d6601589b9969dcaccea4096cdda7bf,,2025,5,0,0,extracted
UNGA80_General_Debate_2025_statements/UNGA80_General_Debate_2025/france__fr_fr.pdf,669116,1aa226789a11aeecc761e5e3493eb1073ba5da2cdc28c3fea56174c1db2e01c5,,2025,6,0,0,extracted
UNGA80_General_Debate_2025_statements/UNGA80_General_Debate_2025/gabon__ga_fr.pdf,237374,a6da413bde176d290507e080f83742f082f363dba6c05cf277851a518e52d978,,2025,12,0,0,extracted
UNGA80_General_Debate_2025_statements/UNGA80_General_Debate_2025/gambia-republic__gm_en.pdf,269394,984ce517f8cbf6fbdb7b402de745989e2e9d73983a0f0bfe91037885f7f1a394,,2025,26,0,0,extracted
UNGA80_General_Debate_2025_statements/UNGA80_General_Debate_2025/georgia__ge_en.pdf,166050,ce663f09317560052a489c668cadd57eed6c50eb2f32299e7638f7b199ab0a21,,2025,5,0,0,extracted
UNGA80_General_Debate_2025_statements/UNGA80_General_Debate_2025/germany__ge_en_0.pdf,183699,574f9747a0fddfb17a79d1767b370897b3786dc12f9ed501eb14eb8fb5e235f5,,2025,17,0,0,extracted
UNGA80_General_Debate_2025_statements/UNGA80_General_Debate_2025/ghana__gh_en_0.pdf,247833,2392ae7c247291cd9a02c7bdbcdd811522dad17bec8fe0b44abd4780302bf0b9,,2025,8,0,0,extracted
UNGA80_General_Debate_2025_statements/UNGA80_General_Debate_2025/greece__gr_en.pdf,150537,0bf8e69bf17afa10f8013fa821bfb2993aeacbd6f6b8773bff27924b34bf7217,,2025,17,0,0,extracted
UNGA80_General_Debate_2025_statements/UNGA80_General_Debate_2025/grenada__gd_en.pdf,175589,25d25a57f8916d707b40247f4bcac7e12133f7a50528d0d0173372013bb3a379,,2025,13,0,0,extracted
UNGA80_General_Debate_2025_statements/UNGA80_General_Debate_2025/guatemala__gt_es.pdf,245980,f414623293e82f679b3c8084ef71bbd42e2a768eba19834a7c9ebacb430788f4,,2025,10,0,0,extracted
UNGA80_General_Debate_2025_statements/UNGA80_General_Debate_2025/guinea-bissau__gw_en.pdf,289717,7ceb298152e3f447a3b7991729e3ebbf6f925804b5e87439da82c38ecadb81c5,,2025,7,0,0,extracted
UNGA80_General_Debate_2025_statements/UNGA80_General_Debate_2025/guinea__gn_fr.pdf,124114,eee788cafe442196e4f1817c638756075dc3ea06aa05c6021909325a96587975,,2025,8,0,0,extracted
UNGA80_General_Debate_2025_statements/UNGA80_General_Debate_2025/guyana__gy_en.pdf,171631,6478ac235125debe378edadcdb25ac0e91d46f6f7f467a6b7677e987fc2d4a9d,,2025,19,0,0,extracted
UNGA80_General_Debate_2025_statements/UNGA80_General_Debate_2025/haiti__ht_fr.pdf,508186,042921549b437a1da32a5a13dfc0773f3e6e3b97277c6f3c433beff621054376,,2025,15,15,0,needs_review
UNGA80_General_Debate_2025_statements/UNGA80_General_Debate_2025/holy-see__va_en.pdf,373754,cbd326ad5c3b262bae42121854ccf2b979cd4b7724a45cf097305c71a1127a22,,2025,21,0,0,extracted
UNGA80_General_Debate_2025_statements/UNGA80_General_Debate_2025/honduras__hn_es_0.pdf,144927,03328014a843be38a95ec4a1d9a6d0dd37c13f25f3eddc984d5b3e396c64273f,,2025,5,0,0,extracted
UNGA80_General_Debate_2025_statements/UNGA80_General_Debate_2025/iceland__is_en.pdf,280120,e258395dbbc37ee124bce383561c9c2cccfda01594688b8adc512d1e8cff9f1f,,2025,6,4,0,needs_review
UNGA80_General_Debate_2025_statements/UNGA80_General_Debate_2025/india__in_en.pdf,508818,d690abb0d80480451ec0eddd41acb5470da52d56729a67e3e8e1cd0e5c162ac5,,2025,6,0,0,extracted
UNGA80_General_Debate_2025_statements/UNGA80_General_Debate_2025/indonesia__id_en.pdf,212955,314aafc9ce196d43eb6f20a5b8398ffe7e5f208e2eabb689bf78c486f04c7097,,2025,7,0,0,extracted
UNGA80_General_Debate_2025_statements/UNGA80_General_Debate_2025/iran-islamic-republic__ir_en.pdf,154586,e65a8de85a00ed408c9fe32486a004270efb44a974af8fe82daaa9433731ab75,,2025,6,0,0,extracted
UNGA80_General_Debate_2025_statements/UNGA80_General_Debate_2025/iraq__iq_ar.pdf,428680,719ec988456113af856dffb81bf476e2842a133cfe4d910f8926e7cae3afb962,,2025,18,0,0,extracted
UNGA80_General_Debate_2025_statements/UNGA80_General_Debate_2025/ireland__ie_en.pdf,227889,f702e41986d3b8c19f8bd29e091d5f0ab04a34a6139beece1a5d439fd4af8100,,2025,40,0,0,extracted
UNGA80_General_Debate_2025_statements/UNGA80_General_Debate_2025/israel__il_en.pdf,5380182,ea5dad13056ab24c65e8eeac7c3d8069368d76b0b8e5b51a480121427fe3c339,,2025,15,15,0,needs_review
UNGA80_General_Debate_2025_statements/UNGA80_General_Debate_2025/italy__it_en.pdf,404901,f63b40e15d12606c111af9dcbc7fa4801cfbefe51b08049ff1ee0f81b899da58,,2025,7,0,0,extracted
UNGA80_General_Debate_2025_statements/UNGA80_General_Debate_2025/italy__it_it.pdf,414426,4f5a462bf3119874d4600dcac2f77e7971887d376a83ccef3a485010982a7036,,2025,7,0,0,extracted
UNGA80_General_Debate_2025_statements/UNGA80_General_Debate_2025/jamaica__jm_en.pdf,196279,582de993ed9ce2cf4cf5250a7be5894cedc80140bc2f9099108c3f7ab8621abc,,2025,11,0,0,extracted
UNGA80_General_Debate_2025_statements/UNGA80_General_Debate_2025/japan__jp_en.pdf,506572,a0bd9150a2d3447e74733a5277788ebdb9fa8863d418eb325b147bdc8e9fed94,,2025,6,0,0,extracted
UNGA80_General_Debate_2025_statements/UNGA80_General_Debate_2025/japan__jp_jp.pdf,2771503,e6da1a332d39d91afb881da964c27c3a11292ed21e1a868e73ba2080645eaf5e,,2025,6,0,0,extracted
UNGA80_General_Debate_2025_statements/UNGA80_General_Debate_2025/jordan__jo_ar.pdf,578207,17af8c3f1a79b494f4704a65d879c34b24aff5a5a55b346aebabb952184d3272,,2025,4,0,0,extracted
UNGA80_General_Debate_2025_statements/UNGA80_General_Debate_2025/jordan__jo_en.pdf,520457,b181635201f89746c1947ee4790abb1630a4615371db77e25a36d2379b6efc42,,2025,5,0,0,extracted
UNGA80_General_Debate_2025_statements/UNGA80_General_Debate_2025/kazakhstan__kz_en_0.pdf,324664,57161593becfb139a516cc145b9730ad65b61658f449d33ecf3c9677e5bcea5d,,2025,22,1,0,needs_review
UNGA80_General_Debate_2025_statements/UNGA80_General_Debate_2025/kenya__ke_en.pdf,185651,571310d8b192182baa9fecf6bd2bb7cb029f1eab8a30307fe427e8dfb5557e1e,,2025,12,0,0,extracted
UNGA80_General_Debate_2025_statements/UNGA80_General_Debate_2025/kiribati__ki_en.pdf,194283,282c1b2b4dd217b226da600311aea6183c14535feead8d523351e6a4128a6ef3,,2025,13,0,0,extracted
UNGA80_General_Debate_2025_statements/UNGA80_General_Debate_2025/kyrgyzstan__kg_ar.pdf,365425,1a0f7d38f39dc6ec9c77ca27ab4ff7ec01ccd8dc4e4a25cdbfb16990fc8a7033,,2025,12,0,0,extracted
UNGA80_General_Debate_2025_statements/UNGA80_General_Debate_2025/kyrgyzstan__kg_en.pdf,217598,8c8501df9464dd65c82fbfee08b0e822966c57eacb3fad87406ed0f11fe5ff89,,2025,12,0,0,extracted
UNGA80_General_Debate_2025_statements/UNGA80_General_Debate_2025/kyrgyzstan__kg_fl.pdf,341245,2670d4c2253d97b500b17deb1215880d36481774004379bae44e0c6c26880496,,2025,12,0,0,extracted
UNGA80_General_Debate_2025_statements/UNGA80_General_Debate_2025/kyrgyzstan__kg_fr.pdf,1174426,dc86e59c4cb3178d027d7247f3bf3dc667b7d3f27f3587dc928e52e60ba15a30,,2025,13,0,0,extracted
UNGA80_General_Debate_2025_statements/UNGA80_General_Debate_2025/kyrgyzstan__kg_ru.pdf,303217,74b9b6b1f54a0e86877d7c9ba2bdf403682f8fb6869a64c53b4b1bdca450092a,,2025,12,0,0,extracted
UNGA80_General_Debate_2025_statements/UNGA80_General_Debate_2025/kyrgyzstan__kg_zh.pdf,569445,697f0b8cb8b6bbc10f7613e2eb8a0626b5a0abe8b7d6a70c85006bc9605ef702,,2025,8,0,0,extracted
UNGA80_General_Debate_2025_statements/UNGA80_General_Debate_2025/latvia__lv_en.pdf,785347,de87180bb3b6261f8cb613b2be1aee02de6d9efba11679ff6d7bdfc30acfaf1c,,2025,4,4,0,needs_review
UNGA80_General_Debate_2025_statements/UNGA80_General_Debate_2025/latvia__lv_lv.pdf,808902,85c9cb2c7102b1493d273ec1f47b4f807540ffa8e3f36012a48b47c1c0921a82,,2025,4,4,0,needs_review
UNGA80_General_Debate_2025_statements/UNGA80_General_Debate_2025/lebanon__lb_ar_1.pdf,198617,e050d5ed9dd3ac133fe2d6a1da74e5ffd87add7d2ce527c20244fc978469541d,,2025,14,0,0,extracted
UNGA80_General_Debate_2025_statements/UNGA80_General_Debate_2025/lebanon__lb_en_0.pdf,195933,b69c9588d0ecfd588852e5bbd47712927346865946c5033443ad5e5391b8cb15,,2025,9,0,0,extracted
UNGA80_General_Debate_2025_statements/UNGA80_General_Debate_2025/lebanon__lb_fr.pdf,193149,6b86b08b1974b892baafe83476a42b3cd0ba7766c752b75eed185144eb4fca8b,,2025,11,0,0,extracted
UNGA80_General_Debate_2025_statements/UNGA80_General_Debate_2025/lesotho__ls_en.pdf,275106,81e9d475f6b37050ae578b119f43b0d73822ef43f122d075eed923538a1e3389,,2025,22,0,0,extracted
UNGA80_General_Debate_2025_statements/UNGA80_General_Debate_2025/liberia__lr_en.pdf,88042,dc396cd192fca2ed9b87abe509fef01fd8e9a9497b989fb9d06bf3f0a2c00873,,2025,5,0,0,extracted
UNGA80_General_Debate_2025_statements/UNGA80_General_Debate_2025/libya__ly_ar.pdf,133296,a3636a6954bb8b0c04bacc51c0ef06ce0570d07553af696836f68f452e0635dc,,2025,8,0,0,extracted
UNGA80_General_Debate_2025_statements/UNGA80_General_Debate_2025/lithuania__lt_en.pdf,276090,ea0ecbb7416e46db04055211e55c585b6ec34ab61ad2d1bae6ee6fcd4aca2ece,,2025,4,0,0,extracted
UNGA80_General_Debate_2025_statements/UNGA80_General_Debate_2025/lithuania__lt_lt.pdf,212809,575b1a0d475e6cc9c2a21c1171f024b34a71382a0c1406616c1d41b657a2531e,,2025,4,0,0,extracted
UNGA80_General_Debate_2025_statements/UNGA80_General_Debate_2025/luxembourg__lu_en.pdf,19087,bbeca7e1af5a8890fc1396b2f164de71b9fa12708b21fb17f02c6d40f6f7962b,,2025,6,0,0,extracted
UNGA80_General_Debate_2025_statements/UNGA80_General_Debate_2025/madagascar__mg_fr.pdf,276401,bf4ae11909bcbbb2632e5506c4a659284ddde84b8ee8753219d08608068cb0a5,,2025,8,0,0,extracted
UNGA80_General_Debate_2025_statements/UNGA80_General_Debate_2025/malawi__mw_en.pdf,219922,1bcb276ddf6de27af99b59362b88312207da72ad0c6f9bc042b50eeb746cc129,,2025,10,0,0,extracted
UNGA80_General_Debate_2025_statements/UNGA80_General_Debate_2025/malaysia__my_en.pdf,75744,e527171c97c1f8b027ede00b4ceb3d75d64684394b00125a94fa32d081a3e881,,2025,5,0,0,extracted
UNGA80_General_Debate_2025_statements/UNGA80_General_Debate_2025/maldives__mv_en.pdf,201300,a5c44bbeda69147e312b67597f2160dcf48afd2ad0683db3dc9c5344f59686f9,,2025,10,0,0,extracted
UNGA80_General_Debate_2025_statements/UNGA80_General_Debate_2025/mali__ml_fr.pdf,394673,1f156ca3eed46d01a908dd585a02f88c083887d03cf4e5d19ab7f3fbefd774c7,,2025,14,0,0,extracted
UNGA80_General_Debate_2025_statements/UNGA80_General_Debate_2025/malta__mt_en.pdf,143299,02c787ad0b78589f5a087f7ad1bca9638879b6270d79c4fcf2f4692ec7b22d7b,,2025,25,0,0,extracted
UNGA80_General_Debate_2025_statements/UNGA80_General_Debate_2025/marshall-islands__mh_en.pdf,112742,7c4ecde220026727125e06098890c2721ea3e3da34852e6ae2cdeb685f12dc7f,,2025,5,0,0,extracted
UNGA80_General_Debate_2025_statements/UNGA80_General_Debate_2025/mauritania__mr_ar.pdf,494586,712e076806625cfa3edcdf35801910cb97ccc05ee20cd24d758f70e0d8fb01f4,,2025,10,0,0,extracted
UNGA80_General_Debate_2025_statements/UNGA80_General_Debate_2025/mauritius__mu_en.pdf,236380,e195df50846faa155b020f660f50178fa0d9956cc6a8b0d07a1994b1ed78be7e,,2025,11,0,0,extracted
UNGA80_General_Debate_2025_statements/UNGA80_General_Debate_2025/mexico__mx_es_0.pdf,634013,b99cdc191c2fd2a39e79b7d4ab708b9495870e883be697da6335f907e440d637,,2025,6,0,0,extracted
UNGA80_General_Debate_2025_statements/UNGA80_General_Debate_2025/micronesia-federated-states__fm_en.pdf,57582,fb8e2a72d058000db929a9b564874b9d445aad9413cb34f5412a22d18b4b2730,,2025,5,0,0,extracted
UNGA80_General_Debate_2025_statements/UNGA80_General_Debate_2025/mongolia__mn_en.pdf,225655,a16d30a479ed8c0b33a1edfcae1ba446e79595e8efb2a943f520de4bc520e99c,,2025,7,0,0,extracted
UNGA80_General_Debate_2025_statements/UNGA80_General_Debate_2025/montenegro__me_me.pdf,87481,f17920792fc96872104f99640ceb809c1c263bff05d47802aa6a04107b8b0867,,2025,5,0,0,extracted
UNGA80_General_Debate_2025_statements/UNGA80_General_Debate_2025/mozambique__mz_pt.pdf,487503,853a55fccb6f26902b196f128c2e7a6b5511763f0905a9fb7d3e828babbb4651,,2025,24,0,0,extracted
UNGA80_General_Debate_2025_statements/UNGA80_General_Debate_2025/namibia__na_en.pdf,132058,f2d0bd06e425acccd5c3fdab160a37fb6424447e208fbff465b12e98e88528ea,,2025,6,0,0,extracted
UNGA80_General_Debate_2025_statements/UNGA80_General_Debate_2025/nauru__nr_en.pdf,215072,fe357bd401c5c363d6295736d259896810a8eab0c6f52a873aadc23d33f4b7a2,,2025,9,0,0,extracted
UNGA80_General_Debate_2025_statements/UNGA80_General_Debate_2025/nepal__np_en.pdf,147172,3f684bfc35f604e902156586029224e82e2393f0908a76449edb704688ec027c,,2025,22,0,0,extracted
UNGA80_General_Debate_2025_statements/UNGA80_General_Debate_2025/netherlands-kingdom__nl_en.pdf,71246,61680fd6c564d0eaf493088470db0476d305e15788bb577d636f2f180da1a40a,,2025,13,0,0,extracted
UNGA80_General_Debate_2025_statements/UNGA80_General_Debate_2025/new-zealand__nz_en.pdf,100384,38d7b31e5d9f3585cd8b2d514c2516c5441feb7536b71b1d4976e5cc8df0dd68,,2025,7,0,0,extracted
UNGA80_General_Debate_2025_statements/UNGA80_General_Debate_2025/nicaragua__ni_en.pdf,132170,24070ec70a9c97eabca1e5da10c67c7ef602d57e7297a64cc9e0fa2921e342f7,,2025,11,0,0,extracted
UNGA80_General_Debate_2025_statements/UNGA80_General_Debate_2025/nicaragua__ni_es.pdf,135039,97345fe6954857bb7342dda731aff18c1f186e9c3f1afc636f94955c2c07fa08,,2025,12,0,0,extracted
UNGA80_General_Debate_2025_statements/UNGA80_General_Debate_2025/niger__ne_fr.pdf,159974,ca22f9f1a2d251ab1fae5d28bddd56f4b40256ab38cb2baa46d4e39ce0ad55f8,,2025,28,0,0,extracted
UNGA80_General_Debate_2025_statements/UNGA80_General_Debate_2025/nigeria__ng_en.pdf,313701,d5ce03d848cb3413bb55d485e25e9af6f4924a92c792ae5e20fa1c3618fb1bd0,,2025,14,1,0,needs_review
UNGA80_General_Debate_2025_statements/UNGA80_General_Debate_2025/north-macedonia__mk_en.pdf,2472706,b6d1b8bb6370d0de410058605e817b0b5819f9c638a2827da54b28a63d2ce4e5,,2025,13,0,0,extracted
UNGA80_General_Debate_2025_statements/UNGA80_General_Debate_2025/north-macedonia__mk_mk.pdf,2710634,fe6650b29d78df61da5e94e642878eb5dd62a978407dcb01ea23ba5665a1695e,,2025,13,0,0,extracted
UNGA80_General_Debate_2025_statements/UNGA80_General_Debate_2025/norway__no_en.pdf,323681,09e5195f21393f920910cde645f33952b19df29e32d3d1666beaf245c1baa453,,2025,7,0,0,extracted
UNGA80_General_Debate_2025_statements/UNGA80_General_Debate_2025/oman__om_ar.pdf,189554,96f8ffa0ab16f8f1ee8d070e720f7c40829b787af1bd830ec0b6b56254f6c5af,,2025,9,9,0,needs_review
UNGA80_General_Debate_2025_statements/UNGA80_General_Debate_2025/oman__om_en.pdf,227642,b90393ef3c2496f75f1fff7ba8660135ad66aa121ad5802db256b6d11ac25b49,,2025,9,9,0,needs_review
UNGA80_General_Debate_2025_statements/UNGA80_General_Debate_2025/pakistan__pk_en.pdf,686588,1a373619b0d6835ca8b5f530cb124ad03b14f97c1a35db19ba96fe56e3ee1c1b,,2025,9,0,0,extracted
UNGA80_General_Debate_2025_statements/UNGA80_General_Debate_2025/palau__pw_en.pdf,185301,332eb91da5d4db55d01553326e558b03e694fa95a48b960f2f6956a0a972a8a9,,2025,5,0,0,extracted
UNGA80_General_Debate_2025_statements/UNGA80_General_Debate_2025/palestine-state__ps_ar.pdf,296667,fa950a87b3612267725614e8a6e9b575690eba839088e53cf40a54aee0727a50,,2025,30,0,0,extracted
UNGA80_General_Debate_2025_statements/UNGA80_General_Debate_2025/palestine-state__ps_en.pdf,57531,f6c2f5777f62365ea532848b9eb0515b7fa6d78b4f3b47f0a8ae62146bb85bbf,,2025,5,0,0,extracted
UNGA80_General_Debate_2025_statements/UNGA80_General_Debate_2025/panama__pa_es.pdf,84329,4b38bee2aca75ffa48676caccff953a8e934067039c77002a056ee55598f83ee,,2025,24,0,0,extracted
UNGA80_General_Debate_2025_statements/UNGA80_General_Debate_2025/papua-new-guinea__pg_en.pdf,156128,8e9488f2ad1dda45a02f6d05fea903e2187d7f2146fde654b49597a6bd1b5b3e,,2025,4,0,0,extracted
UNGA80_General_Debate_2025_statements/UNGA80_General_Debate_2025/paraguay__py_es.pdf,201713,97379fbe0af62ed51ca7482d0229a3c35b08af2946667cb12a7e3b785fe0c9f7,,2025,31,1,0,needs_review
UNGA80_General_Debate_2025_statements/UNGA80_General_Debate_2025/peru__pe_es.pdf,113591,52b50ec4ea64f667defdeb01e9b3c639ccd676c2f270d8b8ed5a2dfb3f5bd667,,2025,8,0,0,extracted
UNGA80_General_Debate_2025_statements/UNGA80_General_Debate_2025/philippines__ph_en.pdf,186561,7d8d3fade42f05044896cee434ec59fb0a3051b58c2c0e2d9ef948d9af01a0c8,,2025,8,0,0,extracted
UNGA80_General_Debate_2025_statements/UNGA80_General_Debate_2025/poland__pl_en.pdf,631942,b36acd9eeb00f671b26ebcb74294d4a30a1a998342e224c0f6dbc6f1d1d2c395,,2025,9,1,0,needs_review
UNGA80_General_Debate_2025_statements/UNGA80_General_Debate_2025/portugal__pt_en.pdf,230106,6c85fbe252ac668ded0364956b23f7e908ec9df1960e0f1673e7860b34879973,,2025,7,0,0,extracted
UNGA80_General_Debate_2025_statements/UNGA80_General_Debate_2025/portugal__pt_pt.pdf,244601,ad6db82c55b3289695c0a005872222275bf782db2d3141ccc4e4fb745b9d7154,,2025,13,0,0,extracted
UNGA80_General_Debate_2025_statements/UNGA80_General_Debate_2025/president-general-assembly-closing__pgaclosing_en_0.pdf,783367,e582605a4ac54b582e659372d101d323b53f6887001154d71b9e7c5b737bda25,,2025,13,0,0,extracted
UNGA80_General_Debate_2025_statements/UNGA80_General_Debate_2025/president-general-assembly-opening__pgaopening_en.pdf,111105,23ba3cd58401f5894d85a5ab60a75524f0228fe0832fa769b9a23654cf5ce73b,,2025,7,0,0,extracted
UNGA80_General_Debate_2025_statements/UNGA80_General_Debate_2025/qatar__qa_en.pdf,5619074,cb85c7445ae6ae2f0cc5462c302251d4dd39b8375691799d7bd3529f54683624,,2025,9,8,0,needs_review
UNGA80_General_Debate_2025_statements/UNGA80_General_Debate_2025/republic-korea__kr_en.pdf,165186,aab77577bb5b3b1c6d38894c36888268481bd6c0d83b2bcf278544bbac028119,,2025,12,0,0,extracted
UNGA80_General_Debate_2025_statements/UNGA80_General_Debate_2025/republic-moldova__md_en.pdf,112279,e80aebd51c1b9f7fff011e87c27cfa193f656f977369790e4677af261f55bcb9,,2025,7,0,0,extracted
UNGA80_General_Debate_2025_statements/UNGA80_General_Debate_2025/romania__ro_en.pdf,291020,8e72fb86603901f79d948b8eac21a9f205b9810df657cdf2156c2c2a2f783f49,,2025,10,0,0,extracted
UNGA80_General_Debate_2025_statements/UNGA80_General_Debate_2025/russian-federation__ru_ru.pdf,146483,4433ed47940834c14551ea83b72c7f29a36cb844c5093bac230de5cf30303220,,2025,8,0,0,extracted
UNGA80_General_Debate_2025_statements/UNGA80_General_Debate_2025/rwanda__rw_en.pdf,212550,f811af6b07d1c9802d6f4e60dfc1a1052a2f308c47ef4010ee3d63639cedc2e3,,2025,13,0,0,extracted
UNGA80_General_Debate_2025_statements/UNGA80_General_Debate_2025/saint-kitts-and-nevis__kn_en.pdf,321908,6f2580d925f39adb40e95a00abd639f795bce7a981b8368bfebe83fe5e79ac91,,2025,14,1,0,needs_review
UNGA80_General_Debate_2025_statements/UNGA80_General_Debate_2025/saint-lucia__lc_en.pdf,436598,aa4a33599260595bb16a4429d731665d80f7f6a9f3fc72c9a822a5e90385b418,,2025,8,0,0,extracted
UNGA80_General_Debate_2025_statements/UNGA80_General_Debate_2025/saint-vincent-and-grenadines__vc_en.pdf,319755,afdff7c269327b1a8eedd33f24706d4709e1e4ba260bc300af51187a37c086ac,,2025,19,0,0,extracted
UNGA80_General_Debate_2025_statements/UNGA80_General_Debate_2025/samoa__ws_en.pdf,130296,e6c419ab4f959077ee8b4e2d5c4848edfbaff69844fa28d4b61d2c5e11306972,,2025,7,0,0,extracted
UNGA80_General_Debate_2025_statements/UNGA80_General_Debate_2025/san-marino__sm_en.pdf,167415,7e42a80055b9735ebef526f0fd67ed194887713b5c90d3db41c8b7aa8ddfa999,,2025,15,0,0,extracted
UNGA80_General_Debate_2025_statements/UNGA80_General_Debate_2025/saudi-arabia__sa_ar.pdf,181999,36fc3ea500440076f80e8cff2cab23b2987496d9d16d259fbb98cdae1532f1f4,,2025,16,0,0,extracted
UNGA80_General_Debate_2025_statements/UNGA80_General_Debate_2025/secretary-general-united-nations__unsg_en.pdf,226955,27734c9d8cd1cf71506cbe52b2ba67de1c6f52dfe0a1c7c87cd7e7b59f57db1f,,2025,15,0,0,extracted
UNGA80_General_Debate_2025_statements/UNGA80_General_Debate_2025/secretary-general-united-nations__unsg_fl.pdf,308201,34d732c770b748b069266be669b394d22313dea83a7946b9824b1209a2cdfb1c,,2025,17,0,0,extracted
UNGA80_General_Debate_2025_statements/UNGA80_General_Debate_2025/secretary-general-united-nations__unsg_fr.pdf,422739,fa22b89c3137c8c39359504a9e57e09f41d55380985f6b253f3a1395339de504,,2025,26,0,0,extracted
UNGA80_General_Debate_2025_statements/UNGA80_General_Debate_2025/senegal__sn_fr.pdf,388934,ceec410222794080ef591a13770c6f434ed1f4a8ee9c3b2503a62ba0d2dcf475,,2025,18,0,0,extracted
UNGA80_General_Debate_2025_statements/UNGA80_General_Debate_2025/serbia__rs_en.pdf,275210,20414f5fb1017fd31a4a3c6c44c61eacf584db78e2085c93887f08d6779e5847,,2025,7,0,0,extracted
UNGA80_General_Debate_2025_statements/UNGA80_General_Debate_2025/serbia__rs_rs_0.pdf,3814327,dfe934e37978eb3cb25547e1ed6725182576438b81471b7c9a1b7dc0c73a2195,,2025,13,0,0,extracted
UNGA80_General_Debate_2025_statements/UNGA80_General_Debate_2025/sierra-leone__sl_en_0.pdf,326208,a9672431f33b54380c52486326e25883538f27a2b9c8aa13f428d104f4251055,,2025,41,0,0,extracted
UNGA80_General_Debate_2025_statements/UNGA80_General_Debate_2025/singapore__sg_en.pdf,102193,d58de459366cd2312a036a2eec4c957b5d7d7af7a712d0b8a1a417b17dd322e9,,2025,8,0,0,extracted
UNGA80_General_Debate_2025_statements/UNGA80_General_Debate_2025/slovakia__sk_en_0.pdf,188504,0a1f75917be865dea79862157f35c0a3ea7717d1d505c108c0b32f70b07cc473,,2025,3,0,0,extracted
UNGA80_General_Debate_2025_statements/UNGA80_General_Debate_2025/slovenia__si_en.pdf,237336,2e8a7e42c7121c1b879d4d6966e9aa8e6b3c6b3da62c378c0ae3cc56af87ee2d,,2025,10,0,0,extracted
UNGA80_General_Debate_2025_statements/UNGA80_General_Debate_2025/solomon-islands__sb_en.pdf,427363,bd4b8a067596711aeb0487d5d619c8aede96109b0a4ce39ecbbc2b020fe8986e,,2025,17,0,0,extracted
UNGA80_General_Debate_2025_statements/UNGA80_General_Debate_2025/somalia__so_en.pdf,276841,a94190a4fcd7c7d952a6531d2c17bdb4fd766c6040eb1e8b3d6c0bab3aafd9b8,,2025,6,0,0,extracted
UNGA80_General_Debate_2025_statements/UNGA80_General_Debate_2025/south-africa__za_en.pdf,177093,3cd2fb8dc456c11a8fa633f5f6cc64986c40c421546c0c430541ac7dd84fee6c,,2025,6,0,0,extracted
UNGA80_General_Debate_2025_statements/UNGA80_General_Debate_2025/spain__es_es.pdf,6891694,216e913041e5aabb5d3721134a844320586677aaf1f282e7f21af93b5f406128,,2025,8,8,0,needs_review
UNGA80_General_Debate_2025_statements/UNGA80_General_Debate_2025/sri-lanka__lk_en.pdf,168319,135635b4853940a809da464f993e64b18ac8d2fbeb47dc2f257e7a6ef61b755d,,2025,6,0,0,extracted
UNGA80_General_Debate_2025_statements/UNGA80_General_Debate_2025/sudan__sd_fl.pdf,329346,24a9c91c76aca329eddbea085e717d145c14243933916f5d1b071b71812f5c35,,2025,8,0,0,extracted
UNGA80_General_Debate_2025_statements/UNGA80_General_Debate_2025/suriname__sr_en.pdf,296318,479aa1600e76abebca6de1bba92d73cb711a6b2033b9ab12aee6f715aab66ae0,,2025,16,0,0,extracted
UNGA80_General_Debate_2025_statements/UNGA80_General_Debate_2025/sweden__se_en.pdf,309845,23a67b757fd4dccadf92dc1a0fdf07ba5a2fa5a5a2bfd7c5837ed71d85a7a130,,2025,7,0,0,extracted
UNGA80_General_Debate_2025_statements/UNGA80_General_Debate_2025/sweden__se_se_0.pdf,327132,01a560949b5018f4cdd0ad4484ff382b18c7c266e850bf1585be29b41af2b6f7,,2025,7,0,0,extracted
UNGA80_General_Debate_2025_statements/UNGA80_General_Debate_2025/switzerland__ch_de.pdf,400535,077be790ea756c032b737fbfaea59201f781ca2479f7b09d7a9b9d7f9d0f8e1f,,2025,4,0,0,extracted
UNGA80_General_Debate_2025_statements/UNGA80_General_Debate_2025/switzerland__ch_en.pdf,409602,ccf309808642ddb15441195c4dd51e7458cf1b4b8fb86c7b3b15627ca9fdb207,,2025,4,0,0,extracted
UNGA80_General_Debate_2025_statements/UNGA80_General_Debate_2025/switzerland__ch_fr.pdf,398049,2ed1042c675bd0cb6aad8798769ef5689b3246f947e3dfb4bd7df74f67f5954a,,2025,4,0,0,extracted
UNGA80_General_Debate_2025_statements/UNGA80_General_Debate_2025/syrian-arab-republic__sy_en.pdf,170062,e877185608ed349a734327528768290d33180cf8cf07b2c4fcb8cb747d623e93,,2025,10,0,0,extracted
UNGA80_General_Debate_2025_statements/UNGA80_General_Debate_2025/tajikistan__tj_en.pdf,162419,0af5ee47a8970238c71c1b06459e1e45623cbe714a5a19e25c60705ac95dc68e,,2025,7,0,0,extracted
UNGA80_General_Debate_2025_statements/UNGA80_General_Debate_2025/tajikistan__tj_tj.pdf,169000,26d1dba714ce11147a2bf37aa394aec403c6a2cea445cbbbfdbe62be2c8bb311,,2025,7,0,0,extracted
UNGA80_General_Debate_2025_statements/UNGA80_General_Debate_2025/thailand__th_en.pdf,180163,ba2e6610e71b37ed7c71efc221ca841890c7d962c1696ba68851a190c5cf7450,,2025,8,0,0,extracted
UNGA80_General_Debate_2025_statements/UNGA80_General_Debate_2025/timor-leste__tl_en.pdf,368770,0959b79cab6e1ace2a1db2d976ae37a8848882f1793cb0353a79b49ec9251e89,,2025,10,0,0,extracted
UNGA80_General_Debate_2025_statements/UNGA80_General_Debate_2025/timor-leste__tl_pt.pdf,363853,190895c56a063d98532976073285a853374b143c429fa1d0c71c6f8e23db0fdb,,2025,9,0,0,extracted
UNGA80_General_Debate_2025_statements/UNGA80_General_Debate_2025/togo__tg_fl.pdf,635824,4638f7b8ded5ac6bd7c690aa4a0c642711cef8d876967155a8f4dd4fbab6f235,,2025,13,0,0,extracted
UNGA80_General_Debate_2025_statements/UNGA80_General_Debate_2025/tonga__to_en.pdf,268864,49563619536372eab54c2b8a4e17a357f73411f6bebd5ead2b247ebc78deefbf,,2025,7,0,0,extracted
UNGA80_General_Debate_2025_statements/UNGA80_General_Debate_2025/trinidad-and-tobago__tt_en.pdf,179521,402922fd23da07fb786f0eeb84cc3d00429686bc36a9fe41a3df832e6fa73ebd,,2025,17,0,0,extracted
UNGA80_General_Debate_2025_statements/UNGA80_General_Debate_2025/tunisia__tn_ar.pdf,268257,f173e370e8a5c0a351d1964b57d2a481350434cb8c17a5ca390f0c7077cb3dbf,,2025,12,0,0,extracted
UNGA80_General_Debate_2025_statements/UNGA80_General_Debate_2025/turkmenistan__tm_en.pdf,637034,22836394aa45787292d8b68c49ae3c787775a93f8ac88f38899f0596885a3dc0,,2025,5,4,0,needs_review
UNGA80_General_Debate_2025_statements/UNGA80_General_Debate_2025/turkmenistan__tm_ru.pdf,743177,869a93ff47ae7210fba2e996fda6142d49b6375181f7633400e64b595c9a6d00,,2025,6,5,0,needs_review
UNGA80_General_Debate_2025_statements/UNGA80_General_Debate_2025/tuvalu__tv_en.pdf,275454,3ff4bc2160c57982333e95ca47b951f3debfca58b2dd63d6c805bdbff15ec4bf,,2025,15,0,0,extracted
UNGA80_General_Debate_2025_statements/UNGA80_General_Debate_2025/uganda__ug_en.pdf,200988,84550242e2cd8af263f4c90698d63e4f2caacffeaa45b6a6f12d03d1bb313603,,2025,10,0,0,extracted
UNGA80_General_Debate_2025_statements/UNGA80_General_Debate_2025/ukraine__ua_en.pdf,164398,827965b19d3287d28d89961e7d11bef29665cf2d70702191c5e38b1f7387b027,,2025,4,1,0,needs_review
UNGA80_General_Debate_2025_statements/UNGA80_General_Debate_2025/united-arab-emirates__ae_ar.pdf,291514,831866b6144502250d3082d78096efa08d481180ca16f5c3845eb27d437ecb3a,,2025,9,0,0,extracted
UNGA80_General_Debate_2025_statements/UNGA80_General_Debate_2025/united-arab-emirates__ae_en.pdf,259095,e2820a0d5052ea2dc946768cb191ad457415decd1fd59c40a60686a1aa02676f,,2025,5,0,0,extracted
UNGA80_General_Debate_2025_statements/UNGA80_General_Debate_2025/united-kingdom-great-britain-and-northern-ireland__gb_en.pdf,410749,321f5c822f2b9bb8b04332d9feb933bb07e3fd076d5f465712e0a3b8f7482298,,2025,8,6,0,needs_review
UNGA80_General_Debate_2025_statements/UNGA80_General_Debate_2025/united-republic-tanzania__tz_en.pdf,214531,b71c7b094ab9ec8e7a170e2d49311d49ffcfc18b44273763b4a1c0cc3b0e6763,,2025,4,0,0,extracted
UNGA80_General_Debate_2025_statements/UNGA80_General_Debate_2025/uruguay__uy_es.pdf,292672,c6bd3b616837eb278dc39bc710188e6379aa7a3df47203ea1087fd4571e2543d,,2025,4,0,0,extracted
UNGA80_General_Debate_2025_statements/UNGA80_General_Debate_2025/uzbekistan__uz_en.pdf,241301,b5dea77c0307a5a209c7284a8748af0a88236840f18abab530365ec1dc28a28d,,2025,6,0,0,extracted
UNGA80_General_Debate_2025_statements/UNGA80_General_Debate_2025/uzbekistan__uz_ru.pdf,337186,79c1cec42ea8616bd0e8b1b83967c35dae0affadb68a5e1d08f369db9b863b38,,2025,9,0,0,extracted
UNGA80_General_Debate_2025_statements/UNGA80_General_Debate_2025/vanuatu__vu_en.pdf,167356,c82a00b26979c9c37dff5be8fdff697c53362e083ad305d0e813454c6c35e3f5,,2025,6,0,0,extracted
UNGA80_General_Debate_2025_statements/UNGA80_General_Debate_2025/venezuela-bolivarian-republic__ve_es.pdf,147395,0f367797e3ce5eaa658ecd4df0e42f36302673d8bd544169d2ac6ace69592329,,2025,6,0,0,extracted
UNGA80_General_Debate_2025_statements/UNGA80_General_Debate_2025/viet-nam__vn_en.pdf,222731,7980387d5ccac093148dcdd85c376a87fa6bc12e857a4fc270bf80be2f87d130,,2025,5,0,0,extracted
UNGA80_General_Debate_2025_statements/UNGA80_General_Debate_2025/yemen__ye_ar.pdf,163408,043f59e5d29fbafb1773683fd2ba9f0ee5525a50d39a6e160913c405784e91d7,,2025,10,0,0,extracted
UNGA80_General_Debate_2025_statements/UNGA80_General_Debate_2025/zambia__zm_en.pdf,227934,eecfea94dde8e0bfd7fcab8d7291a759d8f214681a514439be6bb7c0f9b6509b,,2025,9,0,0,extracted
UNGA80_General_Debate_2025_statements/UNGA80_General_Debate_2025/zimbabwe__zw_en.pdf,276823,dcd64fa9e49519b533f8ed2225480c0fe6a2667e408a5f3b8fb138784c1cf186,,2025,14,0,0,extracted
