evidence_id,passage_id,speech_id,year,iso3,region,source_file,source_sha256,origin_file,locator,quote,review_status,human_reviewed,commitment_detail,rationale,mechanism,reference_type,stances,requested_functions,un_role
E00009,verbatim_en_2018_MEX:5,2018_MEX,2018,MEX,Latin American and Caribbean States,data/analysis_ready_en/2018/2018_MEX.json,d23451214352e75290290128aab852e8e4acdbc72d8f4a213fde1f7534a60449,data/unga_general_debate_verbatim_en/UNGA73_2018/A_73_PV_6_EN.pdf,"{""bbox"": [312.0, 83.98, 554.6, 121.36], ""char_end"": 150, ""char_start"": 0, ""extracted_block"": 5, ""origin_file"": ""data/unga_general_debate_verbatim_en/UNGA73_2018/A_73_PV_6_EN.pdf"", ""origin_sha256"": ""0d19bc185bd925da8c7cc705f186579a808d400512d58b233fdeb4c137de6174"", ""paragraph"": 5, ""pdf_block"": 6, ""pdf_page"": 25}","promoted the annual assessment of the impact of rapid technological change, especially artificial intelligence, on the achievement of the 2030 Agenda.",reviewed,False,,"UN annual assessment of technological change including AI, promoted by Mexico.",Other model,inferred description,"{""mention"": 1, ""welcome"": 0, ""support"": 1, ""request"": 0, ""concern"": 0, ""opposition"": 0, ""commitment"": 0}","[""scientific assessment""]",explicit
E00028,verbatim_en_2019_LVA:10,2019_LVA,2019,LVA,Eastern European States,data/analysis_ready_en/2019/2019_LVA.json,0689428ce28bafd7962e6664810dcf82eab7adf9a86abb8c05d4584f9db6a2e7,data/unga_general_debate_verbatim_en/UNGA74_2019/A_74_PV_4_EN.pdf,"{""bbox"": [312.0, 459.59, 554.6, 618.17], ""char_end"": 671, ""char_start"": 0, ""extracted_block"": 10, ""origin_file"": ""data/unga_general_debate_verbatim_en/UNGA74_2019/A_74_PV_4_EN.pdf"", ""origin_sha256"": ""032003364b25c638af68243901e6a99597c6c21353ee334e999b2d1c592cba12"", ""paragraph"": 10, ""pdf_block"": 9, ""pdf_page"": 20}","We believe that the report of the Secretary-General’s Highlevel Panel on Digital Cooperation, The Age of Digital Interdependence, and the Secretary-General’s Agenda for Disarmament, which addresses key technology security concerns, are a useful stimulus for a more intensive exchange of ideas in this area.",uncertain,False,,SG High-level Panel on Digital Cooperation report welcomed as stimulus.,Other model,explicit name,"{""mention"": 1, ""welcome"": 1, ""support"": 0, ""request"": 0, ""concern"": 0, ""opposition"": 0, ""commitment"": 0}","[""dialogue/convening""]",explicit
E00034,verbatim_en_2019_SVN:20,2019_SVN,2019,SVN,Eastern European States,data/analysis_ready_en/2019/2019_SVN.json,7d27e7305a60224998fbb5f3ffa8f8cddaa44a772ceb9698a41d0fd07625720a,data/unga_general_debate_verbatim_en/UNGA74_2019/A_74_PV_9_EN.pdf,"{""bbox"": [60.0, 634.75, 302.6, 696.89], ""char_end"": 251, ""char_start"": 0, ""extracted_block"": 20, ""origin_file"": ""data/unga_general_debate_verbatim_en/UNGA74_2019/A_74_PV_9_EN.pdf"", ""origin_sha256"": ""ec279c92ab4cdadb4c670b04e9e8da42b124f198a03ac10fb05510170746ada6"", ""paragraph"": 20, ""pdf_block"": 6, ""pdf_page"": 15}","I am particularly pleased to announce the proposal to set up, with UNESCO’s backing, Europe’s first",uncertain,False,Slovenia proposes to set up an international AI research centre under UNESCO auspices.,UNESCO-backed international AI centre proposed by Slovenia (named in next passage).,Other model,inferred description,"{""mention"": 1, ""welcome"": 0, ""support"": 1, ""request"": 0, ""concern"": 0, ""opposition"": 0, ""commitment"": 1}",[],explicit
E00035,verbatim_en_2019_SVN:21,2019_SVN,2019,SVN,Eastern European States,data/analysis_ready_en/2019/2019_SVN.json,7d27e7305a60224998fbb5f3ffa8f8cddaa44a772ceb9698a41d0fd07625720a,data/unga_general_debate_verbatim_en/UNGA74_2019/A_74_PV_9_EN.pdf,"{""bbox"": [312.0, 83.98, 554.61, 172.44], ""char_end"": 372, ""char_start"": 0, ""extracted_block"": 21, ""origin_file"": ""data/unga_general_debate_verbatim_en/UNGA74_2019/A_74_PV_9_EN.pdf"", ""origin_sha256"": ""ec279c92ab4cdadb4c670b04e9e8da42b124f198a03ac10fb05510170746ada6"", ""paragraph"": 21, ""pdf_block"": 7, ""pdf_page"": 15}","The aim of the centre will be to provide an open environment, focusing on the governance and policies surrounding artificial intelligence.",uncertain,False,Slovenia to host the international AI research centre in Ljubljana and seeks UNESCO General Conference support.,"International AI research centre in Ljubljana under UNESCO, focused on AI governance.",Other model,explicit name,"{""mention"": 1, ""welcome"": 0, ""support"": 1, ""request"": 1, ""concern"": 0, ""opposition"": 0, ""commitment"": 1}","[""dialogue/convening"", ""norms/rules/standards""]",explicit
E00041,verbatim_en_2020_FRA:34,2020_FRA,2020,FRA,Western European and other States,data/analysis_ready_en/2020/2020_FRA.json,f9aaf47725e3437f3b3a015730aa813fe31de0240df0ed5abc5e9efc2bbf11fc,data/unga_general_debate_verbatim_en/UNGA75_2020/A_75_PV_4_EN.pdf,"{""bbox"": [123.36, 634.42, 493.59, 696.89], ""char_end"": 411, ""char_start"": 0, ""extracted_block"": 31, ""origin_file"": ""data/unga_general_debate_verbatim_en/UNGA75_2020/A_75_PV_4_EN.pdf"", ""origin_sha256"": ""b5d97e2353c826473f7faf088cbc240717fe77f9dd7c2cb8dd0a4a118b067ed1"", ""paragraph"": 31, ""pdf_block"": 6, ""pdf_page"": 79}",the initiatives that we are championing as part of the International Partnership on Information and Democracy of the Christchurch Appeal and the Global Partnership on Artificial Intelligence.,uncertain,False,,France says it champions GPAI and calls for consolidating it; non-UN governance partnership.,Other model,explicit name,"{""mention"": 1, ""welcome"": 0, ""support"": 1, ""request"": 0, ""concern"": 0, ""opposition"": 0, ""commitment"": 0}","[""norms/rules/standards""]",generic
E00042,verbatim_en_2020_FRA:35,2020_FRA,2020,FRA,Western European and other States,data/analysis_ready_en/2020/2020_FRA.json,f9aaf47725e3437f3b3a015730aa813fe31de0240df0ed5abc5e9efc2bbf11fc,data/unga_general_debate_verbatim_en/UNGA75_2020/A_75_PV_4_EN.pdf,"{""bbox"": [123.36, 83.65, 493.63, 242.6], ""char_end"": 1048, ""char_start"": 0, ""extracted_block"": 32, ""origin_file"": ""data/unga_general_debate_verbatim_en/UNGA75_2020/A_75_PV_4_EN.pdf"", ""origin_sha256"": ""b5d97e2353c826473f7faf088cbc240717fe77f9dd7c2cb8dd0a4a118b067ed1"", ""paragraph"": 32, ""pdf_block"": 2, ""pdf_page"": 80}",each of these partnerships and make progress on the Aqaba Process,uncertain,False,,Calls to consolidate partnerships that include GPAI (named in preceding sentence).,Other model,inferred description,"{""mention"": 0, ""welcome"": 0, ""support"": 0, ""request"": 0, ""concern"": 0, ""opposition"": 0, ""commitment"": 0}",[],generic
E00050,verbatim_en_2020_SVN:13,2020_SVN,2020,SVN,Eastern European States,data/analysis_ready_en/2020/2020_SVN.json,7be62ee840f15e4f858b8057f4bb5960f8eddbe101d7356e8c18013cc6998ae4,data/unga_general_debate_verbatim_en/UNGA75_2020/A_75_PV_8_EN.pdf,"{""bbox"": [123.36, 475.45, 493.59, 514.34], ""char_end"": 198, ""char_start"": 0, ""extracted_block"": 13, ""origin_file"": ""data/unga_general_debate_verbatim_en/UNGA75_2020/A_75_PV_8_EN.pdf"", ""origin_sha256"": ""5f6224f3b8d56c8f624f623aab70fbb09975f0d4aac19f5a67ee401a89ce31a1"", ""paragraph"": 13, ""pdf_block"": 16, ""pdf_page"": 21}",the very first UNESCO global center for artificial intelligence established in Ljubljana last November,reviewed,False,,"UNESCO AI centre hosted by Slovenia, presented as its contribution.",Other model,explicit name,"{""mention"": 1, ""welcome"": 0, ""support"": 1, ""request"": 0, ""concern"": 0, ""opposition"": 0, ""commitment"": 0}",[],explicit
E00052,verbatim_en_2021_AUT:20,2021_AUT,2021,AUT,Western European and other States,data/analysis_ready_en/2021/2021_AUT.json,3fc94d2ca2a1488ffcbd464d20171edbfa8c5c42367e5e186e0131a601e1173b,data/unga_general_debate_verbatim_en/UNGA76_2021/A_76_PV_11_EN.pdf,"{""bbox"": [60.0, 493.58, 302.6, 629.61], ""char_end"": 542, ""char_start"": 0, ""extracted_block"": 20, ""origin_file"": ""data/unga_general_debate_verbatim_en/UNGA76_2021/A_76_PV_11_EN.pdf"", ""origin_sha256"": ""9aade0325afc41e39f1044fdf658ba9ae85b3fb1760fc63dd262e041985ca7b2"", ""paragraph"": 20, ""pdf_block"": 7, ""pdf_page"": 21}","Last week, Austria organized a conference to ensure meaningful human control over these weapons.",uncertain,False,Austria organized an international conference on meaningful human control over autonomous weapons.,State-convened conference on LAWS.,Dialogue,inferred description,"{""mention"": 0, ""welcome"": 0, ""support"": 0, ""request"": 0, ""concern"": 0, ""opposition"": 0, ""commitment"": 0}","[""dialogue/convening""]",generic
E00052,verbatim_en_2021_AUT:20,2021_AUT,2021,AUT,Western European and other States,data/analysis_ready_en/2021/2021_AUT.json,3fc94d2ca2a1488ffcbd464d20171edbfa8c5c42367e5e186e0131a601e1173b,data/unga_general_debate_verbatim_en/UNGA76_2021/A_76_PV_11_EN.pdf,"{""bbox"": [60.0, 493.58, 302.6, 629.61], ""char_end"": 542, ""char_start"": 0, ""extracted_block"": 20, ""origin_file"": ""data/unga_general_debate_verbatim_en/UNGA76_2021/A_76_PV_11_EN.pdf"", ""origin_sha256"": ""9aade0325afc41e39f1044fdf658ba9ae85b3fb1760fc63dd262e041985ca7b2"", ""paragraph"": 20, ""pdf_block"": 7, ""pdf_page"": 21}","Last week, Austria organized a conference to ensure meaningful human control over these weapons. Together with partner countries and civil society, we hope to establish a process leading to a ban on killer robots.",uncertain,False,Austria organized a conference on human control over autonomous weapons and seeks to establish a process toward a ban.,Proposed ban regime on lethal autonomous weapons.,New body/verification regime,inferred description,"{""mention"": 1, ""welcome"": 0, ""support"": 1, ""request"": 1, ""concern"": 0, ""opposition"": 0, ""commitment"": 1}","[""norms/rules/standards""]",generic
E00060,verbatim_en_2021_SVN:11,2021_SVN,2021,SVN,Eastern European States,data/analysis_ready_en/2021/2021_SVN.json,27025b41728deb1d874d6578a803896b480739d310fd7f42ec326f0011b77301,data/unga_general_debate_verbatim_en/UNGA76_2021/A_76_PV_12_EN.pdf,"{""bbox"": [60.0, 401.91, 302.6, 537.89], ""char_end"": 568, ""char_start"": 0, ""extracted_block"": 11, ""origin_file"": ""data/unga_general_debate_verbatim_en/UNGA76_2021/A_76_PV_12_EN.pdf"", ""origin_sha256"": ""84a24ce11c8ec58143ad429e9d5f570746d49340c91480cb604ba571ce39d2f9"", ""paragraph"": 11, ""pdf_block"": 4, ""pdf_page"": 14}","I was delighted to officially launch, together with the Director-General of UNESCO, Ms. Audrey Azoulay, the International Research Centre on Artificial Intelligence, in Ljubljana",uncertain,False,Slovenia launched and hosts the UNESCO International Research Centre on AI in Ljubljana.,UNESCO-auspices AI research centre hosted by Slovenia.,Other model,explicit name,"{""mention"": 1, ""welcome"": 1, ""support"": 1, ""request"": 0, ""concern"": 0, ""opposition"": 0, ""commitment"": 1}","[""other""]",explicit
E00065,verbatim_en_2022_LKA:26,2022_LKA,2022,LKA,Asia-Pacific States,data/analysis_ready_en/2022/2022_LKA.json,a4c925af62a34f517a8aba1363d5a37d88e41c346240616b24942993ccb052e3,data/unga_general_debate_verbatim_en/UNGA77_2022/A_77_PV_13_EN.pdf,"{""bbox"": [312.0, 340.66, 554.58, 476.63], ""char_end"": 566, ""char_start"": 0, ""extracted_block"": 26, ""origin_file"": ""data/unga_general_debate_verbatim_en/UNGA77_2022/A_77_PV_13_EN.pdf"", ""origin_sha256"": ""437cbc27e89cea6ac676442c618cac7c5605b177e4581e1ab16b1391c5938784"", ""paragraph"": 26, ""pdf_block"": 10, ""pdf_page"": 20}",The absence of a regulatory supervisory regime concerning the use of new technologies in cyberspace and in artificial intelligence needs to be addressed urgently.,reviewed,False,,Requests a regulatory supervisory regime for AI.,New body/verification regime,inferred description,"{""mention"": 1, ""welcome"": 0, ""support"": 0, ""request"": 1, ""concern"": 0, ""opposition"": 0, ""commitment"": 0}","[""monitoring/oversight/verification"", ""norms/rules/standards""]",generic
E00067,verbatim_en_2022_PHL:30,2022_PHL,2022,PHL,Asia-Pacific States,data/analysis_ready_en/2022/2022_PHL.json,9dd73b070444b50771807d1c247024f66b981a698e8781a26aa69148bafdd587,data/unga_general_debate_verbatim_en/UNGA77_2022/A_77_PV_5_EN.pdf,"{""bbox"": [60.0, 299.48, 302.59, 468.82], ""char_end"": 747, ""char_start"": 0, ""extracted_block"": 30, ""origin_file"": ""data/unga_general_debate_verbatim_en/UNGA77_2022/A_77_PV_5_EN.pdf"", ""origin_sha256"": ""818c353887309a4c9ca88772fdbd52cfed09c1588403b5c434fcee7d5de00256"", ""paragraph"": 30, ""pdf_block"": 4, ""pdf_page"": 6}",we need new structures to govern rapid advances in other areas. We need to start by defining the norms of responsible behaviour in cyberspace and outer space and forming legal rules that will prevent the weaponization of artificial intelligence.,uncertain,False,,Requests new governance structures and legal rules against AI weaponization.,New body/verification regime,inferred description,"{""mention"": 0, ""welcome"": 0, ""support"": 0, ""request"": 0, ""concern"": 0, ""opposition"": 0, ""commitment"": 0}","[""norms/rules/standards""]",generic
E00067,verbatim_en_2022_PHL:30,2022_PHL,2022,PHL,Asia-Pacific States,data/analysis_ready_en/2022/2022_PHL.json,9dd73b070444b50771807d1c247024f66b981a698e8781a26aa69148bafdd587,data/unga_general_debate_verbatim_en/UNGA77_2022/A_77_PV_5_EN.pdf,"{""bbox"": [60.0, 299.48, 302.59, 468.82], ""char_end"": 747, ""char_start"": 0, ""extracted_block"": 30, ""origin_file"": ""data/unga_general_debate_verbatim_en/UNGA77_2022/A_77_PV_5_EN.pdf"", ""origin_sha256"": ""818c353887309a4c9ca88772fdbd52cfed09c1588403b5c434fcee7d5de00256"", ""paragraph"": 30, ""pdf_block"": 4, ""pdf_page"": 6}",we need new structures to govern rapid advances in other areas. We need to start by defining the norms of responsible behaviour in cyberspace and outer space and forming legal rules that will prevent the weaponization of artificial intelligence.,uncertain,False,,Requests new structures and legal rules on AI weaponization.,Other model,inferred description,"{""mention"": 1, ""welcome"": 0, ""support"": 0, ""request"": 1, ""concern"": 0, ""opposition"": 0, ""commitment"": 0}","[""norms/rules/standards""]",generic
E00070,verbatim_en_2023_ATG:31,2023_ATG,2023,ATG,Latin American and Caribbean States,data/analysis_ready_en/2023/2023_ATG.json,f70a67004bece6acac3919f9dd5f2afa3589dff56e70182ddf6cbfe007d003eb,data/unga_general_debate_verbatim_en/UNGA78_2023/A_78_PV_10_EN.pdf,"{""bbox"": [312.0, 485.37, 554.6, 696.89], ""char_end"": 925, ""char_start"": 0, ""extracted_block"": 31, ""origin_file"": ""data/unga_general_debate_verbatim_en/UNGA78_2023/A_78_PV_10_EN.pdf"", ""origin_sha256"": ""d0c1970be1a8d9e32af5de45630952691679491dac03dde6ff3cc9e95d57241b"", ""paragraph"": 31, ""pdf_block"": 10, ""pdf_page"": 48}","Antigua and Barbuda fully support that recommendation, and we will work with other nations to successfully conclude an international treaty that shields our societies and safeguards our national security from this threat.",uncertain,False,Antigua and Barbuda will work with other nations to conclude a treaty prohibiting lethal autonomous weapon systems.,Legally binding instrument on LAWS recommended by the Secretary-General.,New body/verification regime,inferred description,"{""mention"": 1, ""welcome"": 0, ""support"": 1, ""request"": 0, ""concern"": 0, ""opposition"": 0, ""commitment"": 1}","[""norms/rules/standards""]",explicit
E00070,verbatim_en_2023_ATG:31,2023_ATG,2023,ATG,Latin American and Caribbean States,data/analysis_ready_en/2023/2023_ATG.json,f70a67004bece6acac3919f9dd5f2afa3589dff56e70182ddf6cbfe007d003eb,data/unga_general_debate_verbatim_en/UNGA78_2023/A_78_PV_10_EN.pdf,"{""bbox"": [312.0, 485.37, 554.6, 696.89], ""char_end"": 925, ""char_start"": 0, ""extracted_block"": 31, ""origin_file"": ""data/unga_general_debate_verbatim_en/UNGA78_2023/A_78_PV_10_EN.pdf"", ""origin_sha256"": ""d0c1970be1a8d9e32af5de45630952691679491dac03dde6ff3cc9e95d57241b"", ""paragraph"": 31, ""pdf_block"": 10, ""pdf_page"": 48}","He has urged nations to formulate a legally binding instrument by 2026 to prohibit lethal autonomous weapon systems. Antigua and Barbuda fully support that recommendation, and we will work with other nations to successfully conclude an international treaty",uncertain,False,Antigua and Barbuda will work with other nations to conclude a treaty prohibiting lethal autonomous weapon systems.,Supports and commits to a LAWS treaty recommended by the SG.,Other model,name variant,"{""mention"": 0, ""welcome"": 0, ""support"": 0, ""request"": 0, ""concern"": 0, ""opposition"": 0, ""commitment"": 0}","[""norms/rules/standards""]",explicit
E00072,verbatim_en_2023_BGR:17,2023_BGR,2023,BGR,Eastern European States,data/analysis_ready_en/2023/2023_BGR.json,b48eebd36f581a5df1663c2f7d4436468436c1496d09e15ba004072d896c8d81,data/unga_general_debate_verbatim_en/UNGA78_2023/A_78_PV_6_EN.pdf,"{""bbox"": [60.0, 187.7, 302.61, 262.45], ""char_end"": 267, ""char_start"": 0, ""extracted_block"": 17, ""origin_file"": ""data/unga_general_debate_verbatim_en/UNGA78_2023/A_78_PV_6_EN.pdf"", ""origin_sha256"": ""7ce5f607716aef003034d2e01017b7221ce26b4f1f9199fbfb39dcf983612ed9"", ""paragraph"": 17, ""pdf_block"": 3, ""pdf_page"": 28}",The Global Digital Compact should harness the potential of digital technologies to accelerate the achievement of the SDGs.,reviewed,False,,Supportive expectations for the Global Digital Compact.,Other model,explicit name,"{""mention"": 1, ""welcome"": 0, ""support"": 1, ""request"": 0, ""concern"": 0, ""opposition"": 0, ""commitment"": 0}","[""norms/rules/standards""]",explicit
E00073,verbatim_en_2023_BRB:6,2023_BRB,2023,BRB,Latin American and Caribbean States,data/analysis_ready_en/2023/2023_BRB.json,ec2f4db4ececa422c1e351581d5990180e8022e41045608d765841ff813a0468,data/unga_general_debate_verbatim_en/UNGA78_2023/A_78_PV_10_EN.pdf,"{""bbox"": [60.0, 471.38, 302.59, 642.41], ""char_end"": 737, ""char_start"": 0, ""extracted_block"": 6, ""origin_file"": ""data/unga_general_debate_verbatim_en/UNGA78_2023/A_78_PV_10_EN.pdf"", ""origin_sha256"": ""d0c1970be1a8d9e32af5de45630952691679491dac03dde6ff3cc9e95d57241b"", ""paragraph"": 6, ""pdf_block"": 4, ""pdf_page"": 22}",We therefore support the actions of the Secretary- General,reviewed,False,,"Support for the Secretary-General's AI initiatives (e.g. advisory body), not named.",Other model,inferred description,"{""mention"": 1, ""welcome"": 0, ""support"": 1, ""request"": 0, ""concern"": 0, ""opposition"": 0, ""commitment"": 0}","[""norms/rules/standards""]",explicit
E00081,verbatim_en_2023_CRI:6,2023_CRI,2023,CRI,Latin American and Caribbean States,data/analysis_ready_en/2023/2023_CRI.json,a4c32824d6b909bf0a960569e0e53af497973516b9194c03e14e5d549e9346f2,data/unga_general_debate_verbatim_en/UNGA78_2023/A_78_PV_11_EN.pdf,"{""bbox"": [60.0, 544.07, 302.61, 642.4], ""char_end"": 400, ""char_start"": 0, ""extracted_block"": 6, ""origin_file"": ""data/unga_general_debate_verbatim_en/UNGA78_2023/A_78_PV_11_EN.pdf"", ""origin_sha256"": ""99050938438b0e47be9434b27e7ec03f0f9b4629073c2ce97192e7be8a777683"", ""paragraph"": 6, ""pdf_block"": 6, ""pdf_page"": 49}","together with Austria and Mexico, we will submit a draft resolution to the General Assembly that addresses the issue of autonomous weapons systems.",uncertain,False,"Costa Rica, with Austria and Mexico, will submit a GA draft resolution on autonomous weapons systems.",GA resolution on AWS per Belem communique.,Other model,inferred description,"{""mention"": 0, ""welcome"": 0, ""support"": 0, ""request"": 0, ""concern"": 0, ""opposition"": 0, ""commitment"": 0}","[""norms/rules/standards""]",explicit
E00082,verbatim_en_2023_DEU:25,2023_DEU,2023,DEU,Western European and other States,data/analysis_ready_en/2023/2023_DEU.json,a06a05c3c755f7f79a5a6808d72518845f5682aad156f0f50fe09379f3945c5b,data/unga_general_debate_verbatim_en/UNGA78_2023/A_78_PV_5_EN.pdf,"{""bbox"": [60.0, 374.67, 302.59, 554.32], ""char_end"": 794, ""char_start"": 0, ""extracted_block"": 25, ""origin_file"": ""data/unga_general_debate_verbatim_en/UNGA78_2023/A_78_PV_5_EN.pdf"", ""origin_sha256"": ""1fd1f02bf9b81d164d370ceba895ce212a70768575600aa86413764e0570ea68"", ""paragraph"": 25, ""pdf_block"": 5, ""pdf_page"": 47}",That is why Germany is actively fostering exchange on the Global Digital Compact.,uncertain,False,Germany is actively fostering exchange on the Global Digital Compact.,Germany engages in and supports the GDC process.,Other model,explicit name,"{""mention"": 1, ""welcome"": 0, ""support"": 1, ""request"": 0, ""concern"": 0, ""opposition"": 0, ""commitment"": 1}",[],explicit
E00083,verbatim_en_2023_ESP:40,2023_ESP,2023,ESP,Western European and other States,data/analysis_ready_en/2023/2023_ESP.json,15c8d0894d90b6f0fb7914a80dd51b578da10b0f5181a73da931ec16c681dee8,data/unga_general_debate_verbatim_en/UNGA78_2023/A_78_PV_7_EN.pdf,"{""bbox"": [312.0, 229.0, 554.6, 363.7], ""char_end"": 556, ""char_start"": 0, ""extracted_block"": 40, ""origin_file"": ""data/unga_general_debate_verbatim_en/UNGA78_2023/A_78_PV_7_EN.pdf"", ""origin_sha256"": ""007b3d8a13a8caa1ea16985b4ae596fbc00361eabf4c773945b30b6fc72a3418"", ""paragraph"": 40, ""pdf_block"": 9, ""pdf_page"": 47}",We would like to host the headquarters of a future international artificial intelligence agency.,reviewed,False,Spain offers to host the headquarters of a future international AI agency.,Supports a future international AI agency and offers to host it.,New body/verification regime,inferred description,"{""mention"": 1, ""welcome"": 0, ""support"": 1, ""request"": 0, ""concern"": 0, ""opposition"": 0, ""commitment"": 1}",[],generic
E00083,verbatim_en_2023_ESP:40,2023_ESP,2023,ESP,Western European and other States,data/analysis_ready_en/2023/2023_ESP.json,15c8d0894d90b6f0fb7914a80dd51b578da10b0f5181a73da931ec16c681dee8,data/unga_general_debate_verbatim_en/UNGA78_2023/A_78_PV_7_EN.pdf,"{""bbox"": [312.0, 229.0, 554.6, 363.7], ""char_end"": 556, ""char_start"": 0, ""extracted_block"": 40, ""origin_file"": ""data/unga_general_debate_verbatim_en/UNGA78_2023/A_78_PV_7_EN.pdf"", ""origin_sha256"": ""007b3d8a13a8caa1ea16985b4ae596fbc00361eabf4c773945b30b6fc72a3418"", ""paragraph"": 40, ""pdf_block"": 9, ""pdf_page"": 47}",Spain is committed to supporting the Secretary-General’s Envoy on Technology with resources and know-how in developing multilateral governance in that area.,uncertain,False,Spain commits resources and know-how to the UN Tech Envoy for AI governance work.,Support and resource commitment to the Tech Envoy.,Other model,explicit name,"{""mention"": 1, ""welcome"": 0, ""support"": 1, ""request"": 0, ""concern"": 0, ""opposition"": 0, ""commitment"": 1}","[""norms/rules/standards""]",explicit
E00088,verbatim_en_2023_GBR:7,2023_GBR,2023,GBR,Western European and other States,data/analysis_ready_en/2023/2023_GBR.json,d7d98a01c6410e0414dc4fdfd1bd5945298269bc0d353b2f1c82b48fe0633ec0,data/unga_general_debate_verbatim_en/UNGA78_2023/A_78_PV_11_EN.pdf,"{""bbox"": [60.0, 236.6, 302.61, 543.95], ""char_end"": 1371, ""char_start"": 0, ""extracted_block"": 7, ""origin_file"": ""data/unga_general_debate_verbatim_en/UNGA78_2023/A_78_PV_11_EN.pdf"", ""origin_sha256"": ""99050938438b0e47be9434b27e7ec03f0f9b4629073c2ce97192e7be8a777683"", ""paragraph"": 7, ""pdf_block"": 3, ""pdf_page"": 33}",Our efforts need to pre-empt those possibilities and to come together to agree a shared understanding of those risks. That is what the AI summit that the United Kingdom is hosting in November will seek to achieve.,reviewed,False,United Kingdom hosts the AI safety summit in November 2023.,UK-hosted AI summit on frontier risks.,Other model,name variant,"{""mention"": 1, ""welcome"": 0, ""support"": 1, ""request"": 0, ""concern"": 0, ""opposition"": 0, ""commitment"": 1}","[""dialogue/convening"", ""scientific assessment""]",generic
E00093,verbatim_en_2023_GBR:12,2023_GBR,2023,GBR,Western European and other States,data/analysis_ready_en/2023/2023_GBR.json,d7d98a01c6410e0414dc4fdfd1bd5945298269bc0d353b2f1c82b48fe0633ec0,data/unga_general_debate_verbatim_en/UNGA78_2023/A_78_PV_11_EN.pdf,"{""bbox"": [312.0, 374.15, 554.58, 449.55], ""char_end"": 256, ""char_start"": 0, ""extracted_block"": 12, ""origin_file"": ""data/unga_general_debate_verbatim_en/UNGA78_2023/A_78_PV_11_EN.pdf"", ""origin_sha256"": ""99050938438b0e47be9434b27e7ec03f0f9b4629073c2ce97192e7be8a777683"", ""paragraph"": 12, ""pdf_block"": 8, ""pdf_page"": 33}","working with like-minded allies in the United Nations and through the Group of Seven’s Hiroshima AI Process, the Global Partnership on AI and the Organization for Economic Cooperation and Development",uncertain,False,,"G7 Hiroshima AI Process, GPAI and OECD as AI governance venues the UK works through.",Other model,explicit name,"{""mention"": 1, ""welcome"": 0, ""support"": 1, ""request"": 0, ""concern"": 0, ""opposition"": 0, ""commitment"": 0}",[],generic
E00095,verbatim_en_2023_GBR:14,2023_GBR,2023,GBR,Western European and other States,data/analysis_ready_en/2023/2023_GBR.json,d7d98a01c6410e0414dc4fdfd1bd5945298269bc0d353b2f1c82b48fe0633ec0,data/unga_general_debate_verbatim_en/UNGA78_2023/A_78_PV_11_EN.pdf,"{""bbox"": [312.0, 571.94, 554.59, 696.89], ""char_end"": 526, ""char_start"": 0, ""extracted_block"": 14, ""origin_file"": ""data/unga_general_debate_verbatim_en/UNGA78_2023/A_78_PV_11_EN.pdf"", ""origin_sha256"": ""99050938438b0e47be9434b27e7ec03f0f9b4629073c2ce97192e7be8a777683"", ""paragraph"": 14, ""pdf_block"": 10, ""pdf_page"": 33}","Our first ever AI summit, in November, will kick-start that process, with a focus on frontier technology.",reviewed,False,UK will host its first AI (safety) summit in November focused on frontier technology.,UK AI Safety Summit as a multilateral AI governance process.,Other model,name variant,"{""mention"": 1, ""welcome"": 0, ""support"": 1, ""request"": 0, ""concern"": 0, ""opposition"": 0, ""commitment"": 1}","[""dialogue/convening""]",generic
E00097,verbatim_en_2023_GBR:16,2023_GBR,2023,GBR,Western European and other States,data/analysis_ready_en/2023/2023_GBR.json,d7d98a01c6410e0414dc4fdfd1bd5945298269bc0d353b2f1c82b48fe0633ec0,data/unga_general_debate_verbatim_en/UNGA78_2023/A_78_PV_11_EN.pdf,"{""bbox"": [60.0, 223.0, 302.58, 309.21], ""char_end"": 373, ""char_start"": 0, ""extracted_block"": 16, ""origin_file"": ""data/unga_general_debate_verbatim_en/UNGA78_2023/A_78_PV_11_EN.pdf"", ""origin_sha256"": ""99050938438b0e47be9434b27e7ec03f0f9b4629073c2ce97192e7be8a777683"", ""paragraph"": 16, ""pdf_block"": 3, ""pdf_page"": 34}","Our summit will aim to reach a common understanding of those most extreme risks and how the world should confront them and, at the same time, focus on how safe AI can be used for public good.",reviewed,False,UK summit to build common understanding of extreme AI risks.,UK AI Safety Summit.,Other model,name variant,"{""mention"": 1, ""welcome"": 0, ""support"": 1, ""request"": 0, ""concern"": 0, ""opposition"": 0, ""commitment"": 1}","[""dialogue/convening"", ""scientific assessment""]",generic
E00098,verbatim_en_2023_GBR:17,2023_GBR,2023,GBR,Western European and other States,data/analysis_ready_en/2023/2023_GBR.json,d7d98a01c6410e0414dc4fdfd1bd5945298269bc0d353b2f1c82b48fe0633ec0,data/unga_general_debate_verbatim_en/UNGA78_2023/A_78_PV_11_EN.pdf,"{""bbox"": [60.0, 313.86, 302.6, 363.7], ""char_end"": 175, ""char_start"": 0, ""extracted_block"": 17, ""origin_file"": ""data/unga_general_debate_verbatim_en/UNGA78_2023/A_78_PV_11_EN.pdf"", ""origin_sha256"": ""99050938438b0e47be9434b27e7ec03f0f9b4629073c2ce97192e7be8a777683"", ""paragraph"": 17, ""pdf_block"": 4, ""pdf_page"": 34}","The speed of its progress demands that this cannot be a one-off or even an annual gathering. New breakthroughs are happening daily, and we will need to convene more regularly.",reviewed,False,,Calls for the AI summit process to convene more regularly.,Other model,inferred description,"{""mention"": 1, ""welcome"": 0, ""support"": 1, ""request"": 1, ""concern"": 0, ""opposition"": 0, ""commitment"": 0}","[""dialogue/convening""]",generic
E00099,verbatim_en_2023_GBR:18,2023_GBR,2023,GBR,Western European and other States,data/analysis_ready_en/2023/2023_GBR.json,d7d98a01c6410e0414dc4fdfd1bd5945298269bc0d353b2f1c82b48fe0633ec0,data/unga_general_debate_verbatim_en/UNGA78_2023/A_78_PV_11_EN.pdf,"{""bbox"": [60.0, 368.35, 302.6, 478.8], ""char_end"": 497, ""char_start"": 0, ""extracted_block"": 18, ""origin_file"": ""data/unga_general_debate_verbatim_en/UNGA78_2023/A_78_PV_11_EN.pdf"", ""origin_sha256"": ""99050938438b0e47be9434b27e7ec03f0f9b4629073c2ce97192e7be8a777683"", ""paragraph"": 18, ""pdf_block"": 5, ""pdf_page"": 34}",it is essential that we bring Governments together with the best academics and researchers to be able to evaluate technologies. Technology companies must not mark their own homework,uncertain,False,,Calls for government-led independent evaluation of AI models.,Other model,inferred description,"{""mention"": 0, ""welcome"": 0, ""support"": 0, ""request"": 0, ""concern"": 0, ""opposition"": 0, ""commitment"": 0}","[""monitoring/oversight/verification"", ""scientific assessment""]",generic
E00100,verbatim_en_2023_GBR:19,2023_GBR,2023,GBR,Western European and other States,data/analysis_ready_en/2023/2023_GBR.json,d7d98a01c6410e0414dc4fdfd1bd5945298269bc0d353b2f1c82b48fe0633ec0,data/unga_general_debate_verbatim_en/UNGA78_2023/A_78_PV_11_EN.pdf,"{""bbox"": [60.0, 483.46, 302.59, 618.15], ""char_end"": 571, ""char_start"": 0, ""extracted_block"": 19, ""origin_file"": ""data/unga_general_debate_verbatim_en/UNGA78_2023/A_78_PV_11_EN.pdf"", ""origin_sha256"": ""99050938438b0e47be9434b27e7ec03f0f9b4629073c2ce97192e7be8a777683"", ""paragraph"": 19, ""pdf_block"": 6, ""pdf_page"": 34}","And our ambition is for the Taskforce to evolve to become a permanent institutional structure, with an international offer.",reviewed,False,UK intends to make its Frontier AI Taskforce a permanent institution with an international offer.,Frontier AI Taskforce (national red-teaming body) proposed as a permanent structure offered internationally.,Other model,explicit name,"{""mention"": 1, ""welcome"": 0, ""support"": 1, ""request"": 0, ""concern"": 0, ""opposition"": 0, ""commitment"": 1}","[""monitoring/oversight/verification"", ""scientific assessment""]",generic
E00105,verbatim_en_2023_IND:9,2023_IND,2023,IND,Asia-Pacific States,data/analysis_ready_en/2023/2023_IND.json,9582950ec9f15209d2d25fe36fcc4d06d189695f0ee255fb550e744b7c662209,data/unga_general_debate_verbatim_en/UNGA78_2023/A_78_PV_14_EN.pdf,"{""bbox"": [60.0, 362.3, 302.6, 521.21], ""char_end"": 661, ""char_start"": 0, ""extracted_block"": 9, ""origin_file"": ""data/unga_general_debate_verbatim_en/UNGA78_2023/A_78_PV_14_EN.pdf"", ""origin_sha256"": ""f7777278ae6f972e5a5c51651b7e481ee10faf9348d2ce7dda837a88a7a15e7a"", ""paragraph"": 9, ""pdf_block"": 4, ""pdf_page"": 2}",The New Delhi G20 outcomes are expressed both as larger policies and as specific initiatives.,uncertain,False,,G20 outcomes including on responsible harnessing of AI presented positively.,Other model,name variant,"{""mention"": 1, ""welcome"": 1, ""support"": 0, ""request"": 0, ""concern"": 0, ""opposition"": 0, ""commitment"": 0}","[""norms/rules/standards""]",generic
E00116,verbatim_en_2023_ITA:21,2023_ITA,2023,ITA,Western European and other States,data/analysis_ready_en/2023/2023_ITA.json,9c821ba6ee3fc05ac12ffe053955d261db1a8e66de8edbea2eff84eebc5af7fd,data/unga_general_debate_verbatim_en/UNGA78_2023/A_78_PV_7_EN.pdf,"{""bbox"": [312.0, 204.81, 554.6, 307.84], ""char_end"": 412, ""char_start"": 0, ""extracted_block"": 21, ""origin_file"": ""data/unga_general_debate_verbatim_en/UNGA78_2023/A_78_PV_7_EN.pdf"", ""origin_sha256"": ""007b3d8a13a8caa1ea16985b4ae596fbc00361eabf4c773945b30b6fc72a3418"", ""paragraph"": 21, ""pdf_block"": 8, ""pdf_page"": 43}",We need global governance mechanisms that ensure that such technologies respect ethical boundaries,uncertain,False,,Unspecified global AI governance mechanisms requested.,Other model,inferred description,"{""mention"": 1, ""welcome"": 0, ""support"": 0, ""request"": 1, ""concern"": 0, ""opposition"": 0, ""commitment"": 0}","[""norms/rules/standards""]",generic
E00118,verbatim_en_2023_JPN:13,2023_JPN,2023,JPN,Asia-Pacific States,data/analysis_ready_en/2023/2023_JPN.json,9cadb1e6aadb450a838efe4ead70eac282059bd4ffacda5d4958aab8cf921dce,data/unga_general_debate_verbatim_en/UNGA78_2023/A_78_PV_5_EN.pdf,"{""bbox"": [312.0, 83.65, 554.6, 217.07], ""char_end"": 571, ""char_start"": 0, ""extracted_block"": 13, ""origin_file"": ""data/unga_general_debate_verbatim_en/UNGA78_2023/A_78_PV_5_EN.pdf"", ""origin_sha256"": ""1fd1f02bf9b81d164d370ceba895ce212a70768575600aa86413764e0570ea68"", ""paragraph"": 13, ""pdf_block"": 7, ""pdf_page"": 49}","at the G-7 Hiroshima Summit, we launched the Hiroshima Artificial Intelligence (AI) Process on generative AI, towards attaining trustworthy AI.",reviewed,False,,Japan launched the G7 Hiroshima AI Process (past action) toward trustworthy AI.,Other model,explicit name,"{""mention"": 1, ""welcome"": 0, ""support"": 1, ""request"": 0, ""concern"": 0, ""opposition"": 0, ""commitment"": 0}","[""norms/rules/standards""]",generic
E00119,verbatim_en_2023_KOR:10,2023_KOR,2023,KOR,Asia-Pacific States,data/analysis_ready_en/2023/2023_KOR.json,51e0718d4e8e379ad48d3552542f654c1b38aa3057ae3b73274a5636580f2802,data/unga_general_debate_verbatim_en/UNGA78_2023/A_78_PV_6_EN.pdf,"{""bbox"": [60.0, 489.5, 302.61, 696.89], ""char_end"": 917, ""char_start"": 0, ""extracted_block"": 10, ""origin_file"": ""data/unga_general_debate_verbatim_en/UNGA78_2023/A_78_PV_6_EN.pdf"", ""origin_sha256"": ""7ce5f607716aef003034d2e01017b7221ce26b4f1f9199fbfb39dcf983612ed9"", ""paragraph"": 10, ""pdf_block"": 5, ""pdf_page"": 44}",I have also proposed the establishment of an international organization under the United Nations to discuss and set forth rules regarding digital ethics.,reviewed,False,,Korea proposes a new UN organization to set digital/AI ethics rules.,New body/verification regime,inferred description,"{""mention"": 1, ""welcome"": 0, ""support"": 1, ""request"": 1, ""concern"": 0, ""opposition"": 0, ""commitment"": 0}","[""dialogue/convening"", ""norms/rules/standards""]",explicit
E00120,verbatim_en_2023_KOR:11,2023_KOR,2023,KOR,Asia-Pacific States,data/analysis_ready_en/2023/2023_KOR.json,51e0718d4e8e379ad48d3552542f654c1b38aa3057ae3b73274a5636580f2802,data/unga_general_debate_verbatim_en/UNGA78_2023/A_78_PV_6_EN.pdf,"{""bbox"": [312.0, 83.65, 554.6, 145.6], ""char_end"": 245, ""char_start"": 0, ""extracted_block"": 11, ""origin_file"": ""data/unga_general_debate_verbatim_en/UNGA78_2023/A_78_PV_6_EN.pdf"", ""origin_sha256"": ""7ce5f607716aef003034d2e01017b7221ce26b4f1f9199fbfb39dcf983612ed9"", ""paragraph"": 11, ""pdf_block"": 6, ""pdf_page"": 44}",Korean Government plans to host a global AI forum.,uncertain,False,Korea plans to host a global AI forum.,Korea-hosted global AI forum as a convening mechanism.,Dialogue,inferred description,"{""mention"": 1, ""welcome"": 0, ""support"": 1, ""request"": 0, ""concern"": 0, ""opposition"": 0, ""commitment"": 1}","[""dialogue/convening""]",generic
E00120,verbatim_en_2023_KOR:11,2023_KOR,2023,KOR,Asia-Pacific States,data/analysis_ready_en/2023/2023_KOR.json,51e0718d4e8e379ad48d3552542f654c1b38aa3057ae3b73274a5636580f2802,data/unga_general_debate_verbatim_en/UNGA78_2023/A_78_PV_6_EN.pdf,"{""bbox"": [312.0, 83.65, 554.6, 145.6], ""char_end"": 245, ""char_start"": 0, ""extracted_block"": 11, ""origin_file"": ""data/unga_general_debate_verbatim_en/UNGA78_2023/A_78_PV_6_EN.pdf"", ""origin_sha256"": ""7ce5f607716aef003034d2e01017b7221ce26b4f1f9199fbfb39dcf983612ed9"", ""paragraph"": 11, ""pdf_block"": 6, ""pdf_page"": 44}",We also plan to collaborate closely with the high-level advisory body on AI being established by the United Nations to provide a network for communication and collaboration among global experts.,uncertain,False,Korea plans to collaborate closely with the UN High-level Advisory Body on AI.,Supports and pledges collaboration with the AI Advisory Body.,Other model,name variant,"{""mention"": 1, ""welcome"": 0, ""support"": 1, ""request"": 0, ""concern"": 0, ""opposition"": 0, ""commitment"": 1}","[""coordination""]",explicit
E00124,verbatim_en_2023_MCO:22,2023_MCO,2023,MCO,Western European and other States,data/analysis_ready_en/2023/2023_MCO.json,553cd9ce892321481db51759a1f4d4a11cd7be66eaf3bb5e2a14578566c8f3ed,data/unga_general_debate_verbatim_en/UNGA78_2023/A_78_PV_7_EN.pdf,"{""bbox"": [60.0, 361.24, 302.59, 551.77], ""char_end"": 771, ""char_start"": 0, ""extracted_block"": 22, ""origin_file"": ""data/unga_general_debate_verbatim_en/UNGA78_2023/A_78_PV_7_EN.pdf"", ""origin_sha256"": ""007b3d8a13a8caa1ea16985b4ae596fbc00361eabf4c773945b30b6fc72a3418"", ""paragraph"": 22, ""pdf_block"": 4, ""pdf_page"": 17}",I welcome all the work aimed at developing a high-level consultative body within the United Nations to work on the international governance of artificial intelligence.,uncertain,False,,Refers to the Secretary-General's High-level Advisory Body on AI.,Other model,name variant,"{""mention"": 1, ""welcome"": 1, ""support"": 0, ""request"": 0, ""concern"": 0, ""opposition"": 0, ""commitment"": 0}",[],explicit
E00140,verbatim_en_2023_SGP:16,2023_SGP,2023,SGP,Asia-Pacific States,data/analysis_ready_en/2023/2023_SGP.json,d80708f843e3c11ee087e9c262e6f0b9d8a460abffee7bf5e0d3cf1f65fea2c3,data/unga_general_debate_verbatim_en/UNGA78_2023/A_78_PV_11_EN.pdf,"{""bbox"": [60.0, 162.37, 302.6, 345.53], ""char_end"": 797, ""char_start"": 0, ""extracted_block"": 16, ""origin_file"": ""data/unga_general_debate_verbatim_en/UNGA78_2023/A_78_PV_11_EN.pdf"", ""origin_sha256"": ""99050938438b0e47be9434b27e7ec03f0f9b4629073c2ce97192e7be8a777683"", ""paragraph"": 16, ""pdf_block"": 3, ""pdf_page"": 36}","We therefore must start an inclusive global dialogue, and we must start it at the United Nations. We need to urgently consider the oversight of such systems",uncertain,False,,Requests an inclusive global dialogue on AI at the UN.,Dialogue,inferred description,"{""mention"": 1, ""welcome"": 0, ""support"": 0, ""request"": 1, ""concern"": 0, ""opposition"": 0, ""commitment"": 0}","[""dialogue/convening"", ""monitoring/oversight/verification""]",explicit
E00140,verbatim_en_2023_SGP:16,2023_SGP,2023,SGP,Asia-Pacific States,data/analysis_ready_en/2023/2023_SGP.json,d80708f843e3c11ee087e9c262e6f0b9d8a460abffee7bf5e0d3cf1f65fea2c3,data/unga_general_debate_verbatim_en/UNGA78_2023/A_78_PV_11_EN.pdf,"{""bbox"": [60.0, 162.37, 302.6, 345.53], ""char_end"": 797, ""char_start"": 0, ""extracted_block"": 16, ""origin_file"": ""data/unga_general_debate_verbatim_en/UNGA78_2023/A_78_PV_11_EN.pdf"", ""origin_sha256"": ""99050938438b0e47be9434b27e7ec03f0f9b4629073c2ce97192e7be8a777683"", ""paragraph"": 16, ""pdf_block"": 3, ""pdf_page"": 36}",Singapore welcomes the Secretary-General’s decision to convene a high-level advisory body on AI to explore those critical issues.,uncertain,False,,Welcomes the SG's High-level Advisory Body on AI.,Other model,name variant,"{""mention"": 1, ""welcome"": 1, ""support"": 0, ""request"": 0, ""concern"": 0, ""opposition"": 0, ""commitment"": 0}","[""other""]",explicit
E00141,verbatim_en_2023_SGP:17,2023_SGP,2023,SGP,Asia-Pacific States,data/analysis_ready_en/2023/2023_SGP.json,d80708f843e3c11ee087e9c262e6f0b9d8a460abffee7bf5e0d3cf1f65fea2c3,data/unga_general_debate_verbatim_en/UNGA78_2023/A_78_PV_11_EN.pdf,"{""bbox"": [60.0, 350.18, 302.59, 509.09], ""char_end"": 694, ""char_start"": 0, ""extracted_block"": 17, ""origin_file"": ""data/unga_general_debate_verbatim_en/UNGA78_2023/A_78_PV_11_EN.pdf"", ""origin_sha256"": ""99050938438b0e47be9434b27e7ec03f0f9b4629073c2ce97192e7be8a777683"", ""paragraph"": 17, ""pdf_block"": 4, ""pdf_page"": 36}",We also look forward to the adoption of a global digital compact at the Summit of the Future in 2024.,reviewed,False,,Supports adoption of the Global Digital Compact; also cites the ICT OEWG as a model for AI norms.,Other model,explicit name,"{""mention"": 1, ""welcome"": 0, ""support"": 1, ""request"": 0, ""concern"": 0, ""opposition"": 0, ""commitment"": 0}","[""norms/rules/standards""]",explicit
E00145,verbatim_en_2023_SRB:42,2023_SRB,2023,SRB,Eastern European States,data/analysis_ready_en/2023/2023_SRB.json,a99bc25cb90a4b919a7de157aac87715c6d9946dd8ba6f90787beb307fed04b8,data/unga_general_debate_verbatim_en/UNGA78_2023/A_78_PV_8_EN.pdf,"{""bbox"": [60.0, 531.95, 302.61, 666.64], ""char_end"": 554, ""char_start"": 0, ""extracted_block"": 42, ""origin_file"": ""data/unga_general_debate_verbatim_en/UNGA78_2023/A_78_PV_8_EN.pdf"", ""origin_sha256"": ""375a75915075fb32fc11c3565ba78801a9badc8315967a5eed5fb117b8148a57"", ""paragraph"": 42, ""pdf_block"": 6, ""pdf_page"": 28}",Serbia is the first country in the South-East Europe region that joined the Global Partnership on Artificial Intelligence,reviewed,False,,Serbia's membership in GPAI presented positively.,Other model,explicit name,"{""mention"": 1, ""welcome"": 0, ""support"": 1, ""request"": 0, ""concern"": 0, ""opposition"": 0, ""commitment"": 0}",[],generic
E00147,verbatim_en_2023_SVN:11,2023_SVN,2023,SVN,Eastern European States,data/analysis_ready_en/2023/2023_SVN.json,b5785f7e3b8da01db04cf948cc6bcaca418473dc2194152c4ebb32dd338cb7e5,data/unga_general_debate_verbatim_en/UNGA78_2023/A_78_PV_4_EN.pdf,"{""bbox"": [60.0, 586.46, 302.6, 696.89], ""char_end"": 503, ""char_start"": 0, ""extracted_block"": 11, ""origin_file"": ""data/unga_general_debate_verbatim_en/UNGA78_2023/A_78_PV_4_EN.pdf"", ""origin_sha256"": ""7d3798231c4cb9299d0d1e92884dad62f6cea2424ea4ffac8dc656079dbacd8f"", ""paragraph"": 11, ""pdf_block"": 5, ""pdf_page"": 54}",I applaud the Secretary- General’s resolve to form a high-level advisory body on,reviewed,False,,AI Advisory Body welcomed.,Other model,explicit name,"{""mention"": 1, ""welcome"": 1, ""support"": 0, ""request"": 0, ""concern"": 0, ""opposition"": 0, ""commitment"": 0}",[],explicit
E00148,verbatim_en_2023_SVN:12,2023_SVN,2023,SVN,Eastern European States,data/analysis_ready_en/2023/2023_SVN.json,b5785f7e3b8da01db04cf948cc6bcaca418473dc2194152c4ebb32dd338cb7e5,data/unga_general_debate_verbatim_en/UNGA78_2023/A_78_PV_4_EN.pdf,"{""bbox"": [312.0, 83.65, 554.6, 230.45], ""char_end"": 629, ""char_start"": 0, ""extracted_block"": 12, ""origin_file"": ""data/unga_general_debate_verbatim_en/UNGA78_2023/A_78_PV_4_EN.pdf"", ""origin_sha256"": ""7d3798231c4cb9299d0d1e92884dad62f6cea2424ea4ffac8dc656079dbacd8f"", ""paragraph"": 12, ""pdf_block"": 6, ""pdf_page"": 54}",The Global Digital Compact should be centred on that notion.,uncertain,False,,Asks GDC to centre human rights approach.,Other model,explicit name,"{""mention"": 1, ""welcome"": 0, ""support"": 1, ""request"": 1, ""concern"": 0, ""opposition"": 0, ""commitment"": 0}","[""norms/rules/standards""]",generic
E00149,verbatim_en_2023_SWE:13,2023_SWE,2023,SWE,Western European and other States,data/analysis_ready_en/2023/2023_SWE.json,7e497eb921d808055cc21a19cf299b00df05f13ff94694108ef99908be8ee80e,data/unga_general_debate_verbatim_en/UNGA78_2023/A_78_PV_11_EN.pdf,"{""bbox"": [60.0, 251.59, 302.59, 421.0], ""char_end"": 705, ""char_start"": 0, ""extracted_block"": 13, ""origin_file"": ""data/unga_general_debate_verbatim_en/UNGA78_2023/A_78_PV_11_EN.pdf"", ""origin_sha256"": ""99050938438b0e47be9434b27e7ec03f0f9b4629073c2ce97192e7be8a777683"", ""paragraph"": 13, ""pdf_block"": 4, ""pdf_page"": 46}","Together with Rwanda, Sweden is co-facilitating the process in the General Assembly of developing a global digital compact that will outline shared principles for an open, free and secure digital future for all.",reviewed,False,"Sweden co-facilitates, with Rwanda, the GA process developing the Global Digital Compact.",Global Digital Compact as shared principles for digital technologies including AI.,Other model,explicit name,"{""mention"": 1, ""welcome"": 0, ""support"": 1, ""request"": 0, ""concern"": 0, ""opposition"": 0, ""commitment"": 1}","[""norms/rules/standards""]",explicit
E00162,verbatim_en_2024_BHR:14,2024_BHR,2024,BHR,Asia-Pacific States,data/analysis_ready_en/2024/2024_BHR.json,441000fbfa874d7e5582764f89fa67c65add43904cf79d5ce2087a1f7e6da288,data/unga_general_debate_verbatim_en/UNGA79_2024/A_79_PV_8_EN.pdf,"{""bbox"": [123.12, 258.46, 491.49, 419.3], ""char_end"": 1073, ""char_start"": 0, ""extracted_block"": 14, ""origin_file"": ""data/unga_general_debate_verbatim_en/UNGA79_2024/A_79_PV_8_EN.pdf"", ""origin_sha256"": ""9ab16cd0669fb447411fb0683e4ea73ef5bf77dcaf8641316fc5545cb6147df6"", ""paragraph"": 14, ""pdf_block"": 5, ""pdf_page"": 50}",today we call for an international treaty governing the development of artificial intelligence,reviewed,False,,Proposes an international AI treaty.,Other model,inferred description,"{""mention"": 1, ""welcome"": 0, ""support"": 1, ""request"": 1, ""concern"": 0, ""opposition"": 0, ""commitment"": 0}","[""norms/rules/standards""]",generic
E00164,verbatim_en_2024_BRA:16,2024_BRA,2024,BRA,Latin American and Caribbean States,data/analysis_ready_en/2024/2024_BRA.json,0f133d4266c71d78276f189086c3f159914e39f7692ea2f9e9ffac3f94dc7c46,data/unga_general_debate_verbatim_en/UNGA79_2024/A_79_PV_7_EN.pdf,"{""bbox"": [123.12, 309.07, 491.5, 418.77], ""char_end"": 681, ""char_start"": 0, ""extracted_block"": 16, ""origin_file"": ""data/unga_general_debate_verbatim_en/UNGA79_2024/A_79_PV_7_EN.pdf"", ""origin_sha256"": ""eff6a731e2d9c7be39bc34a750dc736ee3f55459cf89688342b8d3c85eaaf5e7"", ""paragraph"": 16, ""pdf_block"": 4, ""pdf_page"": 10}","We need a system of intergovernmental governance of artificial intelligence, in which all States have a seat.",uncertain,False,,Proposes an intergovernmental AI governance system.,New body/verification regime,inferred description,"{""mention"": 0, ""welcome"": 0, ""support"": 0, ""request"": 0, ""concern"": 0, ""opposition"": 0, ""commitment"": 0}","[""norms/rules/standards""]",generic
E00164,verbatim_en_2024_BRA:16,2024_BRA,2024,BRA,Latin American and Caribbean States,data/analysis_ready_en/2024/2024_BRA.json,0f133d4266c71d78276f189086c3f159914e39f7692ea2f9e9ffac3f94dc7c46,data/unga_general_debate_verbatim_en/UNGA79_2024/A_79_PV_7_EN.pdf,"{""bbox"": [123.12, 309.07, 491.5, 418.77], ""char_end"": 681, ""char_start"": 0, ""extracted_block"": 16, ""origin_file"": ""data/unga_general_debate_verbatim_en/UNGA79_2024/A_79_PV_7_EN.pdf"", ""origin_sha256"": ""eff6a731e2d9c7be39bc34a750dc736ee3f55459cf89688342b8d3c85eaaf5e7"", ""paragraph"": 16, ""pdf_block"": 4, ""pdf_page"": 10}","We need a system of intergovernmental governance of artificial intelligence, in which all States have a seat.",uncertain,False,,Requests an inclusive intergovernmental AI governance system; UN not named as venue.,Other model,inferred description,"{""mention"": 1, ""welcome"": 0, ""support"": 1, ""request"": 1, ""concern"": 0, ""opposition"": 0, ""commitment"": 0}","[""coordination"", ""norms/rules/standards""]",generic
E00168,verbatim_en_2024_CHN:22,2024_CHN,2024,CHN,Asia-Pacific States,data/analysis_ready_en/2024/2024_CHN.json,7a38f54d9bfb5287833a95b95dbd636198c86dfade01aefefb05d4ae503f27b2,data/unga_general_debate_verbatim_en/UNGA79_2024/A_79_PV_15_EN.pdf,"{""bbox"": [123.38, 165.63, 490.8, 260.68], ""char_end"": 639, ""char_start"": 0, ""extracted_block"": 22, ""origin_file"": ""data/unga_general_debate_verbatim_en/UNGA79_2024/A_79_PV_15_EN.pdf"", ""origin_sha256"": ""6ff15314b74614c0fe93cc8d2f3fa0cd58911d47a409d84641882eaf51506497"", ""paragraph"": 22, ""pdf_block"": 4, ""pdf_page"": 15}","China has put forth the AI Capacity-Building Action Plan for Good and for All, and we are ready to make further contributions",reviewed,False,China has put forth the AI Capacity-Building Action Plan and is ready to make further contributions,China's own capacity-building initiative.,Other model,explicit name,"{""mention"": 1, ""welcome"": 0, ""support"": 1, ""request"": 0, ""concern"": 0, ""opposition"": 0, ""commitment"": 1}","[""capacity building""]",generic
E00169,verbatim_en_2024_CIV:7,2024_CIV,2024,CIV,African States,data/analysis_ready_en/2024/2024_CIV.json,dcae3be5b4f6159fcd87ff2ce40161cf8870d22445e5085fe32a76c67f41c8f9,data/unga_general_debate_verbatim_en/UNGA79_2024/A_79_PV_12_EN.pdf,"{""bbox"": [123.12, 613.58, 491.5, 737.47], ""char_end"": 795, ""char_start"": 0, ""extracted_block"": 7, ""origin_file"": ""data/unga_general_debate_verbatim_en/UNGA79_2024/A_79_PV_12_EN.pdf"", ""origin_sha256"": ""f3d14b11bcb670ddaaaa9da1a4ca358e775e40c3cff1d7b495681ed94d424cfd"", ""paragraph"": 7, ""pdf_block"": 9, ""pdf_page"": 12}",my country welcomes the adoption of the Global Digital Compact (see resolution 79/1),uncertain,False,,Welcomes GDC adoption.,Other model,explicit name,"{""mention"": 1, ""welcome"": 1, ""support"": 0, ""request"": 0, ""concern"": 0, ""opposition"": 0, ""commitment"": 0}",[],explicit
E00171,verbatim_en_2024_COL:13,2024_COL,2024,COL,Latin American and Caribbean States,data/analysis_ready_en/2024/2024_COL.json,380063cac31574f101cbd2b68140606587d07d3f7d2ea7288d339265f9fced5f,data/unga_general_debate_verbatim_en/UNGA79_2024/A_79_PV_7_EN.pdf,"{""bbox"": [123.12, 274.83, 491.5, 434.02], ""char_end"": 1076, ""char_start"": 0, ""extracted_block"": 13, ""origin_file"": ""data/unga_general_debate_verbatim_en/UNGA79_2024/A_79_PV_7_EN.pdf"", ""origin_sha256"": ""eff6a731e2d9c7be39bc34a750dc736ee3f55459cf89688342b8d3c85eaaf5e7"", ""paragraph"": 13, ""pdf_block"": 4, ""pdf_page"": 34}","including artificial intelligence, and that must be controlled by a global public authority",reviewed,False,,Calls for a global public authority to control AI-driven productivity.,New body/verification regime,inferred description,"{""mention"": 1, ""welcome"": 0, ""support"": 0, ""request"": 1, ""concern"": 0, ""opposition"": 0, ""commitment"": 0}","[""monitoring/oversight/verification""]",generic
E00172,verbatim_en_2024_COM:10,2024_COM,2024,COM,African States,data/analysis_ready_en/2024/2024_COM.json,86bc953c3351cad953854775706ad1f51c54fcb419156de00ded5763cc870c2a,data/unga_general_debate_verbatim_en/UNGA79_2024/A_79_PV_12_EN.pdf,"{""bbox"": [123.12, 264.49, 491.49, 376.08], ""char_end"": 754, ""char_start"": 0, ""extracted_block"": 10, ""origin_file"": ""data/unga_general_debate_verbatim_en/UNGA79_2024/A_79_PV_12_EN.pdf"", ""origin_sha256"": ""f3d14b11bcb670ddaaaa9da1a4ca358e775e40c3cff1d7b495681ed94d424cfd"", ""paragraph"": 10, ""pdf_block"": 4, ""pdf_page"": 38}",The Union of the Comoros reiterates its support for the resolution adopted by the Summit of the Future (resolution 79/1) on 22 September,reviewed,False,,Support for the Pact for the Future (resolution 79/1).,Other model,name variant,"{""mention"": 1, ""welcome"": 0, ""support"": 1, ""request"": 0, ""concern"": 0, ""opposition"": 0, ""commitment"": 0}","[""norms/rules/standards""]",explicit
E00173,verbatim_en_2024_CRI:13,2024_CRI,2024,CRI,Latin American and Caribbean States,data/analysis_ready_en/2024/2024_CRI.json,e9e280de093af26e2676a72a3b1924191713a6404f5ba6199dd809e374b93183,data/unga_general_debate_verbatim_en/UNGA79_2024/A_79_PV_12_EN.pdf,"{""bbox"": [123.12, 547.95, 491.48, 634.3], ""char_end"": 512, ""char_start"": 0, ""extracted_block"": 13, ""origin_file"": ""data/unga_general_debate_verbatim_en/UNGA79_2024/A_79_PV_12_EN.pdf"", ""origin_sha256"": ""f3d14b11bcb670ddaaaa9da1a4ca358e775e40c3cff1d7b495681ed94d424cfd"", ""paragraph"": 13, ""pdf_block"": 7, ""pdf_page"": 48}","The recently adopted Global Digital Compact (resolution 79/1, annex I) sets the multilateral system in motion to address artificial intelligence and is key for its research and development, not just its applications.",uncertain,False,,Describes the GDC as key for AI.,Other model,explicit name,"{""mention"": 1, ""welcome"": 1, ""support"": 1, ""request"": 0, ""concern"": 0, ""opposition"": 0, ""commitment"": 0}","[""norms/rules/standards""]",explicit
E00175,verbatim_en_2024_DJI:10,2024_DJI,2024,DJI,African States,data/analysis_ready_en/2024/2024_DJI.json,d00cfa9b9e815bf61148c278068f3758eba60d3977722e1999840798256ead7b,data/unga_general_debate_verbatim_en/UNGA79_2024/A_79_PV_17_EN.pdf,"{""bbox"": [123.38, 75.63, 491.19, 158.65], ""char_end"": 546, ""char_start"": 0, ""extracted_block"": 10, ""origin_file"": ""data/unga_general_debate_verbatim_en/UNGA79_2024/A_79_PV_17_EN.pdf"", ""origin_sha256"": ""a8eac9bd81a130db21655026eb112c19cede627742c0cfda798b2138879bba64"", ""paragraph"": 10, ""pdf_block"": 3, ""pdf_page"": 52}","We welcome the adoption of the Pact for the Future and its annexes, the Global Digital Compact and the Declaration on Future Generations (resolution 79/1).",uncertain,False,,Welcomes the Global Digital Compact and GA resolution 78/311 on AI.,Other model,explicit name,"{""mention"": 1, ""welcome"": 1, ""support"": 1, ""request"": 0, ""concern"": 0, ""opposition"": 0, ""commitment"": 0}","[""norms/rules/standards""]",explicit
E00179,verbatim_en_2024_ESP:30,2024_ESP,2024,ESP,Western European and other States,data/analysis_ready_en/2024/2024_ESP.json,8617e38862e948b73648fb1b17932967cfd85999ea72925ee6cae50bd568c80b,data/unga_general_debate_verbatim_en/UNGA79_2024/A_79_PV_10_EN.pdf,"{""bbox"": [123.12, 357.6, 491.49, 442.4], ""char_end"": 428, ""char_start"": 0, ""extracted_block"": 30, ""origin_file"": ""data/unga_general_debate_verbatim_en/UNGA79_2024/A_79_PV_10_EN.pdf"", ""origin_sha256"": ""9472969282aaac8e11ce1471c9c46362bae4f283fd60bc3a27319f945343bff1"", ""paragraph"": 30, ""pdf_block"": 5, ""pdf_page"": 33}","A few days ago, we learned about the seven key recommendations of the Secretary-General’s High-level Advisory Body on Artificial Intelligence. We must support those recommendations",uncertain,False,,Supports the recommendations of the SG's AI Advisory Body.,Other model,explicit name,"{""mention"": 1, ""welcome"": 0, ""support"": 1, ""request"": 0, ""concern"": 0, ""opposition"": 0, ""commitment"": 0}","[""other""]",explicit
E00179,verbatim_en_2024_ESP:30,2024_ESP,2024,ESP,Western European and other States,data/analysis_ready_en/2024/2024_ESP.json,8617e38862e948b73648fb1b17932967cfd85999ea72925ee6cae50bd568c80b,data/unga_general_debate_verbatim_en/UNGA79_2024/A_79_PV_10_EN.pdf,"{""bbox"": [123.12, 357.6, 491.49, 442.4], ""char_end"": 428, ""char_start"": 0, ""extracted_block"": 30, ""origin_file"": ""data/unga_general_debate_verbatim_en/UNGA79_2024/A_79_PV_10_EN.pdf"", ""origin_sha256"": ""9472969282aaac8e11ce1471c9c46362bae4f283fd60bc3a27319f945343bff1"", ""paragraph"": 30, ""pdf_block"": 5, ""pdf_page"": 33}","A few days ago, we learned about the seven key recommendations of the Secretary-General’s High-level Advisory Body on Artificial Intelligence. We must support those recommendations",uncertain,False,,Supports HLAB-AI recommendations.,Panel,explicit name,"{""mention"": 0, ""welcome"": 0, ""support"": 0, ""request"": 0, ""concern"": 0, ""opposition"": 0, ""commitment"": 0}",[],explicit
E00183,verbatim_en_2024_FRA:33,2024_FRA,2024,FRA,Western European and other States,data/analysis_ready_en/2024/2024_FRA.json,33fac76125e555c2db2fe33fffc1d075dbbe7954348f3eafe3f9a517b7e980df,data/unga_general_debate_verbatim_en/UNGA79_2024/A_79_PV_9_EN.pdf,"{""bbox"": [123.12, 341.61, 491.5, 500.83], ""char_end"": 1044, ""char_start"": 0, ""extracted_block"": 33, ""origin_file"": ""data/unga_general_debate_verbatim_en/UNGA79_2024/A_79_PV_9_EN.pdf"", ""origin_sha256"": ""c0a268bcba790f2c0e3282c91221c2e022039fffa71b2b9d294adb7f1190ef42"", ""paragraph"": 33, ""pdf_block"": 5, ""pdf_page"": 61}","That is why France will be hosting the next Artificial Intelligence Action Summit in February 2025. As is evident, the aim is to build a common framework, and I am delighted with the work that has been carried out and coordinated by the Secretary-General, including on the Global Digital Compact",uncertain,False,France will host the Artificial Intelligence Action Summit in February 2025.,AI Action Summit (France hosting) and welcomed UN Global Digital Compact.,Other model,explicit name,"{""mention"": 1, ""welcome"": 1, ""support"": 1, ""request"": 0, ""concern"": 0, ""opposition"": 0, ""commitment"": 1}","[""dialogue/convening"", ""norms/rules/standards""]",explicit
E00184,verbatim_en_2024_GBR:8,2024_GBR,2024,GBR,Western European and other States,data/analysis_ready_en/2024/2024_GBR.json,9143dbe6070d62724b8e076941a0d92ca4c13bd97c1b9538bc70942e1e13b6d8,data/unga_general_debate_verbatim_en/UNGA79_2024/A_79_PV_12_EN.pdf,"{""bbox"": [123.12, 110.97, 491.47, 209.47], ""char_end"": 600, ""char_start"": 0, ""extracted_block"": 8, ""origin_file"": ""data/unga_general_debate_verbatim_en/UNGA79_2024/A_79_PV_12_EN.pdf"", ""origin_sha256"": ""f3d14b11bcb670ddaaaa9da1a4ca358e775e40c3cff1d7b495681ed94d424cfd"", ""paragraph"": 8, ""pdf_block"": 3, ""pdf_page"": 29}",That is why the new Pact for the Future (resolution 79/1) is so important.,reviewed,False,,Supports Pact for the Future as relevant to military AI rules.,Other model,explicit name,"{""mention"": 1, ""welcome"": 0, ""support"": 1, ""request"": 0, ""concern"": 0, ""opposition"": 0, ""commitment"": 0}",[],explicit
E00188,verbatim_en_2024_GRC:18,2024_GRC,2024,GRC,Western European and other States,data/analysis_ready_en/2024/2024_GRC.json,0c20f6ea3aa7bd4fb9ace064769670ad9d63a1465abcbfa9937af40d6e850c7c,data/unga_general_debate_verbatim_en/UNGA79_2024/A_79_PV_12_EN.pdf,"{""bbox"": [123.12, 315.07, 491.49, 508.96], ""char_end"": 1252, ""char_start"": 0, ""extracted_block"": 18, ""origin_file"": ""data/unga_general_debate_verbatim_en/UNGA79_2024/A_79_PV_12_EN.pdf"", ""origin_sha256"": ""f3d14b11bcb670ddaaaa9da1a4ca358e775e40c3cff1d7b495681ed94d424cfd"", ""paragraph"": 18, ""pdf_block"": 5, ""pdf_page"": 26}",The recommendations of this report can truly contribute to an agile and adaptable regime of global governance of AI that helps to showcase the benefits of AI and address its risks.,reviewed,False,,Praises the High-Level Advisory Body on AI and its report.,Other model,explicit name,"{""mention"": 1, ""welcome"": 1, ""support"": 1, ""request"": 0, ""concern"": 0, ""opposition"": 0, ""commitment"": 0}","[""norms/rules/standards""]",explicit
E00189,verbatim_en_2024_GRC:19,2024_GRC,2024,GRC,Western European and other States,data/analysis_ready_en/2024/2024_GRC.json,0c20f6ea3aa7bd4fb9ace064769670ad9d63a1465abcbfa9937af40d6e850c7c,data/unga_general_debate_verbatim_en/UNGA79_2024/A_79_PV_12_EN.pdf,"{""bbox"": [123.12, 513.52, 491.5, 575.1], ""char_end"": 399, ""char_start"": 0, ""extracted_block"": 19, ""origin_file"": ""data/unga_general_debate_verbatim_en/UNGA79_2024/A_79_PV_12_EN.pdf"", ""origin_sha256"": ""f3d14b11bcb670ddaaaa9da1a4ca358e775e40c3cff1d7b495681ed94d424cfd"", ""paragraph"": 19, ""pdf_block"": 6, ""pdf_page"": 26}","Eventually, what we may need is a conference of the parties for AI, with the participation not just of countries but also of the global technology companies.",uncertain,False,,Proposes COP-style AI regime including tech companies.,New body/verification regime,inferred description,"{""mention"": 1, ""welcome"": 0, ""support"": 0, ""request"": 1, ""concern"": 0, ""opposition"": 0, ""commitment"": 0}","[""dialogue/convening"", ""norms/rules/standards""]",generic
E00189,verbatim_en_2024_GRC:19,2024_GRC,2024,GRC,Western European and other States,data/analysis_ready_en/2024/2024_GRC.json,0c20f6ea3aa7bd4fb9ace064769670ad9d63a1465abcbfa9937af40d6e850c7c,data/unga_general_debate_verbatim_en/UNGA79_2024/A_79_PV_12_EN.pdf,"{""bbox"": [123.12, 513.52, 491.5, 575.1], ""char_end"": 399, ""char_start"": 0, ""extracted_block"": 19, ""origin_file"": ""data/unga_general_debate_verbatim_en/UNGA79_2024/A_79_PV_12_EN.pdf"", ""origin_sha256"": ""f3d14b11bcb670ddaaaa9da1a4ca358e775e40c3cff1d7b495681ed94d424cfd"", ""paragraph"": 19, ""pdf_block"": 6, ""pdf_page"": 26}","if both the Pact for the Future (resolution 79/1) and the Global Digital Compact (ibid., annex I), which we adopted this week, are to have any effect",reviewed,False,,Pact and GDC as starting point needing effect.,Other model,explicit name,"{""mention"": 1, ""welcome"": 0, ""support"": 1, ""request"": 0, ""concern"": 0, ""opposition"": 0, ""commitment"": 0}","[""norms/rules/standards""]",explicit
E00195,verbatim_en_2024_ITA:2,2024_ITA,2024,ITA,Western European and other States,data/analysis_ready_en/2024/2024_ITA.json,d484458f460b1ea84c60d3125b368bd59aadc335d7501f61590abcf47984adf7,data/unga_general_debate_verbatim_en/UNGA79_2024/A_79_PV_8_EN.pdf,"{""bbox"": [123.12, 285.01, 491.49, 418.77], ""char_end"": 895, ""char_start"": 0, ""extracted_block"": 2, ""origin_file"": ""data/unga_general_debate_verbatim_en/UNGA79_2024/A_79_PV_8_EN.pdf"", ""origin_sha256"": ""9ab16cd0669fb447411fb0683e4ea73ef5bf77dcaf8641316fc5545cb6147df6"", ""paragraph"": 2, ""pdf_block"": 4, ""pdf_page"": 51}","It is no coincidence that Italy made this issue a top priority of its presidency of the Group of Seven (G7), because we want to do our part in defining a global governance for artificial intelligence",uncertain,False,,G7 as a venue for AI governance under Italy's presidency.,Other model,inferred description,"{""mention"": 1, ""welcome"": 0, ""support"": 1, ""request"": 0, ""concern"": 0, ""opposition"": 0, ""commitment"": 0}","[""norms/rules/standards""]",generic
E00196,verbatim_en_2024_JPN:27,2024_JPN,2024,JPN,Asia-Pacific States,data/analysis_ready_en/2024/2024_JPN.json,e5bd94d10229cebc1ef737c488426a3e7178cf94ced0bcc4e7c975a1c63c3fc4,data/unga_general_debate_verbatim_en/UNGA79_2024/A_79_PV_16_EN.pdf,"{""bbox"": [147.14, 105.63, 467.21, 176.65], ""char_end"": 396, ""char_start"": 0, ""extracted_block"": 27, ""origin_file"": ""data/unga_general_debate_verbatim_en/UNGA79_2024/A_79_PV_16_EN.pdf"", ""origin_sha256"": ""e412788b9968b539f058bbce9a94951577015dc42ae9ff17641fb952d097f47c"", ""paragraph"": 27, ""pdf_block"": 4, ""pdf_page"": 41}",We will continue to actively contribute to the discussions on AI at the United Nations.,uncertain,False,Japan will actively contribute to UN discussions on AI.,Commitment to participate in UN AI discussions.,Dialogue,inferred description,"{""mention"": 0, ""welcome"": 0, ""support"": 0, ""request"": 0, ""concern"": 0, ""opposition"": 0, ""commitment"": 0}","[""dialogue/convening""]",explicit
E00196,verbatim_en_2024_JPN:27,2024_JPN,2024,JPN,Asia-Pacific States,data/analysis_ready_en/2024/2024_JPN.json,e5bd94d10229cebc1ef737c488426a3e7178cf94ced0bcc4e7c975a1c63c3fc4,data/unga_general_debate_verbatim_en/UNGA79_2024/A_79_PV_16_EN.pdf,"{""bbox"": [147.14, 105.63, 467.21, 176.65], ""char_end"": 396, ""char_start"": 0, ""extracted_block"": 27, ""origin_file"": ""data/unga_general_debate_verbatim_en/UNGA79_2024/A_79_PV_16_EN.pdf"", ""origin_sha256"": ""e412788b9968b539f058bbce9a94951577015dc42ae9ff17641fb952d097f47c"", ""paragraph"": 27, ""pdf_block"": 4, ""pdf_page"": 41}","Japan has been working through the Hiroshima AI Process to achieve safe, secure and trustworthy AI.",reviewed,False,,Hiroshima AI Process championed by Japan.,Other model,explicit name,"{""mention"": 1, ""welcome"": 0, ""support"": 1, ""request"": 0, ""concern"": 0, ""opposition"": 0, ""commitment"": 0}","[""norms/rules/standards""]",generic
E00197,verbatim_en_2024_KAZ:12,2024_KAZ,2024,KAZ,Asia-Pacific States,data/analysis_ready_en/2024/2024_KAZ.json,4d36410ec23d27183dda7e07a785b7e8dd05625ab0660302fb368616f7e5498d,data/unga_general_debate_verbatim_en/UNGA79_2024/A_79_PV_15_EN.pdf,"{""bbox"": [123.38, 381.66, 491.04, 512.7], ""char_end"": 867, ""char_start"": 0, ""extracted_block"": 12, ""origin_file"": ""data/unga_general_debate_verbatim_en/UNGA79_2024/A_79_PV_15_EN.pdf"", ""origin_sha256"": ""6ff15314b74614c0fe93cc8d2f3fa0cd58911d47a409d84641882eaf51506497"", ""paragraph"": 12, ""pdf_block"": 6, ""pdf_page"": 18}",The establishment of a United Nations AI office would be a welcome step in that direction.,uncertain,False,,Proposes a UN AI office.,New body/verification regime,name variant,"{""mention"": 1, ""welcome"": 1, ""support"": 1, ""request"": 1, ""concern"": 0, ""opposition"": 0, ""commitment"": 0}","[""coordination"", ""norms/rules/standards""]",explicit
E00197,verbatim_en_2024_KAZ:12,2024_KAZ,2024,KAZ,Asia-Pacific States,data/analysis_ready_en/2024/2024_KAZ.json,4d36410ec23d27183dda7e07a785b7e8dd05625ab0660302fb368616f7e5498d,data/unga_general_debate_verbatim_en/UNGA79_2024/A_79_PV_15_EN.pdf,"{""bbox"": [123.38, 381.66, 491.04, 512.7], ""char_end"": 867, ""char_start"": 0, ""extracted_block"": 12, ""origin_file"": ""data/unga_general_debate_verbatim_en/UNGA79_2024/A_79_PV_15_EN.pdf"", ""origin_sha256"": ""6ff15314b74614c0fe93cc8d2f3fa0cd58911d47a409d84641882eaf51506497"", ""paragraph"": 12, ""pdf_block"": 6, ""pdf_page"": 18}",The establishment of a United Nations AI office would be a welcome step in that direction.,uncertain,False,,Supports a UN AI office.,Other model,name variant,"{""mention"": 0, ""welcome"": 0, ""support"": 0, ""request"": 0, ""concern"": 0, ""opposition"": 0, ""commitment"": 0}","[""coordination""]",explicit
E00199,verbatim_en_2024_KOR:14,2024_KOR,2024,KOR,Asia-Pacific States,data/analysis_ready_en/2024/2024_KOR.json,f96c1f3b2b66dad153babb8694c387e992470901373e845a4c7a0cce599d5446,data/unga_general_debate_verbatim_en/UNGA79_2024/A_79_PV_14_EN.pdf,"{""bbox"": [123.12, 523.7, 491.51, 682.9], ""char_end"": 1052, ""char_start"": 0, ""extracted_block"": 14, ""origin_file"": ""data/unga_general_debate_verbatim_en/UNGA79_2024/A_79_PV_14_EN.pdf"", ""origin_sha256"": ""cdadd6ed7d9eb38e7c388976c4e4f06dff256fa4091324cc6ff88aee120d0f85"", ""paragraph"": 14, ""pdf_block"": 5, ""pdf_page"": 47}","The Seoul Declaration for safe, innovative and inclusive AI, adopted at the AI Seoul Summit in May, marked a significant milestone in building the norms for civilian AI.",uncertain,False,Korea hosted the AI Seoul Summit and the second REAIM Summit and pledged to lead global AI governance discussions,Summits hosted by Korea.,Dialogue,explicit name,"{""mention"": 0, ""welcome"": 0, ""support"": 0, ""request"": 0, ""concern"": 0, ""opposition"": 0, ""commitment"": 0}","[""dialogue/convening"", ""norms/rules/standards""]",generic
E00199,verbatim_en_2024_KOR:14,2024_KOR,2024,KOR,Asia-Pacific States,data/analysis_ready_en/2024/2024_KOR.json,f96c1f3b2b66dad153babb8694c387e992470901373e845a4c7a0cce599d5446,data/unga_general_debate_verbatim_en/UNGA79_2024/A_79_PV_14_EN.pdf,"{""bbox"": [123.12, 523.7, 491.51, 682.9], ""char_end"": 1052, ""char_start"": 0, ""extracted_block"": 14, ""origin_file"": ""data/unga_general_debate_verbatim_en/UNGA79_2024/A_79_PV_14_EN.pdf"", ""origin_sha256"": ""cdadd6ed7d9eb38e7c388976c4e4f06dff256fa4091324cc6ff88aee120d0f85"", ""paragraph"": 14, ""pdf_block"": 5, ""pdf_page"": 47}","The Seoul Declaration for safe, innovative and inclusive AI, adopted at the AI Seoul Summit in May, marked a significant milestone in building the norms for civilian AI. The adoption of the Blueprint for Action at the second Summit on Responsible AI in the Military Domain, held earlier this month in Seoul",uncertain,False,Republic of Korea will act as an initiator in global efforts to install new AI norms and governance; hosted AI Seoul Summit and REAIM summit.,AI Seoul Summit/Seoul Declaration and REAIM Blueprint for Action as governance models led by Korea.,Other model,explicit name,"{""mention"": 1, ""welcome"": 1, ""support"": 1, ""request"": 0, ""concern"": 0, ""opposition"": 0, ""commitment"": 1}","[""dialogue/convening"", ""norms/rules/standards""]",generic
E00210,verbatim_en_2024_MNG:12,2024_MNG,2024,MNG,Asia-Pacific States,data/analysis_ready_en/2024/2024_MNG.json,640a576829e81d33848efe70764ad3eb4fca527aa8e81bbf93d21007beb3823e,data/unga_general_debate_verbatim_en/UNGA79_2024/A_79_PV_9_EN.pdf,"{""bbox"": [123.12, 612.56, 491.51, 737.47], ""char_end"": 815, ""char_start"": 0, ""extracted_block"": 12, ""origin_file"": ""data/unga_general_debate_verbatim_en/UNGA79_2024/A_79_PV_9_EN.pdf"", ""origin_sha256"": ""c0a268bcba790f2c0e3282c91221c2e022039fffa71b2b9d294adb7f1190ef42"", ""paragraph"": 12, ""pdf_block"": 6, ""pdf_page"": 3}","intensive discussions on information and communications technologies and artificial intelligence have arisen in international forums, and the recently adopted Global Digital Compact is a timely and essential step.",uncertain,False,,Global Digital Compact welcomed.,Other model,explicit name,"{""mention"": 1, ""welcome"": 1, ""support"": 1, ""request"": 0, ""concern"": 0, ""opposition"": 0, ""commitment"": 0}","[""norms/rules/standards""]",explicit
E00211,verbatim_en_2024_MNG:13,2024_MNG,2024,MNG,Asia-Pacific States,data/analysis_ready_en/2024/2024_MNG.json,640a576829e81d33848efe70764ad3eb4fca527aa8e81bbf93d21007beb3823e,data/unga_general_debate_verbatim_en/UNGA79_2024/A_79_PV_9_EN.pdf,"{""bbox"": [123.12, 68.53, 491.44, 94.15], ""char_end"": 124, ""char_start"": 0, ""extracted_block"": 13, ""origin_file"": ""data/unga_general_debate_verbatim_en/UNGA79_2024/A_79_PV_9_EN.pdf"", ""origin_sha256"": ""c0a268bcba790f2c0e3282c91221c2e022039fffa71b2b9d294adb7f1190ef42"", ""paragraph"": 13, ""pdf_block"": 2, ""pdf_page"": 4}","States to ensure the reliability and security of artificial intelligence (resolution 78/265), in a significant step forward.",reviewed,False,,GA resolution 78/265 on AI.,Other model,explicit name,"{""mention"": 1, ""welcome"": 1, ""support"": 0, ""request"": 0, ""concern"": 0, ""opposition"": 0, ""commitment"": 0}","[""norms/rules/standards""]",explicit
E00216,verbatim_en_2024_NOR:15,2024_NOR,2024,NOR,Western European and other States,data/analysis_ready_en/2024/2024_NOR.json,1dd790b9dcbc8fe7b61691433ce956c2d6bcb154ff98704622dd32489d9d4d65,data/unga_general_debate_verbatim_en/UNGA79_2024/A_79_PV_15_EN.pdf,"{""bbox"": [123.38, 489.68, 490.47, 560.7], ""char_end"": 478, ""char_start"": 0, ""extracted_block"": 15, ""origin_file"": ""data/unga_general_debate_verbatim_en/UNGA79_2024/A_79_PV_15_EN.pdf"", ""origin_sha256"": ""6ff15314b74614c0fe93cc8d2f3fa0cd58911d47a409d84641882eaf51506497"", ""paragraph"": 15, ""pdf_block"": 8, ""pdf_page"": 46}","The adoption of the Pact for the Future (resolution 79/1) is a major success for the United Nations. With it, we have resolved to update our institutions and our practices across the three pillars of peace and security, development and human rights. We also opened a conversation about the critically important issue of how to make artificial intelligence a force for good.",uncertain,False,,Welcomes the Pact for the Future as opening the UN AI conversation.,Other model,explicit name,"{""mention"": 1, ""welcome"": 1, ""support"": 0, ""request"": 0, ""concern"": 0, ""opposition"": 0, ""commitment"": 0}","[""dialogue/convening""]",explicit
E00217,verbatim_en_2024_PER:18,2024_PER,2024,PER,Latin American and Caribbean States,data/analysis_ready_en/2024/2024_PER.json,10fb3fe95135f5c37078440d59d1309a87744ca58c033d83a050801cb3789f52,data/unga_general_debate_verbatim_en/UNGA79_2024/A_79_PV_12_EN.pdf,"{""bbox"": [123.12, 560.1, 491.51, 658.59], ""char_end"": 622, ""char_start"": 0, ""extracted_block"": 18, ""origin_file"": ""data/unga_general_debate_verbatim_en/UNGA79_2024/A_79_PV_12_EN.pdf"", ""origin_sha256"": ""f3d14b11bcb670ddaaaa9da1a4ca358e775e40c3cff1d7b495681ed94d424cfd"", ""paragraph"": 18, ""pdf_block"": 7, ""pdf_page"": 58}","In that regard, we welcome the Global Digital Compact (resolution 79/1, annex I), adopted at the Summit of the Future.",uncertain,False,,Global Digital Compact welcomed as digital governance framework.,Other model,explicit name,"{""mention"": 1, ""welcome"": 1, ""support"": 0, ""request"": 0, ""concern"": 0, ""opposition"": 0, ""commitment"": 0}","[""norms/rules/standards""]",explicit
E00218,verbatim_en_2024_PHL:6,2024_PHL,2024,PHL,Asia-Pacific States,data/analysis_ready_en/2024/2024_PHL.json,80b1eddea6de6bd39d94f4d3aaf111e1818ee5e06c7a6419a7e134f77959b6cf,data/unga_general_debate_verbatim_en/UNGA79_2024/A_79_PV_15_EN.pdf,"{""bbox"": [123.38, 471.68, 490.52, 554.7], ""char_end"": 532, ""char_start"": 0, ""extracted_block"": 6, ""origin_file"": ""data/unga_general_debate_verbatim_en/UNGA79_2024/A_79_PV_15_EN.pdf"", ""origin_sha256"": ""6ff15314b74614c0fe93cc8d2f3fa0cd58911d47a409d84641882eaf51506497"", ""paragraph"": 6, ""pdf_block"": 9, ""pdf_page"": 57}","We must lose no time in implementing the Global Digital Compact (resolution 79/1, annex I).",reviewed,False,,Calls for implementing the GDC.,Other model,explicit name,"{""mention"": 1, ""welcome"": 0, ""support"": 1, ""request"": 1, ""concern"": 0, ""opposition"": 0, ""commitment"": 0}","[""norms/rules/standards""]",explicit
E00219,verbatim_en_2024_PRT:12,2024_PRT,2024,PRT,Western European and other States,data/analysis_ready_en/2024/2024_PRT.json,8b9e58bc0959823919699eba805f4d80565d8667a04c9cf8f990eaf452161cd8,data/unga_general_debate_verbatim_en/UNGA79_2024/A_79_PV_11_EN.pdf,"{""bbox"": [123.38, 435.68, 490.45, 518.7], ""char_end"": 546, ""char_start"": 0, ""extracted_block"": 12, ""origin_file"": ""data/unga_general_debate_verbatim_en/UNGA79_2024/A_79_PV_11_EN.pdf"", ""origin_sha256"": ""44cfb42325ab66b605be4efc88813b549a990f826bf8fd9b29391bb340d208e8"", ""paragraph"": 12, ""pdf_block"": 7, ""pdf_page"": 61}",The Pact for the Future points the way to a virtuous balance in that area.,reviewed,False,,Pact for the Future endorsed for balancing AI opportunity and risk.,Other model,explicit name,"{""mention"": 1, ""welcome"": 0, ""support"": 1, ""request"": 0, ""concern"": 0, ""opposition"": 0, ""commitment"": 0}",[],explicit
E00222,verbatim_en_2024_RUS:7,2024_RUS,2024,RUS,Eastern European States,data/analysis_ready_en/2024/2024_RUS.json,ee8e518bb5bb0f526b0c42575a564c941e9c5fc9075b462de52cf61b9915d705,data/unga_general_debate_verbatim_en/UNGA79_2024/A_79_PV_15_EN.pdf,"{""bbox"": [123.38, 351.66, 491.21, 530.7], ""char_end"": 1213, ""char_start"": 0, ""extracted_block"": 7, ""origin_file"": ""data/unga_general_debate_verbatim_en/UNGA79_2024/A_79_PV_15_EN.pdf"", ""origin_sha256"": ""6ff15314b74614c0fe93cc8d2f3fa0cd58911d47a409d84641882eaf51506497"", ""paragraph"": 7, ""pdf_block"": 5, ""pdf_page"": 36}","Thus, everything has to be agreed on a fair basis involving all United Nations Members, and not how the socalled Pact for the Future (resolution 79/1) was drafted, without a single plenary round of talks attended by all countries.",uncertain,False,,Criticises and dismisses the Pact for the Future drafting process.,Other model,explicit name,"{""mention"": 1, ""welcome"": 0, ""support"": 0, ""request"": 0, ""concern"": 1, ""opposition"": 1, ""commitment"": 0}",[],explicit
E00224,verbatim_en_2024_SGP:22,2024_SGP,2024,SGP,Asia-Pacific States,data/analysis_ready_en/2024/2024_SGP.json,a7bbf60cf66922e360354d56118bd8ce630f5bb23da87a6dfd5c0d09ea6efb01,data/unga_general_debate_verbatim_en/UNGA79_2024/A_79_PV_15_EN.pdf,"{""bbox"": [123.38, 117.63, 491.23, 200.65], ""char_end"": 512, ""char_start"": 0, ""extracted_block"": 22, ""origin_file"": ""data/unga_general_debate_verbatim_en/UNGA79_2024/A_79_PV_15_EN.pdf"", ""origin_sha256"": ""6ff15314b74614c0fe93cc8d2f3fa0cd58911d47a409d84641882eaf51506497"", ""paragraph"": 22, ""pdf_block"": 4, ""pdf_page"": 53}","Therefore, initiating a dialogue on the global governance of AI is imperative.",reviewed,False,,Calls for a dialogue on global AI governance.,Dialogue,name variant,"{""mention"": 1, ""welcome"": 0, ""support"": 1, ""request"": 1, ""concern"": 0, ""opposition"": 0, ""commitment"": 0}","[""dialogue/convening""]",generic
E00224,verbatim_en_2024_SGP:22,2024_SGP,2024,SGP,Asia-Pacific States,data/analysis_ready_en/2024/2024_SGP.json,a7bbf60cf66922e360354d56118bd8ce630f5bb23da87a6dfd5c0d09ea6efb01,data/unga_general_debate_verbatim_en/UNGA79_2024/A_79_PV_15_EN.pdf,"{""bbox"": [123.38, 117.63, 491.23, 200.65], ""char_end"": 512, ""char_start"": 0, ""extracted_block"": 22, ""origin_file"": ""data/unga_general_debate_verbatim_en/UNGA79_2024/A_79_PV_15_EN.pdf"", ""origin_sha256"": ""6ff15314b74614c0fe93cc8d2f3fa0cd58911d47a409d84641882eaf51506497"", ""paragraph"": 22, ""pdf_block"": 4, ""pdf_page"": 53}","Singapore welcomes the report of the High-Level Advisory Body on AI, and we commit to working with all United Nations Members to further develop those recommendations.",uncertain,False,Singapore commits to working with all UN Members to develop the Advisory Body's recommendations.,Welcomes AI Advisory Body report with commitment.,Other model,explicit name,"{""mention"": 1, ""welcome"": 1, ""support"": 1, ""request"": 0, ""concern"": 0, ""opposition"": 0, ""commitment"": 1}",[],explicit
E00225,verbatim_en_2024_SLE:12,2024_SLE,2024,SLE,African States,data/analysis_ready_en/2024/2024_SLE.json,8b87275b99a18a9079f381a7359cbe4b03f574871805d8ae8c02d42a92019182,data/unga_general_debate_verbatim_en/UNGA79_2024/A_79_PV_7_EN.pdf,"{""bbox"": [123.12, 293.02, 491.5, 452.25], ""char_end"": 1017, ""char_start"": 0, ""extracted_block"": 12, ""origin_file"": ""data/unga_general_debate_verbatim_en/UNGA79_2024/A_79_PV_7_EN.pdf"", ""origin_sha256"": ""eff6a731e2d9c7be39bc34a750dc736ee3f55459cf89688342b8d3c85eaaf5e7"", ""paragraph"": 12, ""pdf_block"": 5, ""pdf_page"": 54}","We welcome the Global Digital Compact’s principle of ensuring safe, secure and trustworthy emerging technologies, including artificial intelligence",reviewed,False,,Global Digital Compact welcomed.,Other model,explicit name,"{""mention"": 1, ""welcome"": 1, ""support"": 1, ""request"": 0, ""concern"": 0, ""opposition"": 0, ""commitment"": 0}","[""norms/rules/standards""]",explicit
E00229,verbatim_en_2024_SWE:15,2024_SWE,2024,SWE,Western European and other States,data/analysis_ready_en/2024/2024_SWE.json,cfb4a094651f7afa4fb40cabaeaeae11da1623902fbb0d5d536363e1d6a00aee,data/unga_general_debate_verbatim_en/UNGA79_2024/A_79_PV_12_EN.pdf,"{""bbox"": [123.12, 466.61, 491.49, 578.24], ""char_end"": 747, ""char_start"": 0, ""extracted_block"": 15, ""origin_file"": ""data/unga_general_debate_verbatim_en/UNGA79_2024/A_79_PV_12_EN.pdf"", ""origin_sha256"": ""f3d14b11bcb670ddaaaa9da1a4ca358e775e40c3cff1d7b495681ed94d424cfd"", ""paragraph"": 15, ""pdf_block"": 7, ""pdf_page"": 44}","Through that framework, all Member States have committed to strengthen international cooperation to close digital divides among and within countries and to establish the governance required for a sustainable digital future, including with respect to artificial intelligence.",reviewed,False,,"Global Digital Compact, co-facilitated by Sweden.",Other model,explicit name,"{""mention"": 1, ""welcome"": 1, ""support"": 1, ""request"": 0, ""concern"": 0, ""opposition"": 0, ""commitment"": 0}","[""coordination"", ""norms/rules/standards""]",explicit
E00230,verbatim_en_2024_TJK:6,2024_TJK,2024,TJK,Asia-Pacific States,data/analysis_ready_en/2024/2024_TJK.json,d7fc9924ec4e16ced1f916e8ca849011c00ea1a745ed8cfb3d9f49ed94890e34,data/unga_general_debate_verbatim_en/UNGA79_2024/A_79_PV_7_EN.pdf,"{""bbox"": [123.12, 210.73, 491.5, 372.78], ""char_end"": 1062, ""char_start"": 0, ""extracted_block"": 6, ""origin_file"": ""data/unga_general_debate_verbatim_en/UNGA79_2024/A_79_PV_7_EN.pdf"", ""origin_sha256"": ""eff6a731e2d9c7be39bc34a750dc736ee3f55459cf89688342b8d3c85eaaf5e7"", ""paragraph"": 6, ""pdf_block"": 3, ""pdf_page"": 47}",I propose that the General Assembly adopt a special draft resolution on the role of artificial intelligence in creating new opportunities for socioeconomic development and accelerating the achievement of the Sustainable Development Goals in Central Asia.,uncertain,False,,Proposed GA resolution on AI for SDGs in Central Asia.,Other model,inferred description,"{""mention"": 0, ""welcome"": 0, ""support"": 0, ""request"": 0, ""concern"": 0, ""opposition"": 0, ""commitment"": 0}","[""other""]",explicit
E00231,verbatim_en_2024_TUR:46,2024_TUR,2024,TUR,Western European and other States,data/analysis_ready_en/2024/2024_TUR.json,fe820f153116cd6fb36eb70238b627752e7c04b70079d47ce64aceff81063358,data/unga_general_debate_verbatim_en/UNGA79_2024/A_79_PV_7_EN.pdf,"{""bbox"": [123.12, 203.17, 491.48, 290.23], ""char_end"": 546, ""char_start"": 0, ""extracted_block"": 46, ""origin_file"": ""data/unga_general_debate_verbatim_en/UNGA79_2024/A_79_PV_7_EN.pdf"", ""origin_sha256"": ""eff6a731e2d9c7be39bc34a750dc736ee3f55459cf89688342b8d3c85eaaf5e7"", ""paragraph"": 46, ""pdf_block"": 4, ""pdf_page"": 22}","The United Nations Technology Bank for the Least Developed Countries, which we host, is a concrete manifestation of our efforts in that regard.",uncertain,False,Türkiye hosts the UN Technology Bank for the Least Developed Countries.,Hosted UN Technology Bank as effort to share technology benefits.,Other model,explicit name,"{""mention"": 0, ""welcome"": 0, ""support"": 0, ""request"": 0, ""concern"": 0, ""opposition"": 0, ""commitment"": 0}","[""capacity building""]",explicit
E00233,verbatim_en_2024_USA:23,2024_USA,2024,USA,Not a formal member of any regional group,data/analysis_ready_en/2024/2024_USA.json,7b6e01da70fc1d2f68a9c5f41118f6b3f26652b12080b6e1b5ea18b6313063cb,data/unga_general_debate_verbatim_en/UNGA79_2024/A_79_PV_7_EN.pdf,"{""bbox"": [123.12, 435.35, 491.51, 605.19], ""char_end"": 1099, ""char_start"": 0, ""extracted_block"": 23, ""origin_file"": ""data/unga_general_debate_verbatim_en/UNGA79_2024/A_79_PV_7_EN.pdf"", ""origin_sha256"": ""eff6a731e2d9c7be39bc34a750dc736ee3f55459cf89688342b8d3c85eaaf5e7"", ""paragraph"": 23, ""pdf_block"": 5, ""pdf_page"": 15}","This year the General Assembly adopted its first-ever resolutions on artificial intelligence (resolutions 78/265 and 78/311), with a view to starting to develop global rules of the road. We also announced the Political Declaration on Responsible Military Use of Artificial Intelligence and Autonomy",reviewed,False,,"GA AI resolutions and the US-led Political Declaration on Responsible Military Use of AI, presented as early norm-setting.",Other model,explicit name,"{""mention"": 1, ""welcome"": 1, ""support"": 1, ""request"": 0, ""concern"": 0, ""opposition"": 0, ""commitment"": 0}","[""norms/rules/standards""]",explicit
E00237,verbatim_en_2024_UZB:7,2024_UZB,2024,UZB,Asia-Pacific States,data/analysis_ready_en/2024/2024_UZB.json,17e68260c637a7d4dcb1a3679e2da4a6875bd8ec3577fb495f5381722f770050,data/unga_general_debate_verbatim_en/UNGA79_2024/A_79_PV_10_EN.pdf,"{""bbox"": [123.12, 429.34, 491.48, 502.95], ""char_end"": 487, ""char_start"": 0, ""extracted_block"": 7, ""origin_file"": ""data/unga_general_debate_verbatim_en/UNGA79_2024/A_79_PV_10_EN.pdf"", ""origin_sha256"": ""9472969282aaac8e11ce1471c9c46362bae4f283fd60bc3a27319f945343bff1"", ""paragraph"": 7, ""pdf_block"": 6, ""pdf_page"": 40}",Uzbekistan supported and co-sponsored General Assembly resolutions on utilizing safe artificial intelligence for sustainable development and strengthening international cooperation.,reviewed,False,,Support for GA AI resolutions.,Other model,explicit name,"{""mention"": 1, ""welcome"": 0, ""support"": 1, ""request"": 0, ""concern"": 0, ""opposition"": 0, ""commitment"": 0}","[""coordination"", ""norms/rules/standards""]",explicit
E00238,verbatim_en_2024_VNM:11,2024_VNM,2024,VNM,Asia-Pacific States,data/analysis_ready_en/2024/2024_VNM.json,70b2ed2aeea7249f8c2a8ae1d2a7f5d44f87ef768419d3c155b0deaae6e32a24,data/unga_general_debate_verbatim_en/UNGA79_2024/A_79_PV_8_EN.pdf,"{""bbox"": [123.12, 311.32, 491.47, 409.81], ""char_end"": 611, ""char_start"": 0, ""extracted_block"": 11, ""origin_file"": ""data/unga_general_debate_verbatim_en/UNGA79_2024/A_79_PV_8_EN.pdf"", ""origin_sha256"": ""9ab16cd0669fb447411fb0683e4ea73ef5bf77dcaf8641316fc5545cb6147df6"", ""paragraph"": 11, ""pdf_block"": 4, ""pdf_page"": 34}","I welcome the documents adopted at the Summit for the Future, especially the Global Digital Compact (resolution 79/1, annex I). That will serve as a crucial basis for advancing global governance and international cooperation in those areas.",reviewed,False,,GDC welcomed as basis for global governance.,Other model,explicit name,"{""mention"": 1, ""welcome"": 1, ""support"": 1, ""request"": 0, ""concern"": 0, ""opposition"": 0, ""commitment"": 0}","[""coordination"", ""norms/rules/standards""]",explicit
E00249,verbatim_en_2025_BHR:5,2025_BHR,2025,BHR,Asia-Pacific States,data/analysis_ready_en/2025/2025_BHR.json,04d69f83a5785ba754245adcaa479fd4e1a68abf12624fd0c3d5aae997f4b390,data/unga_general_debate_verbatim_en/automatic_transcripts_unofficial/UNGA2025_day4_EN_ASR.json,"{""char_end"": 11072, ""char_start"": 8867, ""end"": 40742.15, ""extracted_block"": 1, ""json_pointer"": ""/transcript/data/61/paragraphs/0"", ""origin_file"": ""data/unga_general_debate_verbatim_en/automatic_transcripts_unofficial/UNGA2025_day4_EN_ASR.json"", ""origin_sha256"": ""c8692911ed43efa9b2a58a9bdc9039d775619b12c0dd3077dd97f9cf543a8821"", ""paragraph"": 1, ""start"": 39604.51, ""statement_start"": 39604.51}","His Royal Highness, the Crown Prince and Prime Minister, in his address before the General Assembly last year, called for the adoption of an international convention to regulate and govern the development of AI.",reviewed,False,,Proposed international convention (treaty) on AI.,Other model,inferred description,"{""mention"": 1, ""welcome"": 0, ""support"": 1, ""request"": 1, ""concern"": 0, ""opposition"": 0, ""commitment"": 0}","[""norms/rules/standards""]",generic
E00252,verbatim_en_2025_BRA:3,2025_BRA,2025,BRA,Latin American and Caribbean States,data/analysis_ready_en/2025/2025_BRA.json,10650300ee4a5b5f4d6489b80ae24f75adcfbc05fcfdd5f279cf5eb38897b85a,data/unga_general_debate_verbatim_en/automatic_transcripts_unofficial/UNGA2025_day1_EN_ASR.json,"{""char_end"": 6525, ""char_start"": 4321, ""end"": 5321.63, ""extracted_block"": 1, ""json_pointer"": ""/transcript/data/3/paragraphs/0"", ""origin_file"": ""data/unga_general_debate_verbatim_en/automatic_transcripts_unofficial/UNGA2025_day1_EN_ASR.json"", ""origin_sha256"": ""5da320ba84a5d192501cb7893f63224a5548c0b9b120751cd82e40dda077a448"", ""paragraph"": 1, ""start"": 4237.91, ""statement_start"": 4237.91}","To mitigate the risks of artificial intelligence, we are committed to building multilateral governance in line with the global digital compact that was approved in this plenary last year.",reviewed,False,Brazil commits to building multilateral AI governance in line with the Global Digital Compact.,Global Digital Compact cited as the framework for AI governance Brazil commits to build.,Other model,explicit name,"{""mention"": 1, ""welcome"": 0, ""support"": 1, ""request"": 0, ""concern"": 0, ""opposition"": 0, ""commitment"": 1}","[""norms/rules/standards""]",explicit
E00255,verbatim_en_2025_BRB:6,2025_BRB,2025,BRB,Latin American and Caribbean States,data/analysis_ready_en/2025/2025_BRB.json,0084a813874852afbfc9249a4dffb7b0d5c1ab691b59117c85487b86f19b393d,data/unga_general_debate_verbatim_en/automatic_transcripts_unofficial/UNGA2025_day4_EN_ASR.json,"{""char_end"": 11743, ""char_start"": 9734, ""end"": 17999.99, ""extracted_block"": 1, ""json_pointer"": ""/transcript/data/23/paragraphs/0"", ""origin_file"": ""data/unga_general_debate_verbatim_en/automatic_transcripts_unofficial/UNGA2025_day4_EN_ASR.json"", ""origin_sha256"": ""c8692911ed43efa9b2a58a9bdc9039d775619b12c0dd3077dd97f9cf543a8821"", ""paragraph"": 1, ""start"": 16143.61, ""statement_start"": 16143.61}",The two instruments mentioned on Tuesday morning by our Secretary General for regulating AI must now be our priority,uncertain,False,,Inferred second of the two UN AI instruments; supported as priority.,Dialogue,inferred description,"{""mention"": 1, ""welcome"": 0, ""support"": 1, ""request"": 0, ""concern"": 0, ""opposition"": 0, ""commitment"": 0}","[""dialogue/convening""]",explicit
E00255,verbatim_en_2025_BRB:6,2025_BRB,2025,BRB,Latin American and Caribbean States,data/analysis_ready_en/2025/2025_BRB.json,0084a813874852afbfc9249a4dffb7b0d5c1ab691b59117c85487b86f19b393d,data/unga_general_debate_verbatim_en/automatic_transcripts_unofficial/UNGA2025_day4_EN_ASR.json,"{""char_end"": 11743, ""char_start"": 9734, ""end"": 17999.99, ""extracted_block"": 1, ""json_pointer"": ""/transcript/data/23/paragraphs/0"", ""origin_file"": ""data/unga_general_debate_verbatim_en/automatic_transcripts_unofficial/UNGA2025_day4_EN_ASR.json"", ""origin_sha256"": ""c8692911ed43efa9b2a58a9bdc9039d775619b12c0dd3077dd97f9cf543a8821"", ""paragraph"": 1, ""start"": 16143.61, ""statement_start"": 16143.61}",The two instruments mentioned on Tuesday morning by our Secretary General for regulating AI must now be our priority,uncertain,False,,Unspecified two UN AI instruments (likely the Panel and Dialogue) cited by the Secretary-General; mechanism cannot be determined.,Other model,inferred description,"{""mention"": 0, ""welcome"": 0, ""support"": 0, ""request"": 0, ""concern"": 0, ""opposition"": 0, ""commitment"": 0}","[""norms/rules/standards""]",explicit
E00255,verbatim_en_2025_BRB:6,2025_BRB,2025,BRB,Latin American and Caribbean States,data/analysis_ready_en/2025/2025_BRB.json,0084a813874852afbfc9249a4dffb7b0d5c1ab691b59117c85487b86f19b393d,data/unga_general_debate_verbatim_en/automatic_transcripts_unofficial/UNGA2025_day4_EN_ASR.json,"{""char_end"": 11743, ""char_start"": 9734, ""end"": 17999.99, ""extracted_block"": 1, ""json_pointer"": ""/transcript/data/23/paragraphs/0"", ""origin_file"": ""data/unga_general_debate_verbatim_en/automatic_transcripts_unofficial/UNGA2025_day4_EN_ASR.json"", ""origin_sha256"": ""c8692911ed43efa9b2a58a9bdc9039d775619b12c0dd3077dd97f9cf543a8821"", ""paragraph"": 1, ""start"": 16143.61, ""statement_start"": 16143.61}",The two instruments mentioned on Tuesday morning by our Secretary General for regulating AI must now be our priority,uncertain,False,,The two SG-highlighted AI instruments are inferred to be the Scientific Panel and Global Dialogue; urged as priority.,Panel,inferred description,"{""mention"": 1, ""welcome"": 0, ""support"": 1, ""request"": 0, ""concern"": 0, ""opposition"": 0, ""commitment"": 0}","[""scientific assessment""]",explicit
E00257,verbatim_en_2025_CAF:8,2025_CAF,2025,CAF,African States,data/analysis_ready_en/2025/2025_CAF.json,ec7fe063966e0422037a86f115d39556646c8d8cbcde9bd8a08eecbf9ccbc427,data/unga_general_debate_verbatim_en/automatic_transcripts_unofficial/UNGA2025_day2_EN_ASR.json,"{""char_end"": 9153, ""char_start"": 8293, ""end"": 33989.31, ""extracted_block"": 2, ""json_pointer"": ""/transcript/data/58/paragraphs/1"", ""origin_file"": ""data/unga_general_debate_verbatim_en/automatic_transcripts_unofficial/UNGA2025_day2_EN_ASR.json"", ""origin_sha256"": ""927288bea100aaf0c5a8e1048e8232dbbc03383fd1895cd4795d78e4afad6692"", ""paragraph"": 2, ""start"": 33204.43, ""statement_start"": 32729.51}",We propose also the establishment of a global charter for digital governance and ethical artificial intelligence so that human rights are protected in the digital sphere.,reviewed,False,,Proposed global charter on digital governance and ethical AI.,Other model,inferred description,"{""mention"": 1, ""welcome"": 0, ""support"": 1, ""request"": 1, ""concern"": 0, ""opposition"": 0, ""commitment"": 0}","[""norms/rules/standards""]",generic
E00259,verbatim_en_2025_CHN:5,2025_CHN,2025,CHN,Asia-Pacific States,data/analysis_ready_en/2025/2025_CHN.json,7454972aa1eaee740e3e1f7e80fa164037b3e0ae9914d03166231abb3bb5de42,data/unga_general_debate_verbatim_en/automatic_transcripts_unofficial/UNGA2025_day4_EN_ASR.json,"{""char_end"": 11041, ""char_start"": 8875, ""end"": 6923.67, ""extracted_block"": 1, ""json_pointer"": ""/transcript/data/7/paragraphs/0"", ""origin_file"": ""data/unga_general_debate_verbatim_en/automatic_transcripts_unofficial/UNGA2025_day4_EN_ASR.json"", ""origin_sha256"": ""c8692911ed43efa9b2a58a9bdc9039d775619b12c0dd3077dd97f9cf543a8821"", ""paragraph"": 1, ""start"": 5710.36, ""statement_start"": 5710.36}",advocated the establishment of a world AI cooperation organization,uncertain,False,,Proposes new international AI organization.,New body/verification regime,explicit name,"{""mention"": 1, ""welcome"": 0, ""support"": 1, ""request"": 1, ""concern"": 0, ""opposition"": 0, ""commitment"": 0}","[""coordination""]",generic
E00259,verbatim_en_2025_CHN:5,2025_CHN,2025,CHN,Asia-Pacific States,data/analysis_ready_en/2025/2025_CHN.json,7454972aa1eaee740e3e1f7e80fa164037b3e0ae9914d03166231abb3bb5de42,data/unga_general_debate_verbatim_en/automatic_transcripts_unofficial/UNGA2025_day4_EN_ASR.json,"{""char_end"": 11041, ""char_start"": 8875, ""end"": 6923.67, ""extracted_block"": 1, ""json_pointer"": ""/transcript/data/7/paragraphs/0"", ""origin_file"": ""data/unga_general_debate_verbatim_en/automatic_transcripts_unofficial/UNGA2025_day4_EN_ASR.json"", ""origin_sha256"": ""c8692911ed43efa9b2a58a9bdc9039d775619b12c0dd3077dd97f9cf543a8821"", ""paragraph"": 1, ""start"": 5710.36, ""statement_start"": 5710.36}",China has proposed the Global AI Governance Initiative,uncertain,False,,China's own governance initiative.,Other model,explicit name,"{""mention"": 1, ""welcome"": 0, ""support"": 1, ""request"": 0, ""concern"": 0, ""opposition"": 0, ""commitment"": 0}","[""norms/rules/standards""]",generic
E00260,verbatim_en_2025_CIV:5,2025_CIV,2025,CIV,African States,data/analysis_ready_en/2025/2025_CIV.json,107d028b767b7e267d91c649173d93b892e46dee7b3cd3bf0634acbe8f8cef29,data/unga_general_debate_verbatim_en/automatic_transcripts_unofficial/UNGA2025_day4_EN_ASR.json,"{""char_end"": 8606, ""char_start"": 6473, ""end"": 39564.51, ""extracted_block"": 2, ""json_pointer"": ""/transcript/data/59/paragraphs/1"", ""origin_file"": ""data/unga_general_debate_verbatim_en/automatic_transcripts_unofficial/UNGA2025_day4_EN_ASR.json"", ""origin_sha256"": ""c8692911ed43efa9b2a58a9bdc9039d775619b12c0dd3077dd97f9cf543a8821"", ""paragraph"": 2, ""start"": 38680.11, ""statement_start"": 38674.19}",We call for the adoption of binding universal standards so as to regulate the use of AI and digital technologies,uncertain,False,,Requests binding universal AI standards.,New body/verification regime,inferred description,"{""mention"": 0, ""welcome"": 0, ""support"": 0, ""request"": 0, ""concern"": 0, ""opposition"": 0, ""commitment"": 0}","[""norms/rules/standards""]",generic
E00260,verbatim_en_2025_CIV:5,2025_CIV,2025,CIV,African States,data/analysis_ready_en/2025/2025_CIV.json,107d028b767b7e267d91c649173d93b892e46dee7b3cd3bf0634acbe8f8cef29,data/unga_general_debate_verbatim_en/automatic_transcripts_unofficial/UNGA2025_day4_EN_ASR.json,"{""char_end"": 8606, ""char_start"": 6473, ""end"": 39564.51, ""extracted_block"": 2, ""json_pointer"": ""/transcript/data/59/paragraphs/1"", ""origin_file"": ""data/unga_general_debate_verbatim_en/automatic_transcripts_unofficial/UNGA2025_day4_EN_ASR.json"", ""origin_sha256"": ""c8692911ed43efa9b2a58a9bdc9039d775619b12c0dd3077dd97f9cf543a8821"", ""paragraph"": 2, ""start"": 38680.11, ""statement_start"": 38674.19}","Cote d'Ivoire welcomes the adoption of the Pact for the Future and the annexes thereto, as well as the Global Digital Compact, regulating the use of artificial intelligence, AI.",reviewed,False,,Welcomes GDC / Pact.,Other model,explicit name,"{""mention"": 1, ""welcome"": 1, ""support"": 0, ""request"": 0, ""concern"": 0, ""opposition"": 0, ""commitment"": 0}","[""norms/rules/standards""]",explicit
E00263,verbatim_en_2025_CPV:1,2025_CPV,2025,CPV,African States,data/analysis_ready_en/2025/2025_CPV.json,918b7e2c1d7327967b575cda4e73329f549e6d43912313a4dbb81407f0aa912e,data/unga_general_debate_verbatim_en/automatic_transcripts_unofficial/UNGA2025_day4_EN_ASR.json,"{""char_end"": 2184, ""char_start"": 0, ""end"": 24774.39, ""extracted_block"": 1, ""json_pointer"": ""/transcript/data/35/paragraphs/0"", ""origin_file"": ""data/unga_general_debate_verbatim_en/automatic_transcripts_unofficial/UNGA2025_day4_EN_ASR.json"", ""origin_sha256"": ""c8692911ed43efa9b2a58a9bdc9039d775619b12c0dd3077dd97f9cf543a8821"", ""paragraph"": 1, ""start"": 24217.83, ""statement_start"": 24217.83}",we recognize the importance and relevance of the Global Compact for Digitalization for equitable access to digital technologies and artificial intelligence,uncertain,False,,Global Digital Compact under a variant name.,Other model,name variant,"{""mention"": 1, ""welcome"": 0, ""support"": 1, ""request"": 0, ""concern"": 0, ""opposition"": 0, ""commitment"": 0}",[],generic
E00265,verbatim_en_2025_CRI:4,2025_CRI,2025,CRI,Latin American and Caribbean States,data/analysis_ready_en/2025/2025_CRI.json,2410330955ca271756999befda6e39d6185bae89c6835f6c51f0da3cf08cc502,data/unga_general_debate_verbatim_en/automatic_transcripts_unofficial/UNGA2025_day2_EN_ASR.json,"{""char_end"": 8868, ""char_start"": 6580, ""end"": 44315.37, ""extracted_block"": 1, ""json_pointer"": ""/transcript/data/76/paragraphs/0"", ""origin_file"": ""data/unga_general_debate_verbatim_en/automatic_transcripts_unofficial/UNGA2025_day2_EN_ASR.json"", ""origin_sha256"": ""927288bea100aaf0c5a8e1048e8232dbbc03383fd1895cd4795d78e4afad6692"", ""paragraph"": 1, ""start"": 43342.47, ""statement_start"": 43342.47}",Costa Rica urges the conclusion before 2026 of a legally binding instrument that establishes prohibitions and regulations for autonomous weapons systems,uncertain,False,,Requests a legally binding instrument on autonomous weapons systems.,Other model,inferred description,"{""mention"": 1, ""welcome"": 0, ""support"": 0, ""request"": 1, ""concern"": 0, ""opposition"": 0, ""commitment"": 0}","[""norms/rules/standards""]",generic
E00266,verbatim_en_2025_CRI:5,2025_CRI,2025,CRI,Latin American and Caribbean States,data/analysis_ready_en/2025/2025_CRI.json,2410330955ca271756999befda6e39d6185bae89c6835f6c51f0da3cf08cc502,data/unga_general_debate_verbatim_en/automatic_transcripts_unofficial/UNGA2025_day2_EN_ASR.json,"{""char_end"": 10953, ""char_start"": 8869, ""end"": 44315.37, ""extracted_block"": 1, ""json_pointer"": ""/transcript/data/76/paragraphs/0"", ""origin_file"": ""data/unga_general_debate_verbatim_en/automatic_transcripts_unofficial/UNGA2025_day2_EN_ASR.json"", ""origin_sha256"": ""927288bea100aaf0c5a8e1048e8232dbbc03383fd1895cd4795d78e4afad6692"", ""paragraph"": 1, ""start"": 43342.47, ""statement_start"": 43342.47}",the global dialogue on AI governance to be launched tomorrow. Its adoption by consensus is a milestone in itself.,uncertain,False,,Co-led process establishing the Dialogue; welcomes adoption.,Dialogue,explicit name,"{""mention"": 1, ""welcome"": 1, ""support"": 1, ""request"": 0, ""concern"": 0, ""opposition"": 0, ""commitment"": 0}",[],explicit
E00266,verbatim_en_2025_CRI:5,2025_CRI,2025,CRI,Latin American and Caribbean States,data/analysis_ready_en/2025/2025_CRI.json,2410330955ca271756999befda6e39d6185bae89c6835f6c51f0da3cf08cc502,data/unga_general_debate_verbatim_en/automatic_transcripts_unofficial/UNGA2025_day2_EN_ASR.json,"{""char_end"": 10953, ""char_start"": 8869, ""end"": 44315.37, ""extracted_block"": 1, ""json_pointer"": ""/transcript/data/76/paragraphs/0"", ""origin_file"": ""data/unga_general_debate_verbatim_en/automatic_transcripts_unofficial/UNGA2025_day2_EN_ASR.json"", ""origin_sha256"": ""927288bea100aaf0c5a8e1048e8232dbbc03383fd1895cd4795d78e4afad6692"", ""paragraph"": 1, ""start"": 43342.47, ""statement_start"": 43342.47}","Costa Rica, together with Spain, has led the process that established the independent international scientific panel",uncertain,False,,Costa Rica co-led establishment (past action) and calls adoption a milestone.,Panel,name variant,"{""mention"": 1, ""welcome"": 1, ""support"": 1, ""request"": 0, ""concern"": 0, ""opposition"": 0, ""commitment"": 0}",[],explicit
E00269,verbatim_en_2025_DJI:2,2025_DJI,2025,DJI,African States,data/analysis_ready_en/2025/2025_DJI.json,2537c4d39463140d45a3427d984a319b798edd42e4dac46b9b86188a4a755ee5,data/unga_general_debate_verbatim_en/automatic_transcripts_unofficial/UNGA2025_day6_EN_ASR.txt,"{""char_end"": 4407, ""char_start"": 2196, ""extracted_block"": 1, ""line_end"": 187, ""line_start"": 187, ""origin_file"": ""data/unga_general_debate_verbatim_en/automatic_transcripts_unofficial/UNGA2025_day6_EN_ASR.txt"", ""origin_sha256"": ""3c968a55df31a753048ea8efa399250e7f23d2b308cd095ca2294abb2c657269"", ""paragraph"": 1, ""speaker_line"": 185, ""statement_timestamp"": ""4:07:01"", ""transcript_block"": 28}","We agreed on an ambitious program covering important issues such as peace and security, sustainable development, climate change, digital cooperation, in particular, ensuring that we make artificial intelligence, a technology that benefits all",reviewed,False,,Pact for the Future / Global Digital Compact (named in context) described as an agreed programme including AI.,Other model,inferred description,"{""mention"": 1, ""welcome"": 1, ""support"": 0, ""request"": 0, ""concern"": 0, ""opposition"": 0, ""commitment"": 0}",[],explicit
E00277,verbatim_en_2025_FSM:5,2025_FSM,2025,FSM,Asia-Pacific States,data/analysis_ready_en/2025/2025_FSM.json,eeeae3abe67165d47574117d6bb74e46318bb6844e4dbfad8399bcdf03077923,data/unga_general_debate_verbatim_en/automatic_transcripts_unofficial/UNGA2025_day3_EN_ASR.json,"{""char_end"": 8522, ""char_start"": 6412, ""end"": 26093.87, ""extracted_block"": 2, ""json_pointer"": ""/transcript/data/49/paragraphs/1"", ""origin_file"": ""data/unga_general_debate_verbatim_en/automatic_transcripts_unofficial/UNGA2025_day3_EN_ASR.json"", ""origin_sha256"": ""829f77fca5d16e37ae2aa17a64e85b0d9afec84cf5fcddbd63b6170a9f3895e2"", ""paragraph"": 2, ""start"": 25200.51, ""statement_start"": 25068.15}","Micronesia co-sponsored the first-ever UN resolution on AI, alongside 120 member states.",uncertain,False,,UN GA resolution on AI co-sponsored and held up as a model for inclusive dialogue.,Other model,inferred description,"{""mention"": 1, ""welcome"": 0, ""support"": 1, ""request"": 0, ""concern"": 0, ""opposition"": 0, ""commitment"": 0}","[""dialogue/convening"", ""norms/rules/standards""]",explicit
E00280,verbatim_en_2025_GBR:6,2025_GBR,2025,GBR,Western European and other States,data/analysis_ready_en/2025/2025_GBR.json,4003b069c5317bb7b9c91f950b68f1bf5d8e61458b6d39eacfb88e9a06c0962d,data/unga_general_debate_verbatim_en/automatic_transcripts_unofficial/UNGA2025_day3_EN_ASR.json,"{""char_end"": 10171, ""char_start"": 8152, ""end"": 35930.35, ""extracted_block"": 2, ""json_pointer"": ""/transcript/data/68/paragraphs/1"", ""origin_file"": ""data/unga_general_debate_verbatim_en/automatic_transcripts_unofficial/UNGA2025_day3_EN_ASR.json"", ""origin_sha256"": ""829f77fca5d16e37ae2aa17a64e85b0d9afec84cf5fcddbd63b6170a9f3895e2"", ""paragraph"": 2, ""start"": 34966.43, ""statement_start"": 34928.55}",And I welcome the new global dialogue on AI governance.,uncertain,False,,Welcomes the Global Dialogue.,Dialogue,explicit name,"{""mention"": 1, ""welcome"": 1, ""support"": 0, ""request"": 0, ""concern"": 0, ""opposition"": 0, ""commitment"": 0}",[],explicit
E00280,verbatim_en_2025_GBR:6,2025_GBR,2025,GBR,Western European and other States,data/analysis_ready_en/2025/2025_GBR.json,4003b069c5317bb7b9c91f950b68f1bf5d8e61458b6d39eacfb88e9a06c0962d,data/unga_general_debate_verbatim_en/automatic_transcripts_unofficial/UNGA2025_day3_EN_ASR.json,"{""char_end"": 10171, ""char_start"": 8152, ""end"": 35930.35, ""extracted_block"": 2, ""json_pointer"": ""/transcript/data/68/paragraphs/1"", ""origin_file"": ""data/unga_general_debate_verbatim_en/automatic_transcripts_unofficial/UNGA2025_day3_EN_ASR.json"", ""origin_sha256"": ""829f77fca5d16e37ae2aa17a64e85b0d9afec84cf5fcddbd63b6170a9f3895e2"", ""paragraph"": 2, ""start"": 34966.43, ""statement_start"": 34928.55}","I salute the Secretary-General for championing the Global Digital Compact, which embodies both progress and realism.",uncertain,False,,Praises the Global Digital Compact.,Other model,explicit name,"{""mention"": 1, ""welcome"": 0, ""support"": 1, ""request"": 0, ""concern"": 0, ""opposition"": 0, ""commitment"": 0}",[],explicit
E00280,verbatim_en_2025_GBR:6,2025_GBR,2025,GBR,Western European and other States,data/analysis_ready_en/2025/2025_GBR.json,4003b069c5317bb7b9c91f950b68f1bf5d8e61458b6d39eacfb88e9a06c0962d,data/unga_general_debate_verbatim_en/automatic_transcripts_unofficial/UNGA2025_day3_EN_ASR.json,"{""char_end"": 10171, ""char_start"": 8152, ""end"": 35930.35, ""extracted_block"": 2, ""json_pointer"": ""/transcript/data/68/paragraphs/1"", ""origin_file"": ""data/unga_general_debate_verbatim_en/automatic_transcripts_unofficial/UNGA2025_day3_EN_ASR.json"", ""origin_sha256"": ""829f77fca5d16e37ae2aa17a64e85b0d9afec84cf5fcddbd63b6170a9f3895e2"", ""paragraph"": 2, ""start"": 34966.43, ""statement_start"": 34928.55}","I commend the new independent international scientific panel on AI, which will provide evidence-based assessments to all.",reviewed,False,,Commends the Panel.,Panel,explicit name,"{""mention"": 1, ""welcome"": 1, ""support"": 1, ""request"": 0, ""concern"": 0, ""opposition"": 0, ""commitment"": 0}","[""scientific assessment""]",explicit
E00284,verbatim_en_2025_GRC:9,2025_GRC,2025,GRC,Western European and other States,data/analysis_ready_en/2025/2025_GRC.json,3d8a023e9c70d9bb02e2242cbee6cbc812541242bac802d84e3f03e6ac56e6cb,data/unga_general_debate_verbatim_en/automatic_transcripts_unofficial/UNGA2025_day4_EN_ASR.json,"{""char_end"": 10730, ""char_start"": 8531, ""end"": 15347.71, ""extracted_block"": 2, ""json_pointer"": ""/transcript/data/19/paragraphs/1"", ""origin_file"": ""data/unga_general_debate_verbatim_en/automatic_transcripts_unofficial/UNGA2025_day4_EN_ASR.json"", ""origin_sha256"": ""c8692911ed43efa9b2a58a9bdc9039d775619b12c0dd3077dd97f9cf543a8821"", ""paragraph"": 2, ""start"": 14400.11, ""statement_start"": 13910.19}",the global dialogue on artificial intelligence governance. These institutions lay the foundations of a global architecture where artificial intelligence can be steered by science and guided by cooperation.,reviewed,False,,Welcomes the Global Dialogue on AI Governance.,Dialogue,explicit name,"{""mention"": 1, ""welcome"": 1, ""support"": 1, ""request"": 0, ""concern"": 0, ""opposition"": 0, ""commitment"": 0}","[""dialogue/convening""]",explicit
E00284,verbatim_en_2025_GRC:9,2025_GRC,2025,GRC,Western European and other States,data/analysis_ready_en/2025/2025_GRC.json,3d8a023e9c70d9bb02e2242cbee6cbc812541242bac802d84e3f03e6ac56e6cb,data/unga_general_debate_verbatim_en/automatic_transcripts_unofficial/UNGA2025_day4_EN_ASR.json,"{""char_end"": 10730, ""char_start"": 8531, ""end"": 15347.71, ""extracted_block"": 2, ""json_pointer"": ""/transcript/data/19/paragraphs/1"", ""origin_file"": ""data/unga_general_debate_verbatim_en/automatic_transcripts_unofficial/UNGA2025_day4_EN_ASR.json"", ""origin_sha256"": ""c8692911ed43efa9b2a58a9bdc9039d775619b12c0dd3077dd97f9cf543a8821"", ""paragraph"": 2, ""start"": 14400.11, ""statement_start"": 13910.19}",I welcome the United Nations establishment of the independent international scientific panel on AI,reviewed,False,,Welcomes the Independent International Scientific Panel on AI.,Panel,explicit name,"{""mention"": 1, ""welcome"": 1, ""support"": 1, ""request"": 0, ""concern"": 0, ""opposition"": 0, ""commitment"": 0}","[""scientific assessment""]",explicit
E00288,verbatim_en_2025_GUY:6,2025_GUY,2025,GUY,Latin American and Caribbean States,data/analysis_ready_en/2025/2025_GUY.json,a440024a2e6efc1febbab0bde980de1f21e688213064e26a98e940b2c8313d83,data/unga_general_debate_verbatim_en/automatic_transcripts_unofficial/UNGA2025_day2_EN_ASR.json,"{""char_end"": 2220, ""char_start"": 0, ""end"": 29086.35, ""extracted_block"": 2, ""json_pointer"": ""/transcript/data/48/paragraphs/1"", ""origin_file"": ""data/unga_general_debate_verbatim_en/automatic_transcripts_unofficial/UNGA2025_day2_EN_ASR.json"", ""origin_sha256"": ""927288bea100aaf0c5a8e1048e8232dbbc03383fd1895cd4795d78e4afad6692"", ""paragraph"": 2, ""start"": 28800.11, ""statement_start"": 27738.35}",we welcome the recent UN General Assembly decision to establish two global AI governance mechanism.,uncertain,False,,Two mechanisms established by GA in 2025 are the Scientific Panel and Global Dialogue.,Dialogue,inferred description,"{""mention"": 1, ""welcome"": 1, ""support"": 0, ""request"": 0, ""concern"": 0, ""opposition"": 0, ""commitment"": 0}",[],explicit
E00288,verbatim_en_2025_GUY:6,2025_GUY,2025,GUY,Latin American and Caribbean States,data/analysis_ready_en/2025/2025_GUY.json,a440024a2e6efc1febbab0bde980de1f21e688213064e26a98e940b2c8313d83,data/unga_general_debate_verbatim_en/automatic_transcripts_unofficial/UNGA2025_day2_EN_ASR.json,"{""char_end"": 2220, ""char_start"": 0, ""end"": 29086.35, ""extracted_block"": 2, ""json_pointer"": ""/transcript/data/48/paragraphs/1"", ""origin_file"": ""data/unga_general_debate_verbatim_en/automatic_transcripts_unofficial/UNGA2025_day2_EN_ASR.json"", ""origin_sha256"": ""927288bea100aaf0c5a8e1048e8232dbbc03383fd1895cd4795d78e4afad6692"", ""paragraph"": 2, ""start"": 28800.11, ""statement_start"": 27738.35}",we welcome the recent UN General Assembly decision to establish two global AI governance mechanism.,uncertain,False,,Two mechanisms established by GA in 2025 are the Scientific Panel and Global Dialogue.,Panel,inferred description,"{""mention"": 1, ""welcome"": 1, ""support"": 0, ""request"": 0, ""concern"": 0, ""opposition"": 0, ""commitment"": 0}",[],explicit
E00291,verbatim_en_2025_IND:4,2025_IND,2025,IND,Asia-Pacific States,data/analysis_ready_en/2025/2025_IND.json,b2eec724bc6451134d0703e85419714f828bf8b85695b775a55fa33fb3430a87,data/unga_general_debate_verbatim_en/automatic_transcripts_unofficial/UNGA2025_day5_EN_ASR.json,"{""char_end"": 8837, ""char_start"": 6565, ""end"": 19090.87, ""extracted_block"": 1, ""json_pointer"": ""/transcript/data/27/paragraphs/0"", ""origin_file"": ""data/unga_general_debate_verbatim_en/automatic_transcripts_unofficial/UNGA2025_day5_EN_ASR.json"", ""origin_sha256"": ""6af8373eabbece61df49527d7664a10b9d6b9b3122210c691c28246f80a54da8"", ""paragraph"": 1, ""start"": 18087.67, ""statement_start"": 18087.67}",Inclusion and impact will be the watchwords for the summit that India will host in 2026.,uncertain,False,India will host an AI summit in 2026.,AI summit hosted by India.,Dialogue,inferred description,"{""mention"": 0, ""welcome"": 0, ""support"": 0, ""request"": 0, ""concern"": 0, ""opposition"": 0, ""commitment"": 0}","[""dialogue/convening""]",generic
E00291,verbatim_en_2025_IND:4,2025_IND,2025,IND,Asia-Pacific States,data/analysis_ready_en/2025/2025_IND.json,b2eec724bc6451134d0703e85419714f828bf8b85695b775a55fa33fb3430a87,data/unga_general_debate_verbatim_en/automatic_transcripts_unofficial/UNGA2025_day5_EN_ASR.json,"{""char_end"": 8837, ""char_start"": 6565, ""end"": 19090.87, ""extracted_block"": 1, ""json_pointer"": ""/transcript/data/27/paragraphs/0"", ""origin_file"": ""data/unga_general_debate_verbatim_en/automatic_transcripts_unofficial/UNGA2025_day5_EN_ASR.json"", ""origin_sha256"": ""6af8373eabbece61df49527d7664a10b9d6b9b3122210c691c28246f80a54da8"", ""paragraph"": 1, ""start"": 18087.67, ""statement_start"": 18087.67}",Inclusion and impact will be the watchwords for the summit that India will host in 2026.,uncertain,False,India will host the 2026 AI summit.,AI summit series (AI Impact Summit) hosted by India.,Other model,inferred description,"{""mention"": 1, ""welcome"": 0, ""support"": 1, ""request"": 0, ""concern"": 0, ""opposition"": 0, ""commitment"": 1}","[""dialogue/convening""]",generic
E00296,verbatim_en_2025_KAZ:6,2025_KAZ,2025,KAZ,Asia-Pacific States,data/analysis_ready_en/2025/2025_KAZ.json,3df702233f9c75f908fa2d9441e77e4b068669cac1961045d54088e0a4729455,data/unga_general_debate_verbatim_en/automatic_transcripts_unofficial/UNGA2025_day1_EN_ASR.json,"{""char_end"": 13636, ""char_start"": 11349, ""end"": 24247.39, ""extracted_block"": 1, ""json_pointer"": ""/transcript/data/39/paragraphs/0"", ""origin_file"": ""data/unga_general_debate_verbatim_en/automatic_transcripts_unofficial/UNGA2025_day1_EN_ASR.json"", ""origin_sha256"": ""5da320ba84a5d192501cb7893f63224a5548c0b9b120751cd82e40dda077a448"", ""paragraph"": 1, ""start"": 22710, ""statement_start"": 22710}",Kazakhstan welcomes the establishment under UN auspices of the Global Dialogue on AI Governance. We stand ready to actively contribute to this platform,uncertain,False,,Welcomes and offers to contribute; no concrete undertaking.,Dialogue,explicit name,"{""mention"": 1, ""welcome"": 1, ""support"": 1, ""request"": 0, ""concern"": 0, ""opposition"": 0, ""commitment"": 0}","[""dialogue/convening""]",explicit
E00298,verbatim_en_2025_KOR:5,2025_KOR,2025,KOR,Asia-Pacific States,data/analysis_ready_en/2025/2025_KOR.json,7ff8e5c6046f5e0aa5d5e5f4e4b2bef8ea1247a8aeafec8e8ceca973f33f68bf,data/unga_general_debate_verbatim_en/automatic_transcripts_unofficial/UNGA2025_day1_EN_ASR.json,"{""char_end"": 2072, ""char_start"": 0, ""end"": 16291.11, ""extracted_block"": 2, ""json_pointer"": ""/transcript/data/25/paragraphs/1"", ""origin_file"": ""data/unga_general_debate_verbatim_en/automatic_transcripts_unofficial/UNGA2025_day1_EN_ASR.json"", ""origin_sha256"": ""5da320ba84a5d192501cb7893f63224a5548c0b9b120751cd82e40dda077a448"", ""paragraph"": 2, ""start"": 15655.99, ""statement_start"": 15102.11}",I hope the open debate that I will preside over as UN Security Council President tomorrow will significantly contribute to the international community's efforts to promote the responsible use of AI.,uncertain,False,Republic of Korea presiding over a UN Security Council open debate on responsible AI use; and presenting the APEC AI Initiative at the APEC Leaders Meeting it hosts.,Other models combined: UN Security Council open debate on AI (UN) and APEC AI Initiative (non-UN).,Other model,explicit name,"{""mention"": 1, ""welcome"": 0, ""support"": 1, ""request"": 0, ""concern"": 0, ""opposition"": 0, ""commitment"": 1}","[""dialogue/convening""]",explicit
E00301,verbatim_en_2025_LKA:6,2025_LKA,2025,LKA,Asia-Pacific States,data/analysis_ready_en/2025/2025_LKA.json,4076d9bcede70087e3b8ce090ab31cd05da86c7e81e8d24e49afa5b83adf6482,data/unga_general_debate_verbatim_en/automatic_transcripts_unofficial/UNGA2025_day2_EN_ASR.json,"{""char_end"": 11618, ""char_start"": 10443, ""end"": 24202.63, ""extracted_block"": 1, ""json_pointer"": ""/transcript/data/40/paragraphs/0"", ""origin_file"": ""data/unga_general_debate_verbatim_en/automatic_transcripts_unofficial/UNGA2025_day2_EN_ASR.json"", ""origin_sha256"": ""927288bea100aaf0c5a8e1048e8232dbbc03383fd1895cd4795d78e4afad6692"", ""paragraph"": 1, ""start"": 23191.91, ""statement_start"": 23191.91}",I present this August Assembly a proposal to set up a neutral sovereign artificial intelligence zone.,uncertain,False,,Sri Lanka proposes a neutral sovereign AI zone; function unspecified.,Other model,explicit name,"{""mention"": 1, ""welcome"": 0, ""support"": 1, ""request"": 1, ""concern"": 0, ""opposition"": 0, ""commitment"": 0}","[""other""]",generic
E00315,verbatim_en_2025_MUS:5,2025_MUS,2025,MUS,African States,data/analysis_ready_en/2025/2025_MUS.json,c3b864583f45a939b117682978b4f4fb7c2bf773270b9fc505da7c8d1a679bc8,data/unga_general_debate_verbatim_en/automatic_transcripts_unofficial/UNGA2025_day4_EN_ASR.json,"{""char_end"": 9528, ""char_start"": 8780, ""end"": 42453.43, ""extracted_block"": 1, ""json_pointer"": ""/transcript/data/65/paragraphs/0"", ""origin_file"": ""data/unga_general_debate_verbatim_en/automatic_transcripts_unofficial/UNGA2025_day4_EN_ASR.json"", ""origin_sha256"": ""c8692911ed43efa9b2a58a9bdc9039d775619b12c0dd3077dd97f9cf543a8821"", ""paragraph"": 1, ""start"": 41654.66, ""statement_start"": 41654.66}",We welcome the recent establishment of the UN Independent International Scientific Panel on AI and the global dialogue on AI governance.,uncertain,False,,Welcomes the Global Dialogue on AI Governance.,Dialogue,explicit name,"{""mention"": 1, ""welcome"": 1, ""support"": 0, ""request"": 0, ""concern"": 0, ""opposition"": 0, ""commitment"": 0}","[""dialogue/convening""]",explicit
E00315,verbatim_en_2025_MUS:5,2025_MUS,2025,MUS,African States,data/analysis_ready_en/2025/2025_MUS.json,c3b864583f45a939b117682978b4f4fb7c2bf773270b9fc505da7c8d1a679bc8,data/unga_general_debate_verbatim_en/automatic_transcripts_unofficial/UNGA2025_day4_EN_ASR.json,"{""char_end"": 9528, ""char_start"": 8780, ""end"": 42453.43, ""extracted_block"": 1, ""json_pointer"": ""/transcript/data/65/paragraphs/0"", ""origin_file"": ""data/unga_general_debate_verbatim_en/automatic_transcripts_unofficial/UNGA2025_day4_EN_ASR.json"", ""origin_sha256"": ""c8692911ed43efa9b2a58a9bdc9039d775619b12c0dd3077dd97f9cf543a8821"", ""paragraph"": 1, ""start"": 41654.66, ""statement_start"": 41654.66}","There is need to build a global governance architecture through multilateral negotiations that will ensure safe, secure, ethical, and inclusive use of AI.",uncertain,False,,Requests a negotiated global AI governance architecture.,Other model,inferred description,"{""mention"": 0, ""welcome"": 0, ""support"": 0, ""request"": 0, ""concern"": 0, ""opposition"": 0, ""commitment"": 0}","[""norms/rules/standards""]",generic
E00315,verbatim_en_2025_MUS:5,2025_MUS,2025,MUS,African States,data/analysis_ready_en/2025/2025_MUS.json,c3b864583f45a939b117682978b4f4fb7c2bf773270b9fc505da7c8d1a679bc8,data/unga_general_debate_verbatim_en/automatic_transcripts_unofficial/UNGA2025_day4_EN_ASR.json,"{""char_end"": 9528, ""char_start"": 8780, ""end"": 42453.43, ""extracted_block"": 1, ""json_pointer"": ""/transcript/data/65/paragraphs/0"", ""origin_file"": ""data/unga_general_debate_verbatim_en/automatic_transcripts_unofficial/UNGA2025_day4_EN_ASR.json"", ""origin_sha256"": ""c8692911ed43efa9b2a58a9bdc9039d775619b12c0dd3077dd97f9cf543a8821"", ""paragraph"": 1, ""start"": 41654.66, ""statement_start"": 41654.66}",We welcome the recent establishment of the UN Independent International Scientific Panel on AI,uncertain,False,,Welcomes the Scientific Panel on AI.,Panel,explicit name,"{""mention"": 1, ""welcome"": 1, ""support"": 0, ""request"": 0, ""concern"": 0, ""opposition"": 0, ""commitment"": 0}","[""scientific assessment""]",explicit
E00328,verbatim_en_2025_SLB:7,2025_SLB,2025,SLB,Asia-Pacific States,data/analysis_ready_en/2025/2025_SLB.json,ede8763508ef2a61fa25ed2356a8d8846960acd98661a9b3732f7a9824d493d2,data/unga_general_debate_verbatim_en/automatic_transcripts_unofficial/UNGA2025_day4_EN_ASR.json,"{""char_end"": 15339, ""char_start"": 13071, ""end"": 19893.15, ""extracted_block"": 1, ""json_pointer"": ""/transcript/data/25/paragraphs/0"", ""origin_file"": ""data/unga_general_debate_verbatim_en/automatic_transcripts_unofficial/UNGA2025_day4_EN_ASR.json"", ""origin_sha256"": ""c8692911ed43efa9b2a58a9bdc9039d775619b12c0dd3077dd97f9cf543a8821"", ""paragraph"": 1, ""start"": 18108.79, ""statement_start"": 18108.79}",Solomon Islands support ongoing efforts to develop a governance framework to manage responsible use of artificial intelligence for development,reviewed,False,,Unspecified AI governance framework.,Other model,inferred description,"{""mention"": 1, ""welcome"": 0, ""support"": 1, ""request"": 0, ""concern"": 0, ""opposition"": 0, ""commitment"": 0}","[""norms/rules/standards""]",generic
E00329,verbatim_en_2025_SMR:7,2025_SMR,2025,SMR,Western European and other States,data/analysis_ready_en/2025/2025_SMR.json,102ba67eade9313914bfff6029309987c01df08cc8ee7f5b3b78290002477136,data/unga_general_debate_verbatim_en/automatic_transcripts_unofficial/UNGA2025_day5_EN_ASR.json,"{""char_end"": 13580, ""char_start"": 11333, ""end"": 26448.31, ""extracted_block"": 2, ""json_pointer"": ""/transcript/data/39/paragraphs/1"", ""origin_file"": ""data/unga_general_debate_verbatim_en/automatic_transcripts_unofficial/UNGA2025_day5_EN_ASR.json"", ""origin_sha256"": ""6af8373eabbece61df49527d7664a10b9d6b9b3122210c691c28246f80a54da8"", ""paragraph"": 2, ""start"": 25200.11, ""statement_start"": 25139.31}",the global dialogue on artificial intelligence governance are fundamental to promote scientific understanding of AI and to ensure inclusive multi-stakeholder discussion on this matter,reviewed,False,,Dialogue deemed fundamental for inclusive multi-stakeholder discussion.,Dialogue,explicit name,"{""mention"": 1, ""welcome"": 0, ""support"": 1, ""request"": 0, ""concern"": 0, ""opposition"": 0, ""commitment"": 0}","[""capacity building"", ""dialogue/convening""]",explicit
E00329,verbatim_en_2025_SMR:7,2025_SMR,2025,SMR,Western European and other States,data/analysis_ready_en/2025/2025_SMR.json,102ba67eade9313914bfff6029309987c01df08cc8ee7f5b3b78290002477136,data/unga_general_debate_verbatim_en/automatic_transcripts_unofficial/UNGA2025_day5_EN_ASR.json,"{""char_end"": 13580, ""char_start"": 11333, ""end"": 26448.31, ""extracted_block"": 2, ""json_pointer"": ""/transcript/data/39/paragraphs/1"", ""origin_file"": ""data/unga_general_debate_verbatim_en/automatic_transcripts_unofficial/UNGA2025_day5_EN_ASR.json"", ""origin_sha256"": ""6af8373eabbece61df49527d7664a10b9d6b9b3122210c691c28246f80a54da8"", ""paragraph"": 2, ""start"": 25200.11, ""statement_start"": 25139.31}",the global digital compact is an important tool that underscore our collective commitment to branding the digital divide and promoting digital inclusion,uncertain,False,,Supports the Global Digital Compact.,Other model,explicit name,"{""mention"": 1, ""welcome"": 0, ""support"": 1, ""request"": 0, ""concern"": 0, ""opposition"": 0, ""commitment"": 0}","[""capacity building""]",explicit
E00329,verbatim_en_2025_SMR:7,2025_SMR,2025,SMR,Western European and other States,data/analysis_ready_en/2025/2025_SMR.json,102ba67eade9313914bfff6029309987c01df08cc8ee7f5b3b78290002477136,data/unga_general_debate_verbatim_en/automatic_transcripts_unofficial/UNGA2025_day5_EN_ASR.json,"{""char_end"": 13580, ""char_start"": 11333, ""end"": 26448.31, ""extracted_block"": 2, ""json_pointer"": ""/transcript/data/39/paragraphs/1"", ""origin_file"": ""data/unga_general_debate_verbatim_en/automatic_transcripts_unofficial/UNGA2025_day5_EN_ASR.json"", ""origin_sha256"": ""6af8373eabbece61df49527d7664a10b9d6b9b3122210c691c28246f80a54da8"", ""paragraph"": 2, ""start"": 25200.11, ""statement_start"": 25139.31}",the establishment of an independent international science panel on AI and on the global dialogue on artificial intelligence governance are fundamental to promote scientific understanding of AI,reviewed,False,,Panel deemed fundamental for scientific understanding.,Panel,name variant,"{""mention"": 1, ""welcome"": 0, ""support"": 1, ""request"": 0, ""concern"": 0, ""opposition"": 0, ""commitment"": 0}","[""capacity building"", ""scientific assessment""]",explicit
E00330,verbatim_en_2025_SVK:4,2025_SVK,2025,SVK,Eastern European States,data/analysis_ready_en/2025/2025_SVK.json,22166922ef13440a3bd9e725c7dd4047c547f207ee231b3079d4192e4122c1ea,data/unga_general_debate_verbatim_en/automatic_transcripts_unofficial/UNGA2025_day2_EN_ASR.json,"{""char_end"": 7915, ""char_start"": 6020, ""end"": 31619.43, ""extracted_block"": 1, ""json_pointer"": ""/transcript/data/54/paragraphs/0"", ""origin_file"": ""data/unga_general_debate_verbatim_en/automatic_transcripts_unofficial/UNGA2025_day2_EN_ASR.json"", ""origin_sha256"": ""927288bea100aaf0c5a8e1048e8232dbbc03383fd1895cd4795d78e4afad6692"", ""paragraph"": 1, ""start"": 30865.07, ""statement_start"": 30865.07}","My country wants to contribute and to steer the debates and find solution by hosting all the actors at the Summit on Education and AI in Bratislava, in our capital, in November this year.",reviewed,False,Slovakia hosting the Summit on Education and AI in Bratislava in November.,AI summit convened by Slovakia.,Other model,explicit name,"{""mention"": 1, ""welcome"": 0, ""support"": 1, ""request"": 0, ""concern"": 0, ""opposition"": 0, ""commitment"": 1}","[""dialogue/convening""]",generic
E00332,verbatim_en_2025_TJK:3,2025_TJK,2025,TJK,Asia-Pacific States,data/analysis_ready_en/2025/2025_TJK.json,8c75ee4f18935987bf8b9cc601f505e16a0fe4ce8c5a3a772838f23519da09ac,data/unga_general_debate_verbatim_en/automatic_transcripts_unofficial/UNGA2025_day1_EN_ASR.json,"{""char_end"": 6711, ""char_start"": 4549, ""end"": 31385.19, ""extracted_block"": 1, ""json_pointer"": ""/transcript/data/51/paragraphs/0"", ""origin_file"": ""data/unga_general_debate_verbatim_en/automatic_transcripts_unofficial/UNGA2025_day1_EN_ASR.json"", ""origin_sha256"": ""5da320ba84a5d192501cb7893f63224a5548c0b9b120751cd82e40dda077a448"", ""paragraph"": 1, ""start"": 30290.71, ""statement_start"": 30290.71}","Tajikistan's proposal to adopt a special resolution entitled ""The Role of Artificial Intelligence in Creating New Opportunities for Sustainable Development in Central Asia.""",uncertain,False,,Welcomes the GA resolution it proposed and supports a regional AI centre in Dushanbe.,Other model,explicit name,"{""mention"": 1, ""welcome"": 1, ""support"": 1, ""request"": 0, ""concern"": 0, ""opposition"": 0, ""commitment"": 0}","[""capacity building"", ""coordination""]",explicit
E00333,verbatim_en_2025_TJK:4,2025_TJK,2025,TJK,Asia-Pacific States,data/analysis_ready_en/2025/2025_TJK.json,8c75ee4f18935987bf8b9cc601f505e16a0fe4ce8c5a3a772838f23519da09ac,data/unga_general_debate_verbatim_en/automatic_transcripts_unofficial/UNGA2025_day1_EN_ASR.json,"{""char_end"": 9044, ""char_start"": 6712, ""end"": 31385.19, ""extracted_block"": 1, ""json_pointer"": ""/transcript/data/51/paragraphs/0"", ""origin_file"": ""data/unga_general_debate_verbatim_en/automatic_transcripts_unofficial/UNGA2025_day1_EN_ASR.json"", ""origin_sha256"": ""5da320ba84a5d192501cb7893f63224a5548c0b9b120751cd82e40dda077a448"", ""paragraph"": 1, ""start"": 30290.71, ""statement_start"": 30290.71}",This center would undoubtedly facilitate an implementation of joint initiatives and projects among Central Asian countries in the field of artificial intelligence.,uncertain,False,,Proposed regional AI centre for Central Asia.,Other model,inferred description,"{""mention"": 0, ""welcome"": 0, ""support"": 0, ""request"": 0, ""concern"": 0, ""opposition"": 0, ""commitment"": 0}","[""capacity building"", ""coordination""]",generic
E00335,verbatim_en_2025_TUR:11,2025_TUR,2025,TUR,Western European and other States,data/analysis_ready_en/2025/2025_TUR.json,17ab1d50f9788916bd224a911140cff3634c61eebababa362603da5fb0c39557,data/unga_general_debate_verbatim_en/automatic_transcripts_unofficial/UNGA2025_day1_EN_ASR.json,"{""char_end"": 18754, ""char_start"": 16503, ""end"": 12740.63, ""extracted_block"": 2, ""json_pointer"": ""/transcript/data/19/paragraphs/1"", ""origin_file"": ""data/unga_general_debate_verbatim_en/automatic_transcripts_unofficial/UNGA2025_day1_EN_ASR.json"", ""origin_sha256"": ""5da320ba84a5d192501cb7893f63224a5548c0b9b120751cd82e40dda077a448"", ""paragraph"": 2, ""start"": 10800.91, ""statement_start"": 10600.79}","The UN Technology Bank for the least developed countries, which we host in Turkey, plays a critical role in closing the digital and technological gap.",uncertain,False,,UN Technology Bank cited in AI context; hosting noted but no new undertaking.,Other model,explicit name,"{""mention"": 1, ""welcome"": 0, ""support"": 1, ""request"": 0, ""concern"": 0, ""opposition"": 0, ""commitment"": 0}","[""capacity building""]",explicit
E00337,verbatim_en_2025_USA:10,2025_USA,2025,USA,Not a formal member of any regional group,data/analysis_ready_en/2025/2025_USA.json,e44c3564830378658d0476f9bbcd3ec43fa032f0ac45ac62f3bb4bd40b8155b3,data/unga_general_debate_verbatim_en/automatic_transcripts_unofficial/UNGA2025_day1_EN_ASR.json,"{""char_end"": 19140, ""char_start"": 17193, ""end"": 7199.99, ""extracted_block"": 1, ""json_pointer"": ""/transcript/data/7/paragraphs/0"", ""origin_file"": ""data/unga_general_debate_verbatim_en/automatic_transcripts_unofficial/UNGA2025_day1_EN_ASR.json"", ""origin_sha256"": ""5da320ba84a5d192501cb7893f63224a5548c0b9b120751cd82e40dda077a448"", ""paragraph"": 1, ""start"": 5454.71, ""statement_start"": 5454.71}",I'm announcing today that my administration will lead a international effort to enforce Biological Weapons Convention. which is going to be meeting with the top leaders of the world by pioneering an AI verification system that everyone can trust.,uncertain,False,US administration will lead an international effort to enforce the BWC by pioneering an AI verification system.,Proposed AI-based verification regime for the Biological Weapons Convention; UN role only hoped for.,New body/verification regime,inferred description,"{""mention"": 1, ""welcome"": 0, ""support"": 1, ""request"": 0, ""concern"": 0, ""opposition"": 0, ""commitment"": 1}","[""monitoring/oversight/verification""]",generic
E00338,verbatim_en_2025_UZB:5,2025_UZB,2025,UZB,Asia-Pacific States,data/analysis_ready_en/2025/2025_UZB.json,13275027e80f1e6b3e4250fc9e8bf442d717ab46f59bab83792d44918ef5f7f9,data/unga_general_debate_verbatim_en/automatic_transcripts_unofficial/UNGA2025_day1_EN_ASR.json,"{""char_end"": 10545, ""char_start"": 8909, ""end"": 26687.19, ""extracted_block"": 1, ""json_pointer"": ""/transcript/data/43/paragraphs/0"", ""origin_file"": ""data/unga_general_debate_verbatim_en/automatic_transcripts_unofficial/UNGA2025_day1_EN_ASR.json"", ""origin_sha256"": ""5da320ba84a5d192501cb7893f63224a5548c0b9b120751cd82e40dda077a448"", ""paragraph"": 1, ""start"": 25780.02, ""statement_start"": 25780.02}","We propose to create an international cooperation mechanism aimed at the greatest exchange of practical solutions and models of artificial intelligence in healthcare, education, and culture.",uncertain,False,,Proposal for a new international AI cooperation mechanism.,New body/verification regime,inferred description,"{""mention"": 1, ""welcome"": 0, ""support"": 1, ""request"": 1, ""concern"": 0, ""opposition"": 0, ""commitment"": 0}","[""capacity building"", ""coordination""]",generic
E00338,verbatim_en_2025_UZB:5,2025_UZB,2025,UZB,Asia-Pacific States,data/analysis_ready_en/2025/2025_UZB.json,13275027e80f1e6b3e4250fc9e8bf442d717ab46f59bab83792d44918ef5f7f9,data/unga_general_debate_verbatim_en/automatic_transcripts_unofficial/UNGA2025_day1_EN_ASR.json,"{""char_end"": 10545, ""char_start"": 8909, ""end"": 26687.19, ""extracted_block"": 1, ""json_pointer"": ""/transcript/data/43/paragraphs/0"", ""origin_file"": ""data/unga_general_debate_verbatim_en/automatic_transcripts_unofficial/UNGA2025_day1_EN_ASR.json"", ""origin_sha256"": ""5da320ba84a5d192501cb7893f63224a5548c0b9b120751cd82e40dda077a448"", ""paragraph"": 1, ""start"": 25780.02, ""statement_start"": 25780.02}","We propose to create an international cooperation mechanism aimed at the greatest exchange of practical solutions and models of artificial intelligence in healthcare, education, and culture.",uncertain,False,,Proposal for an international AI exchange mechanism.,Other model,inferred description,"{""mention"": 0, ""welcome"": 0, ""support"": 0, ""request"": 0, ""concern"": 0, ""opposition"": 0, ""commitment"": 0}","[""capacity building"", ""coordination""]",generic
E00339,verbatim_en_2025_VCT:1,2025_VCT,2025,VCT,Latin American and Caribbean States,data/analysis_ready_en/2025/2025_VCT.json,8bbd4033fa61297094bad7c99e125a8d15b7f7c851036f58bc5a40d879a9ebc0,data/unga_general_debate_verbatim_en/automatic_transcripts_unofficial/UNGA2025_day4_EN_ASR.json,"{""char_end"": 2220, ""char_start"": 0, ""end"": 7199.87, ""extracted_block"": 1, ""json_pointer"": ""/transcript/data/9/paragraphs/0"", ""origin_file"": ""data/unga_general_debate_verbatim_en/automatic_transcripts_unofficial/UNGA2025_day4_EN_ASR.json"", ""origin_sha256"": ""c8692911ed43efa9b2a58a9bdc9039d775619b12c0dd3077dd97f9cf543a8821"", ""paragraph"": 1, ""start"": 6989.98, ""statement_start"": 6989.98}",be guided by the global digital compact and the pact for the future and to reshape global governance more inclusively.,reviewed,False,,Global Digital Compact cited as a guide for multilateral action.,Other model,explicit name,"{""mention"": 1, ""welcome"": 0, ""support"": 1, ""request"": 0, ""concern"": 0, ""opposition"": 0, ""commitment"": 0}",[],explicit
E00341,verbatim_en_2025_ZWE:4,2025_ZWE,2025,ZWE,African States,data/analysis_ready_en/2025/2025_ZWE.json,551add22bfbe911cee244c167b0742cc78c9e45fe97d78c656de0bdd54f59b3e,data/unga_general_debate_verbatim_en/automatic_transcripts_unofficial/UNGA2025_day4_EN_ASR.json,"{""char_end"": 8945, ""char_start"": 6520, ""end"": 37640.83, ""extracted_block"": 1, ""json_pointer"": ""/transcript/data/55/paragraphs/0"", ""origin_file"": ""data/unga_general_debate_verbatim_en/automatic_transcripts_unofficial/UNGA2025_day4_EN_ASR.json"", ""origin_sha256"": ""c8692911ed43efa9b2a58a9bdc9039d775619b12c0dd3077dd97f9cf543a8821"", ""paragraph"": 1, ""start"": 36687.55, ""statement_start"": 36687.55}",The global dialogue on AI governance should assist all countries.,uncertain,False,,Supports the Global Dialogue and expects it to assist all countries.,Dialogue,explicit name,"{""mention"": 1, ""welcome"": 0, ""support"": 1, ""request"": 0, ""concern"": 0, ""opposition"": 0, ""commitment"": 0}","[""other""]",explicit
E00344,verbatim_en_2026_AGO:7,2026_AGO,2026,AGO,African States,data/analysis_ready_en/2026/2026_AGO.json,a688db86b6974783fca0a831f61d5e91dd26a6d58c7fd694ed39ad4b798acc81,data/unga_general_debate_verbatim_en/automatic_transcripts_unofficial/UNGA2026_day1_EN_ASR.json,"{""char_end"": 14751, ""char_start"": 12516, ""end"": 23817.99, ""extracted_block"": 1, ""json_pointer"": ""/transcript/data/32/paragraphs/0"", ""origin_file"": ""data/unga_general_debate_verbatim_en/automatic_transcripts_unofficial/UNGA2026_day1_EN_ASR.json"", ""origin_sha256"": ""c2ea4447e91a784516298f9c67597d8555c865e03b57840edc1644a8b924df75"", ""paragraph"": 1, ""start"": 22341.94, ""statement_start"": 22341.94}","I consider that the Global Digital Compact opens new prospects for cooperation to bridge the digital divide expand digital public infrastructure, promote training and innovation, strengthen cybersecurity, and build more inclusive, secure, and human-centered governance of artificial intelligence.",reviewed,False,,Positive view of the Global Digital Compact for AI governance and capacity.,Other model,explicit name,"{""mention"": 1, ""welcome"": 1, ""support"": 1, ""request"": 0, ""concern"": 0, ""opposition"": 0, ""commitment"": 0}","[""capacity building"", ""norms/rules/standards""]",explicit
E00349,verbatim_en_2026_ALB:5,2026_ALB,2026,ALB,Eastern European States,data/analysis_ready_en/2026/2026_ALB.json,5fe73a55b1a13a4c40b47a02fb3e39294c6efb05096f73b74122daa950a2c85c,data/unga_general_debate_verbatim_en/automatic_transcripts_unofficial/UNGA2026_day4_EN_ASR.json,"{""char_end"": 10616, ""char_start"": 8279, ""end"": 17999.99, ""extracted_block"": 1, ""json_pointer"": ""/transcript/data/25/paragraphs/0"", ""origin_file"": ""data/unga_general_debate_verbatim_en/automatic_transcripts_unofficial/UNGA2026_day4_EN_ASR.json"", ""origin_sha256"": ""1c43e6b9024f9c46d1e134590e19b4bfa3567b0a9cac7c5f0a29794d0b9dd1a6"", ""paragraph"": 1, ""start"": 16972.81, ""statement_start"": 16972.81}","Albania, therefore, calls for an international compact for sovereign and democratic artificial intelligence.",reviewed,False,,Proposes a new international AI compact.,Other model,explicit name,"{""mention"": 1, ""welcome"": 0, ""support"": 0, ""request"": 1, ""concern"": 0, ""opposition"": 0, ""commitment"": 0}","[""norms/rules/standards""]",generic
E00350,verbatim_en_2026_ALB:6,2026_ALB,2026,ALB,Eastern European States,data/analysis_ready_en/2026/2026_ALB.json,5fe73a55b1a13a4c40b47a02fb3e39294c6efb05096f73b74122daa950a2c85c,data/unga_general_debate_verbatim_en/automatic_transcripts_unofficial/UNGA2026_day4_EN_ASR.json,"{""char_end"": 10905, ""char_start"": 10617, ""end"": 17999.99, ""extracted_block"": 1, ""json_pointer"": ""/transcript/data/25/paragraphs/0"", ""origin_file"": ""data/unga_general_debate_verbatim_en/automatic_transcripts_unofficial/UNGA2026_day4_EN_ASR.json"", ""origin_sha256"": ""1c43e6b9024f9c46d1e134590e19b4bfa3567b0a9cac7c5f0a29794d0b9dd1a6"", ""paragraph"": 1, ""start"": 16972.81, ""statement_start"": 16972.81}","Second, the architecture of reach should become transparent.",uncertain,False,,Continues listing principles of the proposed international compact for sovereign and democratic AI.,Other model,inferred description,"{""mention"": 0, ""welcome"": 0, ""support"": 0, ""request"": 0, ""concern"": 0, ""opposition"": 0, ""commitment"": 0}","[""norms/rules/standards""]",generic
E00351,verbatim_en_2026_ALB:7,2026_ALB,2026,ALB,Eastern European States,data/analysis_ready_en/2026/2026_ALB.json,5fe73a55b1a13a4c40b47a02fb3e39294c6efb05096f73b74122daa950a2c85c,data/unga_general_debate_verbatim_en/automatic_transcripts_unofficial/UNGA2026_day4_EN_ASR.json,"{""char_end"": 2172, ""char_start"": 0, ""end"": 18304.23, ""extracted_block"": 2, ""json_pointer"": ""/transcript/data/25/paragraphs/1"", ""origin_file"": ""data/unga_general_debate_verbatim_en/automatic_transcripts_unofficial/UNGA2026_day4_EN_ASR.json"", ""origin_sha256"": ""1c43e6b9024f9c46d1e134590e19b4bfa3567b0a9cac7c5f0a29794d0b9dd1a6"", ""paragraph"": 2, ""start"": 18000.51, ""statement_start"": 16972.81}",democracies must create a shared early warning system so that evidence of artificial intelligence driven manipulation can travel between all like minded nations as quickly as the manipulation itself.,uncertain,False,,Proposes a new shared early-warning mechanism among democracies for AI-driven manipulation.,New body/verification regime,inferred description,"{""mention"": 1, ""welcome"": 0, ""support"": 0, ""request"": 1, ""concern"": 0, ""opposition"": 0, ""commitment"": 0}","[""coordination"", ""monitoring/oversight/verification""]",generic
E00351,verbatim_en_2026_ALB:7,2026_ALB,2026,ALB,Eastern European States,data/analysis_ready_en/2026/2026_ALB.json,5fe73a55b1a13a4c40b47a02fb3e39294c6efb05096f73b74122daa950a2c85c,data/unga_general_debate_verbatim_en/automatic_transcripts_unofficial/UNGA2026_day4_EN_ASR.json,"{""char_end"": 2172, ""char_start"": 0, ""end"": 18304.23, ""extracted_block"": 2, ""json_pointer"": ""/transcript/data/25/paragraphs/1"", ""origin_file"": ""data/unga_general_debate_verbatim_en/automatic_transcripts_unofficial/UNGA2026_day4_EN_ASR.json"", ""origin_sha256"": ""1c43e6b9024f9c46d1e134590e19b4bfa3567b0a9cac7c5f0a29794d0b9dd1a6"", ""paragraph"": 2, ""start"": 18000.51, ""statement_start"": 16972.81}",democracies must create a shared early warning system so that evidence of artificial intelligence driven manipulation can travel between all like minded nations,uncertain,False,,Proposes a shared early warning system on AI manipulation among democracies.,Other model,inferred description,"{""mention"": 0, ""welcome"": 0, ""support"": 0, ""request"": 0, ""concern"": 0, ""opposition"": 0, ""commitment"": 0}","[""coordination"", ""monitoring/oversight/verification""]",generic
E00367,verbatim_en_2026_AUT:4,2026_AUT,2026,AUT,Western European and other States,data/analysis_ready_en/2026/2026_AUT.json,ea353951ad77c1adb36a2901745e057bd42700c99cc5329468fd50521a3bb471,data/unga_general_debate_verbatim_en/automatic_transcripts_unofficial/UNGA2026_day3_EN_ASR.json,"{""char_end"": 8177, ""char_start"": 6134, ""end"": 42950.99, ""extracted_block"": 1, ""json_pointer"": ""/transcript/data/75/paragraphs/0"", ""origin_file"": ""data/unga_general_debate_verbatim_en/automatic_transcripts_unofficial/UNGA2026_day3_EN_ASR.json"", ""origin_sha256"": ""d811444b40ce3fed3c9e88fee705c2fb1f994316fa4f311bbb6c4cf20e9e7cae"", ""paragraph"": 1, ""start"": 42147.71, ""statement_start"": 42147.71}",an international agency that would bring nuclear technology under international oversight.,uncertain,False,,The IAEA is used as a historical analogy for acting early on AI rules. No AI agency is proposed.,IAEA-like,name variant,"{""mention"": 0, ""welcome"": 0, ""support"": 0, ""request"": 0, ""concern"": 0, ""opposition"": 0, ""commitment"": 0}",[],generic
E00367,verbatim_en_2026_AUT:4,2026_AUT,2026,AUT,Western European and other States,data/analysis_ready_en/2026/2026_AUT.json,ea353951ad77c1adb36a2901745e057bd42700c99cc5329468fd50521a3bb471,data/unga_general_debate_verbatim_en/automatic_transcripts_unofficial/UNGA2026_day3_EN_ASR.json,"{""char_end"": 8177, ""char_start"": 6134, ""end"": 42950.99, ""extracted_block"": 1, ""json_pointer"": ""/transcript/data/75/paragraphs/0"", ""origin_file"": ""data/unga_general_debate_verbatim_en/automatic_transcripts_unofficial/UNGA2026_day3_EN_ASR.json"", ""origin_sha256"": ""d811444b40ce3fed3c9e88fee705c2fb1f994316fa4f311bbb6c4cf20e9e7cae"", ""paragraph"": 1, ""start"": 42147.71, ""statement_start"": 42147.71}",calling for a legally binding instrument with clear prohibitions and restrictions on autonomous weapons,uncertain,False,,Requests a legally binding instrument on autonomous weapons.,New body/verification regime,explicit name,"{""mention"": 0, ""welcome"": 0, ""support"": 0, ""request"": 0, ""concern"": 0, ""opposition"": 0, ""commitment"": 0}","[""norms/rules/standards""]",generic
E00367,verbatim_en_2026_AUT:4,2026_AUT,2026,AUT,Western European and other States,data/analysis_ready_en/2026/2026_AUT.json,ea353951ad77c1adb36a2901745e057bd42700c99cc5329468fd50521a3bb471,data/unga_general_debate_verbatim_en/automatic_transcripts_unofficial/UNGA2026_day3_EN_ASR.json,"{""char_end"": 8177, ""char_start"": 6134, ""end"": 42950.99, ""extracted_block"": 1, ""json_pointer"": ""/transcript/data/75/paragraphs/0"", ""origin_file"": ""data/unga_general_debate_verbatim_en/automatic_transcripts_unofficial/UNGA2026_day3_EN_ASR.json"", ""origin_sha256"": ""d811444b40ce3fed3c9e88fee705c2fb1f994316fa4f311bbb6c4cf20e9e7cae"", ""paragraph"": 1, ""start"": 42147.71, ""statement_start"": 42147.71}",Austria joins the UN Secretary General and the President of the ICRC in calling for a legally binding instrument with clear prohibitions and restrictions on autonomous weapons. Voluntary guidelines are not enough.,uncertain,False,,Call for legally binding instrument on autonomous weapons; IAEA cited only as historical analogy.,Other model,inferred description,"{""mention"": 1, ""welcome"": 0, ""support"": 1, ""request"": 1, ""concern"": 0, ""opposition"": 0, ""commitment"": 0}","[""norms/rules/standards""]",generic
E00368,verbatim_en_2026_AUT:5,2026_AUT,2026,AUT,Western European and other States,data/analysis_ready_en/2026/2026_AUT.json,ea353951ad77c1adb36a2901745e057bd42700c99cc5329468fd50521a3bb471,data/unga_general_debate_verbatim_en/automatic_transcripts_unofficial/UNGA2026_day3_EN_ASR.json,"{""char_end"": 9652, ""char_start"": 8178, ""end"": 42950.99, ""extracted_block"": 1, ""json_pointer"": ""/transcript/data/75/paragraphs/0"", ""origin_file"": ""data/unga_general_debate_verbatim_en/automatic_transcripts_unofficial/UNGA2026_day3_EN_ASR.json"", ""origin_sha256"": ""d811444b40ce3fed3c9e88fee705c2fb1f994316fa4f311bbb6c4cf20e9e7cae"", ""paragraph"": 1, ""start"": 42147.71, ""statement_start"": 42147.71}","During our Security Council term, Austria will make emerging technologies, the protection of civilians, children in armed conflict, and women's full participation in peace processes priorities.",uncertain,False,Austria will make emerging technologies a priority during its Security Council term.,Concrete undertaking by the State in the Security Council.,Other model,explicit name,"{""mention"": 0, ""welcome"": 0, ""support"": 0, ""request"": 0, ""concern"": 0, ""opposition"": 0, ""commitment"": 0}",[],explicit
E00372,verbatim_en_2026_BGD:6,2026_BGD,2026,BGD,Asia-Pacific States,data/analysis_ready_en/2026/2026_BGD.json,3a4608d48e956929d96f94042841c4b55c3e2595c2db7039547e9904ac39dffd,data/unga_general_debate_verbatim_en/automatic_transcripts_unofficial/UNGA2026_day3_EN_ASR.json,"{""char_end"": 13854, ""char_start"": 11517, ""end"": 35467.51, ""extracted_block"": 1, ""json_pointer"": ""/transcript/data/61/paragraphs/0"", ""origin_file"": ""data/unga_general_debate_verbatim_en/automatic_transcripts_unofficial/UNGA2026_day3_EN_ASR.json"", ""origin_sha256"": ""d811444b40ce3fed3c9e88fee705c2fb1f994316fa4f311bbb6c4cf20e9e7cae"", ""paragraph"": 1, ""start"": 34226.43, ""statement_start"": 34226.43}",It is now time for the United Nations to adopt an effective policy framework,uncertain,False,,Requests a UN AI policy framework.,Other model,inferred description,"{""mention"": 1, ""welcome"": 0, ""support"": 0, ""request"": 1, ""concern"": 0, ""opposition"": 0, ""commitment"": 0}","[""norms/rules/standards""]",explicit
E00374,verbatim_en_2026_BHR:6,2026_BHR,2026,BHR,Asia-Pacific States,data/analysis_ready_en/2026/2026_BHR.json,28d38faeea516598b16a49a278b58aa505d704fce59a127fe4094f217653ba26,data/unga_general_debate_verbatim_en/automatic_transcripts_unofficial/UNGA2026_day4_EN_ASR.json,"{""char_end"": 12849, ""char_start"": 10719, ""end"": 35337.59, ""extracted_block"": 1, ""json_pointer"": ""/transcript/data/52/paragraphs/0"", ""origin_file"": ""data/unga_general_debate_verbatim_en/automatic_transcripts_unofficial/UNGA2026_day4_EN_ASR.json"", ""origin_sha256"": ""1c43e6b9024f9c46d1e134590e19b4bfa3567b0a9cac7c5f0a29794d0b9dd1a6"", ""paragraph"": 1, ""start"": 33941.32, ""statement_start"": 33941.32}","Since then, the General Assembly has taken positive steps. However, dialogue can bring positions closer, but it is not a step that creates obligations.",uncertain,False,,GA dialogue acknowledged as positive but insufficient as it creates no obligations.,Dialogue,inferred description,"{""mention"": 1, ""welcome"": 0, ""support"": 0, ""request"": 0, ""concern"": 1, ""opposition"": 0, ""commitment"": 0}",[],explicit
E00374,verbatim_en_2026_BHR:6,2026_BHR,2026,BHR,Asia-Pacific States,data/analysis_ready_en/2026/2026_BHR.json,28d38faeea516598b16a49a278b58aa505d704fce59a127fe4094f217653ba26,data/unga_general_debate_verbatim_en/automatic_transcripts_unofficial/UNGA2026_day4_EN_ASR.json,"{""char_end"": 12849, ""char_start"": 10719, ""end"": 35337.59, ""extracted_block"": 1, ""json_pointer"": ""/transcript/data/52/paragraphs/0"", ""origin_file"": ""data/unga_general_debate_verbatim_en/automatic_transcripts_unofficial/UNGA2026_day4_EN_ASR.json"", ""origin_sha256"": ""1c43e6b9024f9c46d1e134590e19b4bfa3567b0a9cac7c5f0a29794d0b9dd1a6"", ""paragraph"": 1, ""start"": 33941.32, ""statement_start"": 33941.32}","but to ensure that its growth is surrounded by safeguards, just as the international community surrounded Nuclear energy with safeguards that preserved its benefits without preventing it.",uncertain,False,,Calls for binding AI treaty with safeguards modelled on nuclear energy safeguards.,IAEA-like,inferred description,"{""mention"": 1, ""welcome"": 0, ""support"": 1, ""request"": 1, ""concern"": 0, ""opposition"": 0, ""commitment"": 0}","[""monitoring/oversight/verification"", ""norms/rules/standards""]",generic
E00374,verbatim_en_2026_BHR:6,2026_BHR,2026,BHR,Asia-Pacific States,data/analysis_ready_en/2026/2026_BHR.json,28d38faeea516598b16a49a278b58aa505d704fce59a127fe4094f217653ba26,data/unga_general_debate_verbatim_en/automatic_transcripts_unofficial/UNGA2026_day4_EN_ASR.json,"{""char_end"": 12849, ""char_start"": 10719, ""end"": 35337.59, ""extracted_block"": 1, ""json_pointer"": ""/transcript/data/52/paragraphs/0"", ""origin_file"": ""data/unga_general_debate_verbatim_en/automatic_transcripts_unofficial/UNGA2026_day4_EN_ASR.json"", ""origin_sha256"": ""1c43e6b9024f9c46d1e134590e19b4bfa3567b0a9cac7c5f0a29794d0b9dd1a6"", ""paragraph"": 1, ""start"": 33941.32, ""statement_start"": 33941.32}",called for the adoption of an international treaty governing the development of artificial intelligence.,uncertain,False,,Renewed call for a binding international AI treaty/framework.,New body/verification regime,inferred description,"{""mention"": 0, ""welcome"": 0, ""support"": 0, ""request"": 0, ""concern"": 0, ""opposition"": 0, ""commitment"": 0}","[""norms/rules/standards""]",generic
E00376,verbatim_en_2026_BLR:5,2026_BLR,2026,BLR,Eastern European States,data/analysis_ready_en/2026/2026_BLR.json,4c7cf36aeb71e0c708d2595f6f98adc9758d0f5fc35a91b9e2c35e0a6e120421,data/unga_general_debate_verbatim_en/automatic_transcripts_unofficial/UNGA2026_day5_EN_ASR.json,"{""char_end"": 10239, ""char_start"": 8173, ""end"": 19807.71, ""extracted_block"": 1, ""json_pointer"": ""/transcript/data/39/paragraphs/0"", ""origin_file"": ""data/unga_general_debate_verbatim_en/automatic_transcripts_unofficial/UNGA2026_day5_EN_ASR.json"", ""origin_sha256"": ""d398da93960901552fb297f7a7361480c845b32c955d8b6e5e1d9e367d7e1eaa"", ""paragraph"": 1, ""start"": 18841.95, ""statement_start"": 18841.95}","the World Artificial Intelligence Cooperation Organization, China's project",uncertain,False,,Mentions China's proposed World AI Cooperation Organization as an initiative outside the UN.,New body/verification regime,explicit name,"{""mention"": 1, ""welcome"": 0, ""support"": 0, ""request"": 0, ""concern"": 0, ""opposition"": 0, ""commitment"": 0}",[],generic
E00378,verbatim_en_2026_BLZ:2,2026_BLZ,2026,BLZ,Latin American and Caribbean States,data/analysis_ready_en/2026/2026_BLZ.json,6233d56e71b5ac76e7db1ee5472dfc8ac60eb37e17940cfc92ad4041e0b92395,data/unga_general_debate_verbatim_en/automatic_transcripts_unofficial/UNGA2026_day5_EN_ASR.json,"{""char_end"": 3679, ""char_start"": 1952, ""end"": 3599.59, ""extracted_block"": 1, ""json_pointer"": ""/transcript/data/5/paragraphs/0"", ""origin_file"": ""data/unga_general_debate_verbatim_en/automatic_transcripts_unofficial/UNGA2026_day5_EN_ASR.json"", ""origin_sha256"": ""d398da93960901552fb297f7a7361480c845b32c955d8b6e5e1d9e367d7e1eaa"", ""paragraph"": 1, ""start"": 3249.31, ""statement_start"": 3249.31}",And we have a global dialogue under this organization on the governance of artificial intelligence. the United Nations is doing its part.,uncertain,False,,Positive reference to the UN Global Dialogue on AI Governance as an existing answer.,Dialogue,name variant,"{""mention"": 1, ""welcome"": 1, ""support"": 0, ""request"": 0, ""concern"": 0, ""opposition"": 0, ""commitment"": 0}",[],explicit
E00380,verbatim_en_2026_BRA:5,2026_BRA,2026,BRA,Latin American and Caribbean States,data/analysis_ready_en/2026/2026_BRA.json,71da8a0b21fe6b90f0b6fbe3b9d8475fa5f2425be1e4cdd4e4ae1a363f3b9dc2,data/unga_general_debate_verbatim_en/automatic_transcripts_unofficial/UNGA2026_day1_EN_ASR.json,"{""char_end"": 10918, ""char_start"": 8660, ""end"": 6148.75, ""extracted_block"": 1, ""json_pointer"": ""/transcript/data/6/paragraphs/0"", ""origin_file"": ""data/unga_general_debate_verbatim_en/automatic_transcripts_unofficial/UNGA2026_day1_EN_ASR.json"", ""origin_sha256"": ""c2ea4447e91a784516298f9c67597d8555c865e03b57840edc1644a8b924df75"", ""paragraph"": 1, ""start"": 4840.42, ""statement_start"": 4840.42}","They are promoting a race with no ethical boundaries, bypassing the United Nations and the scientific panel on artificial intelligence.",reviewed,False,,Defends the UN scientific panel on AI against being bypassed; concern about sidelining.,Panel,name variant,"{""mention"": 1, ""welcome"": 0, ""support"": 1, ""request"": 0, ""concern"": 1, ""opposition"": 0, ""commitment"": 0}","[""scientific assessment""]",explicit
E00383,verbatim_en_2026_BRB:6,2026_BRB,2026,BRB,Latin American and Caribbean States,data/analysis_ready_en/2026/2026_BRB.json,66198d495905907a2dc4866a847625b770c3ac4cf6f41e2fbd4df852323593c6,data/unga_general_debate_verbatim_en/automatic_transcripts_unofficial/UNGA2026_day3_EN_ASR.json,"{""char_end"": 12482, ""char_start"": 10305, ""end"": 31526.83, ""extracted_block"": 1, ""json_pointer"": ""/transcript/data/53/paragraphs/0"", ""origin_file"": ""data/unga_general_debate_verbatim_en/automatic_transcripts_unofficial/UNGA2026_day3_EN_ASR.json"", ""origin_sha256"": ""d811444b40ce3fed3c9e88fee705c2fb1f994316fa4f311bbb6c4cf20e9e7cae"", ""paragraph"": 1, ""start"": 29411.87, ""statement_start"": 29411.87}",We recognize that yesterday's Security Council encounter may well and should speed on the question of how we as a global community deals with this issue.,uncertain,False,,Security Council meeting on AI.,Other model,explicit name,"{""mention"": 0, ""welcome"": 0, ""support"": 0, ""request"": 0, ""concern"": 0, ""opposition"": 0, ""commitment"": 0}","[""dialogue/convening""]",explicit
E00383,verbatim_en_2026_BRB:6,2026_BRB,2026,BRB,Latin American and Caribbean States,data/analysis_ready_en/2026/2026_BRB.json,66198d495905907a2dc4866a847625b770c3ac4cf6f41e2fbd4df852323593c6,data/unga_general_debate_verbatim_en/automatic_transcripts_unofficial/UNGA2026_day3_EN_ASR.json,"{""char_end"": 12482, ""char_start"": 10305, ""end"": 31526.83, ""extracted_block"": 1, ""json_pointer"": ""/transcript/data/53/paragraphs/0"", ""origin_file"": ""data/unga_general_debate_verbatim_en/automatic_transcripts_unofficial/UNGA2026_day3_EN_ASR.json"", ""origin_sha256"": ""d811444b40ce3fed3c9e88fee705c2fb1f994316fa4f311bbb6c4cf20e9e7cae"", ""paragraph"": 1, ""start"": 29411.87, ""statement_start"": 29411.87}",Barbados is so honoured to host the second in-person meeting of the independent international scientific panel on artificial intelligence which will be held in November of this year,reviewed,False,Barbados will host the second in-person meeting of the Independent International Scientific Panel on AI in November.,Hosting commitment for the UN Scientific Panel.,Panel,explicit name,"{""mention"": 1, ""welcome"": 0, ""support"": 1, ""request"": 0, ""concern"": 0, ""opposition"": 0, ""commitment"": 1}","[""scientific assessment""]",explicit
E00387,verbatim_en_2026_BWA:5,2026_BWA,2026,BWA,African States,data/analysis_ready_en/2026/2026_BWA.json,a7a15649dbe3b3505f1c11bd1e740acdb398f747405a196ed72274c21ef823f0,data/unga_general_debate_verbatim_en/automatic_transcripts_unofficial/UNGA2026_day2_EN_ASR.json,"{""char_end"": 11702, ""char_start"": 9365, ""end"": 17749.11, ""extracted_block"": 1, ""json_pointer"": ""/transcript/data/29/paragraphs/0"", ""origin_file"": ""data/unga_general_debate_verbatim_en/automatic_transcripts_unofficial/UNGA2026_day2_EN_ASR.json"", ""origin_sha256"": ""1d48a568967de80ba6f0e040bcda57d9df79e12a3e50907b327f1fa68aa29a92"", ""paragraph"": 1, ""start"": 16787.95, ""statement_start"": 16787.95}","We also call on the United Nations to continue to explore the creation of an inclusive international framework on emerging technologies, including artificial intelligence.",reviewed,False,,Requests a UN-explored inclusive international framework on emerging technologies including AI.,Other model,inferred description,"{""mention"": 1, ""welcome"": 0, ""support"": 1, ""request"": 1, ""concern"": 0, ""opposition"": 0, ""commitment"": 0}","[""norms/rules/standards""]",explicit
E00388,verbatim_en_2026_CAF:5,2026_CAF,2026,CAF,African States,data/analysis_ready_en/2026/2026_CAF.json,1d42b6cb0d3d754300faae8df08b5d6a0c1b5f7629354a9223a5bc7bdcd0e8e1,data/unga_general_debate_verbatim_en/automatic_transcripts_unofficial/UNGA2026_day2_EN_ASR.json,"{""char_end"": 4269, ""char_start"": 2058, ""end"": 21999.91, ""extracted_block"": 2, ""json_pointer"": ""/transcript/data/36/paragraphs/1"", ""origin_file"": ""data/unga_general_debate_verbatim_en/automatic_transcripts_unofficial/UNGA2026_day2_EN_ASR.json"", ""origin_sha256"": ""1d48a568967de80ba6f0e040bcda57d9df79e12a3e50907b327f1fa68aa29a92"", ""paragraph"": 2, ""start"": 21600.35, ""statement_start"": 21098.7}",The Global Digital Compact must become a reality.,reviewed,False,,Urges implementation of the Global Digital Compact.,Other model,explicit name,"{""mention"": 1, ""welcome"": 0, ""support"": 1, ""request"": 1, ""concern"": 0, ""opposition"": 0, ""commitment"": 0}","[""capacity building"", ""norms/rules/standards""]",explicit
E00392,verbatim_en_2026_CHE:4,2026_CHE,2026,CHE,Western European and other States,data/analysis_ready_en/2026/2026_CHE.json,8aebb706dbec6c912a289861446bf71608c77858ffc3c3f4a647b0f8c4cf0c8a,data/unga_general_debate_verbatim_en/automatic_transcripts_unofficial/UNGA2026_day1_EN_ASR.json,"{""char_end"": 8189, ""char_start"": 6360, ""end"": 32115.15, ""extracted_block"": 1, ""json_pointer"": ""/transcript/data/46/paragraphs/0"", ""origin_file"": ""data/unga_general_debate_verbatim_en/automatic_transcripts_unofficial/UNGA2026_day1_EN_ASR.json"", ""origin_sha256"": ""c2ea4447e91a784516298f9c67597d8555c865e03b57840edc1644a8b924df75"", ""paragraph"": 1, ""start"": 31372.43, ""statement_start"": 31372.43}","This is Exactly the aim of the Geneva AI Summit, which will take place on the 21st and 22nd of June 2027 under the motto, ""Bridging Innovation and Trust.""",uncertain,False,Switzerland hosts the Geneva AI Summit on 21-22 June 2027.,AI summit hosted by Switzerland.,Other model,explicit name,"{""mention"": 1, ""welcome"": 0, ""support"": 1, ""request"": 0, ""concern"": 0, ""opposition"": 0, ""commitment"": 1}","[""dialogue/convening"", ""norms/rules/standards""]",generic
E00394,verbatim_en_2026_CHL:8,2026_CHL,2026,CHL,Latin American and Caribbean States,data/analysis_ready_en/2026/2026_CHL.json,1191b42e6fc0e2adbe20c01d69d7fe545fae19fd037921195f1e875f9761fe99,data/unga_general_debate_verbatim_en/automatic_transcripts_unofficial/UNGA2026_day1_EN_ASR.json,"{""char_end"": 15115, ""char_start"": 13182, ""end"": 17944.67, ""extracted_block"": 1, ""json_pointer"": ""/transcript/data/24/paragraphs/0"", ""origin_file"": ""data/unga_general_debate_verbatim_en/automatic_transcripts_unofficial/UNGA2026_day1_EN_ASR.json"", ""origin_sha256"": ""c2ea4447e91a784516298f9c67597d8555c865e03b57840edc1644a8b924df75"", ""paragraph"": 1, ""start"": 16864.51, ""statement_start"": 16864.51}",The United Nations must be able to bring humankind together to discuss a technology that will decide the fate of this century.,reviewed,False,,Requests UN convening on AI.,Dialogue,inferred description,"{""mention"": 1, ""welcome"": 0, ""support"": 0, ""request"": 1, ""concern"": 0, ""opposition"": 0, ""commitment"": 0}","[""dialogue/convening""]",explicit
E00399,verbatim_en_2026_COD:2,2026_COD,2026,COD,African States,data/analysis_ready_en/2026/2026_COD.json,8d6a0d8dde595328f978f63adad329d35d1a54376c08959a199e3f13a4b5b4d4,data/unga_general_debate_verbatim_en/automatic_transcripts_unofficial/UNGA2026_day2_EN_ASR.json,"{""char_end"": 4180, ""char_start"": 2141, ""end"": 43198.95, ""extracted_block"": 1, ""json_pointer"": ""/transcript/data/72/paragraphs/0"", ""origin_file"": ""data/unga_general_debate_verbatim_en/automatic_transcripts_unofficial/UNGA2026_day2_EN_ASR.json"", ""origin_sha256"": ""1d48a568967de80ba6f0e040bcda57d9df79e12a3e50907b327f1fa68aa29a92"", ""paragraph"": 1, ""start"": 42196.62, ""statement_start"": 42196.62}","The DRC supports the UN global dialogue on AI governance,",uncertain,False,,Supports Global Dialogue on AI Governance.,Dialogue,name variant,"{""mention"": 1, ""welcome"": 0, ""support"": 1, ""request"": 0, ""concern"": 0, ""opposition"": 0, ""commitment"": 0}",[],explicit
E00399,verbatim_en_2026_COD:2,2026_COD,2026,COD,African States,data/analysis_ready_en/2026/2026_COD.json,8d6a0d8dde595328f978f63adad329d35d1a54376c08959a199e3f13a4b5b4d4,data/unga_general_debate_verbatim_en/automatic_transcripts_unofficial/UNGA2026_day2_EN_ASR.json,"{""char_end"": 4180, ""char_start"": 2141, ""end"": 43198.95, ""extracted_block"": 1, ""json_pointer"": ""/transcript/data/72/paragraphs/0"", ""origin_file"": ""data/unga_general_debate_verbatim_en/automatic_transcripts_unofficial/UNGA2026_day2_EN_ASR.json"", ""origin_sha256"": ""1d48a568967de80ba6f0e040bcda57d9df79e12a3e50907b327f1fa68aa29a92"", ""paragraph"": 1, ""start"": 42196.62, ""statement_start"": 42196.62}",as well as the creation of a global capacity building fund.,reviewed,False,,Supports creation of a global AI capacity building fund.,Fund,name variant,"{""mention"": 1, ""welcome"": 0, ""support"": 1, ""request"": 0, ""concern"": 0, ""opposition"": 0, ""commitment"": 0}","[""capacity building"", ""financing""]",generic
E00407,verbatim_en_2026_CZE:3,2026_CZE,2026,CZE,Eastern European States,data/analysis_ready_en/2026/2026_CZE.json,761fd7d3c486e1609a0f831f8109755899965d4e0220f97c6ced8ac1bfb13f75,data/unga_general_debate_verbatim_en/automatic_transcripts_unofficial/UNGA2026_day2_EN_ASR.json,"{""char_end"": 6603, ""char_start"": 4369, ""end"": 8397.87, ""extracted_block"": 1, ""json_pointer"": ""/transcript/data/13/paragraphs/0"", ""origin_file"": ""data/unga_general_debate_verbatim_en/automatic_transcripts_unofficial/UNGA2026_day2_EN_ASR.json"", ""origin_sha256"": ""1d48a568967de80ba6f0e040bcda57d9df79e12a3e50907b327f1fa68aa29a92"", ""paragraph"": 1, ""start"": 7743.55, ""statement_start"": 7743.55}",The message from the UN's independent international scientific panel on AI,reviewed,False,,Cites panel's findings.,Panel,explicit name,"{""mention"": 1, ""welcome"": 0, ""support"": 0, ""request"": 0, ""concern"": 0, ""opposition"": 0, ""commitment"": 0}","[""scientific assessment""]",explicit
E00408,verbatim_en_2026_CZE:4,2026_CZE,2026,CZE,Eastern European States,data/analysis_ready_en/2026/2026_CZE.json,761fd7d3c486e1609a0f831f8109755899965d4e0220f97c6ced8ac1bfb13f75,data/unga_general_debate_verbatim_en/automatic_transcripts_unofficial/UNGA2026_day2_EN_ASR.json,"{""char_end"": 8554, ""char_start"": 6604, ""end"": 8397.87, ""extracted_block"": 1, ""json_pointer"": ""/transcript/data/13/paragraphs/0"", ""origin_file"": ""data/unga_general_debate_verbatim_en/automatic_transcripts_unofficial/UNGA2026_day2_EN_ASR.json"", ""origin_sha256"": ""1d48a568967de80ba6f0e040bcda57d9df79e12a3e50907b327f1fa68aa29a92"", ""paragraph"": 1, ""start"": 7743.55, ""statement_start"": 7743.55}","If AI is to serve humanity, it must develop within a framework of international rules. No country and no company can meet this challenge alone. We need common standards, meaningful public oversight, and clear mechanisms of accountability.",uncertain,False,,Requests an international rules framework with accountability mechanisms.,New body/verification regime,inferred description,"{""mention"": 0, ""welcome"": 0, ""support"": 0, ""request"": 0, ""concern"": 0, ""opposition"": 0, ""commitment"": 0}","[""monitoring/oversight/verification"", ""norms/rules/standards""]",generic
E00412,verbatim_en_2026_DEU:5,2026_DEU,2026,DEU,Western European and other States,data/analysis_ready_en/2026/2026_DEU.json,12046a20295861b1f544444b1a221e2388ee86e08f57c22d02c73d46b704286f,data/unga_general_debate_verbatim_en/automatic_transcripts_unofficial/UNGA2026_day5_EN_ASR.json,"{""char_end"": 8226, ""char_start"": 6062, ""end"": 18788.75, ""extracted_block"": 2, ""json_pointer"": ""/transcript/data/37/paragraphs/1"", ""origin_file"": ""data/unga_general_debate_verbatim_en/automatic_transcripts_unofficial/UNGA2026_day5_EN_ASR.json"", ""origin_sha256"": ""d398da93960901552fb297f7a7361480c845b32c955d8b6e5e1d9e367d7e1eaa"", ""paragraph"": 2, ""start"": 18000.23, ""statement_start"": 17933.98}",That is why Germany calls on UN member states to work towards common safety requirements for the most capable AI models. Providers should be required to test these models before release and report serious safety failures.,reviewed,False,,Requests common frontier-AI safety testing and reporting regime.,New body/verification regime,inferred description,"{""mention"": 1, ""welcome"": 0, ""support"": 1, ""request"": 1, ""concern"": 0, ""opposition"": 0, ""commitment"": 0}","[""monitoring/oversight/verification"", ""norms/rules/standards""]",generic
E00412,verbatim_en_2026_DEU:5,2026_DEU,2026,DEU,Western European and other States,data/analysis_ready_en/2026/2026_DEU.json,12046a20295861b1f544444b1a221e2388ee86e08f57c22d02c73d46b704286f,data/unga_general_debate_verbatim_en/automatic_transcripts_unofficial/UNGA2026_day5_EN_ASR.json,"{""char_end"": 8226, ""char_start"": 6062, ""end"": 18788.75, ""extracted_block"": 2, ""json_pointer"": ""/transcript/data/37/paragraphs/1"", ""origin_file"": ""data/unga_general_debate_verbatim_en/automatic_transcripts_unofficial/UNGA2026_day5_EN_ASR.json"", ""origin_sha256"": ""d398da93960901552fb297f7a7361480c845b32c955d8b6e5e1d9e367d7e1eaa"", ""paragraph"": 2, ""start"": 18000.23, ""statement_start"": 17933.98}",That means building the capacity to understand and assess increasingly capable AI systems.,reviewed,False,,Scientific assessment capacity for capable AI systems; implicit panel-type function.,Panel,inferred description,"{""mention"": 1, ""welcome"": 0, ""support"": 1, ""request"": 1, ""concern"": 0, ""opposition"": 0, ""commitment"": 0}","[""scientific assessment""]",generic
E00417,verbatim_en_2026_EGY:6,2026_EGY,2026,EGY,African States,data/analysis_ready_en/2026/2026_EGY.json,0c0bcf23796dcc6401d3f81af29c76dc7ee288ee41974c408d5c4c014c1a4463,data/unga_general_debate_verbatim_en/automatic_transcripts_unofficial/UNGA2026_day4_EN_ASR.json,"{""char_end"": 14141, ""char_start"": 11735, ""end"": 28800, ""extracted_block"": 1, ""json_pointer"": ""/transcript/data/41/paragraphs/0"", ""origin_file"": ""data/unga_general_debate_verbatim_en/automatic_transcripts_unofficial/UNGA2026_day4_EN_ASR.json"", ""origin_sha256"": ""1c43e6b9024f9c46d1e134590e19b4bfa3567b0a9cac7c5f0a29794d0b9dd1a6"", ""paragraph"": 1, ""start"": 27631.11, ""statement_start"": 27631.11}",It supports the role of the United Nations and a global dialogue to develop principles that balance innovation and responsibility,reviewed,False,,Supports UN role and a global dialogue on AI principles.,Dialogue,name variant,"{""mention"": 1, ""welcome"": 0, ""support"": 1, ""request"": 0, ""concern"": 0, ""opposition"": 0, ""commitment"": 0}","[""dialogue/convening"", ""norms/rules/standards""]",explicit
E00420,verbatim_en_2026_EST:7,2026_EST,2026,EST,Eastern European States,data/analysis_ready_en/2026/2026_EST.json,ff1c4cea436d2affca715982cd2250932befe1ca79aaab294d198fba838af1bc,data/unga_general_debate_verbatim_en/automatic_transcripts_unofficial/UNGA2026_day2_EN_ASR.json,"{""char_end"": 14005, ""char_start"": 12553, ""end"": 10799.87, ""extracted_block"": 1, ""json_pointer"": ""/transcript/data/17/paragraphs/0"", ""origin_file"": ""data/unga_general_debate_verbatim_en/automatic_transcripts_unofficial/UNGA2026_day2_EN_ASR.json"", ""origin_sha256"": ""1d48a568967de80ba6f0e040bcda57d9df79e12a3e50907b327f1fa68aa29a92"", ""paragraph"": 1, ""start"": 9687.75, ""statement_start"": 9687.75}","As a co-chair of the first UN Global Dialogue on AI Governance, alongside with El Salvador, Estonia has proudly brought its knowledge and experience in service of the UN and its member states.",reviewed,False,Estonia co-chairs the first UN Global Dialogue on AI Governance with El Salvador.,Estonia's leading role in the Global Dialogue.,Dialogue,explicit name,"{""mention"": 1, ""welcome"": 0, ""support"": 1, ""request"": 0, ""concern"": 0, ""opposition"": 0, ""commitment"": 1}","[""dialogue/convening""]",explicit
E00420,verbatim_en_2026_EST:7,2026_EST,2026,EST,Eastern European States,data/analysis_ready_en/2026/2026_EST.json,ff1c4cea436d2affca715982cd2250932befe1ca79aaab294d198fba838af1bc,data/unga_general_debate_verbatim_en/automatic_transcripts_unofficial/UNGA2026_day2_EN_ASR.json,"{""char_end"": 14005, ""char_start"": 12553, ""end"": 10799.87, ""extracted_block"": 1, ""json_pointer"": ""/transcript/data/17/paragraphs/0"", ""origin_file"": ""data/unga_general_debate_verbatim_en/automatic_transcripts_unofficial/UNGA2026_day2_EN_ASR.json"", ""origin_sha256"": ""1d48a568967de80ba6f0e040bcda57d9df79e12a3e50907b327f1fa68aa29a92"", ""paragraph"": 1, ""start"": 9687.75, ""statement_start"": 9687.75}","Personally, I had the honour to become one of the commissioners of AI for Good Global Commission this summer.",uncertain,False,,Speaker serves on the AI for Good Global Commission.,Other model,explicit name,"{""mention"": 1, ""welcome"": 0, ""support"": 1, ""request"": 0, ""concern"": 0, ""opposition"": 0, ""commitment"": 0}",[],generic
E00425,verbatim_en_2026_FIN:8,2026_FIN,2026,FIN,Western European and other States,data/analysis_ready_en/2026/2026_FIN.json,7275d48139a915065aa969de593ee34749fd033c7386cc7ee6a4d2edb4215d31,data/unga_general_debate_verbatim_en/automatic_transcripts_unofficial/UNGA2026_day1_EN_ASR.json,"{""char_end"": 14471, ""char_start"": 12388, ""end"": 19131.51, ""extracted_block"": 2, ""json_pointer"": ""/transcript/data/26/paragraphs/1"", ""origin_file"": ""data/unga_general_debate_verbatim_en/automatic_transcripts_unofficial/UNGA2026_day1_EN_ASR.json"", ""origin_sha256"": ""c2ea4447e91a784516298f9c67597d8555c865e03b57840edc1644a8b924df75"", ""paragraph"": 2, ""start"": 18000.19, ""statement_start"": 17983.11}","This is why Norway and Finland have, together with leaders from nations around the world, launched a call for companies, governments, regional organizations, and the UN to develop mechanisms to control frontier AI models.",uncertain,False,"Finland, with Norway, launched a call to develop mechanisms to control frontier AI models.",Requests mechanisms to control frontier AI; Finland co-leads the initiative.,New body/verification regime,inferred description,"{""mention"": 0, ""welcome"": 0, ""support"": 0, ""request"": 0, ""concern"": 0, ""opposition"": 0, ""commitment"": 0}","[""monitoring/oversight/verification"", ""norms/rules/standards""]",generic
E00425,verbatim_en_2026_FIN:8,2026_FIN,2026,FIN,Western European and other States,data/analysis_ready_en/2026/2026_FIN.json,7275d48139a915065aa969de593ee34749fd033c7386cc7ee6a4d2edb4215d31,data/unga_general_debate_verbatim_en/automatic_transcripts_unofficial/UNGA2026_day1_EN_ASR.json,"{""char_end"": 14471, ""char_start"": 12388, ""end"": 19131.51, ""extracted_block"": 2, ""json_pointer"": ""/transcript/data/26/paragraphs/1"", ""origin_file"": ""data/unga_general_debate_verbatim_en/automatic_transcripts_unofficial/UNGA2026_day1_EN_ASR.json"", ""origin_sha256"": ""c2ea4447e91a784516298f9c67597d8555c865e03b57840edc1644a8b924df75"", ""paragraph"": 2, ""start"": 18000.19, ""statement_start"": 17983.11}","Norway and Finland have, together with leaders from nations around the world, launched a call for companies, governments, regional organizations, and the UN to develop mechanisms to control frontier AI models.",uncertain,False,,"Finland co-launched a call for mechanisms to control frontier AI and urges states to join; the UN is one addressee, not the host.",Other model,inferred description,"{""mention"": 1, ""welcome"": 0, ""support"": 1, ""request"": 1, ""concern"": 0, ""opposition"": 0, ""commitment"": 0}","[""monitoring/oversight/verification"", ""norms/rules/standards""]",generic
E00428,verbatim_en_2026_FRA:11,2026_FRA,2026,FRA,Western European and other States,data/analysis_ready_en/2026/2026_FRA.json,0469e0000683b30c150bc67456be28aed1ca379d8e0d631a19010b3d43bfdd2e,data/unga_general_debate_verbatim_en/automatic_transcripts_unofficial/UNGA2026_day1_EN_ASR.json,"{""char_end"": 4002, ""char_start"": 2000, ""end"": 22281.27, ""extracted_block"": 2, ""json_pointer"": ""/transcript/data/30/paragraphs/1"", ""origin_file"": ""data/unga_general_debate_verbatim_en/automatic_transcripts_unofficial/UNGA2026_day1_EN_ASR.json"", ""origin_sha256"": ""c2ea4447e91a784516298f9c67597d8555c865e03b57840edc1644a8b924df75"", ""paragraph"": 2, ""start"": 21602.27, ""statement_start"": 20320.59}","At the AI Summit in 2025, the AI Governance Summit, the next edition will be held in Switzerland next year. There was also the Indian edition.",uncertain,False,,AI summit series.,Dialogue,explicit name,"{""mention"": 0, ""welcome"": 0, ""support"": 0, ""request"": 0, ""concern"": 0, ""opposition"": 0, ""commitment"": 0}","[""dialogue/convening""]",generic
E00428,verbatim_en_2026_FRA:11,2026_FRA,2026,FRA,Western European and other States,data/analysis_ready_en/2026/2026_FRA.json,0469e0000683b30c150bc67456be28aed1ca379d8e0d631a19010b3d43bfdd2e,data/unga_general_debate_verbatim_en/automatic_transcripts_unofficial/UNGA2026_day1_EN_ASR.json,"{""char_end"": 4002, ""char_start"": 2000, ""end"": 22281.27, ""extracted_block"": 2, ""json_pointer"": ""/transcript/data/30/paragraphs/1"", ""origin_file"": ""data/unga_general_debate_verbatim_en/automatic_transcripts_unofficial/UNGA2026_day1_EN_ASR.json"", ""origin_sha256"": ""c2ea4447e91a784516298f9c67597d8555c865e03b57840edc1644a8b924df75"", ""paragraph"": 2, ""start"": 21602.27, ""statement_start"": 20320.59}",we launched the Global Partnership for Artificial Intelligence under the auspices of the OECD to kickstart discussions on the need for regulation.,reviewed,False,,"GPAI, AI summit series and EU AI Act presented as governance models France backs.",Other model,explicit name,"{""mention"": 1, ""welcome"": 0, ""support"": 1, ""request"": 0, ""concern"": 0, ""opposition"": 0, ""commitment"": 0}","[""dialogue/convening"", ""norms/rules/standards""]",generic
E00429,verbatim_en_2026_FRA:12,2026_FRA,2026,FRA,Western European and other States,data/analysis_ready_en/2026/2026_FRA.json,0469e0000683b30c150bc67456be28aed1ca379d8e0d631a19010b3d43bfdd2e,data/unga_general_debate_verbatim_en/automatic_transcripts_unofficial/UNGA2026_day1_EN_ASR.json,"{""char_end"": 5921, ""char_start"": 4003, ""end"": 22281.27, ""extracted_block"": 2, ""json_pointer"": ""/transcript/data/30/paragraphs/1"", ""origin_file"": ""data/unga_general_debate_verbatim_en/automatic_transcripts_unofficial/UNGA2026_day1_EN_ASR.json"", ""origin_sha256"": ""c2ea4447e91a784516298f9c67597d8555c865e03b57840edc1644a8b924df75"", ""paragraph"": 2, ""start"": 21602.27, ""statement_start"": 20320.59}","our investment capabilities must be pooled to build a cutting edge open source AI model, which we will share.",uncertain,False,,Proposes pooled multinational compute/investment to build a shared open-source frontier model.,CERN-like,inferred description,"{""mention"": 1, ""welcome"": 0, ""support"": 0, ""request"": 1, ""concern"": 0, ""opposition"": 0, ""commitment"": 0}","[""capacity building"", ""other""]",generic
E00429,verbatim_en_2026_FRA:12,2026_FRA,2026,FRA,Western European and other States,data/analysis_ready_en/2026/2026_FRA.json,0469e0000683b30c150bc67456be28aed1ca379d8e0d631a19010b3d43bfdd2e,data/unga_general_debate_verbatim_en/automatic_transcripts_unofficial/UNGA2026_day1_EN_ASR.json,"{""char_end"": 5921, ""char_start"": 4003, ""end"": 22281.27, ""extracted_block"": 2, ""json_pointer"": ""/transcript/data/30/paragraphs/1"", ""origin_file"": ""data/unga_general_debate_verbatim_en/automatic_transcripts_unofficial/UNGA2026_day1_EN_ASR.json"", ""origin_sha256"": ""c2ea4447e91a784516298f9c67597d8555c865e03b57840edc1644a8b924df75"", ""paragraph"": 2, ""start"": 21602.27, ""statement_start"": 20320.59}","We are mobilizing already this afternoon and also at the Paris Peace Forum, at the Paris Peace Forum on the 10th and 11th of November of this year.",uncertain,False,France will convene actors at the Paris Peace Forum on 10-11 November.,State hosts convening on AI and children.,Dialogue,explicit name,"{""mention"": 0, ""welcome"": 0, ""support"": 0, ""request"": 0, ""concern"": 0, ""opposition"": 0, ""commitment"": 0}","[""dialogue/convening""]",generic
E00429,verbatim_en_2026_FRA:12,2026_FRA,2026,FRA,Western European and other States,data/analysis_ready_en/2026/2026_FRA.json,0469e0000683b30c150bc67456be28aed1ca379d8e0d631a19010b3d43bfdd2e,data/unga_general_debate_verbatim_en/automatic_transcripts_unofficial/UNGA2026_day1_EN_ASR.json,"{""char_end"": 5921, ""char_start"": 4003, ""end"": 22281.27, ""extracted_block"": 2, ""json_pointer"": ""/transcript/data/30/paragraphs/1"", ""origin_file"": ""data/unga_general_debate_verbatim_en/automatic_transcripts_unofficial/UNGA2026_day1_EN_ASR.json"", ""origin_sha256"": ""c2ea4447e91a784516298f9c67597d8555c865e03b57840edc1644a8b924df75"", ""paragraph"": 2, ""start"": 21602.27, ""statement_start"": 20320.59}","This is why, together with Kenya, Spain, Australia, we've built a coalition on children's rights in the era of AI. We are mobilizing already this afternoon and also at the Paris Peace Forum",uncertain,False,"France, with Kenya, Spain and Australia, has built a coalition on children's rights in the era of AI and will convene at the Paris Peace Forum on 10-11 November.",Coalition on children's rights in AI and G7 call.,Other model,inferred description,"{""mention"": 1, ""welcome"": 0, ""support"": 1, ""request"": 0, ""concern"": 0, ""opposition"": 0, ""commitment"": 1}","[""dialogue/convening"", ""norms/rules/standards""]",generic
E00430,verbatim_en_2026_FRA:13,2026_FRA,2026,FRA,Western European and other States,data/analysis_ready_en/2026/2026_FRA.json,0469e0000683b30c150bc67456be28aed1ca379d8e0d631a19010b3d43bfdd2e,data/unga_general_debate_verbatim_en/automatic_transcripts_unofficial/UNGA2026_day1_EN_ASR.json,"{""char_end"": 7878, ""char_start"": 5922, ""end"": 22281.27, ""extracted_block"": 2, ""json_pointer"": ""/transcript/data/30/paragraphs/1"", ""origin_file"": ""data/unga_general_debate_verbatim_en/automatic_transcripts_unofficial/UNGA2026_day1_EN_ASR.json"", ""origin_sha256"": ""c2ea4447e91a784516298f9c67597d8555c865e03b57840edc1644a8b924df75"", ""paragraph"": 2, ""start"": 21602.27, ""statement_start"": 20320.59}","we want to continue within the framework of the G7, but also working closely with our UK colleagues who will hold the chairmanship of the G20 next year.",uncertain,False,France will continue AI security work in the G7 and with the G20 chair.,State commits to G7/G20 cooperation.,Dialogue,explicit name,"{""mention"": 0, ""welcome"": 0, ""support"": 0, ""request"": 0, ""concern"": 0, ""opposition"": 0, ""commitment"": 0}","[""coordination""]",generic
E00430,verbatim_en_2026_FRA:13,2026_FRA,2026,FRA,Western European and other States,data/analysis_ready_en/2026/2026_FRA.json,0469e0000683b30c150bc67456be28aed1ca379d8e0d631a19010b3d43bfdd2e,data/unga_general_debate_verbatim_en/automatic_transcripts_unofficial/UNGA2026_day1_EN_ASR.json,"{""char_end"": 7878, ""char_start"": 5922, ""end"": 22281.27, ""extracted_block"": 2, ""json_pointer"": ""/transcript/data/30/paragraphs/1"", ""origin_file"": ""data/unga_general_debate_verbatim_en/automatic_transcripts_unofficial/UNGA2026_day1_EN_ASR.json"", ""origin_sha256"": ""c2ea4447e91a784516298f9c67597d8555c865e03b57840edc1644a8b924df75"", ""paragraph"": 2, ""start"": 21602.27, ""statement_start"": 20320.59}","We are coming to an agreement to build a new international architecture We did this on chemical weapons, we did this when it came to other risks",uncertain,False,,"New international architecture for AI in defence/space/cyber, modelled on chemical weapons regime.",New body/verification regime,inferred description,"{""mention"": 1, ""welcome"": 0, ""support"": 1, ""request"": 1, ""concern"": 0, ""opposition"": 0, ""commitment"": 0}","[""coordination"", ""norms/rules/standards""]",generic
E00430,verbatim_en_2026_FRA:13,2026_FRA,2026,FRA,Western European and other States,data/analysis_ready_en/2026/2026_FRA.json,0469e0000683b30c150bc67456be28aed1ca379d8e0d631a19010b3d43bfdd2e,data/unga_general_debate_verbatim_en/automatic_transcripts_unofficial/UNGA2026_day1_EN_ASR.json,"{""char_end"": 7878, ""char_start"": 5922, ""end"": 22281.27, ""extracted_block"": 2, ""json_pointer"": ""/transcript/data/30/paragraphs/1"", ""origin_file"": ""data/unga_general_debate_verbatim_en/automatic_transcripts_unofficial/UNGA2026_day1_EN_ASR.json"", ""origin_sha256"": ""c2ea4447e91a784516298f9c67597d8555c865e03b57840edc1644a8b924df75"", ""paragraph"": 2, ""start"": 21602.27, ""statement_start"": 20320.59}","and we want to continue within the framework of the G7, but also working closely with our UK colleagues who will hold the chairmanship of the G20 next year.",uncertain,False,,G7/G20 as venues for AI security cooperation.,Other model,explicit name,"{""mention"": 1, ""welcome"": 0, ""support"": 1, ""request"": 0, ""concern"": 0, ""opposition"": 0, ""commitment"": 0}","[""coordination""]",generic
E00436,verbatim_en_2026_GBR:5,2026_GBR,2026,GBR,Western European and other States,data/analysis_ready_en/2026/2026_GBR.json,9e1d39b55716c8f92317eecd974759d39e25832016045711530bae889dd8cb5d,data/unga_general_debate_verbatim_en/automatic_transcripts_unofficial/UNGA2026_day1_EN_ASR.json,"{""char_end"": 7629, ""char_start"": 5711, ""end"": 40739.31, ""extracted_block"": 2, ""json_pointer"": ""/transcript/data/62/paragraphs/1"", ""origin_file"": ""data/unga_general_debate_verbatim_en/automatic_transcripts_unofficial/UNGA2026_day1_EN_ASR.json"", ""origin_sha256"": ""c2ea4447e91a784516298f9c67597d8555c865e03b57840edc1644a8b924df75"", ""paragraph"": 2, ""start"": 39600.35, ""statement_start"": 39456.94}","I look back at how we responded to the financial crisis back in 2008. We moved quickly in the G20 and smaller groups to deliver an urgent, practical response. We came together to agree principles which everyone implemented at home in a way that was right for them, and it worked.",reviewed,False,UK will put AI at the heart of its G20 presidency next year.,Proposes G20 post-2008 financial-crisis model of agreed principles for AI.,FSB-like,inferred description,"{""mention"": 1, ""welcome"": 0, ""support"": 1, ""request"": 0, ""concern"": 0, ""opposition"": 0, ""commitment"": 1}","[""coordination"", ""norms/rules/standards""]",generic
E00436,verbatim_en_2026_GBR:5,2026_GBR,2026,GBR,Western European and other States,data/analysis_ready_en/2026/2026_GBR.json,9e1d39b55716c8f92317eecd974759d39e25832016045711530bae889dd8cb5d,data/unga_general_debate_verbatim_en/automatic_transcripts_unofficial/UNGA2026_day1_EN_ASR.json,"{""char_end"": 7629, ""char_start"": 5711, ""end"": 40739.31, ""extracted_block"": 2, ""json_pointer"": ""/transcript/data/62/paragraphs/1"", ""origin_file"": ""data/unga_general_debate_verbatim_en/automatic_transcripts_unofficial/UNGA2026_day1_EN_ASR.json"", ""origin_sha256"": ""c2ea4447e91a784516298f9c67597d8555c865e03b57840edc1644a8b924df75"", ""paragraph"": 2, ""start"": 39600.35, ""statement_start"": 39456.94}","we have our world-leading AI Security Institute, working hand in glove with the US and the leading labs on AI safety",uncertain,False,,UK AI Security Institute cited as safety model.,Other model,explicit name,"{""mention"": 1, ""welcome"": 0, ""support"": 1, ""request"": 0, ""concern"": 0, ""opposition"": 0, ""commitment"": 0}","[""monitoring/oversight/verification""]",generic
E00437,verbatim_en_2026_GBR:6,2026_GBR,2026,GBR,Western European and other States,data/analysis_ready_en/2026/2026_GBR.json,9e1d39b55716c8f92317eecd974759d39e25832016045711530bae889dd8cb5d,data/unga_general_debate_verbatim_en/automatic_transcripts_unofficial/UNGA2026_day1_EN_ASR.json,"{""char_end"": 9507, ""char_start"": 7630, ""end"": 40739.31, ""extracted_block"": 2, ""json_pointer"": ""/transcript/data/62/paragraphs/1"", ""origin_file"": ""data/unga_general_debate_verbatim_en/automatic_transcripts_unofficial/UNGA2026_day1_EN_ASR.json"", ""origin_sha256"": ""c2ea4447e91a784516298f9c67597d8555c865e03b57840edc1644a8b924df75"", ""paragraph"": 2, ""start"": 39600.35, ""statement_start"": 39456.94}","So we will bring the right people together on the key issues, delivering on the potential of AI for good and dealing with the risks.",uncertain,False,UK commits to convene actors (via its G20 presidency) and work toward a single set of global AI principles and standards.,UK-led convening process toward global principles.,Dialogue,inferred description,"{""mention"": 0, ""welcome"": 0, ""support"": 0, ""request"": 0, ""concern"": 0, ""opposition"": 0, ""commitment"": 0}","[""dialogue/convening"", ""norms/rules/standards""]",generic
E00437,verbatim_en_2026_GBR:6,2026_GBR,2026,GBR,Western European and other States,data/analysis_ready_en/2026/2026_GBR.json,9e1d39b55716c8f92317eecd974759d39e25832016045711530bae889dd8cb5d,data/unga_general_debate_verbatim_en/automatic_transcripts_unofficial/UNGA2026_day1_EN_ASR.json,"{""char_end"": 9507, ""char_start"": 7630, ""end"": 40739.31, ""extracted_block"": 2, ""json_pointer"": ""/transcript/data/62/paragraphs/1"", ""origin_file"": ""data/unga_general_debate_verbatim_en/automatic_transcripts_unofficial/UNGA2026_day1_EN_ASR.json"", ""origin_sha256"": ""c2ea4447e91a784516298f9c67597d8555c865e03b57840edc1644a8b924df75"", ""paragraph"": 2, ""start"": 39600.35, ""statement_start"": 39456.94}","So we will bring the right people together on the key issues, delivering on the potential of AI for good and dealing with the risks. And we will work towards agreeing a single set of global principles and standards",uncertain,False,"United Kingdom: will convene (via its G20 presidency) and work towards a single set of global AI principles and standards, bringing in initiatives such as Norway's proposal.",UK commits to a G20-based process for global AI principles and welcomes Norway's initiative.,Other model,inferred description,"{""mention"": 1, ""welcome"": 1, ""support"": 1, ""request"": 0, ""concern"": 0, ""opposition"": 0, ""commitment"": 1}","[""dialogue/convening"", ""norms/rules/standards""]",generic
E00440,verbatim_en_2026_GRC:8,2026_GRC,2026,GRC,Western European and other States,data/analysis_ready_en/2026/2026_GRC.json,98103a66cf05faddf780d9d8c399199fd8f37c77fb2d2fd68fb9c75b8a3569b6,data/unga_general_debate_verbatim_en/automatic_transcripts_unofficial/UNGA2026_day3_EN_ASR.json,"{""char_end"": 16820, ""char_start"": 14831, ""end"": 38934.27, ""extracted_block"": 1, ""json_pointer"": ""/transcript/data/67/paragraphs/0"", ""origin_file"": ""data/unga_general_debate_verbatim_en/automatic_transcripts_unofficial/UNGA2026_day3_EN_ASR.json"", ""origin_sha256"": ""d811444b40ce3fed3c9e88fee705c2fb1f994316fa4f311bbb6c4cf20e9e7cae"", ""paragraph"": 1, ""start"": 37612.79, ""statement_start"": 37612.79}","AI companies need to be licensed based on specific requirements, adherence to human values, transparency, and most importantly, safety.",uncertain,False,,"Licensing regime for AI companies modelled on nuclear regulation, addressed to the US government.",Other model,inferred description,"{""mention"": 1, ""welcome"": 0, ""support"": 0, ""request"": 1, ""concern"": 0, ""opposition"": 0, ""commitment"": 0}","[""monitoring/oversight/verification"", ""norms/rules/standards""]",generic
E00441,verbatim_en_2026_GRC:9,2026_GRC,2026,GRC,Western European and other States,data/analysis_ready_en/2026/2026_GRC.json,98103a66cf05faddf780d9d8c399199fd8f37c77fb2d2fd68fb9c75b8a3569b6,data/unga_general_debate_verbatim_en/automatic_transcripts_unofficial/UNGA2026_day3_EN_ASR.json,"{""char_end"": 17742, ""char_start"": 16821, ""end"": 38934.27, ""extracted_block"": 1, ""json_pointer"": ""/transcript/data/67/paragraphs/0"", ""origin_file"": ""data/unga_general_debate_verbatim_en/automatic_transcripts_unofficial/UNGA2026_day3_EN_ASR.json"", ""origin_sha256"": ""d811444b40ce3fed3c9e88fee705c2fb1f994316fa4f311bbb6c4cf20e9e7cae"", ""paragraph"": 1, ""start"": 37612.79, ""statement_start"": 37612.79}",only as a temporary measure to buy time for a powerful regulatory authority to be set up.,uncertain,False,,Requests establishment of a powerful AI regulatory authority.,New body/verification regime,inferred description,"{""mention"": 1, ""welcome"": 0, ""support"": 0, ""request"": 1, ""concern"": 0, ""opposition"": 0, ""commitment"": 0}","[""monitoring/oversight/verification"", ""norms/rules/standards""]",generic
E00447,verbatim_en_2026_IND:4,2026_IND,2026,IND,Asia-Pacific States,data/analysis_ready_en/2026/2026_IND.json,2058c2637e48701306ae378926ed877b06d5bfc6ca142c66bea359ca2dd0eb00,data/unga_general_debate_verbatim_en/automatic_transcripts_unofficial/UNGA2026_day5_EN_ASR.json,"{""char_end"": 8885, ""char_start"": 6725, ""end"": 17883.91, ""extracted_block"": 1, ""json_pointer"": ""/transcript/data/35/paragraphs/0"", ""origin_file"": ""data/unga_general_debate_verbatim_en/automatic_transcripts_unofficial/UNGA2026_day5_EN_ASR.json"", ""origin_sha256"": ""d398da93960901552fb297f7a7361480c845b32c955d8b6e5e1d9e367d7e1eaa"", ""paragraph"": 1, ""start"": 16915.85, ""statement_start"": 16915.85}","India hosted the AI Impact Summit this February, gathering together the best minds on that subject.",reviewed,False,,"India presents its hosting of the AI Impact Summit positively (past action, not a new undertaking).",Other model,explicit name,"{""mention"": 1, ""welcome"": 0, ""support"": 1, ""request"": 0, ""concern"": 0, ""opposition"": 0, ""commitment"": 0}","[""dialogue/convening""]",generic
E00452,verbatim_en_2026_ITA:6,2026_ITA,2026,ITA,Western European and other States,data/analysis_ready_en/2026/2026_ITA.json,120ae581efa9101bdd9a1d702bc18e9dc8dd2b39eb00583100fd79157820f38a,data/unga_general_debate_verbatim_en/automatic_transcripts_unofficial/UNGA2026_day2_EN_ASR.json,"{""char_end"": 12421, ""char_start"": 10377, ""end"": 44899.75, ""extracted_block"": 1, ""json_pointer"": ""/transcript/data/74/paragraphs/0"", ""origin_file"": ""data/unga_general_debate_verbatim_en/automatic_transcripts_unofficial/UNGA2026_day2_EN_ASR.json"", ""origin_sha256"": ""1d48a568967de80ba6f0e040bcda57d9df79e12a3e50907b327f1fa68aa29a92"", ""paragraph"": 1, ""start"": 43951.23, ""statement_start"": 43951.23}","We need to share the benefits of innovation and build mechanisms of mutual oversight. This is precisely the task of the United Nations, to establish common rules before events or the strongest actors impose their own.",uncertain,False,,Requests UN mechanisms of mutual oversight and common rules for AI.,New body/verification regime,inferred description,"{""mention"": 1, ""welcome"": 0, ""support"": 1, ""request"": 1, ""concern"": 0, ""opposition"": 0, ""commitment"": 0}","[""monitoring/oversight/verification"", ""norms/rules/standards""]",explicit
E00452,verbatim_en_2026_ITA:6,2026_ITA,2026,ITA,Western European and other States,data/analysis_ready_en/2026/2026_ITA.json,120ae581efa9101bdd9a1d702bc18e9dc8dd2b39eb00583100fd79157820f38a,data/unga_general_debate_verbatim_en/automatic_transcripts_unofficial/UNGA2026_day2_EN_ASR.json,"{""char_end"": 12421, ""char_start"": 10377, ""end"": 44899.75, ""extracted_block"": 1, ""json_pointer"": ""/transcript/data/74/paragraphs/0"", ""origin_file"": ""data/unga_general_debate_verbatim_en/automatic_transcripts_unofficial/UNGA2026_day2_EN_ASR.json"", ""origin_sha256"": ""1d48a568967de80ba6f0e040bcda57d9df79e12a3e50907b327f1fa68aa29a92"", ""paragraph"": 1, ""start"": 43951.23, ""statement_start"": 43951.23}","We need to share the benefits of innovation and build mechanisms of mutual oversight. This is precisely the task of the United Nations, to establish common rules",uncertain,False,,Calls for UN-based mutual oversight mechanisms and common rules.,Other model,inferred description,"{""mention"": 0, ""welcome"": 0, ""support"": 0, ""request"": 0, ""concern"": 0, ""opposition"": 0, ""commitment"": 0}","[""monitoring/oversight/verification"", ""norms/rules/standards""]",explicit
E00454,verbatim_en_2026_JAM:5,2026_JAM,2026,JAM,Latin American and Caribbean States,data/analysis_ready_en/2026/2026_JAM.json,5d56bc5ac45d4b690f924198c7798fcbb4d741c82b15da027c8c0dcfd3a9df94,data/unga_general_debate_verbatim_en/automatic_transcripts_unofficial/UNGA2026_day5_EN_ASR.json,"{""char_end"": 6894, ""char_start"": 4397, ""end"": 29664.83, ""extracted_block"": 2, ""json_pointer"": ""/transcript/data/57/paragraphs/1"", ""origin_file"": ""data/unga_general_debate_verbatim_en/automatic_transcripts_unofficial/UNGA2026_day5_EN_ASR.json"", ""origin_sha256"": ""d398da93960901552fb297f7a7361480c845b32c955d8b6e5e1d9e367d7e1eaa"", ""paragraph"": 2, ""start"": 28800.27, ""statement_start"": 28600.94}","The Pact for the Future, the Global Digital Compact, and the Abbas provide important foundations. Our task now as a global community is to translate commitments into action.",uncertain,False,,Pact for the Future and Global Digital Compact welcomed; calls for implementation.,Other model,explicit name,"{""mention"": 1, ""welcome"": 1, ""support"": 1, ""request"": 1, ""concern"": 0, ""opposition"": 0, ""commitment"": 0}","[""norms/rules/standards""]",explicit
E00455,verbatim_en_2026_JPN:7,2026_JPN,2026,JPN,Asia-Pacific States,data/analysis_ready_en/2026/2026_JPN.json,f2accc70769b7142c852855974891bc709074e302191a63fb128adec05ee94fa,data/unga_general_debate_verbatim_en/automatic_transcripts_unofficial/UNGA2026_day1_EN_ASR.json,"{""char_end"": 4497, ""char_start"": 2278, ""end"": 39392.19, ""extracted_block"": 2, ""json_pointer"": ""/transcript/data/60/paragraphs/1"", ""origin_file"": ""data/unga_general_debate_verbatim_en/automatic_transcripts_unofficial/UNGA2026_day1_EN_ASR.json"", ""origin_sha256"": ""c2ea4447e91a784516298f9c67597d8555c865e03b57840edc1644a8b924df75"", ""paragraph"": 2, ""start"": 38820.07, ""statement_start"": 38127.82}","Japan took the initiative to launch the Hiroshima AI Process, establishing the world's first international world's first international principles and code of conduct to govern generative AI.",reviewed,False,,Japan-led Hiroshima AI Process.,Other model,explicit name,"{""mention"": 1, ""welcome"": 0, ""support"": 1, ""request"": 0, ""concern"": 0, ""opposition"": 0, ""commitment"": 0}","[""norms/rules/standards""]",generic
E00456,verbatim_en_2026_JPN:8,2026_JPN,2026,JPN,Asia-Pacific States,data/analysis_ready_en/2026/2026_JPN.json,f2accc70769b7142c852855974891bc709074e302191a63fb128adec05ee94fa,data/unga_general_debate_verbatim_en/automatic_transcripts_unofficial/UNGA2026_day1_EN_ASR.json,"{""char_end"": 6601, ""char_start"": 4498, ""end"": 39392.19, ""extracted_block"": 2, ""json_pointer"": ""/transcript/data/60/paragraphs/1"", ""origin_file"": ""data/unga_general_debate_verbatim_en/automatic_transcripts_unofficial/UNGA2026_day1_EN_ASR.json"", ""origin_sha256"": ""c2ea4447e91a784516298f9c67597d8555c865e03b57840edc1644a8b924df75"", ""paragraph"": 2, ""start"": 38820.07, ""statement_start"": 38127.82}","To accelerate these efforts, we intend to host an AI summit in Japan at the earliest opportunity.",uncertain,False,Japan intends to host an AI summit at the earliest opportunity.,State commits to hosting an AI summit.,Dialogue,inferred description,"{""mention"": 0, ""welcome"": 0, ""support"": 0, ""request"": 0, ""concern"": 0, ""opposition"": 0, ""commitment"": 0}","[""dialogue/convening""]",generic
E00456,verbatim_en_2026_JPN:8,2026_JPN,2026,JPN,Asia-Pacific States,data/analysis_ready_en/2026/2026_JPN.json,f2accc70769b7142c852855974891bc709074e302191a63fb128adec05ee94fa,data/unga_general_debate_verbatim_en/automatic_transcripts_unofficial/UNGA2026_day1_EN_ASR.json,"{""char_end"": 6601, ""char_start"": 4498, ""end"": 39392.19, ""extracted_block"": 2, ""json_pointer"": ""/transcript/data/60/paragraphs/1"", ""origin_file"": ""data/unga_general_debate_verbatim_en/automatic_transcripts_unofficial/UNGA2026_day1_EN_ASR.json"", ""origin_sha256"": ""c2ea4447e91a784516298f9c67597d8555c865e03b57840edc1644a8b924df75"", ""paragraph"": 2, ""start"": 38820.07, ""statement_start"": 38127.82}","To accelerate these efforts, we intend to host an AI summit in Japan at the earliest opportunity.",uncertain,False,Japan intends to host an AI summit at the earliest opportunity.,AI (safety) summit hosted by Japan.,Other model,inferred description,"{""mention"": 1, ""welcome"": 0, ""support"": 1, ""request"": 0, ""concern"": 0, ""opposition"": 0, ""commitment"": 1}","[""dialogue/convening"", ""norms/rules/standards""]",generic
E00457,verbatim_en_2026_KAZ:6,2026_KAZ,2026,KAZ,Asia-Pacific States,data/analysis_ready_en/2026/2026_KAZ.json,4969d887cfb2e75eb98edcba1a76183f2a9a95a1f35e53f38b55a21c1c05b589,data/unga_general_debate_verbatim_en/automatic_transcripts_unofficial/UNGA2026_day4_EN_ASR.json,"{""char_end"": 14035, ""char_start"": 11768, ""end"": 37566.83, ""extracted_block"": 1, ""json_pointer"": ""/transcript/data/56/paragraphs/0"", ""origin_file"": ""data/unga_general_debate_verbatim_en/automatic_transcripts_unofficial/UNGA2026_day4_EN_ASR.json"", ""origin_sha256"": ""1c43e6b9024f9c46d1e134590e19b4bfa3567b0a9cac7c5f0a29794d0b9dd1a6"", ""paragraph"": 1, ""start"": 36406.8, ""statement_start"": 36406.8}","Kazakhstan supports stronger international rules and cooperation, including through the United Nations Global Mechanism on ICT security and UN Global Dialogue on AI governance.",reviewed,False,,Supports the Global Dialogue.,Dialogue,explicit name,"{""mention"": 1, ""welcome"": 0, ""support"": 1, ""request"": 0, ""concern"": 0, ""opposition"": 0, ""commitment"": 0}","[""dialogue/convening"", ""norms/rules/standards""]",explicit
E00457,verbatim_en_2026_KAZ:6,2026_KAZ,2026,KAZ,Asia-Pacific States,data/analysis_ready_en/2026/2026_KAZ.json,4969d887cfb2e75eb98edcba1a76183f2a9a95a1f35e53f38b55a21c1c05b589,data/unga_general_debate_verbatim_en/automatic_transcripts_unofficial/UNGA2026_day4_EN_ASR.json,"{""char_end"": 14035, ""char_start"": 11768, ""end"": 37566.83, ""extracted_block"": 1, ""json_pointer"": ""/transcript/data/56/paragraphs/0"", ""origin_file"": ""data/unga_general_debate_verbatim_en/automatic_transcripts_unofficial/UNGA2026_day4_EN_ASR.json"", ""origin_sha256"": ""1c43e6b9024f9c46d1e134590e19b4bfa3567b0a9cac7c5f0a29794d0b9dd1a6"", ""paragraph"": 1, ""start"": 36406.8, ""statement_start"": 36406.8}",we invite partners to engage with the UNISCAP Asia-Pacific Digital Solutions Center in Almaty City as a platform for sharing expertise,uncertain,False,,UN Global Mechanism on ICT security and ESCAP digital centre in AI context.,Other model,explicit name,"{""mention"": 1, ""welcome"": 0, ""support"": 1, ""request"": 0, ""concern"": 0, ""opposition"": 0, ""commitment"": 0}","[""capacity building"", ""coordination""]",explicit
E00459,verbatim_en_2026_KNA:5,2026_KNA,2026,KNA,Latin American and Caribbean States,data/analysis_ready_en/2026/2026_KNA.json,c9d8da208cbedcfd88d0472d5c7634d6db2e60a38990a73668b191f29627f967,data/unga_general_debate_verbatim_en/automatic_transcripts_unofficial/UNGA2026_day4_EN_ASR.json,"{""char_end"": 8893, ""char_start"": 6601, ""end"": 33894.15, ""extracted_block"": 2, ""json_pointer"": ""/transcript/data/50/paragraphs/1"", ""origin_file"": ""data/unga_general_debate_verbatim_en/automatic_transcripts_unofficial/UNGA2026_day4_EN_ASR.json"", ""origin_sha256"": ""1c43e6b9024f9c46d1e134590e19b4bfa3567b0a9cac7c5f0a29794d0b9dd1a6"", ""paragraph"": 2, ""start"": 32401.87, ""statement_start"": 32368.82}",and the Global Dialogue on AI Governance,uncertain,False,,Welcomes the Global Dialogue.,Dialogue,explicit name,"{""mention"": 1, ""welcome"": 1, ""support"": 0, ""request"": 0, ""concern"": 0, ""opposition"": 0, ""commitment"": 0}","[""dialogue/convening""]",explicit
E00459,verbatim_en_2026_KNA:5,2026_KNA,2026,KNA,Latin American and Caribbean States,data/analysis_ready_en/2026/2026_KNA.json,c9d8da208cbedcfd88d0472d5c7634d6db2e60a38990a73668b191f29627f967,data/unga_general_debate_verbatim_en/automatic_transcripts_unofficial/UNGA2026_day4_EN_ASR.json,"{""char_end"": 8893, ""char_start"": 6601, ""end"": 33894.15, ""extracted_block"": 2, ""json_pointer"": ""/transcript/data/50/paragraphs/1"", ""origin_file"": ""data/unga_general_debate_verbatim_en/automatic_transcripts_unofficial/UNGA2026_day4_EN_ASR.json"", ""origin_sha256"": ""1c43e6b9024f9c46d1e134590e19b4bfa3567b0a9cac7c5f0a29794d0b9dd1a6"", ""paragraph"": 2, ""start"": 32401.87, ""statement_start"": 32368.82}","Regionally, the Caribbean AI Task Force supports cooperation and governance, innovation, and responsible adoption.",uncertain,False,,Regional Caribbean AI Task Force.,Other model,explicit name,"{""mention"": 1, ""welcome"": 0, ""support"": 1, ""request"": 0, ""concern"": 0, ""opposition"": 0, ""commitment"": 0}","[""capacity building"", ""coordination""]",generic
E00459,verbatim_en_2026_KNA:5,2026_KNA,2026,KNA,Latin American and Caribbean States,data/analysis_ready_en/2026/2026_KNA.json,c9d8da208cbedcfd88d0472d5c7634d6db2e60a38990a73668b191f29627f967,data/unga_general_debate_verbatim_en/automatic_transcripts_unofficial/UNGA2026_day4_EN_ASR.json,"{""char_end"": 8893, ""char_start"": 6601, ""end"": 33894.15, ""extracted_block"": 2, ""json_pointer"": ""/transcript/data/50/paragraphs/1"", ""origin_file"": ""data/unga_general_debate_verbatim_en/automatic_transcripts_unofficial/UNGA2026_day4_EN_ASR.json"", ""origin_sha256"": ""1c43e6b9024f9c46d1e134590e19b4bfa3567b0a9cac7c5f0a29794d0b9dd1a6"", ""paragraph"": 2, ""start"": 32401.87, ""statement_start"": 32368.82}",St. Kitts and Nevis welcomes the Independent International Scientific Panel on Artificial Intelligence,uncertain,False,,Welcomes the Scientific Panel.,Panel,explicit name,"{""mention"": 1, ""welcome"": 1, ""support"": 0, ""request"": 0, ""concern"": 0, ""opposition"": 0, ""commitment"": 0}","[""scientific assessment""]",explicit
E00462,verbatim_en_2026_KOR:3,2026_KOR,2026,KOR,Asia-Pacific States,data/analysis_ready_en/2026/2026_KOR.json,9dd6238b86ba17d181f83d4c56be2d7c00a4c450ee44961256018555fdf9d359,data/unga_general_debate_verbatim_en/automatic_transcripts_unofficial/UNGA2026_day1_EN_ASR.json,"{""char_end"": 6050, ""char_start"": 4037, ""end"": 26342.03, ""extracted_block"": 1, ""json_pointer"": ""/transcript/data/36/paragraphs/0"", ""origin_file"": ""data/unga_general_debate_verbatim_en/automatic_transcripts_unofficial/UNGA2026_day1_EN_ASR.json"", ""origin_sha256"": ""c2ea4447e91a784516298f9c67597d8555c865e03b57840edc1644a8b924df75"", ""paragraph"": 1, ""start"": 25323.43, ""statement_start"": 25323.43}","The Republic of Korea will build the global AI hub platform to share this vision with the international community in collaboration with international organizations, multilateral development banks, the business sector, and academia.",uncertain,False,"Korea will build a global AI hub platform with international organizations, MDBs, business and academia.",New Korean-led global AI platform.,New body/verification regime,explicit name,"{""mention"": 0, ""welcome"": 0, ""support"": 0, ""request"": 0, ""concern"": 0, ""opposition"": 0, ""commitment"": 0}","[""coordination""]",generic
E00462,verbatim_en_2026_KOR:3,2026_KOR,2026,KOR,Asia-Pacific States,data/analysis_ready_en/2026/2026_KOR.json,9dd6238b86ba17d181f83d4c56be2d7c00a4c450ee44961256018555fdf9d359,data/unga_general_debate_verbatim_en/automatic_transcripts_unofficial/UNGA2026_day1_EN_ASR.json,"{""char_end"": 6050, ""char_start"": 4037, ""end"": 26342.03, ""extracted_block"": 1, ""json_pointer"": ""/transcript/data/36/paragraphs/0"", ""origin_file"": ""data/unga_general_debate_verbatim_en/automatic_transcripts_unofficial/UNGA2026_day1_EN_ASR.json"", ""origin_sha256"": ""c2ea4447e91a784516298f9c67597d8555c865e03b57840edc1644a8b924df75"", ""paragraph"": 1, ""start"": 25323.43, ""statement_start"": 25323.43}",The Republic of Korea will build the global AI hub platform to share this vision with the international community,uncertain,False,Republic of Korea will build the global AI hub platform,Korean-led international AI platform.,Other model,explicit name,"{""mention"": 1, ""welcome"": 0, ""support"": 0, ""request"": 0, ""concern"": 0, ""opposition"": 0, ""commitment"": 1}","[""capacity building"", ""coordination""]",generic
E00464,verbatim_en_2026_LAO:2,2026_LAO,2026,LAO,Asia-Pacific States,data/analysis_ready_en/2026/2026_LAO.json,be425039d52a179897858d80dba1e064785d324926c94a40d07acb832fcbdb58,data/unga_general_debate_verbatim_en/automatic_transcripts_unofficial/UNGA2026_day5_EN_ASR.json,"{""char_end"": 4766, ""char_start"": 2369, ""end"": 8381.35, ""extracted_block"": 1, ""json_pointer"": ""/transcript/data/15/paragraphs/0"", ""origin_file"": ""data/unga_general_debate_verbatim_en/automatic_transcripts_unofficial/UNGA2026_day5_EN_ASR.json"", ""origin_sha256"": ""d398da93960901552fb297f7a7361480c845b32c955d8b6e5e1d9e367d7e1eaa"", ""paragraph"": 1, ""start"": 7363.59, ""statement_start"": 7363.59}",The implementation of the Pact of the Future and the Global Digital Compact must focus on narrowing the digital divide.,uncertain,False,,Requests GDC/Pact implementation focus on digital divide.,Other model,explicit name,"{""mention"": 1, ""welcome"": 0, ""support"": 1, ""request"": 1, ""concern"": 0, ""opposition"": 0, ""commitment"": 0}","[""capacity building""]",explicit
E00466,verbatim_en_2026_LBN:3,2026_LBN,2026,LBN,Asia-Pacific States,data/analysis_ready_en/2026/2026_LBN.json,cec7a37e987dc3399e88733d2f4322d57e55bd153e5cef060eb2b690d52e93ab,data/unga_general_debate_verbatim_en/automatic_transcripts_unofficial/UNGA2026_day4_EN_ASR.json,"{""char_end"": 4341, ""char_start"": 2191, ""end"": 6203.31, ""extracted_block"": 2, ""json_pointer"": ""/transcript/data/7/paragraphs/1"", ""origin_file"": ""data/unga_general_debate_verbatim_en/automatic_transcripts_unofficial/UNGA2026_day4_EN_ASR.json"", ""origin_sha256"": ""1c43e6b9024f9c46d1e134590e19b4bfa3567b0a9cac7c5f0a29794d0b9dd1a6"", ""paragraph"": 2, ""start"": 4967.71, ""statement_start"": 4965.75}",This calls for international governance that places the human being with his or her freedom and privacy at the heart of this transformation.,uncertain,False,,Generic call for human-centred international AI governance.,Other model,inferred description,"{""mention"": 0, ""welcome"": 0, ""support"": 0, ""request"": 0, ""concern"": 0, ""opposition"": 0, ""commitment"": 0}","[""norms/rules/standards""]",generic
E00467,verbatim_en_2026_LBR:3,2026_LBR,2026,LBR,African States,data/analysis_ready_en/2026/2026_LBR.json,865635f96edd1a0933da144463e8b4ca650dd533fc3eed1e6243fb6fcf81e8aa,data/unga_general_debate_verbatim_en/automatic_transcripts_unofficial/UNGA2026_day3_EN_ASR.json,"{""char_end"": 6976, ""char_start"": 4642, ""end"": 11789.67, ""extracted_block"": 1, ""json_pointer"": ""/transcript/data/16/paragraphs/0"", ""origin_file"": ""data/unga_general_debate_verbatim_en/automatic_transcripts_unofficial/UNGA2026_day3_EN_ASR.json"", ""origin_sha256"": ""d811444b40ce3fed3c9e88fee705c2fb1f994316fa4f311bbb6c4cf20e9e7cae"", ""paragraph"": 1, ""start"": 10902.8, ""statement_start"": 10902.8}",Liberia welcomes global effort to govern new technologies including the Secretary General's independent international scientific panel on artificial intelligence.,uncertain,False,,Explicit welcome of the Independent International Scientific Panel on AI.,Panel,explicit name,"{""mention"": 1, ""welcome"": 1, ""support"": 0, ""request"": 0, ""concern"": 0, ""opposition"": 0, ""commitment"": 0}",[],explicit
E00472,verbatim_en_2026_LSO:3,2026_LSO,2026,LSO,African States,data/analysis_ready_en/2026/2026_LSO.json,4380569b30448971bd2248ce8c2403f06394534d34ffb5be38b12d89a2cc5207,data/unga_general_debate_verbatim_en/automatic_transcripts_unofficial/UNGA2026_day4_EN_ASR.json,"{""char_end"": 6932, ""char_start"": 4623, ""end"": 10799.51, ""extracted_block"": 1, ""json_pointer"": ""/transcript/data/15/paragraphs/0"", ""origin_file"": ""data/unga_general_debate_verbatim_en/automatic_transcripts_unofficial/UNGA2026_day4_EN_ASR.json"", ""origin_sha256"": ""1c43e6b9024f9c46d1e134590e19b4bfa3567b0a9cac7c5f0a29794d0b9dd1a6"", ""paragraph"": 1, ""start"": 10094.59, ""statement_start"": 10094.59}",We further stand ready to contribute our experience to emerging instruments such as the proposed Global Fund for AI capacity building,uncertain,False,Lesotho stands ready to contribute its national AI strategy experience to the proposed Global Fund for AI.,Supports and offers to contribute to the Global Fund for AI.,Fund,name variant,"{""mention"": 1, ""welcome"": 0, ""support"": 1, ""request"": 0, ""concern"": 0, ""opposition"": 0, ""commitment"": 1}","[""capacity building"", ""financing""]",explicit
E00472,verbatim_en_2026_LSO:3,2026_LSO,2026,LSO,African States,data/analysis_ready_en/2026/2026_LSO.json,4380569b30448971bd2248ce8c2403f06394534d34ffb5be38b12d89a2cc5207,data/unga_general_debate_verbatim_en/automatic_transcripts_unofficial/UNGA2026_day4_EN_ASR.json,"{""char_end"": 6932, ""char_start"": 4623, ""end"": 10799.51, ""extracted_block"": 1, ""json_pointer"": ""/transcript/data/15/paragraphs/0"", ""origin_file"": ""data/unga_general_debate_verbatim_en/automatic_transcripts_unofficial/UNGA2026_day4_EN_ASR.json"", ""origin_sha256"": ""1c43e6b9024f9c46d1e134590e19b4bfa3567b0a9cac7c5f0a29794d0b9dd1a6"", ""paragraph"": 1, ""start"": 10094.59, ""statement_start"": 10094.59}",As the first member state to pilot the UN Blueprint for National AI and Data Strategies from design into national implementation,uncertain,False,,Piloted and commends the UN Blueprint model.,Other model,explicit name,"{""mention"": 1, ""welcome"": 1, ""support"": 1, ""request"": 0, ""concern"": 0, ""opposition"": 0, ""commitment"": 0}","[""capacity building"", ""coordination""]",explicit
E00473,verbatim_en_2026_LTU:3,2026_LTU,2026,LTU,Eastern European States,data/analysis_ready_en/2026/2026_LTU.json,8f5558454d9dca99570d8b88e1f9716b76ce096dfc88ee2db3129ffe430811e8,data/unga_general_debate_verbatim_en/automatic_transcripts_unofficial/UNGA2026_day1_EN_ASR.json,"{""char_end"": 6748, ""char_start"": 4360, ""end"": 15690.63, ""extracted_block"": 1, ""json_pointer"": ""/transcript/data/20/paragraphs/0"", ""origin_file"": ""data/unga_general_debate_verbatim_en/automatic_transcripts_unofficial/UNGA2026_day1_EN_ASR.json"", ""origin_sha256"": ""c2ea4447e91a784516298f9c67597d8555c865e03b57840edc1644a8b924df75"", ""paragraph"": 1, ""start"": 14856.87, ""statement_start"": 14856.87}",we hope to contribute significantly to the United Nations global dialogue on AI governance.,reviewed,False,,Intends to contribute to the Global Dialogue.,Dialogue,explicit name,"{""mention"": 1, ""welcome"": 0, ""support"": 1, ""request"": 0, ""concern"": 0, ""opposition"": 0, ""commitment"": 0}","[""dialogue/convening""]",explicit
E00473,verbatim_en_2026_LTU:3,2026_LTU,2026,LTU,Eastern European States,data/analysis_ready_en/2026/2026_LTU.json,8f5558454d9dca99570d8b88e1f9716b76ce096dfc88ee2db3129ffe430811e8,data/unga_general_debate_verbatim_en/automatic_transcripts_unofficial/UNGA2026_day1_EN_ASR.json,"{""char_end"": 6748, ""char_start"": 4360, ""end"": 15690.63, ""extracted_block"": 1, ""json_pointer"": ""/transcript/data/20/paragraphs/0"", ""origin_file"": ""data/unga_general_debate_verbatim_en/automatic_transcripts_unofficial/UNGA2026_day1_EN_ASR.json"", ""origin_sha256"": ""c2ea4447e91a784516298f9c67597d8555c865e03b57840edc1644a8b924df75"", ""paragraph"": 1, ""start"": 14856.87, ""statement_start"": 14856.87}","advancing the Vilnius Convention, the world's first legally binding international treaty on artificial intelligence.",reviewed,False,Lithuania is advancing the Vilnius Convention (binding AI treaty).,Binding international AI treaty promoted by Lithuania.,Other model,explicit name,"{""mention"": 1, ""welcome"": 0, ""support"": 1, ""request"": 0, ""concern"": 0, ""opposition"": 0, ""commitment"": 1}","[""norms/rules/standards""]",generic
E00477,verbatim_en_2026_MCO:5,2026_MCO,2026,MCO,Western European and other States,data/analysis_ready_en/2026/2026_MCO.json,2f8ffee1ec4224afe0b4bf46919de63e62bb16344e25b0da10769baec7bd2a2d,data/unga_general_debate_verbatim_en/automatic_transcripts_unofficial/UNGA2026_day4_EN_ASR.json,"{""char_end"": 10624, ""char_start"": 8442, ""end"": 7195.71, ""extracted_block"": 1, ""json_pointer"": ""/transcript/data/9/paragraphs/0"", ""origin_file"": ""data/unga_general_debate_verbatim_en/automatic_transcripts_unofficial/UNGA2026_day4_EN_ASR.json"", ""origin_sha256"": ""1c43e6b9024f9c46d1e134590e19b4bfa3567b0a9cac7c5f0a29794d0b9dd1a6"", ""paragraph"": 1, ""start"": 6249.63, ""statement_start"": 6249.63}","The Global Dialogue on AI Governance, which was held this year in Geneva, confirmed this.",reviewed,False,,Neutral reference to the Dialogue's outcome.,Dialogue,explicit name,"{""mention"": 1, ""welcome"": 0, ""support"": 0, ""request"": 0, ""concern"": 0, ""opposition"": 0, ""commitment"": 0}",[],explicit
E00477,verbatim_en_2026_MCO:5,2026_MCO,2026,MCO,Western European and other States,data/analysis_ready_en/2026/2026_MCO.json,2f8ffee1ec4224afe0b4bf46919de63e62bb16344e25b0da10769baec7bd2a2d,data/unga_general_debate_verbatim_en/automatic_transcripts_unofficial/UNGA2026_day4_EN_ASR.json,"{""char_end"": 10624, ""char_start"": 8442, ""end"": 7195.71, ""extracted_block"": 1, ""json_pointer"": ""/transcript/data/9/paragraphs/0"", ""origin_file"": ""data/unga_general_debate_verbatim_en/automatic_transcripts_unofficial/UNGA2026_day4_EN_ASR.json"", ""origin_sha256"": ""1c43e6b9024f9c46d1e134590e19b4bfa3567b0a9cac7c5f0a29794d0b9dd1a6"", ""paragraph"": 1, ""start"": 6249.63, ""statement_start"": 6249.63}",Monaco supports the implementation of the Global Digital Compact and a new normative framework on AI.,reviewed,False,,Supports GDC implementation and calls for a new normative AI framework.,Other model,explicit name,"{""mention"": 1, ""welcome"": 0, ""support"": 1, ""request"": 1, ""concern"": 0, ""opposition"": 0, ""commitment"": 0}","[""norms/rules/standards""]",explicit
E00484,verbatim_en_2026_MLT:6,2026_MLT,2026,MLT,Western European and other States,data/analysis_ready_en/2026/2026_MLT.json,74fe31b4b2743154d6cffea930f71a95ae77ca65d5568a720a3d82cacd4592d9,data/unga_general_debate_verbatim_en/automatic_transcripts_unofficial/UNGA2026_day4_EN_ASR.json,"{""char_end"": 11689, ""char_start"": 9733, ""end"": 10034.87, ""extracted_block"": 1, ""json_pointer"": ""/transcript/data/13/paragraphs/0"", ""origin_file"": ""data/unga_general_debate_verbatim_en/automatic_transcripts_unofficial/UNGA2026_day4_EN_ASR.json"", ""origin_sha256"": ""1c43e6b9024f9c46d1e134590e19b4bfa3567b0a9cac7c5f0a29794d0b9dd1a6"", ""paragraph"": 1, ""start"": 8415.91, ""statement_start"": 8415.91}","Malta, my country, wholeheartedly supports the implementation of the Global Digital Compact and wider UN efforts to strengthen international digital cooperation.",reviewed,False,,Support for GDC implementation.,Other model,explicit name,"{""mention"": 1, ""welcome"": 0, ""support"": 1, ""request"": 0, ""concern"": 0, ""opposition"": 0, ""commitment"": 0}",[],explicit
E00489,verbatim_en_2026_MUS:3,2026_MUS,2026,MUS,African States,data/analysis_ready_en/2026/2026_MUS.json,4bedd0e2a8043d745f4d3794cb6d81de77eb71255dd3a96ab380e11625a17afb,data/unga_general_debate_verbatim_en/automatic_transcripts_unofficial/UNGA2026_day4_EN_ASR.json,"{""char_end"": 6353, ""char_start"": 3983, ""end"": 40789.91, ""extracted_block"": 1, ""json_pointer"": ""/transcript/data/62/paragraphs/0"", ""origin_file"": ""data/unga_general_debate_verbatim_en/automatic_transcripts_unofficial/UNGA2026_day4_EN_ASR.json"", ""origin_sha256"": ""1c43e6b9024f9c46d1e134590e19b4bfa3567b0a9cac7c5f0a29794d0b9dd1a6"", ""paragraph"": 1, ""start"": 39930.32, ""statement_start"": 39930.32}",We support the General Assembly resolution establishing the global dialogue on AI governance,reviewed,False,,Supports the Global Dialogue.,Dialogue,explicit name,"{""mention"": 1, ""welcome"": 0, ""support"": 1, ""request"": 0, ""concern"": 0, ""opposition"": 0, ""commitment"": 0}","[""dialogue/convening""]",explicit
E00489,verbatim_en_2026_MUS:3,2026_MUS,2026,MUS,African States,data/analysis_ready_en/2026/2026_MUS.json,4bedd0e2a8043d745f4d3794cb6d81de77eb71255dd3a96ab380e11625a17afb,data/unga_general_debate_verbatim_en/automatic_transcripts_unofficial/UNGA2026_day4_EN_ASR.json,"{""char_end"": 6353, ""char_start"": 3983, ""end"": 40789.91, ""extracted_block"": 1, ""json_pointer"": ""/transcript/data/62/paragraphs/0"", ""origin_file"": ""data/unga_general_debate_verbatim_en/automatic_transcripts_unofficial/UNGA2026_day4_EN_ASR.json"", ""origin_sha256"": ""1c43e6b9024f9c46d1e134590e19b4bfa3567b0a9cac7c5f0a29794d0b9dd1a6"", ""paragraph"": 1, ""start"": 39930.32, ""statement_start"": 39930.32}",welcome the work being done by the independent international scientific panel on AI,reviewed,False,,Welcomes the Scientific Panel's work.,Panel,explicit name,"{""mention"": 1, ""welcome"": 1, ""support"": 0, ""request"": 0, ""concern"": 0, ""opposition"": 0, ""commitment"": 0}","[""scientific assessment""]",explicit
E00490,verbatim_en_2026_MUS:4,2026_MUS,2026,MUS,African States,data/analysis_ready_en/2026/2026_MUS.json,4bedd0e2a8043d745f4d3794cb6d81de77eb71255dd3a96ab380e11625a17afb,data/unga_general_debate_verbatim_en/automatic_transcripts_unofficial/UNGA2026_day4_EN_ASR.json,"{""char_end"": 8610, ""char_start"": 6354, ""end"": 40789.91, ""extracted_block"": 1, ""json_pointer"": ""/transcript/data/62/paragraphs/0"", ""origin_file"": ""data/unga_general_debate_verbatim_en/automatic_transcripts_unofficial/UNGA2026_day4_EN_ASR.json"", ""origin_sha256"": ""1c43e6b9024f9c46d1e134590e19b4bfa3567b0a9cac7c5f0a29794d0b9dd1a6"", ""paragraph"": 1, ""start"": 39930.32, ""statement_start"": 39930.32}","We need an open, transparent and inclusive dialogue on governance of the new technologies",reviewed,False,,Requests inclusive governance dialogue.,Dialogue,inferred description,"{""mention"": 1, ""welcome"": 0, ""support"": 0, ""request"": 1, ""concern"": 0, ""opposition"": 0, ""commitment"": 0}","[""dialogue/convening""]",generic
E00492,verbatim_en_2026_MWI:6,2026_MWI,2026,MWI,African States,data/analysis_ready_en/2026/2026_MWI.json,7e5eb73a0cce6aa7f15c56486e606ec72b49799acc583e8d2394c2b392db32b2,data/unga_general_debate_verbatim_en/automatic_transcripts_unofficial/UNGA2026_day6_EN_ASR.json,"{""char_end"": 14518, ""char_start"": 12400, ""end"": 9005.95, ""extracted_block"": 1, ""json_pointer"": ""/transcript/data/11/paragraphs/0"", ""origin_file"": ""data/unga_general_debate_verbatim_en/automatic_transcripts_unofficial/UNGA2026_day6_EN_ASR.json"", ""origin_sha256"": ""00ded7b1b2b5d8831cda241976809e06923b67ea74125c9bcb3a31cb258c3d7c"", ""paragraph"": 1, ""start"": 7828.74, ""statement_start"": 7828.74}","Malawi, therefore, calls upon the United Nations to continue promoting an inclusive, ethical, and development-oriented global framework for AI governance.",reviewed,False,,Requests UN-promoted global AI governance framework.,Other model,inferred description,"{""mention"": 1, ""welcome"": 0, ""support"": 1, ""request"": 1, ""concern"": 0, ""opposition"": 0, ""commitment"": 0}","[""capacity building"", ""norms/rules/standards""]",explicit
E00495,verbatim_en_2026_NAM:4,2026_NAM,2026,NAM,African States,data/analysis_ready_en/2026/2026_NAM.json,2223ca4df6f83abb7924173fcf313dc53cee128b7ebd841e71a4af43cc9f912f,data/unga_general_debate_verbatim_en/automatic_transcripts_unofficial/UNGA2026_day2_EN_ASR.json,"{""char_end"": 8959, ""char_start"": 6967, ""end"": 27211.03, ""extracted_block"": 1, ""json_pointer"": ""/transcript/data/44/paragraphs/0"", ""origin_file"": ""data/unga_general_debate_verbatim_en/automatic_transcripts_unofficial/UNGA2026_day2_EN_ASR.json"", ""origin_sha256"": ""1d48a568967de80ba6f0e040bcda57d9df79e12a3e50907b327f1fa68aa29a92"", ""paragraph"": 1, ""start"": 25820.43, ""statement_start"": 25820.43}",Namibia also takes cognizance of the rapid advancement of artificial intelligence in advancing human progress in line with the Global Digital Compact.,uncertain,False,,Reference to the Global Digital Compact as framework for AI.,Other model,explicit name,"{""mention"": 1, ""welcome"": 0, ""support"": 0, ""request"": 0, ""concern"": 0, ""opposition"": 0, ""commitment"": 0}",[],explicit
E00498,verbatim_en_2026_NOR:6,2026_NOR,2026,NOR,Western European and other States,data/analysis_ready_en/2026/2026_NOR.json,6e75773e1cfb91a4ffe6f6bd31d191b2ec7ee43a188396c88292ef2a9c70d4db,data/unga_general_debate_verbatim_en/automatic_transcripts_unofficial/UNGA2026_day4_EN_ASR.json,"{""char_end"": 12607, ""char_start"": 10358, ""end"": 43118.67, ""extracted_block"": 1, ""json_pointer"": ""/transcript/data/66/paragraphs/0"", ""origin_file"": ""data/unga_general_debate_verbatim_en/automatic_transcripts_unofficial/UNGA2026_day4_EN_ASR.json"", ""origin_sha256"": ""1c43e6b9024f9c46d1e134590e19b4bfa3567b0a9cac7c5f0a29794d0b9dd1a6"", ""paragraph"": 1, ""start"": 42036.19, ""statement_start"": 42036.19}","This week, Finland and Norway are appealing to businesses, governments, and the UN alike to cooperate for responsible management of the opportunities and the risks of artificial intelligence.",uncertain,False,Norway (with Finland) launching an appeal for multistakeholder cooperation on responsible AI management.,Nordic appeal/initiative on responsible AI.,Other model,inferred description,"{""mention"": 0, ""welcome"": 0, ""support"": 0, ""request"": 0, ""concern"": 0, ""opposition"": 0, ""commitment"": 0}","[""coordination""]",generic
E00500,verbatim_en_2026_PHL:2,2026_PHL,2026,PHL,Asia-Pacific States,data/analysis_ready_en/2026/2026_PHL.json,32820ec649df2ceb5dd19209dc5f8b128619de0d64f2c736ecaa12b50d7f2a51,data/unga_general_debate_verbatim_en/automatic_transcripts_unofficial/UNGA2026_day5_EN_ASR.json,"{""char_end"": 4597, ""char_start"": 2270, ""end"": 10235.99, ""extracted_block"": 1, ""json_pointer"": ""/transcript/data/19/paragraphs/0"", ""origin_file"": ""data/unga_general_debate_verbatim_en/automatic_transcripts_unofficial/UNGA2026_day5_EN_ASR.json"", ""origin_sha256"": ""d398da93960901552fb297f7a7361480c845b32c955d8b6e5e1d9e367d7e1eaa"", ""paragraph"": 1, ""start"": 9458.35, ""statement_start"": 9458.35}","we need robust AI governance with enforceable standards, and we need it now.",uncertain,False,,Requests enforceable AI governance standards but specifies no mechanism.,Other model,inferred description,"{""mention"": 0, ""welcome"": 0, ""support"": 0, ""request"": 0, ""concern"": 0, ""opposition"": 0, ""commitment"": 0}","[""norms/rules/standards""]",generic
E00511,verbatim_en_2026_RUS:6,2026_RUS,2026,RUS,Eastern European States,data/analysis_ready_en/2026/2026_RUS.json,7c8e2ac082af293f38477e1b7f9238deb4eee6ff44c357f41be90a0db1c47dfd,data/unga_general_debate_verbatim_en/automatic_transcripts_unofficial/UNGA2026_day5_EN_ASR.json,"{""char_end"": 12734, ""char_start"": 10577, ""end"": 12429.47, ""extracted_block"": 1, ""json_pointer"": ""/transcript/data/23/paragraphs/0"", ""origin_file"": ""data/unga_general_debate_verbatim_en/automatic_transcripts_unofficial/UNGA2026_day5_EN_ASR.json"", ""origin_sha256"": ""d398da93960901552fb297f7a7361480c845b32c955d8b6e5e1d9e367d7e1eaa"", ""paragraph"": 1, ""start"": 11525.07, ""statement_start"": 11525.07}","The start of the work of the Global Dialogue on AI Governance and the Independent International Scientific Panel on AI, we believe these are steps in the right direction.",uncertain,False,,Welcomes start of Global Dialogue.,Dialogue,explicit name,"{""mention"": 1, ""welcome"": 1, ""support"": 1, ""request"": 0, ""concern"": 0, ""opposition"": 0, ""commitment"": 0}",[],explicit
E00511,verbatim_en_2026_RUS:6,2026_RUS,2026,RUS,Eastern European States,data/analysis_ready_en/2026/2026_RUS.json,7c8e2ac082af293f38477e1b7f9238deb4eee6ff44c357f41be90a0db1c47dfd,data/unga_general_debate_verbatim_en/automatic_transcripts_unofficial/UNGA2026_day5_EN_ASR.json,"{""char_end"": 12734, ""char_start"": 10577, ""end"": 12429.47, ""extracted_block"": 1, ""json_pointer"": ""/transcript/data/23/paragraphs/0"", ""origin_file"": ""data/unga_general_debate_verbatim_en/automatic_transcripts_unofficial/UNGA2026_day5_EN_ASR.json"", ""origin_sha256"": ""d398da93960901552fb297f7a7361480c845b32c955d8b6e5e1d9e367d7e1eaa"", ""paragraph"": 1, ""start"": 11525.07, ""statement_start"": 11525.07}","Russia supports China's initiative, that is the establishment of a global organization on AI cooperation.",reviewed,False,,Supports China's proposed World AI Cooperation Organization.,New body/verification regime,inferred description,"{""mention"": 1, ""welcome"": 0, ""support"": 1, ""request"": 0, ""concern"": 0, ""opposition"": 0, ""commitment"": 0}","[""coordination""]",generic
E00511,verbatim_en_2026_RUS:6,2026_RUS,2026,RUS,Eastern European States,data/analysis_ready_en/2026/2026_RUS.json,7c8e2ac082af293f38477e1b7f9238deb4eee6ff44c357f41be90a0db1c47dfd,data/unga_general_debate_verbatim_en/automatic_transcripts_unofficial/UNGA2026_day5_EN_ASR.json,"{""char_end"": 12734, ""char_start"": 10577, ""end"": 12429.47, ""extracted_block"": 1, ""json_pointer"": ""/transcript/data/23/paragraphs/0"", ""origin_file"": ""data/unga_general_debate_verbatim_en/automatic_transcripts_unofficial/UNGA2026_day5_EN_ASR.json"", ""origin_sha256"": ""d398da93960901552fb297f7a7361480c845b32c955d8b6e5e1d9e367d7e1eaa"", ""paragraph"": 1, ""start"": 11525.07, ""statement_start"": 11525.07}","The start of the work of the Global Dialogue on AI Governance and the Independent International Scientific Panel on AI, we believe these are steps in the right direction.",uncertain,False,,Welcomes start of Scientific Panel.,Panel,explicit name,"{""mention"": 1, ""welcome"": 1, ""support"": 1, ""request"": 0, ""concern"": 0, ""opposition"": 0, ""commitment"": 0}",[],explicit
E00512,verbatim_en_2026_SAU:5,2026_SAU,2026,SAU,Asia-Pacific States,data/analysis_ready_en/2026/2026_SAU.json,756df592d16a15bdb49d7f51eb6d512a5d9d35185c3a499352f27f5918c8e6f9,data/unga_general_debate_verbatim_en/automatic_transcripts_unofficial/UNGA2026_day5_EN_ASR.json,"{""char_end"": 11181, ""char_start"": 8886, ""end"": 13915.99, ""extracted_block"": 1, ""json_pointer"": ""/transcript/data/27/paragraphs/0"", ""origin_file"": ""data/unga_general_debate_verbatim_en/automatic_transcripts_unofficial/UNGA2026_day5_EN_ASR.json"", ""origin_sha256"": ""d398da93960901552fb297f7a7361480c845b32c955d8b6e5e1d9e367d7e1eaa"", ""paragraph"": 1, ""start"": 13230.19, ""statement_start"": 13230.19}","The Kingdom has taken a leading role in establishing the International Network of Artificial Intelligence Capacity Building Centres, one of the recommendations emanating from the Pact for the Future. The Kingdom also hosts the International Centre for Research and Ethics in AI in Riyadh under the auspices of UNESCO",reviewed,False,Saudi Arabia led establishment of the International Network of AI Capacity Building Centres and hosts the UNESCO-affiliated International Centre for Research and Ethics in AI in Riyadh.,"Pact for the Future-derived AI capacity-building network and UNESCO AI ethics centre, both led or hosted by the speaker's State.",Other model,explicit name,"{""mention"": 1, ""welcome"": 0, ""support"": 1, ""request"": 0, ""concern"": 0, ""opposition"": 0, ""commitment"": 1}","[""capacity building"", ""norms/rules/standards""]",explicit
E00514,verbatim_en_2026_SGP:4,2026_SGP,2026,SGP,Asia-Pacific States,data/analysis_ready_en/2026/2026_SGP.json,f74f30e752ebd35401299d92a009210f994ede32d1c41742a2e9c13dfb1d2ace,data/unga_general_debate_verbatim_en/automatic_transcripts_unofficial/UNGA2026_day5_EN_ASR.json,"{""char_end"": 8597, ""char_start"": 6420, ""end"": 16532.23, ""extracted_block"": 1, ""json_pointer"": ""/transcript/data/31/paragraphs/0"", ""origin_file"": ""data/unga_general_debate_verbatim_en/automatic_transcripts_unofficial/UNGA2026_day5_EN_ASR.json"", ""origin_sha256"": ""d398da93960901552fb297f7a7361480c845b32c955d8b6e5e1d9e367d7e1eaa"", ""paragraph"": 1, ""start"": 15190.02, ""statement_start"": 15190.02}",we must collectively formulate new rules and be prepared to create new institutions if necessary for new technologies.,uncertain,False,,Conditional support for creating new institutions for AI.,New body/verification regime,inferred description,"{""mention"": 1, ""welcome"": 0, ""support"": 1, ""request"": 0, ""concern"": 0, ""opposition"": 0, ""commitment"": 0}","[""norms/rules/standards""]",generic
E00516,verbatim_en_2026_SGP:6,2026_SGP,2026,SGP,Asia-Pacific States,data/analysis_ready_en/2026/2026_SGP.json,f74f30e752ebd35401299d92a009210f994ede32d1c41742a2e9c13dfb1d2ace,data/unga_general_debate_verbatim_en/automatic_transcripts_unofficial/UNGA2026_day5_EN_ASR.json,"{""char_end"": 12773, ""char_start"": 10634, ""end"": 16532.23, ""extracted_block"": 1, ""json_pointer"": ""/transcript/data/31/paragraphs/0"", ""origin_file"": ""data/unga_general_debate_verbatim_en/automatic_transcripts_unofficial/UNGA2026_day5_EN_ASR.json"", ""origin_sha256"": ""d398da93960901552fb297f7a7361480c845b32c955d8b6e5e1d9e367d7e1eaa"", ""paragraph"": 1, ""start"": 15190.02, ""statement_start"": 15190.02}",The global dialogue on AI governance can help to translate that common understanding into common objectives.,reviewed,False,,Supports the Global Dialogue as translating understanding into objectives.,Dialogue,explicit name,"{""mention"": 1, ""welcome"": 0, ""support"": 1, ""request"": 0, ""concern"": 0, ""opposition"": 0, ""commitment"": 0}","[""dialogue/convening""]",explicit
E00516,verbatim_en_2026_SGP:6,2026_SGP,2026,SGP,Asia-Pacific States,data/analysis_ready_en/2026/2026_SGP.json,f74f30e752ebd35401299d92a009210f994ede32d1c41742a2e9c13dfb1d2ace,data/unga_general_debate_verbatim_en/automatic_transcripts_unofficial/UNGA2026_day5_EN_ASR.json,"{""char_end"": 12773, ""char_start"": 10634, ""end"": 16532.23, ""extracted_block"": 1, ""json_pointer"": ""/transcript/data/31/paragraphs/0"", ""origin_file"": ""data/unga_general_debate_verbatim_en/automatic_transcripts_unofficial/UNGA2026_day5_EN_ASR.json"", ""origin_sha256"": ""d398da93960901552fb297f7a7361480c845b32c955d8b6e5e1d9e367d7e1eaa"", ""paragraph"": 1, ""start"": 15190.02, ""statement_start"": 15190.02}","We may also need an international institution that can perform for AI. Some of the functions that currently exist for institutions that perform this function of setting common technical standards, and the examples are the International Telecommunications Union, which provides all the International Atomic Energy Agency, which provides verification.",uncertain,False,,Suggests an international AI institution with standard-setting and IAEA-style verification functions.,IAEA-like,inferred description,"{""mention"": 1, ""welcome"": 0, ""support"": 0, ""request"": 1, ""concern"": 0, ""opposition"": 0, ""commitment"": 0}","[""monitoring/oversight/verification"", ""norms/rules/standards""]",generic
E00516,verbatim_en_2026_SGP:6,2026_SGP,2026,SGP,Asia-Pacific States,data/analysis_ready_en/2026/2026_SGP.json,f74f30e752ebd35401299d92a009210f994ede32d1c41742a2e9c13dfb1d2ace,data/unga_general_debate_verbatim_en/automatic_transcripts_unofficial/UNGA2026_day5_EN_ASR.json,"{""char_end"": 12773, ""char_start"": 10634, ""end"": 16532.23, ""extracted_block"": 1, ""json_pointer"": ""/transcript/data/31/paragraphs/0"", ""origin_file"": ""data/unga_general_debate_verbatim_en/automatic_transcripts_unofficial/UNGA2026_day5_EN_ASR.json"", ""origin_sha256"": ""d398da93960901552fb297f7a7361480c845b32c955d8b6e5e1d9e367d7e1eaa"", ""paragraph"": 1, ""start"": 15190.02, ""statement_start"": 15190.02}","We must explore all options, including the idea of a UN framework convention on AI safeguards.",reviewed,False,Singapore commits to contribute and joined the Finland/Norway-led call for greater safety and security of frontier AI models.,"Covers the ITU AI for Good Global Commission (cited positively), the proposed UN framework convention on AI safeguards (option to explore) and the frontier AI call Singapore joined.",Other model,explicit name,"{""mention"": 1, ""welcome"": 0, ""support"": 1, ""request"": 1, ""concern"": 0, ""opposition"": 0, ""commitment"": 1}","[""dialogue/convening"", ""norms/rules/standards""]",explicit
E00516,verbatim_en_2026_SGP:6,2026_SGP,2026,SGP,Asia-Pacific States,data/analysis_ready_en/2026/2026_SGP.json,f74f30e752ebd35401299d92a009210f994ede32d1c41742a2e9c13dfb1d2ace,data/unga_general_debate_verbatim_en/automatic_transcripts_unofficial/UNGA2026_day5_EN_ASR.json,"{""char_end"": 12773, ""char_start"": 10634, ""end"": 16532.23, ""extracted_block"": 1, ""json_pointer"": ""/transcript/data/31/paragraphs/0"", ""origin_file"": ""data/unga_general_debate_verbatim_en/automatic_transcripts_unofficial/UNGA2026_day5_EN_ASR.json"", ""origin_sha256"": ""d398da93960901552fb297f7a7361480c845b32c955d8b6e5e1d9e367d7e1eaa"", ""paragraph"": 1, ""start"": 15190.02, ""statement_start"": 15190.02}","the UN's independent international scientific panel on AI, already helps to establish a common understanding based on evidence.",reviewed,False,,Positively cites the Panel as establishing evidence-based common understanding.,Panel,explicit name,"{""mention"": 1, ""welcome"": 0, ""support"": 1, ""request"": 0, ""concern"": 0, ""opposition"": 0, ""commitment"": 0}","[""scientific assessment""]",explicit
E00518,verbatim_en_2026_SLB:4,2026_SLB,2026,SLB,Asia-Pacific States,data/analysis_ready_en/2026/2026_SLB.json,9aeaa8309c69350b7b94cdd18cae5c30dbc0120955b44080a95ed7ead3639b33,data/unga_general_debate_verbatim_en/automatic_transcripts_unofficial/UNGA2026_day4_EN_ASR.json,"{""char_end"": 4322, ""char_start"": 2072, ""end"": 15833.23, ""extracted_block"": 2, ""json_pointer"": ""/transcript/data/21/paragraphs/1"", ""origin_file"": ""data/unga_general_debate_verbatim_en/automatic_transcripts_unofficial/UNGA2026_day4_EN_ASR.json"", ""origin_sha256"": ""1c43e6b9024f9c46d1e134590e19b4bfa3567b0a9cac7c5f0a29794d0b9dd1a6"", ""paragraph"": 2, ""start"": 14400.43, ""statement_start"": 14165.99}",Solomon Islands therefore recognizes the need for an inclusive and transparent international governance framework on AI.,uncertain,False,,Supports an international AI governance framework.,New body/verification regime,inferred description,"{""mention"": 0, ""welcome"": 0, ""support"": 0, ""request"": 0, ""concern"": 0, ""opposition"": 0, ""commitment"": 0}","[""norms/rules/standards""]",generic
E00518,verbatim_en_2026_SLB:4,2026_SLB,2026,SLB,Asia-Pacific States,data/analysis_ready_en/2026/2026_SLB.json,9aeaa8309c69350b7b94cdd18cae5c30dbc0120955b44080a95ed7ead3639b33,data/unga_general_debate_verbatim_en/automatic_transcripts_unofficial/UNGA2026_day4_EN_ASR.json,"{""char_end"": 4322, ""char_start"": 2072, ""end"": 15833.23, ""extracted_block"": 2, ""json_pointer"": ""/transcript/data/21/paragraphs/1"", ""origin_file"": ""data/unga_general_debate_verbatim_en/automatic_transcripts_unofficial/UNGA2026_day4_EN_ASR.json"", ""origin_sha256"": ""1c43e6b9024f9c46d1e134590e19b4bfa3567b0a9cac7c5f0a29794d0b9dd1a6"", ""paragraph"": 2, ""start"": 14400.43, ""statement_start"": 14165.99}",Solomon Islands therefore recognizes the need for an inclusive and transparent international governance framework on AI.,uncertain,False,,Calls for international AI governance framework.,Other model,inferred description,"{""mention"": 1, ""welcome"": 0, ""support"": 0, ""request"": 1, ""concern"": 0, ""opposition"": 0, ""commitment"": 0}","[""norms/rules/standards""]",generic
E00520,verbatim_en_2026_SLV:6,2026_SLV,2026,SLV,Latin American and Caribbean States,data/analysis_ready_en/2026/2026_SLV.json,ed6bb08c1d7054b4bf7369d6f748b1badfbe14e433a1d39ed5636922b35578e9,data/unga_general_debate_verbatim_en/automatic_transcripts_unofficial/UNGA2026_day6_EN_ASR.json,"{""char_end"": 4202, ""char_start"": 1934, ""end"": 7785.95, ""extracted_block"": 2, ""json_pointer"": ""/transcript/data/9/paragraphs/1"", ""origin_file"": ""data/unga_general_debate_verbatim_en/automatic_transcripts_unofficial/UNGA2026_day6_EN_ASR.json"", ""origin_sha256"": ""00ded7b1b2b5d8831cda241976809e06923b67ea74125c9bcb3a31cb258c3d7c"", ""paragraph"": 2, ""start"": 7200.19, ""statement_start"": 6628.73}","Heading up alongside Estonia, the Global Dialogue on Artificial Intelligence Governance, El Salvador reaffirmed that this technology must expand capacities and create opportunities",reviewed,False,El Salvador co-leads the Global Dialogue on AI Governance with Estonia.,Co-chair role in the Global Dialogue.,Dialogue,explicit name,"{""mention"": 1, ""welcome"": 0, ""support"": 1, ""request"": 0, ""concern"": 0, ""opposition"": 0, ""commitment"": 1}","[""dialogue/convening""]",explicit
E00524,verbatim_en_2026_SRB:9,2026_SRB,2026,SRB,Eastern European States,data/analysis_ready_en/2026/2026_SRB.json,51d5e442af2d173c4675686f9c175e0e9dd9991effdf52d922134a30f1ffb5b8,data/unga_general_debate_verbatim_en/automatic_transcripts_unofficial/UNGA2026_day2_EN_ASR.json,"{""char_end"": 18184, ""char_start"": 16005, ""end"": 31222.27, ""extracted_block"": 1, ""json_pointer"": ""/transcript/data/50/paragraphs/0"", ""origin_file"": ""data/unga_general_debate_verbatim_en/automatic_transcripts_unofficial/UNGA2026_day2_EN_ASR.json"", ""origin_sha256"": ""1d48a568967de80ba6f0e040bcda57d9df79e12a3e50907b327f1fa68aa29a92"", ""paragraph"": 1, ""start"": 30030.92, ""statement_start"": 30030.92}","During our leadership cycle in the Global Partnership of Artificial Intelligence, which Serbia chaired in 2025",reviewed,False,,"GPAI and Belgrade Ministerial Declaration; past chairmanship, no new undertaking.",Other model,explicit name,"{""mention"": 1, ""welcome"": 0, ""support"": 1, ""request"": 0, ""concern"": 0, ""opposition"": 0, ""commitment"": 0}","[""norms/rules/standards""]",generic
E00528,verbatim_en_2026_SVK:2,2026_SVK,2026,SVK,Eastern European States,data/analysis_ready_en/2026/2026_SVK.json,f8001c2962dba61742b35fa70ba730f6f9ffbfa870f8701ccc6dc9da5dd879a9,data/unga_general_debate_verbatim_en/automatic_transcripts_unofficial/UNGA2026_day2_EN_ASR.json,"{""char_end"": 4195, ""char_start"": 2081, ""end"": 27990.23, ""extracted_block"": 1, ""json_pointer"": ""/transcript/data/46/paragraphs/0"", ""origin_file"": ""data/unga_general_debate_verbatim_en/automatic_transcripts_unofficial/UNGA2026_day2_EN_ASR.json"", ""origin_sha256"": ""1d48a568967de80ba6f0e040bcda57d9df79e12a3e50907b327f1fa68aa29a92"", ""paragraph"": 1, ""start"": 27260.85, ""statement_start"": 27260.85}",We also need strong international frameworks for these new technologies. The United Nations can and should play a leading role in this effort.,uncertain,False,,"Requests UN-led international frameworks for AI weapons, modelled on WMD rules.",Other model,inferred description,"{""mention"": 1, ""welcome"": 0, ""support"": 1, ""request"": 1, ""concern"": 0, ""opposition"": 0, ""commitment"": 0}","[""norms/rules/standards""]",explicit
E00535,verbatim_en_2026_TJK:4,2026_TJK,2026,TJK,Asia-Pacific States,data/analysis_ready_en/2026/2026_TJK.json,8e3cf52d7ec6d41185638045548b01d8d5e9b34eb7ea6eebae4c3fe5bd9e373c,data/unga_general_debate_verbatim_en/automatic_transcripts_unofficial/UNGA2026_day5_EN_ASR.json,"{""char_end"": 9074, ""char_start"": 6715, ""end"": 20895.31, ""extracted_block"": 1, ""json_pointer"": ""/transcript/data/41/paragraphs/0"", ""origin_file"": ""data/unga_general_debate_verbatim_en/automatic_transcripts_unofficial/UNGA2026_day5_EN_ASR.json"", ""origin_sha256"": ""d398da93960901552fb297f7a7361480c845b32c955d8b6e5e1d9e367d7e1eaa"", ""paragraph"": 1, ""start"": 19849.21, ""statement_start"": 19849.21}","On August 31st, the General Assembly proclaimed the International Day of Safe, Secure and Trustworthy Artificial Intelligence, also at the initiative of Tajikistan.",uncertain,False,,GA resolutions on AI initiated by Tajikistan.,Other model,explicit name,"{""mention"": 1, ""welcome"": 0, ""support"": 1, ""request"": 0, ""concern"": 0, ""opposition"": 0, ""commitment"": 0}","[""norms/rules/standards""]",explicit
E00537,verbatim_en_2026_TKM:3,2026_TKM,2026,TKM,Asia-Pacific States,data/analysis_ready_en/2026/2026_TKM.json,59e58f1e76ad15df3f646fd42244742cc33850a402b44be07b9ab305ff4cdd77,data/unga_general_debate_verbatim_en/automatic_transcripts_unofficial/UNGA2026_day6_EN_ASR.json,"{""char_end"": 6948, ""char_start"": 4698, ""end"": 16563.15, ""extracted_block"": 1, ""json_pointer"": ""/transcript/data/25/paragraphs/0"", ""origin_file"": ""data/unga_general_debate_verbatim_en/automatic_transcripts_unofficial/UNGA2026_day6_EN_ASR.json"", ""origin_sha256"": ""00ded7b1b2b5d8831cda241976809e06923b67ea74125c9bcb3a31cb258c3d7c"", ""paragraph"": 1, ""start"": 15812.34, ""statement_start"": 15812.34}","To support this work, we propose convening in Ashgabat an international expert dialogue on digital trust and the responsible use of AI.",reviewed,False,Turkmenistan offers to convene an international expert dialogue on digital trust and responsible AI in Ashgabat.,Proposes and offers to host an expert dialogue on AI.,Dialogue,inferred description,"{""mention"": 1, ""welcome"": 0, ""support"": 1, ""request"": 1, ""concern"": 0, ""opposition"": 0, ""commitment"": 1}","[""dialogue/convening""]",generic
E00537,verbatim_en_2026_TKM:3,2026_TKM,2026,TKM,Asia-Pacific States,data/analysis_ready_en/2026/2026_TKM.json,59e58f1e76ad15df3f646fd42244742cc33850a402b44be07b9ab305ff4cdd77,data/unga_general_debate_verbatim_en/automatic_transcripts_unofficial/UNGA2026_day6_EN_ASR.json,"{""char_end"": 6948, ""char_start"": 4698, ""end"": 16563.15, ""extracted_block"": 1, ""json_pointer"": ""/transcript/data/25/paragraphs/0"", ""origin_file"": ""data/unga_general_debate_verbatim_en/automatic_transcripts_unofficial/UNGA2026_day6_EN_ASR.json"", ""origin_sha256"": ""00ded7b1b2b5d8831cda241976809e06923b67ea74125c9bcb3a31cb258c3d7c"", ""paragraph"": 1, ""start"": 15812.34, ""statement_start"": 15812.34}",Turkmenistan proposes the development under the auspices of the United Nations of an international code for the peaceful use of AI in international relations and diplomacy.,reviewed,False,,Proposes a UN code for peaceful AI use in diplomacy.,Other model,explicit name,"{""mention"": 1, ""welcome"": 0, ""support"": 1, ""request"": 1, ""concern"": 0, ""opposition"": 0, ""commitment"": 0}","[""norms/rules/standards""]",explicit
E00540,verbatim_en_2026_TTO:3,2026_TTO,2026,TTO,Latin American and Caribbean States,data/analysis_ready_en/2026/2026_TTO.json,615f3e15f1d732d40dd25810fb7e0dfe55956248e78d70c6951143cdba3f7de5,data/unga_general_debate_verbatim_en/automatic_transcripts_unofficial/UNGA2026_day1_EN_ASR.json,"{""char_end"": 6791, ""char_start"": 4370, ""end"": 38046.83, ""extracted_block"": 1, ""json_pointer"": ""/transcript/data/58/paragraphs/0"", ""origin_file"": ""data/unga_general_debate_verbatim_en/automatic_transcripts_unofficial/UNGA2026_day1_EN_ASR.json"", ""origin_sha256"": ""c2ea4447e91a784516298f9c67597d8555c865e03b57840edc1644a8b924df75"", ""paragraph"": 1, ""start"": 37223.04, ""statement_start"": 37223.04}","On the priority area of superintelligence and global security, Shrinanta Bager will encourage a greater consideration of the implications of SI and emerging technologies for international peace and security",uncertain,False,"Trinidad and Tobago, as incoming Security Council member, will push Council consideration of superintelligence and security.",Security Council agenda on AI/SI.,Other model,inferred description,"{""mention"": 0, ""welcome"": 0, ""support"": 0, ""request"": 0, ""concern"": 0, ""opposition"": 0, ""commitment"": 0}","[""dialogue/convening""]",explicit
E00544,verbatim_en_2026_TUR:11,2026_TUR,2026,TUR,Western European and other States,data/analysis_ready_en/2026/2026_TUR.json,94b54a51673fababf277ed9e7059fca0c92fca7b550efb073c3570d2a1cdcd1e,data/unga_general_debate_verbatim_en/automatic_transcripts_unofficial/UNGA2026_day1_EN_ASR.json,"{""char_end"": 16453, ""char_start"": 14574, ""end"": 12428.79, ""extracted_block"": 2, ""json_pointer"": ""/transcript/data/14/paragraphs/1"", ""origin_file"": ""data/unga_general_debate_verbatim_en/automatic_transcripts_unofficial/UNGA2026_day1_EN_ASR.json"", ""origin_sha256"": ""c2ea4447e91a784516298f9c67597d8555c865e03b57840edc1644a8b924df75"", ""paragraph"": 2, ""start"": 10800.27, ""statement_start"": 10370.28}",It is crucial to accelerate the work which is already being carried out to draft and bring into force the UN International Convention on Artificial Intelligence.,reviewed,False,,Requests acceleration of a UN convention on AI.,Other model,explicit name,"{""mention"": 1, ""welcome"": 0, ""support"": 1, ""request"": 1, ""concern"": 0, ""opposition"": 0, ""commitment"": 0}","[""norms/rules/standards""]",explicit
E00549,verbatim_en_2026_USA:16,2026_USA,2026,USA,Not a formal member of any regional group,data/analysis_ready_en/2026/2026_USA.json,276c6755587412f2238030398b6abb8dc2ca649b0f61e1dcf0871e466b1f4c32,data/unga_general_debate_verbatim_en/automatic_transcripts_unofficial/UNGA2026_day1_EN_ASR.json,"{""char_end"": 16208, ""char_start"": 14213, ""end"": 8626.39, ""extracted_block"": 4, ""json_pointer"": ""/transcript/data/8/paragraphs/3"", ""origin_file"": ""data/unga_general_debate_verbatim_en/automatic_transcripts_unofficial/UNGA2026_day1_EN_ASR.json"", ""origin_sha256"": ""c2ea4447e91a784516298f9c67597d8555c865e03b57840edc1644a8b924df75"", ""paragraph"": 4, ""start"": 7280.55, ""statement_start"": 6375.07}",The United States also totally rejects any attempt to construct a globalist scheme to control for the artificial intelligence,uncertain,False,,Opposes any international AI control scheme.,Other model,inferred description,"{""mention"": 1, ""welcome"": 0, ""support"": 0, ""request"": 0, ""concern"": 0, ""opposition"": 1, ""commitment"": 0}",[],generic
E00551,verbatim_en_2026_UZB:3,2026_UZB,2026,UZB,Asia-Pacific States,data/analysis_ready_en/2026/2026_UZB.json,951c9dd8388a6905001c961519915fac52d50226beb18d870f6ed1ff69a344ae,data/unga_general_debate_verbatim_en/automatic_transcripts_unofficial/UNGA2026_day2_EN_ASR.json,"{""char_end"": 6567, ""char_start"": 4343, ""end"": 45619.87, ""extracted_block"": 1, ""json_pointer"": ""/transcript/data/76/paragraphs/0"", ""origin_file"": ""data/unga_general_debate_verbatim_en/automatic_transcripts_unofficial/UNGA2026_day2_EN_ASR.json"", ""origin_sha256"": ""1d48a568967de80ba6f0e040bcda57d9df79e12a3e50907b327f1fa68aa29a92"", ""paragraph"": 1, ""start"": 44954.91, ""statement_start"": 44954.91}",Uzbekistan advocates strengthening international dialogue in this regard.,uncertain,False,,Supports strengthened international dialogue on AI.,Dialogue,inferred description,"{""mention"": 1, ""welcome"": 0, ""support"": 1, ""request"": 0, ""concern"": 0, ""opposition"": 0, ""commitment"": 0}","[""dialogue/convening""]",generic
