evidence_id,passage_id,speech_id,year,iso3,region,source_file,source_sha256,origin_file,locator,quote,review_status,human_reviewed,normalized_term,original_term,language
E00002,verbatim_en_2017_SGP:11,2017_SGP,2017,SGP,Asia-Pacific States,data/analysis_ready_en/2017/2017_SGP.json,8a2807be0d4f84d9c13136335e6974201bc8cdc659c969d893ff1efc1e33ee7c,data/unga_general_debate_verbatim_en/UNGA72_2017/A_72_PV_20_EN.pdf,"{""bbox"": [312.0, 83.98, 554.59, 134.67], ""char_end"": 206, ""char_start"": 0, ""extracted_block"": 11, ""origin_file"": ""data/unga_general_debate_verbatim_en/UNGA72_2017/A_72_PV_20_EN.pdf"", ""origin_sha256"": ""2cff8bf4a2563e7a15d394b3bb54fdf5fa5a6fe6395174d2bed3d82e19129418"", ""paragraph"": 11, ""pdf_block"": 7, ""pdf_page"": 11}",the economic disruption caused by the emergence of digital technologies,uncertain,False,economic disruption,economic disruption,en
E00005,verbatim_en_2018_BEL:17,2018_BEL,2018,BEL,Western European and other States,data/analysis_ready_en/2018/2018_BEL.json,b902ffa574b84fbf30344b4e41b35beb06b1abeb536b6d3782bf5bc1f94c366f,data/unga_general_debate_verbatim_en/UNGA73_2018/A_73_PV_10_EN.pdf,"{""bbox"": [312.0, 493.99, 554.6, 617.39], ""char_end"": 505, ""char_start"": 0, ""extracted_block"": 17, ""origin_file"": ""data/unga_general_debate_verbatim_en/UNGA73_2018/A_73_PV_10_EN.pdf"", ""origin_sha256"": ""573d6331164f38883635794ace15161471808e8d83ebd44bb886fc375387f640"", ""paragraph"": 17, ""pdf_block"": 10, ""pdf_page"": 34}",the artificial-intelligence revolution bring with them fears and uncertainties,reviewed,False,ai revolution,artificial-intelligence revolution,en
E00006,verbatim_en_2018_FRA:22,2018_FRA,2018,FRA,Western European and other States,data/analysis_ready_en/2018/2018_FRA.json,2c1c6cea498d909f27e3c2c903d76040cbdb1ce11bdc633ee82800fb7f487fe3,data/unga_general_debate_verbatim_en/UNGA73_2018/A_73_PV_6_EN.pdf,"{""bbox"": [312.0, 192.96, 554.58, 254.6], ""char_end"": 264, ""char_start"": 0, ""extracted_block"": 22, ""origin_file"": ""data/unga_general_debate_verbatim_en/UNGA73_2018/A_73_PV_6_EN.pdf"", ""origin_sha256"": ""0d19bc185bd925da8c7cc705f186579a808d400512d58b233fdeb4c137de6174"", ""paragraph"": 22, ""pdf_block"": 8, ""pdf_page"": 29}",to build modern rules that will allow us to reconcile the development of artificial intelligence,uncertain,False,modern rules,modern rules,en
E00009,verbatim_en_2018_MEX:5,2018_MEX,2018,MEX,Latin American and Caribbean States,data/analysis_ready_en/2018/2018_MEX.json,d23451214352e75290290128aab852e8e4acdbc72d8f4a213fde1f7534a60449,data/unga_general_debate_verbatim_en/UNGA73_2018/A_73_PV_6_EN.pdf,"{""bbox"": [312.0, 83.98, 554.6, 121.36], ""char_end"": 150, ""char_start"": 0, ""extracted_block"": 5, ""origin_file"": ""data/unga_general_debate_verbatim_en/UNGA73_2018/A_73_PV_6_EN.pdf"", ""origin_sha256"": ""0d19bc185bd925da8c7cc705f186579a808d400512d58b233fdeb4c137de6174"", ""paragraph"": 5, ""pdf_block"": 6, ""pdf_page"": 25}","the impact of rapid technological change, especially artificial intelligence",reviewed,False,rapid technological change,rapid technological change,en
E00011,verbatim_en_2018_NAM:15,2018_NAM,2018,NAM,African States,data/analysis_ready_en/2018/2018_NAM.json,b29632e7080e852cadbc10b9ce7ff96820f7854a079b896fe90291610ed51481,data/unga_general_debate_verbatim_en/UNGA73_2018/A_73_PV_8_EN.pdf,"{""bbox"": [60.0, 83.98, 302.6, 293.22], ""char_end"": 869, ""char_start"": 0, ""extracted_block"": 15, ""origin_file"": ""data/unga_general_debate_verbatim_en/UNGA73_2018/A_73_PV_8_EN.pdf"", ""origin_sha256"": ""9e8483269365a2505d8f4b2bd8163408c17696bbe5ca6f0553f43c94d9216ce6"", ""paragraph"": 15, ""pdf_block"": 2, ""pdf_page"": 6}","wherein the fourth Industrial Revolution will represent opportunities, not threats.",reviewed,False,fourth industrial revolution,fourth Industrial Revolution,en
E00012,verbatim_en_2018_PAK:40,2018_PAK,2018,PAK,Asia-Pacific States,data/analysis_ready_en/2018/2018_PAK.json,d8f2d211856e39543d394480768c143e75527f3ad22379122d3fd74b01c057cf,data/unga_general_debate_verbatim_en/UNGA73_2018/A_73_PV_14_EN.pdf,"{""bbox"": [312.0, 353.1, 554.61, 464.29], ""char_end"": 434, ""char_start"": 0, ""extracted_block"": 40, ""origin_file"": ""data/unga_general_debate_verbatim_en/UNGA73_2018/A_73_PV_14_EN.pdf"", ""origin_sha256"": ""5bd11ab11a1c9b32d739acefaecd5bb42199a4942edb13232f94412d9537a08d"", ""paragraph"": 40, ""pdf_block"": 12, ""pdf_page"": 46}","lethal autonomous weapons systems, artificial intelligence and the weaponization of outer space.",reviewed,False,lethal autonomous weapons systems,lethal autonomous weapons systems,en
E00012,verbatim_en_2018_PAK:40,2018_PAK,2018,PAK,Asia-Pacific States,data/analysis_ready_en/2018/2018_PAK.json,d8f2d211856e39543d394480768c143e75527f3ad22379122d3fd74b01c057cf,data/unga_general_debate_verbatim_en/UNGA73_2018/A_73_PV_14_EN.pdf,"{""bbox"": [312.0, 353.1, 554.61, 464.29], ""char_end"": 434, ""char_start"": 0, ""extracted_block"": 40, ""origin_file"": ""data/unga_general_debate_verbatim_en/UNGA73_2018/A_73_PV_14_EN.pdf"", ""origin_sha256"": ""5bd11ab11a1c9b32d739acefaecd5bb42199a4942edb13232f94412d9537a08d"", ""paragraph"": 40, ""pdf_block"": 12, ""pdf_page"": 46}",It is essential to develop universally agreed legal frameworks,reviewed,False,universally agreed legal frameworks,universally agreed legal frameworks,en
E00013,verbatim_en_2018_SGP:3,2018_SGP,2018,SGP,Asia-Pacific States,data/analysis_ready_en/2018/2018_SGP.json,21a5d20a93a8cb3cb3ea6b811249b03db8d6795851dc6cca409816c01ca5fb20,data/unga_general_debate_verbatim_en/UNGA73_2018/A_73_PV_14_EN.pdf,"{""bbox"": [312.0, 495.91, 554.6, 666.64], ""char_end"": 710, ""char_start"": 0, ""extracted_block"": 3, ""origin_file"": ""data/unga_general_debate_verbatim_en/UNGA73_2018/A_73_PV_14_EN.pdf"", ""origin_sha256"": ""5bd11ab11a1c9b32d739acefaecd5bb42199a4942edb13232f94412d9537a08d"", ""paragraph"": 3, ""pdf_block"": 10, ""pdf_page"": 23}",Frontier issues such as artificial intelligence and cybercrime,reviewed,False,frontier issues,Frontier issues,en
E00015,verbatim_en_2018_SUR:20,2018_SUR,2018,SUR,Latin American and Caribbean States,data/analysis_ready_en/2018/2018_SUR.json,b39e42faa2646cf8262134bc96ba8db07d3d5bf057245423571d839ba3fece42,data/unga_general_debate_verbatim_en/UNGA73_2018/A_73_PV_14_EN.pdf,"{""bbox"": [312.0, 571.2, 554.58, 696.89], ""char_end"": 520, ""char_start"": 0, ""extracted_block"": 20, ""origin_file"": ""data/unga_general_debate_verbatim_en/UNGA73_2018/A_73_PV_14_EN.pdf"", ""origin_sha256"": ""5bd11ab11a1c9b32d739acefaecd5bb42199a4942edb13232f94412d9537a08d"", ""paragraph"": 20, ""pdf_block"": 8, ""pdf_page"": 22}",research in the area of artificial intelligence for warfare purposes.,reviewed,False,ai for warfare,artificial intelligence for warfare purposes,en
E00017,verbatim_en_2019_BEL:12,2019_BEL,2019,BEL,Western European and other States,data/analysis_ready_en/2019/2019_BEL.json,d1c19c1caad79fce752cea68c5049bb3630e72a74e4aa699e3781f227c27a4d8,data/unga_general_debate_verbatim_en/UNGA74_2019/A_74_PV_7_EN.pdf,"{""bbox"": [60.0, 365.49, 302.6, 513.39], ""char_end"": 588, ""char_start"": 0, ""extracted_block"": 12, ""origin_file"": ""data/unga_general_debate_verbatim_en/UNGA74_2019/A_74_PV_7_EN.pdf"", ""origin_sha256"": ""e56d48c1911ccb323ca0b5a8a561c4f07466365fb68b554e99ed607af386787a"", ""paragraph"": 12, ""pdf_block"": 4, ""pdf_page"": 44}","artificial intelligence and the data economy must, however, be better regulated",reviewed,False,data economy,data economy,en
E00018,verbatim_en_2019_CZE:6,2019_CZE,2019,CZE,Eastern European States,data/analysis_ready_en/2019/2019_CZE.json,dd49654ac29178abafbbdea16f501cb51e348bc950992aa1de177829e87a0680,data/unga_general_debate_verbatim_en/UNGA74_2019/A_74_PV_6_EN.pdf,"{""bbox"": [60.0, 236.93, 302.61, 421.5], ""char_end"": 795, ""char_start"": 0, ""extracted_block"": 6, ""origin_file"": ""data/unga_general_debate_verbatim_en/UNGA74_2019/A_74_PV_6_EN.pdf"", ""origin_sha256"": ""654a774c7b29be8c3551740aa05caffcfec07b7756fe98938c34aef24dbd16e0"", ""paragraph"": 6, ""pdf_block"": 3, ""pdf_page"": 47}",we approved an innovation strategy under the motto “Czech Republic: the country for the future”.,uncertain,False,innovation strategy,innovation strategy,en
E00019,verbatim_en_2019_ESP:44,2019_ESP,2019,ESP,Western European and other States,data/analysis_ready_en/2019/2019_ESP.json,be79a09e1019a8615e079ca1385b16cce49e44790b572049a5023ad79b72c09f,data/unga_general_debate_verbatim_en/UNGA74_2019/A_74_PV_4_EN.pdf,"{""bbox"": [60.0, 316.59, 302.59, 391.01], ""char_end"": 304, ""char_start"": 0, ""extracted_block"": 44, ""origin_file"": ""data/unga_general_debate_verbatim_en/UNGA74_2019/A_74_PV_4_EN.pdf"", ""origin_sha256"": ""032003364b25c638af68243901e6a99597c6c21353ee334e999b2d1c592cba12"", ""paragraph"": 44, ""pdf_block"": 4, ""pdf_page"": 44}",Inequality includes technological inequality.,reviewed,False,technological inequality,technological inequality,en
E00021,verbatim_en_2019_GBR:4,2019_GBR,2019,GBR,Western European and other States,data/analysis_ready_en/2019/2019_GBR.json,62673e4de09b33626dbb11d66510577ee33a620c6410ac7a3091378c8cc55f32,data/unga_general_debate_verbatim_en/UNGA74_2019/A_74_PV_4_EN.pdf,"{""bbox"": [60.0, 83.98, 302.62, 293.13], ""char_end"": 919, ""char_start"": 0, ""extracted_block"": 4, ""origin_file"": ""data/unga_general_debate_verbatim_en/UNGA74_2019/A_74_PV_4_EN.pdf"", ""origin_sha256"": ""032003364b25c638af68243901e6a99597c6c21353ee334e999b2d1c592cba12"", ""paragraph"": 4, ""pdf_block"": 2, ""pdf_page"": 53}",But this technology could also be used to keep every citizen under round-the-clock surveillance.,reviewed,False,surveillance,surveillance,en
E00022,verbatim_en_2019_GBR:6,2019_GBR,2019,GBR,Western European and other States,data/analysis_ready_en/2019/2019_GBR.json,62673e4de09b33626dbb11d66510577ee33a620c6410ac7a3091378c8cc55f32,data/unga_general_debate_verbatim_en/UNGA74_2019/A_74_PV_4_EN.pdf,"{""bbox"": [60.0, 402.24, 302.61, 537.89], ""char_end"": 581, ""char_start"": 0, ""extracted_block"": 6, ""origin_file"": ""data/unga_general_debate_verbatim_en/UNGA74_2019/A_74_PV_4_EN.pdf"", ""origin_sha256"": ""032003364b25c638af68243901e6a99597c6c21353ee334e999b2d1c592cba12"", ""paragraph"": 6, ""pdf_block"": 4, ""pdf_page"": 53}","a cold and heartless future in which computer says yes, or computer says no",uncertain,False,algorithmic decision-making,"computer says yes, or computer says no",en
E00022,verbatim_en_2019_GBR:6,2019_GBR,2019,GBR,Western European and other States,data/analysis_ready_en/2019/2019_GBR.json,62673e4de09b33626dbb11d66510577ee33a620c6410ac7a3091378c8cc55f32,data/unga_general_debate_verbatim_en/UNGA74_2019/A_74_PV_4_EN.pdf,"{""bbox"": [60.0, 402.24, 302.61, 537.89], ""char_end"": 581, ""char_start"": 0, ""extracted_block"": 6, ""origin_file"": ""data/unga_general_debate_verbatim_en/UNGA74_2019/A_74_PV_4_EN.pdf"", ""origin_sha256"": ""032003364b25c638af68243901e6a99597c6c21353ee334e999b2d1c592cba12"", ""paragraph"": 6, ""pdf_block"": 4, ""pdf_page"": 53}",Can these algorithms be trusted with our lives and hopes?,reviewed,False,algorithms,algorithms,en
E00023,verbatim_en_2019_GBR:7,2019_GBR,2019,GBR,Western European and other States,data/analysis_ready_en/2019/2019_GBR.json,62673e4de09b33626dbb11d66510577ee33a620c6410ac7a3091378c8cc55f32,data/unga_general_debate_verbatim_en/UNGA74_2019/A_74_PV_4_EN.pdf,"{""bbox"": [60.0, 543.0, 302.6, 666.39], ""char_end"": 499, ""char_start"": 0, ""extracted_block"": 7, ""origin_file"": ""data/unga_general_debate_verbatim_en/UNGA74_2019/A_74_PV_4_EN.pdf"", ""origin_sha256"": ""032003364b25c638af68243901e6a99597c6c21353ee334e999b2d1c592cba12"", ""paragraph"": 7, ""pdf_block"": 5, ""pdf_page"": 53}",How does one plead with an algorithm?,uncertain,False,algorithm,algorithm,en
E00023,verbatim_en_2019_GBR:7,2019_GBR,2019,GBR,Western European and other States,data/analysis_ready_en/2019/2019_GBR.json,62673e4de09b33626dbb11d66510577ee33a620c6410ac7a3091378c8cc55f32,data/unga_general_debate_verbatim_en/UNGA74_2019/A_74_PV_4_EN.pdf,"{""bbox"": [60.0, 543.0, 302.6, 666.39], ""char_end"": 499, ""char_start"": 0, ""extracted_block"": 7, ""origin_file"": ""data/unga_general_debate_verbatim_en/UNGA74_2019/A_74_PV_4_EN.pdf"", ""origin_sha256"": ""032003364b25c638af68243901e6a99597c6c21353ee334e999b2d1c592cba12"", ""paragraph"": 7, ""pdf_block"": 5, ""pdf_page"": 53}",designed for real-time censorship of every conversation,uncertain,False,automated censorship,real-time censorship,en
E00023,verbatim_en_2019_GBR:7,2019_GBR,2019,GBR,Western European and other States,data/analysis_ready_en/2019/2019_GBR.json,62673e4de09b33626dbb11d66510577ee33a620c6410ac7a3091378c8cc55f32,data/unga_general_debate_verbatim_en/UNGA74_2019/A_74_PV_4_EN.pdf,"{""bbox"": [60.0, 543.0, 302.6, 666.39], ""char_end"": 499, ""char_start"": 0, ""extracted_block"": 7, ""origin_file"": ""data/unga_general_debate_verbatim_en/UNGA74_2019/A_74_PV_4_EN.pdf"", ""origin_sha256"": ""032003364b25c638af68243901e6a99597c6c21353ee334e999b2d1c592cba12"", ""paragraph"": 7, ""pdf_block"": 5, ""pdf_page"": 53}",designed for real-time censorship of every conversation,uncertain,False,real-time censorship,real-time censorship,en
E00025,verbatim_en_2019_IRL:48,2019_IRL,2019,IRL,Western European and other States,data/analysis_ready_en/2019/2019_IRL.json,facb81d1a2d8b2c67a5a046c605bb2b69695c130335034ca5239d45f25d660b3,data/unga_general_debate_verbatim_en/UNGA74_2019/A_74_PV_6_EN.pdf,"{""bbox"": [60.0, 377.35, 302.59, 540.69], ""char_end"": 701, ""char_start"": 0, ""extracted_block"": 48, ""origin_file"": ""data/unga_general_debate_verbatim_en/UNGA74_2019/A_74_PV_6_EN.pdf"", ""origin_sha256"": ""654a774c7b29be8c3551740aa05caffcfec07b7756fe98938c34aef24dbd16e0"", ""paragraph"": 48, ""pdf_block"": 5, ""pdf_page"": 31}",such complex risks as those associated with new weapon technologies,uncertain,False,new weapon technologies,new weapon technologies,en
E00027,verbatim_en_2019_LVA:9,2019_LVA,2019,LVA,Eastern European States,data/analysis_ready_en/2019/2019_LVA.json,0689428ce28bafd7962e6664810dcf82eab7adf9a86abb8c05d4584f9db6a2e7,data/unga_general_debate_verbatim_en/UNGA74_2019/A_74_PV_4_EN.pdf,"{""bbox"": [312.0, 235.43, 554.62, 454.61], ""char_end"": 956, ""char_start"": 0, ""extracted_block"": 9, ""origin_file"": ""data/unga_general_debate_verbatim_en/UNGA74_2019/A_74_PV_4_EN.pdf"", ""origin_sha256"": ""032003364b25c638af68243901e6a99597c6c21353ee334e999b2d1c592cba12"", ""paragraph"": 9, ""pdf_block"": 8, ""pdf_page"": 20}",the use of facial recognition has been increasing,reviewed,False,facial recognition,facial recognition,en
E00027,verbatim_en_2019_LVA:9,2019_LVA,2019,LVA,Eastern European States,data/analysis_ready_en/2019/2019_LVA.json,0689428ce28bafd7962e6664810dcf82eab7adf9a86abb8c05d4584f9db6a2e7,data/unga_general_debate_verbatim_en/UNGA74_2019/A_74_PV_4_EN.pdf,"{""bbox"": [312.0, 235.43, 554.62, 454.61], ""char_end"": 956, ""char_start"": 0, ""extracted_block"": 9, ""origin_file"": ""data/unga_general_debate_verbatim_en/UNGA74_2019/A_74_PV_4_EN.pdf"", ""origin_sha256"": ""032003364b25c638af68243901e6a99597c6c21353ee334e999b2d1c592cba12"", ""paragraph"": 9, ""pdf_block"": 8, ""pdf_page"": 20}",Humans must retain control.,reviewed,False,human control,Humans must retain control,en
E00027,verbatim_en_2019_LVA:9,2019_LVA,2019,LVA,Eastern European States,data/analysis_ready_en/2019/2019_LVA.json,0689428ce28bafd7962e6664810dcf82eab7adf9a86abb8c05d4584f9db6a2e7,data/unga_general_debate_verbatim_en/UNGA74_2019/A_74_PV_4_EN.pdf,"{""bbox"": [312.0, 235.43, 554.62, 454.61], ""char_end"": 956, ""char_start"": 0, ""extracted_block"": 9, ""origin_file"": ""data/unga_general_debate_verbatim_en/UNGA74_2019/A_74_PV_4_EN.pdf"", ""origin_sha256"": ""032003364b25c638af68243901e6a99597c6c21353ee334e999b2d1c592cba12"", ""paragraph"": 9, ""pdf_block"": 8, ""pdf_page"": 20}",we are coming under constant surveillance,uncertain,False,surveillance,constant surveillance,en
E00028,verbatim_en_2019_LVA:10,2019_LVA,2019,LVA,Eastern European States,data/analysis_ready_en/2019/2019_LVA.json,0689428ce28bafd7962e6664810dcf82eab7adf9a86abb8c05d4584f9db6a2e7,data/unga_general_debate_verbatim_en/UNGA74_2019/A_74_PV_4_EN.pdf,"{""bbox"": [312.0, 459.59, 554.6, 618.17], ""char_end"": 671, ""char_start"": 0, ""extracted_block"": 10, ""origin_file"": ""data/unga_general_debate_verbatim_en/UNGA74_2019/A_74_PV_4_EN.pdf"", ""origin_sha256"": ""032003364b25c638af68243901e6a99597c6c21353ee334e999b2d1c592cba12"", ""paragraph"": 10, ""pdf_block"": 9, ""pdf_page"": 20}",the report of the Secretary-General’s Highlevel Panel on Digital Cooperation,reviewed,False,high-level panel on digital cooperation,Highlevel Panel on Digital Cooperation,en
E00028,verbatim_en_2019_LVA:10,2019_LVA,2019,LVA,Eastern European States,data/analysis_ready_en/2019/2019_LVA.json,0689428ce28bafd7962e6664810dcf82eab7adf9a86abb8c05d4584f9db6a2e7,data/unga_general_debate_verbatim_en/UNGA74_2019/A_74_PV_4_EN.pdf,"{""bbox"": [312.0, 459.59, 554.6, 618.17], ""char_end"": 671, ""char_start"": 0, ""extracted_block"": 10, ""origin_file"": ""data/unga_general_debate_verbatim_en/UNGA74_2019/A_74_PV_4_EN.pdf"", ""origin_sha256"": ""032003364b25c638af68243901e6a99597c6c21353ee334e999b2d1c592cba12"", ""paragraph"": 10, ""pdf_block"": 9, ""pdf_page"": 20}",promote the discussion of personal data protection in cyberspace,uncertain,False,personal data protection,personal data protection,en
E00029,verbatim_en_2019_MCO:13,2019_MCO,2019,MCO,Western European and other States,data/analysis_ready_en/2019/2019_MCO.json,dab9ccc1670bcbfb562b0d6d5b0769c92822abeac2445ba0efb5ba12f03ed88c,data/unga_general_debate_verbatim_en/UNGA74_2019/A_74_PV_4_EN.pdf,"{""bbox"": [60.0, 411.11, 302.61, 569.69], ""char_end"": 666, ""char_start"": 0, ""extracted_block"": 13, ""origin_file"": ""data/unga_general_debate_verbatim_en/UNGA74_2019/A_74_PV_4_EN.pdf"", ""origin_sha256"": ""032003364b25c638af68243901e6a99597c6c21353ee334e999b2d1c592cba12"", ""paragraph"": 13, ""pdf_block"": 4, ""pdf_page"": 10}",a movement of creative destruction that is neither linear nor predetermined,uncertain,False,creative destruction,creative destruction,en
E00029,verbatim_en_2019_MCO:13,2019_MCO,2019,MCO,Western European and other States,data/analysis_ready_en/2019/2019_MCO.json,dab9ccc1670bcbfb562b0d6d5b0769c92822abeac2445ba0efb5ba12f03ed88c,data/unga_general_debate_verbatim_en/UNGA74_2019/A_74_PV_4_EN.pdf,"{""bbox"": [60.0, 411.11, 302.61, 569.69], ""char_end"": 666, ""char_start"": 0, ""extracted_block"": 13, ""origin_file"": ""data/unga_general_debate_verbatim_en/UNGA74_2019/A_74_PV_4_EN.pdf"", ""origin_sha256"": ""032003364b25c638af68243901e6a99597c6c21353ee334e999b2d1c592cba12"", ""paragraph"": 13, ""pdf_block"": 4, ""pdf_page"": 10}",The fourth industrial revolution is under way.,reviewed,False,fourth industrial revolution,fourth industrial revolution,en
E00031,verbatim_en_2019_RUS:21,2019_RUS,2019,RUS,Eastern European States,data/analysis_ready_en/2019/2019_RUS.json,2a3e98ac2b5c6b8017bed0169cd381c7816d708522ef850efb7f3bd67cd5951c,data/unga_general_debate_verbatim_en/UNGA74_2019/A_74_PV_9_EN.pdf,"{""bbox"": [312.0, 402.24, 554.59, 537.89], ""char_end"": 575, ""char_start"": 0, ""extracted_block"": 21, ""origin_file"": ""data/unga_general_debate_verbatim_en/UNGA74_2019/A_74_PV_9_EN.pdf"", ""origin_sha256"": ""ec279c92ab4cdadb4c670b04e9e8da42b124f198a03ac10fb05510170746ada6"", ""paragraph"": 21, ""pdf_block"": 8, ""pdf_page"": 51}",It will be important to work to reach legally binding agreements on every aspect of international information security.,reviewed,False,international information security,international information security,en
E00034,verbatim_en_2019_SVN:20,2019_SVN,2019,SVN,Eastern European States,data/analysis_ready_en/2019/2019_SVN.json,7d27e7305a60224998fbb5f3ffa8f8cddaa44a772ceb9698a41d0fd07625720a,data/unga_general_debate_verbatim_en/UNGA74_2019/A_74_PV_9_EN.pdf,"{""bbox"": [60.0, 634.75, 302.6, 696.89], ""char_end"": 251, ""char_start"": 0, ""extracted_block"": 20, ""origin_file"": ""data/unga_general_debate_verbatim_en/UNGA74_2019/A_74_PV_9_EN.pdf"", ""origin_sha256"": ""ec279c92ab4cdadb4c670b04e9e8da42b124f198a03ac10fb05510170746ada6"", ""paragraph"": 20, ""pdf_block"": 6, ""pdf_page"": 15}","We need to be better prepared for the challenge of algocracy,",reviewed,False,algocracy,algocracy,en
E00035,verbatim_en_2019_SVN:21,2019_SVN,2019,SVN,Eastern European States,data/analysis_ready_en/2019/2019_SVN.json,7d27e7305a60224998fbb5f3ffa8f8cddaa44a772ceb9698a41d0fd07625720a,data/unga_general_debate_verbatim_en/UNGA74_2019/A_74_PV_9_EN.pdf,"{""bbox"": [312.0, 83.98, 554.61, 172.44], ""char_end"": 372, ""char_start"": 0, ""extracted_block"": 21, ""origin_file"": ""data/unga_general_debate_verbatim_en/UNGA74_2019/A_74_PV_9_EN.pdf"", ""origin_sha256"": ""ec279c92ab4cdadb4c670b04e9e8da42b124f198a03ac10fb05510170746ada6"", ""paragraph"": 21, ""pdf_block"": 7, ""pdf_page"": 15}",international artificial-intelligence research centre in Slovenia’s capital of Ljubljana.,uncertain,False,international ai research centre,international artificial-intelligence research centre,en
E00035,verbatim_en_2019_SVN:21,2019_SVN,2019,SVN,Eastern European States,data/analysis_ready_en/2019/2019_SVN.json,7d27e7305a60224998fbb5f3ffa8f8cddaa44a772ceb9698a41d0fd07625720a,data/unga_general_debate_verbatim_en/UNGA74_2019/A_74_PV_9_EN.pdf,"{""bbox"": [312.0, 83.98, 554.61, 172.44], ""char_end"": 372, ""char_start"": 0, ""extracted_block"": 21, ""origin_file"": ""data/unga_general_debate_verbatim_en/UNGA74_2019/A_74_PV_9_EN.pdf"", ""origin_sha256"": ""ec279c92ab4cdadb4c670b04e9e8da42b124f198a03ac10fb05510170746ada6"", ""paragraph"": 21, ""pdf_block"": 7, ""pdf_page"": 15}",international artificial-intelligence research centre in Slovenia's capital of Ljubljana.,uncertain,False,international artificial-intelligence research centre,international artificial-intelligence research centre,en
E00037,verbatim_en_2019_URY:32,2019_URY,2019,URY,Latin American and Caribbean States,data/analysis_ready_en/2019/2019_URY.json,db66246a2258e6e2fa7ec68de38d8d1a21eed6e6f85e1505796d4336be5d0b5b,data/unga_general_debate_verbatim_en/UNGA74_2019/A_74_PV_13_EN.pdf,"{""bbox"": [60.0, 308.77, 302.59, 409.52], ""char_end"": 403, ""char_start"": 0, ""extracted_block"": 32, ""origin_file"": ""data/unga_general_debate_verbatim_en/UNGA74_2019/A_74_PV_13_EN.pdf"", ""origin_sha256"": ""4e9d3ca54aabab6ce7d9e0ce67564b0740d6e30dab1ec13c1cc6c6acb5c80276"", ""paragraph"": 32, ""pdf_block"": 4, ""pdf_page"": 11}","Education systems could use artificial intelligence to change their management, teaching and learning.",uncertain,False,ai in education,Education systems could use artificial intelligence,en
E00039,verbatim_en_2020_CZE:14,2020_CZE,2020,CZE,Eastern European States,data/analysis_ready_en/2020/2020_CZE.json,5b5b45ae9c7a8c645f132e7fd538292773512f5d392018eacafd92c635f63868,data/unga_general_debate_verbatim_en/UNGA75_2020/A_75_PV_10_EN.pdf,"{""bbox"": [123.36, 307.74, 493.6, 381.82], ""char_end"": 430, ""char_start"": 0, ""extracted_block"": 14, ""origin_file"": ""data/unga_general_debate_verbatim_en/UNGA75_2020/A_75_PV_10_EN.pdf"", ""origin_sha256"": ""4ebd1482c4303c824ad48eb685efaf89fed2894ca72a07a4546eec9edcae78f0"", ""paragraph"": 14, ""pdf_block"": 5, ""pdf_page"": 39}",a clash between personal freedoms and technological surveillance,reviewed,False,technological surveillance,technological surveillance,en
E00040,verbatim_en_2020_ESP:21,2020_ESP,2020,ESP,Western European and other States,data/analysis_ready_en/2020/2020_ESP.json,ad6b1b655fa68c3890d052af2acd4d2d38c96afccd17c5c348aee35e5ceac591,data/unga_general_debate_verbatim_en/UNGA75_2020/A_75_PV_10_EN.pdf,"{""bbox"": [123.36, 113.91, 498.13, 175.89], ""char_end"": 349, ""char_start"": 0, ""extracted_block"": 21, ""origin_file"": ""data/unga_general_debate_verbatim_en/UNGA75_2020/A_75_PV_10_EN.pdf"", ""origin_sha256"": ""4ebd1482c4303c824ad48eb685efaf89fed2894ca72a07a4546eec9edcae78f0"", ""paragraph"": 21, ""pdf_block"": 3, ""pdf_page"": 79}","emissions reduction, less aggressive mining and agriculture",uncertain,False,emissions reduction,emissions reduction,en
E00041,verbatim_en_2020_FRA:34,2020_FRA,2020,FRA,Western European and other States,data/analysis_ready_en/2020/2020_FRA.json,f9aaf47725e3437f3b3a015730aa813fe31de0240df0ed5abc5e9efc2bbf11fc,data/unga_general_debate_verbatim_en/UNGA75_2020/A_75_PV_4_EN.pdf,"{""bbox"": [123.36, 634.42, 493.59, 696.89], ""char_end"": 411, ""char_start"": 0, ""extracted_block"": 31, ""origin_file"": ""data/unga_general_debate_verbatim_en/UNGA75_2020/A_75_PV_4_EN.pdf"", ""origin_sha256"": ""b5d97e2353c826473f7faf088cbc240717fe77f9dd7c2cb8dd0a4a118b067ed1"", ""paragraph"": 31, ""pdf_block"": 6, ""pdf_page"": 79}",The digital space is also a common good,uncertain,False,digital common good,common good,en
E00041,verbatim_en_2020_FRA:34,2020_FRA,2020,FRA,Western European and other States,data/analysis_ready_en/2020/2020_FRA.json,f9aaf47725e3437f3b3a015730aa813fe31de0240df0ed5abc5e9efc2bbf11fc,data/unga_general_debate_verbatim_en/UNGA75_2020/A_75_PV_4_EN.pdf,"{""bbox"": [123.36, 634.42, 493.59, 696.89], ""char_end"": 411, ""char_start"": 0, ""extracted_block"": 31, ""origin_file"": ""data/unga_general_debate_verbatim_en/UNGA75_2020/A_75_PV_4_EN.pdf"", ""origin_sha256"": ""b5d97e2353c826473f7faf088cbc240717fe77f9dd7c2cb8dd0a4a118b067ed1"", ""paragraph"": 31, ""pdf_block"": 6, ""pdf_page"": 79}",the Global Partnership on Artificial Intelligence,uncertain,False,global partnership on ai,Global Partnership on Artificial Intelligence,en
E00041,verbatim_en_2020_FRA:34,2020_FRA,2020,FRA,Western European and other States,data/analysis_ready_en/2020/2020_FRA.json,f9aaf47725e3437f3b3a015730aa813fe31de0240df0ed5abc5e9efc2bbf11fc,data/unga_general_debate_verbatim_en/UNGA75_2020/A_75_PV_4_EN.pdf,"{""bbox"": [123.36, 634.42, 493.59, 696.89], ""char_end"": 411, ""char_start"": 0, ""extracted_block"": 31, ""origin_file"": ""data/unga_general_debate_verbatim_en/UNGA75_2020/A_75_PV_4_EN.pdf"", ""origin_sha256"": ""b5d97e2353c826473f7faf088cbc240717fe77f9dd7c2cb8dd0a4a118b067ed1"", ""paragraph"": 31, ""pdf_block"": 6, ""pdf_page"": 79}",the Global Partnership on Artificial Intelligence,uncertain,False,global partnership on artificial intelligence,Global Partnership on Artificial Intelligence,en
E00041,verbatim_en_2020_FRA:34,2020_FRA,2020,FRA,Western European and other States,data/analysis_ready_en/2020/2020_FRA.json,f9aaf47725e3437f3b3a015730aa813fe31de0240df0ed5abc5e9efc2bbf11fc,data/unga_general_debate_verbatim_en/UNGA75_2020/A_75_PV_4_EN.pdf,"{""bbox"": [123.36, 634.42, 493.59, 696.89], ""char_end"": 411, ""char_start"": 0, ""extracted_block"": 31, ""origin_file"": ""data/unga_general_debate_verbatim_en/UNGA75_2020/A_75_PV_4_EN.pdf"", ""origin_sha256"": ""b5d97e2353c826473f7faf088cbc240717fe77f9dd7c2cb8dd0a4a118b067ed1"", ""paragraph"": 31, ""pdf_block"": 6, ""pdf_page"": 79}",which requires a new type of governance,uncertain,False,new type of governance,new type of governance,en
E00043,verbatim_en_2020_FRA:43,2020_FRA,2020,FRA,Western European and other States,data/analysis_ready_en/2020/2020_FRA.json,f9aaf47725e3437f3b3a015730aa813fe31de0240df0ed5abc5e9efc2bbf11fc,data/unga_general_debate_verbatim_en/UNGA75_2020/A_75_PV_4_EN.pdf,"{""bbox"": [123.36, 277.49, 493.61, 375.82], ""char_end"": 607, ""char_start"": 0, ""extracted_block"": 40, ""origin_file"": ""data/unga_general_debate_verbatim_en/UNGA75_2020/A_75_PV_4_EN.pdf"", ""origin_sha256"": ""b5d97e2353c826473f7faf088cbc240717fe77f9dd7c2cb8dd0a4a118b067ed1"", ""paragraph"": 40, ""pdf_block"": 4, ""pdf_page"": 81}","dependence on such strategic sectors as health, digital technology, artificial intelligence as well as food",uncertain,False,strategic dependence,dependence on such strategic sectors,en
E00043,verbatim_en_2020_FRA:43,2020_FRA,2020,FRA,Western European and other States,data/analysis_ready_en/2020/2020_FRA.json,f9aaf47725e3437f3b3a015730aa813fe31de0240df0ed5abc5e9efc2bbf11fc,data/unga_general_debate_verbatim_en/UNGA75_2020/A_75_PV_4_EN.pdf,"{""bbox"": [123.36, 277.49, 493.61, 375.82], ""char_end"": 607, ""char_start"": 0, ""extracted_block"": 40, ""origin_file"": ""data/unga_general_debate_verbatim_en/UNGA75_2020/A_75_PV_4_EN.pdf"", ""origin_sha256"": ""b5d97e2353c826473f7faf088cbc240717fe77f9dd7c2cb8dd0a4a118b067ed1"", ""paragraph"": 40, ""pdf_block"": 4, ""pdf_page"": 81}","dependence on such strategic sectors as health, digital technology, artificial intelligence",uncertain,False,strategic sectors,strategic sectors,en
E00044,verbatim_en_2020_PRT:9,2020_PRT,2020,PRT,Western European and other States,data/analysis_ready_en/2020/2020_PRT.json,a389b45be201a4a3b77f270959307c0ac75e5d7650faab31aed21801c207e9ac,data/unga_general_debate_verbatim_en/UNGA75_2020/A_75_PV_11_EN.pdf,"{""bbox"": [123.36, 363.85, 493.61, 473.32], ""char_end"": 679, ""char_start"": 0, ""extracted_block"": 9, ""origin_file"": ""data/unga_general_debate_verbatim_en/UNGA75_2020/A_75_PV_11_EN.pdf"", ""origin_sha256"": ""9343e243edfd90d8ab5cca63dd07d1ee1885bde0fd50e54bfee8ad43acb5acd4"", ""paragraph"": 9, ""pdf_block"": 13, ""pdf_page"": 13}",What is know called the fourth industrial revolution presents both a challenge and an opportunity.,reviewed,False,fourth industrial revolution,fourth industrial revolution,en
E00044,verbatim_en_2020_PRT:9,2020_PRT,2020,PRT,Western European and other States,data/analysis_ready_en/2020/2020_PRT.json,a389b45be201a4a3b77f270959307c0ac75e5d7650faab31aed21801c207e9ac,data/unga_general_debate_verbatim_en/UNGA75_2020/A_75_PV_11_EN.pdf,"{""bbox"": [123.36, 363.85, 493.61, 473.32], ""char_end"": 679, ""char_start"": 0, ""extracted_block"": 9, ""origin_file"": ""data/unga_general_debate_verbatim_en/UNGA75_2020/A_75_PV_11_EN.pdf"", ""origin_sha256"": ""9343e243edfd90d8ab5cca63dd07d1ee1885bde0fd50e54bfee8ad43acb5acd4"", ""paragraph"": 9, ""pdf_block"": 13, ""pdf_page"": 13}",will demand new rules of conduct at the international level.,uncertain,False,international rules of conduct,new rules of conduct at the international level,en
E00044,verbatim_en_2020_PRT:9,2020_PRT,2020,PRT,Western European and other States,data/analysis_ready_en/2020/2020_PRT.json,a389b45be201a4a3b77f270959307c0ac75e5d7650faab31aed21801c207e9ac,data/unga_general_debate_verbatim_en/UNGA75_2020/A_75_PV_11_EN.pdf,"{""bbox"": [123.36, 363.85, 493.61, 473.32], ""char_end"": 679, ""char_start"": 0, ""extracted_block"": 9, ""origin_file"": ""data/unga_general_debate_verbatim_en/UNGA75_2020/A_75_PV_11_EN.pdf"", ""origin_sha256"": ""9343e243edfd90d8ab5cca63dd07d1ee1885bde0fd50e54bfee8ad43acb5acd4"", ""paragraph"": 9, ""pdf_block"": 13, ""pdf_page"": 13}",will demand new rules of conduct at the international level,uncertain,False,rules of conduct,new rules of conduct,en
E00045,verbatim_en_2020_ROU:27,2020_ROU,2020,ROU,Eastern European States,data/analysis_ready_en/2020/2020_ROU.json,6200cc7bd7008855386bc3b1faca33cb19bf7e6e2fba4800cd914c3a563567be,data/unga_general_debate_verbatim_en/UNGA75_2020/A_75_PV_14_EN.pdf,"{""bbox"": [123.36, 317.34, 493.62, 428.55], ""char_end"": 669, ""char_start"": 0, ""extracted_block"": 27, ""origin_file"": ""data/unga_general_debate_verbatim_en/UNGA75_2020/A_75_PV_14_EN.pdf"", ""origin_sha256"": ""54be4c19df20cc0d16e3e46224626e609dc8d88a8add2c3ec30c43b3f3e794d6"", ""paragraph"": 27, ""pdf_block"": 6, ""pdf_page"": 31}","including Artificial Intelligence, based on ethical principles",uncertain,False,ethical principles,ethical principles,en
E00045,verbatim_en_2020_ROU:27,2020_ROU,2020,ROU,Eastern European States,data/analysis_ready_en/2020/2020_ROU.json,6200cc7bd7008855386bc3b1faca33cb19bf7e6e2fba4800cd914c3a563567be,data/unga_general_debate_verbatim_en/UNGA75_2020/A_75_PV_14_EN.pdf,"{""bbox"": [123.36, 317.34, 493.62, 428.55], ""char_end"": 669, ""char_start"": 0, ""extracted_block"": 27, ""origin_file"": ""data/unga_general_debate_verbatim_en/UNGA75_2020/A_75_PV_14_EN.pdf"", ""origin_sha256"": ""54be4c19df20cc0d16e3e46224626e609dc8d88a8add2c3ec30c43b3f3e794d6"", ""paragraph"": 27, ""pdf_block"": 6, ""pdf_page"": 31}","The development and use of Digital technologies, including Artificial Intelligence, based on ethical principles, must be human-centred.",reviewed,False,human-centred ai,human-centred,en
E00047,verbatim_en_2020_RUS:22,2020_RUS,2020,RUS,Eastern European States,data/analysis_ready_en/2020/2020_RUS.json,00032f1edd0dd73cb3d565a4fe226aba64253e41413130ef200b23df851168d8,data/unga_general_debate_verbatim_en/UNGA75_2020/A_75_PV_4_EN.pdf,"{""bbox"": [123.36, 303.93, 493.59, 366.47], ""char_end"": 414, ""char_start"": 0, ""extracted_block"": 22, ""origin_file"": ""data/unga_general_debate_verbatim_en/UNGA75_2020/A_75_PV_4_EN.pdf"", ""origin_sha256"": ""b5d97e2353c826473f7faf088cbc240717fe77f9dd7c2cb8dd0a4a118b067ed1"", ""paragraph"": 22, ""pdf_block"": 6, ""pdf_page"": 49}",work together towards a consensus in the field of regulation,uncertain,False,regulation,regulation,en
E00050,verbatim_en_2020_SVN:13,2020_SVN,2020,SVN,Eastern European States,data/analysis_ready_en/2020/2020_SVN.json,7be62ee840f15e4f858b8057f4bb5960f8eddbe101d7356e8c18013cc6998ae4,data/unga_general_debate_verbatim_en/UNGA75_2020/A_75_PV_8_EN.pdf,"{""bbox"": [123.36, 475.45, 493.59, 514.34], ""char_end"": 198, ""char_start"": 0, ""extracted_block"": 13, ""origin_file"": ""data/unga_general_debate_verbatim_en/UNGA75_2020/A_75_PV_8_EN.pdf"", ""origin_sha256"": ""5f6224f3b8d56c8f624f623aab70fbb09975f0d4aac19f5a67ee401a89ce31a1"", ""paragraph"": 13, ""pdf_block"": 16, ""pdf_page"": 21}",the very first UNESCO global center for artificial intelligence established in Ljubljana,uncertain,False,unesco global center for artificial intelligence,UNESCO global center for artificial intelligence,en
E00050,verbatim_en_2020_SVN:13,2020_SVN,2020,SVN,Eastern European States,data/analysis_ready_en/2020/2020_SVN.json,7be62ee840f15e4f858b8057f4bb5960f8eddbe101d7356e8c18013cc6998ae4,data/unga_general_debate_verbatim_en/UNGA75_2020/A_75_PV_8_EN.pdf,"{""bbox"": [123.36, 475.45, 493.59, 514.34], ""char_end"": 198, ""char_start"": 0, ""extracted_block"": 13, ""origin_file"": ""data/unga_general_debate_verbatim_en/UNGA75_2020/A_75_PV_8_EN.pdf"", ""origin_sha256"": ""5f6224f3b8d56c8f624f623aab70fbb09975f0d4aac19f5a67ee401a89ce31a1"", ""paragraph"": 13, ""pdf_block"": 16, ""pdf_page"": 21}",the very first UNESCO global center for artificial intelligence established in Ljubljana,uncertain,False,unesco global centre for artificial intelligence,UNESCO global center for artificial intelligence,en
E00051,verbatim_en_2021_AUT:19,2021_AUT,2021,AUT,Western European and other States,data/analysis_ready_en/2021/2021_AUT.json,3fc94d2ca2a1488ffcbd464d20171edbfa8c5c42367e5e186e0131a601e1173b,data/unga_general_debate_verbatim_en/UNGA76_2021/A_76_PV_11_EN.pdf,"{""bbox"": [60.0, 414.05, 302.6, 488.8], ""char_end"": 289, ""char_start"": 0, ""extracted_block"": 19, ""origin_file"": ""data/unga_general_debate_verbatim_en/UNGA76_2021/A_76_PV_11_EN.pdf"", ""origin_sha256"": ""9aade0325afc41e39f1044fdf658ba9ae85b3fb1760fc63dd262e041985ca7b2"", ""paragraph"": 19, ""pdf_block"": 6, ""pdf_page"": 21}",We have to make sure that our human-centric approach applies online and offline.,uncertain,False,human-centric approach,human-centric approach,en
E00052,verbatim_en_2021_AUT:20,2021_AUT,2021,AUT,Western European and other States,data/analysis_ready_en/2021/2021_AUT.json,3fc94d2ca2a1488ffcbd464d20171edbfa8c5c42367e5e186e0131a601e1173b,data/unga_general_debate_verbatim_en/UNGA76_2021/A_76_PV_11_EN.pdf,"{""bbox"": [60.0, 493.58, 302.6, 629.61], ""char_end"": 542, ""char_start"": 0, ""extracted_block"": 20, ""origin_file"": ""data/unga_general_debate_verbatim_en/UNGA76_2021/A_76_PV_11_EN.pdf"", ""origin_sha256"": ""9aade0325afc41e39f1044fdf658ba9ae85b3fb1760fc63dd262e041985ca7b2"", ""paragraph"": 20, ""pdf_block"": 7, ""pdf_page"": 21}",we hope to establish a process leading to a ban on killer robots.,reviewed,False,killer robots,killer robots,en
E00052,verbatim_en_2021_AUT:20,2021_AUT,2021,AUT,Western European and other States,data/analysis_ready_en/2021/2021_AUT.json,3fc94d2ca2a1488ffcbd464d20171edbfa8c5c42367e5e186e0131a601e1173b,data/unga_general_debate_verbatim_en/UNGA76_2021/A_76_PV_11_EN.pdf,"{""bbox"": [60.0, 493.58, 302.6, 629.61], ""char_end"": 542, ""char_start"": 0, ""extracted_block"": 20, ""origin_file"": ""data/unga_general_debate_verbatim_en/UNGA76_2021/A_76_PV_11_EN.pdf"", ""origin_sha256"": ""9aade0325afc41e39f1044fdf658ba9ae85b3fb1760fc63dd262e041985ca7b2"", ""paragraph"": 20, ""pdf_block"": 7, ""pdf_page"": 21}",This includes stepping back from creating killing machines — lethal autonomous weapons systems — where an algorithm decides in a split second who lives and who dies.,reviewed,False,lethal autonomous weapons systems,lethal autonomous weapons systems,en
E00052,verbatim_en_2021_AUT:20,2021_AUT,2021,AUT,Western European and other States,data/analysis_ready_en/2021/2021_AUT.json,3fc94d2ca2a1488ffcbd464d20171edbfa8c5c42367e5e186e0131a601e1173b,data/unga_general_debate_verbatim_en/UNGA76_2021/A_76_PV_11_EN.pdf,"{""bbox"": [60.0, 493.58, 302.6, 629.61], ""char_end"": 542, ""char_start"": 0, ""extracted_block"": 20, ""origin_file"": ""data/unga_general_debate_verbatim_en/UNGA76_2021/A_76_PV_11_EN.pdf"", ""origin_sha256"": ""9aade0325afc41e39f1044fdf658ba9ae85b3fb1760fc63dd262e041985ca7b2"", ""paragraph"": 20, ""pdf_block"": 7, ""pdf_page"": 21}","Last week, Austria organized a conference to ensure meaningful human control over these weapons.",reviewed,False,meaningful human control,meaningful human control,en
E00052,verbatim_en_2021_AUT:20,2021_AUT,2021,AUT,Western European and other States,data/analysis_ready_en/2021/2021_AUT.json,3fc94d2ca2a1488ffcbd464d20171edbfa8c5c42367e5e186e0131a601e1173b,data/unga_general_debate_verbatim_en/UNGA76_2021/A_76_PV_11_EN.pdf,"{""bbox"": [60.0, 493.58, 302.6, 629.61], ""char_end"": 542, ""char_start"": 0, ""extracted_block"": 20, ""origin_file"": ""data/unga_general_debate_verbatim_en/UNGA76_2021/A_76_PV_11_EN.pdf"", ""origin_sha256"": ""9aade0325afc41e39f1044fdf658ba9ae85b3fb1760fc63dd262e041985ca7b2"", ""paragraph"": 20, ""pdf_block"": 7, ""pdf_page"": 21}",We need to define clear red lines that we as humankind are not willing or ready to cross.,uncertain,False,red lines,clear red lines,en
E00055,verbatim_en_2021_GBR:32,2021_GBR,2021,GBR,Western European and other States,data/analysis_ready_en/2021/2021_GBR.json,cb74fe6a4a9564839f54e8307091acedfe15ac45997ab7dc28bb086ba3a33900,data/unga_general_debate_verbatim_en/UNGA76_2021/A_76_PV_9_EN.pdf,"{""bbox"": [312.0, 330.85, 554.61, 591.89], ""char_end"": 1085, ""char_start"": 0, ""extracted_block"": 32, ""origin_file"": ""data/unga_general_debate_verbatim_en/UNGA76_2021/A_76_PV_9_EN.pdf"", ""origin_sha256"": ""440d0980685aea4be536518a645c064f16e0888fafd1bcea3d9874f4ad10b690"", ""paragraph"": 32, ""pdf_block"": 9, ""pdf_page"": 13}",everything to gain from this green industrial revolution.,uncertain,False,green industrial revolution,green industrial revolution,en
E00056,verbatim_en_2021_LVA:8,2021_LVA,2021,LVA,Eastern European States,data/analysis_ready_en/2021/2021_LVA.json,56ba71538cac52bf3933172a3902a3a09226704b81b08fcb8bb62a6ed000090b,data/unga_general_debate_verbatim_en/UNGA76_2021/A_76_PV_4_EN.pdf,"{""bbox"": [60.0, 448.47, 302.6, 548.64], ""char_end"": 429, ""char_start"": 0, ""extracted_block"": 8, ""origin_file"": ""data/unga_general_debate_verbatim_en/UNGA76_2021/A_76_PV_4_EN.pdf"", ""origin_sha256"": ""082b55bb5f3874a905ce88927cc0e6dbe51bde0664418124fc4251c19cd52e14"", ""paragraph"": 8, ""pdf_block"": 5, ""pdf_page"": 25}",we must work actively to define new legal principles.,uncertain,False,legal principles for ai,new legal principles,en
E00056,verbatim_en_2021_LVA:8,2021_LVA,2021,LVA,Eastern European States,data/analysis_ready_en/2021/2021_LVA.json,56ba71538cac52bf3933172a3902a3a09226704b81b08fcb8bb62a6ed000090b,data/unga_general_debate_verbatim_en/UNGA76_2021/A_76_PV_4_EN.pdf,"{""bbox"": [60.0, 448.47, 302.6, 548.64], ""char_end"": 429, ""char_start"": 0, ""extracted_block"": 8, ""origin_file"": ""data/unga_general_debate_verbatim_en/UNGA76_2021/A_76_PV_4_EN.pdf"", ""origin_sha256"": ""082b55bb5f3874a905ce88927cc0e6dbe51bde0664418124fc4251c19cd52e14"", ""paragraph"": 8, ""pdf_block"": 5, ""pdf_page"": 25}",we must work actively to define new legal principles.,uncertain,False,new legal principles,new legal principles,en
E00057,verbatim_en_2021_LVA:9,2021_LVA,2021,LVA,Eastern European States,data/analysis_ready_en/2021/2021_LVA.json,56ba71538cac52bf3933172a3902a3a09226704b81b08fcb8bb62a6ed000090b,data/unga_general_debate_verbatim_en/UNGA76_2021/A_76_PV_4_EN.pdf,"{""bbox"": [60.0, 553.56, 302.59, 653.73], ""char_end"": 418, ""char_start"": 0, ""extracted_block"": 9, ""origin_file"": ""data/unga_general_debate_verbatim_en/UNGA76_2021/A_76_PV_4_EN.pdf"", ""origin_sha256"": ""082b55bb5f3874a905ce88927cc0e6dbe51bde0664418124fc4251c19cd52e14"", ""paragraph"": 9, ""pdf_block"": 6, ""pdf_page"": 25}",Human autonomy and the free will of people are thereby endangered.,reviewed,False,human autonomy,Human autonomy,en
E00057,verbatim_en_2021_LVA:9,2021_LVA,2021,LVA,Eastern European States,data/analysis_ready_en/2021/2021_LVA.json,56ba71538cac52bf3933172a3902a3a09226704b81b08fcb8bb62a6ed000090b,data/unga_general_debate_verbatim_en/UNGA76_2021/A_76_PV_4_EN.pdf,"{""bbox"": [60.0, 553.56, 302.59, 653.73], ""char_end"": 418, ""char_start"": 0, ""extracted_block"": 9, ""origin_file"": ""data/unga_general_debate_verbatim_en/UNGA76_2021/A_76_PV_4_EN.pdf"", ""origin_sha256"": ""082b55bb5f3874a905ce88927cc0e6dbe51bde0664418124fc4251c19cd52e14"", ""paragraph"": 9, ""pdf_block"": 6, ""pdf_page"": 25}",influence and manipulate human thoughts and actions more effectively.,uncertain,False,manipulation,manipulate human thoughts and actions,en
E00058,verbatim_en_2021_LVA:12,2021_LVA,2021,LVA,Eastern European States,data/analysis_ready_en/2021/2021_LVA.json,56ba71538cac52bf3933172a3902a3a09226704b81b08fcb8bb62a6ed000090b,data/unga_general_debate_verbatim_en/UNGA76_2021/A_76_PV_4_EN.pdf,"{""bbox"": [312.0, 113.9, 554.59, 175.88], ""char_end"": 277, ""char_start"": 0, ""extracted_block"": 12, ""origin_file"": ""data/unga_general_debate_verbatim_en/UNGA76_2021/A_76_PV_4_EN.pdf"", ""origin_sha256"": ""082b55bb5f3874a905ce88927cc0e6dbe51bde0664418124fc4251c19cd52e14"", ""paragraph"": 12, ""pdf_block"": 9, ""pdf_page"": 25}",protecting the autonomy of human thought,uncertain,False,autonomy of human thought,autonomy of human thought,en
E00058,verbatim_en_2021_LVA:12,2021_LVA,2021,LVA,Eastern European States,data/analysis_ready_en/2021/2021_LVA.json,56ba71538cac52bf3933172a3902a3a09226704b81b08fcb8bb62a6ed000090b,data/unga_general_debate_verbatim_en/UNGA76_2021/A_76_PV_4_EN.pdf,"{""bbox"": [312.0, 113.9, 554.59, 175.88], ""char_end"": 277, ""char_start"": 0, ""extracted_block"": 12, ""origin_file"": ""data/unga_general_debate_verbatim_en/UNGA76_2021/A_76_PV_4_EN.pdf"", ""origin_sha256"": ""082b55bb5f3874a905ce88927cc0e6dbe51bde0664418124fc4251c19cd52e14"", ""paragraph"": 12, ""pdf_block"": 9, ""pdf_page"": 25}",while bridging the current digital divide.,reviewed,False,digital divide,digital divide,en
E00059,verbatim_en_2021_LVA:13,2021_LVA,2021,LVA,Eastern European States,data/analysis_ready_en/2021/2021_LVA.json,56ba71538cac52bf3933172a3902a3a09226704b81b08fcb8bb62a6ed000090b,data/unga_general_debate_verbatim_en/UNGA76_2021/A_76_PV_4_EN.pdf,"{""bbox"": [312.0, 180.53, 554.6, 266.75], ""char_end"": 347, ""char_start"": 0, ""extracted_block"": 13, ""origin_file"": ""data/unga_general_debate_verbatim_en/UNGA76_2021/A_76_PV_4_EN.pdf"", ""origin_sha256"": ""082b55bb5f3874a905ce88927cc0e6dbe51bde0664418124fc4251c19cd52e14"", ""paragraph"": 13, ""pdf_block"": 10, ""pdf_page"": 25}",That will help to safeguard linguistic diversity in the digital age.,reviewed,False,linguistic diversity,linguistic diversity,en
E00059,verbatim_en_2021_LVA:13,2021_LVA,2021,LVA,Eastern European States,data/analysis_ready_en/2021/2021_LVA.json,56ba71538cac52bf3933172a3902a3a09226704b81b08fcb8bb62a6ed000090b,data/unga_general_debate_verbatim_en/UNGA76_2021/A_76_PV_4_EN.pdf,"{""bbox"": [312.0, 180.53, 554.6, 266.75], ""char_end"": 347, ""char_start"": 0, ""extracted_block"": 13, ""origin_file"": ""data/unga_general_debate_verbatim_en/UNGA76_2021/A_76_PV_4_EN.pdf"", ""origin_sha256"": ""082b55bb5f3874a905ce88927cc0e6dbe51bde0664418124fc4251c19cd52e14"", ""paragraph"": 13, ""pdf_block"": 10, ""pdf_page"": 25}",a high-quality machine translation programme for small languages using artificial intelligence,reviewed,False,machine translation,machine translation,en
E00060,verbatim_en_2021_SVN:11,2021_SVN,2021,SVN,Eastern European States,data/analysis_ready_en/2021/2021_SVN.json,27025b41728deb1d874d6578a803896b480739d310fd7f42ec326f0011b77301,data/unga_general_debate_verbatim_en/UNGA76_2021/A_76_PV_12_EN.pdf,"{""bbox"": [60.0, 401.91, 302.6, 537.89], ""char_end"": 568, ""char_start"": 0, ""extracted_block"": 11, ""origin_file"": ""data/unga_general_debate_verbatim_en/UNGA76_2021/A_76_PV_12_EN.pdf"", ""origin_sha256"": ""84a24ce11c8ec58143ad429e9d5f570746d49340c91480cb604ba571ce39d2f9"", ""paragraph"": 11, ""pdf_block"": 4, ""pdf_page"": 14}","the International Research Centre on Artificial Intelligence, in Ljubljana",reviewed,False,international research centre on artificial intelligence,International Research Centre on Artificial Intelligence,en
E00062,verbatim_en_2022_BHR:20,2022_BHR,2022,BHR,Asia-Pacific States,data/analysis_ready_en/2022/2022_BHR.json,fa146acb3b394f5abe15681235244fcf507e7c452cb4ffe7669069923f368ab9,data/unga_general_debate_verbatim_en/UNGA77_2022/A_77_PV_9_EN.pdf,"{""bbox"": [312.0, 113.64, 554.6, 295.05], ""char_end"": 783, ""char_start"": 0, ""extracted_block"": 20, ""origin_file"": ""data/unga_general_debate_verbatim_en/UNGA77_2022/A_77_PV_9_EN.pdf"", ""origin_sha256"": ""4b3d1b972f8cb6c2abb016140d505b4a40db9090749233bfedd935a29e20240e"", ""paragraph"": 20, ""pdf_block"": 8, ""pdf_page"": 42}",along with the shift to the fourth industrial revolution,reviewed,False,fourth industrial revolution,fourth industrial revolution,en
E00064,verbatim_en_2022_GBR:6,2022_GBR,2022,GBR,Western European and other States,data/analysis_ready_en/2022/2022_GBR.json,0c0a06ffbebfd5142682c6a3876df25d45cc74f35aa252c6b43c8af4a5e5af3c,data/unga_general_debate_verbatim_en/UNGA77_2022/A_77_PV_7_EN.pdf,"{""bbox"": [60.0, 83.65, 302.59, 133.87], ""char_end"": 187, ""char_start"": 0, ""extracted_block"": 6, ""origin_file"": ""data/unga_general_debate_verbatim_en/UNGA77_2022/A_77_PV_7_EN.pdf"", ""origin_sha256"": ""d2739f8eb0ef4885fef731e7fa32c29111dc790f8a861f825854ab844b898cdf"", ""paragraph"": 6, ""pdf_block"": 2, ""pdf_page"": 47}",judge and jury and where there are no human rights and no fundamental freedoms,uncertain,False,ai as judge and jury,judge and jury,en
E00065,verbatim_en_2022_LKA:26,2022_LKA,2022,LKA,Asia-Pacific States,data/analysis_ready_en/2022/2022_LKA.json,a4c925af62a34f517a8aba1363d5a37d88e41c346240616b24942993ccb052e3,data/unga_general_debate_verbatim_en/UNGA77_2022/A_77_PV_13_EN.pdf,"{""bbox"": [312.0, 340.66, 554.58, 476.63], ""char_end"": 566, ""char_start"": 0, ""extracted_block"": 26, ""origin_file"": ""data/unga_general_debate_verbatim_en/UNGA77_2022/A_77_PV_13_EN.pdf"", ""origin_sha256"": ""437cbc27e89cea6ac676442c618cac7c5605b177e4581e1ab16b1391c5938784"", ""paragraph"": 26, ""pdf_block"": 10, ""pdf_page"": 20}",The absence of a regulatory supervisory regime concerning the use of new technologies in cyberspace and in artificial intelligence needs to be addressed urgently.,reviewed,False,regulatory supervisory regime,regulatory supervisory regime,en
E00066,verbatim_en_2022_MCO:22,2022_MCO,2022,MCO,Western European and other States,data/analysis_ready_en/2022/2022_MCO.json,6f02fd6b04beb883da19a1423f8100f5fe5c591ce0863008c3b21f5707451458,data/unga_general_debate_verbatim_en/UNGA77_2022/A_77_PV_7_EN.pdf,"{""bbox"": [60.0, 610.68, 302.6, 696.89], ""char_end"": 326, ""char_start"": 0, ""extracted_block"": 22, ""origin_file"": ""data/unga_general_debate_verbatim_en/UNGA77_2022/A_77_PV_7_EN.pdf"", ""origin_sha256"": ""d2739f8eb0ef4885fef731e7fa32c29111dc790f8a861f825854ab844b898cdf"", ""paragraph"": 22, ""pdf_block"": 7, ""pdf_page"": 23}",It is high time that we manage to set common rules so that cyberspace does not get out of hand,uncertain,False,common rules,common rules,en
E00067,verbatim_en_2022_PHL:30,2022_PHL,2022,PHL,Asia-Pacific States,data/analysis_ready_en/2022/2022_PHL.json,9dd73b070444b50771807d1c247024f66b981a698e8781a26aa69148bafdd587,data/unga_general_debate_verbatim_en/UNGA77_2022/A_77_PV_5_EN.pdf,"{""bbox"": [60.0, 299.48, 302.59, 468.82], ""char_end"": 747, ""char_start"": 0, ""extracted_block"": 30, ""origin_file"": ""data/unga_general_debate_verbatim_en/UNGA77_2022/A_77_PV_5_EN.pdf"", ""origin_sha256"": ""818c353887309a4c9ca88772fdbd52cfed09c1588403b5c434fcee7d5de00256"", ""paragraph"": 30, ""pdf_block"": 4, ""pdf_page"": 6}",prevent the weaponization of artificial intelligence.,uncertain,False,weaponization of ai,weaponization of artificial intelligence,en
E00067,verbatim_en_2022_PHL:30,2022_PHL,2022,PHL,Asia-Pacific States,data/analysis_ready_en/2022/2022_PHL.json,9dd73b070444b50771807d1c247024f66b981a698e8781a26aa69148bafdd587,data/unga_general_debate_verbatim_en/UNGA77_2022/A_77_PV_5_EN.pdf,"{""bbox"": [60.0, 299.48, 302.59, 468.82], ""char_end"": 747, ""char_start"": 0, ""extracted_block"": 30, ""origin_file"": ""data/unga_general_debate_verbatim_en/UNGA77_2022/A_77_PV_5_EN.pdf"", ""origin_sha256"": ""818c353887309a4c9ca88772fdbd52cfed09c1588403b5c434fcee7d5de00256"", ""paragraph"": 30, ""pdf_block"": 4, ""pdf_page"": 6}",forming legal rules that will prevent the weaponization of artificial intelligence.,uncertain,False,weaponization of artificial intelligence,weaponization of artificial intelligence,en
E00068,verbatim_en_2022_RWA:9,2022_RWA,2022,RWA,African States,data/analysis_ready_en/2022/2022_RWA.json,3117fe5a5b6292d5ebf909a234912dfc4174be0b26edad75ea2120ce269e8f40,data/unga_general_debate_verbatim_en/UNGA77_2022/A_77_PV_6_EN.pdf,"{""bbox"": [60.0, 220.76, 302.6, 352.23], ""char_end"": 516, ""char_start"": 0, ""extracted_block"": 9, ""origin_file"": ""data/unga_general_debate_verbatim_en/UNGA77_2022/A_77_PV_6_EN.pdf"", ""origin_sha256"": ""2f6d7b0914735e55ea9e6830396b85e93e4b08ae6ae8359a0c2c6629c2001206"", ""paragraph"": 9, ""pdf_block"": 3, ""pdf_page"": 13}","invest equitably in emerging technologies, such as artificial intelligence",uncertain,False,emerging technologies,emerging technologies,en
E00069,verbatim_en_2023_ARG:2,2023_ARG,2023,ARG,Latin American and Caribbean States,data/analysis_ready_en/2023/2023_ARG.json,418aa70f99794449b0cd5908af0b3fa832910d3795df8d958abe0fa4bd5d7457,data/unga_general_debate_verbatim_en/UNGA78_2023/A_78_PV_5_EN.pdf,"{""bbox"": [312.0, 594.57, 554.58, 696.89], ""char_end"": 389, ""char_start"": 0, ""extracted_block"": 2, ""origin_file"": ""data/unga_general_debate_verbatim_en/UNGA78_2023/A_78_PV_5_EN.pdf"", ""origin_sha256"": ""1fd1f02bf9b81d164d370ceba895ce212a70768575600aa86413764e0570ea68"", ""paragraph"": 2, ""pdf_block"": 15, ""pdf_page"": 15}","rethink education, production processes and the preservation of work.",uncertain,False,preservation of work,preservation of work,en
E00069,verbatim_en_2023_ARG:2,2023_ARG,2023,ARG,Latin American and Caribbean States,data/analysis_ready_en/2023/2023_ARG.json,418aa70f99794449b0cd5908af0b3fa832910d3795df8d958abe0fa4bd5d7457,data/unga_general_debate_verbatim_en/UNGA78_2023/A_78_PV_5_EN.pdf,"{""bbox"": [312.0, 594.57, 554.58, 696.89], ""char_end"": 389, ""char_start"": 0, ""extracted_block"": 2, ""origin_file"": ""data/unga_general_debate_verbatim_en/UNGA78_2023/A_78_PV_5_EN.pdf"", ""origin_sha256"": ""1fd1f02bf9b81d164d370ceba895ce212a70768575600aa86413764e0570ea68"", ""paragraph"": 2, ""pdf_block"": 15, ""pdf_page"": 15}",Robotization and the accelerated process of installation of artificial intelligence,uncertain,False,robotization,Robotization,en
E00069,verbatim_en_2023_ARG:2,2023_ARG,2023,ARG,Latin American and Caribbean States,data/analysis_ready_en/2023/2023_ARG.json,418aa70f99794449b0cd5908af0b3fa832910d3795df8d958abe0fa4bd5d7457,data/unga_general_debate_verbatim_en/UNGA78_2023/A_78_PV_5_EN.pdf,"{""bbox"": [312.0, 594.57, 554.58, 696.89], ""char_end"": 389, ""char_start"": 0, ""extracted_block"": 2, ""origin_file"": ""data/unga_general_debate_verbatim_en/UNGA78_2023/A_78_PV_5_EN.pdf"", ""origin_sha256"": ""1fd1f02bf9b81d164d370ceba895ce212a70768575600aa86413764e0570ea68"", ""paragraph"": 2, ""pdf_block"": 15, ""pdf_page"": 15}",an astonishing technological revolution,uncertain,False,technological revolution,technological revolution,en
E00070,verbatim_en_2023_ATG:31,2023_ATG,2023,ATG,Latin American and Caribbean States,data/analysis_ready_en/2023/2023_ATG.json,f70a67004bece6acac3919f9dd5f2afa3589dff56e70182ddf6cbfe007d003eb,data/unga_general_debate_verbatim_en/UNGA78_2023/A_78_PV_10_EN.pdf,"{""bbox"": [312.0, 485.37, 554.6, 696.89], ""char_end"": 925, ""char_start"": 0, ""extracted_block"": 31, ""origin_file"": ""data/unga_general_debate_verbatim_en/UNGA78_2023/A_78_PV_10_EN.pdf"", ""origin_sha256"": ""d0c1970be1a8d9e32af5de45630952691679491dac03dde6ff3cc9e95d57241b"", ""paragraph"": 31, ""pdf_block"": 10, ""pdf_page"": 48}",the potential for autonomous weapons to fall into the hands of organized criminals,uncertain,False,autonomous weapons,autonomous weapons,en
E00070,verbatim_en_2023_ATG:31,2023_ATG,2023,ATG,Latin American and Caribbean States,data/analysis_ready_en/2023/2023_ATG.json,f70a67004bece6acac3919f9dd5f2afa3589dff56e70182ddf6cbfe007d003eb,data/unga_general_debate_verbatim_en/UNGA78_2023/A_78_PV_10_EN.pdf,"{""bbox"": [312.0, 485.37, 554.6, 696.89], ""char_end"": 925, ""char_start"": 0, ""extracted_block"": 31, ""origin_file"": ""data/unga_general_debate_verbatim_en/UNGA78_2023/A_78_PV_10_EN.pdf"", ""origin_sha256"": ""d0c1970be1a8d9e32af5de45630952691679491dac03dde6ff3cc9e95d57241b"", ""paragraph"": 31, ""pdf_block"": 10, ""pdf_page"": 48}","a drone, meticulously programmed with facial recognition technology",reviewed,False,facial recognition,facial recognition technology,en
E00070,verbatim_en_2023_ATG:31,2023_ATG,2023,ATG,Latin American and Caribbean States,data/analysis_ready_en/2023/2023_ATG.json,f70a67004bece6acac3919f9dd5f2afa3589dff56e70182ddf6cbfe007d003eb,data/unga_general_debate_verbatim_en/UNGA78_2023/A_78_PV_10_EN.pdf,"{""bbox"": [312.0, 485.37, 554.6, 696.89], ""char_end"": 925, ""char_start"": 0, ""extracted_block"": 31, ""origin_file"": ""data/unga_general_debate_verbatim_en/UNGA78_2023/A_78_PV_10_EN.pdf"", ""origin_sha256"": ""d0c1970be1a8d9e32af5de45630952691679491dac03dde6ff3cc9e95d57241b"", ""paragraph"": 31, ""pdf_block"": 10, ""pdf_page"": 48}",formulate a legally binding instrument by 2026,reviewed,False,legally binding instrument,legally binding instrument,en
E00070,verbatim_en_2023_ATG:31,2023_ATG,2023,ATG,Latin American and Caribbean States,data/analysis_ready_en/2023/2023_ATG.json,f70a67004bece6acac3919f9dd5f2afa3589dff56e70182ddf6cbfe007d003eb,data/unga_general_debate_verbatim_en/UNGA78_2023/A_78_PV_10_EN.pdf,"{""bbox"": [312.0, 485.37, 554.6, 696.89], ""char_end"": 925, ""char_start"": 0, ""extracted_block"": 31, ""origin_file"": ""data/unga_general_debate_verbatim_en/UNGA78_2023/A_78_PV_10_EN.pdf"", ""origin_sha256"": ""d0c1970be1a8d9e32af5de45630952691679491dac03dde6ff3cc9e95d57241b"", ""paragraph"": 31, ""pdf_block"": 10, ""pdf_page"": 48}",to prohibit lethal autonomous weapon systems,reviewed,False,lethal autonomous weapons systems,lethal autonomous weapon systems,en
E00071,verbatim_en_2023_AUT:4,2023_AUT,2023,AUT,Western European and other States,data/analysis_ready_en/2023/2023_AUT.json,bb8f93cb31d9e21c8e9368651d92e5a1c11e827d828ebac4d234ab8f21055df1,data/unga_general_debate_verbatim_en/UNGA78_2023/A_78_PV_9_EN.pdf,"{""bbox"": [312.0, 83.65, 554.58, 169.86], ""char_end"": 350, ""char_start"": 0, ""extracted_block"": 4, ""origin_file"": ""data/unga_general_debate_verbatim_en/UNGA78_2023/A_78_PV_9_EN.pdf"", ""origin_sha256"": ""42bb219f4692027ea57a4115ba5ec73c30396fab2bbbbe90b288148cd96c7a67"", ""paragraph"": 4, ""pdf_block"": 9, ""pdf_page"": 37}",disruptive technologies like artificial intelligence,reviewed,False,disruptive technologies,disruptive technologies,en
E00072,verbatim_en_2023_BGR:17,2023_BGR,2023,BGR,Eastern European States,data/analysis_ready_en/2023/2023_BGR.json,b48eebd36f581a5df1663c2f7d4436468436c1496d09e15ba004072d896c8d81,data/unga_general_debate_verbatim_en/UNGA78_2023/A_78_PV_6_EN.pdf,"{""bbox"": [60.0, 187.7, 302.61, 262.45], ""char_end"": 267, ""char_start"": 0, ""extracted_block"": 17, ""origin_file"": ""data/unga_general_debate_verbatim_en/UNGA78_2023/A_78_PV_6_EN.pdf"", ""origin_sha256"": ""7ce5f607716aef003034d2e01017b7221ce26b4f1f9199fbfb39dcf983612ed9"", ""paragraph"": 17, ""pdf_block"": 3, ""pdf_page"": 28}",The Global Digital Compact should harness the potential of digital technologies,reviewed,False,global digital compact,Global Digital Compact,en
E00072,verbatim_en_2023_BGR:17,2023_BGR,2023,BGR,Eastern European States,data/analysis_ready_en/2023/2023_BGR.json,b48eebd36f581a5df1663c2f7d4436468436c1496d09e15ba004072d896c8d81,data/unga_general_debate_verbatim_en/UNGA78_2023/A_78_PV_6_EN.pdf,"{""bbox"": [60.0, 187.7, 302.61, 262.45], ""char_end"": 267, ""char_start"": 0, ""extracted_block"": 17, ""origin_file"": ""data/unga_general_debate_verbatim_en/UNGA78_2023/A_78_PV_6_EN.pdf"", ""origin_sha256"": ""7ce5f607716aef003034d2e01017b7221ce26b4f1f9199fbfb39dcf983612ed9"", ""paragraph"": 17, ""pdf_block"": 3, ""pdf_page"": 28}","guided by a humancentred approach based on human rights, democracy and the rule of law.",uncertain,False,human-centred ai,humancentred approach,en
E00072,verbatim_en_2023_BGR:17,2023_BGR,2023,BGR,Eastern European States,data/analysis_ready_en/2023/2023_BGR.json,b48eebd36f581a5df1663c2f7d4436468436c1496d09e15ba004072d896c8d81,data/unga_general_debate_verbatim_en/UNGA78_2023/A_78_PV_6_EN.pdf,"{""bbox"": [60.0, 187.7, 302.61, 262.45], ""char_end"": 267, ""char_start"": 0, ""extracted_block"": 17, ""origin_file"": ""data/unga_general_debate_verbatim_en/UNGA78_2023/A_78_PV_6_EN.pdf"", ""origin_sha256"": ""7ce5f607716aef003034d2e01017b7221ce26b4f1f9199fbfb39dcf983612ed9"", ""paragraph"": 17, ""pdf_block"": 3, ""pdf_page"": 28}","guided by a humancentred approach based on human rights, democracy and the rule of law",uncertain,False,human-centred approach,humancentred approach,en
E00073,verbatim_en_2023_BRB:6,2023_BRB,2023,BRB,Latin American and Caribbean States,data/analysis_ready_en/2023/2023_BRB.json,ec2f4db4ececa422c1e351581d5990180e8022e41045608d765841ff813a0468,data/unga_general_debate_verbatim_en/UNGA78_2023/A_78_PV_10_EN.pdf,"{""bbox"": [60.0, 471.38, 302.59, 642.41], ""char_end"": 737, ""char_start"": 0, ""extracted_block"": 6, ""origin_file"": ""data/unga_general_debate_verbatim_en/UNGA78_2023/A_78_PV_10_EN.pdf"", ""origin_sha256"": ""d0c1970be1a8d9e32af5de45630952691679491dac03dde6ff3cc9e95d57241b"", ""paragraph"": 6, ""pdf_block"": 4, ""pdf_page"": 22}",The role that artificial intelligence (AI) and generative artificial intelligence will play in our world,reviewed,False,generative ai,generative artificial intelligence,en
E00073,verbatim_en_2023_BRB:6,2023_BRB,2023,BRB,Latin American and Caribbean States,data/analysis_ready_en/2023/2023_BRB.json,ec2f4db4ececa422c1e351581d5990180e8022e41045608d765841ff813a0468,data/unga_general_debate_verbatim_en/UNGA78_2023/A_78_PV_10_EN.pdf,"{""bbox"": [60.0, 471.38, 302.59, 642.41], ""char_end"": 737, ""char_start"": 0, ""extracted_block"": 6, ""origin_file"": ""data/unga_general_debate_verbatim_en/UNGA78_2023/A_78_PV_10_EN.pdf"", ""origin_sha256"": ""d0c1970be1a8d9e32af5de45630952691679491dac03dde6ff3cc9e95d57241b"", ""paragraph"": 6, ""pdf_block"": 4, ""pdf_page"": 22}",an appropriate framework for regulatory action must be put in place,reviewed,False,regulatory framework,appropriate framework for regulatory action,en
E00075,verbatim_en_2023_CHL:23,2023_CHL,2023,CHL,Latin American and Caribbean States,data/analysis_ready_en/2023/2023_CHL.json,f4a4ce144aed4b5fcc9044be837d317954cd5d5204b6b844e27b5c8b8105270d,data/unga_general_debate_verbatim_en/UNGA78_2023/A_78_PV_7_EN.pdf,"{""bbox"": [60.0, 465.26, 302.6, 696.89], ""char_end"": 1026, ""char_start"": 0, ""extracted_block"": 23, ""origin_file"": ""data/unga_general_debate_verbatim_en/UNGA78_2023/A_78_PV_7_EN.pdf"", ""origin_sha256"": ""007b3d8a13a8caa1ea16985b4ae596fbc00361eabf4c773945b30b6fc72a3418"", ""paragraph"": 23, ""pdf_block"": 5, ""pdf_page"": 20}",multilateral consensus and an ethical framework for the development and use of new technologies,reviewed,False,ethical framework,ethical framework,en
E00075,verbatim_en_2023_CHL:23,2023_CHL,2023,CHL,Latin American and Caribbean States,data/analysis_ready_en/2023/2023_CHL.json,f4a4ce144aed4b5fcc9044be837d317954cd5d5204b6b844e27b5c8b8105270d,data/unga_general_debate_verbatim_en/UNGA78_2023/A_78_PV_7_EN.pdf,"{""bbox"": [60.0, 465.26, 302.6, 696.89], ""char_end"": 1026, ""char_start"": 0, ""extracted_block"": 23, ""origin_file"": ""data/unga_general_debate_verbatim_en/UNGA78_2023/A_78_PV_7_EN.pdf"", ""origin_sha256"": ""007b3d8a13a8caa1ea16985b4ae596fbc00361eabf4c773945b30b6fc72a3418"", ""paragraph"": 23, ""pdf_block"": 5, ""pdf_page"": 20}",can only be compared to the industrial revolution of the mid-eighteenth century,reviewed,False,industrial revolution,industrial revolution,en
E00075,verbatim_en_2023_CHL:23,2023_CHL,2023,CHL,Latin American and Caribbean States,data/analysis_ready_en/2023/2023_CHL.json,f4a4ce144aed4b5fcc9044be837d317954cd5d5204b6b844e27b5c8b8105270d,data/unga_general_debate_verbatim_en/UNGA78_2023/A_78_PV_7_EN.pdf,"{""bbox"": [60.0, 465.26, 302.6, 696.89], ""char_end"": 1026, ""char_start"": 0, ""extracted_block"": 23, ""origin_file"": ""data/unga_general_debate_verbatim_en/UNGA78_2023/A_78_PV_7_EN.pdf"", ""origin_sha256"": ""007b3d8a13a8caa1ea16985b4ae596fbc00361eabf4c773945b30b6fc72a3418"", ""paragraph"": 23, ""pdf_block"": 5, ""pdf_page"": 20}",create multilateral consensus,uncertain,False,multilateral consensus,multilateral consensus,en
E00077,verbatim_en_2023_CHL:25,2023_CHL,2023,CHL,Latin American and Caribbean States,data/analysis_ready_en/2023/2023_CHL.json,f4a4ce144aed4b5fcc9044be837d317954cd5d5204b6b844e27b5c8b8105270d,data/unga_general_debate_verbatim_en/UNGA78_2023/A_78_PV_7_EN.pdf,"{""bbox"": [312.0, 126.01, 554.61, 357.65], ""char_end"": 988, ""char_start"": 0, ""extracted_block"": 25, ""origin_file"": ""data/unga_general_debate_verbatim_en/UNGA78_2023/A_78_PV_7_EN.pdf"", ""origin_sha256"": ""007b3d8a13a8caa1ea16985b4ae596fbc00361eabf4c773945b30b6fc72a3418"", ""paragraph"": 25, ""pdf_block"": 7, ""pdf_page"": 20}",since we established the Congress on the Future,uncertain,False,congress on the future,Congress on the Future,en
E00079,verbatim_en_2023_CHN:9,2023_CHN,2023,CHN,Asia-Pacific States,data/analysis_ready_en/2023/2023_CHN.json,17d3e6180a5712aee559fc9262194ff8b94648ad44b681b6eb0427621d1e8939,data/unga_general_debate_verbatim_en/UNGA78_2023/A_78_PV_9_EN.pdf,"{""bbox"": [60.0, 83.65, 302.58, 133.3], ""char_end"": 202, ""char_start"": 0, ""extracted_block"": 9, ""origin_file"": ""data/unga_general_debate_verbatim_en/UNGA78_2023/A_78_PV_9_EN.pdf"", ""origin_sha256"": ""42bb219f4692027ea57a4115ba5ec73c30396fab2bbbbe90b288148cd96c7a67"", ""paragraph"": 9, ""pdf_block"": 2, ""pdf_page"": 12}","the main channel to create a widely accepted artificial intelligence governance framework, standards and norms,",uncertain,False,ai governance framework,artificial intelligence governance framework,en
E00081,verbatim_en_2023_CRI:6,2023_CRI,2023,CRI,Latin American and Caribbean States,data/analysis_ready_en/2023/2023_CRI.json,a4c32824d6b909bf0a960569e0e53af497973516b9194c03e14e5d549e9346f2,data/unga_general_debate_verbatim_en/UNGA78_2023/A_78_PV_11_EN.pdf,"{""bbox"": [60.0, 544.07, 302.61, 642.4], ""char_end"": 400, ""char_start"": 0, ""extracted_block"": 6, ""origin_file"": ""data/unga_general_debate_verbatim_en/UNGA78_2023/A_78_PV_11_EN.pdf"", ""origin_sha256"": ""99050938438b0e47be9434b27e7ec03f0f9b4629073c2ce97192e7be8a777683"", ""paragraph"": 6, ""pdf_block"": 6, ""pdf_page"": 49}",we will submit a draft resolution to the General Assembly that addresses the issue of autonomous weapons systems.,reviewed,False,autonomous weapons systems,autonomous weapons systems,en
E00081,verbatim_en_2023_CRI:6,2023_CRI,2023,CRI,Latin American and Caribbean States,data/analysis_ready_en/2023/2023_CRI.json,a4c32824d6b909bf0a960569e0e53af497973516b9194c03e14e5d549e9346f2,data/unga_general_debate_verbatim_en/UNGA78_2023/A_78_PV_11_EN.pdf,"{""bbox"": [60.0, 544.07, 302.61, 642.4], ""char_end"": 400, ""char_start"": 0, ""extracted_block"": 6, ""origin_file"": ""data/unga_general_debate_verbatim_en/UNGA78_2023/A_78_PV_11_EN.pdf"", ""origin_sha256"": ""99050938438b0e47be9434b27e7ec03f0f9b4629073c2ce97192e7be8a777683"", ""paragraph"": 6, ""pdf_block"": 6, ""pdf_page"": 49}",in accordance with what was agreed in the Belém communiqué,reviewed,False,belem communique,Belém communiqué,en
E00082,verbatim_en_2023_DEU:25,2023_DEU,2023,DEU,Western European and other States,data/analysis_ready_en/2023/2023_DEU.json,a06a05c3c755f7f79a5a6808d72518845f5682aad156f0f50fe09379f3945c5b,data/unga_general_debate_verbatim_en/UNGA78_2023/A_78_PV_5_EN.pdf,"{""bbox"": [60.0, 374.67, 302.59, 554.32], ""char_end"": 794, ""char_start"": 0, ""extracted_block"": 25, ""origin_file"": ""data/unga_general_debate_verbatim_en/UNGA78_2023/A_78_PV_5_EN.pdf"", ""origin_sha256"": ""1fd1f02bf9b81d164d370ceba895ce212a70768575600aa86413764e0570ea68"", ""paragraph"": 25, ""pdf_block"": 5, ""pdf_page"": 47}",common rules for the possible use of generative artificial intelligence as a weapon.,reviewed,False,generative ai,generative artificial intelligence,en
E00082,verbatim_en_2023_DEU:25,2023_DEU,2023,DEU,Western European and other States,data/analysis_ready_en/2023/2023_DEU.json,a06a05c3c755f7f79a5a6808d72518845f5682aad156f0f50fe09379f3945c5b,data/unga_general_debate_verbatim_en/UNGA78_2023/A_78_PV_5_EN.pdf,"{""bbox"": [60.0, 374.67, 302.59, 554.32], ""char_end"": 794, ""char_start"": 0, ""extracted_block"": 25, ""origin_file"": ""data/unga_general_debate_verbatim_en/UNGA78_2023/A_78_PV_5_EN.pdf"", ""origin_sha256"": ""1fd1f02bf9b81d164d370ceba895ce212a70768575600aa86413764e0570ea68"", ""paragraph"": 25, ""pdf_block"": 5, ""pdf_page"": 47}",Germany is actively fostering exchange on the Global Digital Compact.,reviewed,False,global digital compact,Global Digital Compact,en
E00083,verbatim_en_2023_ESP:40,2023_ESP,2023,ESP,Western European and other States,data/analysis_ready_en/2023/2023_ESP.json,15c8d0894d90b6f0fb7914a80dd51b578da10b0f5181a73da931ec16c681dee8,data/unga_general_debate_verbatim_en/UNGA78_2023/A_78_PV_7_EN.pdf,"{""bbox"": [312.0, 229.0, 554.6, 363.7], ""char_end"": 556, ""char_start"": 0, ""extracted_block"": 40, ""origin_file"": ""data/unga_general_debate_verbatim_en/UNGA78_2023/A_78_PV_7_EN.pdf"", ""origin_sha256"": ""007b3d8a13a8caa1ea16985b4ae596fbc00361eabf4c773945b30b6fc72a3418"", ""paragraph"": 40, ""pdf_block"": 9, ""pdf_page"": 47}",Spain is committed to supporting the Secretary-General’s Envoy on Technology,reviewed,False,envoy on technology,Secretary-General’s Envoy on Technology,en
E00083,verbatim_en_2023_ESP:40,2023_ESP,2023,ESP,Western European and other States,data/analysis_ready_en/2023/2023_ESP.json,15c8d0894d90b6f0fb7914a80dd51b578da10b0f5181a73da931ec16c681dee8,data/unga_general_debate_verbatim_en/UNGA78_2023/A_78_PV_7_EN.pdf,"{""bbox"": [312.0, 229.0, 554.6, 363.7], ""char_end"": 556, ""char_start"": 0, ""extracted_block"": 40, ""origin_file"": ""data/unga_general_debate_verbatim_en/UNGA78_2023/A_78_PV_7_EN.pdf"", ""origin_sha256"": ""007b3d8a13a8caa1ea16985b4ae596fbc00361eabf4c773945b30b6fc72a3418"", ""paragraph"": 40, ""pdf_block"": 9, ""pdf_page"": 47}",push globally for a more human-centric and rights-oriented digital transformation.,uncertain,False,human-centric,human-centric,en
E00083,verbatim_en_2023_ESP:40,2023_ESP,2023,ESP,Western European and other States,data/analysis_ready_en/2023/2023_ESP.json,15c8d0894d90b6f0fb7914a80dd51b578da10b0f5181a73da931ec16c681dee8,data/unga_general_debate_verbatim_en/UNGA78_2023/A_78_PV_7_EN.pdf,"{""bbox"": [312.0, 229.0, 554.6, 363.7], ""char_end"": 556, ""char_start"": 0, ""extracted_block"": 40, ""origin_file"": ""data/unga_general_debate_verbatim_en/UNGA78_2023/A_78_PV_7_EN.pdf"", ""origin_sha256"": ""007b3d8a13a8caa1ea16985b4ae596fbc00361eabf4c773945b30b6fc72a3418"", ""paragraph"": 40, ""pdf_block"": 9, ""pdf_page"": 47}",We would like to host the headquarters of a future international artificial intelligence agency.,reviewed,False,international ai agency,international artificial intelligence agency,en
E00086,verbatim_en_2023_GBR:5,2023_GBR,2023,GBR,Western European and other States,data/analysis_ready_en/2023/2023_GBR.json,d7d98a01c6410e0414dc4fdfd1bd5945298269bc0d353b2f1c82b48fe0633ec0,data/unga_general_debate_verbatim_en/UNGA78_2023/A_78_PV_11_EN.pdf,"{""bbox"": [312.0, 420.8, 554.59, 696.89], ""char_end"": 1195, ""char_start"": 0, ""extracted_block"": 5, ""origin_file"": ""data/unga_general_debate_verbatim_en/UNGA78_2023/A_78_PV_11_EN.pdf"", ""origin_sha256"": ""99050938438b0e47be9434b27e7ec03f0f9b4629073c2ce97192e7be8a777683"", ""paragraph"": 5, ""pdf_block"": 10, ""pdf_page"": 32}","Frontier AI, with the capacity to process the entirety of human knowledge in seconds",reviewed,False,frontier ai,Frontier AI,en
E00087,verbatim_en_2023_GBR:6,2023_GBR,2023,GBR,Western European and other States,data/analysis_ready_en/2023/2023_GBR.json,d7d98a01c6410e0414dc4fdfd1bd5945298269bc0d353b2f1c82b48fe0633ec0,data/unga_general_debate_verbatim_en/UNGA78_2023/A_78_PV_11_EN.pdf,"{""bbox"": [60.0, 83.65, 302.59, 231.82], ""char_end"": 619, ""char_start"": 0, ""extracted_block"": 6, ""origin_file"": ""data/unga_general_debate_verbatim_en/UNGA78_2023/A_78_PV_11_EN.pdf"", ""origin_sha256"": ""99050938438b0e47be9434b27e7ec03f0f9b4629073c2ce97192e7be8a777683"", ""paragraph"": 6, ""pdf_block"": 2, ""pdf_page"": 33}","Because in AI time, years are days, even hours.",uncertain,False,ai time,AI time,en
E00088,verbatim_en_2023_GBR:7,2023_GBR,2023,GBR,Western European and other States,data/analysis_ready_en/2023/2023_GBR.json,d7d98a01c6410e0414dc4fdfd1bd5945298269bc0d353b2f1c82b48fe0633ec0,data/unga_general_debate_verbatim_en/UNGA78_2023/A_78_PV_11_EN.pdf,"{""bbox"": [60.0, 236.6, 302.61, 543.95], ""char_end"": 1371, ""char_start"": 0, ""extracted_block"": 7, ""origin_file"": ""data/unga_general_debate_verbatim_en/UNGA78_2023/A_78_PV_11_EN.pdf"", ""origin_sha256"": ""99050938438b0e47be9434b27e7ec03f0f9b4629073c2ce97192e7be8a777683"", ""paragraph"": 7, ""pdf_block"": 3, ""pdf_page"": 33}","the potential of agentic frontier AI, which at once surpasses our collective intelligence",uncertain,False,agentic frontier ai,agentic frontier AI,en
E00088,verbatim_en_2023_GBR:7,2023_GBR,2023,GBR,Western European and other States,data/analysis_ready_en/2023/2023_GBR.json,d7d98a01c6410e0414dc4fdfd1bd5945298269bc0d353b2f1c82b48fe0633ec0,data/unga_general_debate_verbatim_en/UNGA78_2023/A_78_PV_11_EN.pdf,"{""bbox"": [60.0, 236.6, 302.61, 543.95], ""char_end"": 1371, ""char_start"": 0, ""extracted_block"": 7, ""origin_file"": ""data/unga_general_debate_verbatim_en/UNGA78_2023/A_78_PV_11_EN.pdf"", ""origin_sha256"": ""99050938438b0e47be9434b27e7ec03f0f9b4629073c2ce97192e7be8a777683"", ""paragraph"": 7, ""pdf_block"": 3, ""pdf_page"": 33}",the AI summit that the United Kingdom is hosting in November,uncertain,False,ai summit,AI summit,en
E00088,verbatim_en_2023_GBR:7,2023_GBR,2023,GBR,Western European and other States,data/analysis_ready_en/2023/2023_GBR.json,d7d98a01c6410e0414dc4fdfd1bd5945298269bc0d353b2f1c82b48fe0633ec0,data/unga_general_debate_verbatim_en/UNGA78_2023/A_78_PV_11_EN.pdf,"{""bbox"": [60.0, 236.6, 302.61, 543.95], ""char_end"": 1371, ""char_start"": 0, ""extracted_block"": 7, ""origin_file"": ""data/unga_general_debate_verbatim_en/UNGA78_2023/A_78_PV_11_EN.pdf"", ""origin_sha256"": ""99050938438b0e47be9434b27e7ec03f0f9b4629073c2ce97192e7be8a777683"", ""paragraph"": 7, ""pdf_block"": 3, ""pdf_page"": 33}",cybercriminals duping voters with deepfakes and bots,reviewed,False,deepfakes,deepfakes,en
E00088,verbatim_en_2023_GBR:7,2023_GBR,2023,GBR,Western European and other States,data/analysis_ready_en/2023/2023_GBR.json,d7d98a01c6410e0414dc4fdfd1bd5945298269bc0d353b2f1c82b48fe0633ec0,data/unga_general_debate_verbatim_en/UNGA78_2023/A_78_PV_11_EN.pdf,"{""bbox"": [60.0, 236.6, 302.61, 543.95], ""char_end"": 1371, ""char_start"": 0, ""extracted_block"": 7, ""origin_file"": ""data/unga_general_debate_verbatim_en/UNGA78_2023/A_78_PV_11_EN.pdf"", ""origin_sha256"": ""99050938438b0e47be9434b27e7ec03f0f9b4629073c2ce97192e7be8a777683"", ""paragraph"": 7, ""pdf_block"": 3, ""pdf_page"": 33}","the potential of agentic frontier AI, which at once surpasses our collective intelligence",uncertain,False,frontier ai,agentic frontier AI,en
E00088,verbatim_en_2023_GBR:7,2023_GBR,2023,GBR,Western European and other States,data/analysis_ready_en/2023/2023_GBR.json,d7d98a01c6410e0414dc4fdfd1bd5945298269bc0d353b2f1c82b48fe0633ec0,data/unga_general_debate_verbatim_en/UNGA78_2023/A_78_PV_11_EN.pdf,"{""bbox"": [60.0, 236.6, 302.61, 543.95], ""char_end"": 1371, ""char_start"": 0, ""extracted_block"": 7, ""origin_file"": ""data/unga_general_debate_verbatim_en/UNGA78_2023/A_78_PV_11_EN.pdf"", ""origin_sha256"": ""99050938438b0e47be9434b27e7ec03f0f9b4629073c2ce97192e7be8a777683"", ""paragraph"": 7, ""pdf_block"": 3, ""pdf_page"": 33}","misuse, misadventure or misalignment with human objectives.",reviewed,False,misalignment,misalignment,en
E00089,verbatim_en_2023_GBR:8,2023_GBR,2023,GBR,Western European and other States,data/analysis_ready_en/2023/2023_GBR.json,d7d98a01c6410e0414dc4fdfd1bd5945298269bc0d353b2f1c82b48fe0633ec0,data/unga_general_debate_verbatim_en/UNGA78_2023/A_78_PV_11_EN.pdf,"{""bbox"": [60.0, 548.72, 302.6, 696.89], ""char_end"": 649, ""char_start"": 0, ""extracted_block"": 8, ""origin_file"": ""data/unga_general_debate_verbatim_en/UNGA78_2023/A_78_PV_11_EN.pdf"", ""origin_sha256"": ""99050938438b0e47be9434b27e7ec03f0f9b4629073c2ce97192e7be8a777683"", ""paragraph"": 8, ""pdf_block"": 4, ""pdf_page"": 33}",the starting gun has been fired on a globally competitive race,uncertain,False,ai race,globally competitive race,en
E00089,verbatim_en_2023_GBR:8,2023_GBR,2023,GBR,Western European and other States,data/analysis_ready_en/2023/2023_GBR.json,d7d98a01c6410e0414dc4fdfd1bd5945298269bc0d353b2f1c82b48fe0633ec0,data/unga_general_debate_verbatim_en/UNGA78_2023/A_78_PV_11_EN.pdf,"{""bbox"": [60.0, 548.72, 302.6, 696.89], ""char_end"": 649, ""char_start"": 0, ""extracted_block"": 8, ""origin_file"": ""data/unga_general_debate_verbatim_en/UNGA78_2023/A_78_PV_11_EN.pdf"", ""origin_sha256"": ""99050938438b0e47be9434b27e7ec03f0f9b4629073c2ce97192e7be8a777683"", ""paragraph"": 8, ""pdf_block"": 4, ""pdf_page"": 33}",the stated aim of those companies is to build superintelligence,reviewed,False,superintelligence,superintelligence,en
E00089,verbatim_en_2023_GBR:8,2023_GBR,2023,GBR,Western European and other States,data/analysis_ready_en/2023/2023_GBR.json,d7d98a01c6410e0414dc4fdfd1bd5945298269bc0d353b2f1c82b48fe0633ec0,data/unga_general_debate_verbatim_en/UNGA78_2023/A_78_PV_11_EN.pdf,"{""bbox"": [60.0, 548.72, 302.6, 696.89], ""char_end"": 649, ""char_start"": 0, ""extracted_block"": 8, ""origin_file"": ""data/unga_general_debate_verbatim_en/UNGA78_2023/A_78_PV_11_EN.pdf"", ""origin_sha256"": ""99050938438b0e47be9434b27e7ec03f0f9b4629073c2ce97192e7be8a777683"", ""paragraph"": 8, ""pdf_block"": 4, ""pdf_page"": 33}",their voluntary commitments that provide guardrails against unsafe deployment,reviewed,False,voluntary commitments,voluntary commitments,en
E00092,verbatim_en_2023_GBR:11,2023_GBR,2023,GBR,Western European and other States,data/analysis_ready_en/2023/2023_GBR.json,d7d98a01c6410e0414dc4fdfd1bd5945298269bc0d353b2f1c82b48fe0633ec0,data/unga_general_debate_verbatim_en/UNGA78_2023/A_78_PV_11_EN.pdf,"{""bbox"": [312.0, 231.9, 554.6, 369.23], ""char_end"": 550, ""char_start"": 0, ""extracted_block"": 11, ""origin_file"": ""data/unga_general_debate_verbatim_en/UNGA78_2023/A_78_PV_11_EN.pdf"", ""origin_sha256"": ""99050938438b0e47be9434b27e7ec03f0f9b4629073c2ce97192e7be8a777683"", ""paragraph"": 11, ""pdf_block"": 7, ""pdf_page"": 33}",We must be frontier Governments alongside frontier innovators.,reviewed,False,frontier governments,frontier Governments,en
E00092,verbatim_en_2023_GBR:11,2023_GBR,2023,GBR,Western European and other States,data/analysis_ready_en/2023/2023_GBR.json,d7d98a01c6410e0414dc4fdfd1bd5945298269bc0d353b2f1c82b48fe0633ec0,data/unga_general_debate_verbatim_en/UNGA78_2023/A_78_PV_11_EN.pdf,"{""bbox"": [312.0, 231.9, 554.6, 369.23], ""char_end"": 550, ""char_start"": 0, ""extracted_block"": 11, ""origin_file"": ""data/unga_general_debate_verbatim_en/UNGA78_2023/A_78_PV_11_EN.pdf"", ""origin_sha256"": ""99050938438b0e47be9434b27e7ec03f0f9b4629073c2ce97192e7be8a777683"", ""paragraph"": 11, ""pdf_block"": 7, ""pdf_page"": 33}","the necessary guardrails, regulation and governance must be developed",uncertain,False,guardrails,guardrails,en
E00093,verbatim_en_2023_GBR:12,2023_GBR,2023,GBR,Western European and other States,data/analysis_ready_en/2023/2023_GBR.json,d7d98a01c6410e0414dc4fdfd1bd5945298269bc0d353b2f1c82b48fe0633ec0,data/unga_general_debate_verbatim_en/UNGA78_2023/A_78_PV_11_EN.pdf,"{""bbox"": [312.0, 374.15, 554.58, 449.55], ""char_end"": 256, ""char_start"": 0, ""extracted_block"": 12, ""origin_file"": ""data/unga_general_debate_verbatim_en/UNGA78_2023/A_78_PV_11_EN.pdf"", ""origin_sha256"": ""99050938438b0e47be9434b27e7ec03f0f9b4629073c2ce97192e7be8a777683"", ""paragraph"": 12, ""pdf_block"": 8, ""pdf_page"": 33}",the Global Partnership on AI,reviewed,False,global partnership on ai,Global Partnership on AI,en
E00093,verbatim_en_2023_GBR:12,2023_GBR,2023,GBR,Western European and other States,data/analysis_ready_en/2023/2023_GBR.json,d7d98a01c6410e0414dc4fdfd1bd5945298269bc0d353b2f1c82b48fe0633ec0,data/unga_general_debate_verbatim_en/UNGA78_2023/A_78_PV_11_EN.pdf,"{""bbox"": [312.0, 374.15, 554.58, 449.55], ""char_end"": 256, ""char_start"": 0, ""extracted_block"": 12, ""origin_file"": ""data/unga_general_debate_verbatim_en/UNGA78_2023/A_78_PV_11_EN.pdf"", ""origin_sha256"": ""99050938438b0e47be9434b27e7ec03f0f9b4629073c2ce97192e7be8a777683"", ""paragraph"": 12, ""pdf_block"": 8, ""pdf_page"": 33}",the Group of Seven’s Hiroshima AI Process,reviewed,False,hiroshima ai process,Hiroshima AI Process,en
E00094,verbatim_en_2023_GBR:13,2023_GBR,2023,GBR,Western European and other States,data/analysis_ready_en/2023/2023_GBR.json,d7d98a01c6410e0414dc4fdfd1bd5945298269bc0d353b2f1c82b48fe0633ec0,data/unga_general_debate_verbatim_en/UNGA78_2023/A_78_PV_11_EN.pdf,"{""bbox"": [312.0, 454.47, 554.59, 567.03], ""char_end"": 484, ""char_start"": 0, ""extracted_block"": 13, ""origin_file"": ""data/unga_general_debate_verbatim_en/UNGA78_2023/A_78_PV_11_EN.pdf"", ""origin_sha256"": ""99050938438b0e47be9434b27e7ec03f0f9b4629073c2ce97192e7be8a777683"", ""paragraph"": 13, ""pdf_block"": 9, ""pdf_page"": 33}",our Prime Minister has put AI safety at the forefront of his ambitions,reviewed,False,ai safety,AI safety,en
E00094,verbatim_en_2023_GBR:13,2023_GBR,2023,GBR,Western European and other States,data/analysis_ready_en/2023/2023_GBR.json,d7d98a01c6410e0414dc4fdfd1bd5945298269bc0d353b2f1c82b48fe0633ec0,data/unga_general_debate_verbatim_en/UNGA78_2023/A_78_PV_11_EN.pdf,"{""bbox"": [312.0, 454.47, 554.59, 567.03], ""char_end"": 484, ""char_start"": 0, ""extracted_block"": 13, ""origin_file"": ""data/unga_general_debate_verbatim_en/UNGA78_2023/A_78_PV_11_EN.pdf"", ""origin_sha256"": ""99050938438b0e47be9434b27e7ec03f0f9b4629073c2ce97192e7be8a777683"", ""paragraph"": 13, ""pdf_block"": 9, ""pdf_page"": 33}",some of the highest investment in generative artificial intelligence (AI),reviewed,False,generative ai,generative artificial intelligence,en
E00095,verbatim_en_2023_GBR:14,2023_GBR,2023,GBR,Western European and other States,data/analysis_ready_en/2023/2023_GBR.json,d7d98a01c6410e0414dc4fdfd1bd5945298269bc0d353b2f1c82b48fe0633ec0,data/unga_general_debate_verbatim_en/UNGA78_2023/A_78_PV_11_EN.pdf,"{""bbox"": [312.0, 571.94, 554.59, 696.89], ""char_end"": 526, ""char_start"": 0, ""extracted_block"": 14, ""origin_file"": ""data/unga_general_debate_verbatim_en/UNGA78_2023/A_78_PV_11_EN.pdf"", ""origin_sha256"": ""99050938438b0e47be9434b27e7ec03f0f9b4629073c2ce97192e7be8a777683"", ""paragraph"": 14, ""pdf_block"": 10, ""pdf_page"": 33}","Our first ever AI summit, in November, will kick-start that process",uncertain,False,ai safety summit,AI summit,en
E00095,verbatim_en_2023_GBR:14,2023_GBR,2023,GBR,Western European and other States,data/analysis_ready_en/2023/2023_GBR.json,d7d98a01c6410e0414dc4fdfd1bd5945298269bc0d353b2f1c82b48fe0633ec0,data/unga_general_debate_verbatim_en/UNGA78_2023/A_78_PV_11_EN.pdf,"{""bbox"": [312.0, 571.94, 554.59, 696.89], ""char_end"": 526, ""char_start"": 0, ""extracted_block"": 14, ""origin_file"": ""data/unga_general_debate_verbatim_en/UNGA78_2023/A_78_PV_11_EN.pdf"", ""origin_sha256"": ""99050938438b0e47be9434b27e7ec03f0f9b4629073c2ce97192e7be8a777683"", ""paragraph"": 14, ""pdf_block"": 10, ""pdf_page"": 33}","Our first ever AI summit, in November",uncertain,False,ai summit,AI summit,en
E00095,verbatim_en_2023_GBR:14,2023_GBR,2023,GBR,Western European and other States,data/analysis_ready_en/2023/2023_GBR.json,d7d98a01c6410e0414dc4fdfd1bd5945298269bc0d353b2f1c82b48fe0633ec0,data/unga_general_debate_verbatim_en/UNGA78_2023/A_78_PV_11_EN.pdf,"{""bbox"": [312.0, 571.94, 554.59, 696.89], ""char_end"": 526, ""char_start"": 0, ""extracted_block"": 14, ""origin_file"": ""data/unga_general_debate_verbatim_en/UNGA78_2023/A_78_PV_11_EN.pdf"", ""origin_sha256"": ""99050938438b0e47be9434b27e7ec03f0f9b4629073c2ce97192e7be8a777683"", ""paragraph"": 14, ""pdf_block"": 10, ""pdf_page"": 33}",with a focus on frontier technology,uncertain,False,frontier technology,frontier technology,en
E00095,verbatim_en_2023_GBR:14,2023_GBR,2023,GBR,Western European and other States,data/analysis_ready_en/2023/2023_GBR.json,d7d98a01c6410e0414dc4fdfd1bd5945298269bc0d353b2f1c82b48fe0633ec0,data/unga_general_debate_verbatim_en/UNGA78_2023/A_78_PV_11_EN.pdf,"{""bbox"": [312.0, 571.94, 554.59, 696.89], ""char_end"": 526, ""char_start"": 0, ""extracted_block"": 14, ""origin_file"": ""data/unga_general_debate_verbatim_en/UNGA78_2023/A_78_PV_11_EN.pdf"", ""origin_sha256"": ""99050938438b0e47be9434b27e7ec03f0f9b4629073c2ce97192e7be8a777683"", ""paragraph"": 14, ""pdf_block"": 10, ""pdf_page"": 33}",that challenge requires a new form of multilateralism,reviewed,False,new form of multilateralism,new form of multilateralism,en
E00096,verbatim_en_2023_GBR:15,2023_GBR,2023,GBR,Western European and other States,data/analysis_ready_en/2023/2023_GBR.json,d7d98a01c6410e0414dc4fdfd1bd5945298269bc0d353b2f1c82b48fe0633ec0,data/unga_general_debate_verbatim_en/UNGA78_2023/A_78_PV_11_EN.pdf,"{""bbox"": [60.0, 83.65, 302.6, 218.35], ""char_end"": 586, ""char_start"": 0, ""extracted_block"": 15, ""origin_file"": ""data/unga_general_debate_verbatim_en/UNGA78_2023/A_78_PV_11_EN.pdf"", ""origin_sha256"": ""99050938438b0e47be9434b27e7ec03f0f9b4629073c2ce97192e7be8a777683"", ""paragraph"": 15, ""pdf_block"": 2, ""pdf_page"": 34}",the potential to undermine biosecurity,reviewed,False,biosecurity,biosecurity,en
E00096,verbatim_en_2023_GBR:15,2023_GBR,2023,GBR,Western European and other States,data/analysis_ready_en/2023/2023_GBR.json,d7d98a01c6410e0414dc4fdfd1bd5945298269bc0d353b2f1c82b48fe0633ec0,data/unga_general_debate_verbatim_en/UNGA78_2023/A_78_PV_11_EN.pdf,"{""bbox"": [60.0, 83.65, 302.6, 218.35], ""char_end"": 586, ""char_start"": 0, ""extracted_block"": 15, ""origin_file"": ""data/unga_general_debate_verbatim_en/UNGA78_2023/A_78_PV_11_EN.pdf"", ""origin_sha256"": ""99050938438b0e47be9434b27e7ec03f0f9b4629073c2ce97192e7be8a777683"", ""paragraph"": 15, ""pdf_block"": 2, ""pdf_page"": 34}",the danger of losing control of the machines themselves,reviewed,False,loss of control,losing control of the machines,en
E00096,verbatim_en_2023_GBR:15,2023_GBR,2023,GBR,Western European and other States,data/analysis_ready_en/2023/2023_GBR.json,d7d98a01c6410e0414dc4fdfd1bd5945298269bc0d353b2f1c82b48fe0633ec0,data/unga_general_debate_verbatim_en/UNGA78_2023/A_78_PV_11_EN.pdf,"{""bbox"": [60.0, 83.65, 302.6, 218.35], ""char_end"": 586, ""char_start"": 0, ""extracted_block"": 15, ""origin_file"": ""data/unga_general_debate_verbatim_en/UNGA78_2023/A_78_PV_11_EN.pdf"", ""origin_sha256"": ""99050938438b0e47be9434b27e7ec03f0f9b4629073c2ce97192e7be8a777683"", ""paragraph"": 15, ""pdf_block"": 2, ""pdf_page"": 34}",“[m]itigating the risk of extinction from AI should be a global priority,reviewed,False,risk of extinction from ai,risk of extinction from AI,en
E00097,verbatim_en_2023_GBR:16,2023_GBR,2023,GBR,Western European and other States,data/analysis_ready_en/2023/2023_GBR.json,d7d98a01c6410e0414dc4fdfd1bd5945298269bc0d353b2f1c82b48fe0633ec0,data/unga_general_debate_verbatim_en/UNGA78_2023/A_78_PV_11_EN.pdf,"{""bbox"": [60.0, 223.0, 302.58, 309.21], ""char_end"": 373, ""char_start"": 0, ""extracted_block"": 16, ""origin_file"": ""data/unga_general_debate_verbatim_en/UNGA78_2023/A_78_PV_11_EN.pdf"", ""origin_sha256"": ""99050938438b0e47be9434b27e7ec03f0f9b4629073c2ce97192e7be8a777683"", ""paragraph"": 16, ""pdf_block"": 3, ""pdf_page"": 34}",ignore this expert consensus at the peril of all of our citizens,uncertain,False,expert consensus,expert consensus,en
E00097,verbatim_en_2023_GBR:16,2023_GBR,2023,GBR,Western European and other States,data/analysis_ready_en/2023/2023_GBR.json,d7d98a01c6410e0414dc4fdfd1bd5945298269bc0d353b2f1c82b48fe0633ec0,data/unga_general_debate_verbatim_en/UNGA78_2023/A_78_PV_11_EN.pdf,"{""bbox"": [60.0, 223.0, 302.58, 309.21], ""char_end"": 373, ""char_start"": 0, ""extracted_block"": 16, ""origin_file"": ""data/unga_general_debate_verbatim_en/UNGA78_2023/A_78_PV_11_EN.pdf"", ""origin_sha256"": ""99050938438b0e47be9434b27e7ec03f0f9b4629073c2ce97192e7be8a777683"", ""paragraph"": 16, ""pdf_block"": 3, ""pdf_page"": 34}",how safe AI can be used for public good,uncertain,False,safe ai,safe AI,en
E00099,verbatim_en_2023_GBR:18,2023_GBR,2023,GBR,Western European and other States,data/analysis_ready_en/2023/2023_GBR.json,d7d98a01c6410e0414dc4fdfd1bd5945298269bc0d353b2f1c82b48fe0633ec0,data/unga_general_debate_verbatim_en/UNGA78_2023/A_78_PV_11_EN.pdf,"{""bbox"": [60.0, 368.35, 302.6, 478.8], ""char_end"": 497, ""char_start"": 0, ""extracted_block"": 18, ""origin_file"": ""data/unga_general_debate_verbatim_en/UNGA78_2023/A_78_PV_11_EN.pdf"", ""origin_sha256"": ""99050938438b0e47be9434b27e7ec03f0f9b4629073c2ce97192e7be8a777683"", ""paragraph"": 18, ""pdf_block"": 5, ""pdf_page"": 34}",Technology companies must not mark their own homework,reviewed,False,mark their own homework,mark their own homework,en
E00100,verbatim_en_2023_GBR:19,2023_GBR,2023,GBR,Western European and other States,data/analysis_ready_en/2023/2023_GBR.json,d7d98a01c6410e0414dc4fdfd1bd5945298269bc0d353b2f1c82b48fe0633ec0,data/unga_general_debate_verbatim_en/UNGA78_2023/A_78_PV_11_EN.pdf,"{""bbox"": [60.0, 483.46, 302.59, 618.15], ""char_end"": 571, ""char_start"": 0, ""extracted_block"": 19, ""origin_file"": ""data/unga_general_debate_verbatim_en/UNGA78_2023/A_78_PV_11_EN.pdf"", ""origin_sha256"": ""99050938438b0e47be9434b27e7ec03f0f9b4629073c2ce97192e7be8a777683"", ""paragraph"": 19, ""pdf_block"": 6, ""pdf_page"": 34}",the United Kingdom’s world-leading Frontier AI Taskforce,reviewed,False,frontier ai taskforce,Frontier AI Taskforce,en
E00100,verbatim_en_2023_GBR:19,2023_GBR,2023,GBR,Western European and other States,data/analysis_ready_en/2023/2023_GBR.json,d7d98a01c6410e0414dc4fdfd1bd5945298269bc0d353b2f1c82b48fe0633ec0,data/unga_general_debate_verbatim_en/UNGA78_2023/A_78_PV_11_EN.pdf,"{""bbox"": [60.0, 483.46, 302.59, 618.15], ""char_end"": 571, ""char_start"": 0, ""extracted_block"": 19, ""origin_file"": ""data/unga_general_debate_verbatim_en/UNGA78_2023/A_78_PV_11_EN.pdf"", ""origin_sha256"": ""99050938438b0e47be9434b27e7ec03f0f9b4629073c2ce97192e7be8a777683"", ""paragraph"": 19, ""pdf_block"": 6, ""pdf_page"": 34}",critical to building confidence in frontier models,reviewed,False,frontier models,frontier models,en
E00100,verbatim_en_2023_GBR:19,2023_GBR,2023,GBR,Western European and other States,data/analysis_ready_en/2023/2023_GBR.json,d7d98a01c6410e0414dc4fdfd1bd5945298269bc0d353b2f1c82b48fe0633ec0,data/unga_general_debate_verbatim_en/UNGA78_2023/A_78_PV_11_EN.pdf,"{""bbox"": [60.0, 483.46, 302.59, 618.15], ""char_end"": 571, ""char_start"": 0, ""extracted_block"": 19, ""origin_file"": ""data/unga_general_debate_verbatim_en/UNGA78_2023/A_78_PV_11_EN.pdf"", ""origin_sha256"": ""99050938438b0e47be9434b27e7ec03f0f9b4629073c2ce97192e7be8a777683"", ""paragraph"": 19, ""pdf_block"": 6, ""pdf_page"": 34}",the safe external red-teaming,reviewed,False,red-teaming,red-teaming,en
E00103,verbatim_en_2023_GBR:22,2023_GBR,2023,GBR,Western European and other States,data/analysis_ready_en/2023/2023_GBR.json,d7d98a01c6410e0414dc4fdfd1bd5945298269bc0d353b2f1c82b48fe0633ec0,data/unga_general_debate_verbatim_en/UNGA78_2023/A_78_PV_11_EN.pdf,"{""bbox"": [312.0, 220.97, 554.61, 306.06], ""char_end"": 337, ""char_start"": 0, ""extracted_block"": 22, ""origin_file"": ""data/unga_general_debate_verbatim_en/UNGA78_2023/A_78_PV_11_EN.pdf"", ""origin_sha256"": ""99050938438b0e47be9434b27e7ec03f0f9b4629073c2ce97192e7be8a777683"", ""paragraph"": 22, ""pdf_block"": 9, ""pdf_page"": 34}",The AI revolution will be a bracing test for the multilateral system,reviewed,False,ai revolution,AI revolution,en
E00104,verbatim_en_2023_IDN:10,2023_IDN,2023,IDN,Asia-Pacific States,data/analysis_ready_en/2023/2023_IDN.json,43c8be65100de033d438397764f7cda85f41b7d6c9b4015e9718a9aeae23720d,data/unga_general_debate_verbatim_en/UNGA78_2023/A_78_PV_12_EN.pdf,"{""bbox"": [60.0, 83.65, 302.61, 277.05], ""char_end"": 838, ""char_start"": 0, ""extracted_block"": 10, ""origin_file"": ""data/unga_general_debate_verbatim_en/UNGA78_2023/A_78_PV_12_EN.pdf"", ""origin_sha256"": ""8a5c863a0816730949737fc85e998b59d86874d0a654ec37a3f6875d4883fcce"", ""paragraph"": 10, ""pdf_block"": 2, ""pdf_page"": 34}","Access to safe and secure digital technology for developing countries, including artificial intelligence",uncertain,False,safe and secure digital technology,safe and secure digital technology,en
E00105,verbatim_en_2023_IND:9,2023_IND,2023,IND,Asia-Pacific States,data/analysis_ready_en/2023/2023_IND.json,9582950ec9f15209d2d25fe36fcc4d06d189695f0ee255fb550e744b7c662209,data/unga_general_debate_verbatim_en/UNGA78_2023/A_78_PV_14_EN.pdf,"{""bbox"": [60.0, 362.3, 302.6, 521.21], ""char_end"": 661, ""char_start"": 0, ""extracted_block"": 9, ""origin_file"": ""data/unga_general_debate_verbatim_en/UNGA78_2023/A_78_PV_14_EN.pdf"", ""origin_sha256"": ""f7777278ae6f972e5a5c51651b7e481ee10faf9348d2ce7dda837a88a7a15e7a"", ""paragraph"": 9, ""pdf_block"": 4, ""pdf_page"": 2}",the responsible harnessing of artificial intelligence.,reviewed,False,responsible ai,responsible harnessing of artificial intelligence,en
E00106,verbatim_en_2023_ISL:15,2023_ISL,2023,ISL,Western European and other States,data/analysis_ready_en/2023/2023_ISL.json,5487098fa52ceda2e5707c173e67ce97a6d7b0988efdb036576577e8755b77f7,data/unga_general_debate_verbatim_en/UNGA78_2023/A_78_PV_12_EN.pdf,"{""bbox"": [60.0, 221.6, 302.59, 355.02], ""char_end"": 587, ""char_start"": 0, ""extracted_block"": 15, ""origin_file"": ""data/unga_general_debate_verbatim_en/UNGA78_2023/A_78_PV_12_EN.pdf"", ""origin_sha256"": ""8a5c863a0816730949737fc85e998b59d86874d0a654ec37a3f6875d4883fcce"", ""paragraph"": 15, ""pdf_block"": 3, ""pdf_page"": 49}",artificially generated misinformation that is intended to sow discord and disunity.,uncertain,False,ai-generated misinformation,artificially generated misinformation,en
E00106,verbatim_en_2023_ISL:15,2023_ISL,2023,ISL,Western European and other States,data/analysis_ready_en/2023/2023_ISL.json,5487098fa52ceda2e5707c173e67ce97a6d7b0988efdb036576577e8755b77f7,data/unga_general_debate_verbatim_en/UNGA78_2023/A_78_PV_12_EN.pdf,"{""bbox"": [60.0, 221.6, 302.59, 355.02], ""char_end"": 587, ""char_start"": 0, ""extracted_block"": 15, ""origin_file"": ""data/unga_general_debate_verbatim_en/UNGA78_2023/A_78_PV_12_EN.pdf"", ""origin_sha256"": ""8a5c863a0816730949737fc85e998b59d86874d0a654ec37a3f6875d4883fcce"", ""paragraph"": 15, ""pdf_block"": 3, ""pdf_page"": 49}","not for programmed bots that spread hate, lies and fear",reviewed,False,bots,programmed bots,en
E00107,verbatim_en_2023_ISR:27,2023_ISR,2023,ISR,Western European and other States,data/analysis_ready_en/2023/2023_ISR.json,718987e0eaedf39e4d7e0f31f8ca847ddc266f58cc98ea5941e90b89fcbfb155,data/unga_general_debate_verbatim_en/UNGA78_2023/A_78_PV_10_EN.pdf,"{""bbox"": [60.0, 620.84, 302.61, 696.89], ""char_end"": 320, ""char_start"": 0, ""extracted_block"": 27, ""origin_file"": ""data/unga_general_debate_verbatim_en/UNGA78_2023/A_78_PV_10_EN.pdf"", ""origin_sha256"": ""d0c1970be1a8d9e32af5de45630952691679491dac03dde6ff3cc9e95d57241b"", ""paragraph"": 27, ""pdf_block"": 6, ""pdf_page"": 6}",The AI revolution is progressing at lightning speed.,reviewed,False,ai revolution,AI revolution,en
E00108,verbatim_en_2023_ISR:28,2023_ISR,2023,ISR,Western European and other States,data/analysis_ready_en/2023/2023_ISR.json,718987e0eaedf39e4d7e0f31f8ca847ddc266f58cc98ea5941e90b89fcbfb155,data/unga_general_debate_verbatim_en/UNGA78_2023/A_78_PV_10_EN.pdf,"{""bbox"": [312.0, 83.65, 554.61, 109.24], ""char_end"": 110, ""char_start"": 0, ""extracted_block"": 28, ""origin_file"": ""data/unga_general_debate_verbatim_en/UNGA78_2023/A_78_PV_10_EN.pdf"", ""origin_sha256"": ""d0c1970be1a8d9e32af5de45630952691679491dac03dde6ff3cc9e95d57241b"", ""paragraph"": 28, ""pdf_block"": 7, ""pdf_page"": 6}",We may have but a few years to adapt to the AI revolution.,reviewed,False,ai revolution,AI revolution,en
E00109,verbatim_en_2023_ISR:29,2023_ISR,2023,ISR,Western European and other States,data/analysis_ready_en/2023/2023_ISR.json,718987e0eaedf39e4d7e0f31f8ca847ddc266f58cc98ea5941e90b89fcbfb155,data/unga_general_debate_verbatim_en/UNGA78_2023/A_78_PV_10_EN.pdf,"{""bbox"": [312.0, 113.89, 554.6, 236.45], ""char_end"": 504, ""char_start"": 0, ""extracted_block"": 29, ""origin_file"": ""data/unga_general_debate_verbatim_en/UNGA78_2023/A_78_PV_10_EN.pdf"", ""origin_sha256"": ""d0c1970be1a8d9e32af5de45630952691679491dac03dde6ff3cc9e95d57241b"", ""paragraph"": 29, ""pdf_block"": 8, ""pdf_page"": 6}",the potential eruption of AI-driven wars that could achieve an unimaginable scale,reviewed,False,ai-driven wars,AI-driven wars,en
E00109,verbatim_en_2023_ISR:29,2023_ISR,2023,ISR,Western European and other States,data/analysis_ready_en/2023/2023_ISR.json,718987e0eaedf39e4d7e0f31f8ca847ddc266f58cc98ea5941e90b89fcbfb155,data/unga_general_debate_verbatim_en/UNGA78_2023/A_78_PV_10_EN.pdf,"{""bbox"": [312.0, 113.89, 554.6, 236.45], ""char_end"": 504, ""char_start"": 0, ""extracted_block"": 29, ""origin_file"": ""data/unga_general_debate_verbatim_en/UNGA78_2023/A_78_PV_10_EN.pdf"", ""origin_sha256"": ""d0c1970be1a8d9e32af5de45630952691679491dac03dde6ff3cc9e95d57241b"", ""paragraph"": 29, ""pdf_block"": 8, ""pdf_page"": 6}",the manipulation of minds,uncertain,False,manipulation of minds,manipulation of minds,en
E00109,verbatim_en_2023_ISR:29,2023_ISR,2023,ISR,Western European and other States,data/analysis_ready_en/2023/2023_ISR.json,718987e0eaedf39e4d7e0f31f8ca847ddc266f58cc98ea5941e90b89fcbfb155,data/unga_general_debate_verbatim_en/UNGA78_2023/A_78_PV_10_EN.pdf,"{""bbox"": [312.0, 113.89, 554.6, 236.45], ""char_end"": 504, ""char_start"": 0, ""extracted_block"": 29, ""origin_file"": ""data/unga_general_debate_verbatim_en/UNGA78_2023/A_78_PV_10_EN.pdf"", ""origin_sha256"": ""d0c1970be1a8d9e32af5de45630952691679491dac03dde6ff3cc9e95d57241b"", ""paragraph"": 29, ""pdf_block"": 8, ""pdf_page"": 6}",that self-taught machines could eventually control humans instead of the other way around,reviewed,False,self-taught machines,self-taught machines,en
E00110,verbatim_en_2023_ISR:30,2023_ISR,2023,ISR,Western European and other States,data/analysis_ready_en/2023/2023_ISR.json,718987e0eaedf39e4d7e0f31f8ca847ddc266f58cc98ea5941e90b89fcbfb155,data/unga_general_debate_verbatim_en/UNGA78_2023/A_78_PV_10_EN.pdf,"{""bbox"": [312.0, 241.1, 554.6, 557.57], ""char_end"": 1380, ""char_start"": 0, ""extracted_block"": 30, ""origin_file"": ""data/unga_general_debate_verbatim_en/UNGA78_2023/A_78_PV_10_EN.pdf"", ""origin_sha256"": ""d0c1970be1a8d9e32af5de45630952691679491dac03dde6ff3cc9e95d57241b"", ""paragraph"": 30, ""pdf_block"": 9, ""pdf_page"": 6}",the promise of an AI utopia does not turn into an AI dystopia,reviewed,False,ai dystopia,AI dystopia,en
E00110,verbatim_en_2023_ISR:30,2023_ISR,2023,ISR,Western European and other States,data/analysis_ready_en/2023/2023_ISR.json,718987e0eaedf39e4d7e0f31f8ca847ddc266f58cc98ea5941e90b89fcbfb155,data/unga_general_debate_verbatim_en/UNGA78_2023/A_78_PV_10_EN.pdf,"{""bbox"": [312.0, 241.1, 554.6, 557.57], ""char_end"": 1380, ""char_start"": 0, ""extracted_block"": 30, ""origin_file"": ""data/unga_general_debate_verbatim_en/UNGA78_2023/A_78_PV_10_EN.pdf"", ""origin_sha256"": ""d0c1970be1a8d9e32af5de45630952691679491dac03dde6ff3cc9e95d57241b"", ""paragraph"": 30, ""pdf_block"": 9, ""pdf_page"": 6}",the promise of an AI utopia does not turn into an AI dystopia,reviewed,False,ai utopia,AI utopia,en
E00110,verbatim_en_2023_ISR:30,2023_ISR,2023,ISR,Western European and other States,data/analysis_ready_en/2023/2023_ISR.json,718987e0eaedf39e4d7e0f31f8ca847ddc266f58cc98ea5941e90b89fcbfb155,data/unga_general_debate_verbatim_en/UNGA78_2023/A_78_PV_10_EN.pdf,"{""bbox"": [312.0, 241.1, 554.6, 557.57], ""char_end"": 1380, ""char_start"": 0, ""extracted_block"": 30, ""origin_file"": ""data/unga_general_debate_verbatim_en/UNGA78_2023/A_78_PV_10_EN.pdf"", ""origin_sha256"": ""d0c1970be1a8d9e32af5de45630952691679491dac03dde6ff3cc9e95d57241b"", ""paragraph"": 30, ""pdf_block"": 9, ""pdf_page"": 6}",predictive medicine that prevents diseases,uncertain,False,predictive medicine,predictive medicine,en
E00113,verbatim_en_2023_ISR:33,2023_ISR,2023,ISR,Western European and other States,data/analysis_ready_en/2023/2023_ISR.json,718987e0eaedf39e4d7e0f31f8ca847ddc266f58cc98ea5941e90b89fcbfb155,data/unga_general_debate_verbatim_en/UNGA78_2023/A_78_PV_10_EN.pdf,"{""bbox"": [60.0, 114.44, 302.61, 338.62], ""char_end"": 930, ""char_start"": 0, ""extracted_block"": 33, ""origin_file"": ""data/unga_general_debate_verbatim_en/UNGA78_2023/A_78_PV_10_EN.pdf"", ""origin_sha256"": ""d0c1970be1a8d9e32af5de45630952691679491dac03dde6ff3cc9e95d57241b"", ""paragraph"": 33, ""pdf_block"": 3, ""pdf_page"": 7}",combining the forces of human and machine intelligence,reviewed,False,human and machine intelligence,human and machine intelligence,en
E00115,verbatim_en_2023_ITA:20,2023_ITA,2023,ITA,Western European and other States,data/analysis_ready_en/2023/2023_ITA.json,9c821ba6ee3fc05ac12ffe053955d261db1a8e66de8edbea2eff84eebc5af7fd,data/unga_general_debate_verbatim_en/UNGA78_2023/A_78_PV_7_EN.pdf,"{""bbox"": [312.0, 83.65, 554.59, 199.48], ""char_end"": 448, ""char_start"": 0, ""extracted_block"": 20, ""origin_file"": ""data/unga_general_debate_verbatim_en/UNGA78_2023/A_78_PV_7_EN.pdf"", ""origin_sha256"": ""007b3d8a13a8caa1ea16985b4ae596fbc00361eabf4c773945b30b6fc72a3418"", ""paragraph"": 20, ""pdf_block"": 7, ""pdf_page"": 43}",today the human intellect risks being replaced,uncertain,False,job displacement,human intellect risks being replaced,en
E00116,verbatim_en_2023_ITA:21,2023_ITA,2023,ITA,Western European and other States,data/analysis_ready_en/2023/2023_ITA.json,9c821ba6ee3fc05ac12ffe053955d261db1a8e66de8edbea2eff84eebc5af7fd,data/unga_general_debate_verbatim_en/UNGA78_2023/A_78_PV_7_EN.pdf,"{""bbox"": [312.0, 204.81, 554.6, 307.84], ""char_end"": 412, ""char_start"": 0, ""extracted_block"": 21, ""origin_file"": ""data/unga_general_debate_verbatim_en/UNGA78_2023/A_78_PV_7_EN.pdf"", ""origin_sha256"": ""007b3d8a13a8caa1ea16985b4ae596fbc00361eabf4c773945b30b6fc72a3418"", ""paragraph"": 21, ""pdf_block"": 8, ""pdf_page"": 43}","the concept of “algorethics”, that is, ethics for algorithms.",reviewed,False,algorethics,algorethics,en
E00116,verbatim_en_2023_ITA:21,2023_ITA,2023,ITA,Western European and other States,data/analysis_ready_en/2023/2023_ITA.json,9c821ba6ee3fc05ac12ffe053955d261db1a8e66de8edbea2eff84eebc5af7fd,data/unga_general_debate_verbatim_en/UNGA78_2023/A_78_PV_7_EN.pdf,"{""bbox"": [312.0, 204.81, 554.6, 307.84], ""char_end"": 412, ""char_start"": 0, ""extracted_block"": 21, ""origin_file"": ""data/unga_general_debate_verbatim_en/UNGA78_2023/A_78_PV_7_EN.pdf"", ""origin_sha256"": ""007b3d8a13a8caa1ea16985b4ae596fbc00361eabf4c773945b30b6fc72a3418"", ""paragraph"": 21, ""pdf_block"": 8, ""pdf_page"": 43}",We need global governance mechanisms,reviewed,False,global governance mechanisms,global governance mechanisms,en
E00118,verbatim_en_2023_JPN:13,2023_JPN,2023,JPN,Asia-Pacific States,data/analysis_ready_en/2023/2023_JPN.json,9cadb1e6aadb450a838efe4ead70eac282059bd4ffacda5d4958aab8cf921dce,data/unga_general_debate_verbatim_en/UNGA78_2023/A_78_PV_5_EN.pdf,"{""bbox"": [312.0, 83.65, 554.6, 217.07], ""char_end"": 571, ""char_start"": 0, ""extracted_block"": 13, ""origin_file"": ""data/unga_general_debate_verbatim_en/UNGA78_2023/A_78_PV_5_EN.pdf"", ""origin_sha256"": ""1fd1f02bf9b81d164d370ceba895ce212a70768575600aa86413764e0570ea68"", ""paragraph"": 13, ""pdf_block"": 7, ""pdf_page"": 49}","Process on generative AI, towards attaining trustworthy AI.",reviewed,False,generative ai,generative AI,en
E00118,verbatim_en_2023_JPN:13,2023_JPN,2023,JPN,Asia-Pacific States,data/analysis_ready_en/2023/2023_JPN.json,9cadb1e6aadb450a838efe4ead70eac282059bd4ffacda5d4958aab8cf921dce,data/unga_general_debate_verbatim_en/UNGA78_2023/A_78_PV_5_EN.pdf,"{""bbox"": [312.0, 83.65, 554.6, 217.07], ""char_end"": 571, ""char_start"": 0, ""extracted_block"": 13, ""origin_file"": ""data/unga_general_debate_verbatim_en/UNGA78_2023/A_78_PV_5_EN.pdf"", ""origin_sha256"": ""1fd1f02bf9b81d164d370ceba895ce212a70768575600aa86413764e0570ea68"", ""paragraph"": 13, ""pdf_block"": 7, ""pdf_page"": 49}",we launched the Hiroshima Artificial Intelligence (AI) Process on generative AI,reviewed,False,hiroshima ai process,Hiroshima Artificial Intelligence (AI) Process,en
E00118,verbatim_en_2023_JPN:13,2023_JPN,2023,JPN,Asia-Pacific States,data/analysis_ready_en/2023/2023_JPN.json,9cadb1e6aadb450a838efe4ead70eac282059bd4ffacda5d4958aab8cf921dce,data/unga_general_debate_verbatim_en/UNGA78_2023/A_78_PV_5_EN.pdf,"{""bbox"": [312.0, 83.65, 554.6, 217.07], ""char_end"": 571, ""char_start"": 0, ""extracted_block"": 13, ""origin_file"": ""data/unga_general_debate_verbatim_en/UNGA78_2023/A_78_PV_5_EN.pdf"", ""origin_sha256"": ""1fd1f02bf9b81d164d370ceba895ce212a70768575600aa86413764e0570ea68"", ""paragraph"": 13, ""pdf_block"": 7, ""pdf_page"": 49}",towards attaining trustworthy AI.,reviewed,False,trustworthy ai,trustworthy AI,en
E00119,verbatim_en_2023_KOR:10,2023_KOR,2023,KOR,Asia-Pacific States,data/analysis_ready_en/2023/2023_KOR.json,51e0718d4e8e379ad48d3552542f654c1b38aa3057ae3b73274a5636580f2802,data/unga_general_debate_verbatim_en/UNGA78_2023/A_78_PV_6_EN.pdf,"{""bbox"": [60.0, 489.5, 302.61, 696.89], ""char_end"": 917, ""char_start"": 0, ""extracted_block"": 10, ""origin_file"": ""data/unga_general_debate_verbatim_en/UNGA78_2023/A_78_PV_6_EN.pdf"", ""origin_sha256"": ""7ce5f607716aef003034d2e01017b7221ce26b4f1f9199fbfb39dcf983612ed9"", ""paragraph"": 10, ""pdf_block"": 5, ""pdf_page"": 44}",provide concrete directions for the development of AI governance,uncertain,False,ai governance,AI governance,en
E00119,verbatim_en_2023_KOR:10,2023_KOR,2023,KOR,Asia-Pacific States,data/analysis_ready_en/2023/2023_KOR.json,51e0718d4e8e379ad48d3552542f654c1b38aa3057ae3b73274a5636580f2802,data/unga_general_debate_verbatim_en/UNGA78_2023/A_78_PV_6_EN.pdf,"{""bbox"": [60.0, 489.5, 302.61, 696.89], ""char_end"": 917, ""char_start"": 0, ""extracted_block"": 10, ""origin_file"": ""data/unga_general_debate_verbatim_en/UNGA78_2023/A_78_PV_6_EN.pdf"", ""origin_sha256"": ""7ce5f607716aef003034d2e01017b7221ce26b4f1f9199fbfb39dcf983612ed9"", ""paragraph"": 10, ""pdf_block"": 5, ""pdf_page"": 44}",Korea plans to introduce in the near future a digital bill of rights,reviewed,False,digital bill of rights,digital bill of rights,en
E00119,verbatim_en_2023_KOR:10,2023_KOR,2023,KOR,Asia-Pacific States,data/analysis_ready_en/2023/2023_KOR.json,51e0718d4e8e379ad48d3552542f654c1b38aa3057ae3b73274a5636580f2802,data/unga_general_debate_verbatim_en/UNGA78_2023/A_78_PV_6_EN.pdf,"{""bbox"": [60.0, 489.5, 302.61, 696.89], ""char_end"": 917, ""char_start"": 0, ""extracted_block"": 10, ""origin_file"": ""data/unga_general_debate_verbatim_en/UNGA78_2023/A_78_PV_6_EN.pdf"", ""origin_sha256"": ""7ce5f607716aef003034d2e01017b7221ce26b4f1f9199fbfb39dcf983612ed9"", ""paragraph"": 10, ""pdf_block"": 5, ""pdf_page"": 44}",to discuss and set forth rules regarding digital ethics.,reviewed,False,digital ethics,digital ethics,en
E00119,verbatim_en_2023_KOR:10,2023_KOR,2023,KOR,Asia-Pacific States,data/analysis_ready_en/2023/2023_KOR.json,51e0718d4e8e379ad48d3552542f654c1b38aa3057ae3b73274a5636580f2802,data/unga_general_debate_verbatim_en/UNGA78_2023/A_78_PV_6_EN.pdf,"{""bbox"": [60.0, 489.5, 302.61, 696.89], ""char_end"": 917, ""char_start"": 0, ""extracted_block"": 10, ""origin_file"": ""data/unga_general_debate_verbatim_en/UNGA78_2023/A_78_PV_6_EN.pdf"", ""origin_sha256"": ""7ce5f607716aef003034d2e01017b7221ce26b4f1f9199fbfb39dcf983612ed9"", ""paragraph"": 10, ""pdf_block"": 5, ""pdf_page"": 44}",If we fail to curb the spread of fake news resulting from the misuse of AI and digital technologies,reviewed,False,fake news,fake news,en
E00120,verbatim_en_2023_KOR:11,2023_KOR,2023,KOR,Asia-Pacific States,data/analysis_ready_en/2023/2023_KOR.json,51e0718d4e8e379ad48d3552542f654c1b38aa3057ae3b73274a5636580f2802,data/unga_general_debate_verbatim_en/UNGA78_2023/A_78_PV_6_EN.pdf,"{""bbox"": [312.0, 83.65, 554.6, 145.6], ""char_end"": 245, ""char_start"": 0, ""extracted_block"": 11, ""origin_file"": ""data/unga_general_debate_verbatim_en/UNGA78_2023/A_78_PV_6_EN.pdf"", ""origin_sha256"": ""7ce5f607716aef003034d2e01017b7221ce26b4f1f9199fbfb39dcf983612ed9"", ""paragraph"": 11, ""pdf_block"": 6, ""pdf_page"": 44}",We also plan to collaborate closely with the high-level advisory body on AI being established by the United Nations,uncertain,False,ai advisory body,high-level advisory body on AI,en
E00120,verbatim_en_2023_KOR:11,2023_KOR,2023,KOR,Asia-Pacific States,data/analysis_ready_en/2023/2023_KOR.json,51e0718d4e8e379ad48d3552542f654c1b38aa3057ae3b73274a5636580f2802,data/unga_general_debate_verbatim_en/UNGA78_2023/A_78_PV_6_EN.pdf,"{""bbox"": [312.0, 83.65, 554.6, 145.6], ""char_end"": 245, ""char_start"": 0, ""extracted_block"": 11, ""origin_file"": ""data/unga_general_debate_verbatim_en/UNGA78_2023/A_78_PV_6_EN.pdf"", ""origin_sha256"": ""7ce5f607716aef003034d2e01017b7221ce26b4f1f9199fbfb39dcf983612ed9"", ""paragraph"": 11, ""pdf_block"": 6, ""pdf_page"": 44}",Korean Government plans to host a global AI forum.,reviewed,False,global ai forum,global AI forum,en
E00120,verbatim_en_2023_KOR:11,2023_KOR,2023,KOR,Asia-Pacific States,data/analysis_ready_en/2023/2023_KOR.json,51e0718d4e8e379ad48d3552542f654c1b38aa3057ae3b73274a5636580f2802,data/unga_general_debate_verbatim_en/UNGA78_2023/A_78_PV_6_EN.pdf,"{""bbox"": [312.0, 83.65, 554.6, 145.6], ""char_end"": 245, ""char_start"": 0, ""extracted_block"": 11, ""origin_file"": ""data/unga_general_debate_verbatim_en/UNGA78_2023/A_78_PV_6_EN.pdf"", ""origin_sha256"": ""7ce5f607716aef003034d2e01017b7221ce26b4f1f9199fbfb39dcf983612ed9"", ""paragraph"": 11, ""pdf_block"": 6, ""pdf_page"": 44}",the high-level advisory body on AI being established by the United Nations,uncertain,False,high-level advisory body on ai,high-level advisory body on AI,en
E00121,verbatim_en_2023_LSO:19,2023_LSO,2023,LSO,African States,data/analysis_ready_en/2023/2023_LSO.json,206306425f69854950861795a64b9fa4c6b261be0d6854252a0fb87fca52498e,data/unga_general_debate_verbatim_en/UNGA78_2023/A_78_PV_11_EN.pdf,"{""bbox"": [312.0, 83.65, 554.61, 205.08], ""char_end"": 529, ""char_start"": 0, ""extracted_block"": 19, ""origin_file"": ""data/unga_general_debate_verbatim_en/UNGA78_2023/A_78_PV_11_EN.pdf"", ""origin_sha256"": ""99050938438b0e47be9434b27e7ec03f0f9b4629073c2ce97192e7be8a777683"", ""paragraph"": 19, ""pdf_block"": 8, ""pdf_page"": 9}",we should not lose sight of the need to address clear threats to people’s rights to safety and privacy.,uncertain,False,privacy,privacy,en
E00123,verbatim_en_2023_MCO:21,2023_MCO,2023,MCO,Western European and other States,data/analysis_ready_en/2023/2023_MCO.json,553cd9ce892321481db51759a1f4d4a11cd7be66eaf3bb5e2a14578566c8f3ed,data/unga_general_debate_verbatim_en/UNGA78_2023/A_78_PV_7_EN.pdf,"{""bbox"": [60.0, 152.89, 302.61, 356.07], ""char_end"": 819, ""char_start"": 0, ""extracted_block"": 21, ""origin_file"": ""data/unga_general_debate_verbatim_en/UNGA78_2023/A_78_PV_7_EN.pdf"", ""origin_sha256"": ""007b3d8a13a8caa1ea16985b4ae596fbc00361eabf4c773945b30b6fc72a3418"", ""paragraph"": 21, ""pdf_block"": 3, ""pdf_page"": 17}",Among the questions and existential threats for our civilization,uncertain,False,existential threat,existential threats for our civilization,en
E00124,verbatim_en_2023_MCO:22,2023_MCO,2023,MCO,Western European and other States,data/analysis_ready_en/2023/2023_MCO.json,553cd9ce892321481db51759a1f4d4a11cd7be66eaf3bb5e2a14578566c8f3ed,data/unga_general_debate_verbatim_en/UNGA78_2023/A_78_PV_7_EN.pdf,"{""bbox"": [60.0, 361.24, 302.59, 551.77], ""char_end"": 771, ""char_start"": 0, ""extracted_block"": 22, ""origin_file"": ""data/unga_general_debate_verbatim_en/UNGA78_2023/A_78_PV_7_EN.pdf"", ""origin_sha256"": ""007b3d8a13a8caa1ea16985b4ae596fbc00361eabf4c773945b30b6fc72a3418"", ""paragraph"": 22, ""pdf_block"": 4, ""pdf_page"": 17}",developing a high-level consultative body within the United Nations to work on the international governance of artificial intelligence.,uncertain,False,ai advisory body,high-level consultative body,en
E00124,verbatim_en_2023_MCO:22,2023_MCO,2023,MCO,Western European and other States,data/analysis_ready_en/2023/2023_MCO.json,553cd9ce892321481db51759a1f4d4a11cd7be66eaf3bb5e2a14578566c8f3ed,data/unga_general_debate_verbatim_en/UNGA78_2023/A_78_PV_7_EN.pdf,"{""bbox"": [60.0, 361.24, 302.59, 551.77], ""char_end"": 771, ""char_start"": 0, ""extracted_block"": 22, ""origin_file"": ""data/unga_general_debate_verbatim_en/UNGA78_2023/A_78_PV_7_EN.pdf"", ""origin_sha256"": ""007b3d8a13a8caa1ea16985b4ae596fbc00361eabf4c773945b30b6fc72a3418"", ""paragraph"": 22, ""pdf_block"": 4, ""pdf_page"": 17}",Cyberattacks using artificial intelligence are already targeting critical infrastructure,uncertain,False,ai-enabled cyberattacks,Cyberattacks using artificial intelligence,en
E00124,verbatim_en_2023_MCO:22,2023_MCO,2023,MCO,Western European and other States,data/analysis_ready_en/2023/2023_MCO.json,553cd9ce892321481db51759a1f4d4a11cd7be66eaf3bb5e2a14578566c8f3ed,data/unga_general_debate_verbatim_en/UNGA78_2023/A_78_PV_7_EN.pdf,"{""bbox"": [60.0, 361.24, 302.59, 551.77], ""char_end"": 771, ""char_start"": 0, ""extracted_block"": 22, ""origin_file"": ""data/unga_general_debate_verbatim_en/UNGA78_2023/A_78_PV_7_EN.pdf"", ""origin_sha256"": ""007b3d8a13a8caa1ea16985b4ae596fbc00361eabf4c773945b30b6fc72a3418"", ""paragraph"": 22, ""pdf_block"": 4, ""pdf_page"": 17}",establish a global governance framework and ethical standards that impose limits on the use of artificial intelligence.,reviewed,False,global governance framework,global governance framework,en
E00124,verbatim_en_2023_MCO:22,2023_MCO,2023,MCO,Western European and other States,data/analysis_ready_en/2023/2023_MCO.json,553cd9ce892321481db51759a1f4d4a11cd7be66eaf3bb5e2a14578566c8f3ed,data/unga_general_debate_verbatim_en/UNGA78_2023/A_78_PV_7_EN.pdf,"{""bbox"": [60.0, 361.24, 302.59, 551.77], ""char_end"": 771, ""char_start"": 0, ""extracted_block"": 22, ""origin_file"": ""data/unga_general_debate_verbatim_en/UNGA78_2023/A_78_PV_7_EN.pdf"", ""origin_sha256"": ""007b3d8a13a8caa1ea16985b4ae596fbc00361eabf4c773945b30b6fc72a3418"", ""paragraph"": 22, ""pdf_block"": 4, ""pdf_page"": 17}",developing a high-level consultative body within the United Nations,uncertain,False,high-level advisory body on ai,high-level consultative body,en
E00126,verbatim_en_2023_MLT:30,2023_MLT,2023,MLT,Western European and other States,data/analysis_ready_en/2023/2023_MLT.json,24679d1f9e00602922cacdd95d24b58c486dfc945af67f9d48b70f5b18af6e76,data/unga_general_debate_verbatim_en/UNGA78_2023/A_78_PV_10_EN.pdf,"{""bbox"": [60.0, 138.13, 302.61, 357.65], ""char_end"": 983, ""char_start"": 0, ""extracted_block"": 30, ""origin_file"": ""data/unga_general_debate_verbatim_en/UNGA78_2023/A_78_PV_10_EN.pdf"", ""origin_sha256"": ""d0c1970be1a8d9e32af5de45630952691679491dac03dde6ff3cc9e95d57241b"", ""paragraph"": 30, ""pdf_block"": 3, ""pdf_page"": 16}",with the advent of generative artificial intelligence (AI),reviewed,False,generative ai,generative artificial intelligence (AI),en
E00127,verbatim_en_2023_MLT:31,2023_MLT,2023,MLT,Western European and other States,data/analysis_ready_en/2023/2023_MLT.json,24679d1f9e00602922cacdd95d24b58c486dfc945af67f9d48b70f5b18af6e76,data/unga_general_debate_verbatim_en/UNGA78_2023/A_78_PV_10_EN.pdf,"{""bbox"": [60.0, 362.3, 302.61, 581.81], ""char_end"": 963, ""char_start"": 0, ""extracted_block"": 31, ""origin_file"": ""data/unga_general_debate_verbatim_en/UNGA78_2023/A_78_PV_10_EN.pdf"", ""origin_sha256"": ""d0c1970be1a8d9e32af5de45630952691679491dac03dde6ff3cc9e95d57241b"", ""paragraph"": 31, ""pdf_block"": 4, ""pdf_page"": 16}","To make AI a global good, we need global action.",uncertain,False,ai global good,AI a global good,en
E00127,verbatim_en_2023_MLT:31,2023_MLT,2023,MLT,Western European and other States,data/analysis_ready_en/2023/2023_MLT.json,24679d1f9e00602922cacdd95d24b58c486dfc945af67f9d48b70f5b18af6e76,data/unga_general_debate_verbatim_en/UNGA78_2023/A_78_PV_10_EN.pdf,"{""bbox"": [60.0, 362.3, 302.61, 581.81], ""char_end"": 963, ""char_start"": 0, ""extracted_block"": 31, ""origin_file"": ""data/unga_general_debate_verbatim_en/UNGA78_2023/A_78_PV_10_EN.pdf"", ""origin_sha256"": ""d0c1970be1a8d9e32af5de45630952691679491dac03dde6ff3cc9e95d57241b"", ""paragraph"": 31, ""pdf_block"": 4, ""pdf_page"": 16}","To make AI a global good, we need global action.",uncertain,False,global good,global good,en
E00128,verbatim_en_2023_NAM:10,2023_NAM,2023,NAM,African States,data/analysis_ready_en/2023/2023_NAM.json,160e488b66ee18be0713ea971e2e0cf7a9b8767db6d8b9828d4ac8cf45fd31d6,data/unga_general_debate_verbatim_en/UNGA78_2023/A_78_PV_6_EN.pdf,"{""bbox"": [60.0, 392.73, 302.6, 542.35], ""char_end"": 602, ""char_start"": 0, ""extracted_block"": 10, ""origin_file"": ""data/unga_general_debate_verbatim_en/UNGA78_2023/A_78_PV_6_EN.pdf"", ""origin_sha256"": ""7ce5f607716aef003034d2e01017b7221ce26b4f1f9199fbfb39dcf983612ed9"", ""paragraph"": 10, ""pdf_block"": 4, ""pdf_page"": 9}","fostering an environment that is conducive to technology transfer, technology adoption, skills development and collaboration.",uncertain,False,technology transfer,technology transfer,en
E00130,verbatim_en_2023_NPL:23,2023_NPL,2023,NPL,Asia-Pacific States,data/analysis_ready_en/2023/2023_NPL.json,4be79a6655ab2bd2395e304700b51d8295685ee82abcbaff531757d819095ea6,data/unga_general_debate_verbatim_en/UNGA78_2023/A_78_PV_9_EN.pdf,"{""bbox"": [312.0, 340.66, 554.58, 452.13], ""char_end"": 454, ""char_start"": 0, ""extracted_block"": 23, ""origin_file"": ""data/unga_general_debate_verbatim_en/UNGA78_2023/A_78_PV_9_EN.pdf"", ""origin_sha256"": ""42bb219f4692027ea57a4115ba5ec73c30396fab2bbbbe90b288148cd96c7a67"", ""paragraph"": 23, ""pdf_block"": 8, ""pdf_page"": 33}","The potential dual uses of artificial intelligence call for urgent, informed deliberations on preventing its potential misuse",reviewed,False,dual use,dual uses,en
E00130,verbatim_en_2023_NPL:23,2023_NPL,2023,NPL,Asia-Pacific States,data/analysis_ready_en/2023/2023_NPL.json,4be79a6655ab2bd2395e304700b51d8295685ee82abcbaff531757d819095ea6,data/unga_general_debate_verbatim_en/UNGA78_2023/A_78_PV_9_EN.pdf,"{""bbox"": [312.0, 340.66, 554.58, 452.13], ""char_end"": 454, ""char_start"": 0, ""extracted_block"": 23, ""origin_file"": ""data/unga_general_debate_verbatim_en/UNGA78_2023/A_78_PV_9_EN.pdf"", ""origin_sha256"": ""42bb219f4692027ea57a4115ba5ec73c30396fab2bbbbe90b288148cd96c7a67"", ""paragraph"": 23, ""pdf_block"": 8, ""pdf_page"": 33}",The vacuum in international governance on cyberspace and artificial intelligence demands multilateral regulation.,uncertain,False,multilateral regulation,multilateral regulation,en
E00131,verbatim_en_2023_NZL:14,2023_NZL,2023,NZL,Western European and other States,data/analysis_ready_en/2023/2023_NZL.json,81a35509540d464e686ec2e461e252e5c90eaf65b7c9dc6c96e80f104a085195,data/unga_general_debate_verbatim_en/UNGA78_2023/A_78_PV_12_EN.pdf,"{""bbox"": [60.0, 611.45, 302.6, 696.89], ""char_end"": 369, ""char_start"": 0, ""extracted_block"": 14, ""origin_file"": ""data/unga_general_debate_verbatim_en/UNGA78_2023/A_78_PV_12_EN.pdf"", ""origin_sha256"": ""8a5c863a0816730949737fc85e998b59d86874d0a654ec37a3f6875d4883fcce"", ""paragraph"": 14, ""pdf_block"": 8, ""pdf_page"": 42}",We must commit to international rules and limits on autonomous weapon systems,uncertain,False,autonomous weapon systems,autonomous weapon systems,en
E00131,verbatim_en_2023_NZL:14,2023_NZL,2023,NZL,Western European and other States,data/analysis_ready_en/2023/2023_NZL.json,81a35509540d464e686ec2e461e252e5c90eaf65b7c9dc6c96e80f104a085195,data/unga_general_debate_verbatim_en/UNGA78_2023/A_78_PV_12_EN.pdf,"{""bbox"": [60.0, 611.45, 302.6, 696.89], ""char_end"": 369, ""char_start"": 0, ""extracted_block"": 14, ""origin_file"": ""data/unga_general_debate_verbatim_en/UNGA78_2023/A_78_PV_12_EN.pdf"", ""origin_sha256"": ""8a5c863a0816730949737fc85e998b59d86874d0a654ec37a3f6875d4883fcce"", ""paragraph"": 14, ""pdf_block"": 8, ""pdf_page"": 42}",international rules and limits on autonomous weapon systems,uncertain,False,autonomous weapons systems,autonomous weapon systems,en
E00134,verbatim_en_2023_QAT:8,2023_QAT,2023,QAT,Asia-Pacific States,data/analysis_ready_en/2023/2023_QAT.json,8d8302eeeec2d8141c8c989bc8dccc3f826613ff9d3ca31c29b9c7f723ee9e14,data/unga_general_debate_verbatim_en/UNGA78_2023/A_78_PV_4_EN.pdf,"{""bbox"": [60.0, 113.9, 302.6, 224.35], ""char_end"": 459, ""char_start"": 0, ""extracted_block"": 8, ""origin_file"": ""data/unga_general_debate_verbatim_en/UNGA78_2023/A_78_PV_4_EN.pdf"", ""origin_sha256"": ""7d3798231c4cb9299d0d1e92884dad62f6cea2424ea4ffac8dc656079dbacd8f"", ""paragraph"": 8, ""pdf_block"": 3, ""pdf_page"": 35}",educational process disruption through the facilitation of plagiarism,uncertain,False,plagiarism,plagiarism,en
E00134,verbatim_en_2023_QAT:8,2023_QAT,2023,QAT,Asia-Pacific States,data/analysis_ready_en/2023/2023_QAT.json,8d8302eeeec2d8141c8c989bc8dccc3f826613ff9d3ca31c29b9c7f723ee9e14,data/unga_general_debate_verbatim_en/UNGA78_2023/A_78_PV_4_EN.pdf,"{""bbox"": [60.0, 113.9, 302.6, 224.35], ""char_end"": 459, ""char_start"": 0, ""extracted_block"": 8, ""origin_file"": ""data/unga_general_debate_verbatim_en/UNGA78_2023/A_78_PV_4_EN.pdf"", ""origin_sha256"": ""7d3798231c4cb9299d0d1e92884dad62f6cea2424ea4ffac8dc656079dbacd8f"", ""paragraph"": 8, ""pdf_block"": 3, ""pdf_page"": 35}",the worsening risks in terms of reality falsification,uncertain,False,reality falsification,reality falsification,en
E00136,verbatim_en_2023_SGP:12,2023_SGP,2023,SGP,Asia-Pacific States,data/analysis_ready_en/2023/2023_SGP.json,d80708f843e3c11ee087e9c262e6f0b9d8a460abffee7bf5e0d3cf1f65fea2c3,data/unga_general_debate_verbatim_en/UNGA78_2023/A_78_PV_11_EN.pdf,"{""bbox"": [312.0, 407.53, 554.62, 588.93], ""char_end"": 800, ""char_start"": 0, ""extracted_block"": 12, ""origin_file"": ""data/unga_general_debate_verbatim_en/UNGA78_2023/A_78_PV_11_EN.pdf"", ""origin_sha256"": ""99050938438b0e47be9434b27e7ec03f0f9b4629073c2ce97192e7be8a777683"", ""paragraph"": 12, ""pdf_block"": 9, ""pdf_page"": 35}",AI agents with the ability to negotiate and transact with each other and humans,reviewed,False,ai agents,AI agents,en
E00136,verbatim_en_2023_SGP:12,2023_SGP,2023,SGP,Asia-Pacific States,data/analysis_ready_en/2023/2023_SGP.json,d80708f843e3c11ee087e9c262e6f0b9d8a460abffee7bf5e0d3cf1f65fea2c3,data/unga_general_debate_verbatim_en/UNGA78_2023/A_78_PV_11_EN.pdf,"{""bbox"": [312.0, 407.53, 554.62, 588.93], ""char_end"": 800, ""char_start"": 0, ""extracted_block"": 12, ""origin_file"": ""data/unga_general_debate_verbatim_en/UNGA78_2023/A_78_PV_11_EN.pdf"", ""origin_sha256"": ""99050938438b0e47be9434b27e7ec03f0f9b4629073c2ce97192e7be8a777683"", ""paragraph"": 12, ""pdf_block"": 9, ""pdf_page"": 35}",autonomous weapons systems without human fingers on the triggers,reviewed,False,autonomous weapons systems,autonomous weapons systems,en
E00136,verbatim_en_2023_SGP:12,2023_SGP,2023,SGP,Asia-Pacific States,data/analysis_ready_en/2023/2023_SGP.json,d80708f843e3c11ee087e9c262e6f0b9d8a460abffee7bf5e0d3cf1f65fea2c3,data/unga_general_debate_verbatim_en/UNGA78_2023/A_78_PV_11_EN.pdf,"{""bbox"": [312.0, 407.53, 554.62, 588.93], ""char_end"": 800, ""char_start"": 0, ""extracted_block"": 12, ""origin_file"": ""data/unga_general_debate_verbatim_en/UNGA78_2023/A_78_PV_11_EN.pdf"", ""origin_sha256"": ""99050938438b0e47be9434b27e7ec03f0f9b4629073c2ce97192e7be8a777683"", ""paragraph"": 12, ""pdf_block"": 9, ""pdf_page"": 35}",generative AI such as ChatGPT has captured the popular imagination,reviewed,False,generative ai,generative AI,en
E00137,verbatim_en_2023_SGP:13,2023_SGP,2023,SGP,Asia-Pacific States,data/analysis_ready_en/2023/2023_SGP.json,d80708f843e3c11ee087e9c262e6f0b9d8a460abffee7bf5e0d3cf1f65fea2c3,data/unga_general_debate_verbatim_en/UNGA78_2023/A_78_PV_11_EN.pdf,"{""bbox"": [330.0, 593.45, 554.6, 642.91], ""char_end"": 160, ""char_start"": 0, ""extracted_block"": 13, ""origin_file"": ""data/unga_general_debate_verbatim_en/UNGA78_2023/A_78_PV_11_EN.pdf"", ""origin_sha256"": ""99050938438b0e47be9434b27e7ec03f0f9b4629073c2ce97192e7be8a777683"", ""paragraph"": 13, ""pdf_block"": 10, ""pdf_page"": 35}",Generative artificial intelligence holds much promise,reviewed,False,generative ai,Generative artificial intelligence,en
E00138,verbatim_en_2023_SGP:14,2023_SGP,2023,SGP,Asia-Pacific States,data/analysis_ready_en/2023/2023_SGP.json,d80708f843e3c11ee087e9c262e6f0b9d8a460abffee7bf5e0d3cf1f65fea2c3,data/unga_general_debate_verbatim_en/UNGA78_2023/A_78_PV_11_EN.pdf,"{""bbox"": [312.0, 647.43, 554.6, 696.89], ""char_end"": 210, ""char_start"": 0, ""extracted_block"": 14, ""origin_file"": ""data/unga_general_debate_verbatim_en/UNGA78_2023/A_78_PV_11_EN.pdf"", ""origin_sha256"": ""99050938438b0e47be9434b27e7ec03f0f9b4629073c2ce97192e7be8a777683"", ""paragraph"": 14, ""pdf_block"": 11, ""pdf_page"": 35}",the speed at which AI-enabled weapons systems can be,reviewed,False,ai-enabled weapons systems,AI-enabled weapons systems,en
E00138,verbatim_en_2023_SGP:14,2023_SGP,2023,SGP,Asia-Pacific States,data/analysis_ready_en/2023/2023_SGP.json,d80708f843e3c11ee087e9c262e6f0b9d8a460abffee7bf5e0d3cf1f65fea2c3,data/unga_general_debate_verbatim_en/UNGA78_2023/A_78_PV_11_EN.pdf,"{""bbox"": [312.0, 647.43, 554.6, 696.89], ""char_end"": 210, ""char_start"": 0, ""extracted_block"": 14, ""origin_file"": ""data/unga_general_debate_verbatim_en/UNGA78_2023/A_78_PV_11_EN.pdf"", ""origin_sha256"": ""99050938438b0e47be9434b27e7ec03f0f9b4629073c2ce97192e7be8a777683"", ""paragraph"": 14, ""pdf_block"": 11, ""pdf_page"": 35}",AI will fundamentally disrupt our assumptions on military doctrine and strategic deterrence.,uncertain,False,strategic deterrence,strategic deterrence,en
E00139,verbatim_en_2023_SGP:15,2023_SGP,2023,SGP,Asia-Pacific States,data/analysis_ready_en/2023/2023_SGP.json,d80708f843e3c11ee087e9c262e6f0b9d8a460abffee7bf5e0d3cf1f65fea2c3,data/unga_general_debate_verbatim_en/UNGA78_2023/A_78_PV_11_EN.pdf,"{""bbox"": [60.0, 83.65, 302.59, 157.72], ""char_end"": 312, ""char_start"": 0, ""extracted_block"": 15, ""origin_file"": ""data/unga_general_debate_verbatim_en/UNGA78_2023/A_78_PV_11_EN.pdf"", ""origin_sha256"": ""99050938438b0e47be9434b27e7ec03f0f9b4629073c2ce97192e7be8a777683"", ""paragraph"": 15, ""pdf_block"": 2, ""pdf_page"": 36}",There will be many occasions when humans may not even be in the firing loop,reviewed,False,human in the loop,humans may not even be in the firing loop,en
E00140,verbatim_en_2023_SGP:16,2023_SGP,2023,SGP,Asia-Pacific States,data/analysis_ready_en/2023/2023_SGP.json,d80708f843e3c11ee087e9c262e6f0b9d8a460abffee7bf5e0d3cf1f65fea2c3,data/unga_general_debate_verbatim_en/UNGA78_2023/A_78_PV_11_EN.pdf,"{""bbox"": [60.0, 162.37, 302.6, 345.53], ""char_end"": 797, ""char_start"": 0, ""extracted_block"": 16, ""origin_file"": ""data/unga_general_debate_verbatim_en/UNGA78_2023/A_78_PV_11_EN.pdf"", ""origin_sha256"": ""99050938438b0e47be9434b27e7ec03f0f9b4629073c2ce97192e7be8a777683"", ""paragraph"": 16, ""pdf_block"": 3, ""pdf_page"": 36}",convene a high-level advisory body on AI,uncertain,False,ai advisory body,high-level advisory body on AI,en
E00140,verbatim_en_2023_SGP:16,2023_SGP,2023,SGP,Asia-Pacific States,data/analysis_ready_en/2023/2023_SGP.json,d80708f843e3c11ee087e9c262e6f0b9d8a460abffee7bf5e0d3cf1f65fea2c3,data/unga_general_debate_verbatim_en/UNGA78_2023/A_78_PV_11_EN.pdf,"{""bbox"": [60.0, 162.37, 302.6, 345.53], ""char_end"": 797, ""char_start"": 0, ""extracted_block"": 16, ""origin_file"": ""data/unga_general_debate_verbatim_en/UNGA78_2023/A_78_PV_11_EN.pdf"", ""origin_sha256"": ""99050938438b0e47be9434b27e7ec03f0f9b4629073c2ce97192e7be8a777683"", ""paragraph"": 16, ""pdf_block"": 3, ""pdf_page"": 36}",Singapore welcomes the Secretary-General’s decision to convene a high-level advisory body on AI to explore those critical issues.,uncertain,False,high-level advisory body on ai,high-level advisory body on AI,en
E00140,verbatim_en_2023_SGP:16,2023_SGP,2023,SGP,Asia-Pacific States,data/analysis_ready_en/2023/2023_SGP.json,d80708f843e3c11ee087e9c262e6f0b9d8a460abffee7bf5e0d3cf1f65fea2c3,data/unga_general_debate_verbatim_en/UNGA78_2023/A_78_PV_11_EN.pdf,"{""bbox"": [60.0, 162.37, 302.6, 345.53], ""char_end"": 797, ""char_start"": 0, ""extracted_block"": 16, ""origin_file"": ""data/unga_general_debate_verbatim_en/UNGA78_2023/A_78_PV_11_EN.pdf"", ""origin_sha256"": ""99050938438b0e47be9434b27e7ec03f0f9b4629073c2ce97192e7be8a777683"", ""paragraph"": 16, ""pdf_block"": 3, ""pdf_page"": 36}",We therefore must start an inclusive global dialogue,reviewed,False,inclusive global dialogue,inclusive global dialogue,en
E00141,verbatim_en_2023_SGP:17,2023_SGP,2023,SGP,Asia-Pacific States,data/analysis_ready_en/2023/2023_SGP.json,d80708f843e3c11ee087e9c262e6f0b9d8a460abffee7bf5e0d3cf1f65fea2c3,data/unga_general_debate_verbatim_en/UNGA78_2023/A_78_PV_11_EN.pdf,"{""bbox"": [60.0, 350.18, 302.59, 509.09], ""char_end"": 694, ""char_start"": 0, ""extracted_block"": 17, ""origin_file"": ""data/unga_general_debate_verbatim_en/UNGA78_2023/A_78_PV_11_EN.pdf"", ""origin_sha256"": ""99050938438b0e47be9434b27e7ec03f0f9b4629073c2ce97192e7be8a777683"", ""paragraph"": 17, ""pdf_block"": 4, ""pdf_page"": 36}",We also look forward to the adoption of a global digital compact at the Summit of the Future in 2024.,reviewed,False,global digital compact,global digital compact,en
E00141,verbatim_en_2023_SGP:17,2023_SGP,2023,SGP,Asia-Pacific States,data/analysis_ready_en/2023/2023_SGP.json,d80708f843e3c11ee087e9c262e6f0b9d8a460abffee7bf5e0d3cf1f65fea2c3,data/unga_general_debate_verbatim_en/UNGA78_2023/A_78_PV_11_EN.pdf,"{""bbox"": [60.0, 350.18, 302.59, 509.09], ""char_end"": 694, ""char_start"": 0, ""extracted_block"": 17, ""origin_file"": ""data/unga_general_debate_verbatim_en/UNGA78_2023/A_78_PV_11_EN.pdf"", ""origin_sha256"": ""99050938438b0e47be9434b27e7ec03f0f9b4629073c2ce97192e7be8a777683"", ""paragraph"": 17, ""pdf_block"": 4, ""pdf_page"": 36}",The open-ended working group on security of and in the use of information and communications technologies 2021–2025,reviewed,False,open-ended working group on ict security,open-ended working group on security of and in the use of information and communications technologies,en
E00142,verbatim_en_2023_SGP:21,2023_SGP,2023,SGP,Asia-Pacific States,data/analysis_ready_en/2023/2023_SGP.json,d80708f843e3c11ee087e9c262e6f0b9d8a460abffee7bf5e0d3cf1f65fea2c3,data/unga_general_debate_verbatim_en/UNGA78_2023/A_78_PV_11_EN.pdf,"{""bbox"": [312.0, 350.18, 554.61, 545.45], ""char_end"": 827, ""char_start"": 0, ""extracted_block"": 21, ""origin_file"": ""data/unga_general_debate_verbatim_en/UNGA78_2023/A_78_PV_11_EN.pdf"", ""origin_sha256"": ""99050938438b0e47be9434b27e7ec03f0f9b4629073c2ce97192e7be8a777683"", ""paragraph"": 21, ""pdf_block"": 8, ""pdf_page"": 36}","other areas of the global commons — AI, cybersecurity, digital technology and even outer space.",reviewed,False,global commons,global commons,en
E00144,verbatim_en_2023_SRB:10,2023_SRB,2023,SRB,Eastern European States,data/analysis_ready_en/2023/2023_SRB.json,a99bc25cb90a4b919a7de157aac87715c6d9946dd8ba6f90787beb307fed04b8,data/unga_general_debate_verbatim_en/UNGA78_2023/A_78_PV_8_EN.pdf,"{""bbox"": [312.0, 83.65, 554.61, 206.2], ""char_end"": 548, ""char_start"": 0, ""extracted_block"": 10, ""origin_file"": ""data/unga_general_debate_verbatim_en/UNGA78_2023/A_78_PV_8_EN.pdf"", ""origin_sha256"": ""375a75915075fb32fc11c3565ba78801a9badc8315967a5eed5fb117b8148a57"", ""paragraph"": 10, ""pdf_block"": 9, ""pdf_page"": 24}",the artificial intelligence institute,reviewed,False,artificial intelligence institute,artificial intelligence institute,en
E00145,verbatim_en_2023_SRB:42,2023_SRB,2023,SRB,Eastern European States,data/analysis_ready_en/2023/2023_SRB.json,a99bc25cb90a4b919a7de157aac87715c6d9946dd8ba6f90787beb307fed04b8,data/unga_general_debate_verbatim_en/UNGA78_2023/A_78_PV_8_EN.pdf,"{""bbox"": [60.0, 531.95, 302.61, 666.64], ""char_end"": 554, ""char_start"": 0, ""extracted_block"": 42, ""origin_file"": ""data/unga_general_debate_verbatim_en/UNGA78_2023/A_78_PV_8_EN.pdf"", ""origin_sha256"": ""375a75915075fb32fc11c3565ba78801a9badc8315967a5eed5fb117b8148a57"", ""paragraph"": 42, ""pdf_block"": 6, ""pdf_page"": 28}",joined the Global Partnership on Artificial Intelligence,uncertain,False,global partnership on ai,Global Partnership on Artificial Intelligence,en
E00145,verbatim_en_2023_SRB:42,2023_SRB,2023,SRB,Eastern European States,data/analysis_ready_en/2023/2023_SRB.json,a99bc25cb90a4b919a7de157aac87715c6d9946dd8ba6f90787beb307fed04b8,data/unga_general_debate_verbatim_en/UNGA78_2023/A_78_PV_8_EN.pdf,"{""bbox"": [60.0, 531.95, 302.61, 666.64], ""char_end"": 554, ""char_start"": 0, ""extracted_block"": 42, ""origin_file"": ""data/unga_general_debate_verbatim_en/UNGA78_2023/A_78_PV_8_EN.pdf"", ""origin_sha256"": ""375a75915075fb32fc11c3565ba78801a9badc8315967a5eed5fb117b8148a57"", ""paragraph"": 42, ""pdf_block"": 6, ""pdf_page"": 28}",joined the Global Partnership on Artificial Intelligence,uncertain,False,global partnership on artificial intelligence,Global Partnership on Artificial Intelligence,en
E00145,verbatim_en_2023_SRB:42,2023_SRB,2023,SRB,Eastern European States,data/analysis_ready_en/2023/2023_SRB.json,a99bc25cb90a4b919a7de157aac87715c6d9946dd8ba6f90787beb307fed04b8,data/unga_general_debate_verbatim_en/UNGA78_2023/A_78_PV_8_EN.pdf,"{""bbox"": [60.0, 531.95, 302.61, 666.64], ""char_end"": 554, ""char_start"": 0, ""extracted_block"": 42, ""origin_file"": ""data/unga_general_debate_verbatim_en/UNGA78_2023/A_78_PV_8_EN.pdf"", ""origin_sha256"": ""375a75915075fb32fc11c3565ba78801a9badc8315967a5eed5fb117b8148a57"", ""paragraph"": 42, ""pdf_block"": 6, ""pdf_page"": 28}",adopted a development strategy in that area back in 2019.,uncertain,False,national ai strategy,development strategy in that area,en
E00146,verbatim_en_2023_SVK:10,2023_SVK,2023,SVK,Eastern European States,data/analysis_ready_en/2023/2023_SVK.json,95c2e87304340425ec5aa7d27eb586162deca30c4e5d5646602a121eb25ddc40,data/unga_general_debate_verbatim_en/UNGA78_2023/A_78_PV_6_EN.pdf,"{""bbox"": [60.0, 462.91, 302.61, 696.89], ""char_end"": 1023, ""char_start"": 0, ""extracted_block"": 10, ""origin_file"": ""data/unga_general_debate_verbatim_en/UNGA78_2023/A_78_PV_6_EN.pdf"", ""origin_sha256"": ""7ce5f607716aef003034d2e01017b7221ce26b4f1f9199fbfb39dcf983612ed9"", ""paragraph"": 10, ""pdf_block"": 6, ""pdf_page"": 24}",we cannot postpone their democratic regulation,reviewed,False,democratic regulation,democratic regulation,en
E00146,verbatim_en_2023_SVK:10,2023_SVK,2023,SVK,Eastern European States,data/analysis_ready_en/2023/2023_SVK.json,95c2e87304340425ec5aa7d27eb586162deca30c4e5d5646602a121eb25ddc40,data/unga_general_debate_verbatim_en/UNGA78_2023/A_78_PV_6_EN.pdf,"{""bbox"": [60.0, 462.91, 302.61, 696.89], ""char_end"": 1023, ""char_start"": 0, ""extracted_block"": 10, ""origin_file"": ""data/unga_general_debate_verbatim_en/UNGA78_2023/A_78_PV_6_EN.pdf"", ""origin_sha256"": ""7ce5f607716aef003034d2e01017b7221ce26b4f1f9199fbfb39dcf983612ed9"", ""paragraph"": 10, ""pdf_block"": 6, ""pdf_page"": 24}",disinformation and hate speech,uncertain,False,hate speech,hate speech,en
E00147,verbatim_en_2023_SVN:11,2023_SVN,2023,SVN,Eastern European States,data/analysis_ready_en/2023/2023_SVN.json,b5785f7e3b8da01db04cf948cc6bcaca418473dc2194152c4ebb32dd338cb7e5,data/unga_general_debate_verbatim_en/UNGA78_2023/A_78_PV_4_EN.pdf,"{""bbox"": [60.0, 586.46, 302.6, 696.89], ""char_end"": 503, ""char_start"": 0, ""extracted_block"": 11, ""origin_file"": ""data/unga_general_debate_verbatim_en/UNGA78_2023/A_78_PV_4_EN.pdf"", ""origin_sha256"": ""7d3798231c4cb9299d0d1e92884dad62f6cea2424ea4ffac8dc656079dbacd8f"", ""paragraph"": 11, ""pdf_block"": 5, ""pdf_page"": 54}",the Secretary- General’s resolve to form a high-level advisory body on,reviewed,False,high-level advisory body on ai,high-level advisory body,en
E00148,verbatim_en_2023_SVN:12,2023_SVN,2023,SVN,Eastern European States,data/analysis_ready_en/2023/2023_SVN.json,b5785f7e3b8da01db04cf948cc6bcaca418473dc2194152c4ebb32dd338cb7e5,data/unga_general_debate_verbatim_en/UNGA78_2023/A_78_PV_4_EN.pdf,"{""bbox"": [312.0, 83.65, 554.6, 230.45], ""char_end"": 629, ""char_start"": 0, ""extracted_block"": 12, ""origin_file"": ""data/unga_general_debate_verbatim_en/UNGA78_2023/A_78_PV_4_EN.pdf"", ""origin_sha256"": ""7d3798231c4cb9299d0d1e92884dad62f6cea2424ea4ffac8dc656079dbacd8f"", ""paragraph"": 12, ""pdf_block"": 6, ""pdf_page"": 54}",The Global Digital Compact should be centred on that notion.,reviewed,False,global digital compact,Global Digital Compact,en
E00148,verbatim_en_2023_SVN:12,2023_SVN,2023,SVN,Eastern European States,data/analysis_ready_en/2023/2023_SVN.json,b5785f7e3b8da01db04cf948cc6bcaca418473dc2194152c4ebb32dd338cb7e5,data/unga_general_debate_verbatim_en/UNGA78_2023/A_78_PV_4_EN.pdf,"{""bbox"": [312.0, 83.65, 554.6, 230.45], ""char_end"": 629, ""char_start"": 0, ""extracted_block"": 12, ""origin_file"": ""data/unga_general_debate_verbatim_en/UNGA78_2023/A_78_PV_4_EN.pdf"", ""origin_sha256"": ""7d3798231c4cb9299d0d1e92884dad62f6cea2424ea4ffac8dc656079dbacd8f"", ""paragraph"": 12, ""pdf_block"": 6, ""pdf_page"": 54}",The answer should be a humancentric and human rights-based approach to the full life cycle of technologies,reviewed,False,human rights-based approach,humancentric and human rights-based approach,en
E00149,verbatim_en_2023_SWE:13,2023_SWE,2023,SWE,Western European and other States,data/analysis_ready_en/2023/2023_SWE.json,7e497eb921d808055cc21a19cf299b00df05f13ff94694108ef99908be8ee80e,data/unga_general_debate_verbatim_en/UNGA78_2023/A_78_PV_11_EN.pdf,"{""bbox"": [60.0, 251.59, 302.59, 421.0], ""char_end"": 705, ""char_start"": 0, ""extracted_block"": 13, ""origin_file"": ""data/unga_general_debate_verbatim_en/UNGA78_2023/A_78_PV_11_EN.pdf"", ""origin_sha256"": ""99050938438b0e47be9434b27e7ec03f0f9b4629073c2ce97192e7be8a777683"", ""paragraph"": 13, ""pdf_block"": 4, ""pdf_page"": 46}","Emerging technologies, including artificial intelligence, are transforming our world.",uncertain,False,emerging technologies,Emerging technologies,en
E00149,verbatim_en_2023_SWE:13,2023_SWE,2023,SWE,Western European and other States,data/analysis_ready_en/2023/2023_SWE.json,7e497eb921d808055cc21a19cf299b00df05f13ff94694108ef99908be8ee80e,data/unga_general_debate_verbatim_en/UNGA78_2023/A_78_PV_11_EN.pdf,"{""bbox"": [60.0, 251.59, 302.59, 421.0], ""char_end"": 705, ""char_start"": 0, ""extracted_block"": 13, ""origin_file"": ""data/unga_general_debate_verbatim_en/UNGA78_2023/A_78_PV_11_EN.pdf"", ""origin_sha256"": ""99050938438b0e47be9434b27e7ec03f0f9b4629073c2ce97192e7be8a777683"", ""paragraph"": 13, ""pdf_block"": 4, ""pdf_page"": 46}",the process in the General Assembly of developing a global digital compact,reviewed,False,global digital compact,global digital compact,en
E00150,verbatim_en_2023_UKR:12,2023_UKR,2023,UKR,Eastern European States,data/analysis_ready_en/2023/2023_UKR.json,d1cb282863523ac7ad06c15005155602876b5afbd662d32bf4d85342943548a8,data/unga_general_debate_verbatim_en/UNGA78_2023/A_78_PV_4_EN.pdf,"{""bbox"": [312.0, 460.62, 554.61, 696.89], ""char_end"": 1023, ""char_start"": 0, ""extracted_block"": 12, ""origin_file"": ""data/unga_general_debate_verbatim_en/UNGA78_2023/A_78_PV_4_EN.pdf"", ""origin_sha256"": ""7d3798231c4cb9299d0d1e92884dad62f6cea2424ea4ffac8dc656079dbacd8f"", ""paragraph"": 12, ""pdf_block"": 10, ""pdf_page"": 44}",We see a war of drones.,uncertain,False,war of drones,war of drones,en
E00152,verbatim_en_2023_USA:13,2023_USA,2023,USA,Not a formal member of any regional group,data/analysis_ready_en/2023/2023_USA.json,dd83499c12d55a9cd451612a7854aa86ba8bed5e908154a9dfa5ffc924c20b67,data/unga_general_debate_verbatim_en/UNGA78_2023/A_78_PV_4_EN.pdf,"{""bbox"": [312.0, 511.92, 554.59, 696.89], ""char_end"": 777, ""char_start"": 0, ""extracted_block"": 13, ""origin_file"": ""data/unga_general_debate_verbatim_en/UNGA78_2023/A_78_PV_4_EN.pdf"", ""origin_sha256"": ""7d3798231c4cb9299d0d1e92884dad62f6cea2424ea4ffac8dc656079dbacd8f"", ""paragraph"": 13, ""pdf_block"": 10, ""pdf_page"": 12}",so artificial intelligence technologies are safe before they are released to the public,uncertain,False,safe before release,safe before they are released to the public,en
E00152,verbatim_en_2023_USA:13,2023_USA,2023,USA,Not a formal member of any regional group,data/analysis_ready_en/2023/2023_USA.json,dd83499c12d55a9cd451612a7854aa86ba8bed5e908154a9dfa5ffc924c20b67,data/unga_general_debate_verbatim_en/UNGA78_2023/A_78_PV_4_EN.pdf,"{""bbox"": [312.0, 511.92, 554.59, 696.89], ""char_end"": 777, ""char_start"": 0, ""extracted_block"": 13, ""origin_file"": ""data/unga_general_debate_verbatim_en/UNGA78_2023/A_78_PV_4_EN.pdf"", ""origin_sha256"": ""7d3798231c4cb9299d0d1e92884dad62f6cea2424ea4ffac8dc656079dbacd8f"", ""paragraph"": 13, ""pdf_block"": 10, ""pdf_page"": 12}","used as tools of opportunity, not as weapons of oppression",uncertain,False,weapons of oppression,weapons of oppression,en
E00153,verbatim_en_2023_USA:14,2023_USA,2023,USA,Not a formal member of any regional group,data/analysis_ready_en/2023/2023_USA.json,dd83499c12d55a9cd451612a7854aa86ba8bed5e908154a9dfa5ffc924c20b67,data/unga_general_debate_verbatim_en/UNGA78_2023/A_78_PV_4_EN.pdf,"{""bbox"": [60.0, 83.65, 302.6, 146.12], ""char_end"": 264, ""char_start"": 0, ""extracted_block"": 14, ""origin_file"": ""data/unga_general_debate_verbatim_en/UNGA78_2023/A_78_PV_4_EN.pdf"", ""origin_sha256"": ""7d3798231c4cb9299d0d1e92884dad62f6cea2424ea4ffac8dc656079dbacd8f"", ""paragraph"": 14, ""pdf_block"": 2, ""pdf_page"": 13}",we harness the power of artificial intelligence for good,reviewed,False,ai for good,artificial intelligence for good,en
E00154,verbatim_en_2023_VCT:8,2023_VCT,2023,VCT,Latin American and Caribbean States,data/analysis_ready_en/2023/2023_VCT.json,4892bc5909840e0b2065e302f1498f28641cdfe28bfe1a95d70d3307157b978c,data/unga_general_debate_verbatim_en/UNGA78_2023/A_78_PV_12_EN.pdf,"{""bbox"": [60.0, 113.89, 302.6, 381.89], ""char_end"": 1140, ""char_start"": 0, ""extracted_block"": 8, ""origin_file"": ""data/unga_general_debate_verbatim_en/UNGA78_2023/A_78_PV_12_EN.pdf"", ""origin_sha256"": ""8a5c863a0816730949737fc85e998b59d86874d0a654ec37a3f6875d4883fcce"", ""paragraph"": 8, ""pdf_block"": 3, ""pdf_page"": 2}",the seemingly uncontrollable chariots of artificial intelligence,reviewed,False,uncontrollable ai,seemingly uncontrollable chariots of artificial intelligence,en
E00155,verbatim_en_2023_VEN:18,2023_VEN,2023,VEN,Latin American and Caribbean States,data/analysis_ready_en/2023/2023_VEN.json,423910ca9610b69239d91098f35281184f19622e2806ed967c6ab9d7da29189b,data/unga_general_debate_verbatim_en/UNGA78_2023/A_78_PV_13_EN.pdf,"{""bbox"": [60.0, 416.84, 302.6, 551.54], ""char_end"": 558, ""char_start"": 0, ""extracted_block"": 18, ""origin_file"": ""data/unga_general_debate_verbatim_en/UNGA78_2023/A_78_PV_13_EN.pdf"", ""origin_sha256"": ""51b6ac0ad9a21dcba5d92dee1aff9660fc31246c408bd137b3900ed2f10106e6"", ""paragraph"": 18, ""pdf_block"": 5, ""pdf_page"": 28}",we must promote fair and equitable regulation,reviewed,False,fair and equitable regulation,fair and equitable regulation,en
E00157,verbatim_en_2023_ZMB:12,2023_ZMB,2023,ZMB,African States,data/analysis_ready_en/2023/2023_ZMB.json,59e89b6ab5e05825619b4151d1ea854523d707f9e8d6db13d09697bf3e4fc9c8,data/unga_general_debate_verbatim_en/UNGA78_2023/A_78_PV_14_EN.pdf,"{""bbox"": [312.0, 407.91, 554.61, 605.14], ""char_end"": 820, ""char_start"": 0, ""extracted_block"": 12, ""origin_file"": ""data/unga_general_debate_verbatim_en/UNGA78_2023/A_78_PV_14_EN.pdf"", ""origin_sha256"": ""f7777278ae6f972e5a5c51651b7e481ee10faf9348d2ce7dda837a88a7a15e7a"", ""paragraph"": 12, ""pdf_block"": 11, ""pdf_page"": 13}",a new frontier for interaction in digital cooperation,uncertain,False,digital cooperation,digital cooperation,en
E00157,verbatim_en_2023_ZMB:12,2023_ZMB,2023,ZMB,African States,data/analysis_ready_en/2023/2023_ZMB.json,59e89b6ab5e05825619b4151d1ea854523d707f9e8d6db13d09697bf3e4fc9c8,data/unga_general_debate_verbatim_en/UNGA78_2023/A_78_PV_14_EN.pdf,"{""bbox"": [312.0, 407.91, 554.61, 605.14], ""char_end"": 820, ""char_start"": 0, ""extracted_block"": 12, ""origin_file"": ""data/unga_general_debate_verbatim_en/UNGA78_2023/A_78_PV_14_EN.pdf"", ""origin_sha256"": ""f7777278ae6f972e5a5c51651b7e481ee10faf9348d2ce7dda837a88a7a15e7a"", ""paragraph"": 12, ""pdf_block"": 11, ""pdf_page"": 13}",the technology of precision irrigation,uncertain,False,precision irrigation,precision irrigation,en
E00158,verbatim_en_2024_ARE:27,2024_ARE,2024,ARE,Asia-Pacific States,data/analysis_ready_en/2024/2024_ARE.json,d2c8c6268f1f595b301bda3b4bec3f73c1bf0f4e92b5b2fc9ffde9f2a0c7d110,data/unga_general_debate_verbatim_en/UNGA79_2024/A_79_PV_17_EN.pdf,"{""bbox"": [123.38, 171.63, 490.69, 266.68], ""char_end"": 608, ""char_start"": 0, ""extracted_block"": 27, ""origin_file"": ""data/unga_general_debate_verbatim_en/UNGA79_2024/A_79_PV_17_EN.pdf"", ""origin_sha256"": ""a8eac9bd81a130db21655026eb112c19cede627742c0cfda798b2138879bba64"", ""paragraph"": 27, ""pdf_block"": 5, ""pdf_page"": 39}","harness emerging technologies, such as artificial intelligence",uncertain,False,emerging technologies,emerging technologies,en
E00159,verbatim_en_2024_BDI:29,2024_BDI,2024,BDI,African States,data/analysis_ready_en/2024/2024_BDI.json,c63cb4ef59a56c75a83d96b5c863ab038d3ebc1ad7ed58abf60a2bbc3f684d68,data/unga_general_debate_verbatim_en/UNGA79_2024/A_79_PV_17_EN.pdf,"{""bbox"": [123.38, 177.63, 490.89, 332.68], ""char_end"": 1036, ""char_start"": 0, ""extracted_block"": 29, ""origin_file"": ""data/unga_general_debate_verbatim_en/UNGA79_2024/A_79_PV_17_EN.pdf"", ""origin_sha256"": ""a8eac9bd81a130db21655026eb112c19cede627742c0cfda798b2138879bba64"", ""paragraph"": 29, ""pdf_block"": 4, ""pdf_page"": 27}",it is more than urgent that the digital divide be bridged,reviewed,False,digital divide,digital divide,en
E00160,verbatim_en_2024_BGD:29,2024_BGD,2024,BGD,Asia-Pacific States,data/analysis_ready_en/2024/2024_BGD.json,b3afdcf2dd0527a8bca9c25956e49446577ebc9cc512fd22580cd8baee4fd20a,data/unga_general_debate_verbatim_en/UNGA79_2024/A_79_PV_13_EN.pdf,"{""bbox"": [123.12, 649.66, 491.49, 737.47], ""char_end"": 533, ""char_start"": 0, ""extracted_block"": 29, ""origin_file"": ""data/unga_general_debate_verbatim_en/UNGA79_2024/A_79_PV_13_EN.pdf"", ""origin_sha256"": ""f42663e0353625c4dcc293fc3025389043d7b2f24ca9fe12972153508705ad08"", ""paragraph"": 29, ""pdf_block"": 8, ""pdf_page"": 30}",reaping meaningful benefits from the AI-led transformation,reviewed,False,ai-led transformation,AI-led transformation,en
E00160,verbatim_en_2024_BGD:29,2024_BGD,2024,BGD,Asia-Pacific States,data/analysis_ready_en/2024/2024_BGD.json,b3afdcf2dd0527a8bca9c25956e49446577ebc9cc512fd22580cd8baee4fd20a,data/unga_general_debate_verbatim_en/UNGA79_2024/A_79_PV_13_EN.pdf,"{""bbox"": [123.12, 649.66, 491.49, 737.47], ""char_end"": 533, ""char_start"": 0, ""extracted_block"": 29, ""origin_file"": ""data/unga_general_debate_verbatim_en/UNGA79_2024/A_79_PV_13_EN.pdf"", ""origin_sha256"": ""f42663e0353625c4dcc293fc3025389043d7b2f24ca9fe12972153508705ad08"", ""paragraph"": 29, ""pdf_block"": 8, ""pdf_page"": 30}",the prospect of fast-unfolding generative AI,reviewed,False,generative ai,generative AI,en
E00161,verbatim_en_2024_BGD:30,2024_BGD,2024,BGD,Asia-Pacific States,data/analysis_ready_en/2024/2024_BGD.json,b3afdcf2dd0527a8bca9c25956e49446577ebc9cc512fd22580cd8baee4fd20a,data/unga_general_debate_verbatim_en/UNGA79_2024/A_79_PV_13_EN.pdf,"{""bbox"": [123.12, 68.53, 491.49, 196.89], ""char_end"": 740, ""char_start"": 0, ""extracted_block"": 30, ""origin_file"": ""data/unga_general_debate_verbatim_en/UNGA79_2024/A_79_PV_13_EN.pdf"", ""origin_sha256"": ""f42663e0353625c4dcc293fc3025389043d7b2f24ca9fe12972153508705ad08"", ""paragraph"": 30, ""pdf_block"": 2, ""pdf_page"": 31}","We believe that unless autonomous intelligence develops in a responsible manner, it could pose existential threats to human existence.",reviewed,False,autonomous intelligence,autonomous intelligence,en
E00161,verbatim_en_2024_BGD:30,2024_BGD,2024,BGD,Asia-Pacific States,data/analysis_ready_en/2024/2024_BGD.json,b3afdcf2dd0527a8bca9c25956e49446577ebc9cc512fd22580cd8baee4fd20a,data/unga_general_debate_verbatim_en/UNGA79_2024/A_79_PV_13_EN.pdf,"{""bbox"": [123.12, 68.53, 491.49, 196.89], ""char_end"": 740, ""char_start"": 0, ""extracted_block"": 30, ""origin_file"": ""data/unga_general_debate_verbatim_en/UNGA79_2024/A_79_PV_13_EN.pdf"", ""origin_sha256"": ""f42663e0353625c4dcc293fc3025389043d7b2f24ca9fe12972153508705ad08"", ""paragraph"": 30, ""pdf_block"": 2, ""pdf_page"": 31}",it could pose existential threats to human existence.,uncertain,False,existential threats,existential threats,en
E00162,verbatim_en_2024_BHR:14,2024_BHR,2024,BHR,Asia-Pacific States,data/analysis_ready_en/2024/2024_BHR.json,441000fbfa874d7e5582764f89fa67c65add43904cf79d5ce2087a1f7e6da288,data/unga_general_debate_verbatim_en/UNGA79_2024/A_79_PV_8_EN.pdf,"{""bbox"": [123.12, 258.46, 491.49, 419.3], ""char_end"": 1073, ""char_start"": 0, ""extracted_block"": 14, ""origin_file"": ""data/unga_general_debate_verbatim_en/UNGA79_2024/A_79_PV_8_EN.pdf"", ""origin_sha256"": ""9ab16cd0669fb447411fb0683e4ea73ef5bf77dcaf8641316fc5545cb6147df6"", ""paragraph"": 14, ""pdf_block"": 5, ""pdf_page"": 50}",an international treaty governing the development of artificial intelligence,uncertain,False,international ai treaty,international treaty governing the development of artificial intelligence,en
E00162,verbatim_en_2024_BHR:14,2024_BHR,2024,BHR,Asia-Pacific States,data/analysis_ready_en/2024/2024_BHR.json,441000fbfa874d7e5582764f89fa67c65add43904cf79d5ce2087a1f7e6da288,data/unga_general_debate_verbatim_en/UNGA79_2024/A_79_PV_8_EN.pdf,"{""bbox"": [123.12, 258.46, 491.49, 419.3], ""char_end"": 1073, ""char_start"": 0, ""extracted_block"": 14, ""origin_file"": ""data/unga_general_debate_verbatim_en/UNGA79_2024/A_79_PV_8_EN.pdf"", ""origin_sha256"": ""9ab16cd0669fb447411fb0683e4ea73ef5bf77dcaf8641316fc5545cb6147df6"", ""paragraph"": 14, ""pdf_block"": 5, ""pdf_page"": 50}",today we call for an international treaty governing the development of artificial intelligence,uncertain,False,international treaty on ai,international treaty governing the development of artificial intelligence,en
E00163,verbatim_en_2024_BOL:6,2024_BOL,2024,BOL,Latin American and Caribbean States,data/analysis_ready_en/2024/2024_BOL.json,fe1fc03b9108d2eddef12ca8cdfae3ea86cd47041d7f4e42744832cc0810de13,data/unga_general_debate_verbatim_en/UNGA79_2024/A_79_PV_10_EN.pdf,"{""bbox"": [123.12, 396.19, 491.49, 494.69], ""char_end"": 638, ""char_start"": 0, ""extracted_block"": 6, ""origin_file"": ""data/unga_general_debate_verbatim_en/UNGA79_2024/A_79_PV_10_EN.pdf"", ""origin_sha256"": ""9472969282aaac8e11ce1471c9c46362bae4f283fd60bc3a27319f945343bff1"", ""paragraph"": 6, ""pdf_block"": 6, ""pdf_page"": 54}","Global governance must adapt to ensure that those technologies are used equitably, ethically and in the service of the well-being of humankind",uncertain,False,global governance,Global governance,en
E00163,verbatim_en_2024_BOL:6,2024_BOL,2024,BOL,Latin American and Caribbean States,data/analysis_ready_en/2024/2024_BOL.json,fe1fc03b9108d2eddef12ca8cdfae3ea86cd47041d7f4e42744832cc0810de13,data/unga_general_debate_verbatim_en/UNGA79_2024/A_79_PV_10_EN.pdf,"{""bbox"": [123.12, 396.19, 491.49, 494.69], ""char_end"": 638, ""char_start"": 0, ""extracted_block"": 6, ""origin_file"": ""data/unga_general_debate_verbatim_en/UNGA79_2024/A_79_PV_10_EN.pdf"", ""origin_sha256"": ""9472969282aaac8e11ce1471c9c46362bae4f283fd60bc3a27319f945343bff1"", ""paragraph"": 6, ""pdf_block"": 6, ""pdf_page"": 54}",technological power is concentrated in the hands of a few corporations and nations.,uncertain,False,technological power concentration,technological power is concentrated in the hands of a few corporations and nations,en
E00164,verbatim_en_2024_BRA:16,2024_BRA,2024,BRA,Latin American and Caribbean States,data/analysis_ready_en/2024/2024_BRA.json,0f133d4266c71d78276f189086c3f159914e39f7692ea2f9e9ffac3f94dc7c46,data/unga_general_debate_verbatim_en/UNGA79_2024/A_79_PV_7_EN.pdf,"{""bbox"": [123.12, 309.07, 491.5, 418.77], ""char_end"": 681, ""char_start"": 0, ""extracted_block"": 16, ""origin_file"": ""data/unga_general_debate_verbatim_en/UNGA79_2024/A_79_PV_7_EN.pdf"", ""origin_sha256"": ""eff6a731e2d9c7be39bc34a750dc736ee3f55459cf89688342b8d3c85eaaf5e7"", ""paragraph"": 16, ""pdf_block"": 4, ""pdf_page"": 10}",We are interested in an emancipatory artificial intelligence that bears the face of the global South,reviewed,False,emancipatory ai,emancipatory artificial intelligence,en
E00164,verbatim_en_2024_BRA:16,2024_BRA,2024,BRA,Latin American and Caribbean States,data/analysis_ready_en/2024/2024_BRA.json,0f133d4266c71d78276f189086c3f159914e39f7692ea2f9e9ffac3f94dc7c46,data/unga_general_debate_verbatim_en/UNGA79_2024/A_79_PV_7_EN.pdf,"{""bbox"": [123.12, 309.07, 491.5, 418.77], ""char_end"": 681, ""char_start"": 0, ""extracted_block"": 16, ""origin_file"": ""data/unga_general_debate_verbatim_en/UNGA79_2024/A_79_PV_7_EN.pdf"", ""origin_sha256"": ""eff6a731e2d9c7be39bc34a750dc736ee3f55459cf89688342b8d3c85eaaf5e7"", ""paragraph"": 16, ""pdf_block"": 4, ""pdf_page"": 10}",promotes information integrity,uncertain,False,information integrity,information integrity,en
E00164,verbatim_en_2024_BRA:16,2024_BRA,2024,BRA,Latin American and Caribbean States,data/analysis_ready_en/2024/2024_BRA.json,0f133d4266c71d78276f189086c3f159914e39f7692ea2f9e9ffac3f94dc7c46,data/unga_general_debate_verbatim_en/UNGA79_2024/A_79_PV_7_EN.pdf,"{""bbox"": [123.12, 309.07, 491.5, 418.77], ""char_end"": 681, ""char_start"": 0, ""extracted_block"": 16, ""origin_file"": ""data/unga_general_debate_verbatim_en/UNGA79_2024/A_79_PV_7_EN.pdf"", ""origin_sha256"": ""eff6a731e2d9c7be39bc34a750dc736ee3f55459cf89688342b8d3c85eaaf5e7"", ""paragraph"": 16, ""pdf_block"": 4, ""pdf_page"": 10}","We need a system of intergovernmental governance of artificial intelligence, in which all States have a seat.",uncertain,False,intergovernmental ai governance,intergovernmental governance of artificial intelligence,en
E00164,verbatim_en_2024_BRA:16,2024_BRA,2024,BRA,Latin American and Caribbean States,data/analysis_ready_en/2024/2024_BRA.json,0f133d4266c71d78276f189086c3f159914e39f7692ea2f9e9ffac3f94dc7c46,data/unga_general_debate_verbatim_en/UNGA79_2024/A_79_PV_7_EN.pdf,"{""bbox"": [123.12, 309.07, 491.5, 418.77], ""char_end"": 681, ""char_start"": 0, ""extracted_block"": 16, ""origin_file"": ""data/unga_general_debate_verbatim_en/UNGA79_2024/A_79_PV_7_EN.pdf"", ""origin_sha256"": ""eff6a731e2d9c7be39bc34a750dc736ee3f55459cf89688342b8d3c85eaaf5e7"", ""paragraph"": 16, ""pdf_block"": 4, ""pdf_page"": 10}",We need a system of intergovernmental governance of artificial intelligence,uncertain,False,intergovernmental governance of ai,intergovernmental governance of artificial intelligence,en
E00164,verbatim_en_2024_BRA:16,2024_BRA,2024,BRA,Latin American and Caribbean States,data/analysis_ready_en/2024/2024_BRA.json,0f133d4266c71d78276f189086c3f159914e39f7692ea2f9e9ffac3f94dc7c46,data/unga_general_debate_verbatim_en/UNGA79_2024/A_79_PV_7_EN.pdf,"{""bbox"": [123.12, 309.07, 491.5, 418.77], ""char_end"": 681, ""char_start"": 0, ""extracted_block"": 16, ""origin_file"": ""data/unga_general_debate_verbatim_en/UNGA79_2024/A_79_PV_7_EN.pdf"", ""origin_sha256"": ""eff6a731e2d9c7be39bc34a750dc736ee3f55459cf89688342b8d3c85eaaf5e7"", ""paragraph"": 16, ""pdf_block"": 4, ""pdf_page"": 10}",we are experiencing the consolidation of asymmetries that could lead to a true knowledge oligopoly,reviewed,False,knowledge oligopoly,knowledge oligopoly,en
E00165,verbatim_en_2024_CHL:24,2024_CHL,2024,CHL,Latin American and Caribbean States,data/analysis_ready_en/2024/2024_CHL.json,8e4c3d43f7e6e84ca830512ad39974e96906e797581d155ba9bad96104316f7d,data/unga_general_debate_verbatim_en/UNGA79_2024/A_79_PV_8_EN.pdf,"{""bbox"": [123.12, 327.11, 491.49, 436.81], ""char_end"": 662, ""char_start"": 0, ""extracted_block"": 24, ""origin_file"": ""data/unga_general_debate_verbatim_en/UNGA79_2024/A_79_PV_8_EN.pdf"", ""origin_sha256"": ""9ab16cd0669fb447411fb0683e4ea73ef5bf77dcaf8641316fc5545cb6147df6"", ""paragraph"": 24, ""pdf_block"": 5, ""pdf_page"": 24}",reinforcement of existing biases in the databases with which they are trained,uncertain,False,bias in training data,existing biases in the databases,en
E00165,verbatim_en_2024_CHL:24,2024_CHL,2024,CHL,Latin American and Caribbean States,data/analysis_ready_en/2024/2024_CHL.json,8e4c3d43f7e6e84ca830512ad39974e96906e797581d155ba9bad96104316f7d,data/unga_general_debate_verbatim_en/UNGA79_2024/A_79_PV_8_EN.pdf,"{""bbox"": [123.12, 327.11, 491.49, 436.81], ""char_end"": 662, ""char_start"": 0, ""extracted_block"": 24, ""origin_file"": ""data/unga_general_debate_verbatim_en/UNGA79_2024/A_79_PV_8_EN.pdf"", ""origin_sha256"": ""9ab16cd0669fb447411fb0683e4ea73ef5bf77dcaf8641316fc5545cb6147df6"", ""paragraph"": 24, ""pdf_block"": 5, ""pdf_page"": 24}",the reinforcement of existing biases in the databases with which they are trained,uncertain,False,biased training data,existing biases in the databases,en
E00165,verbatim_en_2024_CHL:24,2024_CHL,2024,CHL,Latin American and Caribbean States,data/analysis_ready_en/2024/2024_CHL.json,8e4c3d43f7e6e84ca830512ad39974e96906e797581d155ba9bad96104316f7d,data/unga_general_debate_verbatim_en/UNGA79_2024/A_79_PV_8_EN.pdf,"{""bbox"": [123.12, 327.11, 491.49, 436.81], ""char_end"": 662, ""char_start"": 0, ""extracted_block"": 24, ""origin_file"": ""data/unga_general_debate_verbatim_en/UNGA79_2024/A_79_PV_8_EN.pdf"", ""origin_sha256"": ""9ab16cd0669fb447411fb0683e4ea73ef5bf77dcaf8641316fc5545cb6147df6"", ""paragraph"": 24, ""pdf_block"": 5, ""pdf_page"": 24}",Are we going to trust the large companies to regulate themselves in this area?,reviewed,False,corporate self-regulation,regulate themselves,en
E00166,verbatim_en_2024_CHL:25,2024_CHL,2024,CHL,Latin American and Caribbean States,data/analysis_ready_en/2024/2024_CHL.json,8e4c3d43f7e6e84ca830512ad39974e96906e797581d155ba9bad96104316f7d,data/unga_general_debate_verbatim_en/UNGA79_2024/A_79_PV_8_EN.pdf,"{""bbox"": [123.12, 441.37, 491.47, 527.01], ""char_end"": 522, ""char_start"": 0, ""extracted_block"": 25, ""origin_file"": ""data/unga_general_debate_verbatim_en/UNGA79_2024/A_79_PV_8_EN.pdf"", ""origin_sha256"": ""9ab16cd0669fb447411fb0683e4ea73ef5bf77dcaf8641316fc5545cb6147df6"", ""paragraph"": 25, ""pdf_block"": 6, ""pdf_page"": 24}","by demanding algorithm traceability, data audits and corrective human interventions",reviewed,False,algorithm traceability,algorithm traceability,en
E00166,verbatim_en_2024_CHL:25,2024_CHL,2024,CHL,Latin American and Caribbean States,data/analysis_ready_en/2024/2024_CHL.json,8e4c3d43f7e6e84ca830512ad39974e96906e797581d155ba9bad96104316f7d,data/unga_general_debate_verbatim_en/UNGA79_2024/A_79_PV_8_EN.pdf,"{""bbox"": [123.12, 441.37, 491.47, 527.01], ""char_end"": 522, ""char_start"": 0, ""extracted_block"": 25, ""origin_file"": ""data/unga_general_debate_verbatim_en/UNGA79_2024/A_79_PV_8_EN.pdf"", ""origin_sha256"": ""9ab16cd0669fb447411fb0683e4ea73ef5bf77dcaf8641316fc5545cb6147df6"", ""paragraph"": 25, ""pdf_block"": 6, ""pdf_page"": 24}","by demanding algorithm traceability, data audits and corrective human interventions",uncertain,False,data audits,data audits,en
E00166,verbatim_en_2024_CHL:25,2024_CHL,2024,CHL,Latin American and Caribbean States,data/analysis_ready_en/2024/2024_CHL.json,8e4c3d43f7e6e84ca830512ad39974e96906e797581d155ba9bad96104316f7d,data/unga_general_debate_verbatim_en/UNGA79_2024/A_79_PV_8_EN.pdf,"{""bbox"": [123.12, 441.37, 491.47, 527.01], ""char_end"": 522, ""char_start"": 0, ""extracted_block"": 25, ""origin_file"": ""data/unga_general_debate_verbatim_en/UNGA79_2024/A_79_PV_8_EN.pdf"", ""origin_sha256"": ""9ab16cd0669fb447411fb0683e4ea73ef5bf77dcaf8641316fc5545cb6147df6"", ""paragraph"": 25, ""pdf_block"": 6, ""pdf_page"": 24}",the digital extermination of non-hegemonic cultures,reviewed,False,digital extermination,digital extermination,en
E00167,verbatim_en_2024_CHL:26,2024_CHL,2024,CHL,Latin American and Caribbean States,data/analysis_ready_en/2024/2024_CHL.json,8e4c3d43f7e6e84ca830512ad39974e96906e797581d155ba9bad96104316f7d,data/unga_general_debate_verbatim_en/UNGA79_2024/A_79_PV_8_EN.pdf,"{""bbox"": [123.12, 531.57, 491.45, 581.12], ""char_end"": 319, ""char_start"": 0, ""extracted_block"": 26, ""origin_file"": ""data/unga_general_debate_verbatim_en/UNGA79_2024/A_79_PV_8_EN.pdf"", ""origin_sha256"": ""9ab16cd0669fb447411fb0683e4ea73ef5bf77dcaf8641316fc5545cb6147df6"", ""paragraph"": 26, ""pdf_block"": 7, ""pdf_page"": 24}",Let us recall Asimov’s first law of robotics,reviewed,False,asimov's laws of robotics,Asimov’s first law of robotics,en
E00168,verbatim_en_2024_CHN:22,2024_CHN,2024,CHN,Asia-Pacific States,data/analysis_ready_en/2024/2024_CHN.json,7a38f54d9bfb5287833a95b95dbd636198c86dfade01aefefb05d4ae503f27b2,data/unga_general_debate_verbatim_en/UNGA79_2024/A_79_PV_15_EN.pdf,"{""bbox"": [123.38, 165.63, 490.8, 260.68], ""char_end"": 639, ""char_start"": 0, ""extracted_block"": 22, ""origin_file"": ""data/unga_general_debate_verbatim_en/UNGA79_2024/A_79_PV_15_EN.pdf"", ""origin_sha256"": ""6ff15314b74614c0fe93cc8d2f3fa0cd58911d47a409d84641882eaf51506497"", ""paragraph"": 22, ""pdf_block"": 4, ""pdf_page"": 15}",China has put forth the AI Capacity-Building Action Plan for Good and for All,reviewed,False,ai capacity-building action plan for good and for all,AI Capacity-Building Action Plan for Good and for All,en
E00168,verbatim_en_2024_CHN:22,2024_CHN,2024,CHN,Asia-Pacific States,data/analysis_ready_en/2024/2024_CHN.json,7a38f54d9bfb5287833a95b95dbd636198c86dfade01aefefb05d4ae503f27b2,data/unga_general_debate_verbatim_en/UNGA79_2024/A_79_PV_15_EN.pdf,"{""bbox"": [123.38, 165.63, 490.8, 260.68], ""char_end"": 639, ""char_start"": 0, ""extracted_block"": 22, ""origin_file"": ""data/unga_general_debate_verbatim_en/UNGA79_2024/A_79_PV_15_EN.pdf"", ""origin_sha256"": ""6ff15314b74614c0fe93cc8d2f3fa0cd58911d47a409d84641882eaf51506497"", ""paragraph"": 22, ""pdf_block"": 4, ""pdf_page"": 15}",developing AI for good and putting equal emphasis on development and security,reviewed,False,ai for good,AI for good,en
E00168,verbatim_en_2024_CHN:22,2024_CHN,2024,CHN,Asia-Pacific States,data/analysis_ready_en/2024/2024_CHN.json,7a38f54d9bfb5287833a95b95dbd636198c86dfade01aefefb05d4ae503f27b2,data/unga_general_debate_verbatim_en/UNGA79_2024/A_79_PV_15_EN.pdf,"{""bbox"": [123.38, 165.63, 490.8, 260.68], ""char_end"": 639, ""char_start"": 0, ""extracted_block"": 22, ""origin_file"": ""data/unga_general_debate_verbatim_en/UNGA79_2024/A_79_PV_15_EN.pdf"", ""origin_sha256"": ""6ff15314b74614c0fe93cc8d2f3fa0cd58911d47a409d84641882eaf51506497"", ""paragraph"": 22, ""pdf_block"": 4, ""pdf_page"": 15}",China supports the United Nations role as the main channel for global AI governance,reviewed,False,global ai governance,global AI governance,en
E00168,verbatim_en_2024_CHN:22,2024_CHN,2024,CHN,Asia-Pacific States,data/analysis_ready_en/2024/2024_CHN.json,7a38f54d9bfb5287833a95b95dbd636198c86dfade01aefefb05d4ae503f27b2,data/unga_general_debate_verbatim_en/UNGA79_2024/A_79_PV_15_EN.pdf,"{""bbox"": [123.38, 165.63, 490.8, 260.68], ""char_end"": 639, ""char_start"": 0, ""extracted_block"": 22, ""origin_file"": ""data/unga_general_debate_verbatim_en/UNGA79_2024/A_79_PV_15_EN.pdf"", ""origin_sha256"": ""6ff15314b74614c0fe93cc8d2f3fa0cd58911d47a409d84641882eaf51506497"", ""paragraph"": 22, ""pdf_block"": 4, ""pdf_page"": 15}",China is committed to taking a people-centred approach,uncertain,False,people-centred ai,people-centred approach,en
E00168,verbatim_en_2024_CHN:22,2024_CHN,2024,CHN,Asia-Pacific States,data/analysis_ready_en/2024/2024_CHN.json,7a38f54d9bfb5287833a95b95dbd636198c86dfade01aefefb05d4ae503f27b2,data/unga_general_debate_verbatim_en/UNGA79_2024/A_79_PV_15_EN.pdf,"{""bbox"": [123.38, 165.63, 490.8, 260.68], ""char_end"": 639, ""char_start"": 0, ""extracted_block"": 22, ""origin_file"": ""data/unga_general_debate_verbatim_en/UNGA79_2024/A_79_PV_15_EN.pdf"", ""origin_sha256"": ""6ff15314b74614c0fe93cc8d2f3fa0cd58911d47a409d84641882eaf51506497"", ""paragraph"": 22, ""pdf_block"": 4, ""pdf_page"": 15}",taking a people-centred approach,uncertain,False,people-centred approach,people-centred approach,en
E00169,verbatim_en_2024_CIV:7,2024_CIV,2024,CIV,African States,data/analysis_ready_en/2024/2024_CIV.json,dcae3be5b4f6159fcd87ff2ce40161cf8870d22445e5085fe32a76c67f41c8f9,data/unga_general_debate_verbatim_en/UNGA79_2024/A_79_PV_12_EN.pdf,"{""bbox"": [123.12, 613.58, 491.5, 737.47], ""char_end"": 795, ""char_start"": 0, ""extracted_block"": 7, ""origin_file"": ""data/unga_general_debate_verbatim_en/UNGA79_2024/A_79_PV_12_EN.pdf"", ""origin_sha256"": ""f3d14b11bcb670ddaaaa9da1a4ca358e775e40c3cff1d7b495681ed94d424cfd"", ""paragraph"": 7, ""pdf_block"": 9, ""pdf_page"": 12}",lead to the digital disadvantage of part of humankind,reviewed,False,digital disadvantage,digital disadvantage,en
E00169,verbatim_en_2024_CIV:7,2024_CIV,2024,CIV,African States,data/analysis_ready_en/2024/2024_CIV.json,dcae3be5b4f6159fcd87ff2ce40161cf8870d22445e5085fe32a76c67f41c8f9,data/unga_general_debate_verbatim_en/UNGA79_2024/A_79_PV_12_EN.pdf,"{""bbox"": [123.12, 613.58, 491.5, 737.47], ""char_end"": 795, ""char_start"": 0, ""extracted_block"": 7, ""origin_file"": ""data/unga_general_debate_verbatim_en/UNGA79_2024/A_79_PV_12_EN.pdf"", ""origin_sha256"": ""f3d14b11bcb670ddaaaa9da1a4ca358e775e40c3cff1d7b495681ed94d424cfd"", ""paragraph"": 7, ""pdf_block"": 9, ""pdf_page"": 12}",my country welcomes the adoption of the Global Digital Compact (see resolution 79/1),reviewed,False,global digital compact,Global Digital Compact,en
E00169,verbatim_en_2024_CIV:7,2024_CIV,2024,CIV,African States,data/analysis_ready_en/2024/2024_CIV.json,dcae3be5b4f6159fcd87ff2ce40161cf8870d22445e5085fe32a76c67f41c8f9,data/unga_general_debate_verbatim_en/UNGA79_2024/A_79_PV_12_EN.pdf,"{""bbox"": [123.12, 613.58, 491.5, 737.47], ""char_end"": 795, ""char_start"": 0, ""extracted_block"": 7, ""origin_file"": ""data/unga_general_debate_verbatim_en/UNGA79_2024/A_79_PV_12_EN.pdf"", ""origin_sha256"": ""f3d14b11bcb670ddaaaa9da1a4ca358e775e40c3cff1d7b495681ed94d424cfd"", ""paragraph"": 7, ""pdf_block"": 9, ""pdf_page"": 12}",owing to the lack of international regulations governing its use,reviewed,False,international regulations,lack of international regulations,en
E00171,verbatim_en_2024_COL:13,2024_COL,2024,COL,Latin American and Caribbean States,data/analysis_ready_en/2024/2024_COL.json,380063cac31574f101cbd2b68140606587d07d3f7d2ea7288d339265f9fced5f,data/unga_general_debate_verbatim_en/UNGA79_2024/A_79_PV_7_EN.pdf,"{""bbox"": [123.12, 274.83, 491.5, 434.02], ""char_end"": 1076, ""char_start"": 0, ""extracted_block"": 13, ""origin_file"": ""data/unga_general_debate_verbatim_en/UNGA79_2024/A_79_PV_7_EN.pdf"", ""origin_sha256"": ""eff6a731e2d9c7be39bc34a750dc736ee3f55459cf89688342b8d3c85eaaf5e7"", ""paragraph"": 13, ""pdf_block"": 4, ""pdf_page"": 34}",from the global oligarchy that assaults it.,uncertain,False,global oligarchy,global oligarchy,en
E00171,verbatim_en_2024_COL:13,2024_COL,2024,COL,Latin American and Caribbean States,data/analysis_ready_en/2024/2024_COL.json,380063cac31574f101cbd2b68140606587d07d3f7d2ea7288d339265f9fced5f,data/unga_general_debate_verbatim_en/UNGA79_2024/A_79_PV_7_EN.pdf,"{""bbox"": [123.12, 274.83, 491.5, 434.02], ""char_end"": 1076, ""char_start"": 0, ""extracted_block"": 13, ""origin_file"": ""data/unga_general_debate_verbatim_en/UNGA79_2024/A_79_PV_7_EN.pdf"", ""origin_sha256"": ""eff6a731e2d9c7be39bc34a750dc736ee3f55459cf89688342b8d3c85eaaf5e7"", ""paragraph"": 13, ""pdf_block"": 4, ""pdf_page"": 34}",must be controlled by a global public authority,reviewed,False,global public authority,global public authority,en
E00172,verbatim_en_2024_COM:10,2024_COM,2024,COM,African States,data/analysis_ready_en/2024/2024_COM.json,86bc953c3351cad953854775706ad1f51c54fcb419156de00ded5763cc870c2a,data/unga_general_debate_verbatim_en/UNGA79_2024/A_79_PV_12_EN.pdf,"{""bbox"": [123.12, 264.49, 491.49, 376.08], ""char_end"": 754, ""char_start"": 0, ""extracted_block"": 10, ""origin_file"": ""data/unga_general_debate_verbatim_en/UNGA79_2024/A_79_PV_12_EN.pdf"", ""origin_sha256"": ""f3d14b11bcb670ddaaaa9da1a4ca358e775e40c3cff1d7b495681ed94d424cfd"", ""paragraph"": 10, ""pdf_block"": 4, ""pdf_page"": 38}",the development and equitable use of artificial intelligence,uncertain,False,equitable use of ai,equitable use of artificial intelligence,en
E00172,verbatim_en_2024_COM:10,2024_COM,2024,COM,African States,data/analysis_ready_en/2024/2024_COM.json,86bc953c3351cad953854775706ad1f51c54fcb419156de00ded5763cc870c2a,data/unga_general_debate_verbatim_en/UNGA79_2024/A_79_PV_12_EN.pdf,"{""bbox"": [123.12, 264.49, 491.49, 376.08], ""char_end"": 754, ""char_start"": 0, ""extracted_block"": 10, ""origin_file"": ""data/unga_general_debate_verbatim_en/UNGA79_2024/A_79_PV_12_EN.pdf"", ""origin_sha256"": ""f3d14b11bcb670ddaaaa9da1a4ca358e775e40c3cff1d7b495681ed94d424cfd"", ""paragraph"": 10, ""pdf_block"": 4, ""pdf_page"": 38}",guaranteeing the development and equitable use of artificial intelligence,uncertain,False,equitable use of artificial intelligence,equitable use of artificial intelligence,en
E00172,verbatim_en_2024_COM:10,2024_COM,2024,COM,African States,data/analysis_ready_en/2024/2024_COM.json,86bc953c3351cad953854775706ad1f51c54fcb419156de00ded5763cc870c2a,data/unga_general_debate_verbatim_en/UNGA79_2024/A_79_PV_12_EN.pdf,"{""bbox"": [123.12, 264.49, 491.49, 376.08], ""char_end"": 754, ""char_start"": 0, ""extracted_block"": 10, ""origin_file"": ""data/unga_general_debate_verbatim_en/UNGA79_2024/A_79_PV_12_EN.pdf"", ""origin_sha256"": ""f3d14b11bcb670ddaaaa9da1a4ca358e775e40c3cff1d7b495681ed94d424cfd"", ""paragraph"": 10, ""pdf_block"": 4, ""pdf_page"": 38}",establish guidelines that will lead to legal tools,reviewed,False,legal tools,legal tools,en
E00173,verbatim_en_2024_CRI:13,2024_CRI,2024,CRI,Latin American and Caribbean States,data/analysis_ready_en/2024/2024_CRI.json,e9e280de093af26e2676a72a3b1924191713a6404f5ba6199dd809e374b93183,data/unga_general_debate_verbatim_en/UNGA79_2024/A_79_PV_12_EN.pdf,"{""bbox"": [123.12, 547.95, 491.48, 634.3], ""char_end"": 512, ""char_start"": 0, ""extracted_block"": 13, ""origin_file"": ""data/unga_general_debate_verbatim_en/UNGA79_2024/A_79_PV_12_EN.pdf"", ""origin_sha256"": ""f3d14b11bcb670ddaaaa9da1a4ca358e775e40c3cff1d7b495681ed94d424cfd"", ""paragraph"": 13, ""pdf_block"": 7, ""pdf_page"": 48}",governance frameworks for artificial intelligence in both the military and civilian spheres,reviewed,False,ai governance frameworks,governance frameworks for artificial intelligence,en
E00173,verbatim_en_2024_CRI:13,2024_CRI,2024,CRI,Latin American and Caribbean States,data/analysis_ready_en/2024/2024_CRI.json,e9e280de093af26e2676a72a3b1924191713a6404f5ba6199dd809e374b93183,data/unga_general_debate_verbatim_en/UNGA79_2024/A_79_PV_12_EN.pdf,"{""bbox"": [123.12, 547.95, 491.48, 634.3], ""char_end"": 512, ""char_start"": 0, ""extracted_block"": 13, ""origin_file"": ""data/unga_general_debate_verbatim_en/UNGA79_2024/A_79_PV_12_EN.pdf"", ""origin_sha256"": ""f3d14b11bcb670ddaaaa9da1a4ca358e775e40c3cff1d7b495681ed94d424cfd"", ""paragraph"": 13, ""pdf_block"": 7, ""pdf_page"": 48}",regulate autonomous systems with transformative capabilities,reviewed,False,autonomous systems,autonomous systems,en
E00173,verbatim_en_2024_CRI:13,2024_CRI,2024,CRI,Latin American and Caribbean States,data/analysis_ready_en/2024/2024_CRI.json,e9e280de093af26e2676a72a3b1924191713a6404f5ba6199dd809e374b93183,data/unga_general_debate_verbatim_en/UNGA79_2024/A_79_PV_12_EN.pdf,"{""bbox"": [123.12, 547.95, 491.48, 634.3], ""char_end"": 512, ""char_start"": 0, ""extracted_block"": 13, ""origin_file"": ""data/unga_general_debate_verbatim_en/UNGA79_2024/A_79_PV_12_EN.pdf"", ""origin_sha256"": ""f3d14b11bcb670ddaaaa9da1a4ca358e775e40c3cff1d7b495681ed94d424cfd"", ""paragraph"": 13, ""pdf_block"": 7, ""pdf_page"": 48}",The recently adopted Global Digital Compact,reviewed,False,global digital compact,Global Digital Compact,en
E00174,verbatim_en_2024_CZE:8,2024_CZE,2024,CZE,Eastern European States,data/analysis_ready_en/2024/2024_CZE.json,7bf8c69704d402e49fd9c4d77bc4c1bb07cd7f243919c23df8497027a494b4bc,data/unga_general_debate_verbatim_en/UNGA79_2024/A_79_PV_9_EN.pdf,"{""bbox"": [123.12, 466.72, 491.49, 639.62], ""char_end"": 1086, ""char_start"": 0, ""extracted_block"": 8, ""origin_file"": ""data/unga_general_debate_verbatim_en/UNGA79_2024/A_79_PV_9_EN.pdf"", ""origin_sha256"": ""c0a268bcba790f2c0e3282c91221c2e022039fffa71b2b9d294adb7f1190ef42"", ""paragraph"": 8, ""pdf_block"": 5, ""pdf_page"": 10}","including artificial intelligence, autonomous systems, biotechnology and quantum computing",uncertain,False,autonomous systems,autonomous systems,en
E00174,verbatim_en_2024_CZE:8,2024_CZE,2024,CZE,Eastern European States,data/analysis_ready_en/2024/2024_CZE.json,7bf8c69704d402e49fd9c4d77bc4c1bb07cd7f243919c23df8497027a494b4bc,data/unga_general_debate_verbatim_en/UNGA79_2024/A_79_PV_9_EN.pdf,"{""bbox"": [123.12, 466.72, 491.49, 639.62], ""char_end"": 1086, ""char_start"": 0, ""extracted_block"": 8, ""origin_file"": ""data/unga_general_debate_verbatim_en/UNGA79_2024/A_79_PV_9_EN.pdf"", ""origin_sha256"": ""c0a268bcba790f2c0e3282c91221c2e022039fffa71b2b9d294adb7f1190ef42"", ""paragraph"": 8, ""pdf_block"": 5, ""pdf_page"": 10}",a draft resolution on human rights in the context of digital technologies (resolution 78/213).,uncertain,False,human rights in the context of digital technologies,human rights in the context of digital technologies,en
E00175,verbatim_en_2024_DJI:10,2024_DJI,2024,DJI,African States,data/analysis_ready_en/2024/2024_DJI.json,d00cfa9b9e815bf61148c278068f3758eba60d3977722e1999840798256ead7b,data/unga_general_debate_verbatim_en/UNGA79_2024/A_79_PV_17_EN.pdf,"{""bbox"": [123.38, 75.63, 491.19, 158.65], ""char_end"": 546, ""char_start"": 0, ""extracted_block"": 10, ""origin_file"": ""data/unga_general_debate_verbatim_en/UNGA79_2024/A_79_PV_17_EN.pdf"", ""origin_sha256"": ""a8eac9bd81a130db21655026eb112c19cede627742c0cfda798b2138879bba64"", ""paragraph"": 10, ""pdf_block"": 3, ""pdf_page"": 52}",the Global Digital Compact and the Declaration on Future Generations,reviewed,False,global digital compact,Global Digital Compact,en
E00175,verbatim_en_2024_DJI:10,2024_DJI,2024,DJI,African States,data/analysis_ready_en/2024/2024_DJI.json,d00cfa9b9e815bf61148c278068f3758eba60d3977722e1999840798256ead7b,data/unga_general_debate_verbatim_en/UNGA79_2024/A_79_PV_17_EN.pdf,"{""bbox"": [123.38, 75.63, 491.19, 158.65], ""char_end"": 546, ""char_start"": 0, ""extracted_block"": 10, ""origin_file"": ""data/unga_general_debate_verbatim_en/UNGA79_2024/A_79_PV_17_EN.pdf"", ""origin_sha256"": ""a8eac9bd81a130db21655026eb112c19cede627742c0cfda798b2138879bba64"", ""paragraph"": 10, ""pdf_block"": 3, ""pdf_page"": 52}","resolution 78/311, the first-ever resolution on artificial intelligence",uncertain,False,resolution 78/311,resolution 78/311,en
E00175,verbatim_en_2024_DJI:10,2024_DJI,2024,DJI,African States,data/analysis_ready_en/2024/2024_DJI.json,d00cfa9b9e815bf61148c278068f3758eba60d3977722e1999840798256ead7b,data/unga_general_debate_verbatim_en/UNGA79_2024/A_79_PV_17_EN.pdf,"{""bbox"": [123.38, 75.63, 491.19, 158.65], ""char_end"": 546, ""char_start"": 0, ""extracted_block"": 10, ""origin_file"": ""data/unga_general_debate_verbatim_en/UNGA79_2024/A_79_PV_17_EN.pdf"", ""origin_sha256"": ""a8eac9bd81a130db21655026eb112c19cede627742c0cfda798b2138879bba64"", ""paragraph"": 10, ""pdf_block"": 3, ""pdf_page"": 52}","to promote safe, secure and trustworthy artificial intelligence systems for sustainable development.",uncertain,False,"safe, secure and trustworthy ai","safe, secure and trustworthy artificial intelligence systems",en
E00175,verbatim_en_2024_DJI:10,2024_DJI,2024,DJI,African States,data/analysis_ready_en/2024/2024_DJI.json,d00cfa9b9e815bf61148c278068f3758eba60d3977722e1999840798256ead7b,data/unga_general_debate_verbatim_en/UNGA79_2024/A_79_PV_17_EN.pdf,"{""bbox"": [123.38, 75.63, 491.19, 158.65], ""char_end"": 546, ""char_start"": 0, ""extracted_block"": 10, ""origin_file"": ""data/unga_general_debate_verbatim_en/UNGA79_2024/A_79_PV_17_EN.pdf"", ""origin_sha256"": ""a8eac9bd81a130db21655026eb112c19cede627742c0cfda798b2138879bba64"", ""paragraph"": 10, ""pdf_block"": 3, ""pdf_page"": 52}","to promote safe, secure and trustworthy artificial intelligence systems for sustainable development.",uncertain,False,trustworthy ai,"safe, secure and trustworthy artificial intelligence systems",en
E00178,verbatim_en_2024_ESP:29,2024_ESP,2024,ESP,Western European and other States,data/analysis_ready_en/2024/2024_ESP.json,8617e38862e948b73648fb1b17932967cfd85999ea72925ee6cae50bd568c80b,data/unga_general_debate_verbatim_en/UNGA79_2024/A_79_PV_10_EN.pdf,"{""bbox"": [123.12, 223.2, 491.52, 350.8], ""char_end"": 759, ""char_start"": 0, ""extracted_block"": 29, ""origin_file"": ""data/unga_general_debate_verbatim_en/UNGA79_2024/A_79_PV_10_EN.pdf"", ""origin_sha256"": ""9472969282aaac8e11ce1471c9c46362bae4f283fd60bc3a27319f945343bff1"", ""paragraph"": 29, ""pdf_block"": 4, ""pdf_page"": 33}",the emergence of a disruptive advance generates fear and mistrust.,uncertain,False,disruptive advance,disruptive advance,en
E00179,verbatim_en_2024_ESP:30,2024_ESP,2024,ESP,Western European and other States,data/analysis_ready_en/2024/2024_ESP.json,8617e38862e948b73648fb1b17932967cfd85999ea72925ee6cae50bd568c80b,data/unga_general_debate_verbatim_en/UNGA79_2024/A_79_PV_10_EN.pdf,"{""bbox"": [123.12, 357.6, 491.49, 442.4], ""char_end"": 428, ""char_start"": 0, ""extracted_block"": 30, ""origin_file"": ""data/unga_general_debate_verbatim_en/UNGA79_2024/A_79_PV_10_EN.pdf"", ""origin_sha256"": ""9472969282aaac8e11ce1471c9c46362bae4f283fd60bc3a27319f945343bff1"", ""paragraph"": 30, ""pdf_block"": 5, ""pdf_page"": 33}",the Secretary-General’s High-level Advisory Body on Artificial Intelligence,uncertain,False,ai advisory body,High-level Advisory Body on Artificial Intelligence,en
E00179,verbatim_en_2024_ESP:30,2024_ESP,2024,ESP,Western European and other States,data/analysis_ready_en/2024/2024_ESP.json,8617e38862e948b73648fb1b17932967cfd85999ea72925ee6cae50bd568c80b,data/unga_general_debate_verbatim_en/UNGA79_2024/A_79_PV_10_EN.pdf,"{""bbox"": [123.12, 357.6, 491.49, 442.4], ""char_end"": 428, ""char_start"": 0, ""extracted_block"": 30, ""origin_file"": ""data/unga_general_debate_verbatim_en/UNGA79_2024/A_79_PV_10_EN.pdf"", ""origin_sha256"": ""9472969282aaac8e11ce1471c9c46362bae4f283fd60bc3a27319f945343bff1"", ""paragraph"": 30, ""pdf_block"": 5, ""pdf_page"": 33}",the seven key recommendations of the Secretary-General’s High-level Advisory Body on Artificial Intelligence.,uncertain,False,high-level advisory body on ai,Secretary-General’s High-level Advisory Body on Artificial Intelligence,en
E00179,verbatim_en_2024_ESP:30,2024_ESP,2024,ESP,Western European and other States,data/analysis_ready_en/2024/2024_ESP.json,8617e38862e948b73648fb1b17932967cfd85999ea72925ee6cae50bd568c80b,data/unga_general_debate_verbatim_en/UNGA79_2024/A_79_PV_10_EN.pdf,"{""bbox"": [123.12, 357.6, 491.49, 442.4], ""char_end"": 428, ""char_start"": 0, ""extracted_block"": 30, ""origin_file"": ""data/unga_general_debate_verbatim_en/UNGA79_2024/A_79_PV_10_EN.pdf"", ""origin_sha256"": ""9472969282aaac8e11ce1471c9c46362bae4f283fd60bc3a27319f945343bff1"", ""paragraph"": 30, ""pdf_block"": 5, ""pdf_page"": 33}",carried out in an ethical and responsible manner for the benefit of all humankind.,uncertain,False,responsible ai,ethical and responsible manner,en
E00182,verbatim_en_2024_FIN:10,2024_FIN,2024,FIN,Western European and other States,data/analysis_ready_en/2024/2024_FIN.json,3f1f5fde4fedbd155ed510b2868cb4ea8b4879d9d059ee50cd4229bf198fdc4f,data/unga_general_debate_verbatim_en/UNGA79_2024/A_79_PV_10_EN.pdf,"{""bbox"": [123.12, 230.89, 491.48, 280.44], ""char_end"": 314, ""char_start"": 0, ""extracted_block"": 10, ""origin_file"": ""data/unga_general_debate_verbatim_en/UNGA79_2024/A_79_PV_10_EN.pdf"", ""origin_sha256"": ""9472969282aaac8e11ce1471c9c46362bae4f283fd60bc3a27319f945343bff1"", ""paragraph"": 10, ""pdf_block"": 5, ""pdf_page"": 5}","all disruptive technologies work in both directions, good and bad.",uncertain,False,disruptive technologies,disruptive technologies,en
E00183,verbatim_en_2024_FRA:33,2024_FRA,2024,FRA,Western European and other States,data/analysis_ready_en/2024/2024_FRA.json,33fac76125e555c2db2fe33fffc1d075dbbe7954348f3eafe3f9a517b7e980df,data/unga_general_debate_verbatim_en/UNGA79_2024/A_79_PV_9_EN.pdf,"{""bbox"": [123.12, 341.61, 491.5, 500.83], ""char_end"": 1044, ""char_start"": 0, ""extracted_block"": 33, ""origin_file"": ""data/unga_general_debate_verbatim_en/UNGA79_2024/A_79_PV_9_EN.pdf"", ""origin_sha256"": ""c0a268bcba790f2c0e3282c91221c2e022039fffa71b2b9d294adb7f1190ef42"", ""paragraph"": 33, ""pdf_block"": 5, ""pdf_page"": 61}",France will be hosting the next Artificial Intelligence Action Summit in February 2025,reviewed,False,ai action summit,Artificial Intelligence Action Summit,en
E00183,verbatim_en_2024_FRA:33,2024_FRA,2024,FRA,Western European and other States,data/analysis_ready_en/2024/2024_FRA.json,33fac76125e555c2db2fe33fffc1d075dbbe7954348f3eafe3f9a517b7e980df,data/unga_general_debate_verbatim_en/UNGA79_2024/A_79_PV_9_EN.pdf,"{""bbox"": [123.12, 341.61, 491.5, 500.83], ""char_end"": 1044, ""char_start"": 0, ""extracted_block"": 33, ""origin_file"": ""data/unga_general_debate_verbatim_en/UNGA79_2024/A_79_PV_9_EN.pdf"", ""origin_sha256"": ""c0a268bcba790f2c0e3282c91221c2e022039fffa71b2b9d294adb7f1190ef42"", ""paragraph"": 33, ""pdf_block"": 5, ""pdf_page"": 61}","within a united ethical and democratic framework, designed by the peoples of the planet",uncertain,False,ethical and democratic framework,united ethical and democratic framework,en
E00183,verbatim_en_2024_FRA:33,2024_FRA,2024,FRA,Western European and other States,data/analysis_ready_en/2024/2024_FRA.json,33fac76125e555c2db2fe33fffc1d075dbbe7954348f3eafe3f9a517b7e980df,data/unga_general_debate_verbatim_en/UNGA79_2024/A_79_PV_9_EN.pdf,"{""bbox"": [123.12, 341.61, 491.5, 500.83], ""char_end"": 1044, ""char_start"": 0, ""extracted_block"": 33, ""origin_file"": ""data/unga_general_debate_verbatim_en/UNGA79_2024/A_79_PV_9_EN.pdf"", ""origin_sha256"": ""c0a268bcba790f2c0e3282c91221c2e022039fffa71b2b9d294adb7f1190ef42"", ""paragraph"": 33, ""pdf_block"": 5, ""pdf_page"": 61}",including on the Global Digital Compact,reviewed,False,global digital compact,Global Digital Compact,en
E00184,verbatim_en_2024_GBR:8,2024_GBR,2024,GBR,Western European and other States,data/analysis_ready_en/2024/2024_GBR.json,9143dbe6070d62724b8e076941a0d92ca4c13bd97c1b9538bc70942e1e13b6d8,data/unga_general_debate_verbatim_en/UNGA79_2024/A_79_PV_12_EN.pdf,"{""bbox"": [123.12, 110.97, 491.47, 209.47], ""char_end"": 600, ""char_start"": 0, ""extracted_block"": 8, ""origin_file"": ""data/unga_general_debate_verbatim_en/UNGA79_2024/A_79_PV_12_EN.pdf"", ""origin_sha256"": ""f3d14b11bcb670ddaaaa9da1a4ca358e775e40c3cff1d7b495681ed94d424cfd"", ""paragraph"": 8, ""pdf_block"": 3, ""pdf_page"": 29}",artificial intelligence are being deployed for military use without agreed rules,uncertain,False,military ai,deployed for military use,en
E00184,verbatim_en_2024_GBR:8,2024_GBR,2024,GBR,Western European and other States,data/analysis_ready_en/2024/2024_GBR.json,9143dbe6070d62724b8e076941a0d92ca4c13bd97c1b9538bc70942e1e13b6d8,data/unga_general_debate_verbatim_en/UNGA79_2024/A_79_PV_12_EN.pdf,"{""bbox"": [123.12, 110.97, 491.47, 209.47], ""char_end"": 600, ""char_start"": 0, ""extracted_block"": 8, ""origin_file"": ""data/unga_general_debate_verbatim_en/UNGA79_2024/A_79_PV_12_EN.pdf"", ""origin_sha256"": ""f3d14b11bcb670ddaaaa9da1a4ca358e775e40c3cff1d7b495681ed94d424cfd"", ""paragraph"": 8, ""pdf_block"": 3, ""pdf_page"": 29}",artificial intelligence are being deployed for military use without agreed rules,uncertain,False,military use of ai,deployed for military use,en
E00184,verbatim_en_2024_GBR:8,2024_GBR,2024,GBR,Western European and other States,data/analysis_ready_en/2024/2024_GBR.json,9143dbe6070d62724b8e076941a0d92ca4c13bd97c1b9538bc70942e1e13b6d8,data/unga_general_debate_verbatim_en/UNGA79_2024/A_79_PV_12_EN.pdf,"{""bbox"": [123.12, 110.97, 491.47, 209.47], ""char_end"": 600, ""char_start"": 0, ""extracted_block"": 8, ""origin_file"": ""data/unga_general_debate_verbatim_en/UNGA79_2024/A_79_PV_12_EN.pdf"", ""origin_sha256"": ""f3d14b11bcb670ddaaaa9da1a4ca358e775e40c3cff1d7b495681ed94d424cfd"", ""paragraph"": 8, ""pdf_block"": 3, ""pdf_page"": 29}",the new Pact for the Future (resolution 79/1) is so important,uncertain,False,pact for the future,Pact for the Future,en
E00185,verbatim_en_2024_GRC:2,2024_GRC,2024,GRC,Western European and other States,data/analysis_ready_en/2024/2024_GRC.json,0c20f6ea3aa7bd4fb9ace064769670ad9d63a1465abcbfa9937af40d6e850c7c,data/unga_general_debate_verbatim_en/UNGA79_2024/A_79_PV_12_EN.pdf,"{""bbox"": [123.12, 326.98, 491.48, 472.8], ""char_end"": 956, ""char_start"": 0, ""extracted_block"": 2, ""origin_file"": ""data/unga_general_debate_verbatim_en/UNGA79_2024/A_79_PV_12_EN.pdf"", ""origin_sha256"": ""f3d14b11bcb670ddaaaa9da1a4ca358e775e40c3cff1d7b495681ed94d424cfd"", ""paragraph"": 2, ""pdf_block"": 7, ""pdf_page"": 23}",or even the unchecked rise of artificial intelligence,uncertain,False,unchecked ai,unchecked rise of artificial intelligence,en
E00185,verbatim_en_2024_GRC:2,2024_GRC,2024,GRC,Western European and other States,data/analysis_ready_en/2024/2024_GRC.json,0c20f6ea3aa7bd4fb9ace064769670ad9d63a1465abcbfa9937af40d6e850c7c,data/unga_general_debate_verbatim_en/UNGA79_2024/A_79_PV_12_EN.pdf,"{""bbox"": [123.12, 326.98, 491.48, 472.8], ""char_end"": 956, ""char_start"": 0, ""extracted_block"": 2, ""origin_file"": ""data/unga_general_debate_verbatim_en/UNGA79_2024/A_79_PV_12_EN.pdf"", ""origin_sha256"": ""f3d14b11bcb670ddaaaa9da1a4ca358e775e40c3cff1d7b495681ed94d424cfd"", ""paragraph"": 2, ""pdf_block"": 7, ""pdf_page"": 23}",or even the unchecked rise of artificial intelligence,uncertain,False,unchecked rise of artificial intelligence,unchecked rise of artificial intelligence,en
E00186,verbatim_en_2024_GRC:16,2024_GRC,2024,GRC,Western European and other States,data/analysis_ready_en/2024/2024_GRC.json,0c20f6ea3aa7bd4fb9ace064769670ad9d63a1465abcbfa9937af40d6e850c7c,data/unga_general_debate_verbatim_en/UNGA79_2024/A_79_PV_12_EN.pdf,"{""bbox"": [123.12, 110.62, 491.49, 148.14], ""char_end"": 215, ""char_start"": 0, ""extracted_block"": 16, ""origin_file"": ""data/unga_general_debate_verbatim_en/UNGA79_2024/A_79_PV_12_EN.pdf"", ""origin_sha256"": ""f3d14b11bcb670ddaaaa9da1a4ca358e775e40c3cff1d7b495681ed94d424cfd"", ""paragraph"": 16, ""pdf_block"": 3, ""pdf_page"": 26}",the advent of artificial intelligence (AI),uncertain,False,advent of ai,advent of artificial intelligence,en
E00187,verbatim_en_2024_GRC:17,2024_GRC,2024,GRC,Western European and other States,data/analysis_ready_en/2024/2024_GRC.json,0c20f6ea3aa7bd4fb9ace064769670ad9d63a1465abcbfa9937af40d6e850c7c,data/unga_general_debate_verbatim_en/UNGA79_2024/A_79_PV_12_EN.pdf,"{""bbox"": [123.12, 152.7, 491.5, 310.51], ""char_end"": 1048, ""char_start"": 0, ""extracted_block"": 17, ""origin_file"": ""data/unga_general_debate_verbatim_en/UNGA79_2024/A_79_PV_12_EN.pdf"", ""origin_sha256"": ""f3d14b11bcb670ddaaaa9da1a4ca358e775e40c3cff1d7b495681ed94d424cfd"", ""paragraph"": 17, ""pdf_block"": 4, ""pdf_page"": 26}",more and more convincing deepfakes,reviewed,False,deepfakes,deepfakes,en
E00187,verbatim_en_2024_GRC:17,2024_GRC,2024,GRC,Western European and other States,data/analysis_ready_en/2024/2024_GRC.json,0c20f6ea3aa7bd4fb9ace064769670ad9d63a1465abcbfa9937af40d6e850c7c,data/unga_general_debate_verbatim_en/UNGA79_2024/A_79_PV_12_EN.pdf,"{""bbox"": [123.12, 152.7, 491.5, 310.51], ""char_end"": 1048, ""char_start"": 0, ""extracted_block"": 17, ""origin_file"": ""data/unga_general_debate_verbatim_en/UNGA79_2024/A_79_PV_12_EN.pdf"", ""origin_sha256"": ""f3d14b11bcb670ddaaaa9da1a4ca358e775e40c3cff1d7b495681ed94d424cfd"", ""paragraph"": 17, ""pdf_block"": 4, ""pdf_page"": 26}",AI as a general technology presents a huge opportunity,uncertain,False,general purpose technology,general technology,en
E00187,verbatim_en_2024_GRC:17,2024_GRC,2024,GRC,Western European and other States,data/analysis_ready_en/2024/2024_GRC.json,0c20f6ea3aa7bd4fb9ace064769670ad9d63a1465abcbfa9937af40d6e850c7c,data/unga_general_debate_verbatim_en/UNGA79_2024/A_79_PV_12_EN.pdf,"{""bbox"": [123.12, 152.7, 491.5, 310.51], ""char_end"": 1048, ""char_start"": 0, ""extracted_block"": 17, ""origin_file"": ""data/unga_general_debate_verbatim_en/UNGA79_2024/A_79_PV_12_EN.pdf"", ""origin_sha256"": ""f3d14b11bcb670ddaaaa9da1a4ca358e775e40c3cff1d7b495681ed94d424cfd"", ""paragraph"": 17, ""pdf_block"": 4, ""pdf_page"": 26}",AI as a general technology presents a huge opportunity,uncertain,False,general-purpose technology,general technology,en
E00187,verbatim_en_2024_GRC:17,2024_GRC,2024,GRC,Western European and other States,data/analysis_ready_en/2024/2024_GRC.json,0c20f6ea3aa7bd4fb9ace064769670ad9d63a1465abcbfa9937af40d6e850c7c,data/unga_general_debate_verbatim_en/UNGA79_2024/A_79_PV_12_EN.pdf,"{""bbox"": [123.12, 152.7, 491.5, 310.51], ""char_end"": 1048, ""char_start"": 0, ""extracted_block"": 17, ""origin_file"": ""data/unga_general_debate_verbatim_en/UNGA79_2024/A_79_PV_12_EN.pdf"", ""origin_sha256"": ""f3d14b11bcb670ddaaaa9da1a4ca358e775e40c3cff1d7b495681ed94d424cfd"", ""paragraph"": 17, ""pdf_block"": 4, ""pdf_page"": 26}",how generative AI is used to create,reviewed,False,generative ai,generative AI,en
E00188,verbatim_en_2024_GRC:18,2024_GRC,2024,GRC,Western European and other States,data/analysis_ready_en/2024/2024_GRC.json,0c20f6ea3aa7bd4fb9ace064769670ad9d63a1465abcbfa9937af40d6e850c7c,data/unga_general_debate_verbatim_en/UNGA79_2024/A_79_PV_12_EN.pdf,"{""bbox"": [123.12, 315.07, 491.49, 508.96], ""char_end"": 1252, ""char_start"": 0, ""extracted_block"": 18, ""origin_file"": ""data/unga_general_debate_verbatim_en/UNGA79_2024/A_79_PV_12_EN.pdf"", ""origin_sha256"": ""f3d14b11bcb670ddaaaa9da1a4ca358e775e40c3cff1d7b495681ed94d424cfd"", ""paragraph"": 18, ""pdf_block"": 5, ""pdf_page"": 26}",a few very large technology companies,reviewed,False,big tech,a few very large technology companies,en
E00188,verbatim_en_2024_GRC:18,2024_GRC,2024,GRC,Western European and other States,data/analysis_ready_en/2024/2024_GRC.json,0c20f6ea3aa7bd4fb9ace064769670ad9d63a1465abcbfa9937af40d6e850c7c,data/unga_general_debate_verbatim_en/UNGA79_2024/A_79_PV_12_EN.pdf,"{""bbox"": [123.12, 315.07, 491.49, 508.96], ""char_end"": 1252, ""char_start"": 0, ""extracted_block"": 18, ""origin_file"": ""data/unga_general_debate_verbatim_en/UNGA79_2024/A_79_PV_12_EN.pdf"", ""origin_sha256"": ""f3d14b11bcb670ddaaaa9da1a4ca358e775e40c3cff1d7b495681ed94d424cfd"", ""paragraph"": 18, ""pdf_block"": 5, ""pdf_page"": 26}","the final report, “Governing AI for Humanity”",reviewed,False,governing ai for humanity,Governing AI for Humanity,en
E00188,verbatim_en_2024_GRC:18,2024_GRC,2024,GRC,Western European and other States,data/analysis_ready_en/2024/2024_GRC.json,0c20f6ea3aa7bd4fb9ace064769670ad9d63a1465abcbfa9937af40d6e850c7c,data/unga_general_debate_verbatim_en/UNGA79_2024/A_79_PV_12_EN.pdf,"{""bbox"": [123.12, 315.07, 491.49, 508.96], ""char_end"": 1252, ""char_start"": 0, ""extracted_block"": 18, ""origin_file"": ""data/unga_general_debate_verbatim_en/UNGA79_2024/A_79_PV_12_EN.pdf"", ""origin_sha256"": ""f3d14b11bcb670ddaaaa9da1a4ca358e775e40c3cff1d7b495681ed94d424cfd"", ""paragraph"": 18, ""pdf_block"": 5, ""pdf_page"": 26}",the High-Level Advisory Body on Artificial Intelligence,reviewed,False,high-level advisory body on ai,High-Level Advisory Body on Artificial Intelligence,en
E00189,verbatim_en_2024_GRC:19,2024_GRC,2024,GRC,Western European and other States,data/analysis_ready_en/2024/2024_GRC.json,0c20f6ea3aa7bd4fb9ace064769670ad9d63a1465abcbfa9937af40d6e850c7c,data/unga_general_debate_verbatim_en/UNGA79_2024/A_79_PV_12_EN.pdf,"{""bbox"": [123.12, 513.52, 491.5, 575.1], ""char_end"": 399, ""char_start"": 0, ""extracted_block"": 19, ""origin_file"": ""data/unga_general_debate_verbatim_en/UNGA79_2024/A_79_PV_12_EN.pdf"", ""origin_sha256"": ""f3d14b11bcb670ddaaaa9da1a4ca358e775e40c3cff1d7b495681ed94d424cfd"", ""paragraph"": 19, ""pdf_block"": 6, ""pdf_page"": 26}",a conference of the parties for AI,reviewed,False,conference of the parties for ai,conference of the parties for AI,en
E00189,verbatim_en_2024_GRC:19,2024_GRC,2024,GRC,Western European and other States,data/analysis_ready_en/2024/2024_GRC.json,0c20f6ea3aa7bd4fb9ace064769670ad9d63a1465abcbfa9937af40d6e850c7c,data/unga_general_debate_verbatim_en/UNGA79_2024/A_79_PV_12_EN.pdf,"{""bbox"": [123.12, 513.52, 491.5, 575.1], ""char_end"": 399, ""char_start"": 0, ""extracted_block"": 19, ""origin_file"": ""data/unga_general_debate_verbatim_en/UNGA79_2024/A_79_PV_12_EN.pdf"", ""origin_sha256"": ""f3d14b11bcb670ddaaaa9da1a4ca358e775e40c3cff1d7b495681ed94d424cfd"", ""paragraph"": 19, ""pdf_block"": 6, ""pdf_page"": 26}","the Global Digital Compact (ibid., annex I)",reviewed,False,global digital compact,Global Digital Compact,en
E00189,verbatim_en_2024_GRC:19,2024_GRC,2024,GRC,Western European and other States,data/analysis_ready_en/2024/2024_GRC.json,0c20f6ea3aa7bd4fb9ace064769670ad9d63a1465abcbfa9937af40d6e850c7c,data/unga_general_debate_verbatim_en/UNGA79_2024/A_79_PV_12_EN.pdf,"{""bbox"": [123.12, 513.52, 491.5, 575.1], ""char_end"": 399, ""char_start"": 0, ""extracted_block"": 19, ""origin_file"": ""data/unga_general_debate_verbatim_en/UNGA79_2024/A_79_PV_12_EN.pdf"", ""origin_sha256"": ""f3d14b11bcb670ddaaaa9da1a4ca358e775e40c3cff1d7b495681ed94d424cfd"", ""paragraph"": 19, ""pdf_block"": 6, ""pdf_page"": 26}",the Pact for the Future (resolution 79/1),uncertain,False,pact for the future,Pact for the Future,en
E00190,verbatim_en_2024_GRC:20,2024_GRC,2024,GRC,Western European and other States,data/analysis_ready_en/2024/2024_GRC.json,0c20f6ea3aa7bd4fb9ace064769670ad9d63a1465abcbfa9937af40d6e850c7c,data/unga_general_debate_verbatim_en/UNGA79_2024/A_79_PV_12_EN.pdf,"{""bbox"": [123.12, 579.66, 491.5, 737.47], ""char_end"": 1086, ""char_start"": 0, ""extracted_block"": 20, ""origin_file"": ""data/unga_general_debate_verbatim_en/UNGA79_2024/A_79_PV_12_EN.pdf"", ""origin_sha256"": ""f3d14b11bcb670ddaaaa9da1a4ca358e775e40c3cff1d7b495681ed94d424cfd"", ""paragraph"": 20, ""pdf_block"": 7, ""pdf_page"": 26}",the adverse effects of digital technology and AI-driven algorithms on the mental health of our children,reviewed,False,ai-driven algorithms,AI-driven algorithms,en
E00190,verbatim_en_2024_GRC:20,2024_GRC,2024,GRC,Western European and other States,data/analysis_ready_en/2024/2024_GRC.json,0c20f6ea3aa7bd4fb9ace064769670ad9d63a1465abcbfa9937af40d6e850c7c,data/unga_general_debate_verbatim_en/UNGA79_2024/A_79_PV_12_EN.pdf,"{""bbox"": [123.12, 579.66, 491.5, 737.47], ""char_end"": 1086, ""char_start"": 0, ""extracted_block"": 20, ""origin_file"": ""data/unga_general_debate_verbatim_en/UNGA79_2024/A_79_PV_12_EN.pdf"", ""origin_sha256"": ""f3d14b11bcb670ddaaaa9da1a4ca358e775e40c3cff1d7b495681ed94d424cfd"", ""paragraph"": 20, ""pdf_block"": 7, ""pdf_page"": 26}",on the mental health of our children and our teenagers.,uncertain,False,children's mental health,mental health of our children,en
E00192,verbatim_en_2024_GRC:22,2024_GRC,2024,GRC,Western European and other States,data/analysis_ready_en/2024/2024_GRC.json,0c20f6ea3aa7bd4fb9ace064769670ad9d63a1465abcbfa9937af40d6e850c7c,data/unga_general_debate_verbatim_en/UNGA79_2024/A_79_PV_12_EN.pdf,"{""bbox"": [123.12, 124.7, 491.49, 238.51], ""char_end"": 723, ""char_start"": 0, ""extracted_block"": 22, ""origin_file"": ""data/unga_general_debate_verbatim_en/UNGA79_2024/A_79_PV_12_EN.pdf"", ""origin_sha256"": ""f3d14b11bcb670ddaaaa9da1a4ca358e775e40c3cff1d7b495681ed94d424cfd"", ""paragraph"": 22, ""pdf_block"": 3, ""pdf_page"": 27}","The overarching principle, the golden standard, is one and the same: do no harm.",uncertain,False,do no harm,do no harm,en
E00193,verbatim_en_2024_HTI:19,2024_HTI,2024,HTI,Latin American and Caribbean States,data/analysis_ready_en/2024/2024_HTI.json,c81bed18965ecc40e41c912e765d5a4c9913b727bbbcc5af8ad8460149769dcb,data/unga_general_debate_verbatim_en/UNGA79_2024/A_79_PV_11_EN.pdf,"{""bbox"": [123.38, 75.63, 490.37, 170.65], ""char_end"": 630, ""char_start"": 0, ""extracted_block"": 19, ""origin_file"": ""data/unga_general_debate_verbatim_en/UNGA79_2024/A_79_PV_11_EN.pdf"", ""origin_sha256"": ""44cfb42325ab66b605be4efc88813b549a990f826bf8fd9b29391bb340d208e8"", ""paragraph"": 19, ""pdf_block"": 3, ""pdf_page"": 29}",must imperatively receive support to bridge the digital divide,uncertain,False,digital divide,digital divide,en
E00195,verbatim_en_2024_ITA:2,2024_ITA,2024,ITA,Western European and other States,data/analysis_ready_en/2024/2024_ITA.json,d484458f460b1ea84c60d3125b368bd59aadc335d7501f61590abcf47984adf7,data/unga_general_debate_verbatim_en/UNGA79_2024/A_79_PV_8_EN.pdf,"{""bbox"": [123.12, 285.01, 491.49, 418.77], ""char_end"": 895, ""char_start"": 0, ""extracted_block"": 2, ""origin_file"": ""data/unga_general_debate_verbatim_en/UNGA79_2024/A_79_PV_8_EN.pdf"", ""origin_sha256"": ""9ab16cd0669fb447411fb0683e4ea73ef5bf77dcaf8641316fc5545cb6147df6"", ""paragraph"": 2, ""pdf_block"": 4, ""pdf_page"": 51}",its presidency of the Group of Seven (G7),reviewed,False,g7,Group of Seven (G7),en
E00195,verbatim_en_2024_ITA:2,2024_ITA,2024,ITA,Western European and other States,data/analysis_ready_en/2024/2024_ITA.json,d484458f460b1ea84c60d3125b368bd59aadc335d7501f61590abcf47984adf7,data/unga_general_debate_verbatim_en/UNGA79_2024/A_79_PV_8_EN.pdf,"{""bbox"": [123.12, 285.01, 491.49, 418.77], ""char_end"": 895, ""char_start"": 0, ""extracted_block"": 2, ""origin_file"": ""data/unga_general_debate_verbatim_en/UNGA79_2024/A_79_PV_8_EN.pdf"", ""origin_sha256"": ""9ab16cd0669fb447411fb0683e4ea73ef5bf77dcaf8641316fc5545cb6147df6"", ""paragraph"": 2, ""pdf_block"": 4, ""pdf_page"": 51}",the groundbreaking advent of generative artificial intelligence,reviewed,False,generative ai,generative artificial intelligence,en
E00195,verbatim_en_2024_ITA:2,2024_ITA,2024,ITA,Western European and other States,data/analysis_ready_en/2024/2024_ITA.json,d484458f460b1ea84c60d3125b368bd59aadc335d7501f61590abcf47984adf7,data/unga_general_debate_verbatim_en/UNGA79_2024/A_79_PV_8_EN.pdf,"{""bbox"": [123.12, 285.01, 491.49, 418.77], ""char_end"": 895, ""char_start"": 0, ""extracted_block"": 2, ""origin_file"": ""data/unga_general_debate_verbatim_en/UNGA79_2024/A_79_PV_8_EN.pdf"", ""origin_sha256"": ""9ab16cd0669fb447411fb0683e4ea73ef5bf77dcaf8641316fc5545cb6147df6"", ""paragraph"": 2, ""pdf_block"": 4, ""pdf_page"": 51}",defining a global governance for artificial intelligence,uncertain,False,global governance for ai,global governance for artificial intelligence,en
E00195,verbatim_en_2024_ITA:2,2024_ITA,2024,ITA,Western European and other States,data/analysis_ready_en/2024/2024_ITA.json,d484458f460b1ea84c60d3125b368bd59aadc335d7501f61590abcf47984adf7,data/unga_general_debate_verbatim_en/UNGA79_2024/A_79_PV_8_EN.pdf,"{""bbox"": [123.12, 285.01, 491.49, 418.77], ""char_end"": 895, ""char_start"": 0, ""extracted_block"": 2, ""origin_file"": ""data/unga_general_debate_verbatim_en/UNGA79_2024/A_79_PV_8_EN.pdf"", ""origin_sha256"": ""9ab16cd0669fb447411fb0683e4ea73ef5bf77dcaf8641316fc5545cb6147df6"", ""paragraph"": 2, ""pdf_block"": 4, ""pdf_page"": 51}","rights, labour, intellectual property, freedom of expression and democracy.",uncertain,False,intellectual property,intellectual property,en
E00196,verbatim_en_2024_JPN:27,2024_JPN,2024,JPN,Asia-Pacific States,data/analysis_ready_en/2024/2024_JPN.json,e5bd94d10229cebc1ef737c488426a3e7178cf94ced0bcc4e7c975a1c63c3fc4,data/unga_general_debate_verbatim_en/UNGA79_2024/A_79_PV_16_EN.pdf,"{""bbox"": [147.14, 105.63, 467.21, 176.65], ""char_end"": 396, ""char_start"": 0, ""extracted_block"": 27, ""origin_file"": ""data/unga_general_debate_verbatim_en/UNGA79_2024/A_79_PV_16_EN.pdf"", ""origin_sha256"": ""e412788b9968b539f058bbce9a94951577015dc42ae9ff17641fb952d097f47c"", ""paragraph"": 27, ""pdf_block"": 4, ""pdf_page"": 41}",working through the Hiroshima AI Process,reviewed,False,hiroshima ai process,Hiroshima AI Process,en
E00196,verbatim_en_2024_JPN:27,2024_JPN,2024,JPN,Asia-Pacific States,data/analysis_ready_en/2024/2024_JPN.json,e5bd94d10229cebc1ef737c488426a3e7178cf94ced0bcc4e7c975a1c63c3fc4,data/unga_general_debate_verbatim_en/UNGA79_2024/A_79_PV_16_EN.pdf,"{""bbox"": [147.14, 105.63, 467.21, 176.65], ""char_end"": 396, ""char_start"": 0, ""extracted_block"": 27, ""origin_file"": ""data/unga_general_debate_verbatim_en/UNGA79_2024/A_79_PV_16_EN.pdf"", ""origin_sha256"": ""e412788b9968b539f058bbce9a94951577015dc42ae9ff17641fb952d097f47c"", ""paragraph"": 27, ""pdf_block"": 4, ""pdf_page"": 41}",establish international governance on artificial intelligence (AI),uncertain,False,international ai governance,international governance on artificial intelligence,en
E00196,verbatim_en_2024_JPN:27,2024_JPN,2024,JPN,Asia-Pacific States,data/analysis_ready_en/2024/2024_JPN.json,e5bd94d10229cebc1ef737c488426a3e7178cf94ced0bcc4e7c975a1c63c3fc4,data/unga_general_debate_verbatim_en/UNGA79_2024/A_79_PV_16_EN.pdf,"{""bbox"": [147.14, 105.63, 467.21, 176.65], ""char_end"": 396, ""char_start"": 0, ""extracted_block"": 27, ""origin_file"": ""data/unga_general_debate_verbatim_en/UNGA79_2024/A_79_PV_16_EN.pdf"", ""origin_sha256"": ""e412788b9968b539f058bbce9a94951577015dc42ae9ff17641fb952d097f47c"", ""paragraph"": 27, ""pdf_block"": 4, ""pdf_page"": 41}","to achieve safe, secure and trustworthy AI",reviewed,False,trustworthy ai,"safe, secure and trustworthy AI",en
E00197,verbatim_en_2024_KAZ:12,2024_KAZ,2024,KAZ,Asia-Pacific States,data/analysis_ready_en/2024/2024_KAZ.json,4d36410ec23d27183dda7e07a785b7e8dd05625ab0660302fb368616f7e5498d,data/unga_general_debate_verbatim_en/UNGA79_2024/A_79_PV_15_EN.pdf,"{""bbox"": [123.38, 381.66, 491.04, 512.7], ""char_end"": 867, ""char_start"": 0, ""extracted_block"": 12, ""origin_file"": ""data/unga_general_debate_verbatim_en/UNGA79_2024/A_79_PV_15_EN.pdf"", ""origin_sha256"": ""6ff15314b74614c0fe93cc8d2f3fa0cd58911d47a409d84641882eaf51506497"", ""paragraph"": 12, ""pdf_block"": 6, ""pdf_page"": 18}",developing common ethics and standards to govern AI,uncertain,False,common ethics and standards,common ethics and standards,en
E00197,verbatim_en_2024_KAZ:12,2024_KAZ,2024,KAZ,Asia-Pacific States,data/analysis_ready_en/2024/2024_KAZ.json,4d36410ec23d27183dda7e07a785b7e8dd05625ab0660302fb368616f7e5498d,data/unga_general_debate_verbatim_en/UNGA79_2024/A_79_PV_15_EN.pdf,"{""bbox"": [123.38, 381.66, 491.04, 512.7], ""char_end"": 867, ""char_start"": 0, ""extracted_block"": 12, ""origin_file"": ""data/unga_general_debate_verbatim_en/UNGA79_2024/A_79_PV_15_EN.pdf"", ""origin_sha256"": ""6ff15314b74614c0fe93cc8d2f3fa0cd58911d47a409d84641882eaf51506497"", ""paragraph"": 12, ""pdf_block"": 6, ""pdf_page"": 18}","the risks of misuse for information wars, deepfakes and more",reviewed,False,deepfakes,deepfakes,en
E00197,verbatim_en_2024_KAZ:12,2024_KAZ,2024,KAZ,Asia-Pacific States,data/analysis_ready_en/2024/2024_KAZ.json,4d36410ec23d27183dda7e07a785b7e8dd05625ab0660302fb368616f7e5498d,data/unga_general_debate_verbatim_en/UNGA79_2024/A_79_PV_15_EN.pdf,"{""bbox"": [123.38, 381.66, 491.04, 512.7], ""char_end"": 867, ""char_start"": 0, ""extracted_block"": 12, ""origin_file"": ""data/unga_general_debate_verbatim_en/UNGA79_2024/A_79_PV_15_EN.pdf"", ""origin_sha256"": ""6ff15314b74614c0fe93cc8d2f3fa0cd58911d47a409d84641882eaf51506497"", ""paragraph"": 12, ""pdf_block"": 6, ""pdf_page"": 18}",The Summit of the Future distinctly highlighted digital transformation,uncertain,False,summit of the future,Summit of the Future,en
E00197,verbatim_en_2024_KAZ:12,2024_KAZ,2024,KAZ,Asia-Pacific States,data/analysis_ready_en/2024/2024_KAZ.json,4d36410ec23d27183dda7e07a785b7e8dd05625ab0660302fb368616f7e5498d,data/unga_general_debate_verbatim_en/UNGA79_2024/A_79_PV_15_EN.pdf,"{""bbox"": [123.38, 381.66, 491.04, 512.7], ""char_end"": 867, ""char_start"": 0, ""extracted_block"": 12, ""origin_file"": ""data/unga_general_debate_verbatim_en/UNGA79_2024/A_79_PV_15_EN.pdf"", ""origin_sha256"": ""6ff15314b74614c0fe93cc8d2f3fa0cd58911d47a409d84641882eaf51506497"", ""paragraph"": 12, ""pdf_block"": 6, ""pdf_page"": 18}",The establishment of a United Nations AI office would be a welcome step,uncertain,False,un ai office,United Nations AI office,en
E00197,verbatim_en_2024_KAZ:12,2024_KAZ,2024,KAZ,Asia-Pacific States,data/analysis_ready_en/2024/2024_KAZ.json,4d36410ec23d27183dda7e07a785b7e8dd05625ab0660302fb368616f7e5498d,data/unga_general_debate_verbatim_en/UNGA79_2024/A_79_PV_15_EN.pdf,"{""bbox"": [123.38, 381.66, 491.04, 512.7], ""char_end"": 867, ""char_start"": 0, ""extracted_block"": 12, ""origin_file"": ""data/unga_general_debate_verbatim_en/UNGA79_2024/A_79_PV_15_EN.pdf"", ""origin_sha256"": ""6ff15314b74614c0fe93cc8d2f3fa0cd58911d47a409d84641882eaf51506497"", ""paragraph"": 12, ""pdf_block"": 6, ""pdf_page"": 18}",The establishment of a United Nations AI office would be a welcome step,uncertain,False,united nations ai office,United Nations AI office,en
E00198,verbatim_en_2024_KEN:5,2024_KEN,2024,KEN,African States,data/analysis_ready_en/2024/2024_KEN.json,7ce57e8541ebde471c3393da6d455e3169b0c0c0f4c30d1ed66a54fc295db923,data/unga_general_debate_verbatim_en/UNGA79_2024/A_79_PV_11_EN.pdf,"{""bbox"": [123.38, 117.63, 490.48, 188.65], ""char_end"": 477, ""char_start"": 0, ""extracted_block"": 5, ""origin_file"": ""data/unga_general_debate_verbatim_en/UNGA79_2024/A_79_PV_11_EN.pdf"", ""origin_sha256"": ""44cfb42325ab66b605be4efc88813b549a990f826bf8fd9b29391bb340d208e8"", ""paragraph"": 5, ""pdf_block"": 4, ""pdf_page"": 5}",artificial intelligence in the military domain and autonomous weapons systems,reviewed,False,ai in the military domain,artificial intelligence in the military domain,en
E00198,verbatim_en_2024_KEN:5,2024_KEN,2024,KEN,African States,data/analysis_ready_en/2024/2024_KEN.json,7ce57e8541ebde471c3393da6d455e3169b0c0c0f4c30d1ed66a54fc295db923,data/unga_general_debate_verbatim_en/UNGA79_2024/A_79_PV_11_EN.pdf,"{""bbox"": [123.38, 117.63, 490.48, 188.65], ""char_end"": 477, ""char_start"": 0, ""extracted_block"": 5, ""origin_file"": ""data/unga_general_debate_verbatim_en/UNGA79_2024/A_79_PV_11_EN.pdf"", ""origin_sha256"": ""44cfb42325ab66b605be4efc88813b549a990f826bf8fd9b29391bb340d208e8"", ""paragraph"": 5, ""pdf_block"": 4, ""pdf_page"": 5}",artificial intelligence in the military domain and autonomous weapons systems,reviewed,False,autonomous weapons systems,autonomous weapons systems,en
E00199,verbatim_en_2024_KOR:14,2024_KOR,2024,KOR,Asia-Pacific States,data/analysis_ready_en/2024/2024_KOR.json,f96c1f3b2b66dad153babb8694c387e992470901373e845a4c7a0cce599d5446,data/unga_general_debate_verbatim_en/UNGA79_2024/A_79_PV_14_EN.pdf,"{""bbox"": [123.12, 523.7, 491.51, 682.9], ""char_end"": 1052, ""char_start"": 0, ""extracted_block"": 14, ""origin_file"": ""data/unga_general_debate_verbatim_en/UNGA79_2024/A_79_PV_14_EN.pdf"", ""origin_sha256"": ""cdadd6ed7d9eb38e7c388976c4e4f06dff256fa4091324cc6ff88aee120d0f85"", ""paragraph"": 14, ""pdf_block"": 5, ""pdf_page"": 47}",pledged to lead the global discussions on AI governance,uncertain,False,ai governance,AI governance,en
E00199,verbatim_en_2024_KOR:14,2024_KOR,2024,KOR,Asia-Pacific States,data/analysis_ready_en/2024/2024_KOR.json,f96c1f3b2b66dad153babb8694c387e992470901373e845a4c7a0cce599d5446,data/unga_general_debate_verbatim_en/UNGA79_2024/A_79_PV_14_EN.pdf,"{""bbox"": [123.12, 523.7, 491.51, 682.9], ""char_end"": 1052, ""char_start"": 0, ""extracted_block"": 14, ""origin_file"": ""data/unga_general_debate_verbatim_en/UNGA79_2024/A_79_PV_14_EN.pdf"", ""origin_sha256"": ""cdadd6ed7d9eb38e7c388976c4e4f06dff256fa4091324cc6ff88aee120d0f85"", ""paragraph"": 14, ""pdf_block"": 5, ""pdf_page"": 47}",adopted at the AI Seoul Summit in May,reviewed,False,ai seoul summit,AI Seoul Summit,en
E00199,verbatim_en_2024_KOR:14,2024_KOR,2024,KOR,Asia-Pacific States,data/analysis_ready_en/2024/2024_KOR.json,f96c1f3b2b66dad153babb8694c387e992470901373e845a4c7a0cce599d5446,data/unga_general_debate_verbatim_en/UNGA79_2024/A_79_PV_14_EN.pdf,"{""bbox"": [123.12, 523.7, 491.51, 682.9], ""char_end"": 1052, ""char_start"": 0, ""extracted_block"": 14, ""origin_file"": ""data/unga_general_debate_verbatim_en/UNGA79_2024/A_79_PV_14_EN.pdf"", ""origin_sha256"": ""cdadd6ed7d9eb38e7c388976c4e4f06dff256fa4091324cc6ff88aee120d0f85"", ""paragraph"": 14, ""pdf_block"": 5, ""pdf_page"": 47}",The adoption of the Blueprint for Action,uncertain,False,blueprint for action,Blueprint for Action,en
E00199,verbatim_en_2024_KOR:14,2024_KOR,2024,KOR,Asia-Pacific States,data/analysis_ready_en/2024/2024_KOR.json,f96c1f3b2b66dad153babb8694c387e992470901373e845a4c7a0cce599d5446,data/unga_general_debate_verbatim_en/UNGA79_2024/A_79_PV_14_EN.pdf,"{""bbox"": [123.12, 523.7, 491.51, 682.9], ""char_end"": 1052, ""char_start"": 0, ""extracted_block"": 14, ""origin_file"": ""data/unga_general_debate_verbatim_en/UNGA79_2024/A_79_PV_14_EN.pdf"", ""origin_sha256"": ""cdadd6ed7d9eb38e7c388976c4e4f06dff256fa4091324cc6ff88aee120d0f85"", ""paragraph"": 14, ""pdf_block"": 5, ""pdf_page"": 47}",the second Summit on Responsible AI in the Military Domain,uncertain,False,reaim,Summit on Responsible AI in the Military Domain,en
E00199,verbatim_en_2024_KOR:14,2024_KOR,2024,KOR,Asia-Pacific States,data/analysis_ready_en/2024/2024_KOR.json,f96c1f3b2b66dad153babb8694c387e992470901373e845a4c7a0cce599d5446,data/unga_general_debate_verbatim_en/UNGA79_2024/A_79_PV_14_EN.pdf,"{""bbox"": [123.12, 523.7, 491.51, 682.9], ""char_end"": 1052, ""char_start"": 0, ""extracted_block"": 14, ""origin_file"": ""data/unga_general_debate_verbatim_en/UNGA79_2024/A_79_PV_14_EN.pdf"", ""origin_sha256"": ""cdadd6ed7d9eb38e7c388976c4e4f06dff256fa4091324cc6ff88aee120d0f85"", ""paragraph"": 14, ""pdf_block"": 5, ""pdf_page"": 47}",the second Summit on Responsible AI in the Military Domain,uncertain,False,responsible ai in the military domain,Summit on Responsible AI in the Military Domain,en
E00199,verbatim_en_2024_KOR:14,2024_KOR,2024,KOR,Asia-Pacific States,data/analysis_ready_en/2024/2024_KOR.json,f96c1f3b2b66dad153babb8694c387e992470901373e845a4c7a0cce599d5446,data/unga_general_debate_verbatim_en/UNGA79_2024/A_79_PV_14_EN.pdf,"{""bbox"": [123.12, 523.7, 491.51, 682.9], ""char_end"": 1052, ""char_start"": 0, ""extracted_block"": 14, ""origin_file"": ""data/unga_general_debate_verbatim_en/UNGA79_2024/A_79_PV_14_EN.pdf"", ""origin_sha256"": ""cdadd6ed7d9eb38e7c388976c4e4f06dff256fa4091324cc6ff88aee120d0f85"", ""paragraph"": 14, ""pdf_block"": 5, ""pdf_page"": 47}","The Seoul Declaration for safe, innovative and inclusive AI, adopted at the AI Seoul Summit in May",reviewed,False,seoul declaration,"Seoul Declaration for safe, innovative and inclusive AI",en
E00200,verbatim_en_2024_KWT:8,2024_KWT,2024,KWT,Asia-Pacific States,data/analysis_ready_en/2024/2024_KWT.json,cf6548788f77a9b67210a9c24c89d1a738910c172a065113b5b65c603be82cbf,data/unga_general_debate_verbatim_en/UNGA79_2024/A_79_PV_11_EN.pdf,"{""bbox"": [123.38, 183.63, 490.45, 254.65], ""char_end"": 427, ""char_start"": 0, ""extracted_block"": 8, ""origin_file"": ""data/unga_general_debate_verbatim_en/UNGA79_2024/A_79_PV_11_EN.pdf"", ""origin_sha256"": ""44cfb42325ab66b605be4efc88813b549a990f826bf8fd9b29391bb340d208e8"", ""paragraph"": 8, ""pdf_block"": 5, ""pdf_page"": 57}","spreading hate speech, misinformation and disinformation",uncertain,False,disinformation,misinformation and disinformation,en
E00200,verbatim_en_2024_KWT:8,2024_KWT,2024,KWT,Asia-Pacific States,data/analysis_ready_en/2024/2024_KWT.json,cf6548788f77a9b67210a9c24c89d1a738910c172a065113b5b65c603be82cbf,data/unga_general_debate_verbatim_en/UNGA79_2024/A_79_PV_11_EN.pdf,"{""bbox"": [123.38, 183.63, 490.45, 254.65], ""char_end"": 427, ""char_start"": 0, ""extracted_block"": 8, ""origin_file"": ""data/unga_general_debate_verbatim_en/UNGA79_2024/A_79_PV_11_EN.pdf"", ""origin_sha256"": ""44cfb42325ab66b605be4efc88813b549a990f826bf8fd9b29391bb340d208e8"", ""paragraph"": 8, ""pdf_block"": 5, ""pdf_page"": 57}","used for incitement, terrorist recruitment and spreading hate speech",reviewed,False,terrorist recruitment,terrorist recruitment,en
E00201,verbatim_en_2024_LAO:16,2024_LAO,2024,LAO,Asia-Pacific States,data/analysis_ready_en/2024/2024_LAO.json,2cb2a02cac8b3db5bea9f3a441b0ee5eaf758fbbbe06aeb1e64cc95233b3da1c,data/unga_general_debate_verbatim_en/UNGA79_2024/A_79_PV_14_EN.pdf,"{""bbox"": [123.12, 206.84, 491.47, 304.51], ""char_end"": 644, ""char_start"": 0, ""extracted_block"": 16, ""origin_file"": ""data/unga_general_debate_verbatim_en/UNGA79_2024/A_79_PV_14_EN.pdf"", ""origin_sha256"": ""cdadd6ed7d9eb38e7c388976c4e4f06dff256fa4091324cc6ff88aee120d0f85"", ""paragraph"": 16, ""pdf_block"": 3, ""pdf_page"": 14}",facilitate access to and transfer of appropriate technology and innovation to help jumpstart development,uncertain,False,technology transfer,transfer of appropriate technology,en
E00202,verbatim_en_2024_LKA:6,2024_LKA,2024,LKA,Asia-Pacific States,data/analysis_ready_en/2024/2024_LKA.json,85441c43fb7b402f8a919c54925a2d9dcf4a3693c496c0e1beeb048a1d521576,data/unga_general_debate_verbatim_en/UNGA79_2024/A_79_PV_17_EN.pdf,"{""bbox"": [123.38, 225.63, 491.23, 308.68], ""char_end"": 499, ""char_start"": 0, ""extracted_block"": 6, ""origin_file"": ""data/unga_general_debate_verbatim_en/UNGA79_2024/A_79_PV_17_EN.pdf"", ""origin_sha256"": ""a8eac9bd81a130db21655026eb112c19cede627742c0cfda798b2138879bba64"", ""paragraph"": 6, ""pdf_block"": 4, ""pdf_page"": 40}",the use of artificial intelligence is challenging international humanitarian law on the battlefield.,uncertain,False,international humanitarian law,international humanitarian law,en
E00203,verbatim_en_2024_LKA:14,2024_LKA,2024,LKA,Asia-Pacific States,data/analysis_ready_en/2024/2024_LKA.json,85441c43fb7b402f8a919c54925a2d9dcf4a3693c496c0e1beeb048a1d521576,data/unga_general_debate_verbatim_en/UNGA79_2024/A_79_PV_17_EN.pdf,"{""bbox"": [123.38, 513.68, 490.82, 608.73], ""char_end"": 601, ""char_start"": 0, ""extracted_block"": 14, ""origin_file"": ""data/unga_general_debate_verbatim_en/UNGA79_2024/A_79_PV_17_EN.pdf"", ""origin_sha256"": ""a8eac9bd81a130db21655026eb112c19cede627742c0cfda798b2138879bba64"", ""paragraph"": 14, ""pdf_block"": 6, ""pdf_page"": 41}",we call for increased capacity-building and technical assistance to bridge the global digital divide,reviewed,False,digital divide,global digital divide,en
E00203,verbatim_en_2024_LKA:14,2024_LKA,2024,LKA,Asia-Pacific States,data/analysis_ready_en/2024/2024_LKA.json,85441c43fb7b402f8a919c54925a2d9dcf4a3693c496c0e1beeb048a1d521576,data/unga_general_debate_verbatim_en/UNGA79_2024/A_79_PV_17_EN.pdf,"{""bbox"": [123.38, 513.68, 490.82, 608.73], ""char_end"": 601, ""char_start"": 0, ""extracted_block"": 14, ""origin_file"": ""data/unga_general_debate_verbatim_en/UNGA79_2024/A_79_PV_17_EN.pdf"", ""origin_sha256"": ""a8eac9bd81a130db21655026eb112c19cede627742c0cfda798b2138879bba64"", ""paragraph"": 14, ""pdf_block"": 6, ""pdf_page"": 41}",the establishment of accessible digital public infrastructure.,uncertain,False,digital public infrastructure,digital public infrastructure,en
E00206,verbatim_en_2024_MCO:10,2024_MCO,2024,MCO,Western European and other States,data/analysis_ready_en/2024/2024_MCO.json,e651d3f91fd6ea7498f9dbef7f8b868ec206a2f0f84056955d1ded3f515b016f,data/unga_general_debate_verbatim_en/UNGA79_2024/A_79_PV_8_EN.pdf,"{""bbox"": [123.12, 384.12, 491.48, 519.03], ""char_end"": 841, ""char_start"": 0, ""extracted_block"": 10, ""origin_file"": ""data/unga_general_debate_verbatim_en/UNGA79_2024/A_79_PV_8_EN.pdf"", ""origin_sha256"": ""9ab16cd0669fb447411fb0683e4ea73ef5bf77dcaf8641316fc5545cb6147df6"", ""paragraph"": 10, ""pdf_block"": 4, ""pdf_page"": 39}",It is now up to the international community to establish appropriate standards,uncertain,False,international ai standards,appropriate standards,en
E00206,verbatim_en_2024_MCO:10,2024_MCO,2024,MCO,Western European and other States,data/analysis_ready_en/2024/2024_MCO.json,e651d3f91fd6ea7498f9dbef7f8b868ec206a2f0f84056955d1ded3f515b016f,data/unga_general_debate_verbatim_en/UNGA79_2024/A_79_PV_8_EN.pdf,"{""bbox"": [123.12, 384.12, 491.48, 519.03], ""char_end"": 841, ""char_start"": 0, ""extracted_block"": 10, ""origin_file"": ""data/unga_general_debate_verbatim_en/UNGA79_2024/A_79_PV_8_EN.pdf"", ""origin_sha256"": ""9ab16cd0669fb447411fb0683e4ea73ef5bf77dcaf8641316fc5545cb6147df6"", ""paragraph"": 10, ""pdf_block"": 4, ""pdf_page"": 39}","safe, secure and trustworthy artificial intelligence systems for sustainable development.",reviewed,False,"safe, secure and trustworthy ai","safe, secure and trustworthy artificial intelligence systems",en
E00207,verbatim_en_2024_MDV:6,2024_MDV,2024,MDV,Asia-Pacific States,data/analysis_ready_en/2024/2024_MDV.json,6316ff7ee1cbeda6eac6023955d342c6e515aebc961138941701802ef8dfd94b,data/unga_general_debate_verbatim_en/UNGA79_2024/A_79_PV_7_EN.pdf,"{""bbox"": [123.12, 158.73, 491.46, 256.4], ""char_end"": 628, ""char_start"": 0, ""extracted_block"": 6, ""origin_file"": ""data/unga_general_debate_verbatim_en/UNGA79_2024/A_79_PV_7_EN.pdf"", ""origin_sha256"": ""eff6a731e2d9c7be39bc34a750dc736ee3f55459cf89688342b8d3c85eaaf5e7"", ""paragraph"": 6, ""pdf_block"": 3, ""pdf_page"": 43}",fully digitized and driven by artificial intelligence (AI),reviewed,False,ai-driven economy,driven by artificial intelligence,en
E00208,verbatim_en_2024_MDV:7,2024_MDV,2024,MDV,Asia-Pacific States,data/analysis_ready_en/2024/2024_MDV.json,6316ff7ee1cbeda6eac6023955d342c6e515aebc961138941701802ef8dfd94b,data/unga_general_debate_verbatim_en/UNGA79_2024/A_79_PV_7_EN.pdf,"{""bbox"": [123.12, 260.96, 491.49, 394.71], ""char_end"": 905, ""char_start"": 0, ""extracted_block"": 7, ""origin_file"": ""data/unga_general_debate_verbatim_en/UNGA79_2024/A_79_PV_7_EN.pdf"", ""origin_sha256"": ""eff6a731e2d9c7be39bc34a750dc736ee3f55459cf89688342b8d3c85eaaf5e7"", ""paragraph"": 7, ""pdf_block"": 4, ""pdf_page"": 43}",We believe that the future is intelligence-driven.,reviewed,False,intelligence-driven future,intelligence-driven,en
E00209,verbatim_en_2024_MDV:8,2024_MDV,2024,MDV,Asia-Pacific States,data/analysis_ready_en/2024/2024_MDV.json,6316ff7ee1cbeda6eac6023955d342c6e515aebc961138941701802ef8dfd94b,data/unga_general_debate_verbatim_en/UNGA79_2024/A_79_PV_7_EN.pdf,"{""bbox"": [123.12, 399.27, 491.47, 496.93], ""char_end"": 620, ""char_start"": 0, ""extracted_block"": 8, ""origin_file"": ""data/unga_general_debate_verbatim_en/UNGA79_2024/A_79_PV_7_EN.pdf"", ""origin_sha256"": ""eff6a731e2d9c7be39bc34a750dc736ee3f55459cf89688342b8d3c85eaaf5e7"", ""paragraph"": 8, ""pdf_block"": 5, ""pdf_page"": 43}",invest in people’s digital literacy from a young age,reviewed,False,digital literacy,digital literacy,en
E00210,verbatim_en_2024_MNG:12,2024_MNG,2024,MNG,Asia-Pacific States,data/analysis_ready_en/2024/2024_MNG.json,640a576829e81d33848efe70764ad3eb4fca527aa8e81bbf93d21007beb3823e,data/unga_general_debate_verbatim_en/UNGA79_2024/A_79_PV_9_EN.pdf,"{""bbox"": [123.12, 612.56, 491.51, 737.47], ""char_end"": 815, ""char_start"": 0, ""extracted_block"": 12, ""origin_file"": ""data/unga_general_debate_verbatim_en/UNGA79_2024/A_79_PV_9_EN.pdf"", ""origin_sha256"": ""c0a268bcba790f2c0e3282c91221c2e022039fffa71b2b9d294adb7f1190ef42"", ""paragraph"": 12, ""pdf_block"": 6, ""pdf_page"": 3}",the recently adopted Global Digital Compact is a timely and essential step.,reviewed,False,global digital compact,Global Digital Compact,en
E00211,verbatim_en_2024_MNG:13,2024_MNG,2024,MNG,Asia-Pacific States,data/analysis_ready_en/2024/2024_MNG.json,640a576829e81d33848efe70764ad3eb4fca527aa8e81bbf93d21007beb3823e,data/unga_general_debate_verbatim_en/UNGA79_2024/A_79_PV_9_EN.pdf,"{""bbox"": [123.12, 68.53, 491.44, 94.15], ""char_end"": 124, ""char_start"": 0, ""extracted_block"": 13, ""origin_file"": ""data/unga_general_debate_verbatim_en/UNGA79_2024/A_79_PV_9_EN.pdf"", ""origin_sha256"": ""c0a268bcba790f2c0e3282c91221c2e022039fffa71b2b9d294adb7f1190ef42"", ""paragraph"": 13, ""pdf_block"": 2, ""pdf_page"": 4}",(resolution 78/265),reviewed,False,resolution 78/265,resolution 78/265,en
E00212,verbatim_en_2024_MUS:6,2024_MUS,2024,MUS,African States,data/analysis_ready_en/2024/2024_MUS.json,21f9692303d6941deb7d4b723afa9a8c470188911669f0ffea4c4d4f92e54666,data/unga_general_debate_verbatim_en/UNGA79_2024/A_79_PV_12_EN.pdf,"{""bbox"": [123.12, 489.41, 491.48, 551.01], ""char_end"": 344, ""char_start"": 0, ""extracted_block"": 6, ""origin_file"": ""data/unga_general_debate_verbatim_en/UNGA79_2024/A_79_PV_12_EN.pdf"", ""origin_sha256"": ""f3d14b11bcb670ddaaaa9da1a4ca358e775e40c3cff1d7b495681ed94d424cfd"", ""paragraph"": 6, ""pdf_block"": 8, ""pdf_page"": 6}",AI governance should be anchored in international law.,uncertain,False,ai governance,AI governance,en
E00212,verbatim_en_2024_MUS:6,2024_MUS,2024,MUS,African States,data/analysis_ready_en/2024/2024_MUS.json,21f9692303d6941deb7d4b723afa9a8c470188911669f0ffea4c4d4f92e54666,data/unga_general_debate_verbatim_en/UNGA79_2024/A_79_PV_12_EN.pdf,"{""bbox"": [123.12, 489.41, 491.48, 551.01], ""char_end"": 344, ""char_start"": 0, ""extracted_block"": 6, ""origin_file"": ""data/unga_general_debate_verbatim_en/UNGA79_2024/A_79_PV_12_EN.pdf"", ""origin_sha256"": ""f3d14b11bcb670ddaaaa9da1a4ca358e775e40c3cff1d7b495681ed94d424cfd"", ""paragraph"": 6, ""pdf_block"": 8, ""pdf_page"": 6}",the transformative power of artificial intelligence (AI),uncertain,False,transformative power of ai,transformative power of artificial intelligence,en
E00213,verbatim_en_2024_MWI:11,2024_MWI,2024,MWI,African States,data/analysis_ready_en/2024/2024_MWI.json,914314cecfe7f355737da6c32a59190ecea31a86be1877fd6b6aa70968a2f99d,data/unga_general_debate_verbatim_en/UNGA79_2024/A_79_PV_11_EN.pdf,"{""bbox"": [123.38, 633.71, 491.07, 704.73], ""char_end"": 494, ""char_start"": 0, ""extracted_block"": 11, ""origin_file"": ""data/unga_general_debate_verbatim_en/UNGA79_2024/A_79_PV_11_EN.pdf"", ""origin_sha256"": ""44cfb42325ab66b605be4efc88813b549a990f826bf8fd9b29391bb340d208e8"", ""paragraph"": 11, ""pdf_block"": 8, ""pdf_page"": 3}",Even with the era of artificial intelligence being fully upon us,uncertain,False,era of artificial intelligence,era of artificial intelligence,en
E00214,verbatim_en_2024_NGA:21,2024_NGA,2024,NGA,African States,data/analysis_ready_en/2024/2024_NGA.json,83f14cc6586ae27db47ad643fc177f214df4682f27d402465ef7ca0fc06f04f5,data/unga_general_debate_verbatim_en/UNGA79_2024/A_79_PV_8_EN.pdf,"{""bbox"": [123.12, 699.71, 491.48, 737.47], ""char_end"": 243, ""char_start"": 0, ""extracted_block"": 21, ""origin_file"": ""data/unga_general_debate_verbatim_en/UNGA79_2024/A_79_PV_8_EN.pdf"", ""origin_sha256"": ""9ab16cd0669fb447411fb0683e4ea73ef5bf77dcaf8641316fc5545cb6147df6"", ""paragraph"": 21, ""pdf_block"": 8, ""pdf_page"": 46}",we must address the emerging divide between the global South and the global North,uncertain,False,digital divide,emerging divide between the global South and the global North,en
E00216,verbatim_en_2024_NOR:15,2024_NOR,2024,NOR,Western European and other States,data/analysis_ready_en/2024/2024_NOR.json,1dd790b9dcbc8fe7b61691433ce956c2d6bcb154ff98704622dd32489d9d4d65,data/unga_general_debate_verbatim_en/UNGA79_2024/A_79_PV_15_EN.pdf,"{""bbox"": [123.38, 489.68, 490.47, 560.7], ""char_end"": 478, ""char_start"": 0, ""extracted_block"": 15, ""origin_file"": ""data/unga_general_debate_verbatim_en/UNGA79_2024/A_79_PV_15_EN.pdf"", ""origin_sha256"": ""6ff15314b74614c0fe93cc8d2f3fa0cd58911d47a409d84641882eaf51506497"", ""paragraph"": 15, ""pdf_block"": 8, ""pdf_page"": 46}",how to make artificial intelligence a force for good,uncertain,False,ai for good,force for good,en
E00216,verbatim_en_2024_NOR:15,2024_NOR,2024,NOR,Western European and other States,data/analysis_ready_en/2024/2024_NOR.json,1dd790b9dcbc8fe7b61691433ce956c2d6bcb154ff98704622dd32489d9d4d65,data/unga_general_debate_verbatim_en/UNGA79_2024/A_79_PV_15_EN.pdf,"{""bbox"": [123.38, 489.68, 490.47, 560.7], ""char_end"": 478, ""char_start"": 0, ""extracted_block"": 15, ""origin_file"": ""data/unga_general_debate_verbatim_en/UNGA79_2024/A_79_PV_15_EN.pdf"", ""origin_sha256"": ""6ff15314b74614c0fe93cc8d2f3fa0cd58911d47a409d84641882eaf51506497"", ""paragraph"": 15, ""pdf_block"": 8, ""pdf_page"": 46}",The adoption of the Pact for the Future (resolution 79/1),reviewed,False,pact for the future,Pact for the Future,en
E00217,verbatim_en_2024_PER:18,2024_PER,2024,PER,Latin American and Caribbean States,data/analysis_ready_en/2024/2024_PER.json,10fb3fe95135f5c37078440d59d1309a87744ca58c033d83a050801cb3789f52,data/unga_general_debate_verbatim_en/UNGA79_2024/A_79_PV_12_EN.pdf,"{""bbox"": [123.12, 560.1, 491.51, 658.59], ""char_end"": 622, ""char_start"": 0, ""extracted_block"": 18, ""origin_file"": ""data/unga_general_debate_verbatim_en/UNGA79_2024/A_79_PV_12_EN.pdf"", ""origin_sha256"": ""f3d14b11bcb670ddaaaa9da1a4ca358e775e40c3cff1d7b495681ed94d424cfd"", ""paragraph"": 18, ""pdf_block"": 7, ""pdf_page"": 58}",facilitates the spread of disinformation campaigns aimed at manipulating public opinion,uncertain,False,disinformation campaigns,disinformation campaigns,en
E00217,verbatim_en_2024_PER:18,2024_PER,2024,PER,Latin American and Caribbean States,data/analysis_ready_en/2024/2024_PER.json,10fb3fe95135f5c37078440d59d1309a87744ca58c033d83a050801cb3789f52,data/unga_general_debate_verbatim_en/UNGA79_2024/A_79_PV_12_EN.pdf,"{""bbox"": [123.12, 560.1, 491.51, 658.59], ""char_end"": 622, ""char_start"": 0, ""extracted_block"": 18, ""origin_file"": ""data/unga_general_debate_verbatim_en/UNGA79_2024/A_79_PV_12_EN.pdf"", ""origin_sha256"": ""f3d14b11bcb670ddaaaa9da1a4ca358e775e40c3cff1d7b495681ed94d424cfd"", ""paragraph"": 18, ""pdf_block"": 7, ""pdf_page"": 58}",we welcome the Global Digital Compact,reviewed,False,global digital compact,Global Digital Compact,en
E00218,verbatim_en_2024_PHL:6,2024_PHL,2024,PHL,Asia-Pacific States,data/analysis_ready_en/2024/2024_PHL.json,80b1eddea6de6bd39d94f4d3aaf111e1818ee5e06c7a6419a7e134f77959b6cf,data/unga_general_debate_verbatim_en/UNGA79_2024/A_79_PV_15_EN.pdf,"{""bbox"": [123.38, 471.68, 490.52, 554.7], ""char_end"": 532, ""char_start"": 0, ""extracted_block"": 6, ""origin_file"": ""data/unga_general_debate_verbatim_en/UNGA79_2024/A_79_PV_15_EN.pdf"", ""origin_sha256"": ""6ff15314b74614c0fe93cc8d2f3fa0cd58911d47a409d84641882eaf51506497"", ""paragraph"": 6, ""pdf_block"": 9, ""pdf_page"": 57}",implementing the Global Digital Compact,reviewed,False,global digital compact,Global Digital Compact,en
E00218,verbatim_en_2024_PHL:6,2024_PHL,2024,PHL,Asia-Pacific States,data/analysis_ready_en/2024/2024_PHL.json,80b1eddea6de6bd39d94f4d3aaf111e1818ee5e06c7a6419a7e134f77959b6cf,data/unga_general_debate_verbatim_en/UNGA79_2024/A_79_PV_15_EN.pdf,"{""bbox"": [123.38, 471.68, 490.52, 554.7], ""char_end"": 532, ""char_start"": 0, ""extracted_block"": 6, ""origin_file"": ""data/unga_general_debate_verbatim_en/UNGA79_2024/A_79_PV_15_EN.pdf"", ""origin_sha256"": ""6ff15314b74614c0fe93cc8d2f3fa0cd58911d47a409d84641882eaf51506497"", ""paragraph"": 6, ""pdf_block"": 9, ""pdf_page"": 57}",New rules should place human dignity as the priority.,uncertain,False,human dignity,human dignity,en
E00219,verbatim_en_2024_PRT:12,2024_PRT,2024,PRT,Western European and other States,data/analysis_ready_en/2024/2024_PRT.json,8b9e58bc0959823919699eba805f4d80565d8667a04c9cf8f990eaf452161cd8,data/unga_general_debate_verbatim_en/UNGA79_2024/A_79_PV_11_EN.pdf,"{""bbox"": [123.38, 435.68, 490.45, 518.7], ""char_end"": 546, ""char_start"": 0, ""extracted_block"": 12, ""origin_file"": ""data/unga_general_debate_verbatim_en/UNGA79_2024/A_79_PV_11_EN.pdf"", ""origin_sha256"": ""44cfb42325ab66b605be4efc88813b549a990f826bf8fd9b29391bb340d208e8"", ""paragraph"": 12, ""pdf_block"": 7, ""pdf_page"": 61}",The Pact for the Future points the way to a virtuous balance,uncertain,False,pact for the future,Pact for the Future,en
E00220,verbatim_en_2024_PRY:1,2024_PRY,2024,PRY,Latin American and Caribbean States,data/analysis_ready_en/2024/2024_PRY.json,4877cd7113f35ae41707274d567e0fc001c6e5689fd0b1cb0ca7421034d7e530,data/unga_general_debate_verbatim_en/UNGA79_2024/A_79_PV_8_EN.pdf,"{""bbox"": [123.12, 322.96, 491.51, 506.73], ""char_end"": 1168, ""char_start"": 0, ""extracted_block"": 1, ""origin_file"": ""data/unga_general_debate_verbatim_en/UNGA79_2024/A_79_PV_8_EN.pdf"", ""origin_sha256"": ""9ab16cd0669fb447411fb0683e4ea73ef5bf77dcaf8641316fc5545cb6147df6"", ""paragraph"": 1, ""pdf_block"": 9, ""pdf_page"": 28}",the inappropriate application of artificial intelligence,uncertain,False,inappropriate application of artificial intelligence,inappropriate application of artificial intelligence,en
E00221,verbatim_en_2024_PRY:22,2024_PRY,2024,PRY,Latin American and Caribbean States,data/analysis_ready_en/2024/2024_PRY.json,4877cd7113f35ae41707274d567e0fc001c6e5689fd0b1cb0ca7421034d7e530,data/unga_general_debate_verbatim_en/UNGA79_2024/A_79_PV_8_EN.pdf,"{""bbox"": [123.12, 159.6, 491.49, 318.9], ""char_end"": 1010, ""char_start"": 0, ""extracted_block"": 22, ""origin_file"": ""data/unga_general_debate_verbatim_en/UNGA79_2024/A_79_PV_8_EN.pdf"", ""origin_sha256"": ""9ab16cd0669fb447411fb0683e4ea73ef5bf77dcaf8641316fc5545cb6147df6"", ""paragraph"": 22, ""pdf_block"": 3, ""pdf_page"": 32}",such as sandboxes and co-regulation,reviewed,False,co-regulation,co-regulation,en
E00221,verbatim_en_2024_PRY:22,2024_PRY,2024,PRY,Latin American and Caribbean States,data/analysis_ready_en/2024/2024_PRY.json,4877cd7113f35ae41707274d567e0fc001c6e5689fd0b1cb0ca7421034d7e530,data/unga_general_debate_verbatim_en/UNGA79_2024/A_79_PV_8_EN.pdf,"{""bbox"": [123.12, 159.6, 491.49, 318.9], ""char_end"": 1010, ""char_start"": 0, ""extracted_block"": 22, ""origin_file"": ""data/unga_general_debate_verbatim_en/UNGA79_2024/A_79_PV_8_EN.pdf"", ""origin_sha256"": ""9ab16cd0669fb447411fb0683e4ea73ef5bf77dcaf8641316fc5545cb6147df6"", ""paragraph"": 22, ""pdf_block"": 3, ""pdf_page"": 32}",Moore’s Law postulates an exponential growth,reviewed,False,moore's law,Moore’s Law,en
E00221,verbatim_en_2024_PRY:22,2024_PRY,2024,PRY,Latin American and Caribbean States,data/analysis_ready_en/2024/2024_PRY.json,4877cd7113f35ae41707274d567e0fc001c6e5689fd0b1cb0ca7421034d7e530,data/unga_general_debate_verbatim_en/UNGA79_2024/A_79_PV_8_EN.pdf,"{""bbox"": [123.12, 159.6, 491.49, 318.9], ""char_end"": 1010, ""char_start"": 0, ""extracted_block"": 22, ""origin_file"": ""data/unga_general_debate_verbatim_en/UNGA79_2024/A_79_PV_8_EN.pdf"", ""origin_sha256"": ""9ab16cd0669fb447411fb0683e4ea73ef5bf77dcaf8641316fc5545cb6147df6"", ""paragraph"": 22, ""pdf_block"": 3, ""pdf_page"": 32}",such as sandboxes and co-regulation,reviewed,False,regulatory sandboxes,sandboxes,en
E00222,verbatim_en_2024_RUS:7,2024_RUS,2024,RUS,Eastern European States,data/analysis_ready_en/2024/2024_RUS.json,ee8e518bb5bb0f526b0c42575a564c941e9c5fc9075b462de52cf61b9915d705,data/unga_general_debate_verbatim_en/UNGA79_2024/A_79_PV_15_EN.pdf,"{""bbox"": [123.38, 351.66, 491.21, 530.7], ""char_end"": 1213, ""char_start"": 0, ""extracted_block"": 7, ""origin_file"": ""data/unga_general_debate_verbatim_en/UNGA79_2024/A_79_PV_15_EN.pdf"", ""origin_sha256"": ""6ff15314b74614c0fe93cc8d2f3fa0cd58911d47a409d84641882eaf51506497"", ""paragraph"": 7, ""pdf_block"": 5, ""pdf_page"": 36}",determination of legal frameworks to use artificial intelligence technologies,reviewed,False,legal frameworks for ai,legal frameworks to use artificial intelligence technologies,en
E00222,verbatim_en_2024_RUS:7,2024_RUS,2024,RUS,Eastern European States,data/analysis_ready_en/2024/2024_RUS.json,ee8e518bb5bb0f526b0c42575a564c941e9c5fc9075b462de52cf61b9915d705,data/unga_general_debate_verbatim_en/UNGA79_2024/A_79_PV_15_EN.pdf,"{""bbox"": [123.38, 351.66, 491.21, 530.7], ""char_end"": 1213, ""char_start"": 0, ""extracted_block"": 7, ""origin_file"": ""data/unga_general_debate_verbatim_en/UNGA79_2024/A_79_PV_15_EN.pdf"", ""origin_sha256"": ""6ff15314b74614c0fe93cc8d2f3fa0cd58911d47a409d84641882eaf51506497"", ""paragraph"": 7, ""pdf_block"": 5, ""pdf_page"": 36}","to create subordinate, narrow formats to resolve crucial issues",uncertain,False,narrow formats,"subordinate, narrow formats",en
E00222,verbatim_en_2024_RUS:7,2024_RUS,2024,RUS,Eastern European States,data/analysis_ready_en/2024/2024_RUS.json,ee8e518bb5bb0f526b0c42575a564c941e9c5fc9075b462de52cf61b9915d705,data/unga_general_debate_verbatim_en/UNGA79_2024/A_79_PV_15_EN.pdf,"{""bbox"": [123.38, 351.66, 491.21, 530.7], ""char_end"": 1213, ""char_start"": 0, ""extracted_block"": 7, ""origin_file"": ""data/unga_general_debate_verbatim_en/UNGA79_2024/A_79_PV_15_EN.pdf"", ""origin_sha256"": ""6ff15314b74614c0fe93cc8d2f3fa0cd58911d47a409d84641882eaf51506497"", ""paragraph"": 7, ""pdf_block"": 5, ""pdf_page"": 36}",the socalled Pact for the Future (resolution 79/1),reviewed,False,pact for the future,Pact for the Future,en
E00223,verbatim_en_2024_SGP:18,2024_SGP,2024,SGP,Asia-Pacific States,data/analysis_ready_en/2024/2024_SGP.json,a7bbf60cf66922e360354d56118bd8ce630f5bb23da87a6dfd5c0d09ea6efb01,data/unga_general_debate_verbatim_en/UNGA79_2024/A_79_PV_15_EN.pdf,"{""bbox"": [123.38, 465.68, 490.82, 596.7], ""char_end"": 867, ""char_start"": 0, ""extracted_block"": 18, ""origin_file"": ""data/unga_general_debate_verbatim_en/UNGA79_2024/A_79_PV_15_EN.pdf"", ""origin_sha256"": ""6ff15314b74614c0fe93cc8d2f3fa0cd58911d47a409d84641882eaf51506497"", ""paragraph"": 18, ""pdf_block"": 8, ""pdf_page"": 52}",We have labelled that programme FOSS for Good,reviewed,False,foss for good,FOSS for Good,en
E00224,verbatim_en_2024_SGP:22,2024_SGP,2024,SGP,Asia-Pacific States,data/analysis_ready_en/2024/2024_SGP.json,a7bbf60cf66922e360354d56118bd8ce630f5bb23da87a6dfd5c0d09ea6efb01,data/unga_general_debate_verbatim_en/UNGA79_2024/A_79_PV_15_EN.pdf,"{""bbox"": [123.38, 117.63, 491.23, 200.65], ""char_end"": 512, ""char_start"": 0, ""extracted_block"": 22, ""origin_file"": ""data/unga_general_debate_verbatim_en/UNGA79_2024/A_79_PV_15_EN.pdf"", ""origin_sha256"": ""6ff15314b74614c0fe93cc8d2f3fa0cd58911d47a409d84641882eaf51506497"", ""paragraph"": 22, ""pdf_block"": 4, ""pdf_page"": 53}",initiating a dialogue on the global governance of AI is imperative,uncertain,False,global governance of ai,global governance of AI,en
E00224,verbatim_en_2024_SGP:22,2024_SGP,2024,SGP,Asia-Pacific States,data/analysis_ready_en/2024/2024_SGP.json,a7bbf60cf66922e360354d56118bd8ce630f5bb23da87a6dfd5c0d09ea6efb01,data/unga_general_debate_verbatim_en/UNGA79_2024/A_79_PV_15_EN.pdf,"{""bbox"": [123.38, 117.63, 491.23, 200.65], ""char_end"": 512, ""char_start"": 0, ""extracted_block"": 22, ""origin_file"": ""data/unga_general_debate_verbatim_en/UNGA79_2024/A_79_PV_15_EN.pdf"", ""origin_sha256"": ""6ff15314b74614c0fe93cc8d2f3fa0cd58911d47a409d84641882eaf51506497"", ""paragraph"": 22, ""pdf_block"": 4, ""pdf_page"": 53}",installing global guardrails to protect human safety,reviewed,False,global guardrails,global guardrails,en
E00224,verbatim_en_2024_SGP:22,2024_SGP,2024,SGP,Asia-Pacific States,data/analysis_ready_en/2024/2024_SGP.json,a7bbf60cf66922e360354d56118bd8ce630f5bb23da87a6dfd5c0d09ea6efb01,data/unga_general_debate_verbatim_en/UNGA79_2024/A_79_PV_15_EN.pdf,"{""bbox"": [123.38, 117.63, 491.23, 200.65], ""char_end"": 512, ""char_start"": 0, ""extracted_block"": 22, ""origin_file"": ""data/unga_general_debate_verbatim_en/UNGA79_2024/A_79_PV_15_EN.pdf"", ""origin_sha256"": ""6ff15314b74614c0fe93cc8d2f3fa0cd58911d47a409d84641882eaf51506497"", ""paragraph"": 22, ""pdf_block"": 4, ""pdf_page"": 53}",Singapore welcomes the report of the High-Level Advisory Body on AI,reviewed,False,high-level advisory body on ai,High-Level Advisory Body on AI,en
E00225,verbatim_en_2024_SLE:12,2024_SLE,2024,SLE,African States,data/analysis_ready_en/2024/2024_SLE.json,8b87275b99a18a9079f381a7359cbe4b03f574871805d8ae8c02d42a92019182,data/unga_general_debate_verbatim_en/UNGA79_2024/A_79_PV_7_EN.pdf,"{""bbox"": [123.12, 293.02, 491.5, 452.25], ""char_end"": 1017, ""char_start"": 0, ""extracted_block"": 12, ""origin_file"": ""data/unga_general_debate_verbatim_en/UNGA79_2024/A_79_PV_7_EN.pdf"", ""origin_sha256"": ""eff6a731e2d9c7be39bc34a750dc736ee3f55459cf89688342b8d3c85eaaf5e7"", ""paragraph"": 12, ""pdf_block"": 5, ""pdf_page"": 54}",We welcome the Global Digital Compact’s principle,reviewed,False,global digital compact,Global Digital Compact,en
E00225,verbatim_en_2024_SLE:12,2024_SLE,2024,SLE,African States,data/analysis_ready_en/2024/2024_SLE.json,8b87275b99a18a9079f381a7359cbe4b03f574871805d8ae8c02d42a92019182,data/unga_general_debate_verbatim_en/UNGA79_2024/A_79_PV_7_EN.pdf,"{""bbox"": [123.12, 293.02, 491.5, 452.25], ""char_end"": 1017, ""char_start"": 0, ""extracted_block"": 12, ""origin_file"": ""data/unga_general_debate_verbatim_en/UNGA79_2024/A_79_PV_7_EN.pdf"", ""origin_sha256"": ""eff6a731e2d9c7be39bc34a750dc736ee3f55459cf89688342b8d3c85eaaf5e7"", ""paragraph"": 12, ""pdf_block"": 5, ""pdf_page"": 54}","ensuring safe, secure and trustworthy emerging technologies, including artificial intelligence",uncertain,False,trustworthy ai,"safe, secure and trustworthy emerging technologies",en
E00226,verbatim_en_2024_SMR:10,2024_SMR,2024,SMR,Western European and other States,data/analysis_ready_en/2024/2024_SMR.json,5b714f12c0f790c85e4e8417e99c3a396c00588767168193c9019c4933290188,data/unga_general_debate_verbatim_en/UNGA79_2024/A_79_PV_15_EN.pdf,"{""bbox"": [123.38, 357.66, 490.81, 464.7], ""char_end"": 712, ""char_start"": 0, ""extracted_block"": 10, ""origin_file"": ""data/unga_general_debate_verbatim_en/UNGA79_2024/A_79_PV_15_EN.pdf"", ""origin_sha256"": ""6ff15314b74614c0fe93cc8d2f3fa0cd58911d47a409d84641882eaf51506497"", ""paragraph"": 10, ""pdf_block"": 6, ""pdf_page"": 61}","the use of new emerging technologies, including artificial intelligence",uncertain,False,new emerging technologies,new emerging technologies,en
E00226,verbatim_en_2024_SMR:10,2024_SMR,2024,SMR,Western European and other States,data/analysis_ready_en/2024/2024_SMR.json,5b714f12c0f790c85e4e8417e99c3a396c00588767168193c9019c4933290188,data/unga_general_debate_verbatim_en/UNGA79_2024/A_79_PV_15_EN.pdf,"{""bbox"": [123.38, 357.66, 490.81, 464.7], ""char_end"": 712, ""char_start"": 0, ""extracted_block"": 10, ""origin_file"": ""data/unga_general_debate_verbatim_en/UNGA79_2024/A_79_PV_15_EN.pdf"", ""origin_sha256"": ""6ff15314b74614c0fe93cc8d2f3fa0cd58911d47a409d84641882eaf51506497"", ""paragraph"": 10, ""pdf_block"": 6, ""pdf_page"": 61}","the risk of nuclear weapons use, either deliberately or by accident",uncertain,False,nuclear risk,the risk of nuclear weapons use,en
E00227,verbatim_en_2024_SVN:15,2024_SVN,2024,SVN,Eastern European States,data/analysis_ready_en/2024/2024_SVN.json,67e570bd52553fb09ec6e5add9a985c2d6a8be7a6eab195801f25b812479dd9e,data/unga_general_debate_verbatim_en/UNGA79_2024/A_79_PV_13_EN.pdf,"{""bbox"": [123.12, 214.18, 491.49, 288.39], ""char_end"": 435, ""char_start"": 0, ""extracted_block"": 15, ""origin_file"": ""data/unga_general_debate_verbatim_en/UNGA79_2024/A_79_PV_13_EN.pdf"", ""origin_sha256"": ""f42663e0353625c4dcc293fc3025389043d7b2f24ca9fe12972153508705ad08"", ""paragraph"": 15, ""pdf_block"": 4, ""pdf_page"": 3}",The Secretary-General’s Early Warnings for All initiative is the right step in that direction.,uncertain,False,early warning,Early Warnings for All,en
E00227,verbatim_en_2024_SVN:15,2024_SVN,2024,SVN,Eastern European States,data/analysis_ready_en/2024/2024_SVN.json,67e570bd52553fb09ec6e5add9a985c2d6a8be7a6eab195801f25b812479dd9e,data/unga_general_debate_verbatim_en/UNGA79_2024/A_79_PV_13_EN.pdf,"{""bbox"": [123.12, 214.18, 491.49, 288.39], ""char_end"": 435, ""char_start"": 0, ""extracted_block"": 15, ""origin_file"": ""data/unga_general_debate_verbatim_en/UNGA79_2024/A_79_PV_13_EN.pdf"", ""origin_sha256"": ""f42663e0353625c4dcc293fc3025389043d7b2f24ca9fe12972153508705ad08"", ""paragraph"": 15, ""pdf_block"": 4, ""pdf_page"": 3}",The Secretary-General’s Early Warnings for All initiative is the right step in that direction.,uncertain,False,early warnings for all,Early Warnings for All,en
E00229,verbatim_en_2024_SWE:15,2024_SWE,2024,SWE,Western European and other States,data/analysis_ready_en/2024/2024_SWE.json,cfb4a094651f7afa4fb40cabaeaeae11da1623902fbb0d5d536363e1d6a00aee,data/unga_general_debate_verbatim_en/UNGA79_2024/A_79_PV_12_EN.pdf,"{""bbox"": [123.12, 466.61, 491.49, 578.24], ""char_end"": 747, ""char_start"": 0, ""extracted_block"": 15, ""origin_file"": ""data/unga_general_debate_verbatim_en/UNGA79_2024/A_79_PV_12_EN.pdf"", ""origin_sha256"": ""f3d14b11bcb670ddaaaa9da1a4ca358e775e40c3cff1d7b495681ed94d424cfd"", ""paragraph"": 15, ""pdf_block"": 7, ""pdf_page"": 44}",to close digital divides among and within countries,reviewed,False,digital divide,digital divides,en
E00229,verbatim_en_2024_SWE:15,2024_SWE,2024,SWE,Western European and other States,data/analysis_ready_en/2024/2024_SWE.json,cfb4a094651f7afa4fb40cabaeaeae11da1623902fbb0d5d536363e1d6a00aee,data/unga_general_debate_verbatim_en/UNGA79_2024/A_79_PV_12_EN.pdf,"{""bbox"": [123.12, 466.61, 491.49, 578.24], ""char_end"": 747, ""char_start"": 0, ""extracted_block"": 15, ""origin_file"": ""data/unga_general_debate_verbatim_en/UNGA79_2024/A_79_PV_12_EN.pdf"", ""origin_sha256"": ""f3d14b11bcb670ddaaaa9da1a4ca358e775e40c3cff1d7b495681ed94d424cfd"", ""paragraph"": 15, ""pdf_block"": 7, ""pdf_page"": 44}",Sweden is proud to have co-facilitated the Global Digital Compact.,reviewed,False,global digital compact,Global Digital Compact,en
E00231,verbatim_en_2024_TUR:46,2024_TUR,2024,TUR,Western European and other States,data/analysis_ready_en/2024/2024_TUR.json,fe820f153116cd6fb36eb70238b627752e7c04b70079d47ce64aceff81063358,data/unga_general_debate_verbatim_en/UNGA79_2024/A_79_PV_7_EN.pdf,"{""bbox"": [123.12, 203.17, 491.48, 290.23], ""char_end"": 546, ""char_start"": 0, ""extracted_block"": 46, ""origin_file"": ""data/unga_general_debate_verbatim_en/UNGA79_2024/A_79_PV_7_EN.pdf"", ""origin_sha256"": ""eff6a731e2d9c7be39bc34a750dc736ee3f55459cf89688342b8d3c85eaaf5e7"", ""paragraph"": 46, ""pdf_block"": 4, ""pdf_page"": 22}",The United Nations Technology Bank for the Least Developed Countries,uncertain,False,un technology bank for ldcs,United Nations Technology Bank for the Least Developed Countries,en
E00233,verbatim_en_2024_USA:23,2024_USA,2024,USA,Not a formal member of any regional group,data/analysis_ready_en/2024/2024_USA.json,7b6e01da70fc1d2f68a9c5f41118f6b3f26652b12080b6e1b5ea18b6313063cb,data/unga_general_debate_verbatim_en/UNGA79_2024/A_79_PV_7_EN.pdf,"{""bbox"": [123.12, 435.35, 491.51, 605.19], ""char_end"": 1099, ""char_start"": 0, ""extracted_block"": 23, ""origin_file"": ""data/unga_general_debate_verbatim_en/UNGA79_2024/A_79_PV_7_EN.pdf"", ""origin_sha256"": ""eff6a731e2d9c7be39bc34a750dc736ee3f55459cf89688342b8d3c85eaaf5e7"", ""paragraph"": 23, ""pdf_block"": 5, ""pdf_page"": 15}",from novel pathogens to bioweapons,reviewed,False,bioweapons,bioweapons,en
E00233,verbatim_en_2024_USA:23,2024_USA,2024,USA,Not a formal member of any regional group,data/analysis_ready_en/2024/2024_USA.json,7b6e01da70fc1d2f68a9c5f41118f6b3f26652b12080b6e1b5ea18b6313063cb,data/unga_general_debate_verbatim_en/UNGA79_2024/A_79_PV_7_EN.pdf,"{""bbox"": [123.12, 435.35, 491.51, 605.19], ""char_end"": 1099, ""char_start"": 0, ""extracted_block"": 23, ""origin_file"": ""data/unga_general_debate_verbatim_en/UNGA79_2024/A_79_PV_7_EN.pdf"", ""origin_sha256"": ""eff6a731e2d9c7be39bc34a750dc736ee3f55459cf89688342b8d3c85eaaf5e7"", ""paragraph"": 23, ""pdf_block"": 5, ""pdf_page"": 15}",from deep fakes to disinformation,reviewed,False,deepfakes,deep fakes,en
E00233,verbatim_en_2024_USA:23,2024_USA,2024,USA,Not a formal member of any regional group,data/analysis_ready_en/2024/2024_USA.json,7b6e01da70fc1d2f68a9c5f41118f6b3f26652b12080b6e1b5ea18b6313063cb,data/unga_general_debate_verbatim_en/UNGA79_2024/A_79_PV_7_EN.pdf,"{""bbox"": [123.12, 435.35, 491.51, 605.19], ""char_end"": 1099, ""char_start"": 0, ""extracted_block"": 23, ""origin_file"": ""data/unga_general_debate_verbatim_en/UNGA79_2024/A_79_PV_7_EN.pdf"", ""origin_sha256"": ""eff6a731e2d9c7be39bc34a750dc736ee3f55459cf89688342b8d3c85eaaf5e7"", ""paragraph"": 23, ""pdf_block"": 5, ""pdf_page"": 15}",starting to develop global rules of the road,uncertain,False,global rules of the road,global rules of the road,en
E00233,verbatim_en_2024_USA:23,2024_USA,2024,USA,Not a formal member of any regional group,data/analysis_ready_en/2024/2024_USA.json,7b6e01da70fc1d2f68a9c5f41118f6b3f26652b12080b6e1b5ea18b6313063cb,data/unga_general_debate_verbatim_en/UNGA79_2024/A_79_PV_7_EN.pdf,"{""bbox"": [123.12, 435.35, 491.51, 605.19], ""char_end"": 1099, ""char_start"": 0, ""extracted_block"": 23, ""origin_file"": ""data/unga_general_debate_verbatim_en/UNGA79_2024/A_79_PV_7_EN.pdf"", ""origin_sha256"": ""eff6a731e2d9c7be39bc34a750dc736ee3f55459cf89688342b8d3c85eaaf5e7"", ""paragraph"": 23, ""pdf_block"": 5, ""pdf_page"": 15}",the Political Declaration on Responsible Military Use of Artificial Intelligence and Autonomy,reviewed,False,political declaration on responsible military use of ai,Political Declaration on Responsible Military Use of Artificial Intelligence and Autonomy,en
E00233,verbatim_en_2024_USA:23,2024_USA,2024,USA,Not a formal member of any regional group,data/analysis_ready_en/2024/2024_USA.json,7b6e01da70fc1d2f68a9c5f41118f6b3f26652b12080b6e1b5ea18b6313063cb,data/unga_general_debate_verbatim_en/UNGA79_2024/A_79_PV_7_EN.pdf,"{""bbox"": [123.12, 435.35, 491.51, 605.19], ""char_end"": 1099, ""char_start"": 0, ""extracted_block"": 23, ""origin_file"": ""data/unga_general_debate_verbatim_en/UNGA79_2024/A_79_PV_7_EN.pdf"", ""origin_sha256"": ""eff6a731e2d9c7be39bc34a750dc736ee3f55459cf89688342b8d3c85eaaf5e7"", ""paragraph"": 23, ""pdf_block"": 5, ""pdf_page"": 15}",starting to develop global rules of the road.,uncertain,False,rules of the road,global rules of the road,en
E00234,verbatim_en_2024_USA:24,2024_USA,2024,USA,Not a formal member of any regional group,data/analysis_ready_en/2024/2024_USA.json,7b6e01da70fc1d2f68a9c5f41118f6b3f26652b12080b6e1b5ea18b6313063cb,data/unga_general_debate_verbatim_en/UNGA79_2024/A_79_PV_7_EN.pdf,"{""bbox"": [123.12, 609.75, 491.47, 683.36], ""char_end"": 484, ""char_start"": 0, ""extracted_block"": 24, ""origin_file"": ""data/unga_general_debate_verbatim_en/UNGA79_2024/A_79_PV_7_EN.pdf"", ""origin_sha256"": ""eff6a731e2d9c7be39bc34a750dc736ee3f55459cf89688342b8d3c85eaaf5e7"", ""paragraph"": 24, ""pdf_block"": 6, ""pdf_page"": 15}",narrow digital divides rather than deepen them,reviewed,False,digital divide,digital divides,en
E00234,verbatim_en_2024_USA:24,2024_USA,2024,USA,Not a formal member of any regional group,data/analysis_ready_en/2024/2024_USA.json,7b6e01da70fc1d2f68a9c5f41118f6b3f26652b12080b6e1b5ea18b6313063cb,data/unga_general_debate_verbatim_en/UNGA79_2024/A_79_PV_7_EN.pdf,"{""bbox"": [123.12, 609.75, 491.47, 683.36], ""char_end"": 484, ""char_start"": 0, ""extracted_block"": 24, ""origin_file"": ""data/unga_general_debate_verbatim_en/UNGA79_2024/A_79_PV_7_EN.pdf"", ""origin_sha256"": ""eff6a731e2d9c7be39bc34a750dc736ee3f55459cf89688342b8d3c85eaaf5e7"", ""paragraph"": 24, ""pdf_block"": 6, ""pdf_page"": 15}","ensure AI’s safety, security and trustworthiness",reviewed,False,trustworthy ai,"safety, security and trustworthiness",en
E00235,verbatim_en_2024_USA:25,2024_USA,2024,USA,Not a formal member of any regional group,data/analysis_ready_en/2024/2024_USA.json,7b6e01da70fc1d2f68a9c5f41118f6b3f26652b12080b6e1b5ea18b6313063cb,data/unga_general_debate_verbatim_en/UNGA79_2024/A_79_PV_7_EN.pdf,"{""bbox"": [123.12, 687.92, 491.48, 737.47], ""char_end"": 317, ""char_start"": 0, ""extracted_block"": 25, ""origin_file"": ""data/unga_general_debate_verbatim_en/UNGA79_2024/A_79_PV_7_EN.pdf"", ""origin_sha256"": ""eff6a731e2d9c7be39bc34a750dc736ee3f55459cf89688342b8d3c85eaaf5e7"", ""paragraph"": 25, ""pdf_block"": 7, ""pdf_page"": 15}",all humans deserve dignity,reviewed,False,human dignity,all humans deserve dignity,en
E00237,verbatim_en_2024_UZB:7,2024_UZB,2024,UZB,Asia-Pacific States,data/analysis_ready_en/2024/2024_UZB.json,17e68260c637a7d4dcb1a3679e2da4a6875bd8ec3577fb495f5381722f770050,data/unga_general_debate_verbatim_en/UNGA79_2024/A_79_PV_10_EN.pdf,"{""bbox"": [123.12, 429.34, 491.48, 502.95], ""char_end"": 487, ""char_start"": 0, ""extracted_block"": 7, ""origin_file"": ""data/unga_general_debate_verbatim_en/UNGA79_2024/A_79_PV_10_EN.pdf"", ""origin_sha256"": ""9472969282aaac8e11ce1471c9c46362bae4f283fd60bc3a27319f945343bff1"", ""paragraph"": 7, ""pdf_block"": 6, ""pdf_page"": 40}",utilizing safe artificial intelligence for sustainable development,uncertain,False,safe ai,safe artificial intelligence,en
E00237,verbatim_en_2024_UZB:7,2024_UZB,2024,UZB,Asia-Pacific States,data/analysis_ready_en/2024/2024_UZB.json,17e68260c637a7d4dcb1a3679e2da4a6875bd8ec3577fb495f5381722f770050,data/unga_general_debate_verbatim_en/UNGA79_2024/A_79_PV_10_EN.pdf,"{""bbox"": [123.12, 429.34, 491.48, 502.95], ""char_end"": 487, ""char_start"": 0, ""extracted_block"": 7, ""origin_file"": ""data/unga_general_debate_verbatim_en/UNGA79_2024/A_79_PV_10_EN.pdf"", ""origin_sha256"": ""9472969282aaac8e11ce1471c9c46362bae4f283fd60bc3a27319f945343bff1"", ""paragraph"": 7, ""pdf_block"": 6, ""pdf_page"": 40}",General Assembly resolutions on utilizing safe artificial intelligence for sustainable development,uncertain,False,safe ai for sustainable development,safe artificial intelligence for sustainable development,en
E00237,verbatim_en_2024_UZB:7,2024_UZB,2024,UZB,Asia-Pacific States,data/analysis_ready_en/2024/2024_UZB.json,17e68260c637a7d4dcb1a3679e2da4a6875bd8ec3577fb495f5381722f770050,data/unga_general_debate_verbatim_en/UNGA79_2024/A_79_PV_10_EN.pdf,"{""bbox"": [123.12, 429.34, 491.48, 502.95], ""char_end"": 487, ""char_start"": 0, ""extracted_block"": 7, ""origin_file"": ""data/unga_general_debate_verbatim_en/UNGA79_2024/A_79_PV_10_EN.pdf"", ""origin_sha256"": ""9472969282aaac8e11ce1471c9c46362bae4f283fd60bc3a27319f945343bff1"", ""paragraph"": 7, ""pdf_block"": 6, ""pdf_page"": 40}",particularly concerning the uncontrolled use of artificial intelligence.,reviewed,False,uncontrolled use of ai,uncontrolled use of artificial intelligence,en
E00238,verbatim_en_2024_VNM:11,2024_VNM,2024,VNM,Asia-Pacific States,data/analysis_ready_en/2024/2024_VNM.json,70b2ed2aeea7249f8c2a8ae1d2a7f5d44f87ef768419d3c155b0deaae6e32a24,data/unga_general_debate_verbatim_en/UNGA79_2024/A_79_PV_8_EN.pdf,"{""bbox"": [123.12, 311.32, 491.47, 409.81], ""char_end"": 611, ""char_start"": 0, ""extracted_block"": 11, ""origin_file"": ""data/unga_general_debate_verbatim_en/UNGA79_2024/A_79_PV_8_EN.pdf"", ""origin_sha256"": ""9ab16cd0669fb447411fb0683e4ea73ef5bf77dcaf8641316fc5545cb6147df6"", ""paragraph"": 11, ""pdf_block"": 4, ""pdf_page"": 34}",especially the Global Digital Compact,reviewed,False,global digital compact,Global Digital Compact,en
E00238,verbatim_en_2024_VNM:11,2024_VNM,2024,VNM,Asia-Pacific States,data/analysis_ready_en/2024/2024_VNM.json,70b2ed2aeea7249f8c2a8ae1d2a7f5d44f87ef768419d3c155b0deaae6e32a24,data/unga_general_debate_verbatim_en/UNGA79_2024/A_79_PV_8_EN.pdf,"{""bbox"": [123.12, 311.32, 491.47, 409.81], ""char_end"": 611, ""char_start"": 0, ""extracted_block"": 11, ""origin_file"": ""data/unga_general_debate_verbatim_en/UNGA79_2024/A_79_PV_8_EN.pdf"", ""origin_sha256"": ""9ab16cd0669fb447411fb0683e4ea73ef5bf77dcaf8641316fc5545cb6147df6"", ""paragraph"": 11, ""pdf_block"": 4, ""pdf_page"": 34}",we should urgently create smart global governance frameworks with a long-term vision for science and technology,reviewed,False,smart global governance frameworks,smart global governance frameworks,en
E00239,verbatim_en_2024_ZMB:14,2024_ZMB,2024,ZMB,African States,data/analysis_ready_en/2024/2024_ZMB.json,27032371e962aedba3376c8b1016289f46a929f13f277219b13813dbe24613ec,data/unga_general_debate_verbatim_en/UNGA79_2024/A_79_PV_16_EN.pdf,"{""bbox"": [123.38, 555.68, 490.56, 662.73], ""char_end"": 731, ""char_start"": 0, ""extracted_block"": 14, ""origin_file"": ""data/unga_general_debate_verbatim_en/UNGA79_2024/A_79_PV_16_EN.pdf"", ""origin_sha256"": ""e412788b9968b539f058bbce9a94951577015dc42ae9ff17641fb952d097f47c"", ""paragraph"": 14, ""pdf_block"": 7, ""pdf_page"": 7}","capacity-building, technology transfer on mutually agreed terms",uncertain,False,capacity-building,capacity-building,en
E00239,verbatim_en_2024_ZMB:14,2024_ZMB,2024,ZMB,African States,data/analysis_ready_en/2024/2024_ZMB.json,27032371e962aedba3376c8b1016289f46a929f13f277219b13813dbe24613ec,data/unga_general_debate_verbatim_en/UNGA79_2024/A_79_PV_16_EN.pdf,"{""bbox"": [123.38, 555.68, 490.56, 662.73], ""char_end"": 731, ""char_start"": 0, ""extracted_block"": 14, ""origin_file"": ""data/unga_general_debate_verbatim_en/UNGA79_2024/A_79_PV_16_EN.pdf"", ""origin_sha256"": ""e412788b9968b539f058bbce9a94951577015dc42ae9ff17641fb952d097f47c"", ""paragraph"": 14, ""pdf_block"": 7, ""pdf_page"": 7}","capacity-building, technology transfer on mutually agreed terms, information exchange",reviewed,False,technology transfer,technology transfer on mutually agreed terms,en
E00241,verbatim_en_2025_ALB:4,2025_ALB,2025,ALB,Eastern European States,data/analysis_ready_en/2025/2025_ALB.json,a3cca41bf04035da72fb2561437a66eb760175b7267ad107303408bde4e074d3,data/unga_general_debate_verbatim_en/automatic_transcripts_unofficial/UNGA2025_day2_EN_ASR.json,"{""char_end"": 8873, ""char_start"": 6649, ""end"": 34884.19, ""extracted_block"": 1, ""json_pointer"": ""/transcript/data/60/paragraphs/0"", ""origin_file"": ""data/unga_general_debate_verbatim_en/automatic_transcripts_unofficial/UNGA2025_day2_EN_ASR.json"", ""origin_sha256"": ""927288bea100aaf0c5a8e1048e8232dbbc03383fd1895cd4795d78e4afad6692"", ""paragraph"": 1, ""start"": 34039.95, ""statement_start"": 34039.95}",but by human intelligence and compassion.,uncertain,False,human intelligence,human intelligence and compassion,en
E00241,verbatim_en_2025_ALB:4,2025_ALB,2025,ALB,Eastern European States,data/analysis_ready_en/2025/2025_ALB.json,a3cca41bf04035da72fb2561437a66eb760175b7267ad107303408bde4e074d3,data/unga_general_debate_verbatim_en/automatic_transcripts_unofficial/UNGA2025_day2_EN_ASR.json,"{""char_end"": 8873, ""char_start"": 6649, ""end"": 34884.19, ""extracted_block"": 1, ""json_pointer"": ""/transcript/data/60/paragraphs/0"", ""origin_file"": ""data/unga_general_debate_verbatim_en/automatic_transcripts_unofficial/UNGA2025_day2_EN_ASR.json"", ""origin_sha256"": ""927288bea100aaf0c5a8e1048e8232dbbc03383fd1895cd4795d78e4afad6692"", ""paragraph"": 1, ""start"": 34039.95, ""statement_start"": 34039.95}",Albania is proud to co-lead with Kenya the review process of the World Summit on the Information Society,uncertain,False,wsis review,World Summit on the Information Society,en
E00242,verbatim_en_2025_ARE:4,2025_ARE,2025,ARE,Asia-Pacific States,data/analysis_ready_en/2025/2025_ARE.json,8240c011901ce60409e15b41398a0ceb14b59d2c3a2170d6bee9f54a75443db3,data/unga_general_debate_verbatim_en/automatic_transcripts_unofficial/UNGA2025_day5_EN_ASR.json,"{""char_end"": 8689, ""char_start"": 6463, ""end"": 35304.31, ""extracted_block"": 1, ""json_pointer"": ""/transcript/data/57/paragraphs/0"", ""origin_file"": ""data/unga_general_debate_verbatim_en/automatic_transcripts_unofficial/UNGA2025_day5_EN_ASR.json"", ""origin_sha256"": ""6af8373eabbece61df49527d7664a10b9d6b9b3122210c691c28246f80a54da8"", ""paragraph"": 1, ""start"": 34550.34, ""statement_start"": 34550.34}",ensuring the responsible and ethical use of these technologies in accordance with international law.,uncertain,False,responsible and ethical use,responsible and ethical use,en
E00244,verbatim_en_2025_BGD:7,2025_BGD,2025,BGD,Asia-Pacific States,data/analysis_ready_en/2025/2025_BGD.json,d6fd863cea5541aaee540d09ab57133b74e87b4d7eba6fb17cd63e2b62f3a4c4,data/unga_general_debate_verbatim_en/automatic_transcripts_unofficial/UNGA2025_day4_EN_ASR.json,"{""char_end"": 2132, ""char_start"": 0, ""end"": 12197.47, ""extracted_block"": 2, ""json_pointer"": ""/transcript/data/15/paragraphs/1"", ""origin_file"": ""data/unga_general_debate_verbatim_en/automatic_transcripts_unofficial/UNGA2025_day4_EN_ASR.json"", ""origin_sha256"": ""c8692911ed43efa9b2a58a9bdc9039d775619b12c0dd3077dd97f9cf543a8821"", ""paragraph"": 2, ""start"": 10800.75, ""statement_start"": 9694.93}",one of our deepest concerns is the widening digital divide facing youth in developing world.,reviewed,False,digital divide,digital divide,en
E00244,verbatim_en_2025_BGD:7,2025_BGD,2025,BGD,Asia-Pacific States,data/analysis_ready_en/2025/2025_BGD.json,d6fd863cea5541aaee540d09ab57133b74e87b4d7eba6fb17cd63e2b62f3a4c4,data/unga_general_debate_verbatim_en/automatic_transcripts_unofficial/UNGA2025_day4_EN_ASR.json,"{""char_end"": 2132, ""char_start"": 0, ""end"": 12197.47, ""extracted_block"": 2, ""json_pointer"": ""/transcript/data/15/paragraphs/1"", ""origin_file"": ""data/unga_general_debate_verbatim_en/automatic_transcripts_unofficial/UNGA2025_day4_EN_ASR.json"", ""origin_sha256"": ""c8692911ed43efa9b2a58a9bdc9039d775619b12c0dd3077dd97f9cf543a8821"", ""paragraph"": 2, ""start"": 10800.75, ""statement_start"": 9694.93}","Quantum computing, artificial intelligence, large language models, modern communication systems, these must not be biased",reviewed,False,large language models,large language models,en
E00245,verbatim_en_2025_BGD:11,2025_BGD,2025,BGD,Asia-Pacific States,data/analysis_ready_en/2025/2025_BGD.json,d6fd863cea5541aaee540d09ab57133b74e87b4d7eba6fb17cd63e2b62f3a4c4,data/unga_general_debate_verbatim_en/automatic_transcripts_unofficial/UNGA2025_day4_EN_ASR.json,"{""char_end"": 10926, ""char_start"": 8747, ""end"": 12197.47, ""extracted_block"": 2, ""json_pointer"": ""/transcript/data/15/paragraphs/1"", ""origin_file"": ""data/unga_general_debate_verbatim_en/automatic_transcripts_unofficial/UNGA2025_day4_EN_ASR.json"", ""origin_sha256"": ""c8692911ed43efa9b2a58a9bdc9039d775619b12c0dd3077dd97f9cf543a8821"", ""paragraph"": 2, ""start"": 10800.75, ""statement_start"": 9694.93}","The problem has been compounded by the deliberate use of fake news and artificial intelligence-driven deepfakes, which make the situation even more dangerous.",reviewed,False,deepfakes,artificial intelligence-driven deepfakes,en
E00247,verbatim_en_2025_BGR:5,2025_BGR,2025,BGR,Eastern European States,data/analysis_ready_en/2025/2025_BGR.json,daf68296bbec24f80cc91bc5cdbf1e55b3452227ae500fb3b1423e645e0d241f,data/unga_general_debate_verbatim_en/automatic_transcripts_unofficial/UNGA2025_day4_EN_ASR.json,"{""char_end"": 6590, ""char_start"": 5011, ""end"": 25741.15, ""extracted_block"": 2, ""json_pointer"": ""/transcript/data/37/paragraphs/1"", ""origin_file"": ""data/unga_general_debate_verbatim_en/automatic_transcripts_unofficial/UNGA2025_day4_EN_ASR.json"", ""origin_sha256"": ""c8692911ed43efa9b2a58a9bdc9039d775619b12c0dd3077dd97f9cf543a8821"", ""paragraph"": 2, ""start"": 25200.11, ""statement_start"": 24819.03}","inclusive, multi-stakeholder approaches to global digital governance",uncertain,False,multi-stakeholder,multi-stakeholder approaches,en
E00247,verbatim_en_2025_BGR:5,2025_BGR,2025,BGR,Eastern European States,data/analysis_ready_en/2025/2025_BGR.json,daf68296bbec24f80cc91bc5cdbf1e55b3452227ae500fb3b1423e645e0d241f,data/unga_general_debate_verbatim_en/automatic_transcripts_unofficial/UNGA2025_day4_EN_ASR.json,"{""char_end"": 6590, ""char_start"": 5011, ""end"": 25741.15, ""extracted_block"": 2, ""json_pointer"": ""/transcript/data/37/paragraphs/1"", ""origin_file"": ""data/unga_general_debate_verbatim_en/automatic_transcripts_unofficial/UNGA2025_day4_EN_ASR.json"", ""origin_sha256"": ""c8692911ed43efa9b2a58a9bdc9039d775619b12c0dd3077dd97f9cf543a8821"", ""paragraph"": 2, ""start"": 25200.11, ""statement_start"": 24819.03}","inclusive, multi-stakeholder approaches to global digital governance, artificial intelligence, and space technologies",uncertain,False,multi-stakeholder governance,"inclusive, multi-stakeholder approaches to global digital governance",en
E00249,verbatim_en_2025_BHR:5,2025_BHR,2025,BHR,Asia-Pacific States,data/analysis_ready_en/2025/2025_BHR.json,04d69f83a5785ba754245adcaa479fd4e1a68abf12624fd0c3d5aae997f4b390,data/unga_general_debate_verbatim_en/automatic_transcripts_unofficial/UNGA2025_day4_EN_ASR.json,"{""char_end"": 11072, ""char_start"": 8867, ""end"": 40742.15, ""extracted_block"": 1, ""json_pointer"": ""/transcript/data/61/paragraphs/0"", ""origin_file"": ""data/unga_general_debate_verbatim_en/automatic_transcripts_unofficial/UNGA2025_day4_EN_ASR.json"", ""origin_sha256"": ""c8692911ed43efa9b2a58a9bdc9039d775619b12c0dd3077dd97f9cf543a8821"", ""paragraph"": 1, ""start"": 39604.51, ""statement_start"": 39604.51}",an international convention to regulate and govern the development of AI.,uncertain,False,international ai convention,international convention to regulate and govern the development of AI,en
E00249,verbatim_en_2025_BHR:5,2025_BHR,2025,BHR,Asia-Pacific States,data/analysis_ready_en/2025/2025_BHR.json,04d69f83a5785ba754245adcaa479fd4e1a68abf12624fd0c3d5aae997f4b390,data/unga_general_debate_verbatim_en/automatic_transcripts_unofficial/UNGA2025_day4_EN_ASR.json,"{""char_end"": 11072, ""char_start"": 8867, ""end"": 40742.15, ""extracted_block"": 1, ""json_pointer"": ""/transcript/data/61/paragraphs/0"", ""origin_file"": ""data/unga_general_debate_verbatim_en/automatic_transcripts_unofficial/UNGA2025_day4_EN_ASR.json"", ""origin_sha256"": ""c8692911ed43efa9b2a58a9bdc9039d775619b12c0dd3077dd97f9cf543a8821"", ""paragraph"": 1, ""start"": 39604.51, ""statement_start"": 39604.51}",called for the adoption of an international convention to regulate and govern the development of AI,uncertain,False,international convention on ai,international convention to regulate and govern the development of AI,en
E00251,verbatim_en_2025_BOL:2,2025_BOL,2025,BOL,Latin American and Caribbean States,data/analysis_ready_en/2025/2025_BOL.json,75c793ae6218861782f6fa1bc9ce70eb42bce54e0fad2173a7d7349717c03451,data/unga_general_debate_verbatim_en/automatic_transcripts_unofficial/UNGA2025_day3_EN_ASR.json,"{""char_end"": 4087, ""char_start"": 2086, ""end"": 9529.43, ""extracted_block"": 1, ""json_pointer"": ""/transcript/data/16/paragraphs/0"", ""origin_file"": ""data/unga_general_debate_verbatim_en/automatic_transcripts_unofficial/UNGA2025_day3_EN_ASR.json"", ""origin_sha256"": ""829f77fca5d16e37ae2aa17a64e85b0d9afec84cf5fcddbd63b6170a9f3895e2"", ""paragraph"": 1, ""start"": 8129.99, ""statement_start"": 8129.99}",the unstoppable force of capitalism with the misuse of artificial intelligence,uncertain,False,misuse of artificial intelligence,misuse of artificial intelligence,en
E00252,verbatim_en_2025_BRA:3,2025_BRA,2025,BRA,Latin American and Caribbean States,data/analysis_ready_en/2025/2025_BRA.json,10650300ee4a5b5f4d6489b80ae24f75adcfbc05fcfdd5f279cf5eb38897b85a,data/unga_general_debate_verbatim_en/automatic_transcripts_unofficial/UNGA2025_day1_EN_ASR.json,"{""char_end"": 6525, ""char_start"": 4321, ""end"": 5321.63, ""extracted_block"": 1, ""json_pointer"": ""/transcript/data/3/paragraphs/0"", ""origin_file"": ""data/unga_general_debate_verbatim_en/automatic_transcripts_unofficial/UNGA2025_day1_EN_ASR.json"", ""origin_sha256"": ""5da320ba84a5d192501cb7893f63224a5548c0b9b120751cd82e40dda077a448"", ""paragraph"": 1, ""start"": 4237.91, ""statement_start"": 4237.91}",to encourage the installation of sustainable data centers.,uncertain,False,data centres,sustainable data centers,en
E00252,verbatim_en_2025_BRA:3,2025_BRA,2025,BRA,Latin American and Caribbean States,data/analysis_ready_en/2025/2025_BRA.json,10650300ee4a5b5f4d6489b80ae24f75adcfbc05fcfdd5f279cf5eb38897b85a,data/unga_general_debate_verbatim_en/automatic_transcripts_unofficial/UNGA2025_day1_EN_ASR.json,"{""char_end"": 6525, ""char_start"": 4321, ""end"": 5321.63, ""extracted_block"": 1, ""json_pointer"": ""/transcript/data/3/paragraphs/0"", ""origin_file"": ""data/unga_general_debate_verbatim_en/automatic_transcripts_unofficial/UNGA2025_day1_EN_ASR.json"", ""origin_sha256"": ""5da320ba84a5d192501cb7893f63224a5548c0b9b120751cd82e40dda077a448"", ""paragraph"": 1, ""start"": 4237.91, ""statement_start"": 4237.91}",in line with the global digital compact that was approved in this plenary last year,reviewed,False,global digital compact,global digital compact,en
E00252,verbatim_en_2025_BRA:3,2025_BRA,2025,BRA,Latin American and Caribbean States,data/analysis_ready_en/2025/2025_BRA.json,10650300ee4a5b5f4d6489b80ae24f75adcfbc05fcfdd5f279cf5eb38897b85a,data/unga_general_debate_verbatim_en/automatic_transcripts_unofficial/UNGA2025_day1_EN_ASR.json,"{""char_end"": 6525, ""char_start"": 4321, ""end"": 5321.63, ""extracted_block"": 1, ""json_pointer"": ""/transcript/data/3/paragraphs/0"", ""origin_file"": ""data/unga_general_debate_verbatim_en/automatic_transcripts_unofficial/UNGA2025_day1_EN_ASR.json"", ""origin_sha256"": ""5da320ba84a5d192501cb7893f63224a5548c0b9b120751cd82e40dda077a448"", ""paragraph"": 1, ""start"": 4237.91, ""statement_start"": 4237.91}",we are committed to building multilateral governance,reviewed,False,multilateral governance,multilateral governance,en
E00253,verbatim_en_2025_BRB:4,2025_BRB,2025,BRB,Latin American and Caribbean States,data/analysis_ready_en/2025/2025_BRB.json,0084a813874852afbfc9249a4dffb7b0d5c1ab691b59117c85487b86f19b393d,data/unga_general_debate_verbatim_en/automatic_transcripts_unofficial/UNGA2025_day4_EN_ASR.json,"{""char_end"": 7913, ""char_start"": 5993, ""end"": 17999.99, ""extracted_block"": 1, ""json_pointer"": ""/transcript/data/23/paragraphs/0"", ""origin_file"": ""data/unga_general_debate_verbatim_en/automatic_transcripts_unofficial/UNGA2025_day4_EN_ASR.json"", ""origin_sha256"": ""c8692911ed43efa9b2a58a9bdc9039d775619b12c0dd3077dd97f9cf543a8821"", ""paragraph"": 1, ""start"": 16143.61, ""statement_start"": 16143.61}","And of course, unregulated AI, which while it has tremendous promise",reviewed,False,unregulated ai,unregulated AI,en
E00254,verbatim_en_2025_BRB:5,2025_BRB,2025,BRB,Latin American and Caribbean States,data/analysis_ready_en/2025/2025_BRB.json,0084a813874852afbfc9249a4dffb7b0d5c1ab691b59117c85487b86f19b393d,data/unga_general_debate_verbatim_en/automatic_transcripts_unofficial/UNGA2025_day4_EN_ASR.json,"{""char_end"": 9733, ""char_start"": 7914, ""end"": 17999.99, ""extracted_block"": 1, ""json_pointer"": ""/transcript/data/23/paragraphs/0"", ""origin_file"": ""data/unga_general_debate_verbatim_en/automatic_transcripts_unofficial/UNGA2025_day4_EN_ASR.json"", ""origin_sha256"": ""c8692911ed43efa9b2a58a9bdc9039d775619b12c0dd3077dd97f9cf543a8821"", ""paragraph"": 1, ""start"": 16143.61, ""statement_start"": 16143.61}",to allow us to better face challenges from climate to pandemics to unregulated AI,reviewed,False,unregulated ai,unregulated AI,en
E00255,verbatim_en_2025_BRB:6,2025_BRB,2025,BRB,Latin American and Caribbean States,data/analysis_ready_en/2025/2025_BRB.json,0084a813874852afbfc9249a4dffb7b0d5c1ab691b59117c85487b86f19b393d,data/unga_general_debate_verbatim_en/automatic_transcripts_unofficial/UNGA2025_day4_EN_ASR.json,"{""char_end"": 11743, ""char_start"": 9734, ""end"": 17999.99, ""extracted_block"": 1, ""json_pointer"": ""/transcript/data/23/paragraphs/0"", ""origin_file"": ""data/unga_general_debate_verbatim_en/automatic_transcripts_unofficial/UNGA2025_day4_EN_ASR.json"", ""origin_sha256"": ""c8692911ed43efa9b2a58a9bdc9039d775619b12c0dd3077dd97f9cf543a8821"", ""paragraph"": 1, ""start"": 16143.61, ""statement_start"": 16143.61}",examples of censorship that seek to deny access to the details of our history in this hemisphere.,reviewed,False,ai censorship,censorship,en
E00255,verbatim_en_2025_BRB:6,2025_BRB,2025,BRB,Latin American and Caribbean States,data/analysis_ready_en/2025/2025_BRB.json,0084a813874852afbfc9249a4dffb7b0d5c1ab691b59117c85487b86f19b393d,data/unga_general_debate_verbatim_en/automatic_transcripts_unofficial/UNGA2025_day4_EN_ASR.json,"{""char_end"": 11743, ""char_start"": 9734, ""end"": 17999.99, ""extracted_block"": 1, ""json_pointer"": ""/transcript/data/23/paragraphs/0"", ""origin_file"": ""data/unga_general_debate_verbatim_en/automatic_transcripts_unofficial/UNGA2025_day4_EN_ASR.json"", ""origin_sha256"": ""c8692911ed43efa9b2a58a9bdc9039d775619b12c0dd3077dd97f9cf543a8821"", ""paragraph"": 1, ""start"": 16143.61, ""statement_start"": 16143.61}",the risk and exploitation of AI and the distortion of facts.,reviewed,False,distortion of facts,distortion of facts,en
E00255,verbatim_en_2025_BRB:6,2025_BRB,2025,BRB,Latin American and Caribbean States,data/analysis_ready_en/2025/2025_BRB.json,0084a813874852afbfc9249a4dffb7b0d5c1ab691b59117c85487b86f19b393d,data/unga_general_debate_verbatim_en/automatic_transcripts_unofficial/UNGA2025_day4_EN_ASR.json,"{""char_end"": 11743, ""char_start"": 9734, ""end"": 17999.99, ""extracted_block"": 1, ""json_pointer"": ""/transcript/data/23/paragraphs/0"", ""origin_file"": ""data/unga_general_debate_verbatim_en/automatic_transcripts_unofficial/UNGA2025_day4_EN_ASR.json"", ""origin_sha256"": ""c8692911ed43efa9b2a58a9bdc9039d775619b12c0dd3077dd97f9cf543a8821"", ""paragraph"": 1, ""start"": 16143.61, ""statement_start"": 16143.61}",for regulating AI must now be our priority,uncertain,False,regulating ai,regulating AI,en
E00257,verbatim_en_2025_CAF:8,2025_CAF,2025,CAF,African States,data/analysis_ready_en/2025/2025_CAF.json,ec7fe063966e0422037a86f115d39556646c8d8cbcde9bd8a08eecbf9ccbc427,data/unga_general_debate_verbatim_en/automatic_transcripts_unofficial/UNGA2025_day2_EN_ASR.json,"{""char_end"": 9153, ""char_start"": 8293, ""end"": 33989.31, ""extracted_block"": 2, ""json_pointer"": ""/transcript/data/58/paragraphs/1"", ""origin_file"": ""data/unga_general_debate_verbatim_en/automatic_transcripts_unofficial/UNGA2025_day2_EN_ASR.json"", ""origin_sha256"": ""927288bea100aaf0c5a8e1048e8232dbbc03383fd1895cd4795d78e4afad6692"", ""paragraph"": 2, ""start"": 33204.43, ""statement_start"": 32729.51}",a global charter for digital governance and ethical artificial intelligence,uncertain,False,ethical artificial intelligence,ethical artificial intelligence,en
E00257,verbatim_en_2025_CAF:8,2025_CAF,2025,CAF,African States,data/analysis_ready_en/2025/2025_CAF.json,ec7fe063966e0422037a86f115d39556646c8d8cbcde9bd8a08eecbf9ccbc427,data/unga_general_debate_verbatim_en/automatic_transcripts_unofficial/UNGA2025_day2_EN_ASR.json,"{""char_end"": 9153, ""char_start"": 8293, ""end"": 33989.31, ""extracted_block"": 2, ""json_pointer"": ""/transcript/data/58/paragraphs/1"", ""origin_file"": ""data/unga_general_debate_verbatim_en/automatic_transcripts_unofficial/UNGA2025_day2_EN_ASR.json"", ""origin_sha256"": ""927288bea100aaf0c5a8e1048e8232dbbc03383fd1895cd4795d78e4afad6692"", ""paragraph"": 2, ""start"": 33204.43, ""statement_start"": 32729.51}",the establishment of a global charter for digital governance,uncertain,False,global charter for digital governance,global charter for digital governance,en
E00257,verbatim_en_2025_CAF:8,2025_CAF,2025,CAF,African States,data/analysis_ready_en/2025/2025_CAF.json,ec7fe063966e0422037a86f115d39556646c8d8cbcde9bd8a08eecbf9ccbc427,data/unga_general_debate_verbatim_en/automatic_transcripts_unofficial/UNGA2025_day2_EN_ASR.json,"{""char_end"": 9153, ""char_start"": 8293, ""end"": 33989.31, ""extracted_block"": 2, ""json_pointer"": ""/transcript/data/58/paragraphs/1"", ""origin_file"": ""data/unga_general_debate_verbatim_en/automatic_transcripts_unofficial/UNGA2025_day2_EN_ASR.json"", ""origin_sha256"": ""927288bea100aaf0c5a8e1048e8232dbbc03383fd1895cd4795d78e4afad6692"", ""paragraph"": 2, ""start"": 33204.43, ""statement_start"": 32729.51}",a global charter for digital governance and ethical artificial intelligence,uncertain,False,global charter for digital governance and ethical ai,global charter for digital governance and ethical artificial intelligence,en
E00259,verbatim_en_2025_CHN:5,2025_CHN,2025,CHN,Asia-Pacific States,data/analysis_ready_en/2025/2025_CHN.json,7454972aa1eaee740e3e1f7e80fa164037b3e0ae9914d03166231abb3bb5de42,data/unga_general_debate_verbatim_en/automatic_transcripts_unofficial/UNGA2025_day4_EN_ASR.json,"{""char_end"": 11041, ""char_start"": 8875, ""end"": 6923.67, ""extracted_block"": 1, ""json_pointer"": ""/transcript/data/7/paragraphs/0"", ""origin_file"": ""data/unga_general_debate_verbatim_en/automatic_transcripts_unofficial/UNGA2025_day4_EN_ASR.json"", ""origin_sha256"": ""c8692911ed43efa9b2a58a9bdc9039d775619b12c0dd3077dd97f9cf543a8821"", ""paragraph"": 1, ""start"": 5710.36, ""statement_start"": 5710.36}",China has proposed the Global AI Governance Initiative,reviewed,False,global ai governance initiative,Global AI Governance Initiative,en
E00259,verbatim_en_2025_CHN:5,2025_CHN,2025,CHN,Asia-Pacific States,data/analysis_ready_en/2025/2025_CHN.json,7454972aa1eaee740e3e1f7e80fa164037b3e0ae9914d03166231abb3bb5de42,data/unga_general_debate_verbatim_en/automatic_transcripts_unofficial/UNGA2025_day4_EN_ASR.json,"{""char_end"": 11041, ""char_start"": 8875, ""end"": 6923.67, ""extracted_block"": 1, ""json_pointer"": ""/transcript/data/7/paragraphs/0"", ""origin_file"": ""data/unga_general_debate_verbatim_en/automatic_transcripts_unofficial/UNGA2025_day4_EN_ASR.json"", ""origin_sha256"": ""c8692911ed43efa9b2a58a9bdc9039d775619b12c0dd3077dd97f9cf543a8821"", ""paragraph"": 1, ""start"": 5710.36, ""statement_start"": 5710.36}","people-centered development, technology for good, and equitable benefits",reviewed,False,technology for good,technology for good,en
E00259,verbatim_en_2025_CHN:5,2025_CHN,2025,CHN,Asia-Pacific States,data/analysis_ready_en/2025/2025_CHN.json,7454972aa1eaee740e3e1f7e80fa164037b3e0ae9914d03166231abb3bb5de42,data/unga_general_debate_verbatim_en/automatic_transcripts_unofficial/UNGA2025_day4_EN_ASR.json,"{""char_end"": 11041, ""char_start"": 8875, ""end"": 6923.67, ""extracted_block"": 1, ""json_pointer"": ""/transcript/data/7/paragraphs/0"", ""origin_file"": ""data/unga_general_debate_verbatim_en/automatic_transcripts_unofficial/UNGA2025_day4_EN_ASR.json"", ""origin_sha256"": ""c8692911ed43efa9b2a58a9bdc9039d775619b12c0dd3077dd97f9cf543a8821"", ""paragraph"": 1, ""start"": 5710.36, ""statement_start"": 5710.36}",advocated the establishment of a world AI cooperation organization,reviewed,False,world ai cooperation organization,world AI cooperation organization,en
E00260,verbatim_en_2025_CIV:5,2025_CIV,2025,CIV,African States,data/analysis_ready_en/2025/2025_CIV.json,107d028b767b7e267d91c649173d93b892e46dee7b3cd3bf0634acbe8f8cef29,data/unga_general_debate_verbatim_en/automatic_transcripts_unofficial/UNGA2025_day4_EN_ASR.json,"{""char_end"": 8606, ""char_start"": 6473, ""end"": 39564.51, ""extracted_block"": 2, ""json_pointer"": ""/transcript/data/59/paragraphs/1"", ""origin_file"": ""data/unga_general_debate_verbatim_en/automatic_transcripts_unofficial/UNGA2025_day4_EN_ASR.json"", ""origin_sha256"": ""c8692911ed43efa9b2a58a9bdc9039d775619b12c0dd3077dd97f9cf543a8821"", ""paragraph"": 2, ""start"": 38680.11, ""statement_start"": 38674.19}",We call for the adoption of binding universal standards so as to regulate the use of AI,reviewed,False,binding universal standards,binding universal standards,en
E00260,verbatim_en_2025_CIV:5,2025_CIV,2025,CIV,African States,data/analysis_ready_en/2025/2025_CIV.json,107d028b767b7e267d91c649173d93b892e46dee7b3cd3bf0634acbe8f8cef29,data/unga_general_debate_verbatim_en/automatic_transcripts_unofficial/UNGA2025_day4_EN_ASR.json,"{""char_end"": 8606, ""char_start"": 6473, ""end"": 39564.51, ""extracted_block"": 2, ""json_pointer"": ""/transcript/data/59/paragraphs/1"", ""origin_file"": ""data/unga_general_debate_verbatim_en/automatic_transcripts_unofficial/UNGA2025_day4_EN_ASR.json"", ""origin_sha256"": ""c8692911ed43efa9b2a58a9bdc9039d775619b12c0dd3077dd97f9cf543a8821"", ""paragraph"": 2, ""start"": 38680.11, ""statement_start"": 38674.19}","as well as the Global Digital Compact, regulating the use of artificial intelligence",reviewed,False,global digital compact,Global Digital Compact,en
E00260,verbatim_en_2025_CIV:5,2025_CIV,2025,CIV,African States,data/analysis_ready_en/2025/2025_CIV.json,107d028b767b7e267d91c649173d93b892e46dee7b3cd3bf0634acbe8f8cef29,data/unga_general_debate_verbatim_en/automatic_transcripts_unofficial/UNGA2025_day4_EN_ASR.json,"{""char_end"": 8606, ""char_start"": 6473, ""end"": 39564.51, ""extracted_block"": 2, ""json_pointer"": ""/transcript/data/59/paragraphs/1"", ""origin_file"": ""data/unga_general_debate_verbatim_en/automatic_transcripts_unofficial/UNGA2025_day4_EN_ASR.json"", ""origin_sha256"": ""c8692911ed43efa9b2a58a9bdc9039d775619b12c0dd3077dd97f9cf543a8821"", ""paragraph"": 2, ""start"": 38680.11, ""statement_start"": 38674.19}",the Pact for the Future,uncertain,False,pact for the future,Pact for the Future,en
E00260,verbatim_en_2025_CIV:5,2025_CIV,2025,CIV,African States,data/analysis_ready_en/2025/2025_CIV.json,107d028b767b7e267d91c649173d93b892e46dee7b3cd3bf0634acbe8f8cef29,data/unga_general_debate_verbatim_en/automatic_transcripts_unofficial/UNGA2025_day4_EN_ASR.json,"{""char_end"": 8606, ""char_start"": 6473, ""end"": 39564.51, ""extracted_block"": 2, ""json_pointer"": ""/transcript/data/59/paragraphs/1"", ""origin_file"": ""data/unga_general_debate_verbatim_en/automatic_transcripts_unofficial/UNGA2025_day4_EN_ASR.json"", ""origin_sha256"": ""c8692911ed43efa9b2a58a9bdc9039d775619b12c0dd3077dd97f9cf543a8821"", ""paragraph"": 2, ""start"": 38680.11, ""statement_start"": 38674.19}","information wars, and regulation of artificial intelligence",uncertain,False,regulation of artificial intelligence,regulation of artificial intelligence,en
E00261,verbatim_en_2025_CMR:5,2025_CMR,2025,CMR,African States,data/analysis_ready_en/2025/2025_CMR.json,72d3e8c38ff112188220c56a96ebb8040287c236ac94125cfd97dc04c64382e1,data/unga_general_debate_verbatim_en/automatic_transcripts_unofficial/UNGA2025_day3_EN_ASR.json,"{""char_end"": 10744, ""char_start"": 8577, ""end"": 41880.95, ""extracted_block"": 1, ""json_pointer"": ""/transcript/data/80/paragraphs/0"", ""origin_file"": ""data/unga_general_debate_verbatim_en/automatic_transcripts_unofficial/UNGA2025_day3_EN_ASR.json"", ""origin_sha256"": ""829f77fca5d16e37ae2aa17a64e85b0d9afec84cf5fcddbd63b6170a9f3895e2"", ""paragraph"": 1, ""start"": 40595.96, ""statement_start"": 40595.96}",in this digital and artificial intelligence era,uncertain,False,artificial intelligence era,artificial intelligence era,en
E00263,verbatim_en_2025_CPV:1,2025_CPV,2025,CPV,African States,data/analysis_ready_en/2025/2025_CPV.json,918b7e2c1d7327967b575cda4e73329f549e6d43912313a4dbb81407f0aa912e,data/unga_general_debate_verbatim_en/automatic_transcripts_unofficial/UNGA2025_day4_EN_ASR.json,"{""char_end"": 2184, ""char_start"": 0, ""end"": 24774.39, ""extracted_block"": 1, ""json_pointer"": ""/transcript/data/35/paragraphs/0"", ""origin_file"": ""data/unga_general_debate_verbatim_en/automatic_transcripts_unofficial/UNGA2025_day4_EN_ASR.json"", ""origin_sha256"": ""c8692911ed43efa9b2a58a9bdc9039d775619b12c0dd3077dd97f9cf543a8821"", ""paragraph"": 1, ""start"": 24217.83, ""statement_start"": 24217.83}",the Global Compact for Digitalization for equitable access to digital technologies and artificial intelligence,reviewed,False,global digital compact,Global Compact for Digitalization,en
E00264,verbatim_en_2025_CRI:1,2025_CRI,2025,CRI,Latin American and Caribbean States,data/analysis_ready_en/2025/2025_CRI.json,2410330955ca271756999befda6e39d6185bae89c6835f6c51f0da3cf08cc502,data/unga_general_debate_verbatim_en/automatic_transcripts_unofficial/UNGA2025_day2_EN_ASR.json,"{""char_end"": 2211, ""char_start"": 0, ""end"": 44315.37, ""extracted_block"": 1, ""json_pointer"": ""/transcript/data/76/paragraphs/0"", ""origin_file"": ""data/unga_general_debate_verbatim_en/automatic_transcripts_unofficial/UNGA2025_day2_EN_ASR.json"", ""origin_sha256"": ""927288bea100aaf0c5a8e1048e8232dbbc03383fd1895cd4795d78e4afad6692"", ""paragraph"": 1, ""start"": 43342.47, ""statement_start"": 43342.47}",the governance of artificial intelligence,uncertain,False,ai governance,governance of artificial intelligence,en
E00264,verbatim_en_2025_CRI:1,2025_CRI,2025,CRI,Latin American and Caribbean States,data/analysis_ready_en/2025/2025_CRI.json,2410330955ca271756999befda6e39d6185bae89c6835f6c51f0da3cf08cc502,data/unga_general_debate_verbatim_en/automatic_transcripts_unofficial/UNGA2025_day2_EN_ASR.json,"{""char_end"": 2211, ""char_start"": 0, ""end"": 44315.37, ""extracted_block"": 1, ""json_pointer"": ""/transcript/data/76/paragraphs/0"", ""origin_file"": ""data/unga_general_debate_verbatim_en/automatic_transcripts_unofficial/UNGA2025_day2_EN_ASR.json"", ""origin_sha256"": ""927288bea100aaf0c5a8e1048e8232dbbc03383fd1895cd4795d78e4afad6692"", ""paragraph"": 1, ""start"": 43342.47, ""statement_start"": 43342.47}","the triple planetary crisis, and the governance of artificial intelligence",uncertain,False,governance of artificial intelligence,governance of artificial intelligence,en
E00265,verbatim_en_2025_CRI:4,2025_CRI,2025,CRI,Latin American and Caribbean States,data/analysis_ready_en/2025/2025_CRI.json,2410330955ca271756999befda6e39d6185bae89c6835f6c51f0da3cf08cc502,data/unga_general_debate_verbatim_en/automatic_transcripts_unofficial/UNGA2025_day2_EN_ASR.json,"{""char_end"": 8868, ""char_start"": 6580, ""end"": 44315.37, ""extracted_block"": 1, ""json_pointer"": ""/transcript/data/76/paragraphs/0"", ""origin_file"": ""data/unga_general_debate_verbatim_en/automatic_transcripts_unofficial/UNGA2025_day2_EN_ASR.json"", ""origin_sha256"": ""927288bea100aaf0c5a8e1048e8232dbbc03383fd1895cd4795d78e4afad6692"", ""paragraph"": 1, ""start"": 43342.47, ""statement_start"": 43342.47}",One application of AI that deserves special attention is autonomous weapons systems.,reviewed,False,autonomous weapons systems,autonomous weapons systems,en
E00265,verbatim_en_2025_CRI:4,2025_CRI,2025,CRI,Latin American and Caribbean States,data/analysis_ready_en/2025/2025_CRI.json,2410330955ca271756999befda6e39d6185bae89c6835f6c51f0da3cf08cc502,data/unga_general_debate_verbatim_en/automatic_transcripts_unofficial/UNGA2025_day2_EN_ASR.json,"{""char_end"": 8868, ""char_start"": 6580, ""end"": 44315.37, ""extracted_block"": 1, ""json_pointer"": ""/transcript/data/76/paragraphs/0"", ""origin_file"": ""data/unga_general_debate_verbatim_en/automatic_transcripts_unofficial/UNGA2025_day2_EN_ASR.json"", ""origin_sha256"": ""927288bea100aaf0c5a8e1048e8232dbbc03383fd1895cd4795d78e4afad6692"", ""paragraph"": 1, ""start"": 43342.47, ""statement_start"": 43342.47}",Time is also running out to bridge the digital divide,reviewed,False,digital divide,digital divide,en
E00265,verbatim_en_2025_CRI:4,2025_CRI,2025,CRI,Latin American and Caribbean States,data/analysis_ready_en/2025/2025_CRI.json,2410330955ca271756999befda6e39d6185bae89c6835f6c51f0da3cf08cc502,data/unga_general_debate_verbatim_en/automatic_transcripts_unofficial/UNGA2025_day2_EN_ASR.json,"{""char_end"": 8868, ""char_start"": 6580, ""end"": 44315.37, ""extracted_block"": 1, ""json_pointer"": ""/transcript/data/76/paragraphs/0"", ""origin_file"": ""data/unga_general_debate_verbatim_en/automatic_transcripts_unofficial/UNGA2025_day2_EN_ASR.json"", ""origin_sha256"": ""927288bea100aaf0c5a8e1048e8232dbbc03383fd1895cd4795d78e4afad6692"", ""paragraph"": 1, ""start"": 43342.47, ""statement_start"": 43342.47}",the conclusion before 2026 of a legally binding instrument,uncertain,False,legally binding instrument,legally binding instrument,en
E00265,verbatim_en_2025_CRI:4,2025_CRI,2025,CRI,Latin American and Caribbean States,data/analysis_ready_en/2025/2025_CRI.json,2410330955ca271756999befda6e39d6185bae89c6835f6c51f0da3cf08cc502,data/unga_general_debate_verbatim_en/automatic_transcripts_unofficial/UNGA2025_day2_EN_ASR.json,"{""char_end"": 8868, ""char_start"": 6580, ""end"": 44315.37, ""extracted_block"": 1, ""json_pointer"": ""/transcript/data/76/paragraphs/0"", ""origin_file"": ""data/unga_general_debate_verbatim_en/automatic_transcripts_unofficial/UNGA2025_day2_EN_ASR.json"", ""origin_sha256"": ""927288bea100aaf0c5a8e1048e8232dbbc03383fd1895cd4795d78e4afad6692"", ""paragraph"": 1, ""start"": 43342.47, ""statement_start"": 43342.47}",It can become a vector of mass disinformation,uncertain,False,mass disinformation,mass disinformation,en
E00265,verbatim_en_2025_CRI:4,2025_CRI,2025,CRI,Latin American and Caribbean States,data/analysis_ready_en/2025/2025_CRI.json,2410330955ca271756999befda6e39d6185bae89c6835f6c51f0da3cf08cc502,data/unga_general_debate_verbatim_en/automatic_transcripts_unofficial/UNGA2025_day2_EN_ASR.json,"{""char_end"": 8868, ""char_start"": 6580, ""end"": 44315.37, ""extracted_block"": 1, ""json_pointer"": ""/transcript/data/76/paragraphs/0"", ""origin_file"": ""data/unga_general_debate_verbatim_en/automatic_transcripts_unofficial/UNGA2025_day2_EN_ASR.json"", ""origin_sha256"": ""927288bea100aaf0c5a8e1048e8232dbbc03383fd1895cd4795d78e4afad6692"", ""paragraph"": 1, ""start"": 43342.47, ""statement_start"": 43342.47}",attacking targets without meaningful human control.,reviewed,False,meaningful human control,meaningful human control,en
E00266,verbatim_en_2025_CRI:5,2025_CRI,2025,CRI,Latin American and Caribbean States,data/analysis_ready_en/2025/2025_CRI.json,2410330955ca271756999befda6e39d6185bae89c6835f6c51f0da3cf08cc502,data/unga_general_debate_verbatim_en/automatic_transcripts_unofficial/UNGA2025_day2_EN_ASR.json,"{""char_end"": 10953, ""char_start"": 8869, ""end"": 44315.37, ""extracted_block"": 1, ""json_pointer"": ""/transcript/data/76/paragraphs/0"", ""origin_file"": ""data/unga_general_debate_verbatim_en/automatic_transcripts_unofficial/UNGA2025_day2_EN_ASR.json"", ""origin_sha256"": ""927288bea100aaf0c5a8e1048e8232dbbc03383fd1895cd4795d78e4afad6692"", ""paragraph"": 1, ""start"": 43342.47, ""statement_start"": 43342.47}",the global dialogue on AI governance to be launched tomorrow.,reviewed,False,global dialogue on ai governance,global dialogue on AI governance,en
E00266,verbatim_en_2025_CRI:5,2025_CRI,2025,CRI,Latin American and Caribbean States,data/analysis_ready_en/2025/2025_CRI.json,2410330955ca271756999befda6e39d6185bae89c6835f6c51f0da3cf08cc502,data/unga_general_debate_verbatim_en/automatic_transcripts_unofficial/UNGA2025_day2_EN_ASR.json,"{""char_end"": 10953, ""char_start"": 8869, ""end"": 44315.37, ""extracted_block"": 1, ""json_pointer"": ""/transcript/data/76/paragraphs/0"", ""origin_file"": ""data/unga_general_debate_verbatim_en/automatic_transcripts_unofficial/UNGA2025_day2_EN_ASR.json"", ""origin_sha256"": ""927288bea100aaf0c5a8e1048e8232dbbc03383fd1895cd4795d78e4afad6692"", ""paragraph"": 1, ""start"": 43342.47, ""statement_start"": 43342.47}",has led the process that established the independent international scientific panel,reviewed,False,independent international scientific panel on ai,independent international scientific panel,en
E00267,verbatim_en_2025_CUB:4,2025_CUB,2025,CUB,Latin American and Caribbean States,data/analysis_ready_en/2025/2025_CUB.json,c605d884ff654a4b54b6b8eb120be62c0fa7bd22cbf8803c664de3dc64ecad4b,data/unga_general_debate_verbatim_en/automatic_transcripts_unofficial/UNGA2025_day5_EN_ASR.json,"{""char_end"": 8181, ""char_start"": 6447, ""end"": 14400.04, ""extracted_block"": 1, ""json_pointer"": ""/transcript/data/19/paragraphs/0"", ""origin_file"": ""data/unga_general_debate_verbatim_en/automatic_transcripts_unofficial/UNGA2025_day5_EN_ASR.json"", ""origin_sha256"": ""6af8373eabbece61df49527d7664a10b9d6b9b3122210c691c28246f80a54da8"", ""paragraph"": 1, ""start"": 13586.83, ""statement_start"": 13586.83}",establish at the UN as soon as possible common norms,reviewed,False,common norms,common norms,en
E00267,verbatim_en_2025_CUB:4,2025_CUB,2025,CUB,Latin American and Caribbean States,data/analysis_ready_en/2025/2025_CUB.json,c605d884ff654a4b54b6b8eb120be62c0fa7bd22cbf8803c664de3dc64ecad4b,data/unga_general_debate_verbatim_en/automatic_transcripts_unofficial/UNGA2025_day5_EN_ASR.json,"{""char_end"": 8181, ""char_start"": 6447, ""end"": 14400.04, ""extracted_block"": 1, ""json_pointer"": ""/transcript/data/19/paragraphs/0"", ""origin_file"": ""data/unga_general_debate_verbatim_en/automatic_transcripts_unofficial/UNGA2025_day5_EN_ASR.json"", ""origin_sha256"": ""6af8373eabbece61df49527d7664a10b9d6b9b3122210c691c28246f80a54da8"", ""paragraph"": 1, ""start"": 13586.83, ""statement_start"": 13586.83}",the consequences of powerful cultural domination,reviewed,False,cultural domination,cultural domination,en
E00267,verbatim_en_2025_CUB:4,2025_CUB,2025,CUB,Latin American and Caribbean States,data/analysis_ready_en/2025/2025_CUB.json,c605d884ff654a4b54b6b8eb120be62c0fa7bd22cbf8803c664de3dc64ecad4b,data/unga_general_debate_verbatim_en/automatic_transcripts_unofficial/UNGA2025_day5_EN_ASR.json,"{""char_end"": 8181, ""char_start"": 6447, ""end"": 14400.04, ""extracted_block"": 1, ""json_pointer"": ""/transcript/data/19/paragraphs/0"", ""origin_file"": ""data/unga_general_debate_verbatim_en/automatic_transcripts_unofficial/UNGA2025_day5_EN_ASR.json"", ""origin_sha256"": ""6af8373eabbece61df49527d7664a10b9d6b9b3122210c691c28246f80a54da8"", ""paragraph"": 1, ""start"": 13586.83, ""statement_start"": 13586.83}",We are suffering from the dictatorship of the algorithm.,reviewed,False,dictatorship of the algorithm,dictatorship of the algorithm,en
E00268,verbatim_en_2025_CYP:1,2025_CYP,2025,CYP,Asia-Pacific States,data/analysis_ready_en/2025/2025_CYP.json,84f4deb577205a8f88bc8a2d740b1da482d75d1dbdd32b28a9b6cff4519cc4d8,data/unga_general_debate_verbatim_en/automatic_transcripts_unofficial/UNGA2025_day2_EN_ASR.json,"{""char_end"": 2281, ""char_start"": 0, ""end"": 17806.11, ""extracted_block"": 1, ""json_pointer"": ""/transcript/data/31/paragraphs/0"", ""origin_file"": ""data/unga_general_debate_verbatim_en/automatic_transcripts_unofficial/UNGA2025_day2_EN_ASR.json"", ""origin_sha256"": ""927288bea100aaf0c5a8e1048e8232dbbc03383fd1895cd4795d78e4afad6692"", ""paragraph"": 1, ""start"": 16681.88, ""statement_start"": 16681.88}",the uncontrolled expansion of technology and AI threatening our security,uncertain,False,uncontrolled expansion of ai,uncontrolled expansion of technology and AI,en
E00269,verbatim_en_2025_DJI:2,2025_DJI,2025,DJI,African States,data/analysis_ready_en/2025/2025_DJI.json,2537c4d39463140d45a3427d984a319b798edd42e4dac46b9b86188a4a755ee5,data/unga_general_debate_verbatim_en/automatic_transcripts_unofficial/UNGA2025_day6_EN_ASR.txt,"{""char_end"": 4407, ""char_start"": 2196, ""extracted_block"": 1, ""line_end"": 187, ""line_start"": 187, ""origin_file"": ""data/unga_general_debate_verbatim_en/automatic_transcripts_unofficial/UNGA2025_day6_EN_ASR.txt"", ""origin_sha256"": ""3c968a55df31a753048ea8efa399250e7f23d2b308cd095ca2294abb2c657269"", ""paragraph"": 1, ""speaker_line"": 185, ""statement_timestamp"": ""4:07:01"", ""transcript_block"": 28}","climate change, digital cooperation, in particular",uncertain,False,digital cooperation,digital cooperation,en
E00270,verbatim_en_2025_DMA:1,2025_DMA,2025,DMA,Latin American and Caribbean States,data/analysis_ready_en/2025/2025_DMA.json,28dc5c6e937ad63697de3ea56357334f55f5b63e4c116ea1f0102bba48943ef4,data/unga_general_debate_verbatim_en/automatic_transcripts_unofficial/UNGA2025_day3_EN_ASR.json,"{""char_end"": 1925, ""char_start"": 0, ""end"": 25019.43, ""extracted_block"": 1, ""json_pointer"": ""/transcript/data/47/paragraphs/0"", ""origin_file"": ""data/unga_general_debate_verbatim_en/automatic_transcripts_unofficial/UNGA2025_day3_EN_ASR.json"", ""origin_sha256"": ""829f77fca5d16e37ae2aa17a64e85b0d9afec84cf5fcddbd63b6170a9f3895e2"", ""paragraph"": 1, ""start"": 23957.81, ""statement_start"": 23957.81}",They are at the frontier of the artificial intelligence and other emerging technologies,uncertain,False,frontier of artificial intelligence,frontier of the artificial intelligence,en
E00271,verbatim_en_2025_ECU:4,2025_ECU,2025,ECU,Latin American and Caribbean States,data/analysis_ready_en/2025/2025_ECU.json,cfbea5f6367ef0ef979b708d305d808bd1057ce74d45aa43d721b5b34b7a87fb,data/unga_general_debate_verbatim_en/automatic_transcripts_unofficial/UNGA2025_day3_EN_ASR.json,"{""char_end"": 8825, ""char_start"": 6546, ""end"": 39599.91, ""extracted_block"": 1, ""json_pointer"": ""/transcript/data/76/paragraphs/0"", ""origin_file"": ""data/unga_general_debate_verbatim_en/automatic_transcripts_unofficial/UNGA2025_day3_EN_ASR.json"", ""origin_sha256"": ""829f77fca5d16e37ae2aa17a64e85b0d9afec84cf5fcddbd63b6170a9f3895e2"", ""paragraph"": 1, ""start"": 38733.83, ""statement_start"": 38733.83}",that would avoid new digital gaps,reviewed,False,digital gaps,new digital gaps,en
E00271,verbatim_en_2025_ECU:4,2025_ECU,2025,ECU,Latin American and Caribbean States,data/analysis_ready_en/2025/2025_ECU.json,cfbea5f6367ef0ef979b708d305d808bd1057ce74d45aa43d721b5b34b7a87fb,data/unga_general_debate_verbatim_en/automatic_transcripts_unofficial/UNGA2025_day3_EN_ASR.json,"{""char_end"": 8825, ""char_start"": 6546, ""end"": 39599.91, ""extracted_block"": 1, ""json_pointer"": ""/transcript/data/76/paragraphs/0"", ""origin_file"": ""data/unga_general_debate_verbatim_en/automatic_transcripts_unofficial/UNGA2025_day3_EN_ASR.json"", ""origin_sha256"": ""829f77fca5d16e37ae2aa17a64e85b0d9afec84cf5fcddbd63b6170a9f3895e2"", ""paragraph"": 1, ""start"": 38733.83, ""statement_start"": 38733.83}",move towards multilateral and ethical governance of these tools,uncertain,False,ethical governance,multilateral and ethical governance,en
E00273,verbatim_en_2025_ESP:5,2025_ESP,2025,ESP,Western European and other States,data/analysis_ready_en/2025/2025_ESP.json,2c50f5d2ec741fcd3ba285e74f8282fbeea7cbf79a28e1f08fbc6fa3a53a3f33,data/unga_general_debate_verbatim_en/automatic_transcripts_unofficial/UNGA2025_day2_EN_ASR.json,"{""char_end"": 10438, ""char_start"": 8277, ""end"": 2115.11, ""extracted_block"": 1, ""json_pointer"": ""/transcript/data/1/paragraphs/0"", ""origin_file"": ""data/unga_general_debate_verbatim_en/automatic_transcripts_unofficial/UNGA2025_day2_EN_ASR.json"", ""origin_sha256"": ""927288bea100aaf0c5a8e1048e8232dbbc03383fd1895cd4795d78e4afad6692"", ""paragraph"": 1, ""start"": 970.31, ""statement_start"": 970.31}",the transformative revolution known as artificial intelligence,uncertain,False,transformative revolution,transformative revolution,en
E00274,verbatim_en_2025_EST:5,2025_EST,2025,EST,Eastern European States,data/analysis_ready_en/2025/2025_EST.json,12790b65d0ab5136010579f9665c6d033083b17604d25b55248708149c25c75e,data/unga_general_debate_verbatim_en/automatic_transcripts_unofficial/UNGA2025_day2_EN_ASR.json,"{""char_end"": 10626, ""char_start"": 8512, ""end"": 12552.27, ""extracted_block"": 1, ""json_pointer"": ""/transcript/data/21/paragraphs/0"", ""origin_file"": ""data/unga_general_debate_verbatim_en/automatic_transcripts_unofficial/UNGA2025_day2_EN_ASR.json"", ""origin_sha256"": ""927288bea100aaf0c5a8e1048e8232dbbc03383fd1895cd4795d78e4afad6692"", ""paragraph"": 1, ""start"": 11574.55, ""statement_start"": 11574.55}",the artificial intelligence leap,reviewed,False,ai leap,artificial intelligence leap,en
E00275,verbatim_en_2025_EST:6,2025_EST,2025,EST,Eastern European States,data/analysis_ready_en/2025/2025_EST.json,12790b65d0ab5136010579f9665c6d033083b17604d25b55248708149c25c75e,data/unga_general_debate_verbatim_en/automatic_transcripts_unofficial/UNGA2025_day2_EN_ASR.json,"{""char_end"": 12165, ""char_start"": 10627, ""end"": 12552.27, ""extracted_block"": 1, ""json_pointer"": ""/transcript/data/21/paragraphs/0"", ""origin_file"": ""data/unga_general_debate_verbatim_en/automatic_transcripts_unofficial/UNGA2025_day2_EN_ASR.json"", ""origin_sha256"": ""927288bea100aaf0c5a8e1048e8232dbbc03383fd1895cd4795d78e4afad6692"", ""paragraph"": 1, ""start"": 11574.55, ""statement_start"": 11574.55}",Equipping citizens with the skills to use AI wisely and responsibly is essential.,uncertain,False,ai skills,skills to use AI wisely and responsibly,en
E00277,verbatim_en_2025_FSM:5,2025_FSM,2025,FSM,Asia-Pacific States,data/analysis_ready_en/2025/2025_FSM.json,eeeae3abe67165d47574117d6bb74e46318bb6844e4dbfad8399bcdf03077923,data/unga_general_debate_verbatim_en/automatic_transcripts_unofficial/UNGA2025_day3_EN_ASR.json,"{""char_end"": 8522, ""char_start"": 6412, ""end"": 26093.87, ""extracted_block"": 2, ""json_pointer"": ""/transcript/data/49/paragraphs/1"", ""origin_file"": ""data/unga_general_debate_verbatim_en/automatic_transcripts_unofficial/UNGA2025_day3_EN_ASR.json"", ""origin_sha256"": ""829f77fca5d16e37ae2aa17a64e85b0d9afec84cf5fcddbd63b6170a9f3895e2"", ""paragraph"": 2, ""start"": 25200.51, ""statement_start"": 25068.15}","offers a model for future discussions including those on peace, security, and the responsible military use of AI.",reviewed,False,responsible military use of ai,responsible military use of AI,en
E00277,verbatim_en_2025_FSM:5,2025_FSM,2025,FSM,Asia-Pacific States,data/analysis_ready_en/2025/2025_FSM.json,eeeae3abe67165d47574117d6bb74e46318bb6844e4dbfad8399bcdf03077923,data/unga_general_debate_verbatim_en/automatic_transcripts_unofficial/UNGA2025_day3_EN_ASR.json,"{""char_end"": 8522, ""char_start"": 6412, ""end"": 26093.87, ""extracted_block"": 2, ""json_pointer"": ""/transcript/data/49/paragraphs/1"", ""origin_file"": ""data/unga_general_debate_verbatim_en/automatic_transcripts_unofficial/UNGA2025_day3_EN_ASR.json"", ""origin_sha256"": ""829f77fca5d16e37ae2aa17a64e85b0d9afec84cf5fcddbd63b6170a9f3895e2"", ""paragraph"": 2, ""start"": 25200.51, ""statement_start"": 25068.15}","global cooperation is essential to ensure that AI systems remain safe, secure, and trustworthy.",reviewed,False,"safe, secure and trustworthy ai","safe, secure, and trustworthy",en
E00277,verbatim_en_2025_FSM:5,2025_FSM,2025,FSM,Asia-Pacific States,data/analysis_ready_en/2025/2025_FSM.json,eeeae3abe67165d47574117d6bb74e46318bb6844e4dbfad8399bcdf03077923,data/unga_general_debate_verbatim_en/automatic_transcripts_unofficial/UNGA2025_day3_EN_ASR.json,"{""char_end"": 8522, ""char_start"": 6412, ""end"": 26093.87, ""extracted_block"": 2, ""json_pointer"": ""/transcript/data/49/paragraphs/1"", ""origin_file"": ""data/unga_general_debate_verbatim_en/automatic_transcripts_unofficial/UNGA2025_day3_EN_ASR.json"", ""origin_sha256"": ""829f77fca5d16e37ae2aa17a64e85b0d9afec84cf5fcddbd63b6170a9f3895e2"", ""paragraph"": 2, ""start"": 25200.51, ""statement_start"": 25068.15}","Micronesia co-sponsored the first-ever UN resolution on AI, alongside 120 member states.",uncertain,False,un resolution on ai,UN resolution on AI,en
E00278,verbatim_en_2025_GBR:4,2025_GBR,2025,GBR,Western European and other States,data/analysis_ready_en/2025/2025_GBR.json,4003b069c5317bb7b9c91f950b68f1bf5d8e61458b6d39eacfb88e9a06c0962d,data/unga_general_debate_verbatim_en/automatic_transcripts_unofficial/UNGA2025_day3_EN_ASR.json,"{""char_end"": 6053, ""char_start"": 4110, ""end"": 35930.35, ""extracted_block"": 2, ""json_pointer"": ""/transcript/data/68/paragraphs/1"", ""origin_file"": ""data/unga_general_debate_verbatim_en/automatic_transcripts_unofficial/UNGA2025_day3_EN_ASR.json"", ""origin_sha256"": ""829f77fca5d16e37ae2aa17a64e85b0d9afec84cf5fcddbd63b6170a9f3895e2"", ""paragraph"": 2, ""start"": 34966.43, ""statement_start"": 34928.55}","At Imperial College, a new AI stethoscope detects major heart conditions in seconds.",uncertain,False,ai stethoscope,AI stethoscope,en
E00278,verbatim_en_2025_GBR:4,2025_GBR,2025,GBR,Western European and other States,data/analysis_ready_en/2025/2025_GBR.json,4003b069c5317bb7b9c91f950b68f1bf5d8e61458b6d39eacfb88e9a06c0962d,data/unga_general_debate_verbatim_en/automatic_transcripts_unofficial/UNGA2025_day3_EN_ASR.json,"{""char_end"": 6053, ""char_start"": 4110, ""end"": 35930.35, ""extracted_block"": 2, ""json_pointer"": ""/transcript/data/68/paragraphs/1"", ""origin_file"": ""data/unga_general_debate_verbatim_en/automatic_transcripts_unofficial/UNGA2025_day3_EN_ASR.json"", ""origin_sha256"": ""829f77fca5d16e37ae2aa17a64e85b0d9afec84cf5fcddbd63b6170a9f3895e2"", ""paragraph"": 2, ""start"": 34966.43, ""statement_start"": 34928.55}",and now the dawn of super powerful AI.,reviewed,False,super powerful ai,super powerful AI,en
E00278,verbatim_en_2025_GBR:4,2025_GBR,2025,GBR,Western European and other States,data/analysis_ready_en/2025/2025_GBR.json,4003b069c5317bb7b9c91f950b68f1bf5d8e61458b6d39eacfb88e9a06c0962d,data/unga_general_debate_verbatim_en/automatic_transcripts_unofficial/UNGA2025_day3_EN_ASR.json,"{""char_end"": 6053, ""char_start"": 4110, ""end"": 35930.35, ""extracted_block"": 2, ""json_pointer"": ""/transcript/data/68/paragraphs/1"", ""origin_file"": ""data/unga_general_debate_verbatim_en/automatic_transcripts_unofficial/UNGA2025_day3_EN_ASR.json"", ""origin_sha256"": ""829f77fca5d16e37ae2aa17a64e85b0d9afec84cf5fcddbd63b6170a9f3895e2"", ""paragraph"": 2, ""start"": 34966.43, ""statement_start"": 34928.55}","This is a lightning strike of change, a technological revolution which our leading scientists think could only be compared to the industrial revolution, compressed into a decade.",uncertain,False,technological revolution,technological revolution,en
E00279,verbatim_en_2025_GBR:5,2025_GBR,2025,GBR,Western European and other States,data/analysis_ready_en/2025/2025_GBR.json,4003b069c5317bb7b9c91f950b68f1bf5d8e61458b6d39eacfb88e9a06c0962d,data/unga_general_debate_verbatim_en/automatic_transcripts_unofficial/UNGA2025_day3_EN_ASR.json,"{""char_end"": 8151, ""char_start"": 6054, ""end"": 35930.35, ""extracted_block"": 2, ""json_pointer"": ""/transcript/data/68/paragraphs/1"", ""origin_file"": ""data/unga_general_debate_verbatim_en/automatic_transcripts_unofficial/UNGA2025_day3_EN_ASR.json"", ""origin_sha256"": ""829f77fca5d16e37ae2aa17a64e85b0d9afec84cf5fcddbd63b6170a9f3895e2"", ""paragraph"": 2, ""start"": 34966.43, ""statement_start"": 34928.55}",Organised crime is using AI to supercharge their scams,uncertain,False,ai scams,supercharge their scams,en
E00279,verbatim_en_2025_GBR:5,2025_GBR,2025,GBR,Western European and other States,data/analysis_ready_en/2025/2025_GBR.json,4003b069c5317bb7b9c91f950b68f1bf5d8e61458b6d39eacfb88e9a06c0962d,data/unga_general_debate_verbatim_en/automatic_transcripts_unofficial/UNGA2025_day3_EN_ASR.json,"{""char_end"": 8151, ""char_start"": 6054, ""end"": 35930.35, ""extracted_block"": 2, ""json_pointer"": ""/transcript/data/68/paragraphs/1"", ""origin_file"": ""data/unga_general_debate_verbatim_en/automatic_transcripts_unofficial/UNGA2025_day3_EN_ASR.json"", ""origin_sha256"": ""829f77fca5d16e37ae2aa17a64e85b0d9afec84cf5fcddbd63b6170a9f3895e2"", ""paragraph"": 2, ""start"": 34966.43, ""statement_start"": 34928.55}",so that chatbots answer in the voice of their propaganda,uncertain,False,chatbots,chatbots,en
E00279,verbatim_en_2025_GBR:5,2025_GBR,2025,GBR,Western European and other States,data/analysis_ready_en/2025/2025_GBR.json,4003b069c5317bb7b9c91f950b68f1bf5d8e61458b6d39eacfb88e9a06c0962d,data/unga_general_debate_verbatim_en/automatic_transcripts_unofficial/UNGA2025_day3_EN_ASR.json,"{""char_end"": 8151, ""char_start"": 6054, ""end"": 35930.35, ""extracted_block"": 2, ""json_pointer"": ""/transcript/data/68/paragraphs/1"", ""origin_file"": ""data/unga_general_debate_verbatim_en/automatic_transcripts_unofficial/UNGA2025_day3_EN_ASR.json"", ""origin_sha256"": ""829f77fca5d16e37ae2aa17a64e85b0d9afec84cf5fcddbd63b6170a9f3895e2"", ""paragraph"": 2, ""start"": 34966.43, ""statement_start"": 34928.55}","manipulating large-scale, large model language models so that chatbots answer in the voice of their propaganda",reviewed,False,large language models,large model language models,en
E00279,verbatim_en_2025_GBR:5,2025_GBR,2025,GBR,Western European and other States,data/analysis_ready_en/2025/2025_GBR.json,4003b069c5317bb7b9c91f950b68f1bf5d8e61458b6d39eacfb88e9a06c0962d,data/unga_general_debate_verbatim_en/automatic_transcripts_unofficial/UNGA2025_day3_EN_ASR.json,"{""char_end"": 8151, ""char_start"": 6054, ""end"": 35930.35, ""extracted_block"": 2, ""json_pointer"": ""/transcript/data/68/paragraphs/1"", ""origin_file"": ""data/unga_general_debate_verbatim_en/automatic_transcripts_unofficial/UNGA2025_day3_EN_ASR.json"", ""origin_sha256"": ""829f77fca5d16e37ae2aa17a64e85b0d9afec84cf5fcddbd63b6170a9f3895e2"", ""paragraph"": 2, ""start"": 34966.43, ""statement_start"": 34928.55}",chatbots answer in the voice of their propaganda across the world.,uncertain,False,propaganda,propaganda,en
E00280,verbatim_en_2025_GBR:6,2025_GBR,2025,GBR,Western European and other States,data/analysis_ready_en/2025/2025_GBR.json,4003b069c5317bb7b9c91f950b68f1bf5d8e61458b6d39eacfb88e9a06c0962d,data/unga_general_debate_verbatim_en/automatic_transcripts_unofficial/UNGA2025_day3_EN_ASR.json,"{""char_end"": 10171, ""char_start"": 8152, ""end"": 35930.35, ""extracted_block"": 2, ""json_pointer"": ""/transcript/data/68/paragraphs/1"", ""origin_file"": ""data/unga_general_debate_verbatim_en/automatic_transcripts_unofficial/UNGA2025_day3_EN_ASR.json"", ""origin_sha256"": ""829f77fca5d16e37ae2aa17a64e85b0d9afec84cf5fcddbd63b6170a9f3895e2"", ""paragraph"": 2, ""start"": 34966.43, ""statement_start"": 34928.55}",creating AI ecosystems that empower thousands of communities,uncertain,False,ai ecosystems,AI ecosystems,en
E00280,verbatim_en_2025_GBR:6,2025_GBR,2025,GBR,Western European and other States,data/analysis_ready_en/2025/2025_GBR.json,4003b069c5317bb7b9c91f950b68f1bf5d8e61458b6d39eacfb88e9a06c0962d,data/unga_general_debate_verbatim_en/automatic_transcripts_unofficial/UNGA2025_day3_EN_ASR.json,"{""char_end"": 10171, ""char_start"": 8152, ""end"": 35930.35, ""extracted_block"": 2, ""json_pointer"": ""/transcript/data/68/paragraphs/1"", ""origin_file"": ""data/unga_general_debate_verbatim_en/automatic_transcripts_unofficial/UNGA2025_day3_EN_ASR.json"", ""origin_sha256"": ""829f77fca5d16e37ae2aa17a64e85b0d9afec84cf5fcddbd63b6170a9f3895e2"", ""paragraph"": 2, ""start"": 34966.43, ""statement_start"": 34928.55}",we champion AI for development,reviewed,False,ai for development,AI for development,en
E00280,verbatim_en_2025_GBR:6,2025_GBR,2025,GBR,Western European and other States,data/analysis_ready_en/2025/2025_GBR.json,4003b069c5317bb7b9c91f950b68f1bf5d8e61458b6d39eacfb88e9a06c0962d,data/unga_general_debate_verbatim_en/automatic_transcripts_unofficial/UNGA2025_day3_EN_ASR.json,"{""char_end"": 10171, ""char_start"": 8152, ""end"": 35930.35, ""extracted_block"": 2, ""json_pointer"": ""/transcript/data/68/paragraphs/1"", ""origin_file"": ""data/unga_general_debate_verbatim_en/automatic_transcripts_unofficial/UNGA2025_day3_EN_ASR.json"", ""origin_sha256"": ""829f77fca5d16e37ae2aa17a64e85b0d9afec84cf5fcddbd63b6170a9f3895e2"", ""paragraph"": 2, ""start"": 34966.43, ""statement_start"": 34928.55}",we invest so heavily in the AI Security Institute,reviewed,False,ai security institute,AI Security Institute,en
E00280,verbatim_en_2025_GBR:6,2025_GBR,2025,GBR,Western European and other States,data/analysis_ready_en/2025/2025_GBR.json,4003b069c5317bb7b9c91f950b68f1bf5d8e61458b6d39eacfb88e9a06c0962d,data/unga_general_debate_verbatim_en/automatic_transcripts_unofficial/UNGA2025_day3_EN_ASR.json,"{""char_end"": 10171, ""char_start"": 8152, ""end"": 35930.35, ""extracted_block"": 2, ""json_pointer"": ""/transcript/data/68/paragraphs/1"", ""origin_file"": ""data/unga_general_debate_verbatim_en/automatic_transcripts_unofficial/UNGA2025_day3_EN_ASR.json"", ""origin_sha256"": ""829f77fca5d16e37ae2aa17a64e85b0d9afec84cf5fcddbd63b6170a9f3895e2"", ""paragraph"": 2, ""start"": 34966.43, ""statement_start"": 34928.55}",And I welcome the new global dialogue on AI governance.,uncertain,False,global dialogue on ai governance,global dialogue on AI governance,en
E00280,verbatim_en_2025_GBR:6,2025_GBR,2025,GBR,Western European and other States,data/analysis_ready_en/2025/2025_GBR.json,4003b069c5317bb7b9c91f950b68f1bf5d8e61458b6d39eacfb88e9a06c0962d,data/unga_general_debate_verbatim_en/automatic_transcripts_unofficial/UNGA2025_day3_EN_ASR.json,"{""char_end"": 10171, ""char_start"": 8152, ""end"": 35930.35, ""extracted_block"": 2, ""json_pointer"": ""/transcript/data/68/paragraphs/1"", ""origin_file"": ""data/unga_general_debate_verbatim_en/automatic_transcripts_unofficial/UNGA2025_day3_EN_ASR.json"", ""origin_sha256"": ""829f77fca5d16e37ae2aa17a64e85b0d9afec84cf5fcddbd63b6170a9f3895e2"", ""paragraph"": 2, ""start"": 34966.43, ""statement_start"": 34928.55}",I salute the Secretary-General for championing the Global Digital Compact,reviewed,False,global digital compact,Global Digital Compact,en
E00280,verbatim_en_2025_GBR:6,2025_GBR,2025,GBR,Western European and other States,data/analysis_ready_en/2025/2025_GBR.json,4003b069c5317bb7b9c91f950b68f1bf5d8e61458b6d39eacfb88e9a06c0962d,data/unga_general_debate_verbatim_en/automatic_transcripts_unofficial/UNGA2025_day3_EN_ASR.json,"{""char_end"": 10171, ""char_start"": 8152, ""end"": 35930.35, ""extracted_block"": 2, ""json_pointer"": ""/transcript/data/68/paragraphs/1"", ""origin_file"": ""data/unga_general_debate_verbatim_en/automatic_transcripts_unofficial/UNGA2025_day3_EN_ASR.json"", ""origin_sha256"": ""829f77fca5d16e37ae2aa17a64e85b0d9afec84cf5fcddbd63b6170a9f3895e2"", ""paragraph"": 2, ""start"": 34966.43, ""statement_start"": 34928.55}",I commend the new independent international scientific panel on AI,uncertain,False,independent international scientific panel on ai,independent international scientific panel on AI,en
E00282,verbatim_en_2025_GHA:6,2025_GHA,2025,GHA,African States,data/analysis_ready_en/2025/2025_GHA.json,953785f6dbeadda64c4d3200f6a5c2a87dd801b69ef92845d7a454de5efa6d48,data/unga_general_debate_verbatim_en/automatic_transcripts_unofficial/UNGA2025_day3_EN_ASR.json,"{""char_end"": 5748, ""char_start"": 3818, ""end"": 11704.51, ""extracted_block"": 2, ""json_pointer"": ""/transcript/data/20/paragraphs/1"", ""origin_file"": ""data/unga_general_debate_verbatim_en/automatic_transcripts_unofficial/UNGA2025_day3_EN_ASR.json"", ""origin_sha256"": ""829f77fca5d16e37ae2aa17a64e85b0d9afec84cf5fcddbd63b6170a9f3895e2"", ""paragraph"": 2, ""start"": 10800.67, ""statement_start"": 10448.39}",offer us the illusion of connectivity,uncertain,False,illusion of connectivity,illusion of connectivity,en
E00282,verbatim_en_2025_GHA:6,2025_GHA,2025,GHA,African States,data/analysis_ready_en/2025/2025_GHA.json,953785f6dbeadda64c4d3200f6a5c2a87dd801b69ef92845d7a454de5efa6d48,data/unga_general_debate_verbatim_en/automatic_transcripts_unofficial/UNGA2025_day3_EN_ASR.json,"{""char_end"": 5748, ""char_start"": 3818, ""end"": 11704.51, ""extracted_block"": 2, ""json_pointer"": ""/transcript/data/20/paragraphs/1"", ""origin_file"": ""data/unga_general_debate_verbatim_en/automatic_transcripts_unofficial/UNGA2025_day3_EN_ASR.json"", ""origin_sha256"": ""829f77fca5d16e37ae2aa17a64e85b0d9afec84cf5fcddbd63b6170a9f3895e2"", ""paragraph"": 2, ""start"": 10800.67, ""statement_start"": 10448.39}",We are served alternative facts and manipulated images,reviewed,False,manipulated images,manipulated images,en
E00284,verbatim_en_2025_GRC:9,2025_GRC,2025,GRC,Western European and other States,data/analysis_ready_en/2025/2025_GRC.json,3d8a023e9c70d9bb02e2242cbee6cbc812541242bac802d84e3f03e6ac56e6cb,data/unga_general_debate_verbatim_en/automatic_transcripts_unofficial/UNGA2025_day4_EN_ASR.json,"{""char_end"": 10730, ""char_start"": 8531, ""end"": 15347.71, ""extracted_block"": 2, ""json_pointer"": ""/transcript/data/19/paragraphs/1"", ""origin_file"": ""data/unga_general_debate_verbatim_en/automatic_transcripts_unofficial/UNGA2025_day4_EN_ASR.json"", ""origin_sha256"": ""c8692911ed43efa9b2a58a9bdc9039d775619b12c0dd3077dd97f9cf543a8821"", ""paragraph"": 2, ""start"": 14400.11, ""statement_start"": 13910.19}",custom designated AI teaching assistants,reviewed,False,ai teaching assistants,AI teaching assistants,en
E00284,verbatim_en_2025_GRC:9,2025_GRC,2025,GRC,Western European and other States,data/analysis_ready_en/2025/2025_GRC.json,3d8a023e9c70d9bb02e2242cbee6cbc812541242bac802d84e3f03e6ac56e6cb,data/unga_general_debate_verbatim_en/automatic_transcripts_unofficial/UNGA2025_day4_EN_ASR.json,"{""char_end"": 10730, ""char_start"": 8531, ""end"": 15347.71, ""extracted_block"": 2, ""json_pointer"": ""/transcript/data/19/paragraphs/1"", ""origin_file"": ""data/unga_general_debate_verbatim_en/automatic_transcripts_unofficial/UNGA2025_day4_EN_ASR.json"", ""origin_sha256"": ""c8692911ed43efa9b2a58a9bdc9039d775619b12c0dd3077dd97f9cf543a8821"", ""paragraph"": 2, ""start"": 14400.11, ""statement_start"": 13910.19}",It can severely impact our children's mental health,uncertain,False,children's mental health,children's mental health,en
E00284,verbatim_en_2025_GRC:9,2025_GRC,2025,GRC,Western European and other States,data/analysis_ready_en/2025/2025_GRC.json,3d8a023e9c70d9bb02e2242cbee6cbc812541242bac802d84e3f03e6ac56e6cb,data/unga_general_debate_verbatim_en/automatic_transcripts_unofficial/UNGA2025_day4_EN_ASR.json,"{""char_end"": 10730, ""char_start"": 8531, ""end"": 15347.71, ""extracted_block"": 2, ""json_pointer"": ""/transcript/data/19/paragraphs/1"", ""origin_file"": ""data/unga_general_debate_verbatim_en/automatic_transcripts_unofficial/UNGA2025_day4_EN_ASR.json"", ""origin_sha256"": ""c8692911ed43efa9b2a58a9bdc9039d775619b12c0dd3077dd97f9cf543a8821"", ""paragraph"": 2, ""start"": 14400.11, ""statement_start"": 13910.19}",the global dialogue on artificial intelligence governance,reviewed,False,global dialogue on ai governance,global dialogue on artificial intelligence governance,en
E00284,verbatim_en_2025_GRC:9,2025_GRC,2025,GRC,Western European and other States,data/analysis_ready_en/2025/2025_GRC.json,3d8a023e9c70d9bb02e2242cbee6cbc812541242bac802d84e3f03e6ac56e6cb,data/unga_general_debate_verbatim_en/automatic_transcripts_unofficial/UNGA2025_day4_EN_ASR.json,"{""char_end"": 10730, ""char_start"": 8531, ""end"": 15347.71, ""extracted_block"": 2, ""json_pointer"": ""/transcript/data/19/paragraphs/1"", ""origin_file"": ""data/unga_general_debate_verbatim_en/automatic_transcripts_unofficial/UNGA2025_day4_EN_ASR.json"", ""origin_sha256"": ""c8692911ed43efa9b2a58a9bdc9039d775619b12c0dd3077dd97f9cf543a8821"", ""paragraph"": 2, ""start"": 14400.11, ""statement_start"": 13910.19}",the independent international scientific panel on AI,reviewed,False,independent international scientific panel on ai,independent international scientific panel on AI,en
E00285,verbatim_en_2025_GRC:10,2025_GRC,2025,GRC,Western European and other States,data/analysis_ready_en/2025/2025_GRC.json,3d8a023e9c70d9bb02e2242cbee6cbc812541242bac802d84e3f03e6ac56e6cb,data/unga_general_debate_verbatim_en/automatic_transcripts_unofficial/UNGA2025_day4_EN_ASR.json,"{""char_end"": 12759, ""char_start"": 10731, ""end"": 15347.71, ""extracted_block"": 2, ""json_pointer"": ""/transcript/data/19/paragraphs/1"", ""origin_file"": ""data/unga_general_debate_verbatim_en/automatic_transcripts_unofficial/UNGA2025_day4_EN_ASR.json"", ""origin_sha256"": ""c8692911ed43efa9b2a58a9bdc9039d775619b12c0dd3077dd97f9cf543a8821"", ""paragraph"": 2, ""start"": 14400.11, ""statement_start"": 13910.19}",capturing our kids' attention through addictive algorithm,uncertain,False,addictive algorithms,addictive algorithm,en
E00285,verbatim_en_2025_GRC:10,2025_GRC,2025,GRC,Western European and other States,data/analysis_ready_en/2025/2025_GRC.json,3d8a023e9c70d9bb02e2242cbee6cbc812541242bac802d84e3f03e6ac56e6cb,data/unga_general_debate_verbatim_en/automatic_transcripts_unofficial/UNGA2025_day4_EN_ASR.json,"{""char_end"": 12759, ""char_start"": 10731, ""end"": 15347.71, ""extracted_block"": 2, ""json_pointer"": ""/transcript/data/19/paragraphs/1"", ""origin_file"": ""data/unga_general_debate_verbatim_en/automatic_transcripts_unofficial/UNGA2025_day4_EN_ASR.json"", ""origin_sha256"": ""c8692911ed43efa9b2a58a9bdc9039d775619b12c0dd3077dd97f9cf543a8821"", ""paragraph"": 2, ""start"": 14400.11, ""statement_start"": 13910.19}",We don't want our kids to share their intimate thoughts and feelings with an AI chatbot.,reviewed,False,ai chatbot,AI chatbot,en
E00285,verbatim_en_2025_GRC:10,2025_GRC,2025,GRC,Western European and other States,data/analysis_ready_en/2025/2025_GRC.json,3d8a023e9c70d9bb02e2242cbee6cbc812541242bac802d84e3f03e6ac56e6cb,data/unga_general_debate_verbatim_en/automatic_transcripts_unofficial/UNGA2025_day4_EN_ASR.json,"{""char_end"": 12759, ""char_start"": 10731, ""end"": 15347.71, ""extracted_block"": 2, ""json_pointer"": ""/transcript/data/19/paragraphs/1"", ""origin_file"": ""data/unga_general_debate_verbatim_en/automatic_transcripts_unofficial/UNGA2025_day4_EN_ASR.json"", ""origin_sha256"": ""c8692911ed43efa9b2a58a9bdc9039d775619b12c0dd3077dd97f9cf543a8821"", ""paragraph"": 2, ""start"": 14400.11, ""statement_start"": 13910.19}",our proposal for a pan-European digital age of majority to access digital platforms,uncertain,False,digital age of majority,digital age of majority,en
E00286,verbatim_en_2025_GRD:1,2025_GRD,2025,GRD,Latin American and Caribbean States,data/analysis_ready_en/2025/2025_GRD.json,ed7d79ca991361c2e3fc4dd95d964a2c4c709640bab398ebfe976ca75294abe1,data/unga_general_debate_verbatim_en/automatic_transcripts_unofficial/UNGA2025_day5_EN_ASR.json,"{""char_end"": 2126, ""char_start"": 0, ""end"": 3542.11, ""extracted_block"": 1, ""json_pointer"": ""/transcript/data/3/paragraphs/0"", ""origin_file"": ""data/unga_general_debate_verbatim_en/automatic_transcripts_unofficial/UNGA2025_day5_EN_ASR.json"", ""origin_sha256"": ""6af8373eabbece61df49527d7664a10b9d6b9b3122210c691c28246f80a54da8"", ""paragraph"": 1, ""start"": 2069.35, ""statement_start"": 2069.35}","In another, children are using artificial intelligence in their lessons.",uncertain,False,artificial intelligence,artificial intelligence,en
E00287,verbatim_en_2025_GRD:3,2025_GRD,2025,GRD,Latin American and Caribbean States,data/analysis_ready_en/2025/2025_GRD.json,ed7d79ca991361c2e3fc4dd95d964a2c4c709640bab398ebfe976ca75294abe1,data/unga_general_debate_verbatim_en/automatic_transcripts_unofficial/UNGA2025_day5_EN_ASR.json,"{""char_end"": 6390, ""char_start"": 4179, ""end"": 3542.11, ""extracted_block"": 1, ""json_pointer"": ""/transcript/data/3/paragraphs/0"", ""origin_file"": ""data/unga_general_debate_verbatim_en/automatic_transcripts_unofficial/UNGA2025_day5_EN_ASR.json"", ""origin_sha256"": ""6af8373eabbece61df49527d7664a10b9d6b9b3122210c691c28246f80a54da8"", ""paragraph"": 1, ""start"": 2069.35, ""statement_start"": 2069.35}","we are considering the teaching, understanding, and use of AI and AI related skills to enhance education access, delivery, and outcome.",uncertain,False,ai related skills,AI related skills,en
E00287,verbatim_en_2025_GRD:3,2025_GRD,2025,GRD,Latin American and Caribbean States,data/analysis_ready_en/2025/2025_GRD.json,ed7d79ca991361c2e3fc4dd95d964a2c4c709640bab398ebfe976ca75294abe1,data/unga_general_debate_verbatim_en/automatic_transcripts_unofficial/UNGA2025_day5_EN_ASR.json,"{""char_end"": 6390, ""char_start"": 4179, ""end"": 3542.11, ""extracted_block"": 1, ""json_pointer"": ""/transcript/data/3/paragraphs/0"", ""origin_file"": ""data/unga_general_debate_verbatim_en/automatic_transcripts_unofficial/UNGA2025_day5_EN_ASR.json"", ""origin_sha256"": ""6af8373eabbece61df49527d7664a10b9d6b9b3122210c691c28246f80a54da8"", ""paragraph"": 1, ""start"": 2069.35, ""statement_start"": 2069.35}","the teaching, understanding, and use of AI and AI related skills",uncertain,False,ai skills,AI related skills,en
E00288,verbatim_en_2025_GUY:6,2025_GUY,2025,GUY,Latin American and Caribbean States,data/analysis_ready_en/2025/2025_GUY.json,a440024a2e6efc1febbab0bde980de1f21e688213064e26a98e940b2c8313d83,data/unga_general_debate_verbatim_en/automatic_transcripts_unofficial/UNGA2025_day2_EN_ASR.json,"{""char_end"": 2220, ""char_start"": 0, ""end"": 29086.35, ""extracted_block"": 2, ""json_pointer"": ""/transcript/data/48/paragraphs/1"", ""origin_file"": ""data/unga_general_debate_verbatim_en/automatic_transcripts_unofficial/UNGA2025_day2_EN_ASR.json"", ""origin_sha256"": ""927288bea100aaf0c5a8e1048e8232dbbc03383fd1895cd4795d78e4afad6692"", ""paragraph"": 2, ""start"": 28800.11, ""statement_start"": 27738.35}",to establish an AI hyperscale data center.,uncertain,False,ai data centre,AI hyperscale data center,en
E00288,verbatim_en_2025_GUY:6,2025_GUY,2025,GUY,Latin American and Caribbean States,data/analysis_ready_en/2025/2025_GUY.json,a440024a2e6efc1febbab0bde980de1f21e688213064e26a98e940b2c8313d83,data/unga_general_debate_verbatim_en/automatic_transcripts_unofficial/UNGA2025_day2_EN_ASR.json,"{""char_end"": 2220, ""char_start"": 0, ""end"": 29086.35, ""extracted_block"": 2, ""json_pointer"": ""/transcript/data/48/paragraphs/1"", ""origin_file"": ""data/unga_general_debate_verbatim_en/automatic_transcripts_unofficial/UNGA2025_day2_EN_ASR.json"", ""origin_sha256"": ""927288bea100aaf0c5a8e1048e8232dbbc03383fd1895cd4795d78e4afad6692"", ""paragraph"": 2, ""start"": 28800.11, ""statement_start"": 27738.35}",to establish an AI hyperscale data center.,uncertain,False,ai hyperscale data center,AI hyperscale data center,en
E00288,verbatim_en_2025_GUY:6,2025_GUY,2025,GUY,Latin American and Caribbean States,data/analysis_ready_en/2025/2025_GUY.json,a440024a2e6efc1febbab0bde980de1f21e688213064e26a98e940b2c8313d83,data/unga_general_debate_verbatim_en/automatic_transcripts_unofficial/UNGA2025_day2_EN_ASR.json,"{""char_end"": 2220, ""char_start"": 0, ""end"": 29086.35, ""extracted_block"": 2, ""json_pointer"": ""/transcript/data/48/paragraphs/1"", ""origin_file"": ""data/unga_general_debate_verbatim_en/automatic_transcripts_unofficial/UNGA2025_day2_EN_ASR.json"", ""origin_sha256"": ""927288bea100aaf0c5a8e1048e8232dbbc03383fd1895cd4795d78e4afad6692"", ""paragraph"": 2, ""start"": 28800.11, ""statement_start"": 27738.35}","regulations, ethical standards, and governance mechanisms are urgently needed.",uncertain,False,ethical standards,ethical standards,en
E00288,verbatim_en_2025_GUY:6,2025_GUY,2025,GUY,Latin American and Caribbean States,data/analysis_ready_en/2025/2025_GUY.json,a440024a2e6efc1febbab0bde980de1f21e688213064e26a98e940b2c8313d83,data/unga_general_debate_verbatim_en/automatic_transcripts_unofficial/UNGA2025_day2_EN_ASR.json,"{""char_end"": 2220, ""char_start"": 0, ""end"": 29086.35, ""extracted_block"": 2, ""json_pointer"": ""/transcript/data/48/paragraphs/1"", ""origin_file"": ""data/unga_general_debate_verbatim_en/automatic_transcripts_unofficial/UNGA2025_day2_EN_ASR.json"", ""origin_sha256"": ""927288bea100aaf0c5a8e1048e8232dbbc03383fd1895cd4795d78e4afad6692"", ""paragraph"": 2, ""start"": 28800.11, ""statement_start"": 27738.35}",we welcome the recent UN General Assembly decision to establish two global AI governance mechanism.,uncertain,False,global ai governance mechanism,global AI governance mechanism,en
E00288,verbatim_en_2025_GUY:6,2025_GUY,2025,GUY,Latin American and Caribbean States,data/analysis_ready_en/2025/2025_GUY.json,a440024a2e6efc1febbab0bde980de1f21e688213064e26a98e940b2c8313d83,data/unga_general_debate_verbatim_en/automatic_transcripts_unofficial/UNGA2025_day2_EN_ASR.json,"{""char_end"": 2220, ""char_start"": 0, ""end"": 29086.35, ""extracted_block"": 2, ""json_pointer"": ""/transcript/data/48/paragraphs/1"", ""origin_file"": ""data/unga_general_debate_verbatim_en/automatic_transcripts_unofficial/UNGA2025_day2_EN_ASR.json"", ""origin_sha256"": ""927288bea100aaf0c5a8e1048e8232dbbc03383fd1895cd4795d78e4afad6692"", ""paragraph"": 2, ""start"": 28800.11, ""statement_start"": 27738.35}",two global AI governance mechanism.,uncertain,False,governance mechanisms,global AI governance mechanism,en
E00289,verbatim_en_2025_HRV:5,2025_HRV,2025,HRV,Eastern European States,data/analysis_ready_en/2025/2025_HRV.json,f4f41e728c6ab1b6856fc6a0ee05d4b9768bc672aa0979d969c2df84a4f51903,data/unga_general_debate_verbatim_en/automatic_transcripts_unofficial/UNGA2025_day2_EN_ASR.json,"{""char_end"": 11391, ""char_start"": 9036, ""end"": 16640.55, ""extracted_block"": 1, ""json_pointer"": ""/transcript/data/29/paragraphs/0"", ""origin_file"": ""data/unga_general_debate_verbatim_en/automatic_transcripts_unofficial/UNGA2025_day2_EN_ASR.json"", ""origin_sha256"": ""927288bea100aaf0c5a8e1048e8232dbbc03383fd1895cd4795d78e4afad6692"", ""paragraph"": 1, ""start"": 15684.07, ""statement_start"": 15684.07}",Emerging technologies are not tomorrow's challenge. They are today's reality.,uncertain,False,emerging technologies,Emerging technologies,en
E00289,verbatim_en_2025_HRV:5,2025_HRV,2025,HRV,Eastern European States,data/analysis_ready_en/2025/2025_HRV.json,f4f41e728c6ab1b6856fc6a0ee05d4b9768bc672aa0979d969c2df84a4f51903,data/unga_general_debate_verbatim_en/automatic_transcripts_unofficial/UNGA2025_day2_EN_ASR.json,"{""char_end"": 11391, ""char_start"": 9036, ""end"": 16640.55, ""extracted_block"": 1, ""json_pointer"": ""/transcript/data/29/paragraphs/0"", ""origin_file"": ""data/unga_general_debate_verbatim_en/automatic_transcripts_unofficial/UNGA2025_day2_EN_ASR.json"", ""origin_sha256"": ""927288bea100aaf0c5a8e1048e8232dbbc03383fd1895cd4795d78e4afad6692"", ""paragraph"": 1, ""start"": 15684.07, ""statement_start"": 15684.07}","Rules, safeguards, and cooperation must keep pace with innovation.",uncertain,False,keep pace with innovation,"Rules, safeguards, and cooperation must keep pace with innovation",en
E00291,verbatim_en_2025_IND:4,2025_IND,2025,IND,Asia-Pacific States,data/analysis_ready_en/2025/2025_IND.json,b2eec724bc6451134d0703e85419714f828bf8b85695b775a55fa33fb3430a87,data/unga_general_debate_verbatim_en/automatic_transcripts_unofficial/UNGA2025_day5_EN_ASR.json,"{""char_end"": 8837, ""char_start"": 6565, ""end"": 19090.87, ""extracted_block"": 1, ""json_pointer"": ""/transcript/data/27/paragraphs/0"", ""origin_file"": ""data/unga_general_debate_verbatim_en/automatic_transcripts_unofficial/UNGA2025_day5_EN_ASR.json"", ""origin_sha256"": ""6af8373eabbece61df49527d7664a10b9d6b9b3122210c691c28246f80a54da8"", ""paragraph"": 1, ""start"": 18087.67, ""statement_start"": 18087.67}",the summit that India will host in 2026.,uncertain,False,ai summit,the summit that India will host in 2026,en
E00291,verbatim_en_2025_IND:4,2025_IND,2025,IND,Asia-Pacific States,data/analysis_ready_en/2025/2025_IND.json,b2eec724bc6451134d0703e85419714f828bf8b85695b775a55fa33fb3430a87,data/unga_general_debate_verbatim_en/automatic_transcripts_unofficial/UNGA2025_day5_EN_ASR.json,"{""char_end"": 8837, ""char_start"": 6565, ""end"": 19090.87, ""extracted_block"": 1, ""json_pointer"": ""/transcript/data/27/paragraphs/0"", ""origin_file"": ""data/unga_general_debate_verbatim_en/automatic_transcripts_unofficial/UNGA2025_day5_EN_ASR.json"", ""origin_sha256"": ""6af8373eabbece61df49527d7664a10b9d6b9b3122210c691c28246f80a54da8"", ""paragraph"": 1, ""start"": 18087.67, ""statement_start"": 18087.67}",India's approach is to harness it responsibly for human welfare.,uncertain,False,responsible ai,harness it responsibly,en
E00292,verbatim_en_2025_ISL:4,2025_ISL,2025,ISL,Western European and other States,data/analysis_ready_en/2025/2025_ISL.json,255e11b164050744b411de9a709fac4a734fbd5d3d96f70cae1cb0e190b6c61a,data/unga_general_debate_verbatim_en/automatic_transcripts_unofficial/UNGA2025_day5_EN_ASR.json,"{""char_end"": 8510, ""char_start"": 6428, ""end"": 17999.83, ""extracted_block"": 1, ""json_pointer"": ""/transcript/data/25/paragraphs/0"", ""origin_file"": ""data/unga_general_debate_verbatim_en/automatic_transcripts_unofficial/UNGA2025_day5_EN_ASR.json"", ""origin_sha256"": ""6af8373eabbece61df49527d7664a10b9d6b9b3122210c691c28246f80a54da8"", ""paragraph"": 1, ""start"": 16952.05, ""statement_start"": 16952.05}","To distort free speech into the mass production of lies, propaganda, or AI-driven disinformation is not the exercise of freedom.",reviewed,False,ai-driven disinformation,AI-driven disinformation,en
E00294,verbatim_en_2025_ITA:5,2025_ITA,2025,ITA,Western European and other States,data/analysis_ready_en/2025/2025_ITA.json,37ab99a4234fd91e2c0a8d01ec8da10774bb8a8302201d593a5fd48547ea1e63,data/unga_general_debate_verbatim_en/automatic_transcripts_unofficial/UNGA2025_day2_EN_ASR.json,"{""char_end"": 10201, ""char_start"": 8140, ""end"": 42263.79, ""extracted_block"": 1, ""json_pointer"": ""/transcript/data/72/paragraphs/0"", ""origin_file"": ""data/unga_general_debate_verbatim_en/automatic_transcripts_unofficial/UNGA2025_day2_EN_ASR.json"", ""origin_sha256"": ""927288bea100aaf0c5a8e1048e8232dbbc03383fd1895cd4795d78e4afad6692"", ""paragraph"": 1, ""start"": 41319.07, ""statement_start"": 41319.07}",the opening of the AI hub for sustainable development,reviewed,False,ai hub for sustainable development,AI hub for sustainable development,en
E00295,verbatim_en_2025_KAZ:5,2025_KAZ,2025,KAZ,Asia-Pacific States,data/analysis_ready_en/2025/2025_KAZ.json,3df702233f9c75f908fa2d9441e77e4b068669cac1961045d54088e0a4729455,data/unga_general_debate_verbatim_en/automatic_transcripts_unofficial/UNGA2025_day1_EN_ASR.json,"{""char_end"": 11348, ""char_start"": 9012, ""end"": 24247.39, ""extracted_block"": 1, ""json_pointer"": ""/transcript/data/39/paragraphs/0"", ""origin_file"": ""data/unga_general_debate_verbatim_en/automatic_transcripts_unofficial/UNGA2025_day1_EN_ASR.json"", ""origin_sha256"": ""5da320ba84a5d192501cb7893f63224a5548c0b9b120751cd82e40dda077a448"", ""paragraph"": 1, ""start"": 22710, ""statement_start"": 22710}",we should not let ethical norms fall behind this rapid evolution.,uncertain,False,ethical norms,ethical norms,en
E00296,verbatim_en_2025_KAZ:6,2025_KAZ,2025,KAZ,Asia-Pacific States,data/analysis_ready_en/2025/2025_KAZ.json,3df702233f9c75f908fa2d9441e77e4b068669cac1961045d54088e0a4729455,data/unga_general_debate_verbatim_en/automatic_transcripts_unofficial/UNGA2025_day1_EN_ASR.json,"{""char_end"": 13636, ""char_start"": 11349, ""end"": 24247.39, ""extracted_block"": 1, ""json_pointer"": ""/transcript/data/39/paragraphs/0"", ""origin_file"": ""data/unga_general_debate_verbatim_en/automatic_transcripts_unofficial/UNGA2025_day1_EN_ASR.json"", ""origin_sha256"": ""5da320ba84a5d192501cb7893f63224a5548c0b9b120751cd82e40dda077a448"", ""paragraph"": 1, ""start"": 22710, ""statement_start"": 22710}",transform Kazakhstan into a fully digital power within the next three years.,uncertain,False,digital power,fully digital power,en
E00296,verbatim_en_2025_KAZ:6,2025_KAZ,2025,KAZ,Asia-Pacific States,data/analysis_ready_en/2025/2025_KAZ.json,3df702233f9c75f908fa2d9441e77e4b068669cac1961045d54088e0a4729455,data/unga_general_debate_verbatim_en/automatic_transcripts_unofficial/UNGA2025_day1_EN_ASR.json,"{""char_end"": 13636, ""char_start"": 11349, ""end"": 24247.39, ""extracted_block"": 1, ""json_pointer"": ""/transcript/data/39/paragraphs/0"", ""origin_file"": ""data/unga_general_debate_verbatim_en/automatic_transcripts_unofficial/UNGA2025_day1_EN_ASR.json"", ""origin_sha256"": ""5da320ba84a5d192501cb7893f63224a5548c0b9b120751cd82e40dda077a448"", ""paragraph"": 1, ""start"": 22710, ""statement_start"": 22710}",the Global Dialogue on AI Governance,reviewed,False,global dialogue on ai governance,Global Dialogue on AI Governance,en
E00296,verbatim_en_2025_KAZ:6,2025_KAZ,2025,KAZ,Asia-Pacific States,data/analysis_ready_en/2025/2025_KAZ.json,3df702233f9c75f908fa2d9441e77e4b068669cac1961045d54088e0a4729455,data/unga_general_debate_verbatim_en/automatic_transcripts_unofficial/UNGA2025_day1_EN_ASR.json,"{""char_end"": 13636, ""char_start"": 11349, ""end"": 24247.39, ""extracted_block"": 1, ""json_pointer"": ""/transcript/data/39/paragraphs/0"", ""origin_file"": ""data/unga_general_debate_verbatim_en/automatic_transcripts_unofficial/UNGA2025_day1_EN_ASR.json"", ""origin_sha256"": ""5da320ba84a5d192501cb7893f63224a5548c0b9b120751cd82e40dda077a448"", ""paragraph"": 1, ""start"": 22710, ""statement_start"": 22710}","AI remains safe, inclusive, and human-centered.",uncertain,False,human-centered ai,human-centered,en
E00296,verbatim_en_2025_KAZ:6,2025_KAZ,2025,KAZ,Asia-Pacific States,data/analysis_ready_en/2025/2025_KAZ.json,3df702233f9c75f908fa2d9441e77e4b068669cac1961045d54088e0a4729455,data/unga_general_debate_verbatim_en/automatic_transcripts_unofficial/UNGA2025_day1_EN_ASR.json,"{""char_end"": 13636, ""char_start"": 11349, ""end"": 24247.39, ""extracted_block"": 1, ""json_pointer"": ""/transcript/data/39/paragraphs/0"", ""origin_file"": ""data/unga_general_debate_verbatim_en/automatic_transcripts_unofficial/UNGA2025_day1_EN_ASR.json"", ""origin_sha256"": ""5da320ba84a5d192501cb7893f63224a5548c0b9b120751cd82e40dda077a448"", ""paragraph"": 1, ""start"": 22710, ""statement_start"": 22710}",Kazakhstan has recently launched its fastest national supercomputer ever.,uncertain,False,national supercomputer,national supercomputer,en
E00296,verbatim_en_2025_KAZ:6,2025_KAZ,2025,KAZ,Asia-Pacific States,data/analysis_ready_en/2025/2025_KAZ.json,3df702233f9c75f908fa2d9441e77e4b068669cac1961045d54088e0a4729455,data/unga_general_debate_verbatim_en/automatic_transcripts_unofficial/UNGA2025_day1_EN_ASR.json,"{""char_end"": 13636, ""char_start"": 11349, ""end"": 24247.39, ""extracted_block"": 1, ""json_pointer"": ""/transcript/data/39/paragraphs/0"", ""origin_file"": ""data/unga_general_debate_verbatim_en/automatic_transcripts_unofficial/UNGA2025_day1_EN_ASR.json"", ""origin_sha256"": ""5da320ba84a5d192501cb7893f63224a5548c0b9b120751cd82e40dda077a448"", ""paragraph"": 1, ""start"": 22710, ""statement_start"": 22710}",Kazakhstan has recently launched its fastest national supercomputer ever.,uncertain,False,supercomputer,national supercomputer,en
E00298,verbatim_en_2025_KOR:5,2025_KOR,2025,KOR,Asia-Pacific States,data/analysis_ready_en/2025/2025_KOR.json,7ff8e5c6046f5e0aa5d5e5f4e4b2bef8ea1247a8aeafec8e8ceca973f33f68bf,data/unga_general_debate_verbatim_en/automatic_transcripts_unofficial/UNGA2025_day1_EN_ASR.json,"{""char_end"": 2072, ""char_start"": 0, ""end"": 16291.11, ""extracted_block"": 2, ""json_pointer"": ""/transcript/data/25/paragraphs/1"", ""origin_file"": ""data/unga_general_debate_verbatim_en/automatic_transcripts_unofficial/UNGA2025_day1_EN_ASR.json"", ""origin_sha256"": ""5da320ba84a5d192501cb7893f63224a5548c0b9b120751cd82e40dda077a448"", ""paragraph"": 2, ""start"": 15655.99, ""statement_start"": 15102.11}",If we passively let ourselves be dragged along by the changes of the AI era,uncertain,False,ai era,AI era,en
E00298,verbatim_en_2025_KOR:5,2025_KOR,2025,KOR,Asia-Pacific States,data/analysis_ready_en/2025/2025_KOR.json,7ff8e5c6046f5e0aa5d5e5f4e4b2bef8ea1247a8aeafec8e8ceca973f33f68bf,data/unga_general_debate_verbatim_en/automatic_transcripts_unofficial/UNGA2025_day1_EN_ASR.json,"{""char_end"": 2072, ""char_start"": 0, ""end"": 16291.11, ""extracted_block"": 2, ""json_pointer"": ""/transcript/data/25/paragraphs/1"", ""origin_file"": ""data/unga_general_debate_verbatim_en/automatic_transcripts_unofficial/UNGA2025_day1_EN_ASR.json"", ""origin_sha256"": ""5da320ba84a5d192501cb7893f63224a5548c0b9b120751cd82e40dda077a448"", ""paragraph"": 2, ""start"": 15655.99, ""statement_start"": 15102.11}","We will strive to ensure that the vision of AI for all, where advances in cutting-edge technology contribute to the universal values of humanity, becomes a new normal for the international community.",reviewed,False,ai for all,AI for all,en
E00298,verbatim_en_2025_KOR:5,2025_KOR,2025,KOR,Asia-Pacific States,data/analysis_ready_en/2025/2025_KOR.json,7ff8e5c6046f5e0aa5d5e5f4e4b2bef8ea1247a8aeafec8e8ceca973f33f68bf,data/unga_general_debate_verbatim_en/automatic_transcripts_unofficial/UNGA2025_day1_EN_ASR.json,"{""char_end"": 2072, ""char_start"": 0, ""end"": 16291.11, ""extracted_block"": 2, ""json_pointer"": ""/transcript/data/25/paragraphs/1"", ""origin_file"": ""data/unga_general_debate_verbatim_en/automatic_transcripts_unofficial/UNGA2025_day1_EN_ASR.json"", ""origin_sha256"": ""5da320ba84a5d192501cb7893f63224a5548c0b9b120751cd82e40dda077a448"", ""paragraph"": 2, ""start"": 15655.99, ""statement_start"": 15102.11}",We intend to share our vision for the future of AI through the APEC AI Initiative at the APEC Economic Leaders Meeting,reviewed,False,apec ai initiative,APEC AI Initiative,en
E00298,verbatim_en_2025_KOR:5,2025_KOR,2025,KOR,Asia-Pacific States,data/analysis_ready_en/2025/2025_KOR.json,7ff8e5c6046f5e0aa5d5e5f4e4b2bef8ea1247a8aeafec8e8ceca973f33f68bf,data/unga_general_debate_verbatim_en/automatic_transcripts_unofficial/UNGA2025_day1_EN_ASR.json,"{""char_end"": 2072, ""char_start"": 0, ""end"": 16291.11, ""extracted_block"": 2, ""json_pointer"": ""/transcript/data/25/paragraphs/1"", ""origin_file"": ""data/unga_general_debate_verbatim_en/automatic_transcripts_unofficial/UNGA2025_day1_EN_ASR.json"", ""origin_sha256"": ""5da320ba84a5d192501cb7893f63224a5548c0b9b120751cd82e40dda077a448"", ""paragraph"": 2, ""start"": 15655.99, ""statement_start"": 15102.11}",efforts to promote the responsible use of AI.,reviewed,False,responsible use of ai,responsible use of AI,en
E00299,verbatim_en_2025_LIE:3,2025_LIE,2025,LIE,Western European and other States,data/analysis_ready_en/2025/2025_LIE.json,aec84204b0502e31b0cd790dd26dc393baf2fccb438b950a14b0c92fc83ae4bd,data/unga_general_debate_verbatim_en/automatic_transcripts_unofficial/UNGA2025_day3_EN_ASR.json,"{""char_end"": 5820, ""char_start"": 3772, ""end"": 21599.87, ""extracted_block"": 1, ""json_pointer"": ""/transcript/data/39/paragraphs/0"", ""origin_file"": ""data/unga_general_debate_verbatim_en/automatic_transcripts_unofficial/UNGA2025_day3_EN_ASR.json"", ""origin_sha256"": ""829f77fca5d16e37ae2aa17a64e85b0d9afec84cf5fcddbd63b6170a9f3895e2"", ""paragraph"": 1, ""start"": 21041.95, ""statement_start"": 21041.95}",without any agreement on rules and boundaries,uncertain,False,rules and boundaries,rules and boundaries,en
E00300,verbatim_en_2025_LKA:5,2025_LKA,2025,LKA,Asia-Pacific States,data/analysis_ready_en/2025/2025_LKA.json,4076d9bcede70087e3b8ce090ab31cd05da86c7e81e8d24e49afa5b83adf6482,data/unga_general_debate_verbatim_en/automatic_transcripts_unofficial/UNGA2025_day2_EN_ASR.json,"{""char_end"": 10442, ""char_start"": 8277, ""end"": 24202.63, ""extracted_block"": 1, ""json_pointer"": ""/transcript/data/40/paragraphs/0"", ""origin_file"": ""data/unga_general_debate_verbatim_en/automatic_transcripts_unofficial/UNGA2025_day2_EN_ASR.json"", ""origin_sha256"": ""927288bea100aaf0c5a8e1048e8232dbbc03383fd1895cd4795d78e4afad6692"", ""paragraph"": 1, ""start"": 23191.91, ""statement_start"": 23191.91}",facing challenges in using AI as a development tool,uncertain,False,ai as a development tool,using AI as a development tool,en
E00300,verbatim_en_2025_LKA:5,2025_LKA,2025,LKA,Asia-Pacific States,data/analysis_ready_en/2025/2025_LKA.json,4076d9bcede70087e3b8ce090ab31cd05da86c7e81e8d24e49afa5b83adf6482,data/unga_general_debate_verbatim_en/automatic_transcripts_unofficial/UNGA2025_day2_EN_ASR.json,"{""char_end"": 10442, ""char_start"": 8277, ""end"": 24202.63, ""extracted_block"": 1, ""json_pointer"": ""/transcript/data/40/paragraphs/0"", ""origin_file"": ""data/unga_general_debate_verbatim_en/automatic_transcripts_unofficial/UNGA2025_day2_EN_ASR.json"", ""origin_sha256"": ""927288bea100aaf0c5a8e1048e8232dbbc03383fd1895cd4795d78e4afad6692"", ""paragraph"": 1, ""start"": 23191.91, ""statement_start"": 23191.91}",An even greater gap is being created in relation to artificial intelligence.,reviewed,False,ai divide,An even greater gap is being created in relation to artificial intelligence,en
E00301,verbatim_en_2025_LKA:6,2025_LKA,2025,LKA,Asia-Pacific States,data/analysis_ready_en/2025/2025_LKA.json,4076d9bcede70087e3b8ce090ab31cd05da86c7e81e8d24e49afa5b83adf6482,data/unga_general_debate_verbatim_en/automatic_transcripts_unofficial/UNGA2025_day2_EN_ASR.json,"{""char_end"": 11618, ""char_start"": 10443, ""end"": 24202.63, ""extracted_block"": 1, ""json_pointer"": ""/transcript/data/40/paragraphs/0"", ""origin_file"": ""data/unga_general_debate_verbatim_en/automatic_transcripts_unofficial/UNGA2025_day2_EN_ASR.json"", ""origin_sha256"": ""927288bea100aaf0c5a8e1048e8232dbbc03383fd1895cd4795d78e4afad6692"", ""paragraph"": 1, ""start"": 23191.91, ""statement_start"": 23191.91}",a proposal to set up a neutral sovereign artificial intelligence zone,reviewed,False,neutral sovereign ai zone,neutral sovereign artificial intelligence zone,en
E00302,verbatim_en_2025_LVA:1,2025_LVA,2025,LVA,Eastern European States,data/analysis_ready_en/2025/2025_LVA.json,a2828fba2c737ff18aea73e53815ed44660ecbc1d528add7baba6c018cdac452,data/unga_general_debate_verbatim_en/automatic_transcripts_unofficial/UNGA2025_day2_EN_ASR.json,"{""char_end"": 2184, ""char_start"": 0, ""end"": 7927.83, ""extracted_block"": 1, ""json_pointer"": ""/transcript/data/15/paragraphs/0"", ""origin_file"": ""data/unga_general_debate_verbatim_en/automatic_transcripts_unofficial/UNGA2025_day2_EN_ASR.json"", ""origin_sha256"": ""927288bea100aaf0c5a8e1048e8232dbbc03383fd1895cd4795d78e4afad6692"", ""paragraph"": 1, ""start"": 7203.35, ""statement_start"": 7203.35}",the challenges related to the safety of artificial intelligence,reviewed,False,ai safety,safety of artificial intelligence,en
E00303,verbatim_en_2025_LVA:3,2025_LVA,2025,LVA,Eastern European States,data/analysis_ready_en/2025/2025_LVA.json,a2828fba2c737ff18aea73e53815ed44660ecbc1d528add7baba6c018cdac452,data/unga_general_debate_verbatim_en/automatic_transcripts_unofficial/UNGA2025_day2_EN_ASR.json,"{""char_end"": 6520, ""char_start"": 4375, ""end"": 7927.83, ""extracted_block"": 1, ""json_pointer"": ""/transcript/data/15/paragraphs/0"", ""origin_file"": ""data/unga_general_debate_verbatim_en/automatic_transcripts_unofficial/UNGA2025_day2_EN_ASR.json"", ""origin_sha256"": ""927288bea100aaf0c5a8e1048e8232dbbc03383fd1895cd4795d78e4afad6692"", ""paragraph"": 1, ""start"": 7203.35, ""statement_start"": 7203.35}",the misuse of artificial intelligence are testing us on a daily basis.,uncertain,False,misuse of ai,misuse of artificial intelligence,en
E00303,verbatim_en_2025_LVA:3,2025_LVA,2025,LVA,Eastern European States,data/analysis_ready_en/2025/2025_LVA.json,a2828fba2c737ff18aea73e53815ed44660ecbc1d528add7baba6c018cdac452,data/unga_general_debate_verbatim_en/automatic_transcripts_unofficial/UNGA2025_day2_EN_ASR.json,"{""char_end"": 6520, ""char_start"": 4375, ""end"": 7927.83, ""extracted_block"": 1, ""json_pointer"": ""/transcript/data/15/paragraphs/0"", ""origin_file"": ""data/unga_general_debate_verbatim_en/automatic_transcripts_unofficial/UNGA2025_day2_EN_ASR.json"", ""origin_sha256"": ""927288bea100aaf0c5a8e1048e8232dbbc03383fd1895cd4795d78e4afad6692"", ""paragraph"": 1, ""start"": 7203.35, ""statement_start"": 7203.35}",the misuse of artificial intelligence are testing us on a daily basis,uncertain,False,misuse of artificial intelligence,misuse of artificial intelligence,en
E00304,verbatim_en_2025_LVA:4,2025_LVA,2025,LVA,Eastern European States,data/analysis_ready_en/2025/2025_LVA.json,a2828fba2c737ff18aea73e53815ed44660ecbc1d528add7baba6c018cdac452,data/unga_general_debate_verbatim_en/automatic_transcripts_unofficial/UNGA2025_day2_EN_ASR.json,"{""char_end"": 8693, ""char_start"": 6521, ""end"": 7927.83, ""extracted_block"": 1, ""json_pointer"": ""/transcript/data/15/paragraphs/0"", ""origin_file"": ""data/unga_general_debate_verbatim_en/automatic_transcripts_unofficial/UNGA2025_day2_EN_ASR.json"", ""origin_sha256"": ""927288bea100aaf0c5a8e1048e8232dbbc03383fd1895cd4795d78e4afad6692"", ""paragraph"": 1, ""start"": 7203.35, ""statement_start"": 7203.35}",as are emerging and disruptive technologies,reviewed,False,emerging and disruptive technologies,emerging and disruptive technologies,en
E00304,verbatim_en_2025_LVA:4,2025_LVA,2025,LVA,Eastern European States,data/analysis_ready_en/2025/2025_LVA.json,a2828fba2c737ff18aea73e53815ed44660ecbc1d528add7baba6c018cdac452,data/unga_general_debate_verbatim_en/automatic_transcripts_unofficial/UNGA2025_day2_EN_ASR.json,"{""char_end"": 8693, ""char_start"": 6521, ""end"": 7927.83, ""extracted_block"": 1, ""json_pointer"": ""/transcript/data/15/paragraphs/0"", ""origin_file"": ""data/unga_general_debate_verbatim_en/automatic_transcripts_unofficial/UNGA2025_day2_EN_ASR.json"", ""origin_sha256"": ""927288bea100aaf0c5a8e1048e8232dbbc03383fd1895cd4795d78e4afad6692"", ""paragraph"": 1, ""start"": 7203.35, ""statement_start"": 7203.35}",we need to develop artificial intelligence responsibly,reviewed,False,responsible ai,develop artificial intelligence responsibly,en
E00305,verbatim_en_2025_MAR:5,2025_MAR,2025,MAR,African States,data/analysis_ready_en/2025/2025_MAR.json,1923fee6d6bde8d3e37f90a1803c9d951a7fd23691236f7eed5d0d99b3d2643d,data/unga_general_debate_verbatim_en/automatic_transcripts_unofficial/UNGA2025_day1_EN_ASR.json,"{""char_end"": 10487, ""char_start"": 8432, ""end"": 51926.63, ""extracted_block"": 1, ""json_pointer"": ""/transcript/data/79/paragraphs/0"", ""origin_file"": ""data/unga_general_debate_verbatim_en/automatic_transcripts_unofficial/UNGA2025_day1_EN_ASR.json"", ""origin_sha256"": ""5da320ba84a5d192501cb7893f63224a5548c0b9b120751cd82e40dda077a448"", ""paragraph"": 1, ""start"": 50754.35, ""statement_start"": 50754.35}",This is what the Kingdom of Morocco is working on right now through its digital strategy 2030.,reviewed,False,digital strategy 2030,digital strategy 2030,en
E00305,verbatim_en_2025_MAR:5,2025_MAR,2025,MAR,African States,data/analysis_ready_en/2025/2025_MAR.json,1923fee6d6bde8d3e37f90a1803c9d951a7fd23691236f7eed5d0d99b3d2643d,data/unga_general_debate_verbatim_en/automatic_transcripts_unofficial/UNGA2025_day1_EN_ASR.json,"{""char_end"": 10487, ""char_start"": 8432, ""end"": 51926.63, ""extracted_block"": 1, ""json_pointer"": ""/transcript/data/79/paragraphs/0"", ""origin_file"": ""data/unga_general_debate_verbatim_en/automatic_transcripts_unofficial/UNGA2025_day1_EN_ASR.json"", ""origin_sha256"": ""5da320ba84a5d192501cb7893f63224a5548c0b9b120751cd82e40dda077a448"", ""paragraph"": 1, ""start"": 50754.35, ""statement_start"": 50754.35}",the need to use AI more really responsibly,uncertain,False,responsible ai,use AI more really responsibly,en
E00308,verbatim_en_2025_MLT:4,2025_MLT,2025,MLT,Western European and other States,data/analysis_ready_en/2025/2025_MLT.json,00ec978df48751806249f8befb9f8dba1dcbeec3e93104dc1e0bc6553cb43296,data/unga_general_debate_verbatim_en/automatic_transcripts_unofficial/UNGA2025_day4_EN_ASR.json,"{""char_end"": 7460, ""char_start"": 5454, ""end"": 13860.35, ""extracted_block"": 1, ""json_pointer"": ""/transcript/data/17/paragraphs/0"", ""origin_file"": ""data/unga_general_debate_verbatim_en/automatic_transcripts_unofficial/UNGA2025_day4_EN_ASR.json"", ""origin_sha256"": ""c8692911ed43efa9b2a58a9bdc9039d775619b12c0dd3077dd97f9cf543a8821"", ""paragraph"": 1, ""start"": 12246.71, ""statement_start"": 12246.71}",The United Nations must embrace digital diplomacy for the artificial intelligence age.,reviewed,False,digital diplomacy,digital diplomacy,en
E00309,verbatim_en_2025_MNE:4,2025_MNE,2025,MNE,Eastern European States,data/analysis_ready_en/2025/2025_MNE.json,a9247f58453a02c2ebed07089cb0f67b50351dc4e45afa1ad512717f07544ce4,data/unga_general_debate_verbatim_en/automatic_transcripts_unofficial/UNGA2025_day3_EN_ASR.json,"{""char_end"": 8731, ""char_start"": 6463, ""end"": 3318.03, ""extracted_block"": 1, ""json_pointer"": ""/transcript/data/4/paragraphs/0"", ""origin_file"": ""data/unga_general_debate_verbatim_en/automatic_transcripts_unofficial/UNGA2025_day3_EN_ASR.json"", ""origin_sha256"": ""829f77fca5d16e37ae2aa17a64e85b0d9afec84cf5fcddbd63b6170a9f3895e2"", ""paragraph"": 1, ""start"": 2160.65, ""statement_start"": 2160.65}","must be harnessed in a safe, responsible, and inclusive manner.",reviewed,False,"safe, responsible and inclusive ai","safe, responsible, and inclusive manner",en
E00311,verbatim_en_2025_MOZ:3,2025_MOZ,2025,MOZ,African States,data/analysis_ready_en/2025/2025_MOZ.json,ae6e653d7d4c189c9b95c67477ad9cbd938f8f72093c005a0905e224d132b64c,data/unga_general_debate_verbatim_en/automatic_transcripts_unofficial/UNGA2025_day1_EN_ASR.json,"{""char_end"": 6503, ""char_start"": 4193, ""end"": 41230.67, ""extracted_block"": 1, ""json_pointer"": ""/transcript/data/63/paragraphs/0"", ""origin_file"": ""data/unga_general_debate_verbatim_en/automatic_transcripts_unofficial/UNGA2025_day1_EN_ASR.json"", ""origin_sha256"": ""5da320ba84a5d192501cb7893f63224a5548c0b9b120751cd82e40dda077a448"", ""paragraph"": 1, ""start"": 40010.31, ""statement_start"": 40010.31}",even militarization throughout autonomous weapons.,reviewed,False,autonomous weapons,autonomous weapons,en
E00311,verbatim_en_2025_MOZ:3,2025_MOZ,2025,MOZ,African States,data/analysis_ready_en/2025/2025_MOZ.json,ae6e653d7d4c189c9b95c67477ad9cbd938f8f72093c005a0905e224d132b64c,data/unga_general_debate_verbatim_en/automatic_transcripts_unofficial/UNGA2025_day1_EN_ASR.json,"{""char_end"": 6503, ""char_start"": 4193, ""end"": 41230.67, ""extracted_block"": 1, ""json_pointer"": ""/transcript/data/63/paragraphs/0"", ""origin_file"": ""data/unga_general_debate_verbatim_en/automatic_transcripts_unofficial/UNGA2025_day1_EN_ASR.json"", ""origin_sha256"": ""5da320ba84a5d192501cb7893f63224a5548c0b9b120751cd82e40dda077a448"", ""paragraph"": 1, ""start"": 40010.31, ""statement_start"": 40010.31}",Mozambique advocates a technological and climate diplomacy capable of regulating risk and democratizing benefits.,reviewed,False,technological diplomacy,technological and climate diplomacy,en
E00311,verbatim_en_2025_MOZ:3,2025_MOZ,2025,MOZ,African States,data/analysis_ready_en/2025/2025_MOZ.json,ae6e653d7d4c189c9b95c67477ad9cbd938f8f72093c005a0905e224d132b64c,data/unga_general_debate_verbatim_en/automatic_transcripts_unofficial/UNGA2025_day1_EN_ASR.json,"{""char_end"": 6503, ""char_start"": 4193, ""end"": 41230.67, ""extracted_block"": 1, ""json_pointer"": ""/transcript/data/63/paragraphs/0"", ""origin_file"": ""data/unga_general_debate_verbatim_en/automatic_transcripts_unofficial/UNGA2025_day1_EN_ASR.json"", ""origin_sha256"": ""5da320ba84a5d192501cb7893f63224a5548c0b9b120751cd82e40dda077a448"", ""paragraph"": 1, ""start"": 40010.31, ""statement_start"": 40010.31}","through genuine transfer and sharing of knowledge, of technology",reviewed,False,technology transfer,"transfer and sharing of knowledge, of technology",en
E00312,verbatim_en_2025_MRT:1,2025_MRT,2025,MRT,African States,data/analysis_ready_en/2025/2025_MRT.json,f7b99750586568cac41e358455c07895bf38116d07b4845cb913ba20a88d11e1,data/unga_general_debate_verbatim_en/automatic_transcripts_unofficial/UNGA2025_day5_EN_ASR.json,"{""char_end"": 2048, ""char_start"": 0, ""end"": 22702.11, ""extracted_block"": 1, ""json_pointer"": ""/transcript/data/33/paragraphs/0"", ""origin_file"": ""data/unga_general_debate_verbatim_en/automatic_transcripts_unofficial/UNGA2025_day5_EN_ASR.json"", ""origin_sha256"": ""6af8373eabbece61df49527d7664a10b9d6b9b3122210c691c28246f80a54da8"", ""paragraph"": 1, ""start"": 21687.47, ""statement_start"": 21687.47}",One is rapidly advancing toward the fourth industrial revolution and artificial intelligence,reviewed,False,fourth industrial revolution,fourth industrial revolution,en
E00314,verbatim_en_2025_MUS:2,2025_MUS,2025,MUS,African States,data/analysis_ready_en/2025/2025_MUS.json,c3b864583f45a939b117682978b4f4fb7c2bf773270b9fc505da7c8d1a679bc8,data/unga_general_debate_verbatim_en/automatic_transcripts_unofficial/UNGA2025_day4_EN_ASR.json,"{""char_end"": 4326, ""char_start"": 2174, ""end"": 42453.43, ""extracted_block"": 1, ""json_pointer"": ""/transcript/data/65/paragraphs/0"", ""origin_file"": ""data/unga_general_debate_verbatim_en/automatic_transcripts_unofficial/UNGA2025_day4_EN_ASR.json"", ""origin_sha256"": ""c8692911ed43efa9b2a58a9bdc9039d775619b12c0dd3077dd97f9cf543a8821"", ""paragraph"": 1, ""start"": 41654.66, ""statement_start"": 41654.66}",cyber criminality exacerbated by artificial intelligence.,uncertain,False,ai-enabled cybercrime,cyber criminality exacerbated by artificial intelligence,en
E00314,verbatim_en_2025_MUS:2,2025_MUS,2025,MUS,African States,data/analysis_ready_en/2025/2025_MUS.json,c3b864583f45a939b117682978b4f4fb7c2bf773270b9fc505da7c8d1a679bc8,data/unga_general_debate_verbatim_en/automatic_transcripts_unofficial/UNGA2025_day4_EN_ASR.json,"{""char_end"": 4326, ""char_start"": 2174, ""end"": 42453.43, ""extracted_block"": 1, ""json_pointer"": ""/transcript/data/65/paragraphs/0"", ""origin_file"": ""data/unga_general_debate_verbatim_en/automatic_transcripts_unofficial/UNGA2025_day4_EN_ASR.json"", ""origin_sha256"": ""c8692911ed43efa9b2a58a9bdc9039d775619b12c0dd3077dd97f9cf543a8821"", ""paragraph"": 1, ""start"": 41654.66, ""statement_start"": 41654.66}",cyber criminality exacerbated by artificial intelligence.,uncertain,False,cybercrime,cyber criminality,en
E00315,verbatim_en_2025_MUS:5,2025_MUS,2025,MUS,African States,data/analysis_ready_en/2025/2025_MUS.json,c3b864583f45a939b117682978b4f4fb7c2bf773270b9fc505da7c8d1a679bc8,data/unga_general_debate_verbatim_en/automatic_transcripts_unofficial/UNGA2025_day4_EN_ASR.json,"{""char_end"": 9528, ""char_start"": 8780, ""end"": 42453.43, ""extracted_block"": 1, ""json_pointer"": ""/transcript/data/65/paragraphs/0"", ""origin_file"": ""data/unga_general_debate_verbatim_en/automatic_transcripts_unofficial/UNGA2025_day4_EN_ASR.json"", ""origin_sha256"": ""c8692911ed43efa9b2a58a9bdc9039d775619b12c0dd3077dd97f9cf543a8821"", ""paragraph"": 1, ""start"": 41654.66, ""statement_start"": 41654.66}",The digital divide should not be allowed to widen further.,uncertain,False,digital divide,digital divide,en
E00315,verbatim_en_2025_MUS:5,2025_MUS,2025,MUS,African States,data/analysis_ready_en/2025/2025_MUS.json,c3b864583f45a939b117682978b4f4fb7c2bf773270b9fc505da7c8d1a679bc8,data/unga_general_debate_verbatim_en/automatic_transcripts_unofficial/UNGA2025_day4_EN_ASR.json,"{""char_end"": 9528, ""char_start"": 8780, ""end"": 42453.43, ""extracted_block"": 1, ""json_pointer"": ""/transcript/data/65/paragraphs/0"", ""origin_file"": ""data/unga_general_debate_verbatim_en/automatic_transcripts_unofficial/UNGA2025_day4_EN_ASR.json"", ""origin_sha256"": ""c8692911ed43efa9b2a58a9bdc9039d775619b12c0dd3077dd97f9cf543a8821"", ""paragraph"": 1, ""start"": 41654.66, ""statement_start"": 41654.66}",the global dialogue on AI governance.,reviewed,False,global dialogue on ai governance,global dialogue on AI governance,en
E00315,verbatim_en_2025_MUS:5,2025_MUS,2025,MUS,African States,data/analysis_ready_en/2025/2025_MUS.json,c3b864583f45a939b117682978b4f4fb7c2bf773270b9fc505da7c8d1a679bc8,data/unga_general_debate_verbatim_en/automatic_transcripts_unofficial/UNGA2025_day4_EN_ASR.json,"{""char_end"": 9528, ""char_start"": 8780, ""end"": 42453.43, ""extracted_block"": 1, ""json_pointer"": ""/transcript/data/65/paragraphs/0"", ""origin_file"": ""data/unga_general_debate_verbatim_en/automatic_transcripts_unofficial/UNGA2025_day4_EN_ASR.json"", ""origin_sha256"": ""c8692911ed43efa9b2a58a9bdc9039d775619b12c0dd3077dd97f9cf543a8821"", ""paragraph"": 1, ""start"": 41654.66, ""statement_start"": 41654.66}",There is need to build a global governance architecture through multilateral negotiations,uncertain,False,global governance architecture,global governance architecture,en
E00315,verbatim_en_2025_MUS:5,2025_MUS,2025,MUS,African States,data/analysis_ready_en/2025/2025_MUS.json,c3b864583f45a939b117682978b4f4fb7c2bf773270b9fc505da7c8d1a679bc8,data/unga_general_debate_verbatim_en/automatic_transcripts_unofficial/UNGA2025_day4_EN_ASR.json,"{""char_end"": 9528, ""char_start"": 8780, ""end"": 42453.43, ""extracted_block"": 1, ""json_pointer"": ""/transcript/data/65/paragraphs/0"", ""origin_file"": ""data/unga_general_debate_verbatim_en/automatic_transcripts_unofficial/UNGA2025_day4_EN_ASR.json"", ""origin_sha256"": ""c8692911ed43efa9b2a58a9bdc9039d775619b12c0dd3077dd97f9cf543a8821"", ""paragraph"": 1, ""start"": 41654.66, ""statement_start"": 41654.66}",the UN Independent International Scientific Panel on AI,reviewed,False,independent international scientific panel on ai,Independent International Scientific Panel on AI,en
E00317,verbatim_en_2025_MWI:4,2025_MWI,2025,MWI,African States,data/analysis_ready_en/2025/2025_MWI.json,2483af12b3eb71eea2b40282acea8fef9a98c422288a1d95952d443a7cdf95c5,data/unga_general_debate_verbatim_en/automatic_transcripts_unofficial/UNGA2025_day6_EN_ASR.txt,"{""char_end"": 9179, ""char_start"": 6918, ""extracted_block"": 1, ""line_end"": 165, ""line_start"": 165, ""origin_file"": ""data/unga_general_debate_verbatim_en/automatic_transcripts_unofficial/UNGA2025_day6_EN_ASR.txt"", ""origin_sha256"": ""3c968a55df31a753048ea8efa399250e7f23d2b308cd095ca2294abb2c657269"", ""paragraph"": 1, ""speaker_line"": 163, ""statement_timestamp"": ""3:25:51"", ""transcript_block"": 24}","We therefore call for a global framework that ensures AI is ethical, inclusive, and accessible to all nations",uncertain,False,global framework,global framework,en
E00317,verbatim_en_2025_MWI:4,2025_MWI,2025,MWI,African States,data/analysis_ready_en/2025/2025_MWI.json,2483af12b3eb71eea2b40282acea8fef9a98c422288a1d95952d443a7cdf95c5,data/unga_general_debate_verbatim_en/automatic_transcripts_unofficial/UNGA2025_day6_EN_ASR.txt,"{""char_end"": 9179, ""char_start"": 6918, ""extracted_block"": 1, ""line_end"": 165, ""line_start"": 165, ""origin_file"": ""data/unga_general_debate_verbatim_en/automatic_transcripts_unofficial/UNGA2025_day6_EN_ASR.txt"", ""origin_sha256"": ""3c968a55df31a753048ea8efa399250e7f23d2b308cd095ca2294abb2c657269"", ""paragraph"": 1, ""speaker_line"": 163, ""statement_timestamp"": ""3:25:51"", ""transcript_block"": 24}",call for a global framework that ensures AI is ethical,uncertain,False,global framework for ai,global framework,en
E00319,verbatim_en_2025_NAM:3,2025_NAM,2025,NAM,African States,data/analysis_ready_en/2025/2025_NAM.json,e0e37fb71978a38f61cdf4b9d4218b512d00e2a6f133cc3ff914c4315de13253,data/unga_general_debate_verbatim_en/automatic_transcripts_unofficial/UNGA2025_day2_EN_ASR.json,"{""char_end"": 6645, ""char_start"": 4398, ""end"": 27697.75, ""extracted_block"": 1, ""json_pointer"": ""/transcript/data/46/paragraphs/0"", ""origin_file"": ""data/unga_general_debate_verbatim_en/automatic_transcripts_unofficial/UNGA2025_day2_EN_ASR.json"", ""origin_sha256"": ""927288bea100aaf0c5a8e1048e8232dbbc03383fd1895cd4795d78e4afad6692"", ""paragraph"": 1, ""start"": 26648.27, ""statement_start"": 26648.27}",We therefore call for a global standard that ensure that the usage of artificial intelligence remain transparent,uncertain,False,global ai standard,global standard,en
E00319,verbatim_en_2025_NAM:3,2025_NAM,2025,NAM,African States,data/analysis_ready_en/2025/2025_NAM.json,e0e37fb71978a38f61cdf4b9d4218b512d00e2a6f133cc3ff914c4315de13253,data/unga_general_debate_verbatim_en/automatic_transcripts_unofficial/UNGA2025_day2_EN_ASR.json,"{""char_end"": 6645, ""char_start"": 4398, ""end"": 27697.75, ""extracted_block"": 1, ""json_pointer"": ""/transcript/data/46/paragraphs/0"", ""origin_file"": ""data/unga_general_debate_verbatim_en/automatic_transcripts_unofficial/UNGA2025_day2_EN_ASR.json"", ""origin_sha256"": ""927288bea100aaf0c5a8e1048e8232dbbc03383fd1895cd4795d78e4afad6692"", ""paragraph"": 1, ""start"": 26648.27, ""statement_start"": 26648.27}",We therefore call for a global standard,uncertain,False,global standard,global standard,en
E00319,verbatim_en_2025_NAM:3,2025_NAM,2025,NAM,African States,data/analysis_ready_en/2025/2025_NAM.json,e0e37fb71978a38f61cdf4b9d4218b512d00e2a6f133cc3ff914c4315de13253,data/unga_general_debate_verbatim_en/automatic_transcripts_unofficial/UNGA2025_day2_EN_ASR.json,"{""char_end"": 6645, ""char_start"": 4398, ""end"": 27697.75, ""extracted_block"": 1, ""json_pointer"": ""/transcript/data/46/paragraphs/0"", ""origin_file"": ""data/unga_general_debate_verbatim_en/automatic_transcripts_unofficial/UNGA2025_day2_EN_ASR.json"", ""origin_sha256"": ""927288bea100aaf0c5a8e1048e8232dbbc03383fd1895cd4795d78e4afad6692"", ""paragraph"": 1, ""start"": 26648.27, ""statement_start"": 26648.27}",must not be a substitute for human judgment or responsibility,uncertain,False,human judgment,human judgment,en
E00320,verbatim_en_2025_NGA:2,2025_NGA,2025,NGA,African States,data/analysis_ready_en/2025/2025_NGA.json,dcf8dd2ad2dbb33d5bce9381b4358e3a54f7a4d3dfb3b2b83ea53d9e4efdfa5b,data/unga_general_debate_verbatim_en/automatic_transcripts_unofficial/UNGA2025_day2_EN_ASR.json,"{""char_end"": 3928, ""char_start"": 1914, ""end"": 38857.15, ""extracted_block"": 1, ""json_pointer"": ""/transcript/data/66/paragraphs/0"", ""origin_file"": ""data/unga_general_debate_verbatim_en/automatic_transcripts_unofficial/UNGA2025_day2_EN_ASR.json"", ""origin_sha256"": ""927288bea100aaf0c5a8e1048e8232dbbc03383fd1895cd4795d78e4afad6692"", ""paragraph"": 1, ""start"": 37724.38, ""statement_start"": 37724.38}",the digital divide must close,reviewed,False,digital divide,digital divide,en
E00324,verbatim_en_2025_PHL:4,2025_PHL,2025,PHL,Asia-Pacific States,data/analysis_ready_en/2025/2025_PHL.json,4974e2143e9642c240641bb7ee4a961dba35d87aa238e6d31dacc9c78e0d8687,data/unga_general_debate_verbatim_en/automatic_transcripts_unofficial/UNGA2025_day5_EN_ASR.json,"{""char_end"": 8662, ""char_start"": 6487, ""end"": 34502.91, ""extracted_block"": 1, ""json_pointer"": ""/transcript/data/55/paragraphs/0"", ""origin_file"": ""data/unga_general_debate_verbatim_en/automatic_transcripts_unofficial/UNGA2025_day5_EN_ASR.json"", ""origin_sha256"": ""6af8373eabbece61df49527d7664a10b9d6b9b3122210c691c28246f80a54da8"", ""paragraph"": 1, ""start"": 33595.31, ""statement_start"": 33595.31}",bridges development divides rather than widen them,uncertain,False,development divides,development divides,en
E00324,verbatim_en_2025_PHL:4,2025_PHL,2025,PHL,Asia-Pacific States,data/analysis_ready_en/2025/2025_PHL.json,4974e2143e9642c240641bb7ee4a961dba35d87aa238e6d31dacc9c78e0d8687,data/unga_general_debate_verbatim_en/automatic_transcripts_unofficial/UNGA2025_day5_EN_ASR.json,"{""char_end"": 8662, ""char_start"": 6487, ""end"": 34502.91, ""extracted_block"": 1, ""json_pointer"": ""/transcript/data/55/paragraphs/0"", ""origin_file"": ""data/unga_general_debate_verbatim_en/automatic_transcripts_unofficial/UNGA2025_day5_EN_ASR.json"", ""origin_sha256"": ""6af8373eabbece61df49527d7664a10b9d6b9b3122210c691c28246f80a54da8"", ""paragraph"": 1, ""start"": 33595.31, ""statement_start"": 33595.31}",conforming with safeguards against misuse.,uncertain,False,safeguards against misuse,safeguards against misuse,en
E00325,verbatim_en_2025_PRT:4,2025_PRT,2025,PRT,Western European and other States,data/analysis_ready_en/2025/2025_PRT.json,c63b6ebbb17255f433a8b73480a51eef68bd92a3e2e95165815294e6037fb549,data/unga_general_debate_verbatim_en/automatic_transcripts_unofficial/UNGA2025_day1_EN_ASR.json,"{""char_end"": 3664, ""char_start"": 2097, ""end"": 20114.99, ""extracted_block"": 3, ""json_pointer"": ""/transcript/data/33/paragraphs/2"", ""origin_file"": ""data/unga_general_debate_verbatim_en/automatic_transcripts_unofficial/UNGA2025_day1_EN_ASR.json"", ""origin_sha256"": ""5da320ba84a5d192501cb7893f63224a5548c0b9b120751cd82e40dda077a448"", ""paragraph"": 3, ""start"": 19754.83, ""statement_start"": 19563.66}","the artificial intelligence technologies as force for peace, not tools for domination",uncertain,False,ai as force for peace,artificial intelligence technologies as force for peace,en
E00325,verbatim_en_2025_PRT:4,2025_PRT,2025,PRT,Western European and other States,data/analysis_ready_en/2025/2025_PRT.json,c63b6ebbb17255f433a8b73480a51eef68bd92a3e2e95165815294e6037fb549,data/unga_general_debate_verbatim_en/automatic_transcripts_unofficial/UNGA2025_day1_EN_ASR.json,"{""char_end"": 3664, ""char_start"": 2097, ""end"": 20114.99, ""extracted_block"": 3, ""json_pointer"": ""/transcript/data/33/paragraphs/2"", ""origin_file"": ""data/unga_general_debate_verbatim_en/automatic_transcripts_unofficial/UNGA2025_day1_EN_ASR.json"", ""origin_sha256"": ""5da320ba84a5d192501cb7893f63224a5548c0b9b120751cd82e40dda077a448"", ""paragraph"": 3, ""start"": 19754.83, ""statement_start"": 19563.66}",Bridging the digital and technological divides is central to build resilient societies.,reviewed,False,digital divide,digital and technological divides,en
E00325,verbatim_en_2025_PRT:4,2025_PRT,2025,PRT,Western European and other States,data/analysis_ready_en/2025/2025_PRT.json,c63b6ebbb17255f433a8b73480a51eef68bd92a3e2e95165815294e6037fb549,data/unga_general_debate_verbatim_en/automatic_transcripts_unofficial/UNGA2025_day1_EN_ASR.json,"{""char_end"": 3664, ""char_start"": 2097, ""end"": 20114.99, ""extracted_block"": 3, ""json_pointer"": ""/transcript/data/33/paragraphs/2"", ""origin_file"": ""data/unga_general_debate_verbatim_en/automatic_transcripts_unofficial/UNGA2025_day1_EN_ASR.json"", ""origin_sha256"": ""5da320ba84a5d192501cb7893f63224a5548c0b9b120751cd82e40dda077a448"", ""paragraph"": 3, ""start"": 19754.83, ""statement_start"": 19563.66}","as force for peace, not tools for domination",uncertain,False,force for peace,"force for peace, not tools for domination",en
E00326,verbatim_en_2025_SAU:4,2025_SAU,2025,SAU,Asia-Pacific States,data/analysis_ready_en/2025/2025_SAU.json,86cac90e3d422809ac1f5596476fadd0514eb0c3ef3fe5f48d50eb7c7e8224a1,data/unga_general_debate_verbatim_en/automatic_transcripts_unofficial/UNGA2025_day5_EN_ASR.json,"{""char_end"": 8909, ""char_start"": 6654, ""end"": 27484.47, ""extracted_block"": 1, ""json_pointer"": ""/transcript/data/41/paragraphs/0"", ""origin_file"": ""data/unga_general_debate_verbatim_en/automatic_transcripts_unofficial/UNGA2025_day5_EN_ASR.json"", ""origin_sha256"": ""6af8373eabbece61df49527d7664a10b9d6b9b3122210c691c28246f80a54da8"", ""paragraph"": 1, ""start"": 26494.88, ""statement_start"": 26494.88}",the dangers of the military uses of artificial intelligence applications and autonomous weapons,reviewed,False,autonomous weapons,autonomous weapons,en
E00326,verbatim_en_2025_SAU:4,2025_SAU,2025,SAU,Asia-Pacific States,data/analysis_ready_en/2025/2025_SAU.json,86cac90e3d422809ac1f5596476fadd0514eb0c3ef3fe5f48d50eb7c7e8224a1,data/unga_general_debate_verbatim_en/automatic_transcripts_unofficial/UNGA2025_day5_EN_ASR.json,"{""char_end"": 8909, ""char_start"": 6654, ""end"": 27484.47, ""extracted_block"": 1, ""json_pointer"": ""/transcript/data/41/paragraphs/0"", ""origin_file"": ""data/unga_general_debate_verbatim_en/automatic_transcripts_unofficial/UNGA2025_day5_EN_ASR.json"", ""origin_sha256"": ""6af8373eabbece61df49527d7664a10b9d6b9b3122210c691c28246f80a54da8"", ""paragraph"": 1, ""start"": 26494.88, ""statement_start"": 26494.88}",the military uses of artificial intelligence applications,uncertain,False,military uses of ai,military uses of artificial intelligence applications,en
E00326,verbatim_en_2025_SAU:4,2025_SAU,2025,SAU,Asia-Pacific States,data/analysis_ready_en/2025/2025_SAU.json,86cac90e3d422809ac1f5596476fadd0514eb0c3ef3fe5f48d50eb7c7e8224a1,data/unga_general_debate_verbatim_en/automatic_transcripts_unofficial/UNGA2025_day5_EN_ASR.json,"{""char_end"": 8909, ""char_start"": 6654, ""end"": 27484.47, ""extracted_block"": 1, ""json_pointer"": ""/transcript/data/41/paragraphs/0"", ""origin_file"": ""data/unga_general_debate_verbatim_en/automatic_transcripts_unofficial/UNGA2025_day5_EN_ASR.json"", ""origin_sha256"": ""6af8373eabbece61df49527d7664a10b9d6b9b3122210c691c28246f80a54da8"", ""paragraph"": 1, ""start"": 26494.88, ""statement_start"": 26494.88}",the dangers of the military uses of artificial intelligence applications and autonomous weapons,uncertain,False,military uses of artificial intelligence,military uses of artificial intelligence applications,en
E00327,verbatim_en_2025_SGP:6,2025_SGP,2025,SGP,Asia-Pacific States,data/analysis_ready_en/2025/2025_SGP.json,637a2ec3c26dbfe13329e7599062eea852b761eadbaa7b86f164b1327877e0c0,data/unga_general_debate_verbatim_en/automatic_transcripts_unofficial/UNGA2025_day5_EN_ASR.json,"{""char_end"": 12240, ""char_start"": 10613, ""end"": 28536.03, ""extracted_block"": 1, ""json_pointer"": ""/transcript/data/43/paragraphs/0"", ""origin_file"": ""data/unga_general_debate_verbatim_en/automatic_transcripts_unofficial/UNGA2025_day5_EN_ASR.json"", ""origin_sha256"": ""6af8373eabbece61df49527d7664a10b9d6b9b3122210c691c28246f80a54da8"", ""paragraph"": 1, ""start"": 27523.49, ""statement_start"": 27523.49}",emerging technologies like AI as a force for good for all.,uncertain,False,ai for good,a force for good for all,en
E00327,verbatim_en_2025_SGP:6,2025_SGP,2025,SGP,Asia-Pacific States,data/analysis_ready_en/2025/2025_SGP.json,637a2ec3c26dbfe13329e7599062eea852b761eadbaa7b86f164b1327877e0c0,data/unga_general_debate_verbatim_en/automatic_transcripts_unofficial/UNGA2025_day5_EN_ASR.json,"{""char_end"": 12240, ""char_start"": 10613, ""end"": 28536.03, ""extracted_block"": 1, ""json_pointer"": ""/transcript/data/43/paragraphs/0"", ""origin_file"": ""data/unga_general_debate_verbatim_en/automatic_transcripts_unofficial/UNGA2025_day5_EN_ASR.json"", ""origin_sha256"": ""6af8373eabbece61df49527d7664a10b9d6b9b3122210c691c28246f80a54da8"", ""paragraph"": 1, ""start"": 27523.49, ""statement_start"": 27523.49}",it requires guardrails so that it can be harnessed responsibly.,reviewed,False,guardrails,guardrails,en
E00328,verbatim_en_2025_SLB:7,2025_SLB,2025,SLB,Asia-Pacific States,data/analysis_ready_en/2025/2025_SLB.json,ede8763508ef2a61fa25ed2356a8d8846960acd98661a9b3732f7a9824d493d2,data/unga_general_debate_verbatim_en/automatic_transcripts_unofficial/UNGA2025_day4_EN_ASR.json,"{""char_end"": 15339, ""char_start"": 13071, ""end"": 19893.15, ""extracted_block"": 1, ""json_pointer"": ""/transcript/data/25/paragraphs/0"", ""origin_file"": ""data/unga_general_debate_verbatim_en/automatic_transcripts_unofficial/UNGA2025_day4_EN_ASR.json"", ""origin_sha256"": ""c8692911ed43efa9b2a58a9bdc9039d775619b12c0dd3077dd97f9cf543a8821"", ""paragraph"": 1, ""start"": 18108.79, ""statement_start"": 18108.79}",develop a governance framework to manage responsible use of artificial intelligence,uncertain,False,governance framework,governance framework to manage responsible use of artificial intelligence,en
E00329,verbatim_en_2025_SMR:7,2025_SMR,2025,SMR,Western European and other States,data/analysis_ready_en/2025/2025_SMR.json,102ba67eade9313914bfff6029309987c01df08cc8ee7f5b3b78290002477136,data/unga_general_debate_verbatim_en/automatic_transcripts_unofficial/UNGA2025_day5_EN_ASR.json,"{""char_end"": 13580, ""char_start"": 11333, ""end"": 26448.31, ""extracted_block"": 2, ""json_pointer"": ""/transcript/data/39/paragraphs/1"", ""origin_file"": ""data/unga_general_debate_verbatim_en/automatic_transcripts_unofficial/UNGA2025_day5_EN_ASR.json"", ""origin_sha256"": ""6af8373eabbece61df49527d7664a10b9d6b9b3122210c691c28246f80a54da8"", ""paragraph"": 2, ""start"": 25200.11, ""statement_start"": 25139.31}",branding the digital divide and promoting digital inclusion,uncertain,False,digital divide,digital divide,en
E00329,verbatim_en_2025_SMR:7,2025_SMR,2025,SMR,Western European and other States,data/analysis_ready_en/2025/2025_SMR.json,102ba67eade9313914bfff6029309987c01df08cc8ee7f5b3b78290002477136,data/unga_general_debate_verbatim_en/automatic_transcripts_unofficial/UNGA2025_day5_EN_ASR.json,"{""char_end"": 13580, ""char_start"": 11333, ""end"": 26448.31, ""extracted_block"": 2, ""json_pointer"": ""/transcript/data/39/paragraphs/1"", ""origin_file"": ""data/unga_general_debate_verbatim_en/automatic_transcripts_unofficial/UNGA2025_day5_EN_ASR.json"", ""origin_sha256"": ""6af8373eabbece61df49527d7664a10b9d6b9b3122210c691c28246f80a54da8"", ""paragraph"": 2, ""start"": 25200.11, ""statement_start"": 25139.31}",the global digital compact is an important tool,reviewed,False,global digital compact,global digital compact,en
E00329,verbatim_en_2025_SMR:7,2025_SMR,2025,SMR,Western European and other States,data/analysis_ready_en/2025/2025_SMR.json,102ba67eade9313914bfff6029309987c01df08cc8ee7f5b3b78290002477136,data/unga_general_debate_verbatim_en/automatic_transcripts_unofficial/UNGA2025_day5_EN_ASR.json,"{""char_end"": 13580, ""char_start"": 11333, ""end"": 26448.31, ""extracted_block"": 2, ""json_pointer"": ""/transcript/data/39/paragraphs/1"", ""origin_file"": ""data/unga_general_debate_verbatim_en/automatic_transcripts_unofficial/UNGA2025_day5_EN_ASR.json"", ""origin_sha256"": ""6af8373eabbece61df49527d7664a10b9d6b9b3122210c691c28246f80a54da8"", ""paragraph"": 2, ""start"": 25200.11, ""statement_start"": 25139.31}",the establishment of an independent international science panel on AI,reviewed,False,independent international scientific panel on ai,independent international science panel on AI,en
E00329,verbatim_en_2025_SMR:7,2025_SMR,2025,SMR,Western European and other States,data/analysis_ready_en/2025/2025_SMR.json,102ba67eade9313914bfff6029309987c01df08cc8ee7f5b3b78290002477136,data/unga_general_debate_verbatim_en/automatic_transcripts_unofficial/UNGA2025_day5_EN_ASR.json,"{""char_end"": 13580, ""char_start"": 11333, ""end"": 26448.31, ""extracted_block"": 2, ""json_pointer"": ""/transcript/data/39/paragraphs/1"", ""origin_file"": ""data/unga_general_debate_verbatim_en/automatic_transcripts_unofficial/UNGA2025_day5_EN_ASR.json"", ""origin_sha256"": ""6af8373eabbece61df49527d7664a10b9d6b9b3122210c691c28246f80a54da8"", ""paragraph"": 2, ""start"": 25200.11, ""statement_start"": 25139.31}",San Marino believe that meaningful human control must be retained over such decision,reviewed,False,meaningful human control,meaningful human control,en
E00330,verbatim_en_2025_SVK:4,2025_SVK,2025,SVK,Eastern European States,data/analysis_ready_en/2025/2025_SVK.json,22166922ef13440a3bd9e725c7dd4047c547f207ee231b3079d4192e4122c1ea,data/unga_general_debate_verbatim_en/automatic_transcripts_unofficial/UNGA2025_day2_EN_ASR.json,"{""char_end"": 7915, ""char_start"": 6020, ""end"": 31619.43, ""extracted_block"": 1, ""json_pointer"": ""/transcript/data/54/paragraphs/0"", ""origin_file"": ""data/unga_general_debate_verbatim_en/automatic_transcripts_unofficial/UNGA2025_day2_EN_ASR.json"", ""origin_sha256"": ""927288bea100aaf0c5a8e1048e8232dbbc03383fd1895cd4795d78e4afad6692"", ""paragraph"": 1, ""start"": 30865.07, ""statement_start"": 30865.07}","We need a responsible approach from all international institutions, the private sector, and also the governments.",uncertain,False,responsible approach,responsible approach,en
E00330,verbatim_en_2025_SVK:4,2025_SVK,2025,SVK,Eastern European States,data/analysis_ready_en/2025/2025_SVK.json,22166922ef13440a3bd9e725c7dd4047c547f207ee231b3079d4192e4122c1ea,data/unga_general_debate_verbatim_en/automatic_transcripts_unofficial/UNGA2025_day2_EN_ASR.json,"{""char_end"": 7915, ""char_start"": 6020, ""end"": 31619.43, ""extracted_block"": 1, ""json_pointer"": ""/transcript/data/54/paragraphs/0"", ""origin_file"": ""data/unga_general_debate_verbatim_en/automatic_transcripts_unofficial/UNGA2025_day2_EN_ASR.json"", ""origin_sha256"": ""927288bea100aaf0c5a8e1048e8232dbbc03383fd1895cd4795d78e4afad6692"", ""paragraph"": 1, ""start"": 30865.07, ""statement_start"": 30865.07}",hosting all the actors at the Summit on Education and AI in Bratislava,reviewed,False,summit on education and ai,Summit on Education and AI,en
E00332,verbatim_en_2025_TJK:3,2025_TJK,2025,TJK,Asia-Pacific States,data/analysis_ready_en/2025/2025_TJK.json,8c75ee4f18935987bf8b9cc601f505e16a0fe4ce8c5a3a772838f23519da09ac,data/unga_general_debate_verbatim_en/automatic_transcripts_unofficial/UNGA2025_day1_EN_ASR.json,"{""char_end"": 6711, ""char_start"": 4549, ""end"": 31385.19, ""extracted_block"": 1, ""json_pointer"": ""/transcript/data/51/paragraphs/0"", ""origin_file"": ""data/unga_general_debate_verbatim_en/automatic_transcripts_unofficial/UNGA2025_day1_EN_ASR.json"", ""origin_sha256"": ""5da320ba84a5d192501cb7893f63224a5548c0b9b120751cd82e40dda077a448"", ""paragraph"": 1, ""start"": 30290.71, ""statement_start"": 30290.71}",the establishment of a regional center for artificial intelligence in Dushanbe,reviewed,False,regional center for artificial intelligence,regional center for artificial intelligence,en
E00332,verbatim_en_2025_TJK:3,2025_TJK,2025,TJK,Asia-Pacific States,data/analysis_ready_en/2025/2025_TJK.json,8c75ee4f18935987bf8b9cc601f505e16a0fe4ce8c5a3a772838f23519da09ac,data/unga_general_debate_verbatim_en/automatic_transcripts_unofficial/UNGA2025_day1_EN_ASR.json,"{""char_end"": 6711, ""char_start"": 4549, ""end"": 31385.19, ""extracted_block"": 1, ""json_pointer"": ""/transcript/data/51/paragraphs/0"", ""origin_file"": ""data/unga_general_debate_verbatim_en/automatic_transcripts_unofficial/UNGA2025_day1_EN_ASR.json"", ""origin_sha256"": ""5da320ba84a5d192501cb7893f63224a5548c0b9b120751cd82e40dda077a448"", ""paragraph"": 1, ""start"": 30290.71, ""statement_start"": 30290.71}",the safe and equitable use of artificial intelligence in our region.,uncertain,False,safe and equitable use of ai,safe and equitable use of artificial intelligence,en
E00333,verbatim_en_2025_TJK:4,2025_TJK,2025,TJK,Asia-Pacific States,data/analysis_ready_en/2025/2025_TJK.json,8c75ee4f18935987bf8b9cc601f505e16a0fe4ce8c5a3a772838f23519da09ac,data/unga_general_debate_verbatim_en/automatic_transcripts_unofficial/UNGA2025_day1_EN_ASR.json,"{""char_end"": 9044, ""char_start"": 6712, ""end"": 31385.19, ""extracted_block"": 1, ""json_pointer"": ""/transcript/data/51/paragraphs/0"", ""origin_file"": ""data/unga_general_debate_verbatim_en/automatic_transcripts_unofficial/UNGA2025_day1_EN_ASR.json"", ""origin_sha256"": ""5da320ba84a5d192501cb7893f63224a5548c0b9b120751cd82e40dda077a448"", ""paragraph"": 1, ""start"": 30290.71, ""statement_start"": 30290.71}",This center would undoubtedly facilitate an implementation of joint initiatives and projects among Central Asian countries in the field of artificial intelligence.,reviewed,False,regional ai centre,This center,en
E00334,verbatim_en_2025_TLS:5,2025_TLS,2025,TLS,Asia-Pacific States,data/analysis_ready_en/2025/2025_TLS.json,248ce92a4f81f90013c145bfbf467cfc9e2900809460bcec637a910843126825,data/unga_general_debate_verbatim_en/automatic_transcripts_unofficial/UNGA2025_day6_EN_ASR.txt,"{""char_end"": 11127, ""char_start"": 8958, ""extracted_block"": 1, ""line_end"": 239, ""line_start"": 239, ""origin_file"": ""data/unga_general_debate_verbatim_en/automatic_transcripts_unofficial/UNGA2025_day6_EN_ASR.txt"", ""origin_sha256"": ""3c968a55df31a753048ea8efa399250e7f23d2b308cd095ca2294abb2c657269"", ""paragraph"": 1, ""speaker_line"": 237, ""statement_timestamp"": ""5:07:35"", ""transcript_block"": 36}",establish comprehensive regulations governing the use and development of AI.,uncertain,False,comprehensive regulations,comprehensive regulations governing the use and development of AI,en
E00334,verbatim_en_2025_TLS:5,2025_TLS,2025,TLS,Asia-Pacific States,data/analysis_ready_en/2025/2025_TLS.json,248ce92a4f81f90013c145bfbf467cfc9e2900809460bcec637a910843126825,data/unga_general_debate_verbatim_en/automatic_transcripts_unofficial/UNGA2025_day6_EN_ASR.txt,"{""char_end"": 11127, ""char_start"": 8958, ""extracted_block"": 1, ""line_end"": 239, ""line_start"": 239, ""origin_file"": ""data/unga_general_debate_verbatim_en/automatic_transcripts_unofficial/UNGA2025_day6_EN_ASR.txt"", ""origin_sha256"": ""3c968a55df31a753048ea8efa399250e7f23d2b308cd095ca2294abb2c657269"", ""paragraph"": 1, ""speaker_line"": 237, ""statement_timestamp"": ""5:07:35"", ""transcript_block"": 36}","This requires investing in digital infrastructure, enhancing digital literacy, and implementing e-government initiatives.",uncertain,False,digital literacy,digital literacy,en
E00335,verbatim_en_2025_TUR:11,2025_TUR,2025,TUR,Western European and other States,data/analysis_ready_en/2025/2025_TUR.json,17ab1d50f9788916bd224a911140cff3634c61eebababa362603da5fb0c39557,data/unga_general_debate_verbatim_en/automatic_transcripts_unofficial/UNGA2025_day1_EN_ASR.json,"{""char_end"": 18754, ""char_start"": 16503, ""end"": 12740.63, ""extracted_block"": 2, ""json_pointer"": ""/transcript/data/19/paragraphs/1"", ""origin_file"": ""data/unga_general_debate_verbatim_en/automatic_transcripts_unofficial/UNGA2025_day1_EN_ASR.json"", ""origin_sha256"": ""5da320ba84a5d192501cb7893f63224a5548c0b9b120751cd82e40dda077a448"", ""paragraph"": 2, ""start"": 10800.91, ""statement_start"": 10600.79}",We have prepared a children's rights convention in the digital world,uncertain,False,children's rights convention in the digital world,children's rights convention in the digital world,en
E00335,verbatim_en_2025_TUR:11,2025_TUR,2025,TUR,Western European and other States,data/analysis_ready_en/2025/2025_TUR.json,17ab1d50f9788916bd224a911140cff3634c61eebababa362603da5fb0c39557,data/unga_general_debate_verbatim_en/automatic_transcripts_unofficial/UNGA2025_day1_EN_ASR.json,"{""char_end"": 18754, ""char_start"": 16503, ""end"": 12740.63, ""extracted_block"": 2, ""json_pointer"": ""/transcript/data/19/paragraphs/1"", ""origin_file"": ""data/unga_general_debate_verbatim_en/automatic_transcripts_unofficial/UNGA2025_day1_EN_ASR.json"", ""origin_sha256"": ""5da320ba84a5d192501cb7893f63224a5548c0b9b120751cd82e40dda077a448"", ""paragraph"": 2, ""start"": 10800.91, ""statement_start"": 10600.79}",not as a new tool of domination,reviewed,False,tool of domination,new tool of domination,en
E00335,verbatim_en_2025_TUR:11,2025_TUR,2025,TUR,Western European and other States,data/analysis_ready_en/2025/2025_TUR.json,17ab1d50f9788916bd224a911140cff3634c61eebababa362603da5fb0c39557,data/unga_general_debate_verbatim_en/automatic_transcripts_unofficial/UNGA2025_day1_EN_ASR.json,"{""char_end"": 18754, ""char_start"": 16503, ""end"": 12740.63, ""extracted_block"": 2, ""json_pointer"": ""/transcript/data/19/paragraphs/1"", ""origin_file"": ""data/unga_general_debate_verbatim_en/automatic_transcripts_unofficial/UNGA2025_day1_EN_ASR.json"", ""origin_sha256"": ""5da320ba84a5d192501cb7893f63224a5548c0b9b120751cd82e40dda077a448"", ""paragraph"": 2, ""start"": 10800.91, ""statement_start"": 10600.79}",The UN Technology Bank for the least developed countries,reviewed,False,un technology bank,UN Technology Bank,en
E00336,verbatim_en_2025_UKR:4,2025_UKR,2025,UKR,Eastern European States,data/analysis_ready_en/2025/2025_UKR.json,193830aa0a8db5bbf45bc7d7400da7b13b20bdb59dc32c67d452134059eac624,data/unga_general_debate_verbatim_en/automatic_transcripts_unofficial/UNGA2025_day2_EN_ASR.json,"{""char_end"": 8075, ""char_start"": 6069, ""end"": 3243.27, ""extracted_block"": 1, ""json_pointer"": ""/transcript/data/3/paragraphs/0"", ""origin_file"": ""data/unga_general_debate_verbatim_en/automatic_transcripts_unofficial/UNGA2025_day2_EN_ASR.json"", ""origin_sha256"": ""927288bea100aaf0c5a8e1048e8232dbbc03383fd1895cd4795d78e4afad6692"", ""paragraph"": 1, ""start"": 2161.95, ""statement_start"": 2161.95}",We are now living through the most destructive arms race in human history,reviewed,False,ai arms race,arms race,en
E00336,verbatim_en_2025_UKR:4,2025_UKR,2025,UKR,Eastern European States,data/analysis_ready_en/2025/2025_UKR.json,193830aa0a8db5bbf45bc7d7400da7b13b20bdb59dc32c67d452134059eac624,data/unga_general_debate_verbatim_en/automatic_transcripts_unofficial/UNGA2025_day2_EN_ASR.json,"{""char_end"": 8075, ""char_start"": 6069, ""end"": 3243.27, ""extracted_block"": 1, ""json_pointer"": ""/transcript/data/3/paragraphs/0"", ""origin_file"": ""data/unga_general_debate_verbatim_en/automatic_transcripts_unofficial/UNGA2025_day2_EN_ASR.json"", ""origin_sha256"": ""927288bea100aaf0c5a8e1048e8232dbbc03383fd1895cd4795d78e4afad6692"", ""paragraph"": 1, ""start"": 2161.95, ""statement_start"": 2161.95}",We need global rules now for how AI can be used in weapons,uncertain,False,ai in weapons,how AI can be used in weapons,en
E00336,verbatim_en_2025_UKR:4,2025_UKR,2025,UKR,Eastern European States,data/analysis_ready_en/2025/2025_UKR.json,193830aa0a8db5bbf45bc7d7400da7b13b20bdb59dc32c67d452134059eac624,data/unga_general_debate_verbatim_en/automatic_transcripts_unofficial/UNGA2025_day2_EN_ASR.json,"{""char_end"": 8075, ""char_start"": 6069, ""end"": 3243.27, ""extracted_block"": 1, ""json_pointer"": ""/transcript/data/3/paragraphs/0"", ""origin_file"": ""data/unga_general_debate_verbatim_en/automatic_transcripts_unofficial/UNGA2025_day2_EN_ASR.json"", ""origin_sha256"": ""927288bea100aaf0c5a8e1048e8232dbbc03383fd1895cd4795d78e4afad6692"", ""paragraph"": 1, ""start"": 2161.95, ""statement_start"": 2161.95}","targeting people all by themselves, fully autonomous, and no human involved",uncertain,False,autonomous weapons,fully autonomous,en
E00336,verbatim_en_2025_UKR:4,2025_UKR,2025,UKR,Eastern European States,data/analysis_ready_en/2025/2025_UKR.json,193830aa0a8db5bbf45bc7d7400da7b13b20bdb59dc32c67d452134059eac624,data/unga_general_debate_verbatim_en/automatic_transcripts_unofficial/UNGA2025_day2_EN_ASR.json,"{""char_end"": 8075, ""char_start"": 6069, ""end"": 3243.27, ""extracted_block"": 1, ""json_pointer"": ""/transcript/data/3/paragraphs/0"", ""origin_file"": ""data/unga_general_debate_verbatim_en/automatic_transcripts_unofficial/UNGA2025_day2_EN_ASR.json"", ""origin_sha256"": ""927288bea100aaf0c5a8e1048e8232dbbc03383fd1895cd4795d78e4afad6692"", ""paragraph"": 1, ""start"": 2161.95, ""statement_start"": 2161.95}","targeting people all by themselves, fully autonomous, and no human involved",uncertain,False,fully autonomous drones,fully autonomous,en
E00336,verbatim_en_2025_UKR:4,2025_UKR,2025,UKR,Eastern European States,data/analysis_ready_en/2025/2025_UKR.json,193830aa0a8db5bbf45bc7d7400da7b13b20bdb59dc32c67d452134059eac624,data/unga_general_debate_verbatim_en/automatic_transcripts_unofficial/UNGA2025_day2_EN_ASR.json,"{""char_end"": 8075, ""char_start"": 6069, ""end"": 3243.27, ""extracted_block"": 1, ""json_pointer"": ""/transcript/data/3/paragraphs/0"", ""origin_file"": ""data/unga_general_debate_verbatim_en/automatic_transcripts_unofficial/UNGA2025_day2_EN_ASR.json"", ""origin_sha256"": ""927288bea100aaf0c5a8e1048e8232dbbc03383fd1895cd4795d78e4afad6692"", ""paragraph"": 1, ""start"": 2161.95, ""statement_start"": 2161.95}",We need global rules now for how AI can be used in weapons,uncertain,False,global rules for ai in weapons,global rules now for how AI can be used in weapons,en
E00337,verbatim_en_2025_USA:10,2025_USA,2025,USA,Not a formal member of any regional group,data/analysis_ready_en/2025/2025_USA.json,e44c3564830378658d0476f9bbcd3ec43fa032f0ac45ac62f3bb4bd40b8155b3,data/unga_general_debate_verbatim_en/automatic_transcripts_unofficial/UNGA2025_day1_EN_ASR.json,"{""char_end"": 19140, ""char_start"": 17193, ""end"": 7199.99, ""extracted_block"": 1, ""json_pointer"": ""/transcript/data/7/paragraphs/0"", ""origin_file"": ""data/unga_general_debate_verbatim_en/automatic_transcripts_unofficial/UNGA2025_day1_EN_ASR.json"", ""origin_sha256"": ""5da320ba84a5d192501cb7893f63224a5548c0b9b120751cd82e40dda077a448"", ""paragraph"": 1, ""start"": 5454.71, ""statement_start"": 5454.71}",by pioneering an AI verification system that everyone can trust,reviewed,False,ai verification system,AI verification system,en
E00337,verbatim_en_2025_USA:10,2025_USA,2025,USA,Not a formal member of any regional group,data/analysis_ready_en/2025/2025_USA.json,e44c3564830378658d0476f9bbcd3ec43fa032f0ac45ac62f3bb4bd40b8155b3,data/unga_general_debate_verbatim_en/automatic_transcripts_unofficial/UNGA2025_day1_EN_ASR.json,"{""char_end"": 19140, ""char_start"": 17193, ""end"": 7199.99, ""extracted_block"": 1, ""json_pointer"": ""/transcript/data/7/paragraphs/0"", ""origin_file"": ""data/unga_general_debate_verbatim_en/automatic_transcripts_unofficial/UNGA2025_day1_EN_ASR.json"", ""origin_sha256"": ""5da320ba84a5d192501cb7893f63224a5548c0b9b120751cd82e40dda077a448"", ""paragraph"": 1, ""start"": 5454.71, ""statement_start"": 5454.71}",a international effort to enforce Biological Weapons Convention,uncertain,False,biological weapons convention,Biological Weapons Convention,en
E00338,verbatim_en_2025_UZB:5,2025_UZB,2025,UZB,Asia-Pacific States,data/analysis_ready_en/2025/2025_UZB.json,13275027e80f1e6b3e4250fc9e8bf442d717ab46f59bab83792d44918ef5f7f9,data/unga_general_debate_verbatim_en/automatic_transcripts_unofficial/UNGA2025_day1_EN_ASR.json,"{""char_end"": 10545, ""char_start"": 8909, ""end"": 26687.19, ""extracted_block"": 1, ""json_pointer"": ""/transcript/data/43/paragraphs/0"", ""origin_file"": ""data/unga_general_debate_verbatim_en/automatic_transcripts_unofficial/UNGA2025_day1_EN_ASR.json"", ""origin_sha256"": ""5da320ba84a5d192501cb7893f63224a5548c0b9b120751cd82e40dda077a448"", ""paragraph"": 1, ""start"": 25780.02, ""statement_start"": 25780.02}",We propose to create an international cooperation mechanism,uncertain,False,international cooperation mechanism,international cooperation mechanism,en
E00339,verbatim_en_2025_VCT:1,2025_VCT,2025,VCT,Latin American and Caribbean States,data/analysis_ready_en/2025/2025_VCT.json,8bbd4033fa61297094bad7c99e125a8d15b7f7c851036f58bc5a40d879a9ebc0,data/unga_general_debate_verbatim_en/automatic_transcripts_unofficial/UNGA2025_day4_EN_ASR.json,"{""char_end"": 2220, ""char_start"": 0, ""end"": 7199.87, ""extracted_block"": 1, ""json_pointer"": ""/transcript/data/9/paragraphs/0"", ""origin_file"": ""data/unga_general_debate_verbatim_en/automatic_transcripts_unofficial/UNGA2025_day4_EN_ASR.json"", ""origin_sha256"": ""c8692911ed43efa9b2a58a9bdc9039d775619b12c0dd3077dd97f9cf543a8821"", ""paragraph"": 1, ""start"": 6989.98, ""statement_start"": 6989.98}",be guided by the global digital compact and the pact for the future and to reshape global governance more inclusively.,reviewed,False,global digital compact,global digital compact,en
E00341,verbatim_en_2025_ZWE:4,2025_ZWE,2025,ZWE,African States,data/analysis_ready_en/2025/2025_ZWE.json,551add22bfbe911cee244c167b0742cc78c9e45fe97d78c656de0bdd54f59b3e,data/unga_general_debate_verbatim_en/automatic_transcripts_unofficial/UNGA2025_day4_EN_ASR.json,"{""char_end"": 8945, ""char_start"": 6520, ""end"": 37640.83, ""extracted_block"": 1, ""json_pointer"": ""/transcript/data/55/paragraphs/0"", ""origin_file"": ""data/unga_general_debate_verbatim_en/automatic_transcripts_unofficial/UNGA2025_day4_EN_ASR.json"", ""origin_sha256"": ""c8692911ed43efa9b2a58a9bdc9039d775619b12c0dd3077dd97f9cf543a8821"", ""paragraph"": 1, ""start"": 36687.55, ""statement_start"": 36687.55}",The global dialogue on AI governance should assist all countries.,reviewed,False,global dialogue on ai governance,global dialogue on AI governance,en
E00342,verbatim_en_2026_AGO:1,2026_AGO,2026,AGO,African States,data/analysis_ready_en/2026/2026_AGO.json,a688db86b6974783fca0a831f61d5e91dd26a6d58c7fd694ed39ad4b798acc81,data/unga_general_debate_verbatim_en/automatic_transcripts_unofficial/UNGA2026_day1_EN_ASR.json,"{""char_end"": 2107, ""char_start"": 0, ""end"": 23817.99, ""extracted_block"": 1, ""json_pointer"": ""/transcript/data/32/paragraphs/0"", ""origin_file"": ""data/unga_general_debate_verbatim_en/automatic_transcripts_unofficial/UNGA2026_day1_EN_ASR.json"", ""origin_sha256"": ""c2ea4447e91a784516298f9c67597d8555c865e03b57840edc1644a8b924df75"", ""paragraph"": 1, ""start"": 22341.94, ""statement_start"": 22341.94}",a champion of the global debate on global governance of artificial intelligence.,reviewed,False,global governance of artificial intelligence,global governance of artificial intelligence,en
E00343,verbatim_en_2026_AGO:6,2026_AGO,2026,AGO,African States,data/analysis_ready_en/2026/2026_AGO.json,a688db86b6974783fca0a831f61d5e91dd26a6d58c7fd694ed39ad4b798acc81,data/unga_general_debate_verbatim_en/automatic_transcripts_unofficial/UNGA2026_day1_EN_ASR.json,"{""char_end"": 12515, ""char_start"": 10316, ""end"": 23817.99, ""extracted_block"": 1, ""json_pointer"": ""/transcript/data/32/paragraphs/0"", ""origin_file"": ""data/unga_general_debate_verbatim_en/automatic_transcripts_unofficial/UNGA2026_day1_EN_ASR.json"", ""origin_sha256"": ""c2ea4447e91a784516298f9c67597d8555c865e03b57840edc1644a8b924df75"", ""paragraph"": 1, ""start"": 22341.94, ""statement_start"": 22341.94}",climate issues and global governance of artificial intelligence.,uncertain,False,global governance of ai,global governance of artificial intelligence,en
E00343,verbatim_en_2026_AGO:6,2026_AGO,2026,AGO,African States,data/analysis_ready_en/2026/2026_AGO.json,a688db86b6974783fca0a831f61d5e91dd26a6d58c7fd694ed39ad4b798acc81,data/unga_general_debate_verbatim_en/automatic_transcripts_unofficial/UNGA2026_day1_EN_ASR.json,"{""char_end"": 12515, ""char_start"": 10316, ""end"": 23817.99, ""extracted_block"": 1, ""json_pointer"": ""/transcript/data/32/paragraphs/0"", ""origin_file"": ""data/unga_general_debate_verbatim_en/automatic_transcripts_unofficial/UNGA2026_day1_EN_ASR.json"", ""origin_sha256"": ""c2ea4447e91a784516298f9c67597d8555c865e03b57840edc1644a8b924df75"", ""paragraph"": 1, ""start"": 22341.94, ""statement_start"": 22341.94}",climate issues and global governance of artificial intelligence.,uncertain,False,global governance of artificial intelligence,global governance of artificial intelligence,en
E00344,verbatim_en_2026_AGO:7,2026_AGO,2026,AGO,African States,data/analysis_ready_en/2026/2026_AGO.json,a688db86b6974783fca0a831f61d5e91dd26a6d58c7fd694ed39ad4b798acc81,data/unga_general_debate_verbatim_en/automatic_transcripts_unofficial/UNGA2026_day1_EN_ASR.json,"{""char_end"": 14751, ""char_start"": 12516, ""end"": 23817.99, ""extracted_block"": 1, ""json_pointer"": ""/transcript/data/32/paragraphs/0"", ""origin_file"": ""data/unga_general_debate_verbatim_en/automatic_transcripts_unofficial/UNGA2026_day1_EN_ASR.json"", ""origin_sha256"": ""c2ea4447e91a784516298f9c67597d8555c865e03b57840edc1644a8b924df75"", ""paragraph"": 1, ""start"": 22341.94, ""statement_start"": 22341.94}",to bridge the digital divide,uncertain,False,digital divide,digital divide,en
E00344,verbatim_en_2026_AGO:7,2026_AGO,2026,AGO,African States,data/analysis_ready_en/2026/2026_AGO.json,a688db86b6974783fca0a831f61d5e91dd26a6d58c7fd694ed39ad4b798acc81,data/unga_general_debate_verbatim_en/automatic_transcripts_unofficial/UNGA2026_day1_EN_ASR.json,"{""char_end"": 14751, ""char_start"": 12516, ""end"": 23817.99, ""extracted_block"": 1, ""json_pointer"": ""/transcript/data/32/paragraphs/0"", ""origin_file"": ""data/unga_general_debate_verbatim_en/automatic_transcripts_unofficial/UNGA2026_day1_EN_ASR.json"", ""origin_sha256"": ""c2ea4447e91a784516298f9c67597d8555c865e03b57840edc1644a8b924df75"", ""paragraph"": 1, ""start"": 22341.94, ""statement_start"": 22341.94}",expand digital public infrastructure,uncertain,False,digital public infrastructure,digital public infrastructure,en
E00344,verbatim_en_2026_AGO:7,2026_AGO,2026,AGO,African States,data/analysis_ready_en/2026/2026_AGO.json,a688db86b6974783fca0a831f61d5e91dd26a6d58c7fd694ed39ad4b798acc81,data/unga_general_debate_verbatim_en/automatic_transcripts_unofficial/UNGA2026_day1_EN_ASR.json,"{""char_end"": 14751, ""char_start"": 12516, ""end"": 23817.99, ""extracted_block"": 1, ""json_pointer"": ""/transcript/data/32/paragraphs/0"", ""origin_file"": ""data/unga_general_debate_verbatim_en/automatic_transcripts_unofficial/UNGA2026_day1_EN_ASR.json"", ""origin_sha256"": ""c2ea4447e91a784516298f9c67597d8555c865e03b57840edc1644a8b924df75"", ""paragraph"": 1, ""start"": 22341.94, ""statement_start"": 22341.94}",the Global Digital Compact opens new prospects for cooperation,reviewed,False,global digital compact,Global Digital Compact,en
E00344,verbatim_en_2026_AGO:7,2026_AGO,2026,AGO,African States,data/analysis_ready_en/2026/2026_AGO.json,a688db86b6974783fca0a831f61d5e91dd26a6d58c7fd694ed39ad4b798acc81,data/unga_general_debate_verbatim_en/automatic_transcripts_unofficial/UNGA2026_day1_EN_ASR.json,"{""char_end"": 14751, ""char_start"": 12516, ""end"": 23817.99, ""extracted_block"": 1, ""json_pointer"": ""/transcript/data/32/paragraphs/0"", ""origin_file"": ""data/unga_general_debate_verbatim_en/automatic_transcripts_unofficial/UNGA2026_day1_EN_ASR.json"", ""origin_sha256"": ""c2ea4447e91a784516298f9c67597d8555c865e03b57840edc1644a8b924df75"", ""paragraph"": 1, ""start"": 22341.94, ""statement_start"": 22341.94}",human-centered governance of artificial intelligence.,reviewed,False,human-centered ai governance,human-centered governance of artificial intelligence,en
E00345,verbatim_en_2026_ALB:1,2026_ALB,2026,ALB,Eastern European States,data/analysis_ready_en/2026/2026_ALB.json,5fe73a55b1a13a4c40b47a02fb3e39294c6efb05096f73b74122daa950a2c85c,data/unga_general_debate_verbatim_en/automatic_transcripts_unofficial/UNGA2026_day4_EN_ASR.json,"{""char_end"": 1995, ""char_start"": 0, ""end"": 17999.99, ""extracted_block"": 1, ""json_pointer"": ""/transcript/data/25/paragraphs/0"", ""origin_file"": ""data/unga_general_debate_verbatim_en/automatic_transcripts_unofficial/UNGA2026_day4_EN_ASR.json"", ""origin_sha256"": ""1c43e6b9024f9c46d1e134590e19b4bfa3567b0a9cac7c5f0a29794d0b9dd1a6"", ""paragraph"": 1, ""start"": 16972.81, ""statement_start"": 16972.81}",Albania is not a developer of frontier models.,reviewed,False,frontier models,frontier models,en
E00345,verbatim_en_2026_ALB:1,2026_ALB,2026,ALB,Eastern European States,data/analysis_ready_en/2026/2026_ALB.json,5fe73a55b1a13a4c40b47a02fb3e39294c6efb05096f73b74122daa950a2c85c,data/unga_general_debate_verbatim_en/automatic_transcripts_unofficial/UNGA2026_day4_EN_ASR.json,"{""char_end"": 1995, ""char_start"": 0, ""end"": 17999.99, ""extracted_block"": 1, ""json_pointer"": ""/transcript/data/25/paragraphs/0"", ""origin_file"": ""data/unga_general_debate_verbatim_en/automatic_transcripts_unofficial/UNGA2026_day4_EN_ASR.json"", ""origin_sha256"": ""1c43e6b9024f9c46d1e134590e19b4bfa3567b0a9cac7c5f0a29794d0b9dd1a6"", ""paragraph"": 1, ""start"": 16972.81, ""statement_start"": 16972.81}",The greatest danger is that it will obey the wrong human beings perfectly.,uncertain,False,obey the wrong human beings,obey the wrong human beings perfectly,en
E00345,verbatim_en_2026_ALB:1,2026_ALB,2026,ALB,Eastern European States,data/analysis_ready_en/2026/2026_ALB.json,5fe73a55b1a13a4c40b47a02fb3e39294c6efb05096f73b74122daa950a2c85c,data/unga_general_debate_verbatim_en/automatic_transcripts_unofficial/UNGA2026_day4_EN_ASR.json,"{""char_end"": 1995, ""char_start"": 0, ""end"": 17999.99, ""extracted_block"": 1, ""json_pointer"": ""/transcript/data/25/paragraphs/0"", ""origin_file"": ""data/unga_general_debate_verbatim_en/automatic_transcripts_unofficial/UNGA2026_day4_EN_ASR.json"", ""origin_sha256"": ""1c43e6b9024f9c46d1e134590e19b4bfa3567b0a9cac7c5f0a29794d0b9dd1a6"", ""paragraph"": 1, ""start"": 16972.81, ""statement_start"": 16972.81}",imitate a trusted voice,uncertain,False,voice imitation,imitate a trusted voice,en
E00346,verbatim_en_2026_ALB:2,2026_ALB,2026,ALB,Eastern European States,data/analysis_ready_en/2026/2026_ALB.json,5fe73a55b1a13a4c40b47a02fb3e39294c6efb05096f73b74122daa950a2c85c,data/unga_general_debate_verbatim_en/automatic_transcripts_unofficial/UNGA2026_day4_EN_ASR.json,"{""char_end"": 4151, ""char_start"": 1996, ""end"": 17999.99, ""extracted_block"": 1, ""json_pointer"": ""/transcript/data/25/paragraphs/0"", ""origin_file"": ""data/unga_general_debate_verbatim_en/automatic_transcripts_unofficial/UNGA2026_day4_EN_ASR.json"", ""origin_sha256"": ""1c43e6b9024f9c46d1e134590e19b4bfa3567b0a9cac7c5f0a29794d0b9dd1a6"", ""paragraph"": 1, ""start"": 16972.81, ""statement_start"": 16972.81}","through Diella, our worldwide known artificial intelligence minister",reviewed,False,ai minister,artificial intelligence minister,en
E00346,verbatim_en_2026_ALB:2,2026_ALB,2026,ALB,Eastern European States,data/analysis_ready_en/2026/2026_ALB.json,5fe73a55b1a13a4c40b47a02fb3e39294c6efb05096f73b74122daa950a2c85c,data/unga_general_debate_verbatim_en/automatic_transcripts_unofficial/UNGA2026_day4_EN_ASR.json,"{""char_end"": 4151, ""char_start"": 1996, ""end"": 17999.99, ""extracted_block"": 1, ""json_pointer"": ""/transcript/data/25/paragraphs/0"", ""origin_file"": ""data/unga_general_debate_verbatim_en/automatic_transcripts_unofficial/UNGA2026_day4_EN_ASR.json"", ""origin_sha256"": ""1c43e6b9024f9c46d1e134590e19b4bfa3567b0a9cac7c5f0a29794d0b9dd1a6"", ""paragraph"": 1, ""start"": 16972.81, ""statement_start"": 16972.81}","through Diella, our worldwide known artificial intelligence minister",uncertain,False,diella,Diella,en
E00346,verbatim_en_2026_ALB:2,2026_ALB,2026,ALB,Eastern European States,data/analysis_ready_en/2026/2026_ALB.json,5fe73a55b1a13a4c40b47a02fb3e39294c6efb05096f73b74122daa950a2c85c,data/unga_general_debate_verbatim_en/automatic_transcripts_unofficial/UNGA2026_day4_EN_ASR.json,"{""char_end"": 4151, ""char_start"": 1996, ""end"": 17999.99, ""extracted_block"": 1, ""json_pointer"": ""/transcript/data/25/paragraphs/0"", ""origin_file"": ""data/unga_general_debate_verbatim_en/automatic_transcripts_unofficial/UNGA2026_day4_EN_ASR.json"", ""origin_sha256"": ""1c43e6b9024f9c46d1e134590e19b4bfa3567b0a9cac7c5f0a29794d0b9dd1a6"", ""paragraph"": 1, ""start"": 16972.81, ""statement_start"": 16972.81}",the so-called Flamingo Revolution,uncertain,False,flamingo revolution,Flamingo Revolution,en
E00346,verbatim_en_2026_ALB:2,2026_ALB,2026,ALB,Eastern European States,data/analysis_ready_en/2026/2026_ALB.json,5fe73a55b1a13a4c40b47a02fb3e39294c6efb05096f73b74122daa950a2c85c,data/unga_general_debate_verbatim_en/automatic_transcripts_unofficial/UNGA2026_day4_EN_ASR.json,"{""char_end"": 4151, ""char_start"": 1996, ""end"": 17999.99, ""extracted_block"": 1, ""json_pointer"": ""/transcript/data/25/paragraphs/0"", ""origin_file"": ""data/unga_general_debate_verbatim_en/automatic_transcripts_unofficial/UNGA2026_day4_EN_ASR.json"", ""origin_sha256"": ""1c43e6b9024f9c46d1e134590e19b4bfa3567b0a9cac7c5f0a29794d0b9dd1a6"", ""paragraph"": 1, ""start"": 16972.81, ""statement_start"": 16972.81}",And a civilization that outsources judgment may discover that this also outsources responsibility.,uncertain,False,outsourcing judgment,outsources judgment,en
E00347,verbatim_en_2026_ALB:3,2026_ALB,2026,ALB,Eastern European States,data/analysis_ready_en/2026/2026_ALB.json,5fe73a55b1a13a4c40b47a02fb3e39294c6efb05096f73b74122daa950a2c85c,data/unga_general_debate_verbatim_en/automatic_transcripts_unofficial/UNGA2026_day4_EN_ASR.json,"{""char_end"": 6183, ""char_start"": 4152, ""end"": 17999.99, ""extracted_block"": 1, ""json_pointer"": ""/transcript/data/25/paragraphs/0"", ""origin_file"": ""data/unga_general_debate_verbatim_en/automatic_transcripts_unofficial/UNGA2026_day4_EN_ASR.json"", ""origin_sha256"": ""1c43e6b9024f9c46d1e134590e19b4bfa3567b0a9cac7c5f0a29794d0b9dd1a6"", ""paragraph"": 1, ""start"": 16972.81, ""statement_start"": 16972.81}",The algorithm did not invent the objective. A human actor did.,uncertain,False,algorithm,algorithm,en
E00347,verbatim_en_2026_ALB:3,2026_ALB,2026,ALB,Eastern European States,data/analysis_ready_en/2026/2026_ALB.json,5fe73a55b1a13a4c40b47a02fb3e39294c6efb05096f73b74122daa950a2c85c,data/unga_general_debate_verbatim_en/automatic_transcripts_unofficial/UNGA2026_day4_EN_ASR.json,"{""char_end"": 6183, ""char_start"": 4152, ""end"": 17999.99, ""extracted_block"": 1, ""json_pointer"": ""/transcript/data/25/paragraphs/0"", ""origin_file"": ""data/unga_general_debate_verbatim_en/automatic_transcripts_unofficial/UNGA2026_day4_EN_ASR.json"", ""origin_sha256"": ""1c43e6b9024f9c46d1e134590e19b4bfa3567b0a9cac7c5f0a29794d0b9dd1a6"", ""paragraph"": 1, ""start"": 16972.81, ""statement_start"": 16972.81}",The algorithm did not develop hatred. It discovered how to activate ours.,uncertain,False,algorithmic manipulation,The algorithm,en
E00347,verbatim_en_2026_ALB:3,2026_ALB,2026,ALB,Eastern European States,data/analysis_ready_en/2026/2026_ALB.json,5fe73a55b1a13a4c40b47a02fb3e39294c6efb05096f73b74122daa950a2c85c,data/unga_general_debate_verbatim_en/automatic_transcripts_unofficial/UNGA2026_day4_EN_ASR.json,"{""char_end"": 6183, ""char_start"": 4152, ""end"": 17999.99, ""extracted_block"": 1, ""json_pointer"": ""/transcript/data/25/paragraphs/0"", ""origin_file"": ""data/unga_general_debate_verbatim_en/automatic_transcripts_unofficial/UNGA2026_day4_EN_ASR.json"", ""origin_sha256"": ""1c43e6b9024f9c46d1e134590e19b4bfa3567b0a9cac7c5f0a29794d0b9dd1a6"", ""paragraph"": 1, ""start"": 16972.81, ""statement_start"": 16972.81}",Election interference no longer requires one television station or one piece of propaganda repeated to an entire population.,reviewed,False,election interference,Election interference,en
E00347,verbatim_en_2026_ALB:3,2026_ALB,2026,ALB,Eastern European States,data/analysis_ready_en/2026/2026_ALB.json,5fe73a55b1a13a4c40b47a02fb3e39294c6efb05096f73b74122daa950a2c85c,data/unga_general_debate_verbatim_en/automatic_transcripts_unofficial/UNGA2026_day4_EN_ASR.json,"{""char_end"": 6183, ""char_start"": 4152, ""end"": 17999.99, ""extracted_block"": 1, ""json_pointer"": ""/transcript/data/25/paragraphs/0"", ""origin_file"": ""data/unga_general_debate_verbatim_en/automatic_transcripts_unofficial/UNGA2026_day4_EN_ASR.json"", ""origin_sha256"": ""1c43e6b9024f9c46d1e134590e19b4bfa3567b0a9cac7c5f0a29794d0b9dd1a6"", ""paragraph"": 1, ""start"": 16972.81, ""statement_start"": 16972.81}",This is systematic fraud as a service.,reviewed,False,fraud as a service,fraud as a service,en
E00348,verbatim_en_2026_ALB:4,2026_ALB,2026,ALB,Eastern European States,data/analysis_ready_en/2026/2026_ALB.json,5fe73a55b1a13a4c40b47a02fb3e39294c6efb05096f73b74122daa950a2c85c,data/unga_general_debate_verbatim_en/automatic_transcripts_unofficial/UNGA2026_day4_EN_ASR.json,"{""char_end"": 8278, ""char_start"": 6184, ""end"": 17999.99, ""extracted_block"": 1, ""json_pointer"": ""/transcript/data/25/paragraphs/0"", ""origin_file"": ""data/unga_general_debate_verbatim_en/automatic_transcripts_unofficial/UNGA2026_day4_EN_ASR.json"", ""origin_sha256"": ""1c43e6b9024f9c46d1e134590e19b4bfa3567b0a9cac7c5f0a29794d0b9dd1a6"", ""paragraph"": 1, ""start"": 16972.81, ""statement_start"": 16972.81}","anonymous, unlimited, and artificially amplified reach.",uncertain,False,artificial amplification,artificially amplified reach,en
E00348,verbatim_en_2026_ALB:4,2026_ALB,2026,ALB,Eastern European States,data/analysis_ready_en/2026/2026_ALB.json,5fe73a55b1a13a4c40b47a02fb3e39294c6efb05096f73b74122daa950a2c85c,data/unga_general_debate_verbatim_en/automatic_transcripts_unofficial/UNGA2026_day4_EN_ASR.json,"{""char_end"": 8278, ""char_start"": 6184, ""end"": 17999.99, ""extracted_block"": 1, ""json_pointer"": ""/transcript/data/25/paragraphs/0"", ""origin_file"": ""data/unga_general_debate_verbatim_en/automatic_transcripts_unofficial/UNGA2026_day4_EN_ASR.json"", ""origin_sha256"": ""1c43e6b9024f9c46d1e134590e19b4bfa3567b0a9cac7c5f0a29794d0b9dd1a6"", ""paragraph"": 1, ""start"": 16972.81, ""statement_start"": 16972.81}","there is no universal right to anonymous, unlimited, and artificially amplified reach",uncertain,False,artificially amplified reach,artificially amplified reach,en
E00348,verbatim_en_2026_ALB:4,2026_ALB,2026,ALB,Eastern European States,data/analysis_ready_en/2026/2026_ALB.json,5fe73a55b1a13a4c40b47a02fb3e39294c6efb05096f73b74122daa950a2c85c,data/unga_general_debate_verbatim_en/automatic_transcripts_unofficial/UNGA2026_day4_EN_ASR.json,"{""char_end"": 8278, ""char_start"": 6184, ""end"": 17999.99, ""extracted_block"": 1, ""json_pointer"": ""/transcript/data/25/paragraphs/0"", ""origin_file"": ""data/unga_general_debate_verbatim_en/automatic_transcripts_unofficial/UNGA2026_day4_EN_ASR.json"", ""origin_sha256"": ""1c43e6b9024f9c46d1e134590e19b4bfa3567b0a9cac7c5f0a29794d0b9dd1a6"", ""paragraph"": 1, ""start"": 16972.81, ""statement_start"": 16972.81}","Today, freedom of speech is threatened by the weaponization of the freedom of reach.",reviewed,False,freedom of reach,weaponization of the freedom of reach,en
E00349,verbatim_en_2026_ALB:5,2026_ALB,2026,ALB,Eastern European States,data/analysis_ready_en/2026/2026_ALB.json,5fe73a55b1a13a4c40b47a02fb3e39294c6efb05096f73b74122daa950a2c85c,data/unga_general_debate_verbatim_en/automatic_transcripts_unofficial/UNGA2026_day4_EN_ASR.json,"{""char_end"": 10616, ""char_start"": 8279, ""end"": 17999.99, ""extracted_block"": 1, ""json_pointer"": ""/transcript/data/25/paragraphs/0"", ""origin_file"": ""data/unga_general_debate_verbatim_en/automatic_transcripts_unofficial/UNGA2026_day4_EN_ASR.json"", ""origin_sha256"": ""1c43e6b9024f9c46d1e134590e19b4bfa3567b0a9cac7c5f0a29794d0b9dd1a6"", ""paragraph"": 1, ""start"": 16972.81, ""statement_start"": 16972.81}",is building an artificial intelligence-based digital mirror,uncertain,False,ai-based digital mirror,artificial intelligence-based digital mirror,en
E00349,verbatim_en_2026_ALB:5,2026_ALB,2026,ALB,Eastern European States,data/analysis_ready_en/2026/2026_ALB.json,5fe73a55b1a13a4c40b47a02fb3e39294c6efb05096f73b74122daa950a2c85c,data/unga_general_debate_verbatim_en/automatic_transcripts_unofficial/UNGA2026_day4_EN_ASR.json,"{""char_end"": 10616, ""char_start"": 8279, ""end"": 17999.99, ""extracted_block"": 1, ""json_pointer"": ""/transcript/data/25/paragraphs/0"", ""origin_file"": ""data/unga_general_debate_verbatim_en/automatic_transcripts_unofficial/UNGA2026_day4_EN_ASR.json"", ""origin_sha256"": ""1c43e6b9024f9c46d1e134590e19b4bfa3567b0a9cac7c5f0a29794d0b9dd1a6"", ""paragraph"": 1, ""start"": 16972.81, ""statement_start"": 16972.81}",building an artificial intelligence-based digital mirror,uncertain,False,digital mirror,artificial intelligence-based digital mirror,en
E00349,verbatim_en_2026_ALB:5,2026_ALB,2026,ALB,Eastern European States,data/analysis_ready_en/2026/2026_ALB.json,5fe73a55b1a13a4c40b47a02fb3e39294c6efb05096f73b74122daa950a2c85c,data/unga_general_debate_verbatim_en/automatic_transcripts_unofficial/UNGA2026_day4_EN_ASR.json,"{""char_end"": 10616, ""char_start"": 8279, ""end"": 17999.99, ""extracted_block"": 1, ""json_pointer"": ""/transcript/data/25/paragraphs/0"", ""origin_file"": ""data/unga_general_debate_verbatim_en/automatic_transcripts_unofficial/UNGA2026_day4_EN_ASR.json"", ""origin_sha256"": ""1c43e6b9024f9c46d1e134590e19b4bfa3567b0a9cac7c5f0a29794d0b9dd1a6"", ""paragraph"": 1, ""start"": 16972.81, ""statement_start"": 16972.81}",calls for an international compact for sovereign and democratic artificial intelligence,reviewed,False,international compact for sovereign and democratic ai,international compact for sovereign and democratic artificial intelligence,en
E00349,verbatim_en_2026_ALB:5,2026_ALB,2026,ALB,Eastern European States,data/analysis_ready_en/2026/2026_ALB.json,5fe73a55b1a13a4c40b47a02fb3e39294c6efb05096f73b74122daa950a2c85c,data/unga_general_debate_verbatim_en/automatic_transcripts_unofficial/UNGA2026_day4_EN_ASR.json,"{""char_end"": 10616, ""char_start"": 8279, ""end"": 17999.99, ""extracted_block"": 1, ""json_pointer"": ""/transcript/data/25/paragraphs/0"", ""origin_file"": ""data/unga_general_debate_verbatim_en/automatic_transcripts_unofficial/UNGA2026_day4_EN_ASR.json"", ""origin_sha256"": ""1c43e6b9024f9c46d1e134590e19b4bfa3567b0a9cac7c5f0a29794d0b9dd1a6"", ""paragraph"": 1, ""start"": 16972.81, ""statement_start"": 16972.81}",A moratorium observed by responsible states will not restrain hostile powers,reviewed,False,moratorium,moratorium,en
E00349,verbatim_en_2026_ALB:5,2026_ALB,2026,ALB,Eastern European States,data/analysis_ready_en/2026/2026_ALB.json,5fe73a55b1a13a4c40b47a02fb3e39294c6efb05096f73b74122daa950a2c85c,data/unga_general_debate_verbatim_en/automatic_transcripts_unofficial/UNGA2026_day4_EN_ASR.json,"{""char_end"": 10616, ""char_start"": 8279, ""end"": 17999.99, ""extracted_block"": 1, ""json_pointer"": ""/transcript/data/25/paragraphs/0"", ""origin_file"": ""data/unga_general_debate_verbatim_en/automatic_transcripts_unofficial/UNGA2026_day4_EN_ASR.json"", ""origin_sha256"": ""1c43e6b9024f9c46d1e134590e19b4bfa3567b0a9cac7c5f0a29794d0b9dd1a6"", ""paragraph"": 1, ""start"": 16972.81, ""statement_start"": 16972.81}",Sovereign artificial intelligence does not mean isolation.,uncertain,False,sovereign ai,Sovereign artificial intelligence,en
E00349,verbatim_en_2026_ALB:5,2026_ALB,2026,ALB,Eastern European States,data/analysis_ready_en/2026/2026_ALB.json,5fe73a55b1a13a4c40b47a02fb3e39294c6efb05096f73b74122daa950a2c85c,data/unga_general_debate_verbatim_en/automatic_transcripts_unofficial/UNGA2026_day4_EN_ASR.json,"{""char_end"": 10616, ""char_start"": 8279, ""end"": 17999.99, ""extracted_block"": 1, ""json_pointer"": ""/transcript/data/25/paragraphs/0"", ""origin_file"": ""data/unga_general_debate_verbatim_en/automatic_transcripts_unofficial/UNGA2026_day4_EN_ASR.json"", ""origin_sha256"": ""1c43e6b9024f9c46d1e134590e19b4bfa3567b0a9cac7c5f0a29794d0b9dd1a6"", ""paragraph"": 1, ""start"": 16972.81, ""statement_start"": 16972.81}",Sovereign artificial intelligence does not mean isolation.,uncertain,False,sovereign artificial intelligence,Sovereign artificial intelligence,en
E00349,verbatim_en_2026_ALB:5,2026_ALB,2026,ALB,Eastern European States,data/analysis_ready_en/2026/2026_ALB.json,5fe73a55b1a13a4c40b47a02fb3e39294c6efb05096f73b74122daa950a2c85c,data/unga_general_debate_verbatim_en/automatic_transcripts_unofficial/UNGA2026_day4_EN_ASR.json,"{""char_end"": 10616, ""char_start"": 8279, ""end"": 17999.99, ""extracted_block"": 1, ""json_pointer"": ""/transcript/data/25/paragraphs/0"", ""origin_file"": ""data/unga_general_debate_verbatim_en/automatic_transcripts_unofficial/UNGA2026_day4_EN_ASR.json"", ""origin_sha256"": ""1c43e6b9024f9c46d1e134590e19b4bfa3567b0a9cac7c5f0a29794d0b9dd1a6"", ""paragraph"": 1, ""start"": 16972.81, ""statement_start"": 16972.81}",The answer to weaponized automation is not technological surrender.,reviewed,False,weaponized automation,weaponized automation,en
E00350,verbatim_en_2026_ALB:6,2026_ALB,2026,ALB,Eastern European States,data/analysis_ready_en/2026/2026_ALB.json,5fe73a55b1a13a4c40b47a02fb3e39294c6efb05096f73b74122daa950a2c85c,data/unga_general_debate_verbatim_en/automatic_transcripts_unofficial/UNGA2026_day4_EN_ASR.json,"{""char_end"": 10905, ""char_start"": 10617, ""end"": 17999.99, ""extracted_block"": 1, ""json_pointer"": ""/transcript/data/25/paragraphs/0"", ""origin_file"": ""data/unga_general_debate_verbatim_en/automatic_transcripts_unofficial/UNGA2026_day4_EN_ASR.json"", ""origin_sha256"": ""1c43e6b9024f9c46d1e134590e19b4bfa3567b0a9cac7c5f0a29794d0b9dd1a6"", ""paragraph"": 1, ""start"": 16972.81, ""statement_start"": 16972.81}",the architecture of reach should become transparent,uncertain,False,architecture of reach,architecture of reach,en
E00350,verbatim_en_2026_ALB:6,2026_ALB,2026,ALB,Eastern European States,data/analysis_ready_en/2026/2026_ALB.json,5fe73a55b1a13a4c40b47a02fb3e39294c6efb05096f73b74122daa950a2c85c,data/unga_general_debate_verbatim_en/automatic_transcripts_unofficial/UNGA2026_day4_EN_ASR.json,"{""char_end"": 10905, ""char_start"": 10617, ""end"": 17999.99, ""extracted_block"": 1, ""json_pointer"": ""/transcript/data/25/paragraphs/0"", ""origin_file"": ""data/unga_general_debate_verbatim_en/automatic_transcripts_unofficial/UNGA2026_day4_EN_ASR.json"", ""origin_sha256"": ""1c43e6b9024f9c46d1e134590e19b4bfa3567b0a9cac7c5f0a29794d0b9dd1a6"", ""paragraph"": 1, ""start"": 16972.81, ""statement_start"": 16972.81}",who artificially amplified consequential political content,reviewed,False,artificial amplification,artificially amplified,en
E00351,verbatim_en_2026_ALB:7,2026_ALB,2026,ALB,Eastern European States,data/analysis_ready_en/2026/2026_ALB.json,5fe73a55b1a13a4c40b47a02fb3e39294c6efb05096f73b74122daa950a2c85c,data/unga_general_debate_verbatim_en/automatic_transcripts_unofficial/UNGA2026_day4_EN_ASR.json,"{""char_end"": 2172, ""char_start"": 0, ""end"": 18304.23, ""extracted_block"": 2, ""json_pointer"": ""/transcript/data/25/paragraphs/1"", ""origin_file"": ""data/unga_general_debate_verbatim_en/automatic_transcripts_unofficial/UNGA2026_day4_EN_ASR.json"", ""origin_sha256"": ""1c43e6b9024f9c46d1e134590e19b4bfa3567b0a9cac7c5f0a29794d0b9dd1a6"", ""paragraph"": 2, ""start"": 18000.51, ""statement_start"": 16972.81}",evidence of artificial intelligence driven manipulation,uncertain,False,ai-driven manipulation,artificial intelligence driven manipulation,en
E00351,verbatim_en_2026_ALB:7,2026_ALB,2026,ALB,Eastern European States,data/analysis_ready_en/2026/2026_ALB.json,5fe73a55b1a13a4c40b47a02fb3e39294c6efb05096f73b74122daa950a2c85c,data/unga_general_debate_verbatim_en/automatic_transcripts_unofficial/UNGA2026_day4_EN_ASR.json,"{""char_end"": 2172, ""char_start"": 0, ""end"": 18304.23, ""extracted_block"": 2, ""json_pointer"": ""/transcript/data/25/paragraphs/1"", ""origin_file"": ""data/unga_general_debate_verbatim_en/automatic_transcripts_unofficial/UNGA2026_day4_EN_ASR.json"", ""origin_sha256"": ""1c43e6b9024f9c46d1e134590e19b4bfa3567b0a9cac7c5f0a29794d0b9dd1a6"", ""paragraph"": 2, ""start"": 18000.51, ""statement_start"": 16972.81}",Let us ensure that no citizen is left alone before an increasingly terrifying algorithmic army.,reviewed,False,algorithmic army,algorithmic army,en
E00351,verbatim_en_2026_ALB:7,2026_ALB,2026,ALB,Eastern European States,data/analysis_ready_en/2026/2026_ALB.json,5fe73a55b1a13a4c40b47a02fb3e39294c6efb05096f73b74122daa950a2c85c,data/unga_general_debate_verbatim_en/automatic_transcripts_unofficial/UNGA2026_day4_EN_ASR.json,"{""char_end"": 2172, ""char_start"": 0, ""end"": 18304.23, ""extracted_block"": 2, ""json_pointer"": ""/transcript/data/25/paragraphs/1"", ""origin_file"": ""data/unga_general_debate_verbatim_en/automatic_transcripts_unofficial/UNGA2026_day4_EN_ASR.json"", ""origin_sha256"": ""1c43e6b9024f9c46d1e134590e19b4bfa3567b0a9cac7c5f0a29794d0b9dd1a6"", ""paragraph"": 2, ""start"": 18000.51, ""statement_start"": 16972.81}","Digital sovereignty cannot become a privilege, again, reserved for the richest states.",reviewed,False,digital sovereignty,Digital sovereignty,en
E00351,verbatim_en_2026_ALB:7,2026_ALB,2026,ALB,Eastern European States,data/analysis_ready_en/2026/2026_ALB.json,5fe73a55b1a13a4c40b47a02fb3e39294c6efb05096f73b74122daa950a2c85c,data/unga_general_debate_verbatim_en/automatic_transcripts_unofficial/UNGA2026_day4_EN_ASR.json,"{""char_end"": 2172, ""char_start"": 0, ""end"": 18304.23, ""extracted_block"": 2, ""json_pointer"": ""/transcript/data/25/paragraphs/1"", ""origin_file"": ""data/unga_general_debate_verbatim_en/automatic_transcripts_unofficial/UNGA2026_day4_EN_ASR.json"", ""origin_sha256"": ""1c43e6b9024f9c46d1e134590e19b4bfa3567b0a9cac7c5f0a29794d0b9dd1a6"", ""paragraph"": 2, ""start"": 18000.51, ""statement_start"": 16972.81}",democracies must create a shared early warning system,uncertain,False,early warning system,shared early warning system,en
E00351,verbatim_en_2026_ALB:7,2026_ALB,2026,ALB,Eastern European States,data/analysis_ready_en/2026/2026_ALB.json,5fe73a55b1a13a4c40b47a02fb3e39294c6efb05096f73b74122daa950a2c85c,data/unga_general_debate_verbatim_en/automatic_transcripts_unofficial/UNGA2026_day4_EN_ASR.json,"{""char_end"": 2172, ""char_start"": 0, ""end"": 18304.23, ""extracted_block"": 2, ""json_pointer"": ""/transcript/data/25/paragraphs/1"", ""origin_file"": ""data/unga_general_debate_verbatim_en/automatic_transcripts_unofficial/UNGA2026_day4_EN_ASR.json"", ""origin_sha256"": ""1c43e6b9024f9c46d1e134590e19b4bfa3567b0a9cac7c5f0a29794d0b9dd1a6"", ""paragraph"": 2, ""start"": 18000.51, ""statement_start"": 16972.81}",must preserve a clear chain of human and legal accountability.,uncertain,False,human and legal accountability,human and legal accountability,en
E00352,verbatim_en_2026_ALB:8,2026_ALB,2026,ALB,Eastern European States,data/analysis_ready_en/2026/2026_ALB.json,5fe73a55b1a13a4c40b47a02fb3e39294c6efb05096f73b74122daa950a2c85c,data/unga_general_debate_verbatim_en/automatic_transcripts_unofficial/UNGA2026_day4_EN_ASR.json,"{""char_end"": 3208, ""char_start"": 2173, ""end"": 18304.23, ""extracted_block"": 2, ""json_pointer"": ""/transcript/data/25/paragraphs/1"", ""origin_file"": ""data/unga_general_debate_verbatim_en/automatic_transcripts_unofficial/UNGA2026_day4_EN_ASR.json"", ""origin_sha256"": ""1c43e6b9024f9c46d1e134590e19b4bfa3567b0a9cac7c5f0a29794d0b9dd1a6"", ""paragraph"": 2, ""start"": 18000.51, ""statement_start"": 16972.81}","We choose acceleration, no surrender.",uncertain,False,acceleration,acceleration,en
E00352,verbatim_en_2026_ALB:8,2026_ALB,2026,ALB,Eastern European States,data/analysis_ready_en/2026/2026_ALB.json,5fe73a55b1a13a4c40b47a02fb3e39294c6efb05096f73b74122daa950a2c85c,data/unga_general_debate_verbatim_en/automatic_transcripts_unofficial/UNGA2026_day4_EN_ASR.json,"{""char_end"": 3208, ""char_start"": 2173, ""end"": 18304.23, ""extracted_block"": 2, ""json_pointer"": ""/transcript/data/25/paragraphs/1"", ""origin_file"": ""data/unga_general_debate_verbatim_en/automatic_transcripts_unofficial/UNGA2026_day4_EN_ASR.json"", ""origin_sha256"": ""1c43e6b9024f9c46d1e134590e19b4bfa3567b0a9cac7c5f0a29794d0b9dd1a6"", ""paragraph"": 2, ""start"": 18000.51, ""statement_start"": 16972.81}","We choose augmentation, no atrophy of human capacity.",uncertain,False,augmentation,augmentation,en
E00352,verbatim_en_2026_ALB:8,2026_ALB,2026,ALB,Eastern European States,data/analysis_ready_en/2026/2026_ALB.json,5fe73a55b1a13a4c40b47a02fb3e39294c6efb05096f73b74122daa950a2c85c,data/unga_general_debate_verbatim_en/automatic_transcripts_unofficial/UNGA2026_day4_EN_ASR.json,"{""char_end"": 3208, ""char_start"": 2173, ""end"": 18304.23, ""extracted_block"": 2, ""json_pointer"": ""/transcript/data/25/paragraphs/1"", ""origin_file"": ""data/unga_general_debate_verbatim_en/automatic_transcripts_unofficial/UNGA2026_day4_EN_ASR.json"", ""origin_sha256"": ""1c43e6b9024f9c46d1e134590e19b4bfa3567b0a9cac7c5f0a29794d0b9dd1a6"", ""paragraph"": 2, ""start"": 18000.51, ""statement_start"": 16972.81}","We choose augmentation, no atrophy of human capacity.",uncertain,False,human augmentation,augmentation,en
E00354,verbatim_en_2026_AND:6,2026_AND,2026,AND,Western European and other States,data/analysis_ready_en/2026/2026_AND.json,3286f8bf25ddd2dae6ec316f1894fa227ce1a293aaeaf6c6bc700ddac06c9a3b,data/unga_general_debate_verbatim_en/automatic_transcripts_unofficial/UNGA2026_day2_EN_ASR.json,"{""char_end"": 10146, ""char_start"": 8245, ""end"": 42140.39, ""extracted_block"": 2, ""json_pointer"": ""/transcript/data/70/paragraphs/1"", ""origin_file"": ""data/unga_general_debate_verbatim_en/automatic_transcripts_unofficial/UNGA2026_day2_EN_ASR.json"", ""origin_sha256"": ""1d48a568967de80ba6f0e040bcda57d9df79e12a3e50907b327f1fa68aa29a92"", ""paragraph"": 2, ""start"": 41133.99, ""statement_start"": 41131.71}",The digital revolution must not lead to cultural homogenization that condemns languages with fewer speakers to invisibility.,reviewed,False,cultural homogenization,cultural homogenization,en
E00354,verbatim_en_2026_AND:6,2026_AND,2026,AND,Western European and other States,data/analysis_ready_en/2026/2026_AND.json,3286f8bf25ddd2dae6ec316f1894fa227ce1a293aaeaf6c6bc700ddac06c9a3b,data/unga_general_debate_verbatim_en/automatic_transcripts_unofficial/UNGA2026_day2_EN_ASR.json,"{""char_end"": 10146, ""char_start"": 8245, ""end"": 42140.39, ""extracted_block"": 2, ""json_pointer"": ""/transcript/data/70/paragraphs/1"", ""origin_file"": ""data/unga_general_debate_verbatim_en/automatic_transcripts_unofficial/UNGA2026_day2_EN_ASR.json"", ""origin_sha256"": ""1d48a568967de80ba6f0e040bcda57d9df79e12a3e50907b327f1fa68aa29a92"", ""paragraph"": 2, ""start"": 41133.99, ""statement_start"": 41131.71}","That is why we advocate for global digital governance that fully incorporates respect for multilingualism, cultural diversity, and equal access to knowledge.",reviewed,False,global digital governance,global digital governance,en
E00354,verbatim_en_2026_AND:6,2026_AND,2026,AND,Western European and other States,data/analysis_ready_en/2026/2026_AND.json,3286f8bf25ddd2dae6ec316f1894fa227ce1a293aaeaf6c6bc700ddac06c9a3b,data/unga_general_debate_verbatim_en/automatic_transcripts_unofficial/UNGA2026_day2_EN_ASR.json,"{""char_end"": 10146, ""char_start"": 8245, ""end"": 42140.39, ""extracted_block"": 2, ""json_pointer"": ""/transcript/data/70/paragraphs/1"", ""origin_file"": ""data/unga_general_debate_verbatim_en/automatic_transcripts_unofficial/UNGA2026_day2_EN_ASR.json"", ""origin_sha256"": ""1d48a568967de80ba6f0e040bcda57d9df79e12a3e50907b327f1fa68aa29a92"", ""paragraph"": 2, ""start"": 41133.99, ""statement_start"": 41131.71}","That is why we advocate for global digital governance that fully incorporates respect for multilingualism, cultural diversity, and equal access to knowledge.",reviewed,False,multilingualism,multilingualism,en
E00358,verbatim_en_2026_ARG:6,2026_ARG,2026,ARG,Latin American and Caribbean States,data/analysis_ready_en/2026/2026_ARG.json,464bcf5125609ad58efcbcd79caa1dfcdb21c4963a0e26b92ddf60b438315306,data/unga_general_debate_verbatim_en/automatic_transcripts_unofficial/UNGA2026_day2_EN_ASR.json,"{""char_end"": 12523, ""char_start"": 10491, ""end"": 9634.95, ""extracted_block"": 1, ""json_pointer"": ""/transcript/data/15/paragraphs/0"", ""origin_file"": ""data/unga_general_debate_verbatim_en/automatic_transcripts_unofficial/UNGA2026_day2_EN_ASR.json"", ""origin_sha256"": ""1d48a568967de80ba6f0e040bcda57d9df79e12a3e50907b327f1fa68aa29a92"", ""paragraph"": 1, ""start"": 8454.18, ""statement_start"": 8454.18}",the dystopian scenarios commonly invoked to instill fear and justify state control make no sense from an economic standpoint.,uncertain,False,dystopian scenarios,dystopian scenarios,en
E00358,verbatim_en_2026_ARG:6,2026_ARG,2026,ARG,Latin American and Caribbean States,data/analysis_ready_en/2026/2026_ARG.json,464bcf5125609ad58efcbcd79caa1dfcdb21c4963a0e26b92ddf60b438315306,data/unga_general_debate_verbatim_en/automatic_transcripts_unofficial/UNGA2026_day2_EN_ASR.json,"{""char_end"": 12523, ""char_start"": 10491, ""end"": 9634.95, ""extracted_block"": 1, ""json_pointer"": ""/transcript/data/15/paragraphs/0"", ""origin_file"": ""data/unga_general_debate_verbatim_en/automatic_transcripts_unofficial/UNGA2026_day2_EN_ASR.json"", ""origin_sha256"": ""1d48a568967de80ba6f0e040bcda57d9df79e12a3e50907b327f1fa68aa29a92"", ""paragraph"": 1, ""start"": 8454.18, ""statement_start"": 8454.18}",artificial intelligence or super intelligence as Donald Trump said can double our productivity in a way that we do not yet comprehend.,reviewed,False,superintelligence,super intelligence,en
E00359,verbatim_en_2026_ARG:7,2026_ARG,2026,ARG,Latin American and Caribbean States,data/analysis_ready_en/2026/2026_ARG.json,464bcf5125609ad58efcbcd79caa1dfcdb21c4963a0e26b92ddf60b438315306,data/unga_general_debate_verbatim_en/automatic_transcripts_unofficial/UNGA2026_day2_EN_ASR.json,"{""char_end"": 14471, ""char_start"": 12524, ""end"": 9634.95, ""extracted_block"": 1, ""json_pointer"": ""/transcript/data/15/paragraphs/0"", ""origin_file"": ""data/unga_general_debate_verbatim_en/automatic_transcripts_unofficial/UNGA2026_day2_EN_ASR.json"", ""origin_sha256"": ""1d48a568967de80ba6f0e040bcda57d9df79e12a3e50907b327f1fa68aa29a92"", ""paragraph"": 1, ""start"": 8454.18, ""statement_start"": 8454.18}","We have the critical minerals, the energy, the talent and the capacity to compete",reviewed,False,critical minerals,critical minerals,en
E00359,verbatim_en_2026_ARG:7,2026_ARG,2026,ARG,Latin American and Caribbean States,data/analysis_ready_en/2026/2026_ARG.json,464bcf5125609ad58efcbcd79caa1dfcdb21c4963a0e26b92ddf60b438315306,data/unga_general_debate_verbatim_en/automatic_transcripts_unofficial/UNGA2026_day2_EN_ASR.json,"{""char_end"": 14471, ""char_start"": 12524, ""end"": 9634.95, ""extracted_block"": 1, ""json_pointer"": ""/transcript/data/15/paragraphs/0"", ""origin_file"": ""data/unga_general_debate_verbatim_en/automatic_transcripts_unofficial/UNGA2026_day2_EN_ASR.json"", ""origin_sha256"": ""1d48a568967de80ba6f0e040bcda57d9df79e12a3e50907b327f1fa68aa29a92"", ""paragraph"": 1, ""start"": 8454.18, ""statement_start"": 8454.18}",when we hear that the state should control artificial intelligence,reviewed,False,state control of ai,the state should control artificial intelligence,en
E00360,verbatim_en_2026_ARG:8,2026_ARG,2026,ARG,Latin American and Caribbean States,data/analysis_ready_en/2026/2026_ARG.json,464bcf5125609ad58efcbcd79caa1dfcdb21c4963a0e26b92ddf60b438315306,data/unga_general_debate_verbatim_en/automatic_transcripts_unofficial/UNGA2026_day2_EN_ASR.json,"{""char_end"": 16550, ""char_start"": 14472, ""end"": 9634.95, ""extracted_block"": 1, ""json_pointer"": ""/transcript/data/15/paragraphs/0"", ""origin_file"": ""data/unga_general_debate_verbatim_en/automatic_transcripts_unofficial/UNGA2026_day2_EN_ASR.json"", ""origin_sha256"": ""1d48a568967de80ba6f0e040bcda57d9df79e12a3e50907b327f1fa68aa29a92"", ""paragraph"": 1, ""start"": 8454.18, ""statement_start"": 8454.18}",limited liability for companies operating with AI agents,reviewed,False,ai agents,AI agents,en
E00360,verbatim_en_2026_ARG:8,2026_ARG,2026,ARG,Latin American and Caribbean States,data/analysis_ready_en/2026/2026_ARG.json,464bcf5125609ad58efcbcd79caa1dfcdb21c4963a0e26b92ddf60b438315306,data/unga_general_debate_verbatim_en/automatic_transcripts_unofficial/UNGA2026_day2_EN_ASR.json,"{""char_end"": 16550, ""char_start"": 14472, ""end"": 9634.95, ""extracted_block"": 1, ""json_pointer"": ""/transcript/data/15/paragraphs/0"", ""origin_file"": ""data/unga_general_debate_verbatim_en/automatic_transcripts_unofficial/UNGA2026_day2_EN_ASR.json"", ""origin_sha256"": ""1d48a568967de80ba6f0e040bcda57d9df79e12a3e50907b327f1fa68aa29a92"", ""paragraph"": 1, ""start"": 8454.18, ""statement_start"": 8454.18}",a commitment not to regulate preemptively,reviewed,False,no preemptive regulation,commitment not to regulate preemptively,en
E00361,verbatim_en_2026_ATG:2,2026_ATG,2026,ATG,Latin American and Caribbean States,data/analysis_ready_en/2026/2026_ATG.json,f62b4feb69fc51323c1745b22b84bbf8a82104256b2f93b32712146067542e14,data/unga_general_debate_verbatim_en/automatic_transcripts_unofficial/UNGA2026_day6_EN_ASR.json,"{""char_end"": 4484, ""char_start"": 2198, ""end"": 17999.87, ""extracted_block"": 1, ""json_pointer"": ""/transcript/data/27/paragraphs/0"", ""origin_file"": ""data/unga_general_debate_verbatim_en/automatic_transcripts_unofficial/UNGA2026_day6_EN_ASR.json"", ""origin_sha256"": ""00ded7b1b2b5d8831cda241976809e06923b67ea74125c9bcb3a31cb258c3d7c"", ""paragraph"": 1, ""start"": 16615.29, ""statement_start"": 16615.29}",Technology is racing ahead of governance.,uncertain,False,technology racing ahead of governance,Technology is racing ahead of governance,en
E00363,verbatim_en_2026_AUS:3,2026_AUS,2026,AUS,Western European and other States,data/analysis_ready_en/2026/2026_AUS.json,d0dc610094f2c455972e7aecc86232fc1729481cb73b85b72ee04de0df5d42a0,data/unga_general_debate_verbatim_en/automatic_transcripts_unofficial/UNGA2026_day3_EN_ASR.json,"{""char_end"": 6167, ""char_start"": 4080, ""end"": 39599.95, ""extracted_block"": 1, ""json_pointer"": ""/transcript/data/69/paragraphs/0"", ""origin_file"": ""data/unga_general_debate_verbatim_en/automatic_transcripts_unofficial/UNGA2026_day3_EN_ASR.json"", ""origin_sha256"": ""d811444b40ce3fed3c9e88fee705c2fb1f994316fa4f311bbb6c4cf20e9e7cae"", ""paragraph"": 1, ""start"": 38984.47, ""statement_start"": 38984.47}","emerging technology, including artificial intelligence, which is evolving at a furious pace",uncertain,False,emerging technology,emerging technology,en
E00364,verbatim_en_2026_AUS:5,2026_AUS,2026,AUS,Western European and other States,data/analysis_ready_en/2026/2026_AUS.json,d0dc610094f2c455972e7aecc86232fc1729481cb73b85b72ee04de0df5d42a0,data/unga_general_debate_verbatim_en/automatic_transcripts_unofficial/UNGA2026_day3_EN_ASR.json,"{""char_end"": 2176, ""char_start"": 0, ""end"": 40147.35, ""extracted_block"": 2, ""json_pointer"": ""/transcript/data/69/paragraphs/1"", ""origin_file"": ""data/unga_general_debate_verbatim_en/automatic_transcripts_unofficial/UNGA2026_day3_EN_ASR.json"", ""origin_sha256"": ""d811444b40ce3fed3c9e88fee705c2fb1f994316fa4f311bbb6c4cf20e9e7cae"", ""paragraph"": 2, ""start"": 39600.07, ""statement_start"": 38984.47}",an artificial intelligence agent infiltrated an Australian government website,reviewed,False,ai agent,artificial intelligence agent,en
E00364,verbatim_en_2026_AUS:5,2026_AUS,2026,AUS,Western European and other States,data/analysis_ready_en/2026/2026_AUS.json,d0dc610094f2c455972e7aecc86232fc1729481cb73b85b72ee04de0df5d42a0,data/unga_general_debate_verbatim_en/automatic_transcripts_unofficial/UNGA2026_day3_EN_ASR.json,"{""char_end"": 2176, ""char_start"": 0, ""end"": 40147.35, ""extracted_block"": 2, ""json_pointer"": ""/transcript/data/69/paragraphs/1"", ""origin_file"": ""data/unga_general_debate_verbatim_en/automatic_transcripts_unofficial/UNGA2026_day3_EN_ASR.json"", ""origin_sha256"": ""d811444b40ce3fed3c9e88fee705c2fb1f994316fa4f311bbb6c4cf20e9e7cae"", ""paragraph"": 2, ""start"": 39600.07, ""statement_start"": 38984.47}",establishing Australian standards for AI.,uncertain,False,ai standards,Australian standards for AI,en
E00364,verbatim_en_2026_AUS:5,2026_AUS,2026,AUS,Western European and other States,data/analysis_ready_en/2026/2026_AUS.json,d0dc610094f2c455972e7aecc86232fc1729481cb73b85b72ee04de0df5d42a0,data/unga_general_debate_verbatim_en/automatic_transcripts_unofficial/UNGA2026_day3_EN_ASR.json,"{""char_end"": 2176, ""char_start"": 0, ""end"": 40147.35, ""extracted_block"": 2, ""json_pointer"": ""/transcript/data/69/paragraphs/1"", ""origin_file"": ""data/unga_general_debate_verbatim_en/automatic_transcripts_unofficial/UNGA2026_day3_EN_ASR.json"", ""origin_sha256"": ""d811444b40ce3fed3c9e88fee705c2fb1f994316fa4f311bbb6c4cf20e9e7cae"", ""paragraph"": 2, ""start"": 39600.07, ""statement_start"": 38984.47}",allow frontier AI to develop too fast without guardrails,reviewed,False,frontier ai,frontier AI,en
E00364,verbatim_en_2026_AUS:5,2026_AUS,2026,AUS,Western European and other States,data/analysis_ready_en/2026/2026_AUS.json,d0dc610094f2c455972e7aecc86232fc1729481cb73b85b72ee04de0df5d42a0,data/unga_general_debate_verbatim_en/automatic_transcripts_unofficial/UNGA2026_day3_EN_ASR.json,"{""char_end"": 2176, ""char_start"": 0, ""end"": 40147.35, ""extracted_block"": 2, ""json_pointer"": ""/transcript/data/69/paragraphs/1"", ""origin_file"": ""data/unga_general_debate_verbatim_en/automatic_transcripts_unofficial/UNGA2026_day3_EN_ASR.json"", ""origin_sha256"": ""d811444b40ce3fed3c9e88fee705c2fb1f994316fa4f311bbb6c4cf20e9e7cae"", ""paragraph"": 2, ""start"": 39600.07, ""statement_start"": 38984.47}",allow frontier AI to develop too fast without guardrails,uncertain,False,guardrails,guardrails,en
E00364,verbatim_en_2026_AUS:5,2026_AUS,2026,AUS,Western European and other States,data/analysis_ready_en/2026/2026_AUS.json,d0dc610094f2c455972e7aecc86232fc1729481cb73b85b72ee04de0df5d42a0,data/unga_general_debate_verbatim_en/automatic_transcripts_unofficial/UNGA2026_day3_EN_ASR.json,"{""char_end"": 2176, ""char_start"": 0, ""end"": 40147.35, ""extracted_block"": 2, ""json_pointer"": ""/transcript/data/69/paragraphs/1"", ""origin_file"": ""data/unga_general_debate_verbatim_en/automatic_transcripts_unofficial/UNGA2026_day3_EN_ASR.json"", ""origin_sha256"": ""d811444b40ce3fed3c9e88fee705c2fb1f994316fa4f311bbb6c4cf20e9e7cae"", ""paragraph"": 2, ""start"": 39600.07, ""statement_start"": 38984.47}",establishing Australian standards for AI,uncertain,False,national ai standards,Australian standards for AI,en
E00365,verbatim_en_2026_AUT:1,2026_AUT,2026,AUT,Western European and other States,data/analysis_ready_en/2026/2026_AUT.json,ea353951ad77c1adb36a2901745e057bd42700c99cc5329468fd50521a3bb471,data/unga_general_debate_verbatim_en/automatic_transcripts_unofficial/UNGA2026_day3_EN_ASR.json,"{""char_end"": 1986, ""char_start"": 0, ""end"": 42950.99, ""extracted_block"": 1, ""json_pointer"": ""/transcript/data/75/paragraphs/0"", ""origin_file"": ""data/unga_general_debate_verbatim_en/automatic_transcripts_unofficial/UNGA2026_day3_EN_ASR.json"", ""origin_sha256"": ""d811444b40ce3fed3c9e88fee705c2fb1f994316fa4f311bbb6c4cf20e9e7cae"", ""paragraph"": 1, ""start"": 42147.71, ""statement_start"": 42147.71}",Who decides whether a human being or a machine pulls the trigger?,uncertain,False,machine pulls the trigger,a machine pulls the trigger,en
E00366,verbatim_en_2026_AUT:3,2026_AUT,2026,AUT,Western European and other States,data/analysis_ready_en/2026/2026_AUT.json,ea353951ad77c1adb36a2901745e057bd42700c99cc5329468fd50521a3bb471,data/unga_general_debate_verbatim_en/automatic_transcripts_unofficial/UNGA2026_day3_EN_ASR.json,"{""char_end"": 6133, ""char_start"": 4071, ""end"": 42950.99, ""extracted_block"": 1, ""json_pointer"": ""/transcript/data/75/paragraphs/0"", ""origin_file"": ""data/unga_general_debate_verbatim_en/automatic_transcripts_unofficial/UNGA2026_day3_EN_ASR.json"", ""origin_sha256"": ""d811444b40ce3fed3c9e88fee705c2fb1f994316fa4f311bbb6c4cf20e9e7cae"", ""paragraph"": 1, ""start"": 42147.71, ""statement_start"": 42147.71}",One of the most urgent threats today is the loss of human control over weapons.,reviewed,False,human control over weapons,loss of human control over weapons,en
E00367,verbatim_en_2026_AUT:4,2026_AUT,2026,AUT,Western European and other States,data/analysis_ready_en/2026/2026_AUT.json,ea353951ad77c1adb36a2901745e057bd42700c99cc5329468fd50521a3bb471,data/unga_general_debate_verbatim_en/automatic_transcripts_unofficial/UNGA2026_day3_EN_ASR.json,"{""char_end"": 8177, ""char_start"": 6134, ""end"": 42950.99, ""extracted_block"": 1, ""json_pointer"": ""/transcript/data/75/paragraphs/0"", ""origin_file"": ""data/unga_general_debate_verbatim_en/automatic_transcripts_unofficial/UNGA2026_day3_EN_ASR.json"", ""origin_sha256"": ""d811444b40ce3fed3c9e88fee705c2fb1f994316fa4f311bbb6c4cf20e9e7cae"", ""paragraph"": 1, ""start"": 42147.71, ""statement_start"": 42147.71}",We therefore need international rules for autonomous weapons,reviewed,False,autonomous weapons,autonomous weapons,en
E00367,verbatim_en_2026_AUT:4,2026_AUT,2026,AUT,Western European and other States,data/analysis_ready_en/2026/2026_AUT.json,ea353951ad77c1adb36a2901745e057bd42700c99cc5329468fd50521a3bb471,data/unga_general_debate_verbatim_en/automatic_transcripts_unofficial/UNGA2026_day3_EN_ASR.json,"{""char_end"": 8177, ""char_start"": 6134, ""end"": 42950.99, ""extracted_block"": 1, ""json_pointer"": ""/transcript/data/75/paragraphs/0"", ""origin_file"": ""data/unga_general_debate_verbatim_en/automatic_transcripts_unofficial/UNGA2026_day3_EN_ASR.json"", ""origin_sha256"": ""d811444b40ce3fed3c9e88fee705c2fb1f994316fa4f311bbb6c4cf20e9e7cae"", ""paragraph"": 1, ""start"": 42147.71, ""statement_start"": 42147.71}",This killer robot was played by a famous Austrian born Arnold Schwarzenegger.,reviewed,False,killer robots,killer robot,en
E00367,verbatim_en_2026_AUT:4,2026_AUT,2026,AUT,Western European and other States,data/analysis_ready_en/2026/2026_AUT.json,ea353951ad77c1adb36a2901745e057bd42700c99cc5329468fd50521a3bb471,data/unga_general_debate_verbatim_en/automatic_transcripts_unofficial/UNGA2026_day3_EN_ASR.json,"{""char_end"": 8177, ""char_start"": 6134, ""end"": 42950.99, ""extracted_block"": 1, ""json_pointer"": ""/transcript/data/75/paragraphs/0"", ""origin_file"": ""data/unga_general_debate_verbatim_en/automatic_transcripts_unofficial/UNGA2026_day3_EN_ASR.json"", ""origin_sha256"": ""d811444b40ce3fed3c9e88fee705c2fb1f994316fa4f311bbb6c4cf20e9e7cae"", ""paragraph"": 1, ""start"": 42147.71, ""statement_start"": 42147.71}",calling for a legally binding instrument with clear prohibitions and restrictions on autonomous weapons.,reviewed,False,legally binding instrument,legally binding instrument,en
E00368,verbatim_en_2026_AUT:5,2026_AUT,2026,AUT,Western European and other States,data/analysis_ready_en/2026/2026_AUT.json,ea353951ad77c1adb36a2901745e057bd42700c99cc5329468fd50521a3bb471,data/unga_general_debate_verbatim_en/automatic_transcripts_unofficial/UNGA2026_day3_EN_ASR.json,"{""char_end"": 9652, ""char_start"": 8178, ""end"": 42950.99, ""extracted_block"": 1, ""json_pointer"": ""/transcript/data/75/paragraphs/0"", ""origin_file"": ""data/unga_general_debate_verbatim_en/automatic_transcripts_unofficial/UNGA2026_day3_EN_ASR.json"", ""origin_sha256"": ""d811444b40ce3fed3c9e88fee705c2fb1f994316fa4f311bbb6c4cf20e9e7cae"", ""paragraph"": 1, ""start"": 42147.71, ""statement_start"": 42147.71}",Technology must remain under human control.,reviewed,False,human control,under human control,en
E00371,verbatim_en_2026_BEN:5,2026_BEN,2026,BEN,African States,data/analysis_ready_en/2026/2026_BEN.json,79294963e2bea88519b742c70720dd7020eadcd1f846e0859f86c210cc441383,data/unga_general_debate_verbatim_en/automatic_transcripts_unofficial/UNGA2026_day6_EN_ASR.json,"{""char_end"": 10946, ""char_start"": 8619, ""end"": 25175.27, ""extracted_block"": 1, ""json_pointer"": ""/transcript/data/39/paragraphs/0"", ""origin_file"": ""data/unga_general_debate_verbatim_en/automatic_transcripts_unofficial/UNGA2026_day6_EN_ASR.json"", ""origin_sha256"": ""00ded7b1b2b5d8831cda241976809e06923b67ea74125c9bcb3a31cb258c3d7c"", ""paragraph"": 1, ""start"": 24095.63, ""statement_start"": 24095.63}","data infrastructure, computing power, and critical technologies",uncertain,False,computing power,computing power,en
E00371,verbatim_en_2026_BEN:5,2026_BEN,2026,BEN,African States,data/analysis_ready_en/2026/2026_BEN.json,79294963e2bea88519b742c70720dd7020eadcd1f846e0859f86c210cc441383,data/unga_general_debate_verbatim_en/automatic_transcripts_unofficial/UNGA2026_day6_EN_ASR.json,"{""char_end"": 10946, ""char_start"": 8619, ""end"": 25175.27, ""extracted_block"": 1, ""json_pointer"": ""/transcript/data/39/paragraphs/0"", ""origin_file"": ""data/unga_general_debate_verbatim_en/automatic_transcripts_unofficial/UNGA2026_day6_EN_ASR.json"", ""origin_sha256"": ""00ded7b1b2b5d8831cda241976809e06923b67ea74125c9bcb3a31cb258c3d7c"", ""paragraph"": 1, ""start"": 24095.63, ""statement_start"": 24095.63}",Africa should not just be a market for frontier technologies.,uncertain,False,frontier technologies,frontier technologies,en
E00371,verbatim_en_2026_BEN:5,2026_BEN,2026,BEN,African States,data/analysis_ready_en/2026/2026_BEN.json,79294963e2bea88519b742c70720dd7020eadcd1f846e0859f86c210cc441383,data/unga_general_debate_verbatim_en/automatic_transcripts_unofficial/UNGA2026_day6_EN_ASR.json,"{""char_end"": 10946, ""char_start"": 8619, ""end"": 25175.27, ""extracted_block"": 1, ""json_pointer"": ""/transcript/data/39/paragraphs/0"", ""origin_file"": ""data/unga_general_debate_verbatim_en/automatic_transcripts_unofficial/UNGA2026_day6_EN_ASR.json"", ""origin_sha256"": ""00ded7b1b2b5d8831cda241976809e06923b67ea74125c9bcb3a31cb258c3d7c"", ""paragraph"": 1, ""start"": 24095.63, ""statement_start"": 24095.63}","Benin is in favor of international AI governance that's inclusive, responsible, and development-oriented.",reviewed,False,international ai governance,international AI governance,en
E00371,verbatim_en_2026_BEN:5,2026_BEN,2026,BEN,African States,data/analysis_ready_en/2026/2026_BEN.json,79294963e2bea88519b742c70720dd7020eadcd1f846e0859f86c210cc441383,data/unga_general_debate_verbatim_en/automatic_transcripts_unofficial/UNGA2026_day6_EN_ASR.json,"{""char_end"": 10946, ""char_start"": 8619, ""end"": 25175.27, ""extracted_block"": 1, ""json_pointer"": ""/transcript/data/39/paragraphs/0"", ""origin_file"": ""data/unga_general_debate_verbatim_en/automatic_transcripts_unofficial/UNGA2026_day6_EN_ASR.json"", ""origin_sha256"": ""00ded7b1b2b5d8831cda241976809e06923b67ea74125c9bcb3a31cb258c3d7c"", ""paragraph"": 1, ""start"": 24095.63, ""statement_start"": 24095.63}","a new form of dependence could emerge linked to data infrastructure, computing power, and critical technologies",reviewed,False,technological dependence,new form of dependence,en
E00372,verbatim_en_2026_BGD:6,2026_BGD,2026,BGD,Asia-Pacific States,data/analysis_ready_en/2026/2026_BGD.json,3a4608d48e956929d96f94042841c4b55c3e2595c2db7039547e9904ac39dffd,data/unga_general_debate_verbatim_en/automatic_transcripts_unofficial/UNGA2026_day3_EN_ASR.json,"{""char_end"": 13854, ""char_start"": 11517, ""end"": 35467.51, ""extracted_block"": 1, ""json_pointer"": ""/transcript/data/61/paragraphs/0"", ""origin_file"": ""data/unga_general_debate_verbatim_en/automatic_transcripts_unofficial/UNGA2026_day3_EN_ASR.json"", ""origin_sha256"": ""d811444b40ce3fed3c9e88fee705c2fb1f994316fa4f311bbb6c4cf20e9e7cae"", ""paragraph"": 1, ""start"": 34226.43, ""statement_start"": 34226.43}",We do not want today's digital divide to become tomorrow's artificial intelligence divide.,reviewed,False,ai divide,artificial intelligence divide,en
E00372,verbatim_en_2026_BGD:6,2026_BGD,2026,BGD,Asia-Pacific States,data/analysis_ready_en/2026/2026_BGD.json,3a4608d48e956929d96f94042841c4b55c3e2595c2db7039547e9904ac39dffd,data/unga_general_debate_verbatim_en/automatic_transcripts_unofficial/UNGA2026_day3_EN_ASR.json,"{""char_end"": 13854, ""char_start"": 11517, ""end"": 35467.51, ""extracted_block"": 1, ""json_pointer"": ""/transcript/data/61/paragraphs/0"", ""origin_file"": ""data/unga_general_debate_verbatim_en/automatic_transcripts_unofficial/UNGA2026_day3_EN_ASR.json"", ""origin_sha256"": ""d811444b40ce3fed3c9e88fee705c2fb1f994316fa4f311bbb6c4cf20e9e7cae"", ""paragraph"": 1, ""start"": 34226.43, ""statement_start"": 34226.43}",We do not want today's digital divide to become tomorrow's artificial intelligence divide.,reviewed,False,digital divide,digital divide,en
E00372,verbatim_en_2026_BGD:6,2026_BGD,2026,BGD,Asia-Pacific States,data/analysis_ready_en/2026/2026_BGD.json,3a4608d48e956929d96f94042841c4b55c3e2595c2db7039547e9904ac39dffd,data/unga_general_debate_verbatim_en/automatic_transcripts_unofficial/UNGA2026_day3_EN_ASR.json,"{""char_end"": 13854, ""char_start"": 11517, ""end"": 35467.51, ""extracted_block"": 1, ""json_pointer"": ""/transcript/data/61/paragraphs/0"", ""origin_file"": ""data/unga_general_debate_verbatim_en/automatic_transcripts_unofficial/UNGA2026_day3_EN_ASR.json"", ""origin_sha256"": ""d811444b40ce3fed3c9e88fee705c2fb1f994316fa4f311bbb6c4cf20e9e7cae"", ""paragraph"": 1, ""start"": 34226.43, ""statement_start"": 34226.43}","it is essential to ensure technology transfer, skills development, and affordable access to modern technologies for developing countries",reviewed,False,technology transfer,technology transfer,en
E00373,verbatim_en_2026_BGR:4,2026_BGR,2026,BGR,Eastern European States,data/analysis_ready_en/2026/2026_BGR.json,94812fd27f0e2269d518ee634f680ddd390e5723310fb664af6768dcf9fb15a5,data/unga_general_debate_verbatim_en/automatic_transcripts_unofficial/UNGA2026_day2_EN_ASR.json,"{""char_end"": 8479, ""char_start"": 6161, ""end"": 21036.11, ""extracted_block"": 1, ""json_pointer"": ""/transcript/data/34/paragraphs/0"", ""origin_file"": ""data/unga_general_debate_verbatim_en/automatic_transcripts_unofficial/UNGA2026_day2_EN_ASR.json"", ""origin_sha256"": ""1d48a568967de80ba6f0e040bcda57d9df79e12a3e50907b327f1fa68aa29a92"", ""paragraph"": 1, ""start"": 20042.67, ""statement_start"": 20042.67}","Artificial intelligence must be developed in keeping with international law and under effective human control,",reviewed,False,effective human control,effective human control,en
E00374,verbatim_en_2026_BHR:6,2026_BHR,2026,BHR,Asia-Pacific States,data/analysis_ready_en/2026/2026_BHR.json,28d38faeea516598b16a49a278b58aa505d704fce59a127fe4094f217653ba26,data/unga_general_debate_verbatim_en/automatic_transcripts_unofficial/UNGA2026_day4_EN_ASR.json,"{""char_end"": 12849, ""char_start"": 10719, ""end"": 35337.59, ""extracted_block"": 1, ""json_pointer"": ""/transcript/data/52/paragraphs/0"", ""origin_file"": ""data/unga_general_debate_verbatim_en/automatic_transcripts_unofficial/UNGA2026_day4_EN_ASR.json"", ""origin_sha256"": ""1c43e6b9024f9c46d1e134590e19b4bfa3567b0a9cac7c5f0a29794d0b9dd1a6"", ""paragraph"": 1, ""start"": 33941.32, ""statement_start"": 33941.32}","Therefore, we renew our call for a binding international framework to ensure that this technology becomes a driver of innovation rather than division.",reviewed,False,binding international framework,binding international framework,en
E00374,verbatim_en_2026_BHR:6,2026_BHR,2026,BHR,Asia-Pacific States,data/analysis_ready_en/2026/2026_BHR.json,28d38faeea516598b16a49a278b58aa505d704fce59a127fe4094f217653ba26,data/unga_general_debate_verbatim_en/automatic_transcripts_unofficial/UNGA2026_day4_EN_ASR.json,"{""char_end"": 12849, ""char_start"": 10719, ""end"": 35337.59, ""extracted_block"": 1, ""json_pointer"": ""/transcript/data/52/paragraphs/0"", ""origin_file"": ""data/unga_general_debate_verbatim_en/automatic_transcripts_unofficial/UNGA2026_day4_EN_ASR.json"", ""origin_sha256"": ""1c43e6b9024f9c46d1e134590e19b4bfa3567b0a9cac7c5f0a29794d0b9dd1a6"", ""paragraph"": 1, ""start"": 33941.32, ""statement_start"": 33941.32}",called for the adoption of an international treaty governing the development of artificial intelligence.,reviewed,False,international ai treaty,international treaty governing the development of artificial intelligence,en
E00375,verbatim_en_2026_BHS:5,2026_BHS,2026,BHS,Latin American and Caribbean States,data/analysis_ready_en/2026/2026_BHS.json,911290b59cc9362fedde255b0e515cbd70adeea38345ca9c4fa606aaf3874fd8,data/unga_general_debate_verbatim_en/automatic_transcripts_unofficial/UNGA2026_day4_EN_ASR.json,"{""char_end"": 9699, ""char_start"": 7758, ""end"": 24279.79, ""extracted_block"": 1, ""json_pointer"": ""/transcript/data/33/paragraphs/0"", ""origin_file"": ""data/unga_general_debate_verbatim_en/automatic_transcripts_unofficial/UNGA2026_day4_EN_ASR.json"", ""origin_sha256"": ""1c43e6b9024f9c46d1e134590e19b4bfa3567b0a9cac7c5f0a29794d0b9dd1a6"", ""paragraph"": 1, ""start"": 23111.47, ""statement_start"": 23111.47}",Data is the newest raw material in the global economy,reviewed,False,data as raw material,newest raw material,en
E00375,verbatim_en_2026_BHS:5,2026_BHS,2026,BHS,Latin American and Caribbean States,data/analysis_ready_en/2026/2026_BHS.json,911290b59cc9362fedde255b0e515cbd70adeea38345ca9c4fa606aaf3874fd8,data/unga_general_debate_verbatim_en/automatic_transcripts_unofficial/UNGA2026_day4_EN_ASR.json,"{""char_end"": 9699, ""char_start"": 7758, ""end"": 24279.79, ""extracted_block"": 1, ""json_pointer"": ""/transcript/data/33/paragraphs/0"", ""origin_file"": ""data/unga_general_debate_verbatim_en/automatic_transcripts_unofficial/UNGA2026_day4_EN_ASR.json"", ""origin_sha256"": ""1c43e6b9024f9c46d1e134590e19b4bfa3567b0a9cac7c5f0a29794d0b9dd1a6"", ""paragraph"": 1, ""start"": 23111.47, ""statement_start"": 23111.47}",ensuring that we have what I call data sovereignty,reviewed,False,data sovereignty,data sovereignty,en
E00375,verbatim_en_2026_BHS:5,2026_BHS,2026,BHS,Latin American and Caribbean States,data/analysis_ready_en/2026/2026_BHS.json,911290b59cc9362fedde255b0e515cbd70adeea38345ca9c4fa606aaf3874fd8,data/unga_general_debate_verbatim_en/automatic_transcripts_unofficial/UNGA2026_day4_EN_ASR.json,"{""char_end"": 9699, ""char_start"": 7758, ""end"": 24279.79, ""extracted_block"": 1, ""json_pointer"": ""/transcript/data/33/paragraphs/0"", ""origin_file"": ""data/unga_general_debate_verbatim_en/automatic_transcripts_unofficial/UNGA2026_day4_EN_ASR.json"", ""origin_sha256"": ""1c43e6b9024f9c46d1e134590e19b4bfa3567b0a9cac7c5f0a29794d0b9dd1a6"", ""paragraph"": 1, ""start"": 23111.47, ""statement_start"": 23111.47}",dominating languages and dominating cultures,uncertain,False,dominating languages,dominating languages and dominating cultures,en
E00376,verbatim_en_2026_BLR:5,2026_BLR,2026,BLR,Eastern European States,data/analysis_ready_en/2026/2026_BLR.json,4c7cf36aeb71e0c708d2595f6f98adc9758d0f5fc35a91b9e2c35e0a6e120421,data/unga_general_debate_verbatim_en/automatic_transcripts_unofficial/UNGA2026_day5_EN_ASR.json,"{""char_end"": 10239, ""char_start"": 8173, ""end"": 19807.71, ""extracted_block"": 1, ""json_pointer"": ""/transcript/data/39/paragraphs/0"", ""origin_file"": ""data/unga_general_debate_verbatim_en/automatic_transcripts_unofficial/UNGA2026_day5_EN_ASR.json"", ""origin_sha256"": ""d398da93960901552fb297f7a7361480c845b32c955d8b6e5e1d9e367d7e1eaa"", ""paragraph"": 1, ""start"": 18841.95, ""statement_start"": 18841.95}","the World Artificial Intelligence Cooperation Organization, China's project",reviewed,False,world artificial intelligence cooperation organization,World Artificial Intelligence Cooperation Organization,en
E00377,verbatim_en_2026_BLZ:1,2026_BLZ,2026,BLZ,Latin American and Caribbean States,data/analysis_ready_en/2026/2026_BLZ.json,6233d56e71b5ac76e7db1ee5472dfc8ac60eb37e17940cfc92ad4041e0b92395,data/unga_general_debate_verbatim_en/automatic_transcripts_unofficial/UNGA2026_day5_EN_ASR.json,"{""char_end"": 1951, ""char_start"": 0, ""end"": 3599.59, ""extracted_block"": 1, ""json_pointer"": ""/transcript/data/5/paragraphs/0"", ""origin_file"": ""data/unga_general_debate_verbatim_en/automatic_transcripts_unofficial/UNGA2026_day5_EN_ASR.json"", ""origin_sha256"": ""d398da93960901552fb297f7a7361480c845b32c955d8b6e5e1d9e367d7e1eaa"", ""paragraph"": 1, ""start"": 3249.31, ""statement_start"": 3249.31}","Well-governed, it can widen access to knowledge and improve public services.",uncertain,False,well-governed ai,Well-governed,en
E00378,verbatim_en_2026_BLZ:2,2026_BLZ,2026,BLZ,Latin American and Caribbean States,data/analysis_ready_en/2026/2026_BLZ.json,6233d56e71b5ac76e7db1ee5472dfc8ac60eb37e17940cfc92ad4041e0b92395,data/unga_general_debate_verbatim_en/automatic_transcripts_unofficial/UNGA2026_day5_EN_ASR.json,"{""char_end"": 3679, ""char_start"": 1952, ""end"": 3599.59, ""extracted_block"": 1, ""json_pointer"": ""/transcript/data/5/paragraphs/0"", ""origin_file"": ""data/unga_general_debate_verbatim_en/automatic_transcripts_unofficial/UNGA2026_day5_EN_ASR.json"", ""origin_sha256"": ""d398da93960901552fb297f7a7361480c845b32c955d8b6e5e1d9e367d7e1eaa"", ""paragraph"": 1, ""start"": 3249.31, ""statement_start"": 3249.31}",And we have a global dialogue under this organization on the governance of artificial intelligence.,reviewed,False,global dialogue on ai governance,global dialogue under this organization on the governance of artificial intelligence,en
E00378,verbatim_en_2026_BLZ:2,2026_BLZ,2026,BLZ,Latin American and Caribbean States,data/analysis_ready_en/2026/2026_BLZ.json,6233d56e71b5ac76e7db1ee5472dfc8ac60eb37e17940cfc92ad4041e0b92395,data/unga_general_debate_verbatim_en/automatic_transcripts_unofficial/UNGA2026_day5_EN_ASR.json,"{""char_end"": 3679, ""char_start"": 1952, ""end"": 3599.59, ""extracted_block"": 1, ""json_pointer"": ""/transcript/data/5/paragraphs/0"", ""origin_file"": ""data/unga_general_debate_verbatim_en/automatic_transcripts_unofficial/UNGA2026_day5_EN_ASR.json"", ""origin_sha256"": ""d398da93960901552fb297f7a7361480c845b32c955d8b6e5e1d9e367d7e1eaa"", ""paragraph"": 1, ""start"": 3249.31, ""statement_start"": 3249.31}",dependent on technologies and rules designed elsewhere,uncertain,False,rules designed elsewhere,rules designed elsewhere,en
E00378,verbatim_en_2026_BLZ:2,2026_BLZ,2026,BLZ,Latin American and Caribbean States,data/analysis_ready_en/2026/2026_BLZ.json,6233d56e71b5ac76e7db1ee5472dfc8ac60eb37e17940cfc92ad4041e0b92395,data/unga_general_debate_verbatim_en/automatic_transcripts_unofficial/UNGA2026_day5_EN_ASR.json,"{""char_end"": 3679, ""char_start"": 1952, ""end"": 3599.59, ""extracted_block"": 1, ""json_pointer"": ""/transcript/data/5/paragraphs/0"", ""origin_file"": ""data/unga_general_debate_verbatim_en/automatic_transcripts_unofficial/UNGA2026_day5_EN_ASR.json"", ""origin_sha256"": ""d398da93960901552fb297f7a7361480c845b32c955d8b6e5e1d9e367d7e1eaa"", ""paragraph"": 1, ""start"": 3249.31, ""statement_start"": 3249.31}",displace workers,uncertain,False,worker displacement,displace workers,en
E00379,verbatim_en_2026_BLZ:6,2026_BLZ,2026,BLZ,Latin American and Caribbean States,data/analysis_ready_en/2026/2026_BLZ.json,6233d56e71b5ac76e7db1ee5472dfc8ac60eb37e17940cfc92ad4041e0b92395,data/unga_general_debate_verbatim_en/automatic_transcripts_unofficial/UNGA2026_day5_EN_ASR.json,"{""char_end"": 8214, ""char_start"": 6118, ""end"": 4551.59, ""extracted_block"": 2, ""json_pointer"": ""/transcript/data/5/paragraphs/1"", ""origin_file"": ""data/unga_general_debate_verbatim_en/automatic_transcripts_unofficial/UNGA2026_day5_EN_ASR.json"", ""origin_sha256"": ""d398da93960901552fb297f7a7361480c845b32c955d8b6e5e1d9e367d7e1eaa"", ""paragraph"": 2, ""start"": 3600.11, ""statement_start"": 3249.31}",She produced the most advanced semiconductors in the world.,reviewed,False,semiconductors,most advanced semiconductors,en
E00380,verbatim_en_2026_BRA:5,2026_BRA,2026,BRA,Latin American and Caribbean States,data/analysis_ready_en/2026/2026_BRA.json,71da8a0b21fe6b90f0b6fbe3b9d8475fa5f2425be1e4cdd4e4ae1a363f3b9dc2,data/unga_general_debate_verbatim_en/automatic_transcripts_unofficial/UNGA2026_day1_EN_ASR.json,"{""char_end"": 10918, ""char_start"": 8660, ""end"": 6148.75, ""extracted_block"": 1, ""json_pointer"": ""/transcript/data/6/paragraphs/0"", ""origin_file"": ""data/unga_general_debate_verbatim_en/automatic_transcripts_unofficial/UNGA2026_day1_EN_ASR.json"", ""origin_sha256"": ""c2ea4447e91a784516298f9c67597d8555c865e03b57840edc1644a8b924df75"", ""paragraph"": 1, ""start"": 4840.42, ""statement_start"": 4840.42}",regulating the big techs and artificial intelligence,reviewed,False,big tech,big techs,en
E00380,verbatim_en_2026_BRA:5,2026_BRA,2026,BRA,Latin American and Caribbean States,data/analysis_ready_en/2026/2026_BRA.json,71da8a0b21fe6b90f0b6fbe3b9d8475fa5f2425be1e4cdd4e4ae1a363f3b9dc2,data/unga_general_debate_verbatim_en/automatic_transcripts_unofficial/UNGA2026_day1_EN_ASR.json,"{""char_end"": 10918, ""char_start"": 8660, ""end"": 6148.75, ""extracted_block"": 1, ""json_pointer"": ""/transcript/data/6/paragraphs/0"", ""origin_file"": ""data/unga_general_debate_verbatim_en/automatic_transcripts_unofficial/UNGA2026_day1_EN_ASR.json"", ""origin_sha256"": ""c2ea4447e91a784516298f9c67597d8555c865e03b57840edc1644a8b924df75"", ""paragraph"": 1, ""start"": 4840.42, ""statement_start"": 4840.42}",a version of digital ultra liberalism without rules or transparency,uncertain,False,digital ultra liberalism,digital ultra liberalism,en
E00380,verbatim_en_2026_BRA:5,2026_BRA,2026,BRA,Latin American and Caribbean States,data/analysis_ready_en/2026/2026_BRA.json,71da8a0b21fe6b90f0b6fbe3b9d8475fa5f2425be1e4cdd4e4ae1a363f3b9dc2,data/unga_general_debate_verbatim_en/automatic_transcripts_unofficial/UNGA2026_day1_EN_ASR.json,"{""char_end"": 10918, ""char_start"": 8660, ""end"": 6148.75, ""extracted_block"": 1, ""json_pointer"": ""/transcript/data/6/paragraphs/0"", ""origin_file"": ""data/unga_general_debate_verbatim_en/automatic_transcripts_unofficial/UNGA2026_day1_EN_ASR.json"", ""origin_sha256"": ""c2ea4447e91a784516298f9c67597d8555c865e03b57840edc1644a8b924df75"", ""paragraph"": 1, ""start"": 4840.42, ""statement_start"": 4840.42}",the scientific panel on artificial intelligence.,uncertain,False,independent international scientific panel on ai,scientific panel on artificial intelligence,en
E00380,verbatim_en_2026_BRA:5,2026_BRA,2026,BRA,Latin American and Caribbean States,data/analysis_ready_en/2026/2026_BRA.json,71da8a0b21fe6b90f0b6fbe3b9d8475fa5f2425be1e4cdd4e4ae1a363f3b9dc2,data/unga_general_debate_verbatim_en/automatic_transcripts_unofficial/UNGA2026_day1_EN_ASR.json,"{""char_end"": 10918, ""char_start"": 8660, ""end"": 6148.75, ""extracted_block"": 1, ""json_pointer"": ""/transcript/data/6/paragraphs/0"", ""origin_file"": ""data/unga_general_debate_verbatim_en/automatic_transcripts_unofficial/UNGA2026_day1_EN_ASR.json"", ""origin_sha256"": ""c2ea4447e91a784516298f9c67597d8555c865e03b57840edc1644a8b924df75"", ""paragraph"": 1, ""start"": 4840.42, ""statement_start"": 4840.42}",the scientific panel on artificial intelligence,uncertain,False,scientific panel on ai,scientific panel on artificial intelligence,en
E00380,verbatim_en_2026_BRA:5,2026_BRA,2026,BRA,Latin American and Caribbean States,data/analysis_ready_en/2026/2026_BRA.json,71da8a0b21fe6b90f0b6fbe3b9d8475fa5f2425be1e4cdd4e4ae1a363f3b9dc2,data/unga_general_debate_verbatim_en/automatic_transcripts_unofficial/UNGA2026_day1_EN_ASR.json,"{""char_end"": 10918, ""char_start"": 8660, ""end"": 6148.75, ""extracted_block"": 1, ""json_pointer"": ""/transcript/data/6/paragraphs/0"", ""origin_file"": ""data/unga_general_debate_verbatim_en/automatic_transcripts_unofficial/UNGA2026_day1_EN_ASR.json"", ""origin_sha256"": ""c2ea4447e91a784516298f9c67597d8555c865e03b57840edc1644a8b924df75"", ""paragraph"": 1, ""start"": 4840.42, ""statement_start"": 4840.42}",A handful of technical oligarchs,reviewed,False,tech oligarchs,technical oligarchs,en
E00381,verbatim_en_2026_BRB:1,2026_BRB,2026,BRB,Latin American and Caribbean States,data/analysis_ready_en/2026/2026_BRB.json,66198d495905907a2dc4866a847625b770c3ac4cf6f41e2fbd4df852323593c6,data/unga_general_debate_verbatim_en/automatic_transcripts_unofficial/UNGA2026_day3_EN_ASR.json,"{""char_end"": 2111, ""char_start"": 0, ""end"": 31526.83, ""extracted_block"": 1, ""json_pointer"": ""/transcript/data/53/paragraphs/0"", ""origin_file"": ""data/unga_general_debate_verbatim_en/automatic_transcripts_unofficial/UNGA2026_day3_EN_ASR.json"", ""origin_sha256"": ""d811444b40ce3fed3c9e88fee705c2fb1f994316fa4f311bbb6c4cf20e9e7cae"", ""paragraph"": 1, ""start"": 29411.87, ""statement_start"": 29411.87}",and the distortion of truth,reviewed,False,distortion of truth,distortion of truth,en
E00381,verbatim_en_2026_BRB:1,2026_BRB,2026,BRB,Latin American and Caribbean States,data/analysis_ready_en/2026/2026_BRB.json,66198d495905907a2dc4866a847625b770c3ac4cf6f41e2fbd4df852323593c6,data/unga_general_debate_verbatim_en/automatic_transcripts_unofficial/UNGA2026_day3_EN_ASR.json,"{""char_end"": 2111, ""char_start"": 0, ""end"": 31526.83, ""extracted_block"": 1, ""json_pointer"": ""/transcript/data/53/paragraphs/0"", ""origin_file"": ""data/unga_general_debate_verbatim_en/automatic_transcripts_unofficial/UNGA2026_day3_EN_ASR.json"", ""origin_sha256"": ""d811444b40ce3fed3c9e88fee705c2fb1f994316fa4f311bbb6c4cf20e9e7cae"", ""paragraph"": 1, ""start"": 29411.87, ""statement_start"": 29411.87}","exclusion, exploitation, surveillance, and the distortion of truth",reviewed,False,surveillance,surveillance,en
E00382,verbatim_en_2026_BRB:2,2026_BRB,2026,BRB,Latin American and Caribbean States,data/analysis_ready_en/2026/2026_BRB.json,66198d495905907a2dc4866a847625b770c3ac4cf6f41e2fbd4df852323593c6,data/unga_general_debate_verbatim_en/automatic_transcripts_unofficial/UNGA2026_day3_EN_ASR.json,"{""char_end"": 4116, ""char_start"": 2112, ""end"": 31526.83, ""extracted_block"": 1, ""json_pointer"": ""/transcript/data/53/paragraphs/0"", ""origin_file"": ""data/unga_general_debate_verbatim_en/automatic_transcripts_unofficial/UNGA2026_day3_EN_ASR.json"", ""origin_sha256"": ""d811444b40ce3fed3c9e88fee705c2fb1f994316fa4f311bbb6c4cf20e9e7cae"", ""paragraph"": 1, ""start"": 29411.87, ""statement_start"": 29411.87}",anchor its development in a universal humanizing framework,reviewed,False,universal humanizing framework,universal humanizing framework,en
E00383,verbatim_en_2026_BRB:6,2026_BRB,2026,BRB,Latin American and Caribbean States,data/analysis_ready_en/2026/2026_BRB.json,66198d495905907a2dc4866a847625b770c3ac4cf6f41e2fbd4df852323593c6,data/unga_general_debate_verbatim_en/automatic_transcripts_unofficial/UNGA2026_day3_EN_ASR.json,"{""char_end"": 12482, ""char_start"": 10305, ""end"": 31526.83, ""extracted_block"": 1, ""json_pointer"": ""/transcript/data/53/paragraphs/0"", ""origin_file"": ""data/unga_general_debate_verbatim_en/automatic_transcripts_unofficial/UNGA2026_day3_EN_ASR.json"", ""origin_sha256"": ""d811444b40ce3fed3c9e88fee705c2fb1f994316fa4f311bbb6c4cf20e9e7cae"", ""paragraph"": 1, ""start"": 29411.87, ""statement_start"": 29411.87}",We need globally agreed rules that protect human dignity,reviewed,False,globally agreed rules,globally agreed rules,en
E00383,verbatim_en_2026_BRB:6,2026_BRB,2026,BRB,Latin American and Caribbean States,data/analysis_ready_en/2026/2026_BRB.json,66198d495905907a2dc4866a847625b770c3ac4cf6f41e2fbd4df852323593c6,data/unga_general_debate_verbatim_en/automatic_transcripts_unofficial/UNGA2026_day3_EN_ASR.json,"{""char_end"": 12482, ""char_start"": 10305, ""end"": 31526.83, ""extracted_block"": 1, ""json_pointer"": ""/transcript/data/53/paragraphs/0"", ""origin_file"": ""data/unga_general_debate_verbatim_en/automatic_transcripts_unofficial/UNGA2026_day3_EN_ASR.json"", ""origin_sha256"": ""d811444b40ce3fed3c9e88fee705c2fb1f994316fa4f311bbb6c4cf20e9e7cae"", ""paragraph"": 1, ""start"": 29411.87, ""statement_start"": 29411.87}",the second in-person meeting of the independent international scientific panel on artificial intelligence,reviewed,False,independent international scientific panel on ai,independent international scientific panel on artificial intelligence,en
E00383,verbatim_en_2026_BRB:6,2026_BRB,2026,BRB,Latin American and Caribbean States,data/analysis_ready_en/2026/2026_BRB.json,66198d495905907a2dc4866a847625b770c3ac4cf6f41e2fbd4df852323593c6,data/unga_general_debate_verbatim_en/automatic_transcripts_unofficial/UNGA2026_day3_EN_ASR.json,"{""char_end"": 12482, ""char_start"": 10305, ""end"": 31526.83, ""extracted_block"": 1, ""json_pointer"": ""/transcript/data/53/paragraphs/0"", ""origin_file"": ""data/unga_general_debate_verbatim_en/automatic_transcripts_unofficial/UNGA2026_day3_EN_ASR.json"", ""origin_sha256"": ""d811444b40ce3fed3c9e88fee705c2fb1f994316fa4f311bbb6c4cf20e9e7cae"", ""paragraph"": 1, ""start"": 29411.87, ""statement_start"": 29411.87}",preserve meaningful human oversight,reviewed,False,meaningful human oversight,meaningful human oversight,en
E00383,verbatim_en_2026_BRB:6,2026_BRB,2026,BRB,Latin American and Caribbean States,data/analysis_ready_en/2026/2026_BRB.json,66198d495905907a2dc4866a847625b770c3ac4cf6f41e2fbd4df852323593c6,data/unga_general_debate_verbatim_en/automatic_transcripts_unofficial/UNGA2026_day3_EN_ASR.json,"{""char_end"": 12482, ""char_start"": 10305, ""end"": 31526.83, ""extracted_block"": 1, ""json_pointer"": ""/transcript/data/53/paragraphs/0"", ""origin_file"": ""data/unga_general_debate_verbatim_en/automatic_transcripts_unofficial/UNGA2026_day3_EN_ASR.json"", ""origin_sha256"": ""d811444b40ce3fed3c9e88fee705c2fb1f994316fa4f311bbb6c4cf20e9e7cae"", ""paragraph"": 1, ""start"": 29411.87, ""statement_start"": 29411.87}",governance cannot be left to voluntary corporate practices,reviewed,False,voluntary corporate practices,voluntary corporate practices,en
E00385,verbatim_en_2026_BTN:3,2026_BTN,2026,BTN,Asia-Pacific States,data/analysis_ready_en/2026/2026_BTN.json,55ac9ff6b167023591bf152429ab3b193bd9475a95c30698e7b2c261bd2e7967,data/unga_general_debate_verbatim_en/automatic_transcripts_unofficial/UNGA2026_day1_EN_ASR.json,"{""char_end"": 6190, ""char_start"": 4118, ""end"": 37136.11, ""extracted_block"": 1, ""json_pointer"": ""/transcript/data/56/paragraphs/0"", ""origin_file"": ""data/unga_general_debate_verbatim_en/automatic_transcripts_unofficial/UNGA2026_day1_EN_ASR.json"", ""origin_sha256"": ""c2ea4447e91a784516298f9c67597d8555c865e03b57840edc1644a8b924df75"", ""paragraph"": 1, ""start"": 36047.51, ""statement_start"": 36047.51}","artificial intelligence and data centers, clean renewable power.",reviewed,False,data centers,data centers,en
E00386,verbatim_en_2026_BTN:4,2026_BTN,2026,BTN,Asia-Pacific States,data/analysis_ready_en/2026/2026_BTN.json,55ac9ff6b167023591bf152429ab3b193bd9475a95c30698e7b2c261bd2e7967,data/unga_general_debate_verbatim_en/automatic_transcripts_unofficial/UNGA2026_day1_EN_ASR.json,"{""char_end"": 8388, ""char_start"": 6191, ""end"": 37136.11, ""extracted_block"": 1, ""json_pointer"": ""/transcript/data/56/paragraphs/0"", ""origin_file"": ""data/unga_general_debate_verbatim_en/automatic_transcripts_unofficial/UNGA2026_day1_EN_ASR.json"", ""origin_sha256"": ""c2ea4447e91a784516298f9c67597d8555c865e03b57840edc1644a8b924df75"", ""paragraph"": 1, ""start"": 36047.51, ""statement_start"": 36047.51}",Artificial intelligence and human consciousness.,uncertain,False,ai and human consciousness,Artificial intelligence and human consciousness,en
E00386,verbatim_en_2026_BTN:4,2026_BTN,2026,BTN,Asia-Pacific States,data/analysis_ready_en/2026/2026_BTN.json,55ac9ff6b167023591bf152429ab3b193bd9475a95c30698e7b2c261bd2e7967,data/unga_general_debate_verbatim_en/automatic_transcripts_unofficial/UNGA2026_day1_EN_ASR.json,"{""char_end"": 8388, ""char_start"": 6191, ""end"": 37136.11, ""extracted_block"": 1, ""json_pointer"": ""/transcript/data/56/paragraphs/0"", ""origin_file"": ""data/unga_general_debate_verbatim_en/automatic_transcripts_unofficial/UNGA2026_day1_EN_ASR.json"", ""origin_sha256"": ""c2ea4447e91a784516298f9c67597d8555c865e03b57840edc1644a8b924df75"", ""paragraph"": 1, ""start"": 36047.51, ""statement_start"": 36047.51}",Artificial intelligence and data center projects are moving forward,uncertain,False,data center projects,Artificial intelligence and data center projects,en
E00387,verbatim_en_2026_BWA:5,2026_BWA,2026,BWA,African States,data/analysis_ready_en/2026/2026_BWA.json,a7a15649dbe3b3505f1c11bd1e740acdb398f747405a196ed72274c21ef823f0,data/unga_general_debate_verbatim_en/automatic_transcripts_unofficial/UNGA2026_day2_EN_ASR.json,"{""char_end"": 11702, ""char_start"": 9365, ""end"": 17749.11, ""extracted_block"": 1, ""json_pointer"": ""/transcript/data/29/paragraphs/0"", ""origin_file"": ""data/unga_general_debate_verbatim_en/automatic_transcripts_unofficial/UNGA2026_day2_EN_ASR.json"", ""origin_sha256"": ""1d48a568967de80ba6f0e040bcda57d9df79e12a3e50907b327f1fa68aa29a92"", ""paragraph"": 1, ""start"": 16787.95, ""statement_start"": 16787.95}","This extends to critical minerals, rare earths, and energy resources that power the technological revolution",reviewed,False,critical minerals,critical minerals,en
E00387,verbatim_en_2026_BWA:5,2026_BWA,2026,BWA,African States,data/analysis_ready_en/2026/2026_BWA.json,a7a15649dbe3b3505f1c11bd1e740acdb398f747405a196ed72274c21ef823f0,data/unga_general_debate_verbatim_en/automatic_transcripts_unofficial/UNGA2026_day2_EN_ASR.json,"{""char_end"": 11702, ""char_start"": 9365, ""end"": 17749.11, ""extracted_block"": 1, ""json_pointer"": ""/transcript/data/29/paragraphs/0"", ""origin_file"": ""data/unga_general_debate_verbatim_en/automatic_transcripts_unofficial/UNGA2026_day2_EN_ASR.json"", ""origin_sha256"": ""1d48a568967de80ba6f0e040bcda57d9df79e12a3e50907b327f1fa68aa29a92"", ""paragraph"": 1, ""start"": 16787.95, ""statement_start"": 16787.95}","the creation of an inclusive international framework on emerging technologies, including artificial intelligence.",reviewed,False,inclusive international framework,inclusive international framework on emerging technologies,en
E00387,verbatim_en_2026_BWA:5,2026_BWA,2026,BWA,African States,data/analysis_ready_en/2026/2026_BWA.json,a7a15649dbe3b3505f1c11bd1e740acdb398f747405a196ed72274c21ef823f0,data/unga_general_debate_verbatim_en/automatic_transcripts_unofficial/UNGA2026_day2_EN_ASR.json,"{""char_end"": 11702, ""char_start"": 9365, ""end"": 17749.11, ""extracted_block"": 1, ""json_pointer"": ""/transcript/data/29/paragraphs/0"", ""origin_file"": ""data/unga_general_debate_verbatim_en/automatic_transcripts_unofficial/UNGA2026_day2_EN_ASR.json"", ""origin_sha256"": ""1d48a568967de80ba6f0e040bcda57d9df79e12a3e50907b327f1fa68aa29a92"", ""paragraph"": 1, ""start"": 16787.95, ""statement_start"": 16787.95}",Developing countries must have a meaningful voice in setting the standards and safeguards that will govern these technologies,uncertain,False,standards and safeguards,standards and safeguards,en
E00388,verbatim_en_2026_CAF:5,2026_CAF,2026,CAF,African States,data/analysis_ready_en/2026/2026_CAF.json,1d42b6cb0d3d754300faae8df08b5d6a0c1b5f7629354a9223a5bc7bdcd0e8e1,data/unga_general_debate_verbatim_en/automatic_transcripts_unofficial/UNGA2026_day2_EN_ASR.json,"{""char_end"": 4269, ""char_start"": 2058, ""end"": 21999.91, ""extracted_block"": 2, ""json_pointer"": ""/transcript/data/36/paragraphs/1"", ""origin_file"": ""data/unga_general_debate_verbatim_en/automatic_transcripts_unofficial/UNGA2026_day2_EN_ASR.json"", ""origin_sha256"": ""1d48a568967de80ba6f0e040bcda57d9df79e12a3e50907b327f1fa68aa29a92"", ""paragraph"": 2, ""start"": 21600.35, ""statement_start"": 21098.7}",The Global Digital Compact must become a reality.,reviewed,False,global digital compact,Global Digital Compact,en
E00388,verbatim_en_2026_CAF:5,2026_CAF,2026,CAF,African States,data/analysis_ready_en/2026/2026_CAF.json,1d42b6cb0d3d754300faae8df08b5d6a0c1b5f7629354a9223a5bc7bdcd0e8e1,data/unga_general_debate_verbatim_en/automatic_transcripts_unofficial/UNGA2026_day2_EN_ASR.json,"{""char_end"": 4269, ""char_start"": 2058, ""end"": 21999.91, ""extracted_block"": 2, ""json_pointer"": ""/transcript/data/36/paragraphs/1"", ""origin_file"": ""data/unga_general_debate_verbatim_en/automatic_transcripts_unofficial/UNGA2026_day2_EN_ASR.json"", ""origin_sha256"": ""1d48a568967de80ba6f0e040bcda57d9df79e12a3e50907b327f1fa68aa29a92"", ""paragraph"": 2, ""start"": 21600.35, ""statement_start"": 21098.7}",a governance of AI in which developing countries decide instead of simply being users.,uncertain,False,governance of ai,governance of AI,en
E00388,verbatim_en_2026_CAF:5,2026_CAF,2026,CAF,African States,data/analysis_ready_en/2026/2026_CAF.json,1d42b6cb0d3d754300faae8df08b5d6a0c1b5f7629354a9223a5bc7bdcd0e8e1,data/unga_general_debate_verbatim_en/automatic_transcripts_unofficial/UNGA2026_day2_EN_ASR.json,"{""char_end"": 4269, ""char_start"": 2058, ""end"": 21999.91, ""extracted_block"": 2, ""json_pointer"": ""/transcript/data/36/paragraphs/1"", ""origin_file"": ""data/unga_general_debate_verbatim_en/automatic_transcripts_unofficial/UNGA2026_day2_EN_ASR.json"", ""origin_sha256"": ""1d48a568967de80ba6f0e040bcda57d9df79e12a3e50907b327f1fa68aa29a92"", ""paragraph"": 2, ""start"": 21600.35, ""statement_start"": 21098.7}","Affordable connectivity, skills transfer, data protection",reviewed,False,skills transfer,skills transfer,en
E00389,verbatim_en_2026_CAN:9,2026_CAN,2026,CAN,Western European and other States,data/analysis_ready_en/2026/2026_CAN.json,aaaa08a5c0510c7d4b1a168611491a03c2f0b672b6d7654308e0a328bb742d10,data/unga_general_debate_verbatim_en/automatic_transcripts_unofficial/UNGA2026_day5_EN_ASR.json,"{""char_end"": 606, ""char_start"": 0, ""end"": 28124.87, ""extracted_block"": 8, ""json_pointer"": ""/transcript/data/55/paragraphs/7"", ""origin_file"": ""data/unga_general_debate_verbatim_en/automatic_transcripts_unofficial/UNGA2026_day5_EN_ASR.json"", ""origin_sha256"": ""d398da93960901552fb297f7a7361480c845b32c955d8b6e5e1d9e367d7e1eaa"", ""paragraph"": 8, ""start"": 28063.51, ""statement_start"": 27377.23}",the responsible development of artificial intelligence.,uncertain,False,responsible ai,responsible development of artificial intelligence,en
E00389,verbatim_en_2026_CAN:9,2026_CAN,2026,CAN,Western European and other States,data/analysis_ready_en/2026/2026_CAN.json,aaaa08a5c0510c7d4b1a168611491a03c2f0b672b6d7654308e0a328bb742d10,data/unga_general_debate_verbatim_en/automatic_transcripts_unofficial/UNGA2026_day5_EN_ASR.json,"{""char_end"": 606, ""char_start"": 0, ""end"": 28124.87, ""extracted_block"": 8, ""json_pointer"": ""/transcript/data/55/paragraphs/7"", ""origin_file"": ""data/unga_general_debate_verbatim_en/automatic_transcripts_unofficial/UNGA2026_day5_EN_ASR.json"", ""origin_sha256"": ""d398da93960901552fb297f7a7361480c845b32c955d8b6e5e1d9e367d7e1eaa"", ""paragraph"": 8, ""start"": 28063.51, ""statement_start"": 27377.23}",and the responsible development of artificial intelligence,uncertain,False,responsible development of ai,responsible development of artificial intelligence,en
E00390,verbatim_en_2026_CHE:1,2026_CHE,2026,CHE,Western European and other States,data/analysis_ready_en/2026/2026_CHE.json,8aebb706dbec6c912a289861446bf71608c77858ffc3c3f4a647b0f8c4cf0c8a,data/unga_general_debate_verbatim_en/automatic_transcripts_unofficial/UNGA2026_day1_EN_ASR.json,"{""char_end"": 2230, ""char_start"": 0, ""end"": 32115.15, ""extracted_block"": 1, ""json_pointer"": ""/transcript/data/46/paragraphs/0"", ""origin_file"": ""data/unga_general_debate_verbatim_en/automatic_transcripts_unofficial/UNGA2026_day1_EN_ASR.json"", ""origin_sha256"": ""c2ea4447e91a784516298f9c67597d8555c865e03b57840edc1644a8b924df75"", ""paragraph"": 1, ""start"": 31372.43, ""statement_start"": 31372.43}","and also technological upheavals, notably artificial intelligence",uncertain,False,technological upheavals,technological upheavals,en
E00391,verbatim_en_2026_CHE:3,2026_CHE,2026,CHE,Western European and other States,data/analysis_ready_en/2026/2026_CHE.json,8aebb706dbec6c912a289861446bf71608c77858ffc3c3f4a647b0f8c4cf0c8a,data/unga_general_debate_verbatim_en/automatic_transcripts_unofficial/UNGA2026_day1_EN_ASR.json,"{""char_end"": 6359, ""char_start"": 4356, ""end"": 32115.15, ""extracted_block"": 1, ""json_pointer"": ""/transcript/data/46/paragraphs/0"", ""origin_file"": ""data/unga_general_debate_verbatim_en/automatic_transcripts_unofficial/UNGA2026_day1_EN_ASR.json"", ""origin_sha256"": ""c2ea4447e91a784516298f9c67597d8555c865e03b57840edc1644a8b924df75"", ""paragraph"": 1, ""start"": 31372.43, ""statement_start"": 31372.43}",the risk of a new divide between those who have the skills and infrastructure,uncertain,False,ai divide,a new divide,en
E00391,verbatim_en_2026_CHE:3,2026_CHE,2026,CHE,Western European and other States,data/analysis_ready_en/2026/2026_CHE.json,8aebb706dbec6c912a289861446bf71608c77858ffc3c3f4a647b0f8c4cf0c8a,data/unga_general_debate_verbatim_en/automatic_transcripts_unofficial/UNGA2026_day1_EN_ASR.json,"{""char_end"": 6359, ""char_start"": 4356, ""end"": 32115.15, ""extracted_block"": 1, ""json_pointer"": ""/transcript/data/46/paragraphs/0"", ""origin_file"": ""data/unga_general_debate_verbatim_en/automatic_transcripts_unofficial/UNGA2026_day1_EN_ASR.json"", ""origin_sha256"": ""c2ea4447e91a784516298f9c67597d8555c865e03b57840edc1644a8b924df75"", ""paragraph"": 1, ""start"": 31372.43, ""statement_start"": 31372.43}",the risk of a new divide between those who have the skills and infrastructure,uncertain,False,new divide,new divide,en
E00392,verbatim_en_2026_CHE:4,2026_CHE,2026,CHE,Western European and other States,data/analysis_ready_en/2026/2026_CHE.json,8aebb706dbec6c912a289861446bf71608c77858ffc3c3f4a647b0f8c4cf0c8a,data/unga_general_debate_verbatim_en/automatic_transcripts_unofficial/UNGA2026_day1_EN_ASR.json,"{""char_end"": 8189, ""char_start"": 6360, ""end"": 32115.15, ""extracted_block"": 1, ""json_pointer"": ""/transcript/data/46/paragraphs/0"", ""origin_file"": ""data/unga_general_debate_verbatim_en/automatic_transcripts_unofficial/UNGA2026_day1_EN_ASR.json"", ""origin_sha256"": ""c2ea4447e91a784516298f9c67597d8555c865e03b57840edc1644a8b924df75"", ""paragraph"": 1, ""start"": 31372.43, ""statement_start"": 31372.43}","under the motto, ""Bridging Innovation and Trust.""",uncertain,False,bridging innovation and trust,Bridging Innovation and Trust,en
E00392,verbatim_en_2026_CHE:4,2026_CHE,2026,CHE,Western European and other States,data/analysis_ready_en/2026/2026_CHE.json,8aebb706dbec6c912a289861446bf71608c77858ffc3c3f4a647b0f8c4cf0c8a,data/unga_general_debate_verbatim_en/automatic_transcripts_unofficial/UNGA2026_day1_EN_ASR.json,"{""char_end"": 8189, ""char_start"": 6360, ""end"": 32115.15, ""extracted_block"": 1, ""json_pointer"": ""/transcript/data/46/paragraphs/0"", ""origin_file"": ""data/unga_general_debate_verbatim_en/automatic_transcripts_unofficial/UNGA2026_day1_EN_ASR.json"", ""origin_sha256"": ""c2ea4447e91a784516298f9c67597d8555c865e03b57840edc1644a8b924df75"", ""paragraph"": 1, ""start"": 31372.43, ""statement_start"": 31372.43}","the Geneva AI Summit, which will take place on the 21st and 22nd of June 2027",reviewed,False,geneva ai summit,Geneva AI Summit,en
E00392,verbatim_en_2026_CHE:4,2026_CHE,2026,CHE,Western European and other States,data/analysis_ready_en/2026/2026_CHE.json,8aebb706dbec6c912a289861446bf71608c77858ffc3c3f4a647b0f8c4cf0c8a,data/unga_general_debate_verbatim_en/automatic_transcripts_unofficial/UNGA2026_day1_EN_ASR.json,"{""char_end"": 8189, ""char_start"": 6360, ""end"": 32115.15, ""extracted_block"": 1, ""json_pointer"": ""/transcript/data/46/paragraphs/0"", ""origin_file"": ""data/unga_general_debate_verbatim_en/automatic_transcripts_unofficial/UNGA2026_day1_EN_ASR.json"", ""origin_sha256"": ""c2ea4447e91a784516298f9c67597d8555c865e03b57840edc1644a8b924df75"", ""paragraph"": 1, ""start"": 31372.43, ""statement_start"": 31372.43}","under the motto, ""Bridging Innovation and Trust.""",uncertain,False,innovation and trust,Bridging Innovation and Trust,en
E00393,verbatim_en_2026_CHL:7,2026_CHL,2026,CHL,Latin American and Caribbean States,data/analysis_ready_en/2026/2026_CHL.json,1191b42e6fc0e2adbe20c01d69d7fe545fae19fd037921195f1e875f9761fe99,data/unga_general_debate_verbatim_en/automatic_transcripts_unofficial/UNGA2026_day1_EN_ASR.json,"{""char_end"": 13181, ""char_start"": 11161, ""end"": 17944.67, ""extracted_block"": 1, ""json_pointer"": ""/transcript/data/24/paragraphs/0"", ""origin_file"": ""data/unga_general_debate_verbatim_en/automatic_transcripts_unofficial/UNGA2026_day1_EN_ASR.json"", ""origin_sha256"": ""c2ea4447e91a784516298f9c67597d8555c865e03b57840edc1644a8b924df75"", ""paragraph"": 1, ""start"": 16864.51, ""statement_start"": 16864.51}",We reject the false dilemma between innovation and responsibility.,reviewed,False,innovation and responsibility,false dilemma between innovation and responsibility,en
E00394,verbatim_en_2026_CHL:8,2026_CHL,2026,CHL,Latin American and Caribbean States,data/analysis_ready_en/2026/2026_CHL.json,1191b42e6fc0e2adbe20c01d69d7fe545fae19fd037921195f1e875f9761fe99,data/unga_general_debate_verbatim_en/automatic_transcripts_unofficial/UNGA2026_day1_EN_ASR.json,"{""char_end"": 15115, ""char_start"": 13182, ""end"": 17944.67, ""extracted_block"": 1, ""json_pointer"": ""/transcript/data/24/paragraphs/0"", ""origin_file"": ""data/unga_general_debate_verbatim_en/automatic_transcripts_unofficial/UNGA2026_day1_EN_ASR.json"", ""origin_sha256"": ""c2ea4447e91a784516298f9c67597d8555c865e03b57840edc1644a8b924df75"", ""paragraph"": 1, ""start"": 16864.51, ""statement_start"": 16864.51}",one of responsible pace,reviewed,False,responsible pace,responsible pace,en
E00395,verbatim_en_2026_CHN:2,2026_CHN,2026,CHN,Asia-Pacific States,data/analysis_ready_en/2026/2026_CHN.json,e2a7e7f9b58cd2fe8dd4354e4c636fa0b030086db445f835c6e576bb0b71011d,data/unga_general_debate_verbatim_en/automatic_transcripts_unofficial/UNGA2026_day5_EN_ASR.json,"{""char_end"": 4695, ""char_start"": 2267, ""end"": 1940.63, ""extracted_block"": 1, ""json_pointer"": ""/transcript/data/1/paragraphs/0"", ""origin_file"": ""data/unga_general_debate_verbatim_en/automatic_transcripts_unofficial/UNGA2026_day5_EN_ASR.json"", ""origin_sha256"": ""d398da93960901552fb297f7a7361480c845b32c955d8b6e5e1d9e367d7e1eaa"", ""paragraph"": 1, ""start"": 1240.99, ""statement_start"": 1240.99}",develop AI for the positive and for good,reviewed,False,ai for good,AI for the positive and for good,en
E00395,verbatim_en_2026_CHN:2,2026_CHN,2026,CHN,Asia-Pacific States,data/analysis_ready_en/2026/2026_CHN.json,e2a7e7f9b58cd2fe8dd4354e4c636fa0b030086db445f835c6e576bb0b71011d,data/unga_general_debate_verbatim_en/automatic_transcripts_unofficial/UNGA2026_day5_EN_ASR.json,"{""char_end"": 4695, ""char_start"": 2267, ""end"": 1940.63, ""extracted_block"": 1, ""json_pointer"": ""/transcript/data/1/paragraphs/0"", ""origin_file"": ""data/unga_general_debate_verbatim_en/automatic_transcripts_unofficial/UNGA2026_day5_EN_ASR.json"", ""origin_sha256"": ""d398da93960901552fb297f7a7361480c845b32c955d8b6e5e1d9e367d7e1eaa"", ""paragraph"": 1, ""start"": 1240.99, ""statement_start"": 1240.99}",narrow the digital divide,reviewed,False,digital divide,digital divide,en
E00395,verbatim_en_2026_CHN:2,2026_CHN,2026,CHN,Asia-Pacific States,data/analysis_ready_en/2026/2026_CHN.json,e2a7e7f9b58cd2fe8dd4354e4c636fa0b030086db445f835c6e576bb0b71011d,data/unga_general_debate_verbatim_en/automatic_transcripts_unofficial/UNGA2026_day5_EN_ASR.json,"{""char_end"": 4695, ""char_start"": 2267, ""end"": 1940.63, ""extracted_block"": 1, ""json_pointer"": ""/transcript/data/1/paragraphs/0"", ""origin_file"": ""data/unga_general_debate_verbatim_en/automatic_transcripts_unofficial/UNGA2026_day5_EN_ASR.json"", ""origin_sha256"": ""d398da93960901552fb297f7a7361480c845b32c955d8b6e5e1d9e367d7e1eaa"", ""paragraph"": 1, ""start"": 1240.99, ""statement_start"": 1240.99}",we should take a people-centered approach and develop AI for the positive and for good,uncertain,False,people-centered ai,people-centered approach,en
E00396,verbatim_en_2026_CIV:1,2026_CIV,2026,CIV,African States,data/analysis_ready_en/2026/2026_CIV.json,8c5a87d5f4f645ade89651639bb5c3dafbe0bc7e53aeb01534d8c25609169995,data/unga_general_debate_verbatim_en/automatic_transcripts_unofficial/UNGA2026_day3_EN_ASR.json,"{""char_end"": 2156, ""char_start"": 0, ""end"": 25200, ""extracted_block"": 1, ""json_pointer"": ""/transcript/data/45/paragraphs/0"", ""origin_file"": ""data/unga_general_debate_verbatim_en/automatic_transcripts_unofficial/UNGA2026_day3_EN_ASR.json"", ""origin_sha256"": ""d811444b40ce3fed3c9e88fee705c2fb1f994316fa4f311bbb6c4cf20e9e7cae"", ""paragraph"": 1, ""start"": 24896.75, ""statement_start"": 24896.75}",the very real risks to the survival of humanity,uncertain,False,survival of humanity,survival of humanity,en
E00396,verbatim_en_2026_CIV:1,2026_CIV,2026,CIV,African States,data/analysis_ready_en/2026/2026_CIV.json,8c5a87d5f4f645ade89651639bb5c3dafbe0bc7e53aeb01534d8c25609169995,data/unga_general_debate_verbatim_en/automatic_transcripts_unofficial/UNGA2026_day3_EN_ASR.json,"{""char_end"": 2156, ""char_start"": 0, ""end"": 25200, ""extracted_block"": 1, ""json_pointer"": ""/transcript/data/45/paragraphs/0"", ""origin_file"": ""data/unga_general_debate_verbatim_en/automatic_transcripts_unofficial/UNGA2026_day3_EN_ASR.json"", ""origin_sha256"": ""d811444b40ce3fed3c9e88fee705c2fb1f994316fa4f311bbb6c4cf20e9e7cae"", ""paragraph"": 1, ""start"": 24896.75, ""statement_start"": 24896.75}",posed by the uncontrolled development of artificial intelligence,uncertain,False,uncontrolled ai development,uncontrolled development of artificial intelligence,en
E00396,verbatim_en_2026_CIV:1,2026_CIV,2026,CIV,African States,data/analysis_ready_en/2026/2026_CIV.json,8c5a87d5f4f645ade89651639bb5c3dafbe0bc7e53aeb01534d8c25609169995,data/unga_general_debate_verbatim_en/automatic_transcripts_unofficial/UNGA2026_day3_EN_ASR.json,"{""char_end"": 2156, ""char_start"": 0, ""end"": 25200, ""extracted_block"": 1, ""json_pointer"": ""/transcript/data/45/paragraphs/0"", ""origin_file"": ""data/unga_general_debate_verbatim_en/automatic_transcripts_unofficial/UNGA2026_day3_EN_ASR.json"", ""origin_sha256"": ""d811444b40ce3fed3c9e88fee705c2fb1f994316fa4f311bbb6c4cf20e9e7cae"", ""paragraph"": 1, ""start"": 24896.75, ""statement_start"": 24896.75}",posed by the uncontrolled development of artificial intelligence,uncertain,False,uncontrolled development of ai,uncontrolled development of artificial intelligence,en
E00397,verbatim_en_2026_CIV:5,2026_CIV,2026,CIV,African States,data/analysis_ready_en/2026/2026_CIV.json,8c5a87d5f4f645ade89651639bb5c3dafbe0bc7e53aeb01534d8c25609169995,data/unga_general_debate_verbatim_en/automatic_transcripts_unofficial/UNGA2026_day3_EN_ASR.json,"{""char_end"": 6681, ""char_start"": 4467, ""end"": 25967.47, ""extracted_block"": 2, ""json_pointer"": ""/transcript/data/45/paragraphs/1"", ""origin_file"": ""data/unga_general_debate_verbatim_en/automatic_transcripts_unofficial/UNGA2026_day3_EN_ASR.json"", ""origin_sha256"": ""d811444b40ce3fed3c9e88fee705c2fb1f994316fa4f311bbb6c4cf20e9e7cae"", ""paragraph"": 2, ""start"": 25200.27, ""statement_start"": 24896.75}","in a spirit of inclusion, ethics, and equitable sharing of the benefits of technological progress.",uncertain,False,equitable sharing of benefits,equitable sharing of the benefits of technological progress,en
E00397,verbatim_en_2026_CIV:5,2026_CIV,2026,CIV,African States,data/analysis_ready_en/2026/2026_CIV.json,8c5a87d5f4f645ade89651639bb5c3dafbe0bc7e53aeb01534d8c25609169995,data/unga_general_debate_verbatim_en/automatic_transcripts_unofficial/UNGA2026_day3_EN_ASR.json,"{""char_end"": 6681, ""char_start"": 4467, ""end"": 25967.47, ""extracted_block"": 2, ""json_pointer"": ""/transcript/data/45/paragraphs/1"", ""origin_file"": ""data/unga_general_debate_verbatim_en/automatic_transcripts_unofficial/UNGA2026_day3_EN_ASR.json"", ""origin_sha256"": ""d811444b40ce3fed3c9e88fee705c2fb1f994316fa4f311bbb6c4cf20e9e7cae"", ""paragraph"": 2, ""start"": 25200.27, ""statement_start"": 24896.75}",promote the global governance of artificial intelligence,uncertain,False,global governance of ai,global governance of artificial intelligence,en
E00397,verbatim_en_2026_CIV:5,2026_CIV,2026,CIV,African States,data/analysis_ready_en/2026/2026_CIV.json,8c5a87d5f4f645ade89651639bb5c3dafbe0bc7e53aeb01534d8c25609169995,data/unga_general_debate_verbatim_en/automatic_transcripts_unofficial/UNGA2026_day3_EN_ASR.json,"{""char_end"": 6681, ""char_start"": 4467, ""end"": 25967.47, ""extracted_block"": 2, ""json_pointer"": ""/transcript/data/45/paragraphs/1"", ""origin_file"": ""data/unga_general_debate_verbatim_en/automatic_transcripts_unofficial/UNGA2026_day3_EN_ASR.json"", ""origin_sha256"": ""d811444b40ce3fed3c9e88fee705c2fb1f994316fa4f311bbb6c4cf20e9e7cae"", ""paragraph"": 2, ""start"": 25200.27, ""statement_start"": 24896.75}",Cote d'Ivoire supports the efforts of the United Nations to promote the global governance of artificial intelligence,uncertain,False,global governance of artificial intelligence,global governance of artificial intelligence,en
E00399,verbatim_en_2026_COD:2,2026_COD,2026,COD,African States,data/analysis_ready_en/2026/2026_COD.json,8d6a0d8dde595328f978f63adad329d35d1a54376c08959a199e3f13a4b5b4d4,data/unga_general_debate_verbatim_en/automatic_transcripts_unofficial/UNGA2026_day2_EN_ASR.json,"{""char_end"": 4180, ""char_start"": 2141, ""end"": 43198.95, ""extracted_block"": 1, ""json_pointer"": ""/transcript/data/72/paragraphs/0"", ""origin_file"": ""data/unga_general_debate_verbatim_en/automatic_transcripts_unofficial/UNGA2026_day2_EN_ASR.json"", ""origin_sha256"": ""1d48a568967de80ba6f0e040bcda57d9df79e12a3e50907b327f1fa68aa29a92"", ""paragraph"": 1, ""start"": 42196.62, ""statement_start"": 42196.62}",digital divide must not become an intelligence divide.,uncertain,False,digital divide,digital divide,en
E00399,verbatim_en_2026_COD:2,2026_COD,2026,COD,African States,data/analysis_ready_en/2026/2026_COD.json,8d6a0d8dde595328f978f63adad329d35d1a54376c08959a199e3f13a4b5b4d4,data/unga_general_debate_verbatim_en/automatic_transcripts_unofficial/UNGA2026_day2_EN_ASR.json,"{""char_end"": 4180, ""char_start"": 2141, ""end"": 43198.95, ""extracted_block"": 1, ""json_pointer"": ""/transcript/data/72/paragraphs/0"", ""origin_file"": ""data/unga_general_debate_verbatim_en/automatic_transcripts_unofficial/UNGA2026_day2_EN_ASR.json"", ""origin_sha256"": ""1d48a568967de80ba6f0e040bcda57d9df79e12a3e50907b327f1fa68aa29a92"", ""paragraph"": 1, ""start"": 42196.62, ""statement_start"": 42196.62}","The DRC supports the UN global dialogue on AI governance,",uncertain,False,global dialogue on ai governance,UN global dialogue on AI governance,en
E00399,verbatim_en_2026_COD:2,2026_COD,2026,COD,African States,data/analysis_ready_en/2026/2026_COD.json,8d6a0d8dde595328f978f63adad329d35d1a54376c08959a199e3f13a4b5b4d4,data/unga_general_debate_verbatim_en/automatic_transcripts_unofficial/UNGA2026_day2_EN_ASR.json,"{""char_end"": 4180, ""char_start"": 2141, ""end"": 43198.95, ""extracted_block"": 1, ""json_pointer"": ""/transcript/data/72/paragraphs/0"", ""origin_file"": ""data/unga_general_debate_verbatim_en/automatic_transcripts_unofficial/UNGA2026_day2_EN_ASR.json"", ""origin_sha256"": ""1d48a568967de80ba6f0e040bcda57d9df79e12a3e50907b327f1fa68aa29a92"", ""paragraph"": 1, ""start"": 42196.62, ""statement_start"": 42196.62}",digital divide must not become an intelligence divide.,reviewed,False,intelligence divide,intelligence divide,en
E00400,verbatim_en_2026_COD:6,2026_COD,2026,COD,African States,data/analysis_ready_en/2026/2026_COD.json,8d6a0d8dde595328f978f63adad329d35d1a54376c08959a199e3f13a4b5b4d4,data/unga_general_debate_verbatim_en/automatic_transcripts_unofficial/UNGA2026_day2_EN_ASR.json,"{""char_end"": 12716, ""char_start"": 10474, ""end"": 43198.95, ""extracted_block"": 1, ""json_pointer"": ""/transcript/data/72/paragraphs/0"", ""origin_file"": ""data/unga_general_debate_verbatim_en/automatic_transcripts_unofficial/UNGA2026_day2_EN_ASR.json"", ""origin_sha256"": ""1d48a568967de80ba6f0e040bcda57d9df79e12a3e50907b327f1fa68aa29a92"", ""paragraph"": 1, ""start"": 42196.62, ""statement_start"": 42196.62}","the expansion of digital and AI infrastructure are accelerating demand for copper, cobalt, lithium, nickel, and other critical minerals.",reviewed,False,critical minerals,critical minerals,en
E00401,verbatim_en_2026_COG:7,2026_COG,2026,COG,African States,data/analysis_ready_en/2026/2026_COG.json,f150da3cbd0fccd34759927df3a2d01a6da7bd5d386f533552a87d1885f9aa1d,data/unga_general_debate_verbatim_en/automatic_transcripts_unofficial/UNGA2026_day6_EN_ASR.json,"{""char_end"": 8128, ""char_start"": 6511, ""end"": 11435.67, ""extracted_block"": 2, ""json_pointer"": ""/transcript/data/15/paragraphs/1"", ""origin_file"": ""data/unga_general_debate_verbatim_en/automatic_transcripts_unofficial/UNGA2026_day6_EN_ASR.json"", ""origin_sha256"": ""00ded7b1b2b5d8831cda241976809e06923b67ea74125c9bcb3a31cb258c3d7c"", ""paragraph"": 2, ""start"": 10800.51, ""statement_start"": 10344.95}",We also call for international governance of artificial intelligence in outer space.,reviewed,False,ai in outer space,artificial intelligence in outer space,en
E00401,verbatim_en_2026_COG:7,2026_COG,2026,COG,African States,data/analysis_ready_en/2026/2026_COG.json,f150da3cbd0fccd34759927df3a2d01a6da7bd5d386f533552a87d1885f9aa1d,data/unga_general_debate_verbatim_en/automatic_transcripts_unofficial/UNGA2026_day6_EN_ASR.json,"{""char_end"": 8128, ""char_start"": 6511, ""end"": 11435.67, ""extracted_block"": 2, ""json_pointer"": ""/transcript/data/15/paragraphs/1"", ""origin_file"": ""data/unga_general_debate_verbatim_en/automatic_transcripts_unofficial/UNGA2026_day6_EN_ASR.json"", ""origin_sha256"": ""00ded7b1b2b5d8831cda241976809e06923b67ea74125c9bcb3a31cb258c3d7c"", ""paragraph"": 2, ""start"": 10800.51, ""statement_start"": 10344.95}","Africa must also be a center of creativity, innovation, and digital sovereignty.",reviewed,False,digital sovereignty,digital sovereignty,en
E00402,verbatim_en_2026_COL:4,2026_COL,2026,COL,Latin American and Caribbean States,data/analysis_ready_en/2026/2026_COL.json,2bd5a6a13ca67de8d66142d9c299baace6459e6cea1e061bd4cf629971fc28e3,data/unga_general_debate_verbatim_en/automatic_transcripts_unofficial/UNGA2026_day3_EN_ASR.json,"{""char_end"": 1940, ""char_start"": 0, ""end"": 19011.75, ""extracted_block"": 3, ""json_pointer"": ""/transcript/data/30/paragraphs/2"", ""origin_file"": ""data/unga_general_debate_verbatim_en/automatic_transcripts_unofficial/UNGA2026_day3_EN_ASR.json"", ""origin_sha256"": ""d811444b40ce3fed3c9e88fee705c2fb1f994316fa4f311bbb6c4cf20e9e7cae"", ""paragraph"": 3, ""start"": 18000.19, ""statement_start"": 17585.52}",We want to train young people for super intelligence,reviewed,False,superintelligence,super intelligence,en
E00403,verbatim_en_2026_COM:4,2026_COM,2026,COM,African States,data/analysis_ready_en/2026/2026_COM.json,08fab96a222b270967794bd1f53ffacd22a86ef48b5609e6804e1d0d870e166c,data/unga_general_debate_verbatim_en/automatic_transcripts_unofficial/UNGA2026_day3_EN_ASR.json,"{""char_end"": 6370, ""char_start"": 4290, ""end"": 10799.99, ""extracted_block"": 2, ""json_pointer"": ""/transcript/data/14/paragraphs/1"", ""origin_file"": ""data/unga_general_debate_verbatim_en/automatic_transcripts_unofficial/UNGA2026_day3_EN_ASR.json"", ""origin_sha256"": ""d811444b40ce3fed3c9e88fee705c2fb1f994316fa4f311bbb6c4cf20e9e7cae"", ""paragraph"": 2, ""start"": 9770.67, ""statement_start"": 9767.51}",The risks of artificial intelligence,uncertain,False,ai risks,risks of artificial intelligence,en
E00404,verbatim_en_2026_CRI:2,2026_CRI,2026,CRI,Latin American and Caribbean States,data/analysis_ready_en/2026/2026_CRI.json,fdd23f883f5aaef37222fbe71dfc41e2a41f28cf08f174a0a6002adf70582d29,data/unga_general_debate_verbatim_en/automatic_transcripts_unofficial/UNGA2026_day6_EN_ASR.json,"{""char_end"": 4491, ""char_start"": 2316, ""end"": 22281.07, ""extracted_block"": 1, ""json_pointer"": ""/transcript/data/35/paragraphs/0"", ""origin_file"": ""data/unga_general_debate_verbatim_en/automatic_transcripts_unofficial/UNGA2026_day6_EN_ASR.json"", ""origin_sha256"": ""00ded7b1b2b5d8831cda241976809e06923b67ea74125c9bcb3a31cb258c3d7c"", ""paragraph"": 1, ""start"": 21651.56, ""statement_start"": 21651.56}",Artificial intelligence can boost cyber terrorism and other crimes that we cannot yet envisage.,reviewed,False,cyber terrorism,cyber terrorism,en
E00405,verbatim_en_2026_CUB:7,2026_CUB,2026,CUB,Latin American and Caribbean States,data/analysis_ready_en/2026/2026_CUB.json,0c8bc1f0d0bdc4010ab6177ed45487b9c3a4d4314f18fc5664d08842d6f80478,data/unga_general_debate_verbatim_en/automatic_transcripts_unofficial/UNGA2026_day5_EN_ASR.json,"{""char_end"": 8190, ""char_start"": 6135, ""end"": 11489.79, ""extracted_block"": 2, ""json_pointer"": ""/transcript/data/21/paragraphs/1"", ""origin_file"": ""data/unga_general_debate_verbatim_en/automatic_transcripts_unofficial/UNGA2026_day5_EN_ASR.json"", ""origin_sha256"": ""d398da93960901552fb297f7a7361480c845b32c955d8b6e5e1d9e367d7e1eaa"", ""paragraph"": 2, ""start"": 10800.27, ""statement_start"": 10280.56}",particularly the disruptive technologies such as artificial intelligence.,reviewed,False,disruptive technologies,disruptive technologies,en
E00405,verbatim_en_2026_CUB:7,2026_CUB,2026,CUB,Latin American and Caribbean States,data/analysis_ready_en/2026/2026_CUB.json,0c8bc1f0d0bdc4010ab6177ed45487b9c3a4d4314f18fc5664d08842d6f80478,data/unga_general_debate_verbatim_en/automatic_transcripts_unofficial/UNGA2026_day5_EN_ASR.json,"{""char_end"": 8190, ""char_start"": 6135, ""end"": 11489.79, ""extracted_block"": 2, ""json_pointer"": ""/transcript/data/21/paragraphs/1"", ""origin_file"": ""data/unga_general_debate_verbatim_en/automatic_transcripts_unofficial/UNGA2026_day5_EN_ASR.json"", ""origin_sha256"": ""d398da93960901552fb297f7a7361480c845b32c955d8b6e5e1d9e367d7e1eaa"", ""paragraph"": 2, ""start"": 10800.27, ""statement_start"": 10280.56}","What we need to do is to promote governance that is more inclusive in the use of the new ICTs and telecommunications, particularly the disruptive technologies such as artificial intelligence.",uncertain,False,inclusive governance,governance that is more inclusive,en
E00407,verbatim_en_2026_CZE:3,2026_CZE,2026,CZE,Eastern European States,data/analysis_ready_en/2026/2026_CZE.json,761fd7d3c486e1609a0f831f8109755899965d4e0220f97c6ced8ac1bfb13f75,data/unga_general_debate_verbatim_en/automatic_transcripts_unofficial/UNGA2026_day2_EN_ASR.json,"{""char_end"": 6603, ""char_start"": 4369, ""end"": 8397.87, ""extracted_block"": 1, ""json_pointer"": ""/transcript/data/13/paragraphs/0"", ""origin_file"": ""data/unga_general_debate_verbatim_en/automatic_transcripts_unofficial/UNGA2026_day2_EN_ASR.json"", ""origin_sha256"": ""1d48a568967de80ba6f0e040bcda57d9df79e12a3e50907b327f1fa68aa29a92"", ""paragraph"": 1, ""start"": 7743.55, ""statement_start"": 7743.55}","Human beings must remain in control of technology, not become a subject to it.",reviewed,False,human control,remain in control of technology,en
E00407,verbatim_en_2026_CZE:3,2026_CZE,2026,CZE,Eastern European States,data/analysis_ready_en/2026/2026_CZE.json,761fd7d3c486e1609a0f831f8109755899965d4e0220f97c6ced8ac1bfb13f75,data/unga_general_debate_verbatim_en/automatic_transcripts_unofficial/UNGA2026_day2_EN_ASR.json,"{""char_end"": 6603, ""char_start"": 4369, ""end"": 8397.87, ""extracted_block"": 1, ""json_pointer"": ""/transcript/data/13/paragraphs/0"", ""origin_file"": ""data/unga_general_debate_verbatim_en/automatic_transcripts_unofficial/UNGA2026_day2_EN_ASR.json"", ""origin_sha256"": ""1d48a568967de80ba6f0e040bcda57d9df79e12a3e50907b327f1fa68aa29a92"", ""paragraph"": 1, ""start"": 7743.55, ""statement_start"": 7743.55}",The message from the UN's independent international scientific panel on AI,reviewed,False,independent international scientific panel on ai,independent international scientific panel on AI,en
E00407,verbatim_en_2026_CZE:3,2026_CZE,2026,CZE,Eastern European States,data/analysis_ready_en/2026/2026_CZE.json,761fd7d3c486e1609a0f831f8109755899965d4e0220f97c6ced8ac1bfb13f75,data/unga_general_debate_verbatim_en/automatic_transcripts_unofficial/UNGA2026_day2_EN_ASR.json,"{""char_end"": 6603, ""char_start"": 4369, ""end"": 8397.87, ""extracted_block"": 1, ""json_pointer"": ""/transcript/data/13/paragraphs/0"", ""origin_file"": ""data/unga_general_debate_verbatim_en/automatic_transcripts_unofficial/UNGA2026_day2_EN_ASR.json"", ""origin_sha256"": ""1d48a568967de80ba6f0e040bcda57d9df79e12a3e50907b327f1fa68aa29a92"", ""paragraph"": 1, ""start"": 7743.55, ""statement_start"": 7743.55}",an unchecked race for technological dominance to determine the future of AI,reviewed,False,race for technological dominance,race for technological dominance,en
E00408,verbatim_en_2026_CZE:4,2026_CZE,2026,CZE,Eastern European States,data/analysis_ready_en/2026/2026_CZE.json,761fd7d3c486e1609a0f831f8109755899965d4e0220f97c6ced8ac1bfb13f75,data/unga_general_debate_verbatim_en/automatic_transcripts_unofficial/UNGA2026_day2_EN_ASR.json,"{""char_end"": 8554, ""char_start"": 6604, ""end"": 8397.87, ""extracted_block"": 1, ""json_pointer"": ""/transcript/data/13/paragraphs/0"", ""origin_file"": ""data/unga_general_debate_verbatim_en/automatic_transcripts_unofficial/UNGA2026_day2_EN_ASR.json"", ""origin_sha256"": ""1d48a568967de80ba6f0e040bcda57d9df79e12a3e50907b327f1fa68aa29a92"", ""paragraph"": 1, ""start"": 7743.55, ""statement_start"": 7743.55}",We need common standards,uncertain,False,common standards,common standards,en
E00408,verbatim_en_2026_CZE:4,2026_CZE,2026,CZE,Eastern European States,data/analysis_ready_en/2026/2026_CZE.json,761fd7d3c486e1609a0f831f8109755899965d4e0220f97c6ced8ac1bfb13f75,data/unga_general_debate_verbatim_en/automatic_transcripts_unofficial/UNGA2026_day2_EN_ASR.json,"{""char_end"": 8554, ""char_start"": 6604, ""end"": 8397.87, ""extracted_block"": 1, ""json_pointer"": ""/transcript/data/13/paragraphs/0"", ""origin_file"": ""data/unga_general_debate_verbatim_en/automatic_transcripts_unofficial/UNGA2026_day2_EN_ASR.json"", ""origin_sha256"": ""1d48a568967de80ba6f0e040bcda57d9df79e12a3e50907b327f1fa68aa29a92"", ""paragraph"": 1, ""start"": 7743.55, ""statement_start"": 7743.55}",it must develop within a framework of international rules,reviewed,False,international rules,framework of international rules,en
E00408,verbatim_en_2026_CZE:4,2026_CZE,2026,CZE,Eastern European States,data/analysis_ready_en/2026/2026_CZE.json,761fd7d3c486e1609a0f831f8109755899965d4e0220f97c6ced8ac1bfb13f75,data/unga_general_debate_verbatim_en/automatic_transcripts_unofficial/UNGA2026_day2_EN_ASR.json,"{""char_end"": 8554, ""char_start"": 6604, ""end"": 8397.87, ""extracted_block"": 1, ""json_pointer"": ""/transcript/data/13/paragraphs/0"", ""origin_file"": ""data/unga_general_debate_verbatim_en/automatic_transcripts_unofficial/UNGA2026_day2_EN_ASR.json"", ""origin_sha256"": ""1d48a568967de80ba6f0e040bcda57d9df79e12a3e50907b327f1fa68aa29a92"", ""paragraph"": 1, ""start"": 7743.55, ""statement_start"": 7743.55}",the Manhattan Project showed how rapidly a scientific breakthrough can transform the balance of power,reviewed,False,manhattan project,Manhattan Project,en
E00409,verbatim_en_2026_DEU:1,2026_DEU,2026,DEU,Western European and other States,data/analysis_ready_en/2026/2026_DEU.json,12046a20295861b1f544444b1a221e2388ee86e08f57c22d02c73d46b704286f,data/unga_general_debate_verbatim_en/automatic_transcripts_unofficial/UNGA2026_day5_EN_ASR.json,"{""char_end"": 714, ""char_start"": 0, ""end"": 17999.43, ""extracted_block"": 1, ""json_pointer"": ""/transcript/data/37/paragraphs/0"", ""origin_file"": ""data/unga_general_debate_verbatim_en/automatic_transcripts_unofficial/UNGA2026_day5_EN_ASR.json"", ""origin_sha256"": ""d398da93960901552fb297f7a7361480c845b32c955d8b6e5e1d9e367d7e1eaa"", ""paragraph"": 1, ""start"": 17933.98, ""statement_start"": 17933.98}","Today, humankind faces another technological revolution",reviewed,False,technological revolution,technological revolution,en
E00410,verbatim_en_2026_DEU:2,2026_DEU,2026,DEU,Western European and other States,data/analysis_ready_en/2026/2026_DEU.json,12046a20295861b1f544444b1a221e2388ee86e08f57c22d02c73d46b704286f,data/unga_general_debate_verbatim_en/automatic_transcripts_unofficial/UNGA2026_day5_EN_ASR.json,"{""char_end"": 2043, ""char_start"": 0, ""end"": 18788.75, ""extracted_block"": 2, ""json_pointer"": ""/transcript/data/37/paragraphs/1"", ""origin_file"": ""data/unga_general_debate_verbatim_en/automatic_transcripts_unofficial/UNGA2026_day5_EN_ASR.json"", ""origin_sha256"": ""d398da93960901552fb297f7a7361480c845b32c955d8b6e5e1d9e367d7e1eaa"", ""paragraph"": 2, ""start"": 18000.23, ""statement_start"": 17933.98}",the companies holding the vast majority of all global AI patents,reviewed,False,ai patents,global AI patents,en
E00410,verbatim_en_2026_DEU:2,2026_DEU,2026,DEU,Western European and other States,data/analysis_ready_en/2026/2026_DEU.json,12046a20295861b1f544444b1a221e2388ee86e08f57c22d02c73d46b704286f,data/unga_general_debate_verbatim_en/automatic_transcripts_unofficial/UNGA2026_day5_EN_ASR.json,"{""char_end"": 2043, ""char_start"": 0, ""end"": 18788.75, ""extracted_block"": 2, ""json_pointer"": ""/transcript/data/37/paragraphs/1"", ""origin_file"": ""data/unga_general_debate_verbatim_en/automatic_transcripts_unofficial/UNGA2026_day5_EN_ASR.json"", ""origin_sha256"": ""d398da93960901552fb297f7a7361480c845b32c955d8b6e5e1d9e367d7e1eaa"", ""paragraph"": 2, ""start"": 18000.23, ""statement_start"": 17933.98}","by spreading information that appears real but is, in fact, fake.",uncertain,False,fake information,"information that appears real but is, in fact, fake",en
E00410,verbatim_en_2026_DEU:2,2026_DEU,2026,DEU,Western European and other States,data/analysis_ready_en/2026/2026_DEU.json,12046a20295861b1f544444b1a221e2388ee86e08f57c22d02c73d46b704286f,data/unga_general_debate_verbatim_en/automatic_transcripts_unofficial/UNGA2026_day5_EN_ASR.json,"{""char_end"": 2043, ""char_start"": 0, ""end"": 18788.75, ""extracted_block"": 2, ""json_pointer"": ""/transcript/data/37/paragraphs/1"", ""origin_file"": ""data/unga_general_debate_verbatim_en/automatic_transcripts_unofficial/UNGA2026_day5_EN_ASR.json"", ""origin_sha256"": ""d398da93960901552fb297f7a7361480c845b32c955d8b6e5e1d9e367d7e1eaa"", ""paragraph"": 2, ""start"": 18000.23, ""statement_start"": 17933.98}","And wherever power becomes global, responsibility must become global too.",uncertain,False,global responsibility,responsibility must become global,en
E00412,verbatim_en_2026_DEU:5,2026_DEU,2026,DEU,Western European and other States,data/analysis_ready_en/2026/2026_DEU.json,12046a20295861b1f544444b1a221e2388ee86e08f57c22d02c73d46b704286f,data/unga_general_debate_verbatim_en/automatic_transcripts_unofficial/UNGA2026_day5_EN_ASR.json,"{""char_end"": 8226, ""char_start"": 6062, ""end"": 18788.75, ""extracted_block"": 2, ""json_pointer"": ""/transcript/data/37/paragraphs/1"", ""origin_file"": ""data/unga_general_debate_verbatim_en/automatic_transcripts_unofficial/UNGA2026_day5_EN_ASR.json"", ""origin_sha256"": ""d398da93960901552fb297f7a7361480c845b32c955d8b6e5e1d9e367d7e1eaa"", ""paragraph"": 2, ""start"": 18000.23, ""statement_start"": 17933.98}","Access to computing power, data, expertise, and infrastructure",reviewed,False,computing power,computing power,en
E00412,verbatim_en_2026_DEU:5,2026_DEU,2026,DEU,Western European and other States,data/analysis_ready_en/2026/2026_DEU.json,12046a20295861b1f544444b1a221e2388ee86e08f57c22d02c73d46b704286f,data/unga_general_debate_verbatim_en/automatic_transcripts_unofficial/UNGA2026_day5_EN_ASR.json,"{""char_end"": 8226, ""char_start"": 6062, ""end"": 18788.75, ""extracted_block"": 2, ""json_pointer"": ""/transcript/data/37/paragraphs/1"", ""origin_file"": ""data/unga_general_debate_verbatim_en/automatic_transcripts_unofficial/UNGA2026_day5_EN_ASR.json"", ""origin_sha256"": ""d398da93960901552fb297f7a7361480c845b32c955d8b6e5e1d9e367d7e1eaa"", ""paragraph"": 2, ""start"": 18000.23, ""statement_start"": 17933.98}",common safety requirements for the most capable AI models,reviewed,False,most capable ai models,most capable AI models,en
E00412,verbatim_en_2026_DEU:5,2026_DEU,2026,DEU,Western European and other States,data/analysis_ready_en/2026/2026_DEU.json,12046a20295861b1f544444b1a221e2388ee86e08f57c22d02c73d46b704286f,data/unga_general_debate_verbatim_en/automatic_transcripts_unofficial/UNGA2026_day5_EN_ASR.json,"{""char_end"": 8226, ""char_start"": 6062, ""end"": 18788.75, ""extracted_block"": 2, ""json_pointer"": ""/transcript/data/37/paragraphs/1"", ""origin_file"": ""data/unga_general_debate_verbatim_en/automatic_transcripts_unofficial/UNGA2026_day5_EN_ASR.json"", ""origin_sha256"": ""d398da93960901552fb297f7a7361480c845b32c955d8b6e5e1d9e367d7e1eaa"", ""paragraph"": 2, ""start"": 18000.23, ""statement_start"": 17933.98}",Providers should be required to test these models before release and report serious safety failures.,uncertain,False,pre-release safety testing,test these models before release,en
E00412,verbatim_en_2026_DEU:5,2026_DEU,2026,DEU,Western European and other States,data/analysis_ready_en/2026/2026_DEU.json,12046a20295861b1f544444b1a221e2388ee86e08f57c22d02c73d46b704286f,data/unga_general_debate_verbatim_en/automatic_transcripts_unofficial/UNGA2026_day5_EN_ASR.json,"{""char_end"": 8226, ""char_start"": 6062, ""end"": 18788.75, ""extracted_block"": 2, ""json_pointer"": ""/transcript/data/37/paragraphs/1"", ""origin_file"": ""data/unga_general_debate_verbatim_en/automatic_transcripts_unofficial/UNGA2026_day5_EN_ASR.json"", ""origin_sha256"": ""d398da93960901552fb297f7a7361480c845b32c955d8b6e5e1d9e367d7e1eaa"", ""paragraph"": 2, ""start"": 18000.23, ""statement_start"": 17933.98}",moving from voluntary commitments towards increasing transparency,reviewed,False,voluntary commitments,voluntary commitments,en
E00413,verbatim_en_2026_DEU:6,2026_DEU,2026,DEU,Western European and other States,data/analysis_ready_en/2026/2026_DEU.json,12046a20295861b1f544444b1a221e2388ee86e08f57c22d02c73d46b704286f,data/unga_general_debate_verbatim_en/automatic_transcripts_unofficial/UNGA2026_day5_EN_ASR.json,"{""char_end"": 9550, ""char_start"": 8227, ""end"": 18788.75, ""extracted_block"": 2, ""json_pointer"": ""/transcript/data/37/paragraphs/1"", ""origin_file"": ""data/unga_general_debate_verbatim_en/automatic_transcripts_unofficial/UNGA2026_day5_EN_ASR.json"", ""origin_sha256"": ""d398da93960901552fb297f7a7361480c845b32c955d8b6e5e1d9e367d7e1eaa"", ""paragraph"": 2, ""start"": 18000.23, ""statement_start"": 17933.98}",we need to ensure accountability,uncertain,False,accountability,accountability,en
E00413,verbatim_en_2026_DEU:6,2026_DEU,2026,DEU,Western European and other States,data/analysis_ready_en/2026/2026_DEU.json,12046a20295861b1f544444b1a221e2388ee86e08f57c22d02c73d46b704286f,data/unga_general_debate_verbatim_en/automatic_transcripts_unofficial/UNGA2026_day5_EN_ASR.json,"{""char_end"": 9550, ""char_start"": 8227, ""end"": 18788.75, ""extracted_block"": 2, ""json_pointer"": ""/transcript/data/37/paragraphs/1"", ""origin_file"": ""data/unga_general_debate_verbatim_en/automatic_transcripts_unofficial/UNGA2026_day5_EN_ASR.json"", ""origin_sha256"": ""d398da93960901552fb297f7a7361480c845b32c955d8b6e5e1d9e367d7e1eaa"", ""paragraph"": 2, ""start"": 18000.23, ""statement_start"": 17933.98}",These requirements should be supported by effective national and regional oversight.,reviewed,False,oversight,national and regional oversight,en
E00414,verbatim_en_2026_DJI:5,2026_DJI,2026,DJI,African States,data/analysis_ready_en/2026/2026_DJI.json,58a3cf2d5a9975992366853c2d9878f55ba564b2bebf4cf9599295509250132f,data/unga_general_debate_verbatim_en/automatic_transcripts_unofficial/UNGA2026_day5_EN_ASR.json,"{""char_end"": 11144, ""char_start"": 9213, ""end"": 25140.75, ""extracted_block"": 1, ""json_pointer"": ""/transcript/data/47/paragraphs/0"", ""origin_file"": ""data/unga_general_debate_verbatim_en/automatic_transcripts_unofficial/UNGA2026_day5_EN_ASR.json"", ""origin_sha256"": ""d398da93960901552fb297f7a7361480c845b32c955d8b6e5e1d9e367d7e1eaa"", ""paragraph"": 1, ""start"": 24320.31, ""statement_start"": 24320.31}",if we are able to bridge the digital divide,reviewed,False,digital divide,digital divide,en
E00414,verbatim_en_2026_DJI:5,2026_DJI,2026,DJI,African States,data/analysis_ready_en/2026/2026_DJI.json,58a3cf2d5a9975992366853c2d9878f55ba564b2bebf4cf9599295509250132f,data/unga_general_debate_verbatim_en/automatic_transcripts_unofficial/UNGA2026_day5_EN_ASR.json,"{""char_end"": 11144, ""char_start"": 9213, ""end"": 25140.75, ""extracted_block"": 1, ""json_pointer"": ""/transcript/data/47/paragraphs/0"", ""origin_file"": ""data/unga_general_debate_verbatim_en/automatic_transcripts_unofficial/UNGA2026_day5_EN_ASR.json"", ""origin_sha256"": ""d398da93960901552fb297f7a7361480c845b32c955d8b6e5e1d9e367d7e1eaa"", ""paragraph"": 1, ""start"": 24320.31, ""statement_start"": 24320.31}","facilitate technology sharing, and build the capacities of developing countries.",reviewed,False,technology sharing,technology sharing,en
E00415,verbatim_en_2026_DZA:8,2026_DZA,2026,DZA,African States,data/analysis_ready_en/2026/2026_DZA.json,e4eaabc6280d3c21a297f2c00842aa37e54fd3c6f5025795c11244dcb487ed70,data/unga_general_debate_verbatim_en/automatic_transcripts_unofficial/UNGA2026_day6_EN_ASR.json,"{""char_end"": 17416, ""char_start"": 15278, ""end"": 6569.31, ""extracted_block"": 1, ""json_pointer"": ""/transcript/data/7/paragraphs/0"", ""origin_file"": ""data/unga_general_debate_verbatim_en/automatic_transcripts_unofficial/UNGA2026_day6_EN_ASR.json"", ""origin_sha256"": ""00ded7b1b2b5d8831cda241976809e06923b67ea74125c9bcb3a31cb258c3d7c"", ""paragraph"": 1, ""start"": 4777.51, ""statement_start"": 4777.51}",a balanced and responsible international regulation of artificial intelligence,uncertain,False,international regulation of ai,international regulation of artificial intelligence,en
E00415,verbatim_en_2026_DZA:8,2026_DZA,2026,DZA,African States,data/analysis_ready_en/2026/2026_DZA.json,e4eaabc6280d3c21a297f2c00842aa37e54fd3c6f5025795c11244dcb487ed70,data/unga_general_debate_verbatim_en/automatic_transcripts_unofficial/UNGA2026_day6_EN_ASR.json,"{""char_end"": 17416, ""char_start"": 15278, ""end"": 6569.31, ""extracted_block"": 1, ""json_pointer"": ""/transcript/data/7/paragraphs/0"", ""origin_file"": ""data/unga_general_debate_verbatim_en/automatic_transcripts_unofficial/UNGA2026_day6_EN_ASR.json"", ""origin_sha256"": ""00ded7b1b2b5d8831cda241976809e06923b67ea74125c9bcb3a31cb258c3d7c"", ""paragraph"": 1, ""start"": 4777.51, ""statement_start"": 4777.51}",an exclusive privilege or monopoly in the hands of a few,uncertain,False,monopoly,monopoly in the hands of a few,en
E00416,verbatim_en_2026_ECU:3,2026_ECU,2026,ECU,Latin American and Caribbean States,data/analysis_ready_en/2026/2026_ECU.json,cd55686a8ca6dff7a36f663102fd9a76a23ae763aaf019f873ced3636368fd45,data/unga_general_debate_verbatim_en/automatic_transcripts_unofficial/UNGA2026_day2_EN_ASR.json,"{""char_end"": 4049, ""char_start"": 2117, ""end"": 18371.43, ""extracted_block"": 2, ""json_pointer"": ""/transcript/data/30/paragraphs/1"", ""origin_file"": ""data/unga_general_debate_verbatim_en/automatic_transcripts_unofficial/UNGA2026_day2_EN_ASR.json"", ""origin_sha256"": ""1d48a568967de80ba6f0e040bcda57d9df79e12a3e50907b327f1fa68aa29a92"", ""paragraph"": 2, ""start"": 18000.11, ""statement_start"": 17754.49}",We need international governance that enables us to innovate,uncertain,False,international governance,international governance,en
E00417,verbatim_en_2026_EGY:6,2026_EGY,2026,EGY,African States,data/analysis_ready_en/2026/2026_EGY.json,0c0bcf23796dcc6401d3f81af29c76dc7ee288ee41974c408d5c4c014c1a4463,data/unga_general_debate_verbatim_en/automatic_transcripts_unofficial/UNGA2026_day4_EN_ASR.json,"{""char_end"": 14141, ""char_start"": 11735, ""end"": 28800, ""extracted_block"": 1, ""json_pointer"": ""/transcript/data/41/paragraphs/0"", ""origin_file"": ""data/unga_general_debate_verbatim_en/automatic_transcripts_unofficial/UNGA2026_day4_EN_ASR.json"", ""origin_sha256"": ""1c43e6b9024f9c46d1e134590e19b4bfa3567b0a9cac7c5f0a29794d0b9dd1a6"", ""paragraph"": 1, ""start"": 27631.11, ""statement_start"": 27631.11}","a vast new divide in power linked to computing capacity, data, models, skills, and financing",reviewed,False,computing capacity,computing capacity,en
E00417,verbatim_en_2026_EGY:6,2026_EGY,2026,EGY,African States,data/analysis_ready_en/2026/2026_EGY.json,0c0bcf23796dcc6401d3f81af29c76dc7ee288ee41974c408d5c4c014c1a4463,data/unga_general_debate_verbatim_en/automatic_transcripts_unofficial/UNGA2026_day4_EN_ASR.json,"{""char_end"": 14141, ""char_start"": 11735, ""end"": 28800, ""extracted_block"": 1, ""json_pointer"": ""/transcript/data/41/paragraphs/0"", ""origin_file"": ""data/unga_general_debate_verbatim_en/automatic_transcripts_unofficial/UNGA2026_day4_EN_ASR.json"", ""origin_sha256"": ""1c43e6b9024f9c46d1e134590e19b4bfa3567b0a9cac7c5f0a29794d0b9dd1a6"", ""paragraph"": 1, ""start"": 27631.11, ""statement_start"": 27631.11}",technology is a global public benefit and not an exclusive privilege,reviewed,False,global public benefit,global public benefit,en
E00417,verbatim_en_2026_EGY:6,2026_EGY,2026,EGY,African States,data/analysis_ready_en/2026/2026_EGY.json,0c0bcf23796dcc6401d3f81af29c76dc7ee288ee41974c408d5c4c014c1a4463,data/unga_general_debate_verbatim_en/automatic_transcripts_unofficial/UNGA2026_day4_EN_ASR.json,"{""char_end"": 14141, ""char_start"": 11735, ""end"": 28800, ""extracted_block"": 1, ""json_pointer"": ""/transcript/data/41/paragraphs/0"", ""origin_file"": ""data/unga_general_debate_verbatim_en/automatic_transcripts_unofficial/UNGA2026_day4_EN_ASR.json"", ""origin_sha256"": ""1c43e6b9024f9c46d1e134590e19b4bfa3567b0a9cac7c5f0a29794d0b9dd1a6"", ""paragraph"": 1, ""start"": 27631.11, ""statement_start"": 27631.11}",reflect the linguistic and cultural diversity of the world,uncertain,False,linguistic and cultural diversity,linguistic and cultural diversity,en
E00417,verbatim_en_2026_EGY:6,2026_EGY,2026,EGY,African States,data/analysis_ready_en/2026/2026_EGY.json,0c0bcf23796dcc6401d3f81af29c76dc7ee288ee41974c408d5c4c014c1a4463,data/unga_general_debate_verbatim_en/automatic_transcripts_unofficial/UNGA2026_day4_EN_ASR.json,"{""char_end"": 14141, ""char_start"": 11735, ""end"": 28800, ""extracted_block"": 1, ""json_pointer"": ""/transcript/data/41/paragraphs/0"", ""origin_file"": ""data/unga_general_debate_verbatim_en/automatic_transcripts_unofficial/UNGA2026_day4_EN_ASR.json"", ""origin_sha256"": ""1c43e6b9024f9c46d1e134590e19b4bfa3567b0a9cac7c5f0a29794d0b9dd1a6"", ""paragraph"": 1, ""start"": 27631.11, ""statement_start"": 27631.11}",its national artificial intelligence strategy 2025-2030,reviewed,False,national ai strategy,national artificial intelligence strategy,en
E00418,verbatim_en_2026_ESP:4,2026_ESP,2026,ESP,Western European and other States,data/analysis_ready_en/2026/2026_ESP.json,6c6907122262c7632f49a0656ea298efccd841f3345b6f5cf5cec1d97d466268,data/unga_general_debate_verbatim_en/automatic_transcripts_unofficial/UNGA2026_day2_EN_ASR.json,"{""char_end"": 7316, ""char_start"": 5428, ""end"": 41072.59, ""extracted_block"": 1, ""json_pointer"": ""/transcript/data/68/paragraphs/0"", ""origin_file"": ""data/unga_general_debate_verbatim_en/automatic_transcripts_unofficial/UNGA2026_day2_EN_ASR.json"", ""origin_sha256"": ""1d48a568967de80ba6f0e040bcda57d9df79e12a3e50907b327f1fa68aa29a92"", ""paragraph"": 1, ""start"": 40149.45, ""statement_start"": 40149.45}",impose strict regulations on the tech oligarchs,reviewed,False,tech oligarchs,tech oligarchs,en
E00420,verbatim_en_2026_EST:7,2026_EST,2026,EST,Eastern European States,data/analysis_ready_en/2026/2026_EST.json,ff1c4cea436d2affca715982cd2250932befe1ca79aaab294d198fba838af1bc,data/unga_general_debate_verbatim_en/automatic_transcripts_unofficial/UNGA2026_day2_EN_ASR.json,"{""char_end"": 14005, ""char_start"": 12553, ""end"": 10799.87, ""extracted_block"": 1, ""json_pointer"": ""/transcript/data/17/paragraphs/0"", ""origin_file"": ""data/unga_general_debate_verbatim_en/automatic_transcripts_unofficial/UNGA2026_day2_EN_ASR.json"", ""origin_sha256"": ""1d48a568967de80ba6f0e040bcda57d9df79e12a3e50907b327f1fa68aa29a92"", ""paragraph"": 1, ""start"": 9687.75, ""statement_start"": 9687.75}",one of the commissioners of AI for Good Global Commission this summer,uncertain,False,ai for good,AI for Good Global Commission,en
E00420,verbatim_en_2026_EST:7,2026_EST,2026,EST,Eastern European States,data/analysis_ready_en/2026/2026_EST.json,ff1c4cea436d2affca715982cd2250932befe1ca79aaab294d198fba838af1bc,data/unga_general_debate_verbatim_en/automatic_transcripts_unofficial/UNGA2026_day2_EN_ASR.json,"{""char_end"": 14005, ""char_start"": 12553, ""end"": 10799.87, ""extracted_block"": 1, ""json_pointer"": ""/transcript/data/17/paragraphs/0"", ""origin_file"": ""data/unga_general_debate_verbatim_en/automatic_transcripts_unofficial/UNGA2026_day2_EN_ASR.json"", ""origin_sha256"": ""1d48a568967de80ba6f0e040bcda57d9df79e12a3e50907b327f1fa68aa29a92"", ""paragraph"": 1, ""start"": 9687.75, ""statement_start"": 9687.75}",one of the commissioners of AI for Good Global Commission this summer.,uncertain,False,ai for good global commission,AI for Good Global Commission,en
E00420,verbatim_en_2026_EST:7,2026_EST,2026,EST,Eastern European States,data/analysis_ready_en/2026/2026_EST.json,ff1c4cea436d2affca715982cd2250932befe1ca79aaab294d198fba838af1bc,data/unga_general_debate_verbatim_en/automatic_transcripts_unofficial/UNGA2026_day2_EN_ASR.json,"{""char_end"": 14005, ""char_start"": 12553, ""end"": 10799.87, ""extracted_block"": 1, ""json_pointer"": ""/transcript/data/17/paragraphs/0"", ""origin_file"": ""data/unga_general_debate_verbatim_en/automatic_transcripts_unofficial/UNGA2026_day2_EN_ASR.json"", ""origin_sha256"": ""1d48a568967de80ba6f0e040bcda57d9df79e12a3e50907b327f1fa68aa29a92"", ""paragraph"": 1, ""start"": 9687.75, ""statement_start"": 9687.75}",a massive education innovation program we call the AI Leap,reviewed,False,ai leap,AI Leap,en
E00420,verbatim_en_2026_EST:7,2026_EST,2026,EST,Eastern European States,data/analysis_ready_en/2026/2026_EST.json,ff1c4cea436d2affca715982cd2250932befe1ca79aaab294d198fba838af1bc,data/unga_general_debate_verbatim_en/automatic_transcripts_unofficial/UNGA2026_day2_EN_ASR.json,"{""char_end"": 14005, ""char_start"": 12553, ""end"": 10799.87, ""extracted_block"": 1, ""json_pointer"": ""/transcript/data/17/paragraphs/0"", ""origin_file"": ""data/unga_general_debate_verbatim_en/automatic_transcripts_unofficial/UNGA2026_day2_EN_ASR.json"", ""origin_sha256"": ""1d48a568967de80ba6f0e040bcda57d9df79e12a3e50907b327f1fa68aa29a92"", ""paragraph"": 1, ""start"": 9687.75, ""statement_start"": 9687.75}",As a co-chair of the first UN Global Dialogue on AI Governance,reviewed,False,global dialogue on ai governance,UN Global Dialogue on AI Governance,en
E00423,verbatim_en_2026_ETH:2,2026_ETH,2026,ETH,African States,data/analysis_ready_en/2026/2026_ETH.json,5acff8efb4e65995788c5102099ee4f2260a731f033874f1140f03ade9f06e57,data/unga_general_debate_verbatim_en/automatic_transcripts_unofficial/UNGA2026_day2_EN_ASR.json,"{""char_end"": 4435, ""char_start"": 2257, ""end"": 24115.27, ""extracted_block"": 1, ""json_pointer"": ""/transcript/data/40/paragraphs/0"", ""origin_file"": ""data/unga_general_debate_verbatim_en/automatic_transcripts_unofficial/UNGA2026_day2_EN_ASR.json"", ""origin_sha256"": ""1d48a568967de80ba6f0e040bcda57d9df79e12a3e50907b327f1fa68aa29a92"", ""paragraph"": 1, ""start"": 23314.47, ""statement_start"": 23314.47}",Ethiopia's initiative of 5 million quarters program,uncertain,False,5 million coders,5 million quarters program,en
E00423,verbatim_en_2026_ETH:2,2026_ETH,2026,ETH,African States,data/analysis_ready_en/2026/2026_ETH.json,5acff8efb4e65995788c5102099ee4f2260a731f033874f1140f03ade9f06e57,data/unga_general_debate_verbatim_en/automatic_transcripts_unofficial/UNGA2026_day2_EN_ASR.json,"{""char_end"": 4435, ""char_start"": 2257, ""end"": 24115.27, ""extracted_block"": 1, ""json_pointer"": ""/transcript/data/40/paragraphs/0"", ""origin_file"": ""data/unga_general_debate_verbatim_en/automatic_transcripts_unofficial/UNGA2026_day2_EN_ASR.json"", ""origin_sha256"": ""1d48a568967de80ba6f0e040bcda57d9df79e12a3e50907b327f1fa68aa29a92"", ""paragraph"": 1, ""start"": 23314.47, ""statement_start"": 23314.47}",the Global South leads this technological revolution,uncertain,False,global south,Global South,en
E00423,verbatim_en_2026_ETH:2,2026_ETH,2026,ETH,African States,data/analysis_ready_en/2026/2026_ETH.json,5acff8efb4e65995788c5102099ee4f2260a731f033874f1140f03ade9f06e57,data/unga_general_debate_verbatim_en/automatic_transcripts_unofficial/UNGA2026_day2_EN_ASR.json,"{""char_end"": 4435, ""char_start"": 2257, ""end"": 24115.27, ""extracted_block"": 1, ""json_pointer"": ""/transcript/data/40/paragraphs/0"", ""origin_file"": ""data/unga_general_debate_verbatim_en/automatic_transcripts_unofficial/UNGA2026_day2_EN_ASR.json"", ""origin_sha256"": ""1d48a568967de80ba6f0e040bcda57d9df79e12a3e50907b327f1fa68aa29a92"", ""paragraph"": 1, ""start"": 23314.47, ""statement_start"": 23314.47}",the soon to be commissioned University of Artificial Intelligence,reviewed,False,university of artificial intelligence,University of Artificial Intelligence,en
E00425,verbatim_en_2026_FIN:8,2026_FIN,2026,FIN,Western European and other States,data/analysis_ready_en/2026/2026_FIN.json,7275d48139a915065aa969de593ee34749fd033c7386cc7ee6a4d2edb4215d31,data/unga_general_debate_verbatim_en/automatic_transcripts_unofficial/UNGA2026_day1_EN_ASR.json,"{""char_end"": 14471, ""char_start"": 12388, ""end"": 19131.51, ""extracted_block"": 2, ""json_pointer"": ""/transcript/data/26/paragraphs/1"", ""origin_file"": ""data/unga_general_debate_verbatim_en/automatic_transcripts_unofficial/UNGA2026_day1_EN_ASR.json"", ""origin_sha256"": ""c2ea4447e91a784516298f9c67597d8555c865e03b57840edc1644a8b924df75"", ""paragraph"": 2, ""start"": 18000.19, ""statement_start"": 17983.11}",to develop mechanisms to control frontier AI models.,uncertain,False,frontier ai,frontier AI models,en
E00425,verbatim_en_2026_FIN:8,2026_FIN,2026,FIN,Western European and other States,data/analysis_ready_en/2026/2026_FIN.json,7275d48139a915065aa969de593ee34749fd033c7386cc7ee6a4d2edb4215d31,data/unga_general_debate_verbatim_en/automatic_transcripts_unofficial/UNGA2026_day1_EN_ASR.json,"{""char_end"": 14471, ""char_start"": 12388, ""end"": 19131.51, ""extracted_block"": 2, ""json_pointer"": ""/transcript/data/26/paragraphs/1"", ""origin_file"": ""data/unga_general_debate_verbatim_en/automatic_transcripts_unofficial/UNGA2026_day1_EN_ASR.json"", ""origin_sha256"": ""c2ea4447e91a784516298f9c67597d8555c865e03b57840edc1644a8b924df75"", ""paragraph"": 2, ""start"": 18000.19, ""statement_start"": 17983.11}",develop mechanisms to control frontier AI models,uncertain,False,frontier ai models,frontier AI models,en
E00425,verbatim_en_2026_FIN:8,2026_FIN,2026,FIN,Western European and other States,data/analysis_ready_en/2026/2026_FIN.json,7275d48139a915065aa969de593ee34749fd033c7386cc7ee6a4d2edb4215d31,data/unga_general_debate_verbatim_en/automatic_transcripts_unofficial/UNGA2026_day1_EN_ASR.json,"{""char_end"": 14471, ""char_start"": 12388, ""end"": 19131.51, ""extracted_block"": 2, ""json_pointer"": ""/transcript/data/26/paragraphs/1"", ""origin_file"": ""data/unga_general_debate_verbatim_en/automatic_transcripts_unofficial/UNGA2026_day1_EN_ASR.json"", ""origin_sha256"": ""c2ea4447e91a784516298f9c67597d8555c865e03b57840edc1644a8b924df75"", ""paragraph"": 2, ""start"": 18000.19, ""statement_start"": 17983.11}",Humans can and should be in the driver's seat.,reviewed,False,human control,in the driver's seat,en
E00428,verbatim_en_2026_FRA:11,2026_FRA,2026,FRA,Western European and other States,data/analysis_ready_en/2026/2026_FRA.json,0469e0000683b30c150bc67456be28aed1ca379d8e0d631a19010b3d43bfdd2e,data/unga_general_debate_verbatim_en/automatic_transcripts_unofficial/UNGA2026_day1_EN_ASR.json,"{""char_end"": 4002, ""char_start"": 2000, ""end"": 22281.27, ""extracted_block"": 2, ""json_pointer"": ""/transcript/data/30/paragraphs/1"", ""origin_file"": ""data/unga_general_debate_verbatim_en/automatic_transcripts_unofficial/UNGA2026_day1_EN_ASR.json"", ""origin_sha256"": ""c2ea4447e91a784516298f9c67597d8555c865e03b57840edc1644a8b924df75"", ""paragraph"": 2, ""start"": 21602.27, ""statement_start"": 20320.59}","And in fact, Europe was the first with the AI Act to take forward these principles.",uncertain,False,ai act,AI Act,en
E00428,verbatim_en_2026_FRA:11,2026_FRA,2026,FRA,Western European and other States,data/analysis_ready_en/2026/2026_FRA.json,0469e0000683b30c150bc67456be28aed1ca379d8e0d631a19010b3d43bfdd2e,data/unga_general_debate_verbatim_en/automatic_transcripts_unofficial/UNGA2026_day1_EN_ASR.json,"{""char_end"": 4002, ""char_start"": 2000, ""end"": 22281.27, ""extracted_block"": 2, ""json_pointer"": ""/transcript/data/30/paragraphs/1"", ""origin_file"": ""data/unga_general_debate_verbatim_en/automatic_transcripts_unofficial/UNGA2026_day1_EN_ASR.json"", ""origin_sha256"": ""c2ea4447e91a784516298f9c67597d8555c865e03b57840edc1644a8b924df75"", ""paragraph"": 2, ""start"": 21602.27, ""statement_start"": 20320.59}","At the AI Summit in 2025, the AI Governance Summit, the next edition will be held in Switzerland next year.",uncertain,False,ai governance summit,AI Governance Summit,en
E00428,verbatim_en_2026_FRA:11,2026_FRA,2026,FRA,Western European and other States,data/analysis_ready_en/2026/2026_FRA.json,0469e0000683b30c150bc67456be28aed1ca379d8e0d631a19010b3d43bfdd2e,data/unga_general_debate_verbatim_en/automatic_transcripts_unofficial/UNGA2026_day1_EN_ASR.json,"{""char_end"": 4002, ""char_start"": 2000, ""end"": 22281.27, ""extracted_block"": 2, ""json_pointer"": ""/transcript/data/30/paragraphs/1"", ""origin_file"": ""data/unga_general_debate_verbatim_en/automatic_transcripts_unofficial/UNGA2026_day1_EN_ASR.json"", ""origin_sha256"": ""c2ea4447e91a784516298f9c67597d8555c865e03b57840edc1644a8b924df75"", ""paragraph"": 2, ""start"": 21602.27, ""statement_start"": 20320.59}","the AI Governance Summit, the next edition will be held in Switzerland next year.",uncertain,False,ai summit,AI Governance Summit,en
E00428,verbatim_en_2026_FRA:11,2026_FRA,2026,FRA,Western European and other States,data/analysis_ready_en/2026/2026_FRA.json,0469e0000683b30c150bc67456be28aed1ca379d8e0d631a19010b3d43bfdd2e,data/unga_general_debate_verbatim_en/automatic_transcripts_unofficial/UNGA2026_day1_EN_ASR.json,"{""char_end"": 4002, ""char_start"": 2000, ""end"": 22281.27, ""extracted_block"": 2, ""json_pointer"": ""/transcript/data/30/paragraphs/1"", ""origin_file"": ""data/unga_general_debate_verbatim_en/automatic_transcripts_unofficial/UNGA2026_day1_EN_ASR.json"", ""origin_sha256"": ""c2ea4447e91a784516298f9c67597d8555c865e03b57840edc1644a8b924df75"", ""paragraph"": 2, ""start"": 21602.27, ""statement_start"": 20320.59}",so that we can craft a way of auditing these models instead of being reliant on just a few private actors.,uncertain,False,auditing ai models,auditing these models,en
E00428,verbatim_en_2026_FRA:11,2026_FRA,2026,FRA,Western European and other States,data/analysis_ready_en/2026/2026_FRA.json,0469e0000683b30c150bc67456be28aed1ca379d8e0d631a19010b3d43bfdd2e,data/unga_general_debate_verbatim_en/automatic_transcripts_unofficial/UNGA2026_day1_EN_ASR.json,"{""char_end"": 4002, ""char_start"": 2000, ""end"": 22281.27, ""extracted_block"": 2, ""json_pointer"": ""/transcript/data/30/paragraphs/1"", ""origin_file"": ""data/unga_general_debate_verbatim_en/automatic_transcripts_unofficial/UNGA2026_day1_EN_ASR.json"", ""origin_sha256"": ""c2ea4447e91a784516298f9c67597d8555c865e03b57840edc1644a8b924df75"", ""paragraph"": 2, ""start"": 21602.27, ""statement_start"": 20320.59}",Europe was the first with the AI Act,uncertain,False,eu ai act,AI Act,en
E00428,verbatim_en_2026_FRA:11,2026_FRA,2026,FRA,Western European and other States,data/analysis_ready_en/2026/2026_FRA.json,0469e0000683b30c150bc67456be28aed1ca379d8e0d631a19010b3d43bfdd2e,data/unga_general_debate_verbatim_en/automatic_transcripts_unofficial/UNGA2026_day1_EN_ASR.json,"{""char_end"": 4002, ""char_start"": 2000, ""end"": 22281.27, ""extracted_block"": 2, ""json_pointer"": ""/transcript/data/30/paragraphs/1"", ""origin_file"": ""data/unga_general_debate_verbatim_en/automatic_transcripts_unofficial/UNGA2026_day1_EN_ASR.json"", ""origin_sha256"": ""c2ea4447e91a784516298f9c67597d8555c865e03b57840edc1644a8b924df75"", ""paragraph"": 2, ""start"": 21602.27, ""statement_start"": 20320.59}",we launched the Global Partnership for Artificial Intelligence under the auspices of the OECD to kickstart discussions on the need for regulation.,reviewed,False,global partnership on artificial intelligence,Global Partnership for Artificial Intelligence,en
E00429,verbatim_en_2026_FRA:12,2026_FRA,2026,FRA,Western European and other States,data/analysis_ready_en/2026/2026_FRA.json,0469e0000683b30c150bc67456be28aed1ca379d8e0d631a19010b3d43bfdd2e,data/unga_general_debate_verbatim_en/automatic_transcripts_unofficial/UNGA2026_day1_EN_ASR.json,"{""char_end"": 5921, ""char_start"": 4003, ""end"": 22281.27, ""extracted_block"": 2, ""json_pointer"": ""/transcript/data/30/paragraphs/1"", ""origin_file"": ""data/unga_general_debate_verbatim_en/automatic_transcripts_unofficial/UNGA2026_day1_EN_ASR.json"", ""origin_sha256"": ""c2ea4447e91a784516298f9c67597d8555c865e03b57840edc1644a8b924df75"", ""paragraph"": 2, ""start"": 21602.27, ""statement_start"": 20320.59}","AI in outer space, AI and defense and cybersecurity.",uncertain,False,ai in outer space,AI in outer space,en
E00429,verbatim_en_2026_FRA:12,2026_FRA,2026,FRA,Western European and other States,data/analysis_ready_en/2026/2026_FRA.json,0469e0000683b30c150bc67456be28aed1ca379d8e0d631a19010b3d43bfdd2e,data/unga_general_debate_verbatim_en/automatic_transcripts_unofficial/UNGA2026_day1_EN_ASR.json,"{""char_end"": 5921, ""char_start"": 4003, ""end"": 22281.27, ""extracted_block"": 2, ""json_pointer"": ""/transcript/data/30/paragraphs/1"", ""origin_file"": ""data/unga_general_debate_verbatim_en/automatic_transcripts_unofficial/UNGA2026_day1_EN_ASR.json"", ""origin_sha256"": ""c2ea4447e91a784516298f9c67597d8555c865e03b57840edc1644a8b924df75"", ""paragraph"": 2, ""start"": 21602.27, ""statement_start"": 20320.59}",the impact chatbots have on our children,reviewed,False,chatbots,chatbots,en
E00429,verbatim_en_2026_FRA:12,2026_FRA,2026,FRA,Western European and other States,data/analysis_ready_en/2026/2026_FRA.json,0469e0000683b30c150bc67456be28aed1ca379d8e0d631a19010b3d43bfdd2e,data/unga_general_debate_verbatim_en/automatic_transcripts_unofficial/UNGA2026_day1_EN_ASR.json,"{""char_end"": 5921, ""char_start"": 4003, ""end"": 22281.27, ""extracted_block"": 2, ""json_pointer"": ""/transcript/data/30/paragraphs/1"", ""origin_file"": ""data/unga_general_debate_verbatim_en/automatic_transcripts_unofficial/UNGA2026_day1_EN_ASR.json"", ""origin_sha256"": ""c2ea4447e91a784516298f9c67597d8555c865e03b57840edc1644a8b924df75"", ""paragraph"": 2, ""start"": 21602.27, ""statement_start"": 20320.59}",a coalition on children's rights in the era of AI,uncertain,False,children's rights in the era of ai,coalition on children's rights in the era of AI,en
E00429,verbatim_en_2026_FRA:12,2026_FRA,2026,FRA,Western European and other States,data/analysis_ready_en/2026/2026_FRA.json,0469e0000683b30c150bc67456be28aed1ca379d8e0d631a19010b3d43bfdd2e,data/unga_general_debate_verbatim_en/automatic_transcripts_unofficial/UNGA2026_day1_EN_ASR.json,"{""char_end"": 5921, ""char_start"": 4003, ""end"": 22281.27, ""extracted_block"": 2, ""json_pointer"": ""/transcript/data/30/paragraphs/1"", ""origin_file"": ""data/unga_general_debate_verbatim_en/automatic_transcripts_unofficial/UNGA2026_day1_EN_ASR.json"", ""origin_sha256"": ""c2ea4447e91a784516298f9c67597d8555c865e03b57840edc1644a8b924df75"", ""paragraph"": 2, ""start"": 21602.27, ""statement_start"": 20320.59}",France is proud to have a competitive frontier model,reviewed,False,frontier model,competitive frontier model,en
E00429,verbatim_en_2026_FRA:12,2026_FRA,2026,FRA,Western European and other States,data/analysis_ready_en/2026/2026_FRA.json,0469e0000683b30c150bc67456be28aed1ca379d8e0d631a19010b3d43bfdd2e,data/unga_general_debate_verbatim_en/automatic_transcripts_unofficial/UNGA2026_day1_EN_ASR.json,"{""char_end"": 5921, ""char_start"": 4003, ""end"": 22281.27, ""extracted_block"": 2, ""json_pointer"": ""/transcript/data/30/paragraphs/1"", ""origin_file"": ""data/unga_general_debate_verbatim_en/automatic_transcripts_unofficial/UNGA2026_day1_EN_ASR.json"", ""origin_sha256"": ""c2ea4447e91a784516298f9c67597d8555c865e03b57840edc1644a8b924df75"", ""paragraph"": 2, ""start"": 21602.27, ""statement_start"": 20320.59}","build a cutting edge open source AI model, which we will share.",uncertain,False,open source ai,open source AI model,en
E00429,verbatim_en_2026_FRA:12,2026_FRA,2026,FRA,Western European and other States,data/analysis_ready_en/2026/2026_FRA.json,0469e0000683b30c150bc67456be28aed1ca379d8e0d631a19010b3d43bfdd2e,data/unga_general_debate_verbatim_en/automatic_transcripts_unofficial/UNGA2026_day1_EN_ASR.json,"{""char_end"": 5921, ""char_start"": 4003, ""end"": 22281.27, ""extracted_block"": 2, ""json_pointer"": ""/transcript/data/30/paragraphs/1"", ""origin_file"": ""data/unga_general_debate_verbatim_en/automatic_transcripts_unofficial/UNGA2026_day1_EN_ASR.json"", ""origin_sha256"": ""c2ea4447e91a784516298f9c67597d8555c865e03b57840edc1644a8b924df75"", ""paragraph"": 2, ""start"": 21602.27, ""statement_start"": 20320.59}",build a cutting edge open source AI model,uncertain,False,open source ai model,open source AI model,en
E00430,verbatim_en_2026_FRA:13,2026_FRA,2026,FRA,Western European and other States,data/analysis_ready_en/2026/2026_FRA.json,0469e0000683b30c150bc67456be28aed1ca379d8e0d631a19010b3d43bfdd2e,data/unga_general_debate_verbatim_en/automatic_transcripts_unofficial/UNGA2026_day1_EN_ASR.json,"{""char_end"": 7878, ""char_start"": 5922, ""end"": 22281.27, ""extracted_block"": 2, ""json_pointer"": ""/transcript/data/30/paragraphs/1"", ""origin_file"": ""data/unga_general_debate_verbatim_en/automatic_transcripts_unofficial/UNGA2026_day1_EN_ASR.json"", ""origin_sha256"": ""c2ea4447e91a784516298f9c67597d8555c865e03b57840edc1644a8b924df75"", ""paragraph"": 2, ""start"": 21602.27, ""statement_start"": 20320.59}",those who are monopolizing the ability to make calculations,uncertain,False,compute monopolization,monopolizing the ability to make calculations,en
E00430,verbatim_en_2026_FRA:13,2026_FRA,2026,FRA,Western European and other States,data/analysis_ready_en/2026/2026_FRA.json,0469e0000683b30c150bc67456be28aed1ca379d8e0d631a19010b3d43bfdd2e,data/unga_general_debate_verbatim_en/automatic_transcripts_unofficial/UNGA2026_day1_EN_ASR.json,"{""char_end"": 7878, ""char_start"": 5922, ""end"": 22281.27, ""extracted_block"": 2, ""json_pointer"": ""/transcript/data/30/paragraphs/1"", ""origin_file"": ""data/unga_general_debate_verbatim_en/automatic_transcripts_unofficial/UNGA2026_day1_EN_ASR.json"", ""origin_sha256"": ""c2ea4447e91a784516298f9c67597d8555c865e03b57840edc1644a8b924df75"", ""paragraph"": 2, ""start"": 21602.27, ""statement_start"": 20320.59}",build a new international architecture,uncertain,False,international architecture,new international architecture,en
E00430,verbatim_en_2026_FRA:13,2026_FRA,2026,FRA,Western European and other States,data/analysis_ready_en/2026/2026_FRA.json,0469e0000683b30c150bc67456be28aed1ca379d8e0d631a19010b3d43bfdd2e,data/unga_general_debate_verbatim_en/automatic_transcripts_unofficial/UNGA2026_day1_EN_ASR.json,"{""char_end"": 7878, ""char_start"": 5922, ""end"": 22281.27, ""extracted_block"": 2, ""json_pointer"": ""/transcript/data/30/paragraphs/1"", ""origin_file"": ""data/unga_general_debate_verbatim_en/automatic_transcripts_unofficial/UNGA2026_day1_EN_ASR.json"", ""origin_sha256"": ""c2ea4447e91a784516298f9c67597d8555c865e03b57840edc1644a8b924df75"", ""paragraph"": 2, ""start"": 21602.27, ""statement_start"": 20320.59}",build a new international architecture,uncertain,False,new international architecture,new international architecture,en
E00432,verbatim_en_2026_FSM:5,2026_FSM,2026,FSM,Asia-Pacific States,data/analysis_ready_en/2026/2026_FSM.json,2eeedfb55059bd91718b909f4354d3b5735a3fd3d9d9d053bc81436b3e871cfc,data/unga_general_debate_verbatim_en/automatic_transcripts_unofficial/UNGA2026_day5_EN_ASR.json,"{""char_end"": 12197, ""char_start"": 9793, ""end"": 3202.59, ""extracted_block"": 1, ""json_pointer"": ""/transcript/data/3/paragraphs/0"", ""origin_file"": ""data/unga_general_debate_verbatim_en/automatic_transcripts_unofficial/UNGA2026_day5_EN_ASR.json"", ""origin_sha256"": ""d398da93960901552fb297f7a7361480c845b32c955d8b6e5e1d9e367d7e1eaa"", ""paragraph"": 1, ""start"": 2003.78, ""statement_start"": 2003.78}",risk to data privacy.,uncertain,False,data privacy,data privacy,en
E00432,verbatim_en_2026_FSM:5,2026_FSM,2026,FSM,Asia-Pacific States,data/analysis_ready_en/2026/2026_FSM.json,2eeedfb55059bd91718b909f4354d3b5735a3fd3d9d9d053bc81436b3e871cfc,data/unga_general_debate_verbatim_en/automatic_transcripts_unofficial/UNGA2026_day5_EN_ASR.json,"{""char_end"": 12197, ""char_start"": 9793, ""end"": 3202.59, ""extracted_block"": 1, ""json_pointer"": ""/transcript/data/3/paragraphs/0"", ""origin_file"": ""data/unga_general_debate_verbatim_en/automatic_transcripts_unofficial/UNGA2026_day5_EN_ASR.json"", ""origin_sha256"": ""d398da93960901552fb297f7a7361480c845b32c955d8b6e5e1d9e367d7e1eaa"", ""paragraph"": 1, ""start"": 2003.78, ""statement_start"": 2003.78}",with ethical and effective cart rails and governance framework.,reviewed,False,guardrails,cart rails,en
E00432,verbatim_en_2026_FSM:5,2026_FSM,2026,FSM,Asia-Pacific States,data/analysis_ready_en/2026/2026_FSM.json,2eeedfb55059bd91718b909f4354d3b5735a3fd3d9d9d053bc81436b3e871cfc,data/unga_general_debate_verbatim_en/automatic_transcripts_unofficial/UNGA2026_day5_EN_ASR.json,"{""char_end"": 12197, ""char_start"": 9793, ""end"": 3202.59, ""extracted_block"": 1, ""json_pointer"": ""/transcript/data/3/paragraphs/0"", ""origin_file"": ""data/unga_general_debate_verbatim_en/automatic_transcripts_unofficial/UNGA2026_day5_EN_ASR.json"", ""origin_sha256"": ""d398da93960901552fb297f7a7361480c845b32c955d8b6e5e1d9e367d7e1eaa"", ""paragraph"": 1, ""start"": 2003.78, ""statement_start"": 2003.78}","information, misinformation",uncertain,False,misinformation,misinformation,en
E00433,verbatim_en_2026_GAB:3,2026_GAB,2026,GAB,African States,data/analysis_ready_en/2026/2026_GAB.json,6caa571f790b917dd22f8c8045f79dcf5dc7a716cc91e1095f66e9e80c0bfcd8,data/unga_general_debate_verbatim_en/automatic_transcripts_unofficial/UNGA2026_day5_EN_ASR.json,"{""char_end"": 6798, ""char_start"": 4466, ""end"": 27330.43, ""extracted_block"": 1, ""json_pointer"": ""/transcript/data/53/paragraphs/0"", ""origin_file"": ""data/unga_general_debate_verbatim_en/automatic_transcripts_unofficial/UNGA2026_day5_EN_ASR.json"", ""origin_sha256"": ""d398da93960901552fb297f7a7361480c845b32c955d8b6e5e1d9e367d7e1eaa"", ""paragraph"": 1, ""start"": 26758.13, ""statement_start"": 26758.13}",secure regulation of the digital and artificial intelligence sectors,uncertain,False,ai regulation,regulation of the digital and artificial intelligence sectors,en
E00433,verbatim_en_2026_GAB:3,2026_GAB,2026,GAB,African States,data/analysis_ready_en/2026/2026_GAB.json,6caa571f790b917dd22f8c8045f79dcf5dc7a716cc91e1095f66e9e80c0bfcd8,data/unga_general_debate_verbatim_en/automatic_transcripts_unofficial/UNGA2026_day5_EN_ASR.json,"{""char_end"": 6798, ""char_start"": 4466, ""end"": 27330.43, ""extracted_block"": 1, ""json_pointer"": ""/transcript/data/53/paragraphs/0"", ""origin_file"": ""data/unga_general_debate_verbatim_en/automatic_transcripts_unofficial/UNGA2026_day5_EN_ASR.json"", ""origin_sha256"": ""d398da93960901552fb297f7a7361480c845b32c955d8b6e5e1d9e367d7e1eaa"", ""paragraph"": 1, ""start"": 26758.13, ""statement_start"": 26758.13}",The absence of an effective international legal framework leaves the way open for all of these abuses to arise,reviewed,False,international legal framework,effective international legal framework,en
E00433,verbatim_en_2026_GAB:3,2026_GAB,2026,GAB,African States,data/analysis_ready_en/2026/2026_GAB.json,6caa571f790b917dd22f8c8045f79dcf5dc7a716cc91e1095f66e9e80c0bfcd8,data/unga_general_debate_verbatim_en/automatic_transcripts_unofficial/UNGA2026_day5_EN_ASR.json,"{""char_end"": 6798, ""char_start"": 4466, ""end"": 27330.43, ""extracted_block"": 1, ""json_pointer"": ""/transcript/data/53/paragraphs/0"", ""origin_file"": ""data/unga_general_debate_verbatim_en/automatic_transcripts_unofficial/UNGA2026_day5_EN_ASR.json"", ""origin_sha256"": ""d398da93960901552fb297f7a7361480c845b32c955d8b6e5e1d9e367d7e1eaa"", ""paragraph"": 1, ""start"": 26758.13, ""statement_start"": 26758.13}",the irresponsible use of emerging technologies,uncertain,False,irresponsible use of emerging technologies,irresponsible use of emerging technologies,en
E00435,verbatim_en_2026_GBR:4,2026_GBR,2026,GBR,Western European and other States,data/analysis_ready_en/2026/2026_GBR.json,9e1d39b55716c8f92317eecd974759d39e25832016045711530bae889dd8cb5d,data/unga_general_debate_verbatim_en/automatic_transcripts_unofficial/UNGA2026_day1_EN_ASR.json,"{""char_end"": 5710, ""char_start"": 3771, ""end"": 40739.31, ""extracted_block"": 2, ""json_pointer"": ""/transcript/data/62/paragraphs/1"", ""origin_file"": ""data/unga_general_debate_verbatim_en/automatic_transcripts_unofficial/UNGA2026_day1_EN_ASR.json"", ""origin_sha256"": ""c2ea4447e91a784516298f9c67597d8555c865e03b57840edc1644a8b924df75"", ""paragraph"": 2, ""start"": 39600.35, ""statement_start"": 39456.94}","challenges and opportunities of our age, frontier AI",reviewed,False,frontier ai,frontier AI,en
E00436,verbatim_en_2026_GBR:5,2026_GBR,2026,GBR,Western European and other States,data/analysis_ready_en/2026/2026_GBR.json,9e1d39b55716c8f92317eecd974759d39e25832016045711530bae889dd8cb5d,data/unga_general_debate_verbatim_en/automatic_transcripts_unofficial/UNGA2026_day1_EN_ASR.json,"{""char_end"": 7629, ""char_start"": 5711, ""end"": 40739.31, ""extracted_block"": 2, ""json_pointer"": ""/transcript/data/62/paragraphs/1"", ""origin_file"": ""data/unga_general_debate_verbatim_en/automatic_transcripts_unofficial/UNGA2026_day1_EN_ASR.json"", ""origin_sha256"": ""c2ea4447e91a784516298f9c67597d8555c865e03b57840edc1644a8b924df75"", ""paragraph"": 2, ""start"": 39600.35, ""statement_start"": 39456.94}",we are developing a new AI defense partnership with the United States,reviewed,False,ai defense partnership,AI defense partnership,en
E00436,verbatim_en_2026_GBR:5,2026_GBR,2026,GBR,Western European and other States,data/analysis_ready_en/2026/2026_GBR.json,9e1d39b55716c8f92317eecd974759d39e25832016045711530bae889dd8cb5d,data/unga_general_debate_verbatim_en/automatic_transcripts_unofficial/UNGA2026_day1_EN_ASR.json,"{""char_end"": 7629, ""char_start"": 5711, ""end"": 40739.31, ""extracted_block"": 2, ""json_pointer"": ""/transcript/data/62/paragraphs/1"", ""origin_file"": ""data/unga_general_debate_verbatim_en/automatic_transcripts_unofficial/UNGA2026_day1_EN_ASR.json"", ""origin_sha256"": ""c2ea4447e91a784516298f9c67597d8555c865e03b57840edc1644a8b924df75"", ""paragraph"": 2, ""start"": 39600.35, ""statement_start"": 39456.94}",the leading labs on AI safety,uncertain,False,ai safety,AI safety,en
E00436,verbatim_en_2026_GBR:5,2026_GBR,2026,GBR,Western European and other States,data/analysis_ready_en/2026/2026_GBR.json,9e1d39b55716c8f92317eecd974759d39e25832016045711530bae889dd8cb5d,data/unga_general_debate_verbatim_en/automatic_transcripts_unofficial/UNGA2026_day1_EN_ASR.json,"{""char_end"": 7629, ""char_start"": 5711, ""end"": 40739.31, ""extracted_block"": 2, ""json_pointer"": ""/transcript/data/62/paragraphs/1"", ""origin_file"": ""data/unga_general_debate_verbatim_en/automatic_transcripts_unofficial/UNGA2026_day1_EN_ASR.json"", ""origin_sha256"": ""c2ea4447e91a784516298f9c67597d8555c865e03b57840edc1644a8b924df75"", ""paragraph"": 2, ""start"": 39600.35, ""statement_start"": 39456.94}",we have our world-leading AI Security Institute,reviewed,False,ai security institute,AI Security Institute,en
E00436,verbatim_en_2026_GBR:5,2026_GBR,2026,GBR,Western European and other States,data/analysis_ready_en/2026/2026_GBR.json,9e1d39b55716c8f92317eecd974759d39e25832016045711530bae889dd8cb5d,data/unga_general_debate_verbatim_en/automatic_transcripts_unofficial/UNGA2026_day1_EN_ASR.json,"{""char_end"": 7629, ""char_start"": 5711, ""end"": 40739.31, ""extracted_block"": 2, ""json_pointer"": ""/transcript/data/62/paragraphs/1"", ""origin_file"": ""data/unga_general_debate_verbatim_en/automatic_transcripts_unofficial/UNGA2026_day1_EN_ASR.json"", ""origin_sha256"": ""c2ea4447e91a784516298f9c67597d8555c865e03b57840edc1644a8b924df75"", ""paragraph"": 2, ""start"": 39600.35, ""statement_start"": 39456.94}",put AI at the heart of the UK's G20 presidency next year,uncertain,False,g20,G20 presidency,en
E00436,verbatim_en_2026_GBR:5,2026_GBR,2026,GBR,Western European and other States,data/analysis_ready_en/2026/2026_GBR.json,9e1d39b55716c8f92317eecd974759d39e25832016045711530bae889dd8cb5d,data/unga_general_debate_verbatim_en/automatic_transcripts_unofficial/UNGA2026_day1_EN_ASR.json,"{""char_end"": 7629, ""char_start"": 5711, ""end"": 40739.31, ""extracted_block"": 2, ""json_pointer"": ""/transcript/data/62/paragraphs/1"", ""origin_file"": ""data/unga_general_debate_verbatim_en/automatic_transcripts_unofficial/UNGA2026_day1_EN_ASR.json"", ""origin_sha256"": ""c2ea4447e91a784516298f9c67597d8555c865e03b57840edc1644a8b924df75"", ""paragraph"": 2, ""start"": 39600.35, ""statement_start"": 39456.94}",at the heart of the UK's G20 presidency next year,uncertain,False,g20 presidency,G20 presidency,en
E00436,verbatim_en_2026_GBR:5,2026_GBR,2026,GBR,Western European and other States,data/analysis_ready_en/2026/2026_GBR.json,9e1d39b55716c8f92317eecd974759d39e25832016045711530bae889dd8cb5d,data/unga_general_debate_verbatim_en/automatic_transcripts_unofficial/UNGA2026_day1_EN_ASR.json,"{""char_end"": 7629, ""char_start"": 5711, ""end"": 40739.31, ""extracted_block"": 2, ""json_pointer"": ""/transcript/data/62/paragraphs/1"", ""origin_file"": ""data/unga_general_debate_verbatim_en/automatic_transcripts_unofficial/UNGA2026_day1_EN_ASR.json"", ""origin_sha256"": ""c2ea4447e91a784516298f9c67597d8555c865e03b57840edc1644a8b924df75"", ""paragraph"": 2, ""start"": 39600.35, ""statement_start"": 39456.94}",a multiplier of risk,uncertain,False,multiplier of risk,multiplier of risk,en
E00437,verbatim_en_2026_GBR:6,2026_GBR,2026,GBR,Western European and other States,data/analysis_ready_en/2026/2026_GBR.json,9e1d39b55716c8f92317eecd974759d39e25832016045711530bae889dd8cb5d,data/unga_general_debate_verbatim_en/automatic_transcripts_unofficial/UNGA2026_day1_EN_ASR.json,"{""char_end"": 9507, ""char_start"": 7630, ""end"": 40739.31, ""extracted_block"": 2, ""json_pointer"": ""/transcript/data/62/paragraphs/1"", ""origin_file"": ""data/unga_general_debate_verbatim_en/automatic_transcripts_unofficial/UNGA2026_day1_EN_ASR.json"", ""origin_sha256"": ""c2ea4447e91a784516298f9c67597d8555c865e03b57840edc1644a8b924df75"", ""paragraph"": 2, ""start"": 39600.35, ""statement_start"": 39456.94}",delivering on the potential of AI for good and dealing with the risks.,reviewed,False,ai for good,AI for good,en
E00437,verbatim_en_2026_GBR:6,2026_GBR,2026,GBR,Western European and other States,data/analysis_ready_en/2026/2026_GBR.json,9e1d39b55716c8f92317eecd974759d39e25832016045711530bae889dd8cb5d,data/unga_general_debate_verbatim_en/automatic_transcripts_unofficial/UNGA2026_day1_EN_ASR.json,"{""char_end"": 9507, ""char_start"": 7630, ""end"": 40739.31, ""extracted_block"": 2, ""json_pointer"": ""/transcript/data/62/paragraphs/1"", ""origin_file"": ""data/unga_general_debate_verbatim_en/automatic_transcripts_unofficial/UNGA2026_day1_EN_ASR.json"", ""origin_sha256"": ""c2ea4447e91a784516298f9c67597d8555c865e03b57840edc1644a8b924df75"", ""paragraph"": 2, ""start"": 39600.35, ""statement_start"": 39456.94}",agreeing a single set of global principles and standards,reviewed,False,global principles and standards,single set of global principles and standards,en
E00437,verbatim_en_2026_GBR:6,2026_GBR,2026,GBR,Western European and other States,data/analysis_ready_en/2026/2026_GBR.json,9e1d39b55716c8f92317eecd974759d39e25832016045711530bae889dd8cb5d,data/unga_general_debate_verbatim_en/automatic_transcripts_unofficial/UNGA2026_day1_EN_ASR.json,"{""char_end"": 9507, ""char_start"": 7630, ""end"": 40739.31, ""extracted_block"": 2, ""json_pointer"": ""/transcript/data/62/paragraphs/1"", ""origin_file"": ""data/unga_general_debate_verbatim_en/automatic_transcripts_unofficial/UNGA2026_day1_EN_ASR.json"", ""origin_sha256"": ""c2ea4447e91a784516298f9c67597d8555c865e03b57840edc1644a8b924df75"", ""paragraph"": 2, ""start"": 39600.35, ""statement_start"": 39456.94}",to ensure that AI development is safe.,uncertain,False,safe ai development,AI development is safe,en
E00438,verbatim_en_2026_GMB:7,2026_GMB,2026,GMB,African States,data/analysis_ready_en/2026/2026_GMB.json,d042bedbd5b5073874a6000481a739ecedb61c49904d5bbe3ea5b61af0012911,data/unga_general_debate_verbatim_en/automatic_transcripts_unofficial/UNGA2026_day3_EN_ASR.json,"{""char_end"": 16221, ""char_start"": 13771, ""end"": 17528.87, ""extracted_block"": 1, ""json_pointer"": ""/transcript/data/28/paragraphs/0"", ""origin_file"": ""data/unga_general_debate_verbatim_en/automatic_transcripts_unofficial/UNGA2026_day3_EN_ASR.json"", ""origin_sha256"": ""d811444b40ce3fed3c9e88fee705c2fb1f994316fa4f311bbb6c4cf20e9e7cae"", ""paragraph"": 1, ""start"": 16191.07, ""statement_start"": 16191.07}",The digital divide must not become the next development divide.,uncertain,False,digital divide,digital divide,en
E00438,verbatim_en_2026_GMB:7,2026_GMB,2026,GMB,African States,data/analysis_ready_en/2026/2026_GMB.json,d042bedbd5b5073874a6000481a739ecedb61c49904d5bbe3ea5b61af0012911,data/unga_general_debate_verbatim_en/automatic_transcripts_unofficial/UNGA2026_day3_EN_ASR.json,"{""char_end"": 16221, ""char_start"": 13771, ""end"": 17528.87, ""extracted_block"": 1, ""json_pointer"": ""/transcript/data/28/paragraphs/0"", ""origin_file"": ""data/unga_general_debate_verbatim_en/automatic_transcripts_unofficial/UNGA2026_day3_EN_ASR.json"", ""origin_sha256"": ""d811444b40ce3fed3c9e88fee705c2fb1f994316fa4f311bbb6c4cf20e9e7cae"", ""paragraph"": 1, ""start"": 16191.07, ""statement_start"": 16191.07}",Developing countries must not remain passive consumers of technologies designed elsewhere.,reviewed,False,passive consumers,passive consumers,en
E00439,verbatim_en_2026_GRC:7,2026_GRC,2026,GRC,Western European and other States,data/analysis_ready_en/2026/2026_GRC.json,98103a66cf05faddf780d9d8c399199fd8f37c77fb2d2fd68fb9c75b8a3569b6,data/unga_general_debate_verbatim_en/automatic_transcripts_unofficial/UNGA2026_day3_EN_ASR.json,"{""char_end"": 14830, ""char_start"": 12913, ""end"": 38934.27, ""extracted_block"": 1, ""json_pointer"": ""/transcript/data/67/paragraphs/0"", ""origin_file"": ""data/unga_general_debate_verbatim_en/automatic_transcripts_unofficial/UNGA2026_day3_EN_ASR.json"", ""origin_sha256"": ""d811444b40ce3fed3c9e88fee705c2fb1f994316fa4f311bbb6c4cf20e9e7cae"", ""paragraph"": 1, ""start"": 37612.79, ""statement_start"": 37612.79}",the risks of an unchecked and unregulated advance in artificial intelligence could greatly outweigh its potential benefits.,uncertain,False,unregulated ai,unchecked and unregulated advance in artificial intelligence,en
E00440,verbatim_en_2026_GRC:8,2026_GRC,2026,GRC,Western European and other States,data/analysis_ready_en/2026/2026_GRC.json,98103a66cf05faddf780d9d8c399199fd8f37c77fb2d2fd68fb9c75b8a3569b6,data/unga_general_debate_verbatim_en/automatic_transcripts_unofficial/UNGA2026_day3_EN_ASR.json,"{""char_end"": 16820, ""char_start"": 14831, ""end"": 38934.27, ""extracted_block"": 1, ""json_pointer"": ""/transcript/data/67/paragraphs/0"", ""origin_file"": ""data/unga_general_debate_verbatim_en/automatic_transcripts_unofficial/UNGA2026_day3_EN_ASR.json"", ""origin_sha256"": ""d811444b40ce3fed3c9e88fee705c2fb1f994316fa4f311bbb6c4cf20e9e7cae"", ""paragraph"": 1, ""start"": 37612.79, ""statement_start"": 37612.79}",AI companies need to be licensed based on specific requirements,uncertain,False,ai licensing,AI companies need to be licensed,en
E00440,verbatim_en_2026_GRC:8,2026_GRC,2026,GRC,Western European and other States,data/analysis_ready_en/2026/2026_GRC.json,98103a66cf05faddf780d9d8c399199fd8f37c77fb2d2fd68fb9c75b8a3569b6,data/unga_general_debate_verbatim_en/automatic_transcripts_unofficial/UNGA2026_day3_EN_ASR.json,"{""char_end"": 16820, ""char_start"": 14831, ""end"": 38934.27, ""extracted_block"": 1, ""json_pointer"": ""/transcript/data/67/paragraphs/0"", ""origin_file"": ""data/unga_general_debate_verbatim_en/automatic_transcripts_unofficial/UNGA2026_day3_EN_ASR.json"", ""origin_sha256"": ""d811444b40ce3fed3c9e88fee705c2fb1f994316fa4f311bbb6c4cf20e9e7cae"", ""paragraph"": 1, ""start"": 37612.79, ""statement_start"": 37612.79}",The same is not true for a frontier artificial intelligence model.,reviewed,False,frontier ai model,frontier artificial intelligence model,en
E00440,verbatim_en_2026_GRC:8,2026_GRC,2026,GRC,Western European and other States,data/analysis_ready_en/2026/2026_GRC.json,98103a66cf05faddf780d9d8c399199fd8f37c77fb2d2fd68fb9c75b8a3569b6,data/unga_general_debate_verbatim_en/automatic_transcripts_unofficial/UNGA2026_day3_EN_ASR.json,"{""char_end"": 16820, ""char_start"": 14831, ""end"": 38934.27, ""extracted_block"": 1, ""json_pointer"": ""/transcript/data/67/paragraphs/0"", ""origin_file"": ""data/unga_general_debate_verbatim_en/automatic_transcripts_unofficial/UNGA2026_day3_EN_ASR.json"", ""origin_sha256"": ""d811444b40ce3fed3c9e88fee705c2fb1f994316fa4f311bbb6c4cf20e9e7cae"", ""paragraph"": 1, ""start"": 37612.79, ""statement_start"": 37612.79}","how recursive self-improvement, the ability of AI to constantly create better versions of itself, actually works.",reviewed,False,recursive self-improvement,recursive self-improvement,en
E00440,verbatim_en_2026_GRC:8,2026_GRC,2026,GRC,Western European and other States,data/analysis_ready_en/2026/2026_GRC.json,98103a66cf05faddf780d9d8c399199fd8f37c77fb2d2fd68fb9c75b8a3569b6,data/unga_general_debate_verbatim_en/automatic_transcripts_unofficial/UNGA2026_day3_EN_ASR.json,"{""char_end"": 16820, ""char_start"": 14831, ""end"": 38934.27, ""extracted_block"": 1, ""json_pointer"": ""/transcript/data/67/paragraphs/0"", ""origin_file"": ""data/unga_general_debate_verbatim_en/automatic_transcripts_unofficial/UNGA2026_day3_EN_ASR.json"", ""origin_sha256"": ""d811444b40ce3fed3c9e88fee705c2fb1f994316fa4f311bbb6c4cf20e9e7cae"", ""paragraph"": 1, ""start"": 37612.79, ""statement_start"": 37612.79}",voluntary arrangement to self-regulate the development of AI is naive.,reviewed,False,self-regulation,self-regulate,en
E00441,verbatim_en_2026_GRC:9,2026_GRC,2026,GRC,Western European and other States,data/analysis_ready_en/2026/2026_GRC.json,98103a66cf05faddf780d9d8c399199fd8f37c77fb2d2fd68fb9c75b8a3569b6,data/unga_general_debate_verbatim_en/automatic_transcripts_unofficial/UNGA2026_day3_EN_ASR.json,"{""char_end"": 17742, ""char_start"": 16821, ""end"": 38934.27, ""extracted_block"": 1, ""json_pointer"": ""/transcript/data/67/paragraphs/0"", ""origin_file"": ""data/unga_general_debate_verbatim_en/automatic_transcripts_unofficial/UNGA2026_day3_EN_ASR.json"", ""origin_sha256"": ""d811444b40ce3fed3c9e88fee705c2fb1f994316fa4f311bbb6c4cf20e9e7cae"", ""paragraph"": 1, ""start"": 37612.79, ""statement_start"": 37612.79}",a voluntary pause in the development of their models,reviewed,False,ai pause,voluntary pause in the development of their models,en
E00441,verbatim_en_2026_GRC:9,2026_GRC,2026,GRC,Western European and other States,data/analysis_ready_en/2026/2026_GRC.json,98103a66cf05faddf780d9d8c399199fd8f37c77fb2d2fd68fb9c75b8a3569b6,data/unga_general_debate_verbatim_en/automatic_transcripts_unofficial/UNGA2026_day3_EN_ASR.json,"{""char_end"": 17742, ""char_start"": 16821, ""end"": 38934.27, ""extracted_block"": 1, ""json_pointer"": ""/transcript/data/67/paragraphs/0"", ""origin_file"": ""data/unga_general_debate_verbatim_en/automatic_transcripts_unofficial/UNGA2026_day3_EN_ASR.json"", ""origin_sha256"": ""d811444b40ce3fed3c9e88fee705c2fb1f994316fa4f311bbb6c4cf20e9e7cae"", ""paragraph"": 1, ""start"": 37612.79, ""statement_start"": 37612.79}",only as a temporary measure to buy time for a powerful regulatory authority to be set up.,uncertain,False,ai regulatory authority,powerful regulatory authority,en
E00441,verbatim_en_2026_GRC:9,2026_GRC,2026,GRC,Western European and other States,data/analysis_ready_en/2026/2026_GRC.json,98103a66cf05faddf780d9d8c399199fd8f37c77fb2d2fd68fb9c75b8a3569b6,data/unga_general_debate_verbatim_en/automatic_transcripts_unofficial/UNGA2026_day3_EN_ASR.json,"{""char_end"": 17742, ""char_start"": 16821, ""end"": 38934.27, ""extracted_block"": 1, ""json_pointer"": ""/transcript/data/67/paragraphs/0"", ""origin_file"": ""data/unga_general_debate_verbatim_en/automatic_transcripts_unofficial/UNGA2026_day3_EN_ASR.json"", ""origin_sha256"": ""d811444b40ce3fed3c9e88fee705c2fb1f994316fa4f311bbb6c4cf20e9e7cae"", ""paragraph"": 1, ""start"": 37612.79, ""statement_start"": 37612.79}",a powerful regulatory authority to be set up.,uncertain,False,regulatory authority,powerful regulatory authority,en
E00442,verbatim_en_2026_GRD:5,2026_GRD,2026,GRD,Latin American and Caribbean States,data/analysis_ready_en/2026/2026_GRD.json,9ba4656693ecb2850977697883eb045f37b226581d624a4b9c9bc72b63bbcbf1,data/unga_general_debate_verbatim_en/automatic_transcripts_unofficial/UNGA2026_day6_EN_ASR.json,"{""char_end"": 11723, ""char_start"": 9387, ""end"": 19384.79, ""extracted_block"": 1, ""json_pointer"": ""/transcript/data/29/paragraphs/0"", ""origin_file"": ""data/unga_general_debate_verbatim_en/automatic_transcripts_unofficial/UNGA2026_day6_EN_ASR.json"", ""origin_sha256"": ""00ded7b1b2b5d8831cda241976809e06923b67ea74125c9bcb3a31cb258c3d7c"", ""paragraph"": 1, ""start"": 18383.41, ""statement_start"": 18383.41}",we must develop credible AI governance frameworks,reviewed,False,ai governance frameworks,AI governance frameworks,en
E00442,verbatim_en_2026_GRD:5,2026_GRD,2026,GRD,Latin American and Caribbean States,data/analysis_ready_en/2026/2026_GRD.json,9ba4656693ecb2850977697883eb045f37b226581d624a4b9c9bc72b63bbcbf1,data/unga_general_debate_verbatim_en/automatic_transcripts_unofficial/UNGA2026_day6_EN_ASR.json,"{""char_end"": 11723, ""char_start"": 9387, ""end"": 19384.79, ""extracted_block"": 1, ""json_pointer"": ""/transcript/data/29/paragraphs/0"", ""origin_file"": ""data/unga_general_debate_verbatim_en/automatic_transcripts_unofficial/UNGA2026_day6_EN_ASR.json"", ""origin_sha256"": ""00ded7b1b2b5d8831cda241976809e06923b67ea74125c9bcb3a31cb258c3d7c"", ""paragraph"": 1, ""start"": 18383.41, ""statement_start"": 18383.41}",must not create another divide between those countries that can afford to innovate and those that cannot.,uncertain,False,digital divide,another divide,en
E00444,verbatim_en_2026_HRV:3,2026_HRV,2026,HRV,Eastern European States,data/analysis_ready_en/2026/2026_HRV.json,c092b2900b663a315f1b1c2c232e6c96a1e4d9151241eb707bf7892b8b273566,data/unga_general_debate_verbatim_en/automatic_transcripts_unofficial/UNGA2026_day1_EN_ASR.json,"{""char_end"": 6801, ""char_start"": 4490, ""end"": 41798.83, ""extracted_block"": 1, ""json_pointer"": ""/transcript/data/64/paragraphs/0"", ""origin_file"": ""data/unga_general_debate_verbatim_en/automatic_transcripts_unofficial/UNGA2026_day1_EN_ASR.json"", ""origin_sha256"": ""c2ea4447e91a784516298f9c67597d8555c865e03b57840edc1644a8b924df75"", ""paragraph"": 1, ""start"": 40801.79, ""statement_start"": 40801.79}",human dignity and democratic accountability,uncertain,False,democratic accountability,democratic accountability,en
E00445,verbatim_en_2026_HTI:3,2026_HTI,2026,HTI,Latin American and Caribbean States,data/analysis_ready_en/2026/2026_HTI.json,537ddb75c5d06fdf711638aa77870d155c8dfb4a76721f4e2d9de994bdfbfe1e,data/unga_general_debate_verbatim_en/automatic_transcripts_unofficial/UNGA2026_day4_EN_ASR.json,"{""char_end"": 6023, ""char_start"": 4091, ""end"": 25199.87, ""extracted_block"": 1, ""json_pointer"": ""/transcript/data/35/paragraphs/0"", ""origin_file"": ""data/unga_general_debate_verbatim_en/automatic_transcripts_unofficial/UNGA2026_day4_EN_ASR.json"", ""origin_sha256"": ""1c43e6b9024f9c46d1e134590e19b4bfa3567b0a9cac7c5f0a29794d0b9dd1a6"", ""paragraph"": 1, ""start"": 24345.24, ""statement_start"": 24345.24}",without regulations or ethical guardrails,reviewed,False,ethical guardrails,ethical guardrails,en
E00445,verbatim_en_2026_HTI:3,2026_HTI,2026,HTI,Latin American and Caribbean States,data/analysis_ready_en/2026/2026_HTI.json,537ddb75c5d06fdf711638aa77870d155c8dfb4a76721f4e2d9de994bdfbfe1e,data/unga_general_debate_verbatim_en/automatic_transcripts_unofficial/UNGA2026_day4_EN_ASR.json,"{""char_end"": 6023, ""char_start"": 4091, ""end"": 25199.87, ""extracted_block"": 1, ""json_pointer"": ""/transcript/data/35/paragraphs/0"", ""origin_file"": ""data/unga_general_debate_verbatim_en/automatic_transcripts_unofficial/UNGA2026_day4_EN_ASR.json"", ""origin_sha256"": ""1c43e6b9024f9c46d1e134590e19b4bfa3567b0a9cac7c5f0a29794d0b9dd1a6"", ""paragraph"": 1, ""start"": 24345.24, ""statement_start"": 24345.24}",We need to be the masters of technology and never its subjects,uncertain,False,masters of technology,masters of technology,en
E00446,verbatim_en_2026_IND:2,2026_IND,2026,IND,Asia-Pacific States,data/analysis_ready_en/2026/2026_IND.json,2058c2637e48701306ae378926ed877b06d5bfc6ca142c66bea359ca2dd0eb00,data/unga_general_debate_verbatim_en/automatic_transcripts_unofficial/UNGA2026_day5_EN_ASR.json,"{""char_end"": 4456, ""char_start"": 2192, ""end"": 17883.91, ""extracted_block"": 1, ""json_pointer"": ""/transcript/data/35/paragraphs/0"", ""origin_file"": ""data/unga_general_debate_verbatim_en/automatic_transcripts_unofficial/UNGA2026_day5_EN_ASR.json"", ""origin_sha256"": ""d398da93960901552fb297f7a7361480c845b32c955d8b6e5e1d9e367d7e1eaa"", ""paragraph"": 1, ""start"": 16915.85, ""statement_start"": 16915.85}",Misuse of AI is sharpening bias and diluting mutual respect.,reviewed,False,misuse of ai,Misuse of AI,en
E00447,verbatim_en_2026_IND:4,2026_IND,2026,IND,Asia-Pacific States,data/analysis_ready_en/2026/2026_IND.json,2058c2637e48701306ae378926ed877b06d5bfc6ca142c66bea359ca2dd0eb00,data/unga_general_debate_verbatim_en/automatic_transcripts_unofficial/UNGA2026_day5_EN_ASR.json,"{""char_end"": 8885, ""char_start"": 6725, ""end"": 17883.91, ""extracted_block"": 1, ""json_pointer"": ""/transcript/data/35/paragraphs/0"", ""origin_file"": ""data/unga_general_debate_verbatim_en/automatic_transcripts_unofficial/UNGA2026_day5_EN_ASR.json"", ""origin_sha256"": ""d398da93960901552fb297f7a7361480c845b32c955d8b6e5e1d9e367d7e1eaa"", ""paragraph"": 1, ""start"": 16915.85, ""statement_start"": 16915.85}",India hosted the AI Impact Summit this February,reviewed,False,ai impact summit,AI Impact Summit,en
E00447,verbatim_en_2026_IND:4,2026_IND,2026,IND,Asia-Pacific States,data/analysis_ready_en/2026/2026_IND.json,2058c2637e48701306ae378926ed877b06d5bfc6ca142c66bea359ca2dd0eb00,data/unga_general_debate_verbatim_en/automatic_transcripts_unofficial/UNGA2026_day5_EN_ASR.json,"{""char_end"": 8885, ""char_start"": 6725, ""end"": 17883.91, ""extracted_block"": 1, ""json_pointer"": ""/transcript/data/35/paragraphs/0"", ""origin_file"": ""data/unga_general_debate_verbatim_en/automatic_transcripts_unofficial/UNGA2026_day5_EN_ASR.json"", ""origin_sha256"": ""d398da93960901552fb297f7a7361480c845b32c955d8b6e5e1d9e367d7e1eaa"", ""paragraph"": 1, ""start"": 16915.85, ""statement_start"": 16915.85}",population-scale problem solving.,uncertain,False,population-scale problem solving,population-scale problem solving,en
E00447,verbatim_en_2026_IND:4,2026_IND,2026,IND,Asia-Pacific States,data/analysis_ready_en/2026/2026_IND.json,2058c2637e48701306ae378926ed877b06d5bfc6ca142c66bea359ca2dd0eb00,data/unga_general_debate_verbatim_en/automatic_transcripts_unofficial/UNGA2026_day5_EN_ASR.json,"{""char_end"": 8885, ""char_start"": 6725, ""end"": 17883.91, ""extracted_block"": 1, ""json_pointer"": ""/transcript/data/35/paragraphs/0"", ""origin_file"": ""data/unga_general_debate_verbatim_en/automatic_transcripts_unofficial/UNGA2026_day5_EN_ASR.json"", ""origin_sha256"": ""d398da93960901552fb297f7a7361480c845b32c955d8b6e5e1d9e367d7e1eaa"", ""paragraph"": 1, ""start"": 16915.85, ""statement_start"": 16915.85}",the right of each nation to shape its ecosystem with the development of its own models,reviewed,False,sovereign ai models,development of its own models,en
E00448,verbatim_en_2026_ISL:6,2026_ISL,2026,ISL,Western European and other States,data/analysis_ready_en/2026/2026_ISL.json,97c1facecc6f02e6116c52a4bafc61d70a731dc6bf110a448f10b5159516b768,data/unga_general_debate_verbatim_en/automatic_transcripts_unofficial/UNGA2026_day5_EN_ASR.json,"{""char_end"": 6482, ""char_start"": 4344, ""end"": 15153.27, ""extracted_block"": 2, ""json_pointer"": ""/transcript/data/29/paragraphs/1"", ""origin_file"": ""data/unga_general_debate_verbatim_en/automatic_transcripts_unofficial/UNGA2026_day5_EN_ASR.json"", ""origin_sha256"": ""d398da93960901552fb297f7a7361480c845b32c955d8b6e5e1d9e367d7e1eaa"", ""paragraph"": 2, ""start"": 14400.11, ""statement_start"": 13955.51}",making it easier to produce convincing falsehoods and manipulate public debate.,reviewed,False,convincing falsehoods,convincing falsehoods,en
E00448,verbatim_en_2026_ISL:6,2026_ISL,2026,ISL,Western European and other States,data/analysis_ready_en/2026/2026_ISL.json,97c1facecc6f02e6116c52a4bafc61d70a731dc6bf110a448f10b5159516b768,data/unga_general_debate_verbatim_en/automatic_transcripts_unofficial/UNGA2026_day5_EN_ASR.json,"{""char_end"": 6482, ""char_start"": 4344, ""end"": 15153.27, ""extracted_block"": 2, ""json_pointer"": ""/transcript/data/29/paragraphs/1"", ""origin_file"": ""data/unga_general_debate_verbatim_en/automatic_transcripts_unofficial/UNGA2026_day5_EN_ASR.json"", ""origin_sha256"": ""d398da93960901552fb297f7a7361480c845b32c955d8b6e5e1d9e367d7e1eaa"", ""paragraph"": 2, ""start"": 14400.11, ""statement_start"": 13955.51}",Freedom of speech is a fundamental right we must defend.,uncertain,False,freedom of speech,Freedom of speech,en
E00449,verbatim_en_2026_ISR:10,2026_ISR,2026,ISR,Western European and other States,data/analysis_ready_en/2026/2026_ISR.json,a0839e56aa6a7bc4674f35fe6217b246b5990a6668d119bc031301a7cfc76287,data/unga_general_debate_verbatim_en/automatic_transcripts_unofficial/UNGA2026_day3_EN_ASR.json,"{""char_end"": 19892, ""char_start"": 17857, ""end"": 21404.21, ""extracted_block"": 1, ""json_pointer"": ""/transcript/data/32/paragraphs/0"", ""origin_file"": ""data/unga_general_debate_verbatim_en/automatic_transcripts_unofficial/UNGA2026_day3_EN_ASR.json"", ""origin_sha256"": ""d811444b40ce3fed3c9e88fee705c2fb1f994316fa4f311bbb6c4cf20e9e7cae"", ""paragraph"": 1, ""start"": 19142.07, ""statement_start"": 19142.07}","artificial intelligence, superior intelligence, and we bring these amazing innovations to all of humanity.",uncertain,False,superintelligence,superior intelligence,en
E00449,verbatim_en_2026_ISR:10,2026_ISR,2026,ISR,Western European and other States,data/analysis_ready_en/2026/2026_ISR.json,a0839e56aa6a7bc4674f35fe6217b246b5990a6668d119bc031301a7cfc76287,data/unga_general_debate_verbatim_en/automatic_transcripts_unofficial/UNGA2026_day3_EN_ASR.json,"{""char_end"": 19892, ""char_start"": 17857, ""end"": 21404.21, ""extracted_block"": 1, ""json_pointer"": ""/transcript/data/32/paragraphs/0"", ""origin_file"": ""data/unga_general_debate_verbatim_en/automatic_transcripts_unofficial/UNGA2026_day3_EN_ASR.json"", ""origin_sha256"": ""d811444b40ce3fed3c9e88fee705c2fb1f994316fa4f311bbb6c4cf20e9e7cae"", ""paragraph"": 1, ""start"": 19142.07, ""statement_start"": 19142.07}","artificial intelligence, superior intelligence, and we bring these amazing innovations to all of humanity.",uncertain,False,superior intelligence,superior intelligence,en
E00450,verbatim_en_2026_ITA:1,2026_ITA,2026,ITA,Western European and other States,data/analysis_ready_en/2026/2026_ITA.json,120ae581efa9101bdd9a1d702bc18e9dc8dd2b39eb00583100fd79157820f38a,data/unga_general_debate_verbatim_en/automatic_transcripts_unofficial/UNGA2026_day2_EN_ASR.json,"{""char_end"": 1899, ""char_start"": 0, ""end"": 44899.75, ""extracted_block"": 1, ""json_pointer"": ""/transcript/data/74/paragraphs/0"", ""origin_file"": ""data/unga_general_debate_verbatim_en/automatic_transcripts_unofficial/UNGA2026_day2_EN_ASR.json"", ""origin_sha256"": ""1d48a568967de80ba6f0e040bcda57d9df79e12a3e50907b327f1fa68aa29a92"", ""paragraph"": 1, ""start"": 43951.23, ""statement_start"": 43951.23}","trade wars, AI competition, hybrid attacks",reviewed,False,ai competition,AI competition,en
E00451,verbatim_en_2026_ITA:5,2026_ITA,2026,ITA,Western European and other States,data/analysis_ready_en/2026/2026_ITA.json,120ae581efa9101bdd9a1d702bc18e9dc8dd2b39eb00583100fd79157820f38a,data/unga_general_debate_verbatim_en/automatic_transcripts_unofficial/UNGA2026_day2_EN_ASR.json,"{""char_end"": 10376, ""char_start"": 8133, ""end"": 44899.75, ""extracted_block"": 1, ""json_pointer"": ""/transcript/data/74/paragraphs/0"", ""origin_file"": ""data/unga_general_debate_verbatim_en/automatic_transcripts_unofficial/UNGA2026_day2_EN_ASR.json"", ""origin_sha256"": ""1d48a568967de80ba6f0e040bcda57d9df79e12a3e50907b327f1fa68aa29a92"", ""paragraph"": 1, ""start"": 43951.23, ""statement_start"": 43951.23}",It's the artificial intelligence revolution.,uncertain,False,ai revolution,artificial intelligence revolution,en
E00451,verbatim_en_2026_ITA:5,2026_ITA,2026,ITA,Western European and other States,data/analysis_ready_en/2026/2026_ITA.json,120ae581efa9101bdd9a1d702bc18e9dc8dd2b39eb00583100fd79157820f38a,data/unga_general_debate_verbatim_en/automatic_transcripts_unofficial/UNGA2026_day2_EN_ASR.json,"{""char_end"": 10376, ""char_start"": 8133, ""end"": 44899.75, ""extracted_block"": 1, ""json_pointer"": ""/transcript/data/74/paragraphs/0"", ""origin_file"": ""data/unga_general_debate_verbatim_en/automatic_transcripts_unofficial/UNGA2026_day2_EN_ASR.json"", ""origin_sha256"": ""1d48a568967de80ba6f0e040bcda57d9df79e12a3e50907b327f1fa68aa29a92"", ""paragraph"": 1, ""start"": 43951.23, ""statement_start"": 43951.23}",It's the artificial intelligence revolution.,uncertain,False,artificial intelligence revolution,artificial intelligence revolution,en
E00451,verbatim_en_2026_ITA:5,2026_ITA,2026,ITA,Western European and other States,data/analysis_ready_en/2026/2026_ITA.json,120ae581efa9101bdd9a1d702bc18e9dc8dd2b39eb00583100fd79157820f38a,data/unga_general_debate_verbatim_en/automatic_transcripts_unofficial/UNGA2026_day2_EN_ASR.json,"{""char_end"": 10376, ""char_start"": 8133, ""end"": 44899.75, ""extracted_block"": 1, ""json_pointer"": ""/transcript/data/74/paragraphs/0"", ""origin_file"": ""data/unga_general_debate_verbatim_en/automatic_transcripts_unofficial/UNGA2026_day2_EN_ASR.json"", ""origin_sha256"": ""1d48a568967de80ba6f0e040bcda57d9df79e12a3e50907b327f1fa68aa29a92"", ""paragraph"": 1, ""start"": 43951.23, ""statement_start"": 43951.23}",Automated systems operating without human oversight may produce extremely dangerous decisions.,uncertain,False,human oversight,human oversight,en
E00451,verbatim_en_2026_ITA:5,2026_ITA,2026,ITA,Western European and other States,data/analysis_ready_en/2026/2026_ITA.json,120ae581efa9101bdd9a1d702bc18e9dc8dd2b39eb00583100fd79157820f38a,data/unga_general_debate_verbatim_en/automatic_transcripts_unofficial/UNGA2026_day2_EN_ASR.json,"{""char_end"": 10376, ""char_start"": 8133, ""end"": 44899.75, ""extracted_block"": 1, ""json_pointer"": ""/transcript/data/74/paragraphs/0"", ""origin_file"": ""data/unga_general_debate_verbatim_en/automatic_transcripts_unofficial/UNGA2026_day2_EN_ASR.json"", ""origin_sha256"": ""1d48a568967de80ba6f0e040bcda57d9df79e12a3e50907b327f1fa68aa29a92"", ""paragraph"": 1, ""start"": 43951.23, ""statement_start"": 43951.23}",Pope Leo XIV in the encyclical Magnifica Humanitas reminded us that no algorithm can take the place of human conscience,reviewed,False,magnifica humanitas,Magnifica Humanitas,en
E00452,verbatim_en_2026_ITA:6,2026_ITA,2026,ITA,Western European and other States,data/analysis_ready_en/2026/2026_ITA.json,120ae581efa9101bdd9a1d702bc18e9dc8dd2b39eb00583100fd79157820f38a,data/unga_general_debate_verbatim_en/automatic_transcripts_unofficial/UNGA2026_day2_EN_ASR.json,"{""char_end"": 12421, ""char_start"": 10377, ""end"": 44899.75, ""extracted_block"": 1, ""json_pointer"": ""/transcript/data/74/paragraphs/0"", ""origin_file"": ""data/unga_general_debate_verbatim_en/automatic_transcripts_unofficial/UNGA2026_day2_EN_ASR.json"", ""origin_sha256"": ""1d48a568967de80ba6f0e040bcda57d9df79e12a3e50907b327f1fa68aa29a92"", ""paragraph"": 1, ""start"": 43951.23, ""statement_start"": 43951.23}",to establish common rules before events or the strongest actors impose their own,uncertain,False,common rules,common rules,en
E00452,verbatim_en_2026_ITA:6,2026_ITA,2026,ITA,Western European and other States,data/analysis_ready_en/2026/2026_ITA.json,120ae581efa9101bdd9a1d702bc18e9dc8dd2b39eb00583100fd79157820f38a,data/unga_general_debate_verbatim_en/automatic_transcripts_unofficial/UNGA2026_day2_EN_ASR.json,"{""char_end"": 12421, ""char_start"": 10377, ""end"": 44899.75, ""extracted_block"": 1, ""json_pointer"": ""/transcript/data/74/paragraphs/0"", ""origin_file"": ""data/unga_general_debate_verbatim_en/automatic_transcripts_unofficial/UNGA2026_day2_EN_ASR.json"", ""origin_sha256"": ""1d48a568967de80ba6f0e040bcda57d9df79e12a3e50907b327f1fa68aa29a92"", ""paragraph"": 1, ""start"": 43951.23, ""statement_start"": 43951.23}",build mechanisms of mutual oversight,reviewed,False,mutual oversight,mechanisms of mutual oversight,en
E00454,verbatim_en_2026_JAM:5,2026_JAM,2026,JAM,Latin American and Caribbean States,data/analysis_ready_en/2026/2026_JAM.json,5d56bc5ac45d4b690f924198c7798fcbb4d741c82b15da027c8c0dcfd3a9df94,data/unga_general_debate_verbatim_en/automatic_transcripts_unofficial/UNGA2026_day5_EN_ASR.json,"{""char_end"": 6894, ""char_start"": 4397, ""end"": 29664.83, ""extracted_block"": 2, ""json_pointer"": ""/transcript/data/57/paragraphs/1"", ""origin_file"": ""data/unga_general_debate_verbatim_en/automatic_transcripts_unofficial/UNGA2026_day5_EN_ASR.json"", ""origin_sha256"": ""d398da93960901552fb297f7a7361480c845b32c955d8b6e5e1d9e367d7e1eaa"", ""paragraph"": 2, ""start"": 28800.27, ""statement_start"": 28600.94}",We must therefore not allow AI to deepen old inequalities and create an entirely new global divide.,reviewed,False,ai divide,entirely new global divide,en
E00454,verbatim_en_2026_JAM:5,2026_JAM,2026,JAM,Latin American and Caribbean States,data/analysis_ready_en/2026/2026_JAM.json,5d56bc5ac45d4b690f924198c7798fcbb4d741c82b15da027c8c0dcfd3a9df94,data/unga_general_debate_verbatim_en/automatic_transcripts_unofficial/UNGA2026_day5_EN_ASR.json,"{""char_end"": 6894, ""char_start"": 4397, ""end"": 29664.83, ""extracted_block"": 2, ""json_pointer"": ""/transcript/data/57/paragraphs/1"", ""origin_file"": ""data/unga_general_debate_verbatim_en/automatic_transcripts_unofficial/UNGA2026_day5_EN_ASR.json"", ""origin_sha256"": ""d398da93960901552fb297f7a7361480c845b32c955d8b6e5e1d9e367d7e1eaa"", ""paragraph"": 2, ""start"": 28800.27, ""statement_start"": 28600.94}","Indeed, they can be an equalizing force for the world.",uncertain,False,equalizing force,equalizing force,en
E00454,verbatim_en_2026_JAM:5,2026_JAM,2026,JAM,Latin American and Caribbean States,data/analysis_ready_en/2026/2026_JAM.json,5d56bc5ac45d4b690f924198c7798fcbb4d741c82b15da027c8c0dcfd3a9df94,data/unga_general_debate_verbatim_en/automatic_transcripts_unofficial/UNGA2026_day5_EN_ASR.json,"{""char_end"": 6894, ""char_start"": 4397, ""end"": 29664.83, ""extracted_block"": 2, ""json_pointer"": ""/transcript/data/57/paragraphs/1"", ""origin_file"": ""data/unga_general_debate_verbatim_en/automatic_transcripts_unofficial/UNGA2026_day5_EN_ASR.json"", ""origin_sha256"": ""d398da93960901552fb297f7a7361480c845b32c955d8b6e5e1d9e367d7e1eaa"", ""paragraph"": 2, ""start"": 28800.27, ""statement_start"": 28600.94}","The Pact for the Future, the Global Digital Compact, and the Abbas provide important foundations.",reviewed,False,global digital compact,Global Digital Compact,en
E00454,verbatim_en_2026_JAM:5,2026_JAM,2026,JAM,Latin American and Caribbean States,data/analysis_ready_en/2026/2026_JAM.json,5d56bc5ac45d4b690f924198c7798fcbb4d741c82b15da027c8c0dcfd3a9df94,data/unga_general_debate_verbatim_en/automatic_transcripts_unofficial/UNGA2026_day5_EN_ASR.json,"{""char_end"": 6894, ""char_start"": 4397, ""end"": 29664.83, ""extracted_block"": 2, ""json_pointer"": ""/transcript/data/57/paragraphs/1"", ""origin_file"": ""data/unga_general_debate_verbatim_en/automatic_transcripts_unofficial/UNGA2026_day5_EN_ASR.json"", ""origin_sha256"": ""d398da93960901552fb297f7a7361480c845b32c955d8b6e5e1d9e367d7e1eaa"", ""paragraph"": 2, ""start"": 28800.27, ""statement_start"": 28600.94}",Jamaica sees digital transformation and responsible artificial intelligence as powerful tools.,reviewed,False,responsible ai,responsible artificial intelligence,en
E00455,verbatim_en_2026_JPN:7,2026_JPN,2026,JPN,Asia-Pacific States,data/analysis_ready_en/2026/2026_JPN.json,f2accc70769b7142c852855974891bc709074e302191a63fb128adec05ee94fa,data/unga_general_debate_verbatim_en/automatic_transcripts_unofficial/UNGA2026_day1_EN_ASR.json,"{""char_end"": 4497, ""char_start"": 2278, ""end"": 39392.19, ""extracted_block"": 2, ""json_pointer"": ""/transcript/data/60/paragraphs/1"", ""origin_file"": ""data/unga_general_debate_verbatim_en/automatic_transcripts_unofficial/UNGA2026_day1_EN_ASR.json"", ""origin_sha256"": ""c2ea4447e91a784516298f9c67597d8555c865e03b57840edc1644a8b924df75"", ""paragraph"": 2, ""start"": 38820.07, ""statement_start"": 38127.82}",international principles and code of conduct to govern generative AI,reviewed,False,code of conduct,code of conduct,en
E00455,verbatim_en_2026_JPN:7,2026_JPN,2026,JPN,Asia-Pacific States,data/analysis_ready_en/2026/2026_JPN.json,f2accc70769b7142c852855974891bc709074e302191a63fb128adec05ee94fa,data/unga_general_debate_verbatim_en/automatic_transcripts_unofficial/UNGA2026_day1_EN_ASR.json,"{""char_end"": 4497, ""char_start"": 2278, ""end"": 39392.19, ""extracted_block"": 2, ""json_pointer"": ""/transcript/data/60/paragraphs/1"", ""origin_file"": ""data/unga_general_debate_verbatim_en/automatic_transcripts_unofficial/UNGA2026_day1_EN_ASR.json"", ""origin_sha256"": ""c2ea4447e91a784516298f9c67597d8555c865e03b57840edc1644a8b924df75"", ""paragraph"": 2, ""start"": 38820.07, ""statement_start"": 38127.82}",code of conduct to govern generative AI,reviewed,False,generative ai,generative AI,en
E00455,verbatim_en_2026_JPN:7,2026_JPN,2026,JPN,Asia-Pacific States,data/analysis_ready_en/2026/2026_JPN.json,f2accc70769b7142c852855974891bc709074e302191a63fb128adec05ee94fa,data/unga_general_debate_verbatim_en/automatic_transcripts_unofficial/UNGA2026_day1_EN_ASR.json,"{""char_end"": 4497, ""char_start"": 2278, ""end"": 39392.19, ""extracted_block"": 2, ""json_pointer"": ""/transcript/data/60/paragraphs/1"", ""origin_file"": ""data/unga_general_debate_verbatim_en/automatic_transcripts_unofficial/UNGA2026_day1_EN_ASR.json"", ""origin_sha256"": ""c2ea4447e91a784516298f9c67597d8555c865e03b57840edc1644a8b924df75"", ""paragraph"": 2, ""start"": 38820.07, ""statement_start"": 38127.82}",launch the Hiroshima AI Process,reviewed,False,hiroshima ai process,Hiroshima AI Process,en
E00456,verbatim_en_2026_JPN:8,2026_JPN,2026,JPN,Asia-Pacific States,data/analysis_ready_en/2026/2026_JPN.json,f2accc70769b7142c852855974891bc709074e302191a63fb128adec05ee94fa,data/unga_general_debate_verbatim_en/automatic_transcripts_unofficial/UNGA2026_day1_EN_ASR.json,"{""char_end"": 6601, ""char_start"": 4498, ""end"": 39392.19, ""extracted_block"": 2, ""json_pointer"": ""/transcript/data/60/paragraphs/1"", ""origin_file"": ""data/unga_general_debate_verbatim_en/automatic_transcripts_unofficial/UNGA2026_day1_EN_ASR.json"", ""origin_sha256"": ""c2ea4447e91a784516298f9c67597d8555c865e03b57840edc1644a8b924df75"", ""paragraph"": 2, ""start"": 38820.07, ""statement_start"": 38127.82}",host an AI summit in Japan,reviewed,False,ai summit,AI summit,en
E00456,verbatim_en_2026_JPN:8,2026_JPN,2026,JPN,Asia-Pacific States,data/analysis_ready_en/2026/2026_JPN.json,f2accc70769b7142c852855974891bc709074e302191a63fb128adec05ee94fa,data/unga_general_debate_verbatim_en/automatic_transcripts_unofficial/UNGA2026_day1_EN_ASR.json,"{""char_end"": 6601, ""char_start"": 4498, ""end"": 39392.19, ""extracted_block"": 2, ""json_pointer"": ""/transcript/data/60/paragraphs/1"", ""origin_file"": ""data/unga_general_debate_verbatim_en/automatic_transcripts_unofficial/UNGA2026_day1_EN_ASR.json"", ""origin_sha256"": ""c2ea4447e91a784516298f9c67597d8555c865e03b57840edc1644a8b924df75"", ""paragraph"": 2, ""start"": 38820.07, ""statement_start"": 38127.82}",the risks of highly capable frontier AI,reviewed,False,frontier ai,highly capable frontier AI,en
E00456,verbatim_en_2026_JPN:8,2026_JPN,2026,JPN,Asia-Pacific States,data/analysis_ready_en/2026/2026_JPN.json,f2accc70769b7142c852855974891bc709074e302191a63fb128adec05ee94fa,data/unga_general_debate_verbatim_en/automatic_transcripts_unofficial/UNGA2026_day1_EN_ASR.json,"{""char_end"": 6601, ""char_start"": 4498, ""end"": 39392.19, ""extracted_block"": 2, ""json_pointer"": ""/transcript/data/60/paragraphs/1"", ""origin_file"": ""data/unga_general_debate_verbatim_en/automatic_transcripts_unofficial/UNGA2026_day1_EN_ASR.json"", ""origin_sha256"": ""c2ea4447e91a784516298f9c67597d8555c865e03b57840edc1644a8b924df75"", ""paragraph"": 2, ""start"": 38820.07, ""statement_start"": 38127.82}","co-create a safe, secure, and trustworthy AI ecosystem",reviewed,False,trustworthy ai,"safe, secure, and trustworthy AI ecosystem",en
E00457,verbatim_en_2026_KAZ:6,2026_KAZ,2026,KAZ,Asia-Pacific States,data/analysis_ready_en/2026/2026_KAZ.json,4969d887cfb2e75eb98edcba1a76183f2a9a95a1f35e53f38b55a21c1c05b589,data/unga_general_debate_verbatim_en/automatic_transcripts_unofficial/UNGA2026_day4_EN_ASR.json,"{""char_end"": 14035, ""char_start"": 11768, ""end"": 37566.83, ""extracted_block"": 1, ""json_pointer"": ""/transcript/data/56/paragraphs/0"", ""origin_file"": ""data/unga_general_debate_verbatim_en/automatic_transcripts_unofficial/UNGA2026_day4_EN_ASR.json"", ""origin_sha256"": ""1c43e6b9024f9c46d1e134590e19b4bfa3567b0a9cac7c5f0a29794d0b9dd1a6"", ""paragraph"": 1, ""start"": 36406.8, ""statement_start"": 36406.8}",law on artificial intelligence,uncertain,False,ai law,law on artificial intelligence,en
E00457,verbatim_en_2026_KAZ:6,2026_KAZ,2026,KAZ,Asia-Pacific States,data/analysis_ready_en/2026/2026_KAZ.json,4969d887cfb2e75eb98edcba1a76183f2a9a95a1f35e53f38b55a21c1c05b589,data/unga_general_debate_verbatim_en/automatic_transcripts_unofficial/UNGA2026_day4_EN_ASR.json,"{""char_end"": 14035, ""char_start"": 11768, ""end"": 37566.83, ""extracted_block"": 1, ""json_pointer"": ""/transcript/data/56/paragraphs/0"", ""origin_file"": ""data/unga_general_debate_verbatim_en/automatic_transcripts_unofficial/UNGA2026_day4_EN_ASR.json"", ""origin_sha256"": ""1c43e6b9024f9c46d1e134590e19b4bfa3567b0a9cac7c5f0a29794d0b9dd1a6"", ""paragraph"": 1, ""start"": 36406.8, ""statement_start"": 36406.8}",and widen the digital divide,uncertain,False,digital divide,digital divide,en
E00457,verbatim_en_2026_KAZ:6,2026_KAZ,2026,KAZ,Asia-Pacific States,data/analysis_ready_en/2026/2026_KAZ.json,4969d887cfb2e75eb98edcba1a76183f2a9a95a1f35e53f38b55a21c1c05b589,data/unga_general_debate_verbatim_en/automatic_transcripts_unofficial/UNGA2026_day4_EN_ASR.json,"{""char_end"": 14035, ""char_start"": 11768, ""end"": 37566.83, ""extracted_block"": 1, ""json_pointer"": ""/transcript/data/56/paragraphs/0"", ""origin_file"": ""data/unga_general_debate_verbatim_en/automatic_transcripts_unofficial/UNGA2026_day4_EN_ASR.json"", ""origin_sha256"": ""1c43e6b9024f9c46d1e134590e19b4bfa3567b0a9cac7c5f0a29794d0b9dd1a6"", ""paragraph"": 1, ""start"": 36406.8, ""statement_start"": 36406.8}",UN Global Dialogue on AI governance,reviewed,False,global dialogue on ai governance,UN Global Dialogue on AI governance,en
E00457,verbatim_en_2026_KAZ:6,2026_KAZ,2026,KAZ,Asia-Pacific States,data/analysis_ready_en/2026/2026_KAZ.json,4969d887cfb2e75eb98edcba1a76183f2a9a95a1f35e53f38b55a21c1c05b589,data/unga_general_debate_verbatim_en/automatic_transcripts_unofficial/UNGA2026_day4_EN_ASR.json,"{""char_end"": 14035, ""char_start"": 11768, ""end"": 37566.83, ""extracted_block"": 1, ""json_pointer"": ""/transcript/data/56/paragraphs/0"", ""origin_file"": ""data/unga_general_debate_verbatim_en/automatic_transcripts_unofficial/UNGA2026_day4_EN_ASR.json"", ""origin_sha256"": ""1c43e6b9024f9c46d1e134590e19b4bfa3567b0a9cac7c5f0a29794d0b9dd1a6"", ""paragraph"": 1, ""start"": 36406.8, ""statement_start"": 36406.8}",meaningful human oversight,uncertain,False,human oversight,meaningful human oversight,en
E00457,verbatim_en_2026_KAZ:6,2026_KAZ,2026,KAZ,Asia-Pacific States,data/analysis_ready_en/2026/2026_KAZ.json,4969d887cfb2e75eb98edcba1a76183f2a9a95a1f35e53f38b55a21c1c05b589,data/unga_general_debate_verbatim_en/automatic_transcripts_unofficial/UNGA2026_day4_EN_ASR.json,"{""char_end"": 14035, ""char_start"": 11768, ""end"": 37566.83, ""extracted_block"": 1, ""json_pointer"": ""/transcript/data/56/paragraphs/0"", ""origin_file"": ""data/unga_general_debate_verbatim_en/automatic_transcripts_unofficial/UNGA2026_day4_EN_ASR.json"", ""origin_sha256"": ""1c43e6b9024f9c46d1e134590e19b4bfa3567b0a9cac7c5f0a29794d0b9dd1a6"", ""paragraph"": 1, ""start"": 36406.8, ""statement_start"": 36406.8}",subject to meaningful human oversight,uncertain,False,meaningful human oversight,meaningful human oversight,en
E00457,verbatim_en_2026_KAZ:6,2026_KAZ,2026,KAZ,Asia-Pacific States,data/analysis_ready_en/2026/2026_KAZ.json,4969d887cfb2e75eb98edcba1a76183f2a9a95a1f35e53f38b55a21c1c05b589,data/unga_general_debate_verbatim_en/automatic_transcripts_unofficial/UNGA2026_day4_EN_ASR.json,"{""char_end"": 14035, ""char_start"": 11768, ""end"": 37566.83, ""extracted_block"": 1, ""json_pointer"": ""/transcript/data/56/paragraphs/0"", ""origin_file"": ""data/unga_general_debate_verbatim_en/automatic_transcripts_unofficial/UNGA2026_day4_EN_ASR.json"", ""origin_sha256"": ""1c43e6b9024f9c46d1e134590e19b4bfa3567b0a9cac7c5f0a29794d0b9dd1a6"", ""paragraph"": 1, ""start"": 36406.8, ""statement_start"": 36406.8}","the use of AI in warfare, and cyber operations",uncertain,False,use of ai in warfare,use of AI in warfare,en
E00458,verbatim_en_2026_KHM:4,2026_KHM,2026,KHM,Asia-Pacific States,data/analysis_ready_en/2026/2026_KHM.json,a8f08b8f4e090f705b93a56f00b44365a2b690b0d2851d00d03a3a3ac02cacf7,data/unga_general_debate_verbatim_en/automatic_transcripts_unofficial/UNGA2026_day5_EN_ASR.json,"{""char_end"": 8071, ""char_start"": 6758, ""end"": 9253.07, ""extracted_block"": 1, ""json_pointer"": ""/transcript/data/17/paragraphs/0"", ""origin_file"": ""data/unga_general_debate_verbatim_en/automatic_transcripts_unofficial/UNGA2026_day5_EN_ASR.json"", ""origin_sha256"": ""d398da93960901552fb297f7a7361480c845b32c955d8b6e5e1d9e367d7e1eaa"", ""paragraph"": 1, ""start"": 8444.68, ""statement_start"": 8444.68}",Combating online scam,uncertain,False,online scam,online scam,en
E00459,verbatim_en_2026_KNA:5,2026_KNA,2026,KNA,Latin American and Caribbean States,data/analysis_ready_en/2026/2026_KNA.json,c9d8da208cbedcfd88d0472d5c7634d6db2e60a38990a73668b191f29627f967,data/unga_general_debate_verbatim_en/automatic_transcripts_unofficial/UNGA2026_day4_EN_ASR.json,"{""char_end"": 8893, ""char_start"": 6601, ""end"": 33894.15, ""extracted_block"": 2, ""json_pointer"": ""/transcript/data/50/paragraphs/1"", ""origin_file"": ""data/unga_general_debate_verbatim_en/automatic_transcripts_unofficial/UNGA2026_day4_EN_ASR.json"", ""origin_sha256"": ""1c43e6b9024f9c46d1e134590e19b4bfa3567b0a9cac7c5f0a29794d0b9dd1a6"", ""paragraph"": 2, ""start"": 32401.87, ""statement_start"": 32368.82}",the AI divide also concern computing power,reviewed,False,ai divide,AI divide,en
E00459,verbatim_en_2026_KNA:5,2026_KNA,2026,KNA,Latin American and Caribbean States,data/analysis_ready_en/2026/2026_KNA.json,c9d8da208cbedcfd88d0472d5c7634d6db2e60a38990a73668b191f29627f967,data/unga_general_debate_verbatim_en/automatic_transcripts_unofficial/UNGA2026_day4_EN_ASR.json,"{""char_end"": 8893, ""char_start"": 6601, ""end"": 33894.15, ""extracted_block"": 2, ""json_pointer"": ""/transcript/data/50/paragraphs/1"", ""origin_file"": ""data/unga_general_debate_verbatim_en/automatic_transcripts_unofficial/UNGA2026_day4_EN_ASR.json"", ""origin_sha256"": ""1c43e6b9024f9c46d1e134590e19b4bfa3567b0a9cac7c5f0a29794d0b9dd1a6"", ""paragraph"": 2, ""start"": 32401.87, ""statement_start"": 32368.82}",the Caribbean AI Task Force supports cooperation,reviewed,False,caribbean ai task force,Caribbean AI Task Force,en
E00459,verbatim_en_2026_KNA:5,2026_KNA,2026,KNA,Latin American and Caribbean States,data/analysis_ready_en/2026/2026_KNA.json,c9d8da208cbedcfd88d0472d5c7634d6db2e60a38990a73668b191f29627f967,data/unga_general_debate_verbatim_en/automatic_transcripts_unofficial/UNGA2026_day4_EN_ASR.json,"{""char_end"": 8893, ""char_start"": 6601, ""end"": 33894.15, ""extracted_block"": 2, ""json_pointer"": ""/transcript/data/50/paragraphs/1"", ""origin_file"": ""data/unga_general_debate_verbatim_en/automatic_transcripts_unofficial/UNGA2026_day4_EN_ASR.json"", ""origin_sha256"": ""1c43e6b9024f9c46d1e134590e19b4bfa3567b0a9cac7c5f0a29794d0b9dd1a6"", ""paragraph"": 2, ""start"": 32401.87, ""statement_start"": 32368.82}",Developing countries need affordable computing power,uncertain,False,computing power,affordable computing power,en
E00459,verbatim_en_2026_KNA:5,2026_KNA,2026,KNA,Latin American and Caribbean States,data/analysis_ready_en/2026/2026_KNA.json,c9d8da208cbedcfd88d0472d5c7634d6db2e60a38990a73668b191f29627f967,data/unga_general_debate_verbatim_en/automatic_transcripts_unofficial/UNGA2026_day4_EN_ASR.json,"{""char_end"": 8893, ""char_start"": 6601, ""end"": 33894.15, ""extracted_block"": 2, ""json_pointer"": ""/transcript/data/50/paragraphs/1"", ""origin_file"": ""data/unga_general_debate_verbatim_en/automatic_transcripts_unofficial/UNGA2026_day4_EN_ASR.json"", ""origin_sha256"": ""1c43e6b9024f9c46d1e134590e19b4bfa3567b0a9cac7c5f0a29794d0b9dd1a6"", ""paragraph"": 2, ""start"": 32401.87, ""statement_start"": 32368.82}","data sovereignty, cyber security, and rights",reviewed,False,data sovereignty,data sovereignty,en
E00459,verbatim_en_2026_KNA:5,2026_KNA,2026,KNA,Latin American and Caribbean States,data/analysis_ready_en/2026/2026_KNA.json,c9d8da208cbedcfd88d0472d5c7634d6db2e60a38990a73668b191f29627f967,data/unga_general_debate_verbatim_en/automatic_transcripts_unofficial/UNGA2026_day4_EN_ASR.json,"{""char_end"": 8893, ""char_start"": 6601, ""end"": 33894.15, ""extracted_block"": 2, ""json_pointer"": ""/transcript/data/50/paragraphs/1"", ""origin_file"": ""data/unga_general_debate_verbatim_en/automatic_transcripts_unofficial/UNGA2026_day4_EN_ASR.json"", ""origin_sha256"": ""1c43e6b9024f9c46d1e134590e19b4bfa3567b0a9cac7c5f0a29794d0b9dd1a6"", ""paragraph"": 2, ""start"": 32401.87, ""statement_start"": 32368.82}",the Global Dialogue on AI Governance,uncertain,False,global dialogue on ai governance,Global Dialogue on AI Governance,en
E00459,verbatim_en_2026_KNA:5,2026_KNA,2026,KNA,Latin American and Caribbean States,data/analysis_ready_en/2026/2026_KNA.json,c9d8da208cbedcfd88d0472d5c7634d6db2e60a38990a73668b191f29627f967,data/unga_general_debate_verbatim_en/automatic_transcripts_unofficial/UNGA2026_day4_EN_ASR.json,"{""char_end"": 8893, ""char_start"": 6601, ""end"": 33894.15, ""extracted_block"": 2, ""json_pointer"": ""/transcript/data/50/paragraphs/1"", ""origin_file"": ""data/unga_general_debate_verbatim_en/automatic_transcripts_unofficial/UNGA2026_day4_EN_ASR.json"", ""origin_sha256"": ""1c43e6b9024f9c46d1e134590e19b4bfa3567b0a9cac7c5f0a29794d0b9dd1a6"", ""paragraph"": 2, ""start"": 32401.87, ""statement_start"": 32368.82}",the Independent International Scientific Panel on Artificial Intelligence,uncertain,False,independent international scientific panel on ai,Independent International Scientific Panel on Artificial Intelligence,en
E00461,verbatim_en_2026_KOR:2,2026_KOR,2026,KOR,Asia-Pacific States,data/analysis_ready_en/2026/2026_KOR.json,9dd6238b86ba17d181f83d4c56be2d7c00a4c450ee44961256018555fdf9d359,data/unga_general_debate_verbatim_en/automatic_transcripts_unofficial/UNGA2026_day1_EN_ASR.json,"{""char_end"": 4036, ""char_start"": 2096, ""end"": 26342.03, ""extracted_block"": 1, ""json_pointer"": ""/transcript/data/36/paragraphs/0"", ""origin_file"": ""data/unga_general_debate_verbatim_en/automatic_transcripts_unofficial/UNGA2026_day1_EN_ASR.json"", ""origin_sha256"": ""c2ea4447e91a784516298f9c67597d8555c865e03b57840edc1644a8b924df75"", ""paragraph"": 1, ""start"": 25323.43, ""statement_start"": 25323.43}",The artificial intelligence revolution,uncertain,False,ai revolution,artificial intelligence revolution,en
E00461,verbatim_en_2026_KOR:2,2026_KOR,2026,KOR,Asia-Pacific States,data/analysis_ready_en/2026/2026_KOR.json,9dd6238b86ba17d181f83d4c56be2d7c00a4c450ee44961256018555fdf9d359,data/unga_general_debate_verbatim_en/automatic_transcripts_unofficial/UNGA2026_day1_EN_ASR.json,"{""char_end"": 4036, ""char_start"": 2096, ""end"": 26342.03, ""extracted_block"": 1, ""json_pointer"": ""/transcript/data/36/paragraphs/0"", ""origin_file"": ""data/unga_general_debate_verbatim_en/automatic_transcripts_unofficial/UNGA2026_day1_EN_ASR.json"", ""origin_sha256"": ""c2ea4447e91a784516298f9c67597d8555c865e03b57840edc1644a8b924df75"", ""paragraph"": 1, ""start"": 25323.43, ""statement_start"": 25323.43}",It is the AI universal basic society where everyone can benefit from technological progress.,reviewed,False,ai universal basic society,AI universal basic society,en
E00462,verbatim_en_2026_KOR:3,2026_KOR,2026,KOR,Asia-Pacific States,data/analysis_ready_en/2026/2026_KOR.json,9dd6238b86ba17d181f83d4c56be2d7c00a4c450ee44961256018555fdf9d359,data/unga_general_debate_verbatim_en/automatic_transcripts_unofficial/UNGA2026_day1_EN_ASR.json,"{""char_end"": 6050, ""char_start"": 4037, ""end"": 26342.03, ""extracted_block"": 1, ""json_pointer"": ""/transcript/data/36/paragraphs/0"", ""origin_file"": ""data/unga_general_debate_verbatim_en/automatic_transcripts_unofficial/UNGA2026_day1_EN_ASR.json"", ""origin_sha256"": ""c2ea4447e91a784516298f9c67597d8555c865e03b57840edc1644a8b924df75"", ""paragraph"": 1, ""start"": 25323.43, ""statement_start"": 25323.43}",our AI universal basic health program,uncertain,False,ai universal basic health,AI universal basic health program,en
E00462,verbatim_en_2026_KOR:3,2026_KOR,2026,KOR,Asia-Pacific States,data/analysis_ready_en/2026/2026_KOR.json,9dd6238b86ba17d181f83d4c56be2d7c00a4c450ee44961256018555fdf9d359,data/unga_general_debate_verbatim_en/automatic_transcripts_unofficial/UNGA2026_day1_EN_ASR.json,"{""char_end"": 6050, ""char_start"": 4037, ""end"": 26342.03, ""extracted_block"": 1, ""json_pointer"": ""/transcript/data/36/paragraphs/0"", ""origin_file"": ""data/unga_general_debate_verbatim_en/automatic_transcripts_unofficial/UNGA2026_day1_EN_ASR.json"", ""origin_sha256"": ""c2ea4447e91a784516298f9c67597d8555c865e03b57840edc1644a8b924df75"", ""paragraph"": 1, ""start"": 25323.43, ""statement_start"": 25323.43}",beginning with our AI universal basic health program,uncertain,False,ai universal basic health program,AI universal basic health program,en
E00462,verbatim_en_2026_KOR:3,2026_KOR,2026,KOR,Asia-Pacific States,data/analysis_ready_en/2026/2026_KOR.json,9dd6238b86ba17d181f83d4c56be2d7c00a4c450ee44961256018555fdf9d359,data/unga_general_debate_verbatim_en/automatic_transcripts_unofficial/UNGA2026_day1_EN_ASR.json,"{""char_end"": 6050, ""char_start"": 4037, ""end"": 26342.03, ""extracted_block"": 1, ""json_pointer"": ""/transcript/data/36/paragraphs/0"", ""origin_file"": ""data/unga_general_debate_verbatim_en/automatic_transcripts_unofficial/UNGA2026_day1_EN_ASR.json"", ""origin_sha256"": ""c2ea4447e91a784516298f9c67597d8555c865e03b57840edc1644a8b924df75"", ""paragraph"": 1, ""start"": 25323.43, ""statement_start"": 25323.43}",The Republic of Korea envisions a global AI universal basic society,uncertain,False,ai universal basic society,global AI universal basic society,en
E00462,verbatim_en_2026_KOR:3,2026_KOR,2026,KOR,Asia-Pacific States,data/analysis_ready_en/2026/2026_KOR.json,9dd6238b86ba17d181f83d4c56be2d7c00a4c450ee44961256018555fdf9d359,data/unga_general_debate_verbatim_en/automatic_transcripts_unofficial/UNGA2026_day1_EN_ASR.json,"{""char_end"": 6050, ""char_start"": 4037, ""end"": 26342.03, ""extracted_block"": 1, ""json_pointer"": ""/transcript/data/36/paragraphs/0"", ""origin_file"": ""data/unga_general_debate_verbatim_en/automatic_transcripts_unofficial/UNGA2026_day1_EN_ASR.json"", ""origin_sha256"": ""c2ea4447e91a784516298f9c67597d8555c865e03b57840edc1644a8b924df75"", ""paragraph"": 1, ""start"": 25323.43, ""statement_start"": 25323.43}",The Republic of Korea will build the global AI hub platform,reviewed,False,global ai hub platform,global AI hub platform,en
E00463,verbatim_en_2026_KWT:1,2026_KWT,2026,KWT,Asia-Pacific States,data/analysis_ready_en/2026/2026_KWT.json,1687af78975f15b4aa247ee13a7e20a308def1e1e9912155e937eb3d87851eb4,data/unga_general_debate_verbatim_en/automatic_transcripts_unofficial/UNGA2026_day3_EN_ASR.json,"{""char_end"": 2231, ""char_start"": 0, ""end"": 28799.39, ""extracted_block"": 1, ""json_pointer"": ""/transcript/data/51/paragraphs/0"", ""origin_file"": ""data/unga_general_debate_verbatim_en/automatic_transcripts_unofficial/UNGA2026_day3_EN_ASR.json"", ""origin_sha256"": ""d811444b40ce3fed3c9e88fee705c2fb1f994316fa4f311bbb6c4cf20e9e7cae"", ""paragraph"": 1, ""start"": 28224.03, ""statement_start"": 28224.03}",to strengthen international cooperation on artificial intelligence,uncertain,False,international cooperation on ai,international cooperation on artificial intelligence,en
E00464,verbatim_en_2026_LAO:2,2026_LAO,2026,LAO,Asia-Pacific States,data/analysis_ready_en/2026/2026_LAO.json,be425039d52a179897858d80dba1e064785d324926c94a40d07acb832fcbdb58,data/unga_general_debate_verbatim_en/automatic_transcripts_unofficial/UNGA2026_day5_EN_ASR.json,"{""char_end"": 4766, ""char_start"": 2369, ""end"": 8381.35, ""extracted_block"": 1, ""json_pointer"": ""/transcript/data/15/paragraphs/0"", ""origin_file"": ""data/unga_general_debate_verbatim_en/automatic_transcripts_unofficial/UNGA2026_day5_EN_ASR.json"", ""origin_sha256"": ""d398da93960901552fb297f7a7361480c845b32c955d8b6e5e1d9e367d7e1eaa"", ""paragraph"": 1, ""start"": 7363.59, ""statement_start"": 7363.59}",must focus on narrowing the digital divide,reviewed,False,digital divide,digital divide,en
E00464,verbatim_en_2026_LAO:2,2026_LAO,2026,LAO,Asia-Pacific States,data/analysis_ready_en/2026/2026_LAO.json,be425039d52a179897858d80dba1e064785d324926c94a40d07acb832fcbdb58,data/unga_general_debate_verbatim_en/automatic_transcripts_unofficial/UNGA2026_day5_EN_ASR.json,"{""char_end"": 4766, ""char_start"": 2369, ""end"": 8381.35, ""extracted_block"": 1, ""json_pointer"": ""/transcript/data/15/paragraphs/0"", ""origin_file"": ""data/unga_general_debate_verbatim_en/automatic_transcripts_unofficial/UNGA2026_day5_EN_ASR.json"", ""origin_sha256"": ""d398da93960901552fb297f7a7361480c845b32c955d8b6e5e1d9e367d7e1eaa"", ""paragraph"": 1, ""start"": 7363.59, ""statement_start"": 7363.59}",The implementation of the Pact of the Future and the Global Digital Compact must focus on narrowing the digital divide.,reviewed,False,global digital compact,Global Digital Compact,en
E00465,verbatim_en_2026_LBN:2,2026_LBN,2026,LBN,Asia-Pacific States,data/analysis_ready_en/2026/2026_LBN.json,cec7a37e987dc3399e88733d2f4322d57e55bd153e5cef060eb2b690d52e93ab,data/unga_general_debate_verbatim_en/automatic_transcripts_unofficial/UNGA2026_day4_EN_ASR.json,"{""char_end"": 2190, ""char_start"": 0, ""end"": 6203.31, ""extracted_block"": 2, ""json_pointer"": ""/transcript/data/7/paragraphs/1"", ""origin_file"": ""data/unga_general_debate_verbatim_en/automatic_transcripts_unofficial/UNGA2026_day4_EN_ASR.json"", ""origin_sha256"": ""1c43e6b9024f9c46d1e134590e19b4bfa3567b0a9cac7c5f0a29794d0b9dd1a6"", ""paragraph"": 2, ""start"": 4967.71, ""statement_start"": 4965.75}",the artificial intelligence revolution is opening unprecedented horizons,reviewed,False,ai revolution,artificial intelligence revolution,en
E00466,verbatim_en_2026_LBN:3,2026_LBN,2026,LBN,Asia-Pacific States,data/analysis_ready_en/2026/2026_LBN.json,cec7a37e987dc3399e88733d2f4322d57e55bd153e5cef060eb2b690d52e93ab,data/unga_general_debate_verbatim_en/automatic_transcripts_unofficial/UNGA2026_day4_EN_ASR.json,"{""char_end"": 4341, ""char_start"": 2191, ""end"": 6203.31, ""extracted_block"": 2, ""json_pointer"": ""/transcript/data/7/paragraphs/1"", ""origin_file"": ""data/unga_general_debate_verbatim_en/automatic_transcripts_unofficial/UNGA2026_day4_EN_ASR.json"", ""origin_sha256"": ""1c43e6b9024f9c46d1e134590e19b4bfa3567b0a9cac7c5f0a29794d0b9dd1a6"", ""paragraph"": 2, ""start"": 4967.71, ""statement_start"": 4965.75}",we must not allow an artificial intelligence divide to emerge,reviewed,False,ai divide,artificial intelligence divide,en
E00466,verbatim_en_2026_LBN:3,2026_LBN,2026,LBN,Asia-Pacific States,data/analysis_ready_en/2026/2026_LBN.json,cec7a37e987dc3399e88733d2f4322d57e55bd153e5cef060eb2b690d52e93ab,data/unga_general_debate_verbatim_en/automatic_transcripts_unofficial/UNGA2026_day4_EN_ASR.json,"{""char_end"": 4341, ""char_start"": 2191, ""end"": 6203.31, ""extracted_block"": 2, ""json_pointer"": ""/transcript/data/7/paragraphs/1"", ""origin_file"": ""data/unga_general_debate_verbatim_en/automatic_transcripts_unofficial/UNGA2026_day4_EN_ASR.json"", ""origin_sha256"": ""1c43e6b9024f9c46d1e134590e19b4bfa3567b0a9cac7c5f0a29794d0b9dd1a6"", ""paragraph"": 2, ""start"": 4967.71, ""statement_start"": 4965.75}",This calls for international governance,uncertain,False,international governance,international governance,en
E00467,verbatim_en_2026_LBR:3,2026_LBR,2026,LBR,African States,data/analysis_ready_en/2026/2026_LBR.json,865635f96edd1a0933da144463e8b4ca650dd533fc3eed1e6243fb6fcf81e8aa,data/unga_general_debate_verbatim_en/automatic_transcripts_unofficial/UNGA2026_day3_EN_ASR.json,"{""char_end"": 6976, ""char_start"": 4642, ""end"": 11789.67, ""extracted_block"": 1, ""json_pointer"": ""/transcript/data/16/paragraphs/0"", ""origin_file"": ""data/unga_general_debate_verbatim_en/automatic_transcripts_unofficial/UNGA2026_day3_EN_ASR.json"", ""origin_sha256"": ""d811444b40ce3fed3c9e88fee705c2fb1f994316fa4f311bbb6c4cf20e9e7cae"", ""paragraph"": 1, ""start"": 10902.8, ""statement_start"": 10902.8}","greater regulation of artificial intelligence, particularly in warfare.",uncertain,False,ai in warfare,"artificial intelligence, particularly in warfare",en
E00467,verbatim_en_2026_LBR:3,2026_LBR,2026,LBR,African States,data/analysis_ready_en/2026/2026_LBR.json,865635f96edd1a0933da144463e8b4ca650dd533fc3eed1e6243fb6fcf81e8aa,data/unga_general_debate_verbatim_en/automatic_transcripts_unofficial/UNGA2026_day3_EN_ASR.json,"{""char_end"": 6976, ""char_start"": 4642, ""end"": 11789.67, ""extracted_block"": 1, ""json_pointer"": ""/transcript/data/16/paragraphs/0"", ""origin_file"": ""data/unga_general_debate_verbatim_en/automatic_transcripts_unofficial/UNGA2026_day3_EN_ASR.json"", ""origin_sha256"": ""d811444b40ce3fed3c9e88fee705c2fb1f994316fa4f311bbb6c4cf20e9e7cae"", ""paragraph"": 1, ""start"": 10902.8, ""statement_start"": 10902.8}",We must be supported in building true digital sovereignty.,reviewed,False,digital sovereignty,digital sovereignty,en
E00467,verbatim_en_2026_LBR:3,2026_LBR,2026,LBR,African States,data/analysis_ready_en/2026/2026_LBR.json,865635f96edd1a0933da144463e8b4ca650dd533fc3eed1e6243fb6fcf81e8aa,data/unga_general_debate_verbatim_en/automatic_transcripts_unofficial/UNGA2026_day3_EN_ASR.json,"{""char_end"": 6976, ""char_start"": 4642, ""end"": 11789.67, ""extracted_block"": 1, ""json_pointer"": ""/transcript/data/16/paragraphs/0"", ""origin_file"": ""data/unga_general_debate_verbatim_en/automatic_transcripts_unofficial/UNGA2026_day3_EN_ASR.json"", ""origin_sha256"": ""d811444b40ce3fed3c9e88fee705c2fb1f994316fa4f311bbb6c4cf20e9e7cae"", ""paragraph"": 1, ""start"": 10902.8, ""statement_start"": 10902.8}",the Secretary General's independent international scientific panel on artificial intelligence.,reviewed,False,independent international scientific panel on ai,independent international scientific panel on artificial intelligence,en
E00468,verbatim_en_2026_LCA:5,2026_LCA,2026,LCA,Latin American and Caribbean States,data/analysis_ready_en/2026/2026_LCA.json,2090abd5a5fa4160a79782ec3783668159e716c0a67585845a29c4eda2648f5d,data/unga_general_debate_verbatim_en/automatic_transcripts_unofficial/UNGA2026_day4_EN_ASR.json,"{""char_end"": 11094, ""char_start"": 8827, ""end"": 16905.47, ""extracted_block"": 1, ""json_pointer"": ""/transcript/data/23/paragraphs/0"", ""origin_file"": ""data/unga_general_debate_verbatim_en/automatic_transcripts_unofficial/UNGA2026_day4_EN_ASR.json"", ""origin_sha256"": ""1c43e6b9024f9c46d1e134590e19b4bfa3567b0a9cac7c5f0a29794d0b9dd1a6"", ""paragraph"": 1, ""start"": 15908.01, ""statement_start"": 15908.01}","strong global standards on data protection, privacy and artificial intelligence",uncertain,False,global standards,strong global standards,en
E00468,verbatim_en_2026_LCA:5,2026_LCA,2026,LCA,Latin American and Caribbean States,data/analysis_ready_en/2026/2026_LCA.json,2090abd5a5fa4160a79782ec3783668159e716c0a67585845a29c4eda2648f5d,data/unga_general_debate_verbatim_en/automatic_transcripts_unofficial/UNGA2026_day4_EN_ASR.json,"{""char_end"": 11094, ""char_start"": 8827, ""end"": 16905.47, ""extracted_block"": 1, ""json_pointer"": ""/transcript/data/23/paragraphs/0"", ""origin_file"": ""data/unga_general_debate_verbatim_en/automatic_transcripts_unofficial/UNGA2026_day4_EN_ASR.json"", ""origin_sha256"": ""1c43e6b9024f9c46d1e134590e19b4bfa3567b0a9cac7c5f0a29794d0b9dd1a6"", ""paragraph"": 1, ""start"": 15908.01, ""statement_start"": 15908.01}",It can also create a new hierarchy in which a small number of corporations and powerful states control the systems,reviewed,False,new hierarchy,new hierarchy,en
E00468,verbatim_en_2026_LCA:5,2026_LCA,2026,LCA,Latin American and Caribbean States,data/analysis_ready_en/2026/2026_LCA.json,2090abd5a5fa4160a79782ec3783668159e716c0a67585845a29c4eda2648f5d,data/unga_general_debate_verbatim_en/automatic_transcripts_unofficial/UNGA2026_day4_EN_ASR.json,"{""char_end"": 11094, ""char_start"": 8827, ""end"": 16905.47, ""extracted_block"": 1, ""json_pointer"": ""/transcript/data/23/paragraphs/0"", ""origin_file"": ""data/unga_general_debate_verbatim_en/automatic_transcripts_unofficial/UNGA2026_day4_EN_ASR.json"", ""origin_sha256"": ""1c43e6b9024f9c46d1e134590e19b4bfa3567b0a9cac7c5f0a29794d0b9dd1a6"", ""paragraph"": 1, ""start"": 15908.01, ""statement_start"": 15908.01}",Fair technology transfer.,uncertain,False,technology transfer,Fair technology transfer,en
E00469,verbatim_en_2026_LIE:1,2026_LIE,2026,LIE,Western European and other States,data/analysis_ready_en/2026/2026_LIE.json,140b84408d9f171bbb287a4eedee07880b0f12903d4883eb306d2c8d1d93c848,data/unga_general_debate_verbatim_en/automatic_transcripts_unofficial/UNGA2026_day4_EN_ASR.json,"{""char_end"": 2087, ""char_start"": 0, ""end"": 26918.87, ""extracted_block"": 1, ""json_pointer"": ""/transcript/data/37/paragraphs/0"", ""origin_file"": ""data/unga_general_debate_verbatim_en/automatic_transcripts_unofficial/UNGA2026_day4_EN_ASR.json"", ""origin_sha256"": ""1c43e6b9024f9c46d1e134590e19b4bfa3567b0a9cac7c5f0a29794d0b9dd1a6"", ""paragraph"": 1, ""start"": 25939.03, ""statement_start"": 25939.03}",the regulation of artificial intelligence,uncertain,False,ai regulation,regulation of artificial intelligence,en
E00469,verbatim_en_2026_LIE:1,2026_LIE,2026,LIE,Western European and other States,data/analysis_ready_en/2026/2026_LIE.json,140b84408d9f171bbb287a4eedee07880b0f12903d4883eb306d2c8d1d93c848,data/unga_general_debate_verbatim_en/automatic_transcripts_unofficial/UNGA2026_day4_EN_ASR.json,"{""char_end"": 2087, ""char_start"": 0, ""end"": 26918.87, ""extracted_block"": 1, ""json_pointer"": ""/transcript/data/37/paragraphs/0"", ""origin_file"": ""data/unga_general_debate_verbatim_en/automatic_transcripts_unofficial/UNGA2026_day4_EN_ASR.json"", ""origin_sha256"": ""1c43e6b9024f9c46d1e134590e19b4bfa3567b0a9cac7c5f0a29794d0b9dd1a6"", ""paragraph"": 1, ""start"": 25939.03, ""statement_start"": 25939.03}","both the traditional and new challenges, such as the regulation of artificial intelligence",uncertain,False,regulation of artificial intelligence,regulation of artificial intelligence,en
E00470,verbatim_en_2026_LIE:6,2026_LIE,2026,LIE,Western European and other States,data/analysis_ready_en/2026/2026_LIE.json,140b84408d9f171bbb287a4eedee07880b0f12903d4883eb306d2c8d1d93c848,data/unga_general_debate_verbatim_en/automatic_transcripts_unofficial/UNGA2026_day4_EN_ASR.json,"{""char_end"": 12218, ""char_start"": 10235, ""end"": 26918.87, ""extracted_block"": 1, ""json_pointer"": ""/transcript/data/37/paragraphs/0"", ""origin_file"": ""data/unga_general_debate_verbatim_en/automatic_transcripts_unofficial/UNGA2026_day4_EN_ASR.json"", ""origin_sha256"": ""1c43e6b9024f9c46d1e134590e19b4bfa3567b0a9cac7c5f0a29794d0b9dd1a6"", ""paragraph"": 1, ""start"": 25939.03, ""statement_start"": 25939.03}",a secondary priority to the AI race,reviewed,False,ai race,AI race,en
E00470,verbatim_en_2026_LIE:6,2026_LIE,2026,LIE,Western European and other States,data/analysis_ready_en/2026/2026_LIE.json,140b84408d9f171bbb287a4eedee07880b0f12903d4883eb306d2c8d1d93c848,data/unga_general_debate_verbatim_en/automatic_transcripts_unofficial/UNGA2026_day4_EN_ASR.json,"{""char_end"": 12218, ""char_start"": 10235, ""end"": 26918.87, ""extracted_block"": 1, ""json_pointer"": ""/transcript/data/37/paragraphs/0"", ""origin_file"": ""data/unga_general_debate_verbatim_en/automatic_transcripts_unofficial/UNGA2026_day4_EN_ASR.json"", ""origin_sha256"": ""1c43e6b9024f9c46d1e134590e19b4bfa3567b0a9cac7c5f0a29794d0b9dd1a6"", ""paragraph"": 1, ""start"": 25939.03, ""statement_start"": 25939.03}",supports the regulation of artificial intelligence,uncertain,False,ai regulation,regulation of artificial intelligence,en
E00470,verbatim_en_2026_LIE:6,2026_LIE,2026,LIE,Western European and other States,data/analysis_ready_en/2026/2026_LIE.json,140b84408d9f171bbb287a4eedee07880b0f12903d4883eb306d2c8d1d93c848,data/unga_general_debate_verbatim_en/automatic_transcripts_unofficial/UNGA2026_day4_EN_ASR.json,"{""char_end"": 12218, ""char_start"": 10235, ""end"": 26918.87, ""extracted_block"": 1, ""json_pointer"": ""/transcript/data/37/paragraphs/0"", ""origin_file"": ""data/unga_general_debate_verbatim_en/automatic_transcripts_unofficial/UNGA2026_day4_EN_ASR.json"", ""origin_sha256"": ""1c43e6b9024f9c46d1e134590e19b4bfa3567b0a9cac7c5f0a29794d0b9dd1a6"", ""paragraph"": 1, ""start"": 25939.03, ""statement_start"": 25939.03}",armed forces increasingly integrate AI capabilities into their targeting systems in warfare,reviewed,False,ai targeting systems,AI capabilities into their targeting systems,en
E00471,verbatim_en_2026_LKA:6,2026_LKA,2026,LKA,Asia-Pacific States,data/analysis_ready_en/2026/2026_LKA.json,e1ccffd679de0f2fd11d1d5abf7c7b03a8b877c888fdcc7d9e210e9af10363a9,data/unga_general_debate_verbatim_en/automatic_transcripts_unofficial/UNGA2026_day6_EN_ASR.json,"{""char_end"": 12939, ""char_start"": 10723, ""end"": 10300.47, ""extracted_block"": 1, ""json_pointer"": ""/transcript/data/13/paragraphs/0"", ""origin_file"": ""data/unga_general_debate_verbatim_en/automatic_transcripts_unofficial/UNGA2026_day6_EN_ASR.json"", ""origin_sha256"": ""00ded7b1b2b5d8831cda241976809e06923b67ea74125c9bcb3a31cb258c3d7c"", ""paragraph"": 1, ""start"": 9043.89, ""statement_start"": 9043.89}",bridge the digital divide,reviewed,False,digital divide,digital divide,en
E00471,verbatim_en_2026_LKA:6,2026_LKA,2026,LKA,Asia-Pacific States,data/analysis_ready_en/2026/2026_LKA.json,e1ccffd679de0f2fd11d1d5abf7c7b03a8b877c888fdcc7d9e210e9af10363a9,data/unga_general_debate_verbatim_en/automatic_transcripts_unofficial/UNGA2026_day6_EN_ASR.json,"{""char_end"": 12939, ""char_start"": 10723, ""end"": 10300.47, ""extracted_block"": 1, ""json_pointer"": ""/transcript/data/13/paragraphs/0"", ""origin_file"": ""data/unga_general_debate_verbatim_en/automatic_transcripts_unofficial/UNGA2026_day6_EN_ASR.json"", ""origin_sha256"": ""00ded7b1b2b5d8831cda241976809e06923b67ea74125c9bcb3a31cb258c3d7c"", ""paragraph"": 1, ""start"": 9043.89, ""statement_start"": 9043.89}",the well-established principles of international humanitarian law,reviewed,False,international humanitarian law,international humanitarian law,en
E00471,verbatim_en_2026_LKA:6,2026_LKA,2026,LKA,Asia-Pacific States,data/analysis_ready_en/2026/2026_LKA.json,e1ccffd679de0f2fd11d1d5abf7c7b03a8b877c888fdcc7d9e210e9af10363a9,data/unga_general_debate_verbatim_en/automatic_transcripts_unofficial/UNGA2026_day6_EN_ASR.json,"{""char_end"": 12939, ""char_start"": 10723, ""end"": 10300.47, ""extracted_block"": 1, ""json_pointer"": ""/transcript/data/13/paragraphs/0"", ""origin_file"": ""data/unga_general_debate_verbatim_en/automatic_transcripts_unofficial/UNGA2026_day6_EN_ASR.json"", ""origin_sha256"": ""00ded7b1b2b5d8831cda241976809e06923b67ea74125c9bcb3a31cb258c3d7c"", ""paragraph"": 1, ""start"": 9043.89, ""statement_start"": 9043.89}",We have developed national AI ethical guidelines in line with international frameworks.,reviewed,False,national ai ethical guidelines,national AI ethical guidelines,en
E00471,verbatim_en_2026_LKA:6,2026_LKA,2026,LKA,Asia-Pacific States,data/analysis_ready_en/2026/2026_LKA.json,e1ccffd679de0f2fd11d1d5abf7c7b03a8b877c888fdcc7d9e210e9af10363a9,data/unga_general_debate_verbatim_en/automatic_transcripts_unofficial/UNGA2026_day6_EN_ASR.json,"{""char_end"": 12939, ""char_start"": 10723, ""end"": 10300.47, ""extracted_block"": 1, ""json_pointer"": ""/transcript/data/13/paragraphs/0"", ""origin_file"": ""data/unga_general_debate_verbatim_en/automatic_transcripts_unofficial/UNGA2026_day6_EN_ASR.json"", ""origin_sha256"": ""00ded7b1b2b5d8831cda241976809e06923b67ea74125c9bcb3a31cb258c3d7c"", ""paragraph"": 1, ""start"": 9043.89, ""statement_start"": 9043.89}","build safe, secure, and trustworthy systems that leave no one behind.",uncertain,False,"safe, secure and trustworthy ai","safe, secure, and trustworthy systems",en
E00471,verbatim_en_2026_LKA:6,2026_LKA,2026,LKA,Asia-Pacific States,data/analysis_ready_en/2026/2026_LKA.json,e1ccffd679de0f2fd11d1d5abf7c7b03a8b877c888fdcc7d9e210e9af10363a9,data/unga_general_debate_verbatim_en/automatic_transcripts_unofficial/UNGA2026_day6_EN_ASR.json,"{""char_end"": 12939, ""char_start"": 10723, ""end"": 10300.47, ""extracted_block"": 1, ""json_pointer"": ""/transcript/data/13/paragraphs/0"", ""origin_file"": ""data/unga_general_debate_verbatim_en/automatic_transcripts_unofficial/UNGA2026_day6_EN_ASR.json"", ""origin_sha256"": ""00ded7b1b2b5d8831cda241976809e06923b67ea74125c9bcb3a31cb258c3d7c"", ""paragraph"": 1, ""start"": 9043.89, ""statement_start"": 9043.89}",promote meaningful technology transfers,uncertain,False,technology transfer,technology transfers,en
E00472,verbatim_en_2026_LSO:3,2026_LSO,2026,LSO,African States,data/analysis_ready_en/2026/2026_LSO.json,4380569b30448971bd2248ce8c2403f06394534d34ffb5be38b12d89a2cc5207,data/unga_general_debate_verbatim_en/automatic_transcripts_unofficial/UNGA2026_day4_EN_ASR.json,"{""char_end"": 6932, ""char_start"": 4623, ""end"": 10799.51, ""extracted_block"": 1, ""json_pointer"": ""/transcript/data/15/paragraphs/0"", ""origin_file"": ""data/unga_general_debate_verbatim_en/automatic_transcripts_unofficial/UNGA2026_day4_EN_ASR.json"", ""origin_sha256"": ""1c43e6b9024f9c46d1e134590e19b4bfa3567b0a9cac7c5f0a29794d0b9dd1a6"", ""paragraph"": 1, ""start"": 10094.59, ""statement_start"": 10094.59}",Charting similar paths towards digital sovereignty,reviewed,False,digital sovereignty,digital sovereignty,en
E00472,verbatim_en_2026_LSO:3,2026_LSO,2026,LSO,African States,data/analysis_ready_en/2026/2026_LSO.json,4380569b30448971bd2248ce8c2403f06394534d34ffb5be38b12d89a2cc5207,data/unga_general_debate_verbatim_en/automatic_transcripts_unofficial/UNGA2026_day4_EN_ASR.json,"{""char_end"": 6932, ""char_start"": 4623, ""end"": 10799.51, ""extracted_block"": 1, ""json_pointer"": ""/transcript/data/15/paragraphs/0"", ""origin_file"": ""data/unga_general_debate_verbatim_en/automatic_transcripts_unofficial/UNGA2026_day4_EN_ASR.json"", ""origin_sha256"": ""1c43e6b9024f9c46d1e134590e19b4bfa3567b0a9cac7c5f0a29794d0b9dd1a6"", ""paragraph"": 1, ""start"": 10094.59, ""statement_start"": 10094.59}",the proposed Global Fund for AI capacity building,reviewed,False,global fund for ai,Global Fund for AI capacity building,en
E00472,verbatim_en_2026_LSO:3,2026_LSO,2026,LSO,African States,data/analysis_ready_en/2026/2026_LSO.json,4380569b30448971bd2248ce8c2403f06394534d34ffb5be38b12d89a2cc5207,data/unga_general_debate_verbatim_en/automatic_transcripts_unofficial/UNGA2026_day4_EN_ASR.json,"{""char_end"": 6932, ""char_start"": 4623, ""end"": 10799.51, ""extracted_block"": 1, ""json_pointer"": ""/transcript/data/15/paragraphs/0"", ""origin_file"": ""data/unga_general_debate_verbatim_en/automatic_transcripts_unofficial/UNGA2026_day4_EN_ASR.json"", ""origin_sha256"": ""1c43e6b9024f9c46d1e134590e19b4bfa3567b0a9cac7c5f0a29794d0b9dd1a6"", ""paragraph"": 1, ""start"": 10094.59, ""statement_start"": 10094.59}",pilot the UN Blueprint for National AI and Data Strategies,reviewed,False,un blueprint for national ai and data strategies,UN Blueprint for National AI and Data Strategies,en
E00473,verbatim_en_2026_LTU:3,2026_LTU,2026,LTU,Eastern European States,data/analysis_ready_en/2026/2026_LTU.json,8f5558454d9dca99570d8b88e1f9716b76ce096dfc88ee2db3129ffe430811e8,data/unga_general_debate_verbatim_en/automatic_transcripts_unofficial/UNGA2026_day1_EN_ASR.json,"{""char_end"": 6748, ""char_start"": 4360, ""end"": 15690.63, ""extracted_block"": 1, ""json_pointer"": ""/transcript/data/20/paragraphs/0"", ""origin_file"": ""data/unga_general_debate_verbatim_en/automatic_transcripts_unofficial/UNGA2026_day1_EN_ASR.json"", ""origin_sha256"": ""c2ea4447e91a784516298f9c67597d8555c865e03b57840edc1644a8b924df75"", ""paragraph"": 1, ""start"": 14856.87, ""statement_start"": 14856.87}","Disinformation, foreign information manipulation and interference, and the falsification of history erode trust",uncertain,False,foreign information manipulation and interference,foreign information manipulation and interference,en
E00473,verbatim_en_2026_LTU:3,2026_LTU,2026,LTU,Eastern European States,data/analysis_ready_en/2026/2026_LTU.json,8f5558454d9dca99570d8b88e1f9716b76ce096dfc88ee2db3129ffe430811e8,data/unga_general_debate_verbatim_en/automatic_transcripts_unofficial/UNGA2026_day1_EN_ASR.json,"{""char_end"": 6748, ""char_start"": 4360, ""end"": 15690.63, ""extracted_block"": 1, ""json_pointer"": ""/transcript/data/20/paragraphs/0"", ""origin_file"": ""data/unga_general_debate_verbatim_en/automatic_transcripts_unofficial/UNGA2026_day1_EN_ASR.json"", ""origin_sha256"": ""c2ea4447e91a784516298f9c67597d8555c865e03b57840edc1644a8b924df75"", ""paragraph"": 1, ""start"": 14856.87, ""statement_start"": 14856.87}",we hope to contribute significantly to the United Nations global dialogue on AI governance.,uncertain,False,global dialogue on ai governance,global dialogue on AI governance,en
E00473,verbatim_en_2026_LTU:3,2026_LTU,2026,LTU,Eastern European States,data/analysis_ready_en/2026/2026_LTU.json,8f5558454d9dca99570d8b88e1f9716b76ce096dfc88ee2db3129ffe430811e8,data/unga_general_debate_verbatim_en/automatic_transcripts_unofficial/UNGA2026_day1_EN_ASR.json,"{""char_end"": 6748, ""char_start"": 4360, ""end"": 15690.63, ""extracted_block"": 1, ""json_pointer"": ""/transcript/data/20/paragraphs/0"", ""origin_file"": ""data/unga_general_debate_verbatim_en/automatic_transcripts_unofficial/UNGA2026_day1_EN_ASR.json"", ""origin_sha256"": ""c2ea4447e91a784516298f9c67597d8555c865e03b57840edc1644a8b924df75"", ""paragraph"": 1, ""start"": 14856.87, ""statement_start"": 14856.87}",attacks on information integrity pose an especially troubling challenge to every society.,uncertain,False,information integrity,information integrity,en
E00473,verbatim_en_2026_LTU:3,2026_LTU,2026,LTU,Eastern European States,data/analysis_ready_en/2026/2026_LTU.json,8f5558454d9dca99570d8b88e1f9716b76ce096dfc88ee2db3129ffe430811e8,data/unga_general_debate_verbatim_en/automatic_transcripts_unofficial/UNGA2026_day1_EN_ASR.json,"{""char_end"": 6748, ""char_start"": 4360, ""end"": 15690.63, ""extracted_block"": 1, ""json_pointer"": ""/transcript/data/20/paragraphs/0"", ""origin_file"": ""data/unga_general_debate_verbatim_en/automatic_transcripts_unofficial/UNGA2026_day1_EN_ASR.json"", ""origin_sha256"": ""c2ea4447e91a784516298f9c67597d8555c865e03b57840edc1644a8b924df75"", ""paragraph"": 1, ""start"": 14856.87, ""statement_start"": 14856.87}","We are therefore investing in trusted AI capabilities, promoting responsible AI deployment",reviewed,False,trusted ai,trusted AI capabilities,en
E00473,verbatim_en_2026_LTU:3,2026_LTU,2026,LTU,Eastern European States,data/analysis_ready_en/2026/2026_LTU.json,8f5558454d9dca99570d8b88e1f9716b76ce096dfc88ee2db3129ffe430811e8,data/unga_general_debate_verbatim_en/automatic_transcripts_unofficial/UNGA2026_day1_EN_ASR.json,"{""char_end"": 6748, ""char_start"": 4360, ""end"": 15690.63, ""extracted_block"": 1, ""json_pointer"": ""/transcript/data/20/paragraphs/0"", ""origin_file"": ""data/unga_general_debate_verbatim_en/automatic_transcripts_unofficial/UNGA2026_day1_EN_ASR.json"", ""origin_sha256"": ""c2ea4447e91a784516298f9c67597d8555c865e03b57840edc1644a8b924df75"", ""paragraph"": 1, ""start"": 14856.87, ""statement_start"": 14856.87}","advancing the Vilnius Convention, the world's first legally binding international treaty on artificial intelligence.",reviewed,False,vilnius convention,Vilnius Convention,en
E00474,verbatim_en_2026_LTU:4,2026_LTU,2026,LTU,Eastern European States,data/analysis_ready_en/2026/2026_LTU.json,8f5558454d9dca99570d8b88e1f9716b76ce096dfc88ee2db3129ffe430811e8,data/unga_general_debate_verbatim_en/automatic_transcripts_unofficial/UNGA2026_day1_EN_ASR.json,"{""char_end"": 8861, ""char_start"": 6749, ""end"": 15690.63, ""extracted_block"": 1, ""json_pointer"": ""/transcript/data/20/paragraphs/0"", ""origin_file"": ""data/unga_general_debate_verbatim_en/automatic_transcripts_unofficial/UNGA2026_day1_EN_ASR.json"", ""origin_sha256"": ""c2ea4447e91a784516298f9c67597d8555c865e03b57840edc1644a8b924df75"", ""paragraph"": 1, ""start"": 14856.87, ""statement_start"": 14856.87}",With even major technology companies sending warning signals that control of AI might slip out of humanity's hands,uncertain,False,control of ai,control of AI might slip out of humanity's hands,en
E00474,verbatim_en_2026_LTU:4,2026_LTU,2026,LTU,Eastern European States,data/analysis_ready_en/2026/2026_LTU.json,8f5558454d9dca99570d8b88e1f9716b76ce096dfc88ee2db3129ffe430811e8,data/unga_general_debate_verbatim_en/automatic_transcripts_unofficial/UNGA2026_day1_EN_ASR.json,"{""char_end"": 8861, ""char_start"": 6749, ""end"": 15690.63, ""extracted_block"": 1, ""json_pointer"": ""/transcript/data/20/paragraphs/0"", ""origin_file"": ""data/unga_general_debate_verbatim_en/automatic_transcripts_unofficial/UNGA2026_day1_EN_ASR.json"", ""origin_sha256"": ""c2ea4447e91a784516298f9c67597d8555c865e03b57840edc1644a8b924df75"", ""paragraph"": 1, ""start"": 14856.87, ""statement_start"": 14856.87}","At any cost, human accountability, international law, and the peace and security must be safeguarded.",reviewed,False,human accountability,human accountability,en
E00475,verbatim_en_2026_LUX:3,2026_LUX,2026,LUX,Western European and other States,data/analysis_ready_en/2026/2026_LUX.json,d696a19497b9b84fc17a7cf2f42ae2f70db399c3b62d00d07542bbdcafc07a1c,data/unga_general_debate_verbatim_en/automatic_transcripts_unofficial/UNGA2026_day1_EN_ASR.json,"{""char_end"": 2040, ""char_start"": 0, ""end"": 19941.95, ""extracted_block"": 2, ""json_pointer"": ""/transcript/data/28/paragraphs/1"", ""origin_file"": ""data/unga_general_debate_verbatim_en/automatic_transcripts_unofficial/UNGA2026_day1_EN_ASR.json"", ""origin_sha256"": ""c2ea4447e91a784516298f9c67597d8555c865e03b57840edc1644a8b924df75"", ""paragraph"": 2, ""start"": 19532.95, ""statement_start"": 19176.11}",develop their critical thinking skills and their creativity,uncertain,False,critical thinking,critical thinking skills,en
E00475,verbatim_en_2026_LUX:3,2026_LUX,2026,LUX,Western European and other States,data/analysis_ready_en/2026/2026_LUX.json,d696a19497b9b84fc17a7cf2f42ae2f70db399c3b62d00d07542bbdcafc07a1c,data/unga_general_debate_verbatim_en/automatic_transcripts_unofficial/UNGA2026_day1_EN_ASR.json,"{""char_end"": 2040, ""char_start"": 0, ""end"": 19941.95, ""extracted_block"": 2, ""json_pointer"": ""/transcript/data/28/paragraphs/1"", ""origin_file"": ""data/unga_general_debate_verbatim_en/automatic_transcripts_unofficial/UNGA2026_day1_EN_ASR.json"", ""origin_sha256"": ""c2ea4447e91a784516298f9c67597d8555c865e03b57840edc1644a8b924df75"", ""paragraph"": 2, ""start"": 19532.95, ""statement_start"": 19176.11}",The current debates about the most extreme risks of AI,uncertain,False,extreme risks of ai,most extreme risks of AI,en
E00475,verbatim_en_2026_LUX:3,2026_LUX,2026,LUX,Western European and other States,data/analysis_ready_en/2026/2026_LUX.json,d696a19497b9b84fc17a7cf2f42ae2f70db399c3b62d00d07542bbdcafc07a1c,data/unga_general_debate_verbatim_en/automatic_transcripts_unofficial/UNGA2026_day1_EN_ASR.json,"{""char_end"": 2040, ""char_start"": 0, ""end"": 19941.95, ""extracted_block"": 2, ""json_pointer"": ""/transcript/data/28/paragraphs/1"", ""origin_file"": ""data/unga_general_debate_verbatim_en/automatic_transcripts_unofficial/UNGA2026_day1_EN_ASR.json"", ""origin_sha256"": ""c2ea4447e91a784516298f9c67597d8555c865e03b57840edc1644a8b924df75"", ""paragraph"": 2, ""start"": 19532.95, ""statement_start"": 19176.11}",The current debates about the most extreme risks of AI,uncertain,False,most extreme risks of ai,most extreme risks of AI,en
E00476,verbatim_en_2026_LVA:1,2026_LVA,2026,LVA,Eastern European States,data/analysis_ready_en/2026/2026_LVA.json,fec3280a56f1ef48c9f2df31e57a1356a04264df896fd81d0f7289e49c301986,data/unga_general_debate_verbatim_en/automatic_transcripts_unofficial/UNGA2026_day2_EN_ASR.json,"{""char_end"": 2120, ""char_start"": 0, ""end"": 2445.55, ""extracted_block"": 1, ""json_pointer"": ""/transcript/data/3/paragraphs/0"", ""origin_file"": ""data/unga_general_debate_verbatim_en/automatic_transcripts_unofficial/UNGA2026_day2_EN_ASR.json"", ""origin_sha256"": ""1d48a568967de80ba6f0e040bcda57d9df79e12a3e50907b327f1fa68aa29a92"", ""paragraph"": 1, ""start"": 1594.31, ""statement_start"": 1594.31}","But in the wrong hands, it can also become a powerful tool",uncertain,False,wrong hands,in the wrong hands,en
E00477,verbatim_en_2026_MCO:5,2026_MCO,2026,MCO,Western European and other States,data/analysis_ready_en/2026/2026_MCO.json,2f8ffee1ec4224afe0b4bf46919de63e62bb16344e25b0da10769baec7bd2a2d,data/unga_general_debate_verbatim_en/automatic_transcripts_unofficial/UNGA2026_day4_EN_ASR.json,"{""char_end"": 10624, ""char_start"": 8442, ""end"": 7195.71, ""extracted_block"": 1, ""json_pointer"": ""/transcript/data/9/paragraphs/0"", ""origin_file"": ""data/unga_general_debate_verbatim_en/automatic_transcripts_unofficial/UNGA2026_day4_EN_ASR.json"", ""origin_sha256"": ""1c43e6b9024f9c46d1e134590e19b4bfa3567b0a9cac7c5f0a29794d0b9dd1a6"", ""paragraph"": 1, ""start"": 6249.63, ""statement_start"": 6249.63}","The Global Dialogue on AI Governance, which was held this year in Geneva, confirmed this.",reviewed,False,global dialogue on ai governance,Global Dialogue on AI Governance,en
E00477,verbatim_en_2026_MCO:5,2026_MCO,2026,MCO,Western European and other States,data/analysis_ready_en/2026/2026_MCO.json,2f8ffee1ec4224afe0b4bf46919de63e62bb16344e25b0da10769baec7bd2a2d,data/unga_general_debate_verbatim_en/automatic_transcripts_unofficial/UNGA2026_day4_EN_ASR.json,"{""char_end"": 10624, ""char_start"": 8442, ""end"": 7195.71, ""extracted_block"": 1, ""json_pointer"": ""/transcript/data/9/paragraphs/0"", ""origin_file"": ""data/unga_general_debate_verbatim_en/automatic_transcripts_unofficial/UNGA2026_day4_EN_ASR.json"", ""origin_sha256"": ""1c43e6b9024f9c46d1e134590e19b4bfa3567b0a9cac7c5f0a29794d0b9dd1a6"", ""paragraph"": 1, ""start"": 6249.63, ""statement_start"": 6249.63}",Monaco supports the implementation of the Global Digital Compact,reviewed,False,global digital compact,Global Digital Compact,en
E00477,verbatim_en_2026_MCO:5,2026_MCO,2026,MCO,Western European and other States,data/analysis_ready_en/2026/2026_MCO.json,2f8ffee1ec4224afe0b4bf46919de63e62bb16344e25b0da10769baec7bd2a2d,data/unga_general_debate_verbatim_en/automatic_transcripts_unofficial/UNGA2026_day4_EN_ASR.json,"{""char_end"": 10624, ""char_start"": 8442, ""end"": 7195.71, ""extracted_block"": 1, ""json_pointer"": ""/transcript/data/9/paragraphs/0"", ""origin_file"": ""data/unga_general_debate_verbatim_en/automatic_transcripts_unofficial/UNGA2026_day4_EN_ASR.json"", ""origin_sha256"": ""1c43e6b9024f9c46d1e134590e19b4bfa3567b0a9cac7c5f0a29794d0b9dd1a6"", ""paragraph"": 1, ""start"": 6249.63, ""statement_start"": 6249.63}",a new normative framework on AI.,reviewed,False,normative framework on ai,new normative framework on AI,en
E00478,verbatim_en_2026_MDA:2,2026_MDA,2026,MDA,Eastern European States,data/analysis_ready_en/2026/2026_MDA.json,08aac6ebc10097cad7552453a0ba371125dcbbefe4fb901c6905ab5ea0c508d3,data/unga_general_debate_verbatim_en/automatic_transcripts_unofficial/UNGA2026_day5_EN_ASR.json,"{""char_end"": 4229, ""char_start"": 2097, ""end"": 5738.43, ""extracted_block"": 1, ""json_pointer"": ""/transcript/data/11/paragraphs/0"", ""origin_file"": ""data/unga_general_debate_verbatim_en/automatic_transcripts_unofficial/UNGA2026_day5_EN_ASR.json"", ""origin_sha256"": ""d398da93960901552fb297f7a7361480c845b32c955d8b6e5e1d9e367d7e1eaa"", ""paragraph"": 1, ""start"": 5302.07, ""statement_start"": 5302.07}",the largest GPU clusters,reviewed,False,gpu clusters,GPU clusters,en
E00478,verbatim_en_2026_MDA:2,2026_MDA,2026,MDA,Eastern European States,data/analysis_ready_en/2026/2026_MDA.json,08aac6ebc10097cad7552453a0ba371125dcbbefe4fb901c6905ab5ea0c508d3,data/unga_general_debate_verbatim_en/automatic_transcripts_unofficial/UNGA2026_day5_EN_ASR.json,"{""char_end"": 4229, ""char_start"": 2097, ""end"": 5738.43, ""extracted_block"": 1, ""json_pointer"": ""/transcript/data/11/paragraphs/0"", ""origin_file"": ""data/unga_general_debate_verbatim_en/automatic_transcripts_unofficial/UNGA2026_day5_EN_ASR.json"", ""origin_sha256"": ""d398da93960901552fb297f7a7361480c845b32c955d8b6e5e1d9e367d7e1eaa"", ""paragraph"": 1, ""start"": 5302.07, ""statement_start"": 5302.07}","Technology is moving faster than regulation almost everywhere, and artificial intelligence is widening that gap.",uncertain,False,regulatory gap,Technology is moving faster than regulation,en
E00478,verbatim_en_2026_MDA:2,2026_MDA,2026,MDA,Eastern European States,data/analysis_ready_en/2026/2026_MDA.json,08aac6ebc10097cad7552453a0ba371125dcbbefe4fb901c6905ab5ea0c508d3,data/unga_general_debate_verbatim_en/automatic_transcripts_unofficial/UNGA2026_day5_EN_ASR.json,"{""char_end"": 4229, ""char_start"": 2097, ""end"": 5738.43, ""extracted_block"": 1, ""json_pointer"": ""/transcript/data/11/paragraphs/0"", ""origin_file"": ""data/unga_general_debate_verbatim_en/automatic_transcripts_unofficial/UNGA2026_day5_EN_ASR.json"", ""origin_sha256"": ""d398da93960901552fb297f7a7361480c845b32c955d8b6e5e1d9e367d7e1eaa"", ""paragraph"": 1, ""start"": 5302.07, ""statement_start"": 5302.07}",tested responsibly through regulatory sandboxes,reviewed,False,regulatory sandboxes,regulatory sandboxes,en
E00479,verbatim_en_2026_MDV:4,2026_MDV,2026,MDV,Asia-Pacific States,data/analysis_ready_en/2026/2026_MDV.json,f88ec8816d3d01a80626142dcc9d0f9b7e476c97c875f62c81df936dd58f2fe0,data/unga_general_debate_verbatim_en/automatic_transcripts_unofficial/UNGA2026_day4_EN_ASR.json,"{""char_end"": 8704, ""char_start"": 6504, ""end"": 3599.47, ""extracted_block"": 1, ""json_pointer"": ""/transcript/data/3/paragraphs/0"", ""origin_file"": ""data/unga_general_debate_verbatim_en/automatic_transcripts_unofficial/UNGA2026_day4_EN_ASR.json"", ""origin_sha256"": ""1c43e6b9024f9c46d1e134590e19b4bfa3567b0a9cac7c5f0a29794d0b9dd1a6"", ""paragraph"": 1, ""start"": 2569.03, ""statement_start"": 2569.03}",Every country must have a voice in shaping the global rules for AI.,reviewed,False,global rules for ai,global rules for AI,en
E00479,verbatim_en_2026_MDV:4,2026_MDV,2026,MDV,Asia-Pacific States,data/analysis_ready_en/2026/2026_MDV.json,f88ec8816d3d01a80626142dcc9d0f9b7e476c97c875f62c81df936dd58f2fe0,data/unga_general_debate_verbatim_en/automatic_transcripts_unofficial/UNGA2026_day4_EN_ASR.json,"{""char_end"": 8704, ""char_start"": 6504, ""end"": 3599.47, ""extracted_block"": 1, ""json_pointer"": ""/transcript/data/3/paragraphs/0"", ""origin_file"": ""data/unga_general_debate_verbatim_en/automatic_transcripts_unofficial/UNGA2026_day4_EN_ASR.json"", ""origin_sha256"": ""1c43e6b9024f9c46d1e134590e19b4bfa3567b0a9cac7c5f0a29794d0b9dd1a6"", ""paragraph"": 1, ""start"": 2569.03, ""statement_start"": 2569.03}","The digital future should strengthen our ability to serve our people better, not create new forms of dependence.",reviewed,False,technological dependence,new forms of dependence,en
E00481,verbatim_en_2026_MKD:7,2026_MKD,2026,MKD,Eastern European States,data/analysis_ready_en/2026/2026_MKD.json,6603d36bbea2b0d4e15fda201c31fc8b49b3df0d1fcb464cbbfb32b408a10546,data/unga_general_debate_verbatim_en/automatic_transcripts_unofficial/UNGA2026_day4_EN_ASR.json,"{""char_end"": 14393, ""char_start"": 12427, ""end"": 14105.67, ""extracted_block"": 1, ""json_pointer"": ""/transcript/data/19/paragraphs/0"", ""origin_file"": ""data/unga_general_debate_verbatim_en/automatic_transcripts_unofficial/UNGA2026_day4_EN_ASR.json"", ""origin_sha256"": ""1c43e6b9024f9c46d1e134590e19b4bfa3567b0a9cac7c5f0a29794d0b9dd1a6"", ""paragraph"": 1, ""start"": 12576.12, ""statement_start"": 12576.12}","It is infrastructure for today, for the present.",uncertain,False,ai as infrastructure,infrastructure for today,en
E00481,verbatim_en_2026_MKD:7,2026_MKD,2026,MKD,Eastern European States,data/analysis_ready_en/2026/2026_MKD.json,6603d36bbea2b0d4e15fda201c31fc8b49b3df0d1fcb464cbbfb32b408a10546,data/unga_general_debate_verbatim_en/automatic_transcripts_unofficial/UNGA2026_day4_EN_ASR.json,"{""char_end"": 14393, ""char_start"": 12427, ""end"": 14105.67, ""extracted_block"": 1, ""json_pointer"": ""/transcript/data/19/paragraphs/0"", ""origin_file"": ""data/unga_general_debate_verbatim_en/automatic_transcripts_unofficial/UNGA2026_day4_EN_ASR.json"", ""origin_sha256"": ""1c43e6b9024f9c46d1e134590e19b4bfa3567b0a9cac7c5f0a29794d0b9dd1a6"", ""paragraph"": 1, ""start"": 12576.12, ""statement_start"": 12576.12}","in energy grids, in data centers",uncertain,False,data centers,data centers,en
E00482,verbatim_en_2026_MLI:7,2026_MLI,2026,MLI,African States,data/analysis_ready_en/2026/2026_MLI.json,6206c51d7418e12ff5ca0ea5e1127ac0ac81be13aa93317f4563f23474653319,data/unga_general_debate_verbatim_en/automatic_transcripts_unofficial/UNGA2026_day6_EN_ASR.json,"{""char_end"": 15423, ""char_start"": 13112, ""end"": 2448.47, ""extracted_block"": 1, ""json_pointer"": ""/transcript/data/1/paragraphs/0"", ""origin_file"": ""data/unga_general_debate_verbatim_en/automatic_transcripts_unofficial/UNGA2026_day6_EN_ASR.json"", ""origin_sha256"": ""00ded7b1b2b5d8831cda241976809e06923b67ea74125c9bcb3a31cb258c3d7c"", ""paragraph"": 1, ""start"": 987.87, ""statement_start"": 987.87}",digital and technological sovereignty has become an essential dimension of national sovereignty.,uncertain,False,digital sovereignty,digital and technological sovereignty,en
E00482,verbatim_en_2026_MLI:7,2026_MLI,2026,MLI,African States,data/analysis_ready_en/2026/2026_MLI.json,6206c51d7418e12ff5ca0ea5e1127ac0ac81be13aa93317f4563f23474653319,data/unga_general_debate_verbatim_en/automatic_transcripts_unofficial/UNGA2026_day6_EN_ASR.json,"{""char_end"": 15423, ""char_start"": 13112, ""end"": 2448.47, ""extracted_block"": 1, ""json_pointer"": ""/transcript/data/1/paragraphs/0"", ""origin_file"": ""data/unga_general_debate_verbatim_en/automatic_transcripts_unofficial/UNGA2026_day6_EN_ASR.json"", ""origin_sha256"": ""00ded7b1b2b5d8831cda241976809e06923b67ea74125c9bcb3a31cb258c3d7c"", ""paragraph"": 1, ""start"": 987.87, ""statement_start"": 987.87}",including generative artificial intelligence,reviewed,False,generative ai,generative artificial intelligence,en
E00482,verbatim_en_2026_MLI:7,2026_MLI,2026,MLI,African States,data/analysis_ready_en/2026/2026_MLI.json,6206c51d7418e12ff5ca0ea5e1127ac0ac81be13aa93317f4563f23474653319,data/unga_general_debate_verbatim_en/automatic_transcripts_unofficial/UNGA2026_day6_EN_ASR.json,"{""char_end"": 15423, ""char_start"": 13112, ""end"": 2448.47, ""extracted_block"": 1, ""json_pointer"": ""/transcript/data/1/paragraphs/0"", ""origin_file"": ""data/unga_general_debate_verbatim_en/automatic_transcripts_unofficial/UNGA2026_day6_EN_ASR.json"", ""origin_sha256"": ""00ded7b1b2b5d8831cda241976809e06923b67ea74125c9bcb3a31cb258c3d7c"", ""paragraph"": 1, ""start"": 987.87, ""statement_start"": 987.87}",Mali's Center for Artificial Intelligence Robotics,uncertain,False,national ai centre,Center for Artificial Intelligence Robotics,en
E00482,verbatim_en_2026_MLI:7,2026_MLI,2026,MLI,African States,data/analysis_ready_en/2026/2026_MLI.json,6206c51d7418e12ff5ca0ea5e1127ac0ac81be13aa93317f4563f23474653319,data/unga_general_debate_verbatim_en/automatic_transcripts_unofficial/UNGA2026_day6_EN_ASR.json,"{""char_end"": 15423, ""char_start"": 13112, ""end"": 2448.47, ""extracted_block"": 1, ""json_pointer"": ""/transcript/data/1/paragraphs/0"", ""origin_file"": ""data/unga_general_debate_verbatim_en/automatic_transcripts_unofficial/UNGA2026_day6_EN_ASR.json"", ""origin_sha256"": ""00ded7b1b2b5d8831cda241976809e06923b67ea74125c9bcb3a31cb258c3d7c"", ""paragraph"": 1, ""start"": 987.87, ""statement_start"": 987.87}",digital and technological sovereignty has become an essential dimension of national sovereignty,uncertain,False,technological sovereignty,digital and technological sovereignty,en
E00483,verbatim_en_2026_MLT:5,2026_MLT,2026,MLT,Western European and other States,data/analysis_ready_en/2026/2026_MLT.json,74fe31b4b2743154d6cffea930f71a95ae77ca65d5568a720a3d82cacd4592d9,data/unga_general_debate_verbatim_en/automatic_transcripts_unofficial/UNGA2026_day4_EN_ASR.json,"{""char_end"": 9732, ""char_start"": 7815, ""end"": 10034.87, ""extracted_block"": 1, ""json_pointer"": ""/transcript/data/13/paragraphs/0"", ""origin_file"": ""data/unga_general_debate_verbatim_en/automatic_transcripts_unofficial/UNGA2026_day4_EN_ASR.json"", ""origin_sha256"": ""1c43e6b9024f9c46d1e134590e19b4bfa3567b0a9cac7c5f0a29794d0b9dd1a6"", ""paragraph"": 1, ""start"": 8415.91, ""statement_start"": 8415.91}",how we can manage to trust the technology and the organizations behind it,uncertain,False,trust in technology,trust the technology,en
E00484,verbatim_en_2026_MLT:6,2026_MLT,2026,MLT,Western European and other States,data/analysis_ready_en/2026/2026_MLT.json,74fe31b4b2743154d6cffea930f71a95ae77ca65d5568a720a3d82cacd4592d9,data/unga_general_debate_verbatim_en/automatic_transcripts_unofficial/UNGA2026_day4_EN_ASR.json,"{""char_end"": 11689, ""char_start"": 9733, ""end"": 10034.87, ""extracted_block"": 1, ""json_pointer"": ""/transcript/data/13/paragraphs/0"", ""origin_file"": ""data/unga_general_debate_verbatim_en/automatic_transcripts_unofficial/UNGA2026_day4_EN_ASR.json"", ""origin_sha256"": ""1c43e6b9024f9c46d1e134590e19b4bfa3567b0a9cac7c5f0a29794d0b9dd1a6"", ""paragraph"": 1, ""start"": 8415.91, ""statement_start"": 8415.91}",wholeheartedly supports the implementation of the Global Digital Compact,reviewed,False,global digital compact,Global Digital Compact,en
E00487,verbatim_en_2026_MNE:7,2026_MNE,2026,MNE,Eastern European States,data/analysis_ready_en/2026/2026_MNE.json,5a9e840a7e6f1275303f9b9b5e877464298f4ecf931f56b2f1bd537660c06207,data/unga_general_debate_verbatim_en/automatic_transcripts_unofficial/UNGA2026_day2_EN_ASR.json,"{""char_end"": 15037, ""char_start"": 12961, ""end"": 37459.07, ""extracted_block"": 1, ""json_pointer"": ""/transcript/data/60/paragraphs/0"", ""origin_file"": ""data/unga_general_debate_verbatim_en/automatic_transcripts_unofficial/UNGA2026_day2_EN_ASR.json"", ""origin_sha256"": ""1d48a568967de80ba6f0e040bcda57d9df79e12a3e50907b327f1fa68aa29a92"", ""paragraph"": 1, ""start"": 36081.79, ""statement_start"": 36081.79}",technological transformation remains human-centered and rights-based.,reviewed,False,human-centred ai,human-centered and rights-based,en
E00488,verbatim_en_2026_MOZ:7,2026_MOZ,2026,MOZ,African States,data/analysis_ready_en/2026/2026_MOZ.json,d86aa96266a1a8e81272124cc9643d182e98184af05152e1596a8f10418245c1,data/unga_general_debate_verbatim_en/automatic_transcripts_unofficial/UNGA2026_day2_EN_ASR.json,"{""char_end"": 2258, ""char_start"": 0, ""end"": 32761.71, ""extracted_block"": 2, ""json_pointer"": ""/transcript/data/52/paragraphs/1"", ""origin_file"": ""data/unga_general_debate_verbatim_en/automatic_transcripts_unofficial/UNGA2026_day2_EN_ASR.json"", ""origin_sha256"": ""1d48a568967de80ba6f0e040bcda57d9df79e12a3e50907b327f1fa68aa29a92"", ""paragraph"": 2, ""start"": 32402.35, ""statement_start"": 31283.23}","We need to have investment in connectivity, computing capacity, scientific research",reviewed,False,computing capacity,computing capacity,en
E00488,verbatim_en_2026_MOZ:7,2026_MOZ,2026,MOZ,African States,data/analysis_ready_en/2026/2026_MOZ.json,d86aa96266a1a8e81272124cc9643d182e98184af05152e1596a8f10418245c1,data/unga_general_debate_verbatim_en/automatic_transcripts_unofficial/UNGA2026_day2_EN_ASR.json,"{""char_end"": 2258, ""char_start"": 0, ""end"": 32761.71, ""extracted_block"": 2, ""json_pointer"": ""/transcript/data/52/paragraphs/1"", ""origin_file"": ""data/unga_general_debate_verbatim_en/automatic_transcripts_unofficial/UNGA2026_day2_EN_ASR.json"", ""origin_sha256"": ""1d48a568967de80ba6f0e040bcda57d9df79e12a3e50907b327f1fa68aa29a92"", ""paragraph"": 2, ""start"": 32402.35, ""statement_start"": 31283.23}",Africa must not limit itself to supplying the minerals that fuels the world innovation hubs.,uncertain,False,critical minerals,minerals,en
E00488,verbatim_en_2026_MOZ:7,2026_MOZ,2026,MOZ,African States,data/analysis_ready_en/2026/2026_MOZ.json,d86aa96266a1a8e81272124cc9643d182e98184af05152e1596a8f10418245c1,data/unga_general_debate_verbatim_en/automatic_transcripts_unofficial/UNGA2026_day2_EN_ASR.json,"{""char_end"": 2258, ""char_start"": 0, ""end"": 32761.71, ""extracted_block"": 2, ""json_pointer"": ""/transcript/data/52/paragraphs/1"", ""origin_file"": ""data/unga_general_debate_verbatim_en/automatic_transcripts_unofficial/UNGA2026_day2_EN_ASR.json"", ""origin_sha256"": ""1d48a568967de80ba6f0e040bcda57d9df79e12a3e50907b327f1fa68aa29a92"", ""paragraph"": 2, ""start"": 32402.35, ""statement_start"": 31283.23}","training of young people in Africa, technology transfer, governance, ethics for AI",reviewed,False,technology transfer,technology transfer,en
E00489,verbatim_en_2026_MUS:3,2026_MUS,2026,MUS,African States,data/analysis_ready_en/2026/2026_MUS.json,4bedd0e2a8043d745f4d3794cb6d81de77eb71255dd3a96ab380e11625a17afb,data/unga_general_debate_verbatim_en/automatic_transcripts_unofficial/UNGA2026_day4_EN_ASR.json,"{""char_end"": 6353, ""char_start"": 3983, ""end"": 40789.91, ""extracted_block"": 1, ""json_pointer"": ""/transcript/data/62/paragraphs/0"", ""origin_file"": ""data/unga_general_debate_verbatim_en/automatic_transcripts_unofficial/UNGA2026_day4_EN_ASR.json"", ""origin_sha256"": ""1c43e6b9024f9c46d1e134590e19b4bfa3567b0a9cac7c5f0a29794d0b9dd1a6"", ""paragraph"": 1, ""start"": 39930.32, ""statement_start"": 39930.32}",the General Assembly resolution establishing the global dialogue on AI governance,reviewed,False,global dialogue on ai governance,global dialogue on AI governance,en
E00489,verbatim_en_2026_MUS:3,2026_MUS,2026,MUS,African States,data/analysis_ready_en/2026/2026_MUS.json,4bedd0e2a8043d745f4d3794cb6d81de77eb71255dd3a96ab380e11625a17afb,data/unga_general_debate_verbatim_en/automatic_transcripts_unofficial/UNGA2026_day4_EN_ASR.json,"{""char_end"": 6353, ""char_start"": 3983, ""end"": 40789.91, ""extracted_block"": 1, ""json_pointer"": ""/transcript/data/62/paragraphs/0"", ""origin_file"": ""data/unga_general_debate_verbatim_en/automatic_transcripts_unofficial/UNGA2026_day4_EN_ASR.json"", ""origin_sha256"": ""1c43e6b9024f9c46d1e134590e19b4bfa3567b0a9cac7c5f0a29794d0b9dd1a6"", ""paragraph"": 1, ""start"": 39930.32, ""statement_start"": 39930.32}",welcome the work being done by the independent international scientific panel on AI,reviewed,False,independent international scientific panel on ai,independent international scientific panel on AI,en
E00490,verbatim_en_2026_MUS:4,2026_MUS,2026,MUS,African States,data/analysis_ready_en/2026/2026_MUS.json,4bedd0e2a8043d745f4d3794cb6d81de77eb71255dd3a96ab380e11625a17afb,data/unga_general_debate_verbatim_en/automatic_transcripts_unofficial/UNGA2026_day4_EN_ASR.json,"{""char_end"": 8610, ""char_start"": 6354, ""end"": 40789.91, ""extracted_block"": 1, ""json_pointer"": ""/transcript/data/62/paragraphs/0"", ""origin_file"": ""data/unga_general_debate_verbatim_en/automatic_transcripts_unofficial/UNGA2026_day4_EN_ASR.json"", ""origin_sha256"": ""1c43e6b9024f9c46d1e134590e19b4bfa3567b0a9cac7c5f0a29794d0b9dd1a6"", ""paragraph"": 1, ""start"": 39930.32, ""statement_start"": 39930.32}",a national artificial intelligence strategy and a national fintech strategy,reviewed,False,national ai strategy,national artificial intelligence strategy,en
E00491,verbatim_en_2026_MWI:5,2026_MWI,2026,MWI,African States,data/analysis_ready_en/2026/2026_MWI.json,7e5eb73a0cce6aa7f15c56486e606ec72b49799acc583e8d2394c2b392db32b2,data/unga_general_debate_verbatim_en/automatic_transcripts_unofficial/UNGA2026_day6_EN_ASR.json,"{""char_end"": 12399, ""char_start"": 9837, ""end"": 9005.95, ""extracted_block"": 1, ""json_pointer"": ""/transcript/data/11/paragraphs/0"", ""origin_file"": ""data/unga_general_debate_verbatim_en/automatic_transcripts_unofficial/UNGA2026_day6_EN_ASR.json"", ""origin_sha256"": ""00ded7b1b2b5d8831cda241976809e06923b67ea74125c9bcb3a31cb258c3d7c"", ""paragraph"": 1, ""start"": 7828.74, ""statement_start"": 7828.74}",technological advancements must remain human-centered.,uncertain,False,human-centered ai,human-centered,en
E00491,verbatim_en_2026_MWI:5,2026_MWI,2026,MWI,African States,data/analysis_ready_en/2026/2026_MWI.json,7e5eb73a0cce6aa7f15c56486e606ec72b49799acc583e8d2394c2b392db32b2,data/unga_general_debate_verbatim_en/automatic_transcripts_unofficial/UNGA2026_day6_EN_ASR.json,"{""char_end"": 12399, ""char_start"": 9837, ""end"": 9005.95, ""extracted_block"": 1, ""json_pointer"": ""/transcript/data/11/paragraphs/0"", ""origin_file"": ""data/unga_general_debate_verbatim_en/automatic_transcripts_unofficial/UNGA2026_day6_EN_ASR.json"", ""origin_sha256"": ""00ded7b1b2b5d8831cda241976809e06923b67ea74125c9bcb3a31cb258c3d7c"", ""paragraph"": 1, ""start"": 7828.74, ""statement_start"": 7828.74}","Malawi believes, however, that technological advancements must remain human-centered.",uncertain,False,human-centred ai,human-centered,en
E00492,verbatim_en_2026_MWI:6,2026_MWI,2026,MWI,African States,data/analysis_ready_en/2026/2026_MWI.json,7e5eb73a0cce6aa7f15c56486e606ec72b49799acc583e8d2394c2b392db32b2,data/unga_general_debate_verbatim_en/automatic_transcripts_unofficial/UNGA2026_day6_EN_ASR.json,"{""char_end"": 14518, ""char_start"": 12400, ""end"": 9005.95, ""extracted_block"": 1, ""json_pointer"": ""/transcript/data/11/paragraphs/0"", ""origin_file"": ""data/unga_general_debate_verbatim_en/automatic_transcripts_unofficial/UNGA2026_day6_EN_ASR.json"", ""origin_sha256"": ""00ded7b1b2b5d8831cda241976809e06923b67ea74125c9bcb3a31cb258c3d7c"", ""paragraph"": 1, ""start"": 7828.74, ""statement_start"": 7828.74}","unequal access to computing capacity, data, digital infrastructure, skills, and financing",uncertain,False,access to computing capacity,computing capacity,en
E00492,verbatim_en_2026_MWI:6,2026_MWI,2026,MWI,African States,data/analysis_ready_en/2026/2026_MWI.json,7e5eb73a0cce6aa7f15c56486e606ec72b49799acc583e8d2394c2b392db32b2,data/unga_general_debate_verbatim_en/automatic_transcripts_unofficial/UNGA2026_day6_EN_ASR.json,"{""char_end"": 14518, ""char_start"": 12400, ""end"": 9005.95, ""extracted_block"": 1, ""json_pointer"": ""/transcript/data/11/paragraphs/0"", ""origin_file"": ""data/unga_general_debate_verbatim_en/automatic_transcripts_unofficial/UNGA2026_day6_EN_ASR.json"", ""origin_sha256"": ""00ded7b1b2b5d8831cda241976809e06923b67ea74125c9bcb3a31cb258c3d7c"", ""paragraph"": 1, ""start"": 7828.74, ""statement_start"": 7828.74}",No country should be left behind in the emerging AI-driven global economy.,uncertain,False,ai-driven global economy,AI-driven global economy,en
E00492,verbatim_en_2026_MWI:6,2026_MWI,2026,MWI,African States,data/analysis_ready_en/2026/2026_MWI.json,7e5eb73a0cce6aa7f15c56486e606ec72b49799acc583e8d2394c2b392db32b2,data/unga_general_debate_verbatim_en/automatic_transcripts_unofficial/UNGA2026_day6_EN_ASR.json,"{""char_end"": 14518, ""char_start"": 12400, ""end"": 9005.95, ""extracted_block"": 1, ""json_pointer"": ""/transcript/data/11/paragraphs/0"", ""origin_file"": ""data/unga_general_debate_verbatim_en/automatic_transcripts_unofficial/UNGA2026_day6_EN_ASR.json"", ""origin_sha256"": ""00ded7b1b2b5d8831cda241976809e06923b67ea74125c9bcb3a31cb258c3d7c"", ""paragraph"": 1, ""start"": 7828.74, ""statement_start"": 7828.74}","an inclusive, ethical, and development-oriented global framework for AI governance.",uncertain,False,global framework for ai governance,global framework for AI governance,en
E00492,verbatim_en_2026_MWI:6,2026_MWI,2026,MWI,African States,data/analysis_ready_en/2026/2026_MWI.json,7e5eb73a0cce6aa7f15c56486e606ec72b49799acc583e8d2394c2b392db32b2,data/unga_general_debate_verbatim_en/automatic_transcripts_unofficial/UNGA2026_day6_EN_ASR.json,"{""char_end"": 14518, ""char_start"": 12400, ""end"": 9005.95, ""extracted_block"": 1, ""json_pointer"": ""/transcript/data/11/paragraphs/0"", ""origin_file"": ""data/unga_general_debate_verbatim_en/automatic_transcripts_unofficial/UNGA2026_day6_EN_ASR.json"", ""origin_sha256"": ""00ded7b1b2b5d8831cda241976809e06923b67ea74125c9bcb3a31cb258c3d7c"", ""paragraph"": 1, ""start"": 7828.74, ""statement_start"": 7828.74}",risks creating a new technological divide between and within countries.,reviewed,False,technological divide,new technological divide,en
E00493,verbatim_en_2026_MYS:3,2026_MYS,2026,MYS,Asia-Pacific States,data/analysis_ready_en/2026/2026_MYS.json,3560697d4630e04eefea13692aa9f0a07ba424a13c228977d4354ca2a14b7cbc,data/unga_general_debate_verbatim_en/automatic_transcripts_unofficial/UNGA2026_day5_EN_ASR.json,"{""char_end"": 4117, ""char_start"": 2094, ""end"": 25961.91, ""extracted_block"": 2, ""json_pointer"": ""/transcript/data/49/paragraphs/1"", ""origin_file"": ""data/unga_general_debate_verbatim_en/automatic_transcripts_unofficial/UNGA2026_day5_EN_ASR.json"", ""origin_sha256"": ""d398da93960901552fb297f7a7361480c845b32c955d8b6e5e1d9e367d7e1eaa"", ""paragraph"": 2, ""start"": 25200.11, ""statement_start"": 25181.83}",choose not to regulate AI and the many ways it is being abused,uncertain,False,regulate ai,regulate AI,en
E00494,verbatim_en_2026_MYS:4,2026_MYS,2026,MYS,Asia-Pacific States,data/analysis_ready_en/2026/2026_MYS.json,3560697d4630e04eefea13692aa9f0a07ba424a13c228977d4354ca2a14b7cbc,data/unga_general_debate_verbatim_en/automatic_transcripts_unofficial/UNGA2026_day5_EN_ASR.json,"{""char_end"": 6333, ""char_start"": 4118, ""end"": 25961.91, ""extracted_block"": 2, ""json_pointer"": ""/transcript/data/49/paragraphs/1"", ""origin_file"": ""data/unga_general_debate_verbatim_en/automatic_transcripts_unofficial/UNGA2026_day5_EN_ASR.json"", ""origin_sha256"": ""d398da93960901552fb297f7a7361480c845b32c955d8b6e5e1d9e367d7e1eaa"", ""paragraph"": 2, ""start"": 25200.11, ""statement_start"": 25181.83}",The global South cannot simply become a destination for data centers while decisions about AI are made elsewhere.,reviewed,False,data centres,data centers,en
E00494,verbatim_en_2026_MYS:4,2026_MYS,2026,MYS,Asia-Pacific States,data/analysis_ready_en/2026/2026_MYS.json,3560697d4630e04eefea13692aa9f0a07ba424a13c228977d4354ca2a14b7cbc,data/unga_general_debate_verbatim_en/automatic_transcripts_unofficial/UNGA2026_day5_EN_ASR.json,"{""char_end"": 6333, ""char_start"": 4118, ""end"": 25961.91, ""extracted_block"": 2, ""json_pointer"": ""/transcript/data/49/paragraphs/1"", ""origin_file"": ""data/unga_general_debate_verbatim_en/automatic_transcripts_unofficial/UNGA2026_day5_EN_ASR.json"", ""origin_sha256"": ""d398da93960901552fb297f7a7361480c845b32c955d8b6e5e1d9e367d7e1eaa"", ""paragraph"": 2, ""start"": 25200.11, ""statement_start"": 25181.83}",more greatly affected by an equitable AI development,uncertain,False,equitable ai development,equitable AI development,en
E00494,verbatim_en_2026_MYS:4,2026_MYS,2026,MYS,Asia-Pacific States,data/analysis_ready_en/2026/2026_MYS.json,3560697d4630e04eefea13692aa9f0a07ba424a13c228977d4354ca2a14b7cbc,data/unga_general_debate_verbatim_en/automatic_transcripts_unofficial/UNGA2026_day5_EN_ASR.json,"{""char_end"": 6333, ""char_start"": 4118, ""end"": 25961.91, ""extracted_block"": 2, ""json_pointer"": ""/transcript/data/49/paragraphs/1"", ""origin_file"": ""data/unga_general_debate_verbatim_en/automatic_transcripts_unofficial/UNGA2026_day5_EN_ASR.json"", ""origin_sha256"": ""d398da93960901552fb297f7a7361480c845b32c955d8b6e5e1d9e367d7e1eaa"", ""paragraph"": 2, ""start"": 25200.11, ""statement_start"": 25181.83}",to participate in global discussion on AI.,uncertain,False,global discussion on ai,global discussion on AI,en
E00494,verbatim_en_2026_MYS:4,2026_MYS,2026,MYS,Asia-Pacific States,data/analysis_ready_en/2026/2026_MYS.json,3560697d4630e04eefea13692aa9f0a07ba424a13c228977d4354ca2a14b7cbc,data/unga_general_debate_verbatim_en/automatic_transcripts_unofficial/UNGA2026_day5_EN_ASR.json,"{""char_end"": 6333, ""char_start"": 4118, ""end"": 25961.91, ""extracted_block"": 2, ""json_pointer"": ""/transcript/data/49/paragraphs/1"", ""origin_file"": ""data/unga_general_debate_verbatim_en/automatic_transcripts_unofficial/UNGA2026_day5_EN_ASR.json"", ""origin_sha256"": ""d398da93960901552fb297f7a7361480c845b32c955d8b6e5e1d9e367d7e1eaa"", ""paragraph"": 2, ""start"": 25200.11, ""statement_start"": 25181.83}",The United Nations must continue to empower global south countries who are likely to be more greatly affected by an equitable AI development to participate in global discussion on AI.,uncertain,False,global south,global south,en
E00495,verbatim_en_2026_NAM:4,2026_NAM,2026,NAM,African States,data/analysis_ready_en/2026/2026_NAM.json,2223ca4df6f83abb7924173fcf313dc53cee128b7ebd841e71a4af43cc9f912f,data/unga_general_debate_verbatim_en/automatic_transcripts_unofficial/UNGA2026_day2_EN_ASR.json,"{""char_end"": 8959, ""char_start"": 6967, ""end"": 27211.03, ""extracted_block"": 1, ""json_pointer"": ""/transcript/data/44/paragraphs/0"", ""origin_file"": ""data/unga_general_debate_verbatim_en/automatic_transcripts_unofficial/UNGA2026_day2_EN_ASR.json"", ""origin_sha256"": ""1d48a568967de80ba6f0e040bcda57d9df79e12a3e50907b327f1fa68aa29a92"", ""paragraph"": 1, ""start"": 25820.43, ""statement_start"": 25820.43}",in line with the Global Digital Compact,reviewed,False,global digital compact,Global Digital Compact,en
E00495,verbatim_en_2026_NAM:4,2026_NAM,2026,NAM,African States,data/analysis_ready_en/2026/2026_NAM.json,2223ca4df6f83abb7924173fcf313dc53cee128b7ebd841e71a4af43cc9f912f,data/unga_general_debate_verbatim_en/automatic_transcripts_unofficial/UNGA2026_day2_EN_ASR.json,"{""char_end"": 8959, ""char_start"": 6967, ""end"": 27211.03, ""extracted_block"": 1, ""json_pointer"": ""/transcript/data/44/paragraphs/0"", ""origin_file"": ""data/unga_general_debate_verbatim_en/automatic_transcripts_unofficial/UNGA2026_day2_EN_ASR.json"", ""origin_sha256"": ""1d48a568967de80ba6f0e040bcda57d9df79e12a3e50907b327f1fa68aa29a92"", ""paragraph"": 1, ""start"": 25820.43, ""statement_start"": 25820.43}",human-centered development and use of artificial intelligence,uncertain,False,human-centered ai,human-centered development and use of artificial intelligence,en
E00495,verbatim_en_2026_NAM:4,2026_NAM,2026,NAM,African States,data/analysis_ready_en/2026/2026_NAM.json,2223ca4df6f83abb7924173fcf313dc53cee128b7ebd841e71a4af43cc9f912f,data/unga_general_debate_verbatim_en/automatic_transcripts_unofficial/UNGA2026_day2_EN_ASR.json,"{""char_end"": 8959, ""char_start"": 6967, ""end"": 27211.03, ""extracted_block"": 1, ""json_pointer"": ""/transcript/data/44/paragraphs/0"", ""origin_file"": ""data/unga_general_debate_verbatim_en/automatic_transcripts_unofficial/UNGA2026_day2_EN_ASR.json"", ""origin_sha256"": ""1d48a568967de80ba6f0e040bcda57d9df79e12a3e50907b327f1fa68aa29a92"", ""paragraph"": 1, ""start"": 25820.43, ""statement_start"": 25820.43}",human-centered development and use of artificial intelligence,uncertain,False,human-centred ai,human-centered development and use of artificial intelligence,en
E00496,verbatim_en_2026_NGA:3,2026_NGA,2026,NGA,African States,data/analysis_ready_en/2026/2026_NGA.json,93bd28b1151605768cad3e6d6ddc666dcba6876288fd9cd887c0e2e84dc3f6b8,data/unga_general_debate_verbatim_en/automatic_transcripts_unofficial/UNGA2026_day3_EN_ASR.json,"{""char_end"": 6847, ""char_start"": 4264, ""end"": 26871.59, ""extracted_block"": 1, ""json_pointer"": ""/transcript/data/47/paragraphs/0"", ""origin_file"": ""data/unga_general_debate_verbatim_en/automatic_transcripts_unofficial/UNGA2026_day3_EN_ASR.json"", ""origin_sha256"": ""d811444b40ce3fed3c9e88fee705c2fb1f994316fa4f311bbb6c4cf20e9e7cae"", ""paragraph"": 1, ""start"": 26040.87, ""statement_start"": 26040.87}",Much of the anxiety surrounding AI reflects the distrust we have allowed to grow amongst us.,reviewed,False,anxiety surrounding ai,anxiety surrounding AI,en
E00496,verbatim_en_2026_NGA:3,2026_NGA,2026,NGA,African States,data/analysis_ready_en/2026/2026_NGA.json,93bd28b1151605768cad3e6d6ddc666dcba6876288fd9cd887c0e2e84dc3f6b8,data/unga_general_debate_verbatim_en/automatic_transcripts_unofficial/UNGA2026_day3_EN_ASR.json,"{""char_end"": 6847, ""char_start"": 4264, ""end"": 26871.59, ""extracted_block"": 1, ""json_pointer"": ""/transcript/data/47/paragraphs/0"", ""origin_file"": ""data/unga_general_debate_verbatim_en/automatic_transcripts_unofficial/UNGA2026_day3_EN_ASR.json"", ""origin_sha256"": ""d811444b40ce3fed3c9e88fee705c2fb1f994316fa4f311bbb6c4cf20e9e7cae"", ""paragraph"": 1, ""start"": 26040.87, ""statement_start"": 26040.87}",Nigeria is investing in digital public infrastructure,reviewed,False,digital public infrastructure,digital public infrastructure,en
E00496,verbatim_en_2026_NGA:3,2026_NGA,2026,NGA,African States,data/analysis_ready_en/2026/2026_NGA.json,93bd28b1151605768cad3e6d6ddc666dcba6876288fd9cd887c0e2e84dc3f6b8,data/unga_general_debate_verbatim_en/automatic_transcripts_unofficial/UNGA2026_day3_EN_ASR.json,"{""char_end"": 6847, ""char_start"": 4264, ""end"": 26871.59, ""extracted_block"": 1, ""json_pointer"": ""/transcript/data/47/paragraphs/0"", ""origin_file"": ""data/unga_general_debate_verbatim_en/automatic_transcripts_unofficial/UNGA2026_day3_EN_ASR.json"", ""origin_sha256"": ""d811444b40ce3fed3c9e88fee705c2fb1f994316fa4f311bbb6c4cf20e9e7cae"", ""paragraph"": 1, ""start"": 26040.87, ""statement_start"": 26040.87}",we refuse to surrender our technological future to paranoia,reviewed,False,paranoia,paranoia,en
E00497,verbatim_en_2026_NLD:3,2026_NLD,2026,NLD,Western European and other States,data/analysis_ready_en/2026/2026_NLD.json,be8e53652235aeaf8a8dff6a7f8a7747bba5f2ccc0b7d02011e9e251d4dd2992,data/unga_general_debate_verbatim_en/automatic_transcripts_unofficial/UNGA2026_day3_EN_ASR.json,"{""char_end"": 5809, ""char_start"": 3870, ""end"": 35999.95, ""extracted_block"": 1, ""json_pointer"": ""/transcript/data/63/paragraphs/0"", ""origin_file"": ""data/unga_general_debate_verbatim_en/automatic_transcripts_unofficial/UNGA2026_day3_EN_ASR.json"", ""origin_sha256"": ""d811444b40ce3fed3c9e88fee705c2fb1f994316fa4f311bbb6c4cf20e9e7cae"", ""paragraph"": 1, ""start"": 35520.6, ""statement_start"": 35520.6}",Do we let a small group of companies and countries take all the decisions while the rest of us simply look on?,uncertain,False,small group of companies and countries,small group of companies and countries,en
E00498,verbatim_en_2026_NOR:6,2026_NOR,2026,NOR,Western European and other States,data/analysis_ready_en/2026/2026_NOR.json,6e75773e1cfb91a4ffe6f6bd31d191b2ec7ee43a188396c88292ef2a9c70d4db,data/unga_general_debate_verbatim_en/automatic_transcripts_unofficial/UNGA2026_day4_EN_ASR.json,"{""char_end"": 12607, ""char_start"": 10358, ""end"": 43118.67, ""extracted_block"": 1, ""json_pointer"": ""/transcript/data/66/paragraphs/0"", ""origin_file"": ""data/unga_general_debate_verbatim_en/automatic_transcripts_unofficial/UNGA2026_day4_EN_ASR.json"", ""origin_sha256"": ""1c43e6b9024f9c46d1e134590e19b4bfa3567b0a9cac7c5f0a29794d0b9dd1a6"", ""paragraph"": 1, ""start"": 42036.19, ""statement_start"": 42036.19}",we live in an era of artificial intelligence.,uncertain,False,era of artificial intelligence,era of artificial intelligence,en
E00498,verbatim_en_2026_NOR:6,2026_NOR,2026,NOR,Western European and other States,data/analysis_ready_en/2026/2026_NOR.json,6e75773e1cfb91a4ffe6f6bd31d191b2ec7ee43a188396c88292ef2a9c70d4db,data/unga_general_debate_verbatim_en/automatic_transcripts_unofficial/UNGA2026_day4_EN_ASR.json,"{""char_end"": 12607, ""char_start"": 10358, ""end"": 43118.67, ""extracted_block"": 1, ""json_pointer"": ""/transcript/data/66/paragraphs/0"", ""origin_file"": ""data/unga_general_debate_verbatim_en/automatic_transcripts_unofficial/UNGA2026_day4_EN_ASR.json"", ""origin_sha256"": ""1c43e6b9024f9c46d1e134590e19b4bfa3567b0a9cac7c5f0a29794d0b9dd1a6"", ""paragraph"": 1, ""start"": 42036.19, ""statement_start"": 42036.19}","must remain under human direction, oversight, and control.",uncertain,False,"human direction, oversight and control","human direction, oversight, and control",en
E00498,verbatim_en_2026_NOR:6,2026_NOR,2026,NOR,Western European and other States,data/analysis_ready_en/2026/2026_NOR.json,6e75773e1cfb91a4ffe6f6bd31d191b2ec7ee43a188396c88292ef2a9c70d4db,data/unga_general_debate_verbatim_en/automatic_transcripts_unofficial/UNGA2026_day4_EN_ASR.json,"{""char_end"": 12607, ""char_start"": 10358, ""end"": 43118.67, ""extracted_block"": 1, ""json_pointer"": ""/transcript/data/66/paragraphs/0"", ""origin_file"": ""data/unga_general_debate_verbatim_en/automatic_transcripts_unofficial/UNGA2026_day4_EN_ASR.json"", ""origin_sha256"": ""1c43e6b9024f9c46d1e134590e19b4bfa3567b0a9cac7c5f0a29794d0b9dd1a6"", ""paragraph"": 1, ""start"": 42036.19, ""statement_start"": 42036.19}","Artificial intelligence is developed by humans and must remain under human direction, oversight, and control.",uncertain,False,human oversight of ai,"human direction, oversight, and control",en
E00498,verbatim_en_2026_NOR:6,2026_NOR,2026,NOR,Western European and other States,data/analysis_ready_en/2026/2026_NOR.json,6e75773e1cfb91a4ffe6f6bd31d191b2ec7ee43a188396c88292ef2a9c70d4db,data/unga_general_debate_verbatim_en/automatic_transcripts_unofficial/UNGA2026_day4_EN_ASR.json,"{""char_end"": 12607, ""char_start"": 10358, ""end"": 43118.67, ""extracted_block"": 1, ""json_pointer"": ""/transcript/data/66/paragraphs/0"", ""origin_file"": ""data/unga_general_debate_verbatim_en/automatic_transcripts_unofficial/UNGA2026_day4_EN_ASR.json"", ""origin_sha256"": ""1c43e6b9024f9c46d1e134590e19b4bfa3567b0a9cac7c5f0a29794d0b9dd1a6"", ""paragraph"": 1, ""start"": 42036.19, ""statement_start"": 42036.19}","the danger is not technology, the danger is technology without accountability.",reviewed,False,technology without accountability,technology without accountability,en
E00499,verbatim_en_2026_PAK:5,2026_PAK,2026,PAK,Asia-Pacific States,data/analysis_ready_en/2026/2026_PAK.json,8c0aac776a5ceb53de4d906dd0a53c7e597b3cd2299482ebdf0cb295dce2d146,data/unga_general_debate_verbatim_en/automatic_transcripts_unofficial/UNGA2026_day4_EN_ASR.json,"{""char_end"": 11136, ""char_start"": 8754, ""end"": 19752.51, ""extracted_block"": 1, ""json_pointer"": ""/transcript/data/27/paragraphs/0"", ""origin_file"": ""data/unga_general_debate_verbatim_en/automatic_transcripts_unofficial/UNGA2026_day4_EN_ASR.json"", ""origin_sha256"": ""1c43e6b9024f9c46d1e134590e19b4bfa3567b0a9cac7c5f0a29794d0b9dd1a6"", ""paragraph"": 1, ""start"": 18378.59, ""statement_start"": 18378.59}",equipping our youth with modern AI and IT skills.,reviewed,False,ai skills,AI and IT skills,en
E00500,verbatim_en_2026_PHL:2,2026_PHL,2026,PHL,Asia-Pacific States,data/analysis_ready_en/2026/2026_PHL.json,32820ec649df2ceb5dd19209dc5f8b128619de0d64f2c736ecaa12b50d7f2a51,data/unga_general_debate_verbatim_en/automatic_transcripts_unofficial/UNGA2026_day5_EN_ASR.json,"{""char_end"": 4597, ""char_start"": 2270, ""end"": 10235.99, ""extracted_block"": 1, ""json_pointer"": ""/transcript/data/19/paragraphs/0"", ""origin_file"": ""data/unga_general_debate_verbatim_en/automatic_transcripts_unofficial/UNGA2026_day5_EN_ASR.json"", ""origin_sha256"": ""d398da93960901552fb297f7a7361480c845b32c955d8b6e5e1d9e367d7e1eaa"", ""paragraph"": 1, ""start"": 9458.35, ""statement_start"": 9458.35}",robust AI governance with enforceable standards,reviewed,False,enforceable standards,enforceable standards,en
E00500,verbatim_en_2026_PHL:2,2026_PHL,2026,PHL,Asia-Pacific States,data/analysis_ready_en/2026/2026_PHL.json,32820ec649df2ceb5dd19209dc5f8b128619de0d64f2c736ecaa12b50d7f2a51,data/unga_general_debate_verbatim_en/automatic_transcripts_unofficial/UNGA2026_day5_EN_ASR.json,"{""char_end"": 4597, ""char_start"": 2270, ""end"": 10235.99, ""extracted_block"": 1, ""json_pointer"": ""/transcript/data/19/paragraphs/0"", ""origin_file"": ""data/unga_general_debate_verbatim_en/automatic_transcripts_unofficial/UNGA2026_day5_EN_ASR.json"", ""origin_sha256"": ""d398da93960901552fb297f7a7361480c845b32c955d8b6e5e1d9e367d7e1eaa"", ""paragraph"": 1, ""start"": 9458.35, ""statement_start"": 9458.35}",Frontier technologies and AI can accelerate sustainable development,uncertain,False,frontier technologies,Frontier technologies,en
E00500,verbatim_en_2026_PHL:2,2026_PHL,2026,PHL,Asia-Pacific States,data/analysis_ready_en/2026/2026_PHL.json,32820ec649df2ceb5dd19209dc5f8b128619de0d64f2c736ecaa12b50d7f2a51,data/unga_general_debate_verbatim_en/automatic_transcripts_unofficial/UNGA2026_day5_EN_ASR.json,"{""char_end"": 4597, ""char_start"": 2270, ""end"": 10235.99, ""extracted_block"": 1, ""json_pointer"": ""/transcript/data/19/paragraphs/0"", ""origin_file"": ""data/unga_general_debate_verbatim_en/automatic_transcripts_unofficial/UNGA2026_day5_EN_ASR.json"", ""origin_sha256"": ""d398da93960901552fb297f7a7361480c845b32c955d8b6e5e1d9e367d7e1eaa"", ""paragraph"": 1, ""start"": 9458.35, ""statement_start"": 9458.35}","enforceable ethical standards, and strong legal guardrails",reviewed,False,legal guardrails,strong legal guardrails,en
E00500,verbatim_en_2026_PHL:2,2026_PHL,2026,PHL,Asia-Pacific States,data/analysis_ready_en/2026/2026_PHL.json,32820ec649df2ceb5dd19209dc5f8b128619de0d64f2c736ecaa12b50d7f2a51,data/unga_general_debate_verbatim_en/automatic_transcripts_unofficial/UNGA2026_day5_EN_ASR.json,"{""char_end"": 4597, ""char_start"": 2270, ""end"": 10235.99, ""extracted_block"": 1, ""json_pointer"": ""/transcript/data/19/paragraphs/0"", ""origin_file"": ""data/unga_general_debate_verbatim_en/automatic_transcripts_unofficial/UNGA2026_day5_EN_ASR.json"", ""origin_sha256"": ""d398da93960901552fb297f7a7361480c845b32c955d8b6e5e1d9e367d7e1eaa"", ""paragraph"": 1, ""start"": 9458.35, ""statement_start"": 9458.35}",But AI also presents profound and systemic risks.,uncertain,False,systemic risks,profound and systemic risks,en
E00501,verbatim_en_2026_PHL:3,2026_PHL,2026,PHL,Asia-Pacific States,data/analysis_ready_en/2026/2026_PHL.json,32820ec649df2ceb5dd19209dc5f8b128619de0d64f2c736ecaa12b50d7f2a51,data/unga_general_debate_verbatim_en/automatic_transcripts_unofficial/UNGA2026_day5_EN_ASR.json,"{""char_end"": 6770, ""char_start"": 4598, ""end"": 10235.99, ""extracted_block"": 1, ""json_pointer"": ""/transcript/data/19/paragraphs/0"", ""origin_file"": ""data/unga_general_debate_verbatim_en/automatic_transcripts_unofficial/UNGA2026_day5_EN_ASR.json"", ""origin_sha256"": ""d398da93960901552fb297f7a7361480c845b32c955d8b6e5e1d9e367d7e1eaa"", ""paragraph"": 1, ""start"": 9458.35, ""statement_start"": 9458.35}","closing critical gaps in digital infrastructure, computing resources, and technical expertise",reviewed,False,computing resources,computing resources,en
E00501,verbatim_en_2026_PHL:3,2026_PHL,2026,PHL,Asia-Pacific States,data/analysis_ready_en/2026/2026_PHL.json,32820ec649df2ceb5dd19209dc5f8b128619de0d64f2c736ecaa12b50d7f2a51,data/unga_general_debate_verbatim_en/automatic_transcripts_unofficial/UNGA2026_day5_EN_ASR.json,"{""char_end"": 6770, ""char_start"": 4598, ""end"": 10235.99, ""extracted_block"": 1, ""json_pointer"": ""/transcript/data/19/paragraphs/0"", ""origin_file"": ""data/unga_general_debate_verbatim_en/automatic_transcripts_unofficial/UNGA2026_day5_EN_ASR.json"", ""origin_sha256"": ""d398da93960901552fb297f7a7361480c845b32c955d8b6e5e1d9e367d7e1eaa"", ""paragraph"": 1, ""start"": 9458.35, ""statement_start"": 9458.35}",address deep developmental asymmetries,reviewed,False,developmental asymmetries,developmental asymmetries,en
E00501,verbatim_en_2026_PHL:3,2026_PHL,2026,PHL,Asia-Pacific States,data/analysis_ready_en/2026/2026_PHL.json,32820ec649df2ceb5dd19209dc5f8b128619de0d64f2c736ecaa12b50d7f2a51,data/unga_general_debate_verbatim_en/automatic_transcripts_unofficial/UNGA2026_day5_EN_ASR.json,"{""char_end"": 6770, ""char_start"": 4598, ""end"": 10235.99, ""extracted_block"": 1, ""json_pointer"": ""/transcript/data/19/paragraphs/0"", ""origin_file"": ""data/unga_general_debate_verbatim_en/automatic_transcripts_unofficial/UNGA2026_day5_EN_ASR.json"", ""origin_sha256"": ""d398da93960901552fb297f7a7361480c845b32c955d8b6e5e1d9e367d7e1eaa"", ""paragraph"": 1, ""start"": 9458.35, ""statement_start"": 9458.35}","foster human-centered partnerships, not exclusion and fragmentation",uncertain,False,human-centered partnerships,human-centered partnerships,en
E00502,verbatim_en_2026_POL:10,2026_POL,2026,POL,Eastern European States,data/analysis_ready_en/2026/2026_POL.json,f63f953c40c4a9bb4de4e33f3fa9718ab76fd94e9cabdd3b591ccab627b55a4a,data/unga_general_debate_verbatim_en/automatic_transcripts_unofficial/UNGA2026_day2_EN_ASR.json,"{""char_end"": 6495, ""char_start"": 4266, ""end"": 25758.95, ""extracted_block"": 2, ""json_pointer"": ""/transcript/data/42/paragraphs/1"", ""origin_file"": ""data/unga_general_debate_verbatim_en/automatic_transcripts_unofficial/UNGA2026_day2_EN_ASR.json"", ""origin_sha256"": ""1d48a568967de80ba6f0e040bcda57d9df79e12a3e50907b327f1fa68aa29a92"", ""paragraph"": 2, ""start"": 25200.83, ""statement_start"": 24183.15}",become merely objects of algorithmic influence,reviewed,False,algorithmic influence,algorithmic influence,en
E00502,verbatim_en_2026_POL:10,2026_POL,2026,POL,Eastern European States,data/analysis_ready_en/2026/2026_POL.json,f63f953c40c4a9bb4de4e33f3fa9718ab76fd94e9cabdd3b591ccab627b55a4a,data/unga_general_debate_verbatim_en/automatic_transcripts_unofficial/UNGA2026_day2_EN_ASR.json,"{""char_end"": 6495, ""char_start"": 4266, ""end"": 25758.95, ""extracted_block"": 2, ""json_pointer"": ""/transcript/data/42/paragraphs/1"", ""origin_file"": ""data/unga_general_debate_verbatim_en/automatic_transcripts_unofficial/UNGA2026_day2_EN_ASR.json"", ""origin_sha256"": ""1d48a568967de80ba6f0e040bcda57d9df79e12a3e50907b327f1fa68aa29a92"", ""paragraph"": 2, ""start"": 25200.83, ""statement_start"": 24183.15}",we need a serious conversation about the limits of artificial intelligence development.,uncertain,False,limits of ai development,limits of artificial intelligence development,en
E00502,verbatim_en_2026_POL:10,2026_POL,2026,POL,Eastern European States,data/analysis_ready_en/2026/2026_POL.json,f63f953c40c4a9bb4de4e33f3fa9718ab76fd94e9cabdd3b591ccab627b55a4a,data/unga_general_debate_verbatim_en/automatic_transcripts_unofficial/UNGA2026_day2_EN_ASR.json,"{""char_end"": 6495, ""char_start"": 4266, ""end"": 25758.95, ""extracted_block"": 2, ""json_pointer"": ""/transcript/data/42/paragraphs/1"", ""origin_file"": ""data/unga_general_debate_verbatim_en/automatic_transcripts_unofficial/UNGA2026_day2_EN_ASR.json"", ""origin_sha256"": ""1d48a568967de80ba6f0e040bcda57d9df79e12a3e50907b327f1fa68aa29a92"", ""paragraph"": 2, ""start"": 25200.83, ""statement_start"": 24183.15}",a serious conversation about the limits of artificial intelligence development,uncertain,False,limits of artificial intelligence development,limits of artificial intelligence development,en
E00502,verbatim_en_2026_POL:10,2026_POL,2026,POL,Eastern European States,data/analysis_ready_en/2026/2026_POL.json,f63f953c40c4a9bb4de4e33f3fa9718ab76fd94e9cabdd3b591ccab627b55a4a,data/unga_general_debate_verbatim_en/automatic_transcripts_unofficial/UNGA2026_day2_EN_ASR.json,"{""char_end"": 6495, ""char_start"": 4266, ""end"": 25758.95, ""extracted_block"": 2, ""json_pointer"": ""/transcript/data/42/paragraphs/1"", ""origin_file"": ""data/unga_general_debate_verbatim_en/automatic_transcripts_unofficial/UNGA2026_day2_EN_ASR.json"", ""origin_sha256"": ""1d48a568967de80ba6f0e040bcda57d9df79e12a3e50907b327f1fa68aa29a92"", ""paragraph"": 2, ""start"": 25200.83, ""statement_start"": 24183.15}",such as artificial intelligence or superintelligence,reviewed,False,superintelligence,superintelligence,en
E00503,verbatim_en_2026_POL:11,2026_POL,2026,POL,Eastern European States,data/analysis_ready_en/2026/2026_POL.json,f63f953c40c4a9bb4de4e33f3fa9718ab76fd94e9cabdd3b591ccab627b55a4a,data/unga_general_debate_verbatim_en/automatic_transcripts_unofficial/UNGA2026_day2_EN_ASR.json,"{""char_end"": 7795, ""char_start"": 6496, ""end"": 25758.95, ""extracted_block"": 2, ""json_pointer"": ""/transcript/data/42/paragraphs/1"", ""origin_file"": ""data/unga_general_debate_verbatim_en/automatic_transcripts_unofficial/UNGA2026_day2_EN_ASR.json"", ""origin_sha256"": ""1d48a568967de80ba6f0e040bcda57d9df79e12a3e50907b327f1fa68aa29a92"", ""paragraph"": 2, ""start"": 25200.83, ""statement_start"": 24183.15}","the development of artificial intelligence, which is outpacing existing rules and testing the limits of our responsibility.",uncertain,False,outpacing existing rules,outpacing existing rules,en
E00505,verbatim_en_2026_PRT:2,2026_PRT,2026,PRT,Western European and other States,data/analysis_ready_en/2026/2026_PRT.json,f6fdb232bb09650c929db4571320ffd68489d73dccf4d3b25a5a71dad10f3eff,data/unga_general_debate_verbatim_en/automatic_transcripts_unofficial/UNGA2026_day3_EN_ASR.json,"{""char_end"": 2167, ""char_start"": 0, ""end"": 22243.35, ""extracted_block"": 2, ""json_pointer"": ""/transcript/data/34/paragraphs/1"", ""origin_file"": ""data/unga_general_debate_verbatim_en/automatic_transcripts_unofficial/UNGA2026_day3_EN_ASR.json"", ""origin_sha256"": ""d811444b40ce3fed3c9e88fee705c2fb1f994316fa4f311bbb6c4cf20e9e7cae"", ""paragraph"": 2, ""start"": 21600.11, ""statement_start"": 21587.91}",the right balance between innovation and regulation.,uncertain,False,balance between innovation and regulation,balance between innovation and regulation,en
E00506,verbatim_en_2026_PRY:4,2026_PRY,2026,PRY,Latin American and Caribbean States,data/analysis_ready_en/2026/2026_PRY.json,5d2a8332f0a29db449ada957f238276d36f7ad95271f5dff2b32c5d8f5e3d93c,data/unga_general_debate_verbatim_en/automatic_transcripts_unofficial/UNGA2026_day2_EN_ASR.json,"{""char_end"": 8249, ""char_start"": 6244, ""end"": 7200, ""extracted_block"": 1, ""json_pointer"": ""/transcript/data/11/paragraphs/0"", ""origin_file"": ""data/unga_general_debate_verbatim_en/automatic_transcripts_unofficial/UNGA2026_day2_EN_ASR.json"", ""origin_sha256"": ""1d48a568967de80ba6f0e040bcda57d9df79e12a3e50907b327f1fa68aa29a92"", ""paragraph"": 1, ""start"": 6194.15, ""statement_start"": 6194.15}",microchips are the fuel of the 21st.,reviewed,False,microchips,microchips,en
E00509,verbatim_en_2026_PRY:8,2026_PRY,2026,PRY,Latin American and Caribbean States,data/analysis_ready_en/2026/2026_PRY.json,5d2a8332f0a29db449ada957f238276d36f7ad95271f5dff2b32c5d8f5e3d93c,data/unga_general_debate_verbatim_en/automatic_transcripts_unofficial/UNGA2026_day2_EN_ASR.json,"{""char_end"": 1943, ""char_start"": 0, ""end"": 7683.87, ""extracted_block"": 2, ""json_pointer"": ""/transcript/data/11/paragraphs/1"", ""origin_file"": ""data/unga_general_debate_verbatim_en/automatic_transcripts_unofficial/UNGA2026_day2_EN_ASR.json"", ""origin_sha256"": ""1d48a568967de80ba6f0e040bcda57d9df79e12a3e50907b327f1fa68aa29a92"", ""paragraph"": 2, ""start"": 7200.11, ""statement_start"": 6194.15}","As. His Holiness the Pope reminds us in the recent encyclical Magnifica Humanitas, the values embedded in these systems are not technical constraint, they are a choice made by those who train them.",reviewed,False,magnifica humanitas,Magnifica Humanitas,en
E00511,verbatim_en_2026_RUS:6,2026_RUS,2026,RUS,Eastern European States,data/analysis_ready_en/2026/2026_RUS.json,7c8e2ac082af293f38477e1b7f9238deb4eee6ff44c357f41be90a0db1c47dfd,data/unga_general_debate_verbatim_en/automatic_transcripts_unofficial/UNGA2026_day5_EN_ASR.json,"{""char_end"": 12734, ""char_start"": 10577, ""end"": 12429.47, ""extracted_block"": 1, ""json_pointer"": ""/transcript/data/23/paragraphs/0"", ""origin_file"": ""data/unga_general_debate_verbatim_en/automatic_transcripts_unofficial/UNGA2026_day5_EN_ASR.json"", ""origin_sha256"": ""d398da93960901552fb297f7a7361480c845b32c955d8b6e5e1d9e367d7e1eaa"", ""paragraph"": 1, ""start"": 11525.07, ""statement_start"": 11525.07}","Russia supports China's initiative, that is the establishment of a global organization on AI cooperation.",reviewed,False,global ai cooperation organization,global organization on AI cooperation,en
E00511,verbatim_en_2026_RUS:6,2026_RUS,2026,RUS,Eastern European States,data/analysis_ready_en/2026/2026_RUS.json,7c8e2ac082af293f38477e1b7f9238deb4eee6ff44c357f41be90a0db1c47dfd,data/unga_general_debate_verbatim_en/automatic_transcripts_unofficial/UNGA2026_day5_EN_ASR.json,"{""char_end"": 12734, ""char_start"": 10577, ""end"": 12429.47, ""extracted_block"": 1, ""json_pointer"": ""/transcript/data/23/paragraphs/0"", ""origin_file"": ""data/unga_general_debate_verbatim_en/automatic_transcripts_unofficial/UNGA2026_day5_EN_ASR.json"", ""origin_sha256"": ""d398da93960901552fb297f7a7361480c845b32c955d8b6e5e1d9e367d7e1eaa"", ""paragraph"": 1, ""start"": 11525.07, ""statement_start"": 11525.07}","The start of the work of the Global Dialogue on AI Governance and the Independent International Scientific Panel on AI, we believe these are steps in the right direction.",uncertain,False,global dialogue on ai governance,Global Dialogue on AI Governance,en
E00511,verbatim_en_2026_RUS:6,2026_RUS,2026,RUS,Eastern European States,data/analysis_ready_en/2026/2026_RUS.json,7c8e2ac082af293f38477e1b7f9238deb4eee6ff44c357f41be90a0db1c47dfd,data/unga_general_debate_verbatim_en/automatic_transcripts_unofficial/UNGA2026_day5_EN_ASR.json,"{""char_end"": 12734, ""char_start"": 10577, ""end"": 12429.47, ""extracted_block"": 1, ""json_pointer"": ""/transcript/data/23/paragraphs/0"", ""origin_file"": ""data/unga_general_debate_verbatim_en/automatic_transcripts_unofficial/UNGA2026_day5_EN_ASR.json"", ""origin_sha256"": ""d398da93960901552fb297f7a7361480c845b32c955d8b6e5e1d9e367d7e1eaa"", ""paragraph"": 1, ""start"": 11525.07, ""statement_start"": 11525.07}","The start of the work of the Global Dialogue on AI Governance and the Independent International Scientific Panel on AI, we believe these are steps in the right direction.",uncertain,False,independent international scientific panel on ai,Independent International Scientific Panel on AI,en
E00512,verbatim_en_2026_SAU:5,2026_SAU,2026,SAU,Asia-Pacific States,data/analysis_ready_en/2026/2026_SAU.json,756df592d16a15bdb49d7f51eb6d512a5d9d35185c3a499352f27f5918c8e6f9,data/unga_general_debate_verbatim_en/automatic_transcripts_unofficial/UNGA2026_day5_EN_ASR.json,"{""char_end"": 11181, ""char_start"": 8886, ""end"": 13915.99, ""extracted_block"": 1, ""json_pointer"": ""/transcript/data/27/paragraphs/0"", ""origin_file"": ""data/unga_general_debate_verbatim_en/automatic_transcripts_unofficial/UNGA2026_day5_EN_ASR.json"", ""origin_sha256"": ""d398da93960901552fb297f7a7361480c845b32c955d8b6e5e1d9e367d7e1eaa"", ""paragraph"": 1, ""start"": 13230.19, ""statement_start"": 13230.19}","The Kingdom also hosts the International Centre for Research and Ethics in AI in Riyadh under the auspices of UNESCO,",uncertain,False,international centre for research and ethics in ai,International Centre for Research and Ethics in AI,en
E00512,verbatim_en_2026_SAU:5,2026_SAU,2026,SAU,Asia-Pacific States,data/analysis_ready_en/2026/2026_SAU.json,756df592d16a15bdb49d7f51eb6d512a5d9d35185c3a499352f27f5918c8e6f9,data/unga_general_debate_verbatim_en/automatic_transcripts_unofficial/UNGA2026_day5_EN_ASR.json,"{""char_end"": 11181, ""char_start"": 8886, ""end"": 13915.99, ""extracted_block"": 1, ""json_pointer"": ""/transcript/data/27/paragraphs/0"", ""origin_file"": ""data/unga_general_debate_verbatim_en/automatic_transcripts_unofficial/UNGA2026_day5_EN_ASR.json"", ""origin_sha256"": ""d398da93960901552fb297f7a7361480c845b32c955d8b6e5e1d9e367d7e1eaa"", ""paragraph"": 1, ""start"": 13230.19, ""statement_start"": 13230.19}",establishing the International Network of Artificial Intelligence Capacity Building Centres,reviewed,False,international network of ai capacity building centres,International Network of Artificial Intelligence Capacity Building Centres,en
E00512,verbatim_en_2026_SAU:5,2026_SAU,2026,SAU,Asia-Pacific States,data/analysis_ready_en/2026/2026_SAU.json,756df592d16a15bdb49d7f51eb6d512a5d9d35185c3a499352f27f5918c8e6f9,data/unga_general_debate_verbatim_en/automatic_transcripts_unofficial/UNGA2026_day5_EN_ASR.json,"{""char_end"": 11181, ""char_start"": 8886, ""end"": 13915.99, ""extracted_block"": 1, ""json_pointer"": ""/transcript/data/27/paragraphs/0"", ""origin_file"": ""data/unga_general_debate_verbatim_en/automatic_transcripts_unofficial/UNGA2026_day5_EN_ASR.json"", ""origin_sha256"": ""d398da93960901552fb297f7a7361480c845b32c955d8b6e5e1d9e367d7e1eaa"", ""paragraph"": 1, ""start"": 13230.19, ""statement_start"": 13230.19}",one of the recommendations emanating from the Pact for the Future,uncertain,False,pact for the future,Pact for the Future,en
E00512,verbatim_en_2026_SAU:5,2026_SAU,2026,SAU,Asia-Pacific States,data/analysis_ready_en/2026/2026_SAU.json,756df592d16a15bdb49d7f51eb6d512a5d9d35185c3a499352f27f5918c8e6f9,data/unga_general_debate_verbatim_en/automatic_transcripts_unofficial/UNGA2026_day5_EN_ASR.json,"{""char_end"": 11181, ""char_start"": 8886, ""end"": 13915.99, ""extracted_block"": 1, ""json_pointer"": ""/transcript/data/27/paragraphs/0"", ""origin_file"": ""data/unga_general_debate_verbatim_en/automatic_transcripts_unofficial/UNGA2026_day5_EN_ASR.json"", ""origin_sha256"": ""d398da93960901552fb297f7a7361480c845b32c955d8b6e5e1d9e367d7e1eaa"", ""paragraph"": 1, ""start"": 13230.19, ""statement_start"": 13230.19}",enhancing international cooperation to ensure their responsible use.,reviewed,False,responsible ai,responsible use,en
E00513,verbatim_en_2026_SEN:3,2026_SEN,2026,SEN,African States,data/analysis_ready_en/2026/2026_SEN.json,4339b6ac1240a34cf1e8db0c43b1e93fb515a692c66b097e693fe633bb1fc44d,data/unga_general_debate_verbatim_en/automatic_transcripts_unofficial/UNGA2026_day3_EN_ASR.json,"{""char_end"": 6270, ""char_start"": 4162, ""end"": 23518.19, ""extracted_block"": 1, ""json_pointer"": ""/transcript/data/40/paragraphs/0"", ""origin_file"": ""data/unga_general_debate_verbatim_en/automatic_transcripts_unofficial/UNGA2026_day3_EN_ASR.json"", ""origin_sha256"": ""d811444b40ce3fed3c9e88fee705c2fb1f994316fa4f311bbb6c4cf20e9e7cae"", ""paragraph"": 1, ""start"": 22656.03, ""statement_start"": 22656.03}",AI that is based on robust morals and ethical code,uncertain,False,ethical ai,robust morals and ethical code,en
E00514,verbatim_en_2026_SGP:4,2026_SGP,2026,SGP,Asia-Pacific States,data/analysis_ready_en/2026/2026_SGP.json,f74f30e752ebd35401299d92a009210f994ede32d1c41742a2e9c13dfb1d2ace,data/unga_general_debate_verbatim_en/automatic_transcripts_unofficial/UNGA2026_day5_EN_ASR.json,"{""char_end"": 8597, ""char_start"": 6420, ""end"": 16532.23, ""extracted_block"": 1, ""json_pointer"": ""/transcript/data/31/paragraphs/0"", ""origin_file"": ""data/unga_general_debate_verbatim_en/automatic_transcripts_unofficial/UNGA2026_day5_EN_ASR.json"", ""origin_sha256"": ""d398da93960901552fb297f7a7361480c845b32c955d8b6e5e1d9e367d7e1eaa"", ""paragraph"": 1, ""start"": 15190.02, ""statement_start"": 15190.02}",companies who already have frontier models.,reviewed,False,frontier models,frontier models,en
E00514,verbatim_en_2026_SGP:4,2026_SGP,2026,SGP,Asia-Pacific States,data/analysis_ready_en/2026/2026_SGP.json,f74f30e752ebd35401299d92a009210f994ede32d1c41742a2e9c13dfb1d2ace,data/unga_general_debate_verbatim_en/automatic_transcripts_unofficial/UNGA2026_day5_EN_ASR.json,"{""char_end"": 8597, ""char_start"": 6420, ""end"": 16532.23, ""extracted_block"": 1, ""json_pointer"": ""/transcript/data/31/paragraphs/0"", ""origin_file"": ""data/unga_general_debate_verbatim_en/automatic_transcripts_unofficial/UNGA2026_day5_EN_ASR.json"", ""origin_sha256"": ""d398da93960901552fb297f7a7361480c845b32c955d8b6e5e1d9e367d7e1eaa"", ""paragraph"": 1, ""start"": 15190.02, ""statement_start"": 15190.02}","First, the loss of control of autonomous systems.",reviewed,False,loss of control,loss of control of autonomous systems,en
E00514,verbatim_en_2026_SGP:4,2026_SGP,2026,SGP,Asia-Pacific States,data/analysis_ready_en/2026/2026_SGP.json,f74f30e752ebd35401299d92a009210f994ede32d1c41742a2e9c13dfb1d2ace,data/unga_general_debate_verbatim_en/automatic_transcripts_unofficial/UNGA2026_day5_EN_ASR.json,"{""char_end"": 8597, ""char_start"": 6420, ""end"": 16532.23, ""extracted_block"": 1, ""json_pointer"": ""/transcript/data/31/paragraphs/0"", ""origin_file"": ""data/unga_general_debate_verbatim_en/automatic_transcripts_unofficial/UNGA2026_day5_EN_ASR.json"", ""origin_sha256"": ""d398da93960901552fb297f7a7361480c845b32c955d8b6e5e1d9e367d7e1eaa"", ""paragraph"": 1, ""start"": 15190.02, ""statement_start"": 15190.02}",rogue actors could use AI to create bio weapons or other weapons of mass destruction,uncertain,False,weapons of mass destruction,bio weapons or other weapons of mass destruction,en
E00515,verbatim_en_2026_SGP:5,2026_SGP,2026,SGP,Asia-Pacific States,data/analysis_ready_en/2026/2026_SGP.json,f74f30e752ebd35401299d92a009210f994ede32d1c41742a2e9c13dfb1d2ace,data/unga_general_debate_verbatim_en/automatic_transcripts_unofficial/UNGA2026_day5_EN_ASR.json,"{""char_end"": 10633, ""char_start"": 8598, ""end"": 16532.23, ""extracted_block"": 1, ""json_pointer"": ""/transcript/data/31/paragraphs/0"", ""origin_file"": ""data/unga_general_debate_verbatim_en/automatic_transcripts_unofficial/UNGA2026_day5_EN_ASR.json"", ""origin_sha256"": ""d398da93960901552fb297f7a7361480c845b32c955d8b6e5e1d9e367d7e1eaa"", ""paragraph"": 1, ""start"": 15190.02, ""statement_start"": 15190.02}",human beings must ultimately remain in control and accountable.,uncertain,False,human control,remain in control and accountable,en
E00515,verbatim_en_2026_SGP:5,2026_SGP,2026,SGP,Asia-Pacific States,data/analysis_ready_en/2026/2026_SGP.json,f74f30e752ebd35401299d92a009210f994ede32d1c41742a2e9c13dfb1d2ace,data/unga_general_debate_verbatim_en/automatic_transcripts_unofficial/UNGA2026_day5_EN_ASR.json,"{""char_end"": 10633, ""char_start"": 8598, ""end"": 16532.23, ""extracted_block"": 1, ""json_pointer"": ""/transcript/data/31/paragraphs/0"", ""origin_file"": ""data/unga_general_debate_verbatim_en/automatic_transcripts_unofficial/UNGA2026_day5_EN_ASR.json"", ""origin_sha256"": ""d398da93960901552fb297f7a7361480c845b32c955d8b6e5e1d9e367d7e1eaa"", ""paragraph"": 1, ""start"": 15190.02, ""statement_start"": 15190.02}",we also need rules of the road that will form a shared global understanding,reviewed,False,rules of the road,rules of the road,en
E00515,verbatim_en_2026_SGP:5,2026_SGP,2026,SGP,Asia-Pacific States,data/analysis_ready_en/2026/2026_SGP.json,f74f30e752ebd35401299d92a009210f994ede32d1c41742a2e9c13dfb1d2ace,data/unga_general_debate_verbatim_en/automatic_transcripts_unofficial/UNGA2026_day5_EN_ASR.json,"{""char_end"": 10633, ""char_start"": 8598, ""end"": 16532.23, ""extracted_block"": 1, ""json_pointer"": ""/transcript/data/31/paragraphs/0"", ""origin_file"": ""data/unga_general_debate_verbatim_en/automatic_transcripts_unofficial/UNGA2026_day5_EN_ASR.json"", ""origin_sha256"": ""d398da93960901552fb297f7a7361480c845b32c955d8b6e5e1d9e367d7e1eaa"", ""paragraph"": 1, ""start"": 15190.02, ""statement_start"": 15190.02}",We need rigorous testing and evaluation before deployment.,reviewed,False,testing and evaluation,rigorous testing and evaluation before deployment,en
E00516,verbatim_en_2026_SGP:6,2026_SGP,2026,SGP,Asia-Pacific States,data/analysis_ready_en/2026/2026_SGP.json,f74f30e752ebd35401299d92a009210f994ede32d1c41742a2e9c13dfb1d2ace,data/unga_general_debate_verbatim_en/automatic_transcripts_unofficial/UNGA2026_day5_EN_ASR.json,"{""char_end"": 12773, ""char_start"": 10634, ""end"": 16532.23, ""extracted_block"": 1, ""json_pointer"": ""/transcript/data/31/paragraphs/0"", ""origin_file"": ""data/unga_general_debate_verbatim_en/automatic_transcripts_unofficial/UNGA2026_day5_EN_ASR.json"", ""origin_sha256"": ""d398da93960901552fb297f7a7361480c845b32c955d8b6e5e1d9e367d7e1eaa"", ""paragraph"": 1, ""start"": 15190.02, ""statement_start"": 15190.02}","And the ITU's AI for Good Global Commission brings together leaders from government, industry, and international institutions",reviewed,False,ai for good global commission,AI for Good Global Commission,en
E00516,verbatim_en_2026_SGP:6,2026_SGP,2026,SGP,Asia-Pacific States,data/analysis_ready_en/2026/2026_SGP.json,f74f30e752ebd35401299d92a009210f994ede32d1c41742a2e9c13dfb1d2ace,data/unga_general_debate_verbatim_en/automatic_transcripts_unofficial/UNGA2026_day5_EN_ASR.json,"{""char_end"": 12773, ""char_start"": 10634, ""end"": 16532.23, ""extracted_block"": 1, ""json_pointer"": ""/transcript/data/31/paragraphs/0"", ""origin_file"": ""data/unga_general_debate_verbatim_en/automatic_transcripts_unofficial/UNGA2026_day5_EN_ASR.json"", ""origin_sha256"": ""d398da93960901552fb297f7a7361480c845b32c955d8b6e5e1d9e367d7e1eaa"", ""paragraph"": 1, ""start"": 15190.02, ""statement_start"": 15190.02}",we joined a call for greater safety and security of frontier AI models,uncertain,False,frontier ai,frontier AI models,en
E00516,verbatim_en_2026_SGP:6,2026_SGP,2026,SGP,Asia-Pacific States,data/analysis_ready_en/2026/2026_SGP.json,f74f30e752ebd35401299d92a009210f994ede32d1c41742a2e9c13dfb1d2ace,data/unga_general_debate_verbatim_en/automatic_transcripts_unofficial/UNGA2026_day5_EN_ASR.json,"{""char_end"": 12773, ""char_start"": 10634, ""end"": 16532.23, ""extracted_block"": 1, ""json_pointer"": ""/transcript/data/31/paragraphs/0"", ""origin_file"": ""data/unga_general_debate_verbatim_en/automatic_transcripts_unofficial/UNGA2026_day5_EN_ASR.json"", ""origin_sha256"": ""d398da93960901552fb297f7a7361480c845b32c955d8b6e5e1d9e367d7e1eaa"", ""paragraph"": 1, ""start"": 15190.02, ""statement_start"": 15190.02}",The global dialogue on AI governance can help to translate that common understanding into common objectives.,reviewed,False,global dialogue on ai governance,global dialogue on AI governance,en
E00516,verbatim_en_2026_SGP:6,2026_SGP,2026,SGP,Asia-Pacific States,data/analysis_ready_en/2026/2026_SGP.json,f74f30e752ebd35401299d92a009210f994ede32d1c41742a2e9c13dfb1d2ace,data/unga_general_debate_verbatim_en/automatic_transcripts_unofficial/UNGA2026_day5_EN_ASR.json,"{""char_end"": 12773, ""char_start"": 10634, ""end"": 16532.23, ""extracted_block"": 1, ""json_pointer"": ""/transcript/data/31/paragraphs/0"", ""origin_file"": ""data/unga_general_debate_verbatim_en/automatic_transcripts_unofficial/UNGA2026_day5_EN_ASR.json"", ""origin_sha256"": ""d398da93960901552fb297f7a7361480c845b32c955d8b6e5e1d9e367d7e1eaa"", ""paragraph"": 1, ""start"": 15190.02, ""statement_start"": 15190.02}",to report serious incidents quickly across borders,uncertain,False,incident reporting,report serious incidents,en
E00516,verbatim_en_2026_SGP:6,2026_SGP,2026,SGP,Asia-Pacific States,data/analysis_ready_en/2026/2026_SGP.json,f74f30e752ebd35401299d92a009210f994ede32d1c41742a2e9c13dfb1d2ace,data/unga_general_debate_verbatim_en/automatic_transcripts_unofficial/UNGA2026_day5_EN_ASR.json,"{""char_end"": 12773, ""char_start"": 10634, ""end"": 16532.23, ""extracted_block"": 1, ""json_pointer"": ""/transcript/data/31/paragraphs/0"", ""origin_file"": ""data/unga_general_debate_verbatim_en/automatic_transcripts_unofficial/UNGA2026_day5_EN_ASR.json"", ""origin_sha256"": ""d398da93960901552fb297f7a7361480c845b32c955d8b6e5e1d9e367d7e1eaa"", ""paragraph"": 1, ""start"": 15190.02, ""statement_start"": 15190.02}","the UN's independent international scientific panel on AI, already helps to establish a common understanding based on evidence.",reviewed,False,independent international scientific panel on ai,independent international scientific panel on AI,en
E00516,verbatim_en_2026_SGP:6,2026_SGP,2026,SGP,Asia-Pacific States,data/analysis_ready_en/2026/2026_SGP.json,f74f30e752ebd35401299d92a009210f994ede32d1c41742a2e9c13dfb1d2ace,data/unga_general_debate_verbatim_en/automatic_transcripts_unofficial/UNGA2026_day5_EN_ASR.json,"{""char_end"": 12773, ""char_start"": 10634, ""end"": 16532.23, ""extracted_block"": 1, ""json_pointer"": ""/transcript/data/31/paragraphs/0"", ""origin_file"": ""data/unga_general_debate_verbatim_en/automatic_transcripts_unofficial/UNGA2026_day5_EN_ASR.json"", ""origin_sha256"": ""d398da93960901552fb297f7a7361480c845b32c955d8b6e5e1d9e367d7e1eaa"", ""paragraph"": 1, ""start"": 15190.02, ""statement_start"": 15190.02}",including the idea of a UN framework convention on AI safeguards.,reviewed,False,un framework convention on ai safeguards,UN framework convention on AI safeguards,en
E00517,verbatim_en_2026_SGP:7,2026_SGP,2026,SGP,Asia-Pacific States,data/analysis_ready_en/2026/2026_SGP.json,f74f30e752ebd35401299d92a009210f994ede32d1c41742a2e9c13dfb1d2ace,data/unga_general_debate_verbatim_en/automatic_transcripts_unofficial/UNGA2026_day5_EN_ASR.json,"{""char_end"": 14822, ""char_start"": 12774, ""end"": 16532.23, ""extracted_block"": 1, ""json_pointer"": ""/transcript/data/31/paragraphs/0"", ""origin_file"": ""data/unga_general_debate_verbatim_en/automatic_transcripts_unofficial/UNGA2026_day5_EN_ASR.json"", ""origin_sha256"": ""d398da93960901552fb297f7a7361480c845b32c955d8b6e5e1d9e367d7e1eaa"", ""paragraph"": 1, ""start"": 15190.02, ""statement_start"": 15190.02}",by making our governance frameworks and testing tools available to all.,reviewed,False,testing tools,testing tools,en
E00518,verbatim_en_2026_SLB:4,2026_SLB,2026,SLB,Asia-Pacific States,data/analysis_ready_en/2026/2026_SLB.json,9aeaa8309c69350b7b94cdd18cae5c30dbc0120955b44080a95ed7ead3639b33,data/unga_general_debate_verbatim_en/automatic_transcripts_unofficial/UNGA2026_day4_EN_ASR.json,"{""char_end"": 4322, ""char_start"": 2072, ""end"": 15833.23, ""extracted_block"": 2, ""json_pointer"": ""/transcript/data/21/paragraphs/1"", ""origin_file"": ""data/unga_general_debate_verbatim_en/automatic_transcripts_unofficial/UNGA2026_day4_EN_ASR.json"", ""origin_sha256"": ""1c43e6b9024f9c46d1e134590e19b4bfa3567b0a9cac7c5f0a29794d0b9dd1a6"", ""paragraph"": 2, ""start"": 14400.43, ""statement_start"": 14165.99}",But a widening digital divide threatens to leave developing countries further behind.,reviewed,False,digital divide,digital divide,en
E00518,verbatim_en_2026_SLB:4,2026_SLB,2026,SLB,Asia-Pacific States,data/analysis_ready_en/2026/2026_SLB.json,9aeaa8309c69350b7b94cdd18cae5c30dbc0120955b44080a95ed7ead3639b33,data/unga_general_debate_verbatim_en/automatic_transcripts_unofficial/UNGA2026_day4_EN_ASR.json,"{""char_end"": 4322, ""char_start"": 2072, ""end"": 15833.23, ""extracted_block"": 2, ""json_pointer"": ""/transcript/data/21/paragraphs/1"", ""origin_file"": ""data/unga_general_debate_verbatim_en/automatic_transcripts_unofficial/UNGA2026_day4_EN_ASR.json"", ""origin_sha256"": ""1c43e6b9024f9c46d1e134590e19b4bfa3567b0a9cac7c5f0a29794d0b9dd1a6"", ""paragraph"": 2, ""start"": 14400.43, ""statement_start"": 14165.99}",an inclusive and transparent international governance framework on AI,uncertain,False,international ai governance framework,international governance framework on AI,en
E00518,verbatim_en_2026_SLB:4,2026_SLB,2026,SLB,Asia-Pacific States,data/analysis_ready_en/2026/2026_SLB.json,9aeaa8309c69350b7b94cdd18cae5c30dbc0120955b44080a95ed7ead3639b33,data/unga_general_debate_verbatim_en/automatic_transcripts_unofficial/UNGA2026_day4_EN_ASR.json,"{""char_end"": 4322, ""char_start"": 2072, ""end"": 15833.23, ""extracted_block"": 2, ""json_pointer"": ""/transcript/data/21/paragraphs/1"", ""origin_file"": ""data/unga_general_debate_verbatim_en/automatic_transcripts_unofficial/UNGA2026_day4_EN_ASR.json"", ""origin_sha256"": ""1c43e6b9024f9c46d1e134590e19b4bfa3567b0a9cac7c5f0a29794d0b9dd1a6"", ""paragraph"": 2, ""start"": 14400.43, ""statement_start"": 14165.99}",the need for an inclusive and transparent international governance framework on AI,uncertain,False,international governance framework on ai,inclusive and transparent international governance framework on AI,en
E00519,verbatim_en_2026_SLE:5,2026_SLE,2026,SLE,African States,data/analysis_ready_en/2026/2026_SLE.json,4ca2fcbe2c291a449e9038cacfb562523300805496bedcaa9ad2e6aa31954573,data/unga_general_debate_verbatim_en/automatic_transcripts_unofficial/UNGA2026_day1_EN_ASR.json,"{""char_end"": 11277, ""char_start"": 8972, ""end"": 28799.11, ""extracted_block"": 1, ""json_pointer"": ""/transcript/data/40/paragraphs/0"", ""origin_file"": ""data/unga_general_debate_verbatim_en/automatic_transcripts_unofficial/UNGA2026_day1_EN_ASR.json"", ""origin_sha256"": ""c2ea4447e91a784516298f9c67597d8555c865e03b57840edc1644a8b924df75"", ""paragraph"": 1, ""start"": 27416.31, ""statement_start"": 27416.31}","infrastructure, knowledge, and rule-making remains concentrated in a few countries",uncertain,False,rule-making,rule-making,en
E00520,verbatim_en_2026_SLV:6,2026_SLV,2026,SLV,Latin American and Caribbean States,data/analysis_ready_en/2026/2026_SLV.json,ed6bb08c1d7054b4bf7369d6f748b1badfbe14e433a1d39ed5636922b35578e9,data/unga_general_debate_verbatim_en/automatic_transcripts_unofficial/UNGA2026_day6_EN_ASR.json,"{""char_end"": 4202, ""char_start"": 1934, ""end"": 7785.95, ""extracted_block"": 2, ""json_pointer"": ""/transcript/data/9/paragraphs/1"", ""origin_file"": ""data/unga_general_debate_verbatim_en/automatic_transcripts_unofficial/UNGA2026_day6_EN_ASR.json"", ""origin_sha256"": ""00ded7b1b2b5d8831cda241976809e06923b67ea74125c9bcb3a31cb258c3d7c"", ""paragraph"": 2, ""start"": 7200.19, ""statement_start"": 6628.73}","Heading up alongside Estonia, the Global Dialogue on Artificial Intelligence Governance",reviewed,False,global dialogue on ai governance,Global Dialogue on Artificial Intelligence Governance,en
E00521,verbatim_en_2026_SMR:6,2026_SMR,2026,SMR,Western European and other States,data/analysis_ready_en/2026/2026_SMR.json,d8b24bec0862fbbf8bac2c444801b0a1226d60e2e0e541523671246214f4246f,data/unga_general_debate_verbatim_en/automatic_transcripts_unofficial/UNGA2026_day5_EN_ASR.json,"{""char_end"": 13383, ""char_start"": 11190, ""end"": 24269.59, ""extracted_block"": 1, ""json_pointer"": ""/transcript/data/45/paragraphs/0"", ""origin_file"": ""data/unga_general_debate_verbatim_en/automatic_transcripts_unofficial/UNGA2026_day5_EN_ASR.json"", ""origin_sha256"": ""d398da93960901552fb297f7a7361480c845b32c955d8b6e5e1d9e367d7e1eaa"", ""paragraph"": 1, ""start"": 23047.09, ""statement_start"": 23047.09}","the rapid development of artificial intelligences and cyber capabilities, increase the risk of escalation.",uncertain,False,risk of escalation,risk of escalation,en
E00522,verbatim_en_2026_SMR:7,2026_SMR,2026,SMR,Western European and other States,data/analysis_ready_en/2026/2026_SMR.json,d8b24bec0862fbbf8bac2c444801b0a1226d60e2e0e541523671246214f4246f,data/unga_general_debate_verbatim_en/automatic_transcripts_unofficial/UNGA2026_day5_EN_ASR.json,"{""char_end"": 15660, ""char_start"": 13384, ""end"": 24269.59, ""extracted_block"": 1, ""json_pointer"": ""/transcript/data/45/paragraphs/0"", ""origin_file"": ""data/unga_general_debate_verbatim_en/automatic_transcripts_unofficial/UNGA2026_day5_EN_ASR.json"", ""origin_sha256"": ""d398da93960901552fb297f7a7361480c845b32c955d8b6e5e1d9e367d7e1eaa"", ""paragraph"": 1, ""start"": 23047.09, ""statement_start"": 23047.09}",or regulate global technology alone.,uncertain,False,regulate global technology,regulate global technology,en
E00522,verbatim_en_2026_SMR:7,2026_SMR,2026,SMR,Western European and other States,data/analysis_ready_en/2026/2026_SMR.json,d8b24bec0862fbbf8bac2c444801b0a1226d60e2e0e541523671246214f4246f,data/unga_general_debate_verbatim_en/automatic_transcripts_unofficial/UNGA2026_day5_EN_ASR.json,"{""char_end"": 15660, ""char_start"": 13384, ""end"": 24269.59, ""extracted_block"": 1, ""json_pointer"": ""/transcript/data/45/paragraphs/0"", ""origin_file"": ""data/unga_general_debate_verbatim_en/automatic_transcripts_unofficial/UNGA2026_day5_EN_ASR.json"", ""origin_sha256"": ""d398da93960901552fb297f7a7361480c845b32c955d8b6e5e1d9e367d7e1eaa"", ""paragraph"": 1, ""start"": 23047.09, ""statement_start"": 23047.09}",The rule must keep peace with innovation.,uncertain,False,rules keep pace with innovation,The rule must keep peace with innovation,en
E00523,verbatim_en_2026_SRB:8,2026_SRB,2026,SRB,Eastern European States,data/analysis_ready_en/2026/2026_SRB.json,51d5e442af2d173c4675686f9c175e0e9dd9991effdf52d922134a30f1ffb5b8,data/unga_general_debate_verbatim_en/automatic_transcripts_unofficial/UNGA2026_day2_EN_ASR.json,"{""char_end"": 16004, ""char_start"": 14088, ""end"": 31222.27, ""extracted_block"": 1, ""json_pointer"": ""/transcript/data/50/paragraphs/0"", ""origin_file"": ""data/unga_general_debate_verbatim_en/automatic_transcripts_unofficial/UNGA2026_day2_EN_ASR.json"", ""origin_sha256"": ""1d48a568967de80ba6f0e040bcda57d9df79e12a3e50907b327f1fa68aa29a92"", ""paragraph"": 1, ""start"": 30030.92, ""statement_start"": 30030.92}",We are in the midst of a technological transformation whose full reach we are only beginning to understand.,uncertain,False,technological transformation,technological transformation,en
E00524,verbatim_en_2026_SRB:9,2026_SRB,2026,SRB,Eastern European States,data/analysis_ready_en/2026/2026_SRB.json,51d5e442af2d173c4675686f9c175e0e9dd9991effdf52d922134a30f1ffb5b8,data/unga_general_debate_verbatim_en/automatic_transcripts_unofficial/UNGA2026_day2_EN_ASR.json,"{""char_end"": 18184, ""char_start"": 16005, ""end"": 31222.27, ""extracted_block"": 1, ""json_pointer"": ""/transcript/data/50/paragraphs/0"", ""origin_file"": ""data/unga_general_debate_verbatim_en/automatic_transcripts_unofficial/UNGA2026_day2_EN_ASR.json"", ""origin_sha256"": ""1d48a568967de80ba6f0e040bcda57d9df79e12a3e50907b327f1fa68aa29a92"", ""paragraph"": 1, ""start"": 30030.92, ""statement_start"": 30030.92}",The Belgrade Ministerial Declaration received the support of 44 member states,reviewed,False,belgrade ministerial declaration,Belgrade Ministerial Declaration,en
E00524,verbatim_en_2026_SRB:9,2026_SRB,2026,SRB,Eastern European States,data/analysis_ready_en/2026/2026_SRB.json,51d5e442af2d173c4675686f9c175e0e9dd9991effdf52d922134a30f1ffb5b8,data/unga_general_debate_verbatim_en/automatic_transcripts_unofficial/UNGA2026_day2_EN_ASR.json,"{""char_end"": 18184, ""char_start"": 16005, ""end"": 31222.27, ""extracted_block"": 1, ""json_pointer"": ""/transcript/data/50/paragraphs/0"", ""origin_file"": ""data/unga_general_debate_verbatim_en/automatic_transcripts_unofficial/UNGA2026_day2_EN_ASR.json"", ""origin_sha256"": ""1d48a568967de80ba6f0e040bcda57d9df79e12a3e50907b327f1fa68aa29a92"", ""paragraph"": 1, ""start"": 30030.92, ""statement_start"": 30030.92}",and bridging the digital divide,uncertain,False,digital divide,digital divide,en
E00524,verbatim_en_2026_SRB:9,2026_SRB,2026,SRB,Eastern European States,data/analysis_ready_en/2026/2026_SRB.json,51d5e442af2d173c4675686f9c175e0e9dd9991effdf52d922134a30f1ffb5b8,data/unga_general_debate_verbatim_en/automatic_transcripts_unofficial/UNGA2026_day2_EN_ASR.json,"{""char_end"": 18184, ""char_start"": 16005, ""end"": 31222.27, ""extracted_block"": 1, ""json_pointer"": ""/transcript/data/50/paragraphs/0"", ""origin_file"": ""data/unga_general_debate_verbatim_en/automatic_transcripts_unofficial/UNGA2026_day2_EN_ASR.json"", ""origin_sha256"": ""1d48a568967de80ba6f0e040bcda57d9df79e12a3e50907b327f1fa68aa29a92"", ""paragraph"": 1, ""start"": 30030.92, ""statement_start"": 30030.92}","in the Global Partnership of Artificial Intelligence, which Serbia chaired in 2025",reviewed,False,global partnership on ai,Global Partnership of Artificial Intelligence,en
E00524,verbatim_en_2026_SRB:9,2026_SRB,2026,SRB,Eastern European States,data/analysis_ready_en/2026/2026_SRB.json,51d5e442af2d173c4675686f9c175e0e9dd9991effdf52d922134a30f1ffb5b8,data/unga_general_debate_verbatim_en/automatic_transcripts_unofficial/UNGA2026_day2_EN_ASR.json,"{""char_end"": 18184, ""char_start"": 16005, ""end"": 31222.27, ""extracted_block"": 1, ""json_pointer"": ""/transcript/data/50/paragraphs/0"", ""origin_file"": ""data/unga_general_debate_verbatim_en/automatic_transcripts_unofficial/UNGA2026_day2_EN_ASR.json"", ""origin_sha256"": ""1d48a568967de80ba6f0e040bcda57d9df79e12a3e50907b327f1fa68aa29a92"", ""paragraph"": 1, ""start"": 30030.92, ""statement_start"": 30030.92}","safe, sustainable, and human-centered artificial intelligence",reviewed,False,human-centered ai,human-centered artificial intelligence,en
E00525,verbatim_en_2026_STP:4,2026_STP,2026,STP,African States,data/analysis_ready_en/2026/2026_STP.json,8732a5d10adb8dd68c9efec7d8bb329a616d428e14aff76f9b6f9f72ef0b6016,data/unga_general_debate_verbatim_en/automatic_transcripts_unofficial/UNGA2026_day5_EN_ASR.json,"{""char_end"": 9053, ""char_start"": 6815, ""end"": 30706.63, ""extracted_block"": 1, ""json_pointer"": ""/transcript/data/59/paragraphs/0"", ""origin_file"": ""data/unga_general_debate_verbatim_en/automatic_transcripts_unofficial/UNGA2026_day5_EN_ASR.json"", ""origin_sha256"": ""d398da93960901552fb297f7a7361480c845b32c955d8b6e5e1d9e367d7e1eaa"", ""paragraph"": 1, ""start"": 29716.67, ""statement_start"": 29716.67}",We advocate responsible technology governance centered on human dignity,uncertain,False,responsible technology governance,responsible technology governance,en
E00526,verbatim_en_2026_SUR:4,2026_SUR,2026,SUR,Latin American and Caribbean States,data/analysis_ready_en/2026/2026_SUR.json,9c57ab30a728ed01569061c1db72177369cc8e5f5b19e03a66ee0987782d869a,data/unga_general_debate_verbatim_en/automatic_transcripts_unofficial/UNGA2026_day1_EN_ASR.json,"{""char_end"": 8831, ""char_start"": 6570, ""end"": 27348.39, ""extracted_block"": 1, ""json_pointer"": ""/transcript/data/38/paragraphs/0"", ""origin_file"": ""data/unga_general_debate_verbatim_en/automatic_transcripts_unofficial/UNGA2026_day1_EN_ASR.json"", ""origin_sha256"": ""c2ea4447e91a784516298f9c67597d8555c865e03b57840edc1644a8b924df75"", ""paragraph"": 1, ""start"": 26419.47, ""statement_start"": 26419.47}",only if we can implement AI responsibly and controlled,uncertain,False,responsible ai,implement AI responsibly and controlled,en
E00528,verbatim_en_2026_SVK:2,2026_SVK,2026,SVK,Eastern European States,data/analysis_ready_en/2026/2026_SVK.json,f8001c2962dba61742b35fa70ba730f6f9ffbfa870f8701ccc6dc9da5dd879a9,data/unga_general_debate_verbatim_en/automatic_transcripts_unofficial/UNGA2026_day2_EN_ASR.json,"{""char_end"": 4195, ""char_start"": 2081, ""end"": 27990.23, ""extracted_block"": 1, ""json_pointer"": ""/transcript/data/46/paragraphs/0"", ""origin_file"": ""data/unga_general_debate_verbatim_en/automatic_transcripts_unofficial/UNGA2026_day2_EN_ASR.json"", ""origin_sha256"": ""1d48a568967de80ba6f0e040bcda57d9df79e12a3e50907b327f1fa68aa29a92"", ""paragraph"": 1, ""start"": 27260.85, ""statement_start"": 27260.85}",The growing use of AI-powered weapons and autonomous systems also requires urgent attention.,uncertain,False,ai-powered weapons,AI-powered weapons,en
E00528,verbatim_en_2026_SVK:2,2026_SVK,2026,SVK,Eastern European States,data/analysis_ready_en/2026/2026_SVK.json,f8001c2962dba61742b35fa70ba730f6f9ffbfa870f8701ccc6dc9da5dd879a9,data/unga_general_debate_verbatim_en/automatic_transcripts_unofficial/UNGA2026_day2_EN_ASR.json,"{""char_end"": 4195, ""char_start"": 2081, ""end"": 27990.23, ""extracted_block"": 1, ""json_pointer"": ""/transcript/data/46/paragraphs/0"", ""origin_file"": ""data/unga_general_debate_verbatim_en/automatic_transcripts_unofficial/UNGA2026_day2_EN_ASR.json"", ""origin_sha256"": ""1d48a568967de80ba6f0e040bcda57d9df79e12a3e50907b327f1fa68aa29a92"", ""paragraph"": 1, ""start"": 27260.85, ""statement_start"": 27260.85}",The growing use of AI-powered weapons and autonomous systems,uncertain,False,autonomous weapons,AI-powered weapons and autonomous systems,en
E00528,verbatim_en_2026_SVK:2,2026_SVK,2026,SVK,Eastern European States,data/analysis_ready_en/2026/2026_SVK.json,f8001c2962dba61742b35fa70ba730f6f9ffbfa870f8701ccc6dc9da5dd879a9,data/unga_general_debate_verbatim_en/automatic_transcripts_unofficial/UNGA2026_day2_EN_ASR.json,"{""char_end"": 4195, ""char_start"": 2081, ""end"": 27990.23, ""extracted_block"": 1, ""json_pointer"": ""/transcript/data/46/paragraphs/0"", ""origin_file"": ""data/unga_general_debate_verbatim_en/automatic_transcripts_unofficial/UNGA2026_day2_EN_ASR.json"", ""origin_sha256"": ""1d48a568967de80ba6f0e040bcda57d9df79e12a3e50907b327f1fa68aa29a92"", ""paragraph"": 1, ""start"": 27260.85, ""statement_start"": 27260.85}",machines should never be allowed to make life-or-death decisions on their own.,reviewed,False,life-or-death decisions,life-or-death decisions,en
E00528,verbatim_en_2026_SVK:2,2026_SVK,2026,SVK,Eastern European States,data/analysis_ready_en/2026/2026_SVK.json,f8001c2962dba61742b35fa70ba730f6f9ffbfa870f8701ccc6dc9da5dd879a9,data/unga_general_debate_verbatim_en/automatic_transcripts_unofficial/UNGA2026_day2_EN_ASR.json,"{""char_end"": 4195, ""char_start"": 2081, ""end"": 27990.23, ""extracted_block"": 1, ""json_pointer"": ""/transcript/data/46/paragraphs/0"", ""origin_file"": ""data/unga_general_debate_verbatim_en/automatic_transcripts_unofficial/UNGA2026_day2_EN_ASR.json"", ""origin_sha256"": ""1d48a568967de80ba6f0e040bcda57d9df79e12a3e50907b327f1fa68aa29a92"", ""paragraph"": 1, ""start"": 27260.85, ""statement_start"": 27260.85}",It can be also a tool for peace.,uncertain,False,tool for peace,tool for peace,en
E00529,verbatim_en_2026_SVK:3,2026_SVK,2026,SVK,Eastern European States,data/analysis_ready_en/2026/2026_SVK.json,f8001c2962dba61742b35fa70ba730f6f9ffbfa870f8701ccc6dc9da5dd879a9,data/unga_general_debate_verbatim_en/automatic_transcripts_unofficial/UNGA2026_day2_EN_ASR.json,"{""char_end"": 6367, ""char_start"": 4196, ""end"": 27990.23, ""extracted_block"": 1, ""json_pointer"": ""/transcript/data/46/paragraphs/0"", ""origin_file"": ""data/unga_general_debate_verbatim_en/automatic_transcripts_unofficial/UNGA2026_day2_EN_ASR.json"", ""origin_sha256"": ""1d48a568967de80ba6f0e040bcda57d9df79e12a3e50907b327f1fa68aa29a92"", ""paragraph"": 1, ""start"": 27260.85, ""statement_start"": 27260.85}","With responsible use, proper human oversight, and good governance",uncertain,False,human oversight,human oversight,en
E00530,verbatim_en_2026_SWZ:4,2026_SWZ,2026,SWZ,African States,data/analysis_ready_en/2026/2026_SWZ.json,a97e0d18bbc6dcdc157bd32ddfe5744de2875b813e41604a3e79e84788aea860,data/unga_general_debate_verbatim_en/automatic_transcripts_unofficial/UNGA2026_day2_EN_ASR.json,"{""char_end"": 9269, ""char_start"": 6848, ""end"": 35118.75, ""extracted_block"": 1, ""json_pointer"": ""/transcript/data/56/paragraphs/0"", ""origin_file"": ""data/unga_general_debate_verbatim_en/automatic_transcripts_unofficial/UNGA2026_day2_EN_ASR.json"", ""origin_sha256"": ""1d48a568967de80ba6f0e040bcda57d9df79e12a3e50907b327f1fa68aa29a92"", ""paragraph"": 1, ""start"": 33613.99, ""statement_start"": 33613.99}",innovation must be governed by responsibility and accountability,uncertain,False,accountability,accountability,en
E00530,verbatim_en_2026_SWZ:4,2026_SWZ,2026,SWZ,African States,data/analysis_ready_en/2026/2026_SWZ.json,a97e0d18bbc6dcdc157bd32ddfe5744de2875b813e41604a3e79e84788aea860,data/unga_general_debate_verbatim_en/automatic_transcripts_unofficial/UNGA2026_day2_EN_ASR.json,"{""char_end"": 9269, ""char_start"": 6848, ""end"": 35118.75, ""extracted_block"": 1, ""json_pointer"": ""/transcript/data/56/paragraphs/0"", ""origin_file"": ""data/unga_general_debate_verbatim_en/automatic_transcripts_unofficial/UNGA2026_day2_EN_ASR.json"", ""origin_sha256"": ""1d48a568967de80ba6f0e040bcda57d9df79e12a3e50907b327f1fa68aa29a92"", ""paragraph"": 1, ""start"": 33613.99, ""statement_start"": 33613.99}",the risk of a widening digital divide,reviewed,False,digital divide,digital divide,en
E00530,verbatim_en_2026_SWZ:4,2026_SWZ,2026,SWZ,African States,data/analysis_ready_en/2026/2026_SWZ.json,a97e0d18bbc6dcdc157bd32ddfe5744de2875b813e41604a3e79e84788aea860,data/unga_general_debate_verbatim_en/automatic_transcripts_unofficial/UNGA2026_day2_EN_ASR.json,"{""char_end"": 9269, ""char_start"": 6848, ""end"": 35118.75, ""extracted_block"": 1, ""json_pointer"": ""/transcript/data/56/paragraphs/0"", ""origin_file"": ""data/unga_general_debate_verbatim_en/automatic_transcripts_unofficial/UNGA2026_day2_EN_ASR.json"", ""origin_sha256"": ""1d48a568967de80ba6f0e040bcda57d9df79e12a3e50907b327f1fa68aa29a92"", ""paragraph"": 1, ""start"": 33613.99, ""statement_start"": 33613.99}",while retaining human agency and control,reviewed,False,human agency and control,human agency and control,en
E00531,verbatim_en_2026_SYC:3,2026_SYC,2026,SYC,African States,data/analysis_ready_en/2026/2026_SYC.json,575564f94c02353ea2291b102baa5a05223719b9e453b5519263dba360c8f575,data/unga_general_debate_verbatim_en/automatic_transcripts_unofficial/UNGA2026_day1_EN_ASR.json,"{""char_end"": 4796, ""char_start"": 2416, ""end"": 32952.83, ""extracted_block"": 2, ""json_pointer"": ""/transcript/data/48/paragraphs/1"", ""origin_file"": ""data/unga_general_debate_verbatim_en/automatic_transcripts_unofficial/UNGA2026_day1_EN_ASR.json"", ""origin_sha256"": ""c2ea4447e91a784516298f9c67597d8555c865e03b57840edc1644a8b924df75"", ""paragraph"": 2, ""start"": 32400.11, ""statement_start"": 32178.27}",enabling new forms of warfare and cybercrime,reviewed,False,cybercrime,cybercrime,en
E00531,verbatim_en_2026_SYC:3,2026_SYC,2026,SYC,African States,data/analysis_ready_en/2026/2026_SYC.json,575564f94c02353ea2291b102baa5a05223719b9e453b5519263dba360c8f575,data/unga_general_debate_verbatim_en/automatic_transcripts_unofficial/UNGA2026_day1_EN_ASR.json,"{""char_end"": 4796, ""char_start"": 2416, ""end"": 32952.83, ""extracted_block"": 2, ""json_pointer"": ""/transcript/data/48/paragraphs/1"", ""origin_file"": ""data/unga_general_debate_verbatim_en/automatic_transcripts_unofficial/UNGA2026_day1_EN_ASR.json"", ""origin_sha256"": ""c2ea4447e91a784516298f9c67597d8555c865e03b57840edc1644a8b924df75"", ""paragraph"": 2, ""start"": 32400.11, ""statement_start"": 32178.27}",We call for global digital governance anchored in human rights,reviewed,False,global digital governance,global digital governance,en
E00531,verbatim_en_2026_SYC:3,2026_SYC,2026,SYC,African States,data/analysis_ready_en/2026/2026_SYC.json,575564f94c02353ea2291b102baa5a05223719b9e453b5519263dba360c8f575,data/unga_general_debate_verbatim_en/automatic_transcripts_unofficial/UNGA2026_day1_EN_ASR.json,"{""char_end"": 4796, ""char_start"": 2416, ""end"": 32952.83, ""extracted_block"": 2, ""json_pointer"": ""/transcript/data/48/paragraphs/1"", ""origin_file"": ""data/unga_general_debate_verbatim_en/automatic_transcripts_unofficial/UNGA2026_day1_EN_ASR.json"", ""origin_sha256"": ""c2ea4447e91a784516298f9c67597d8555c865e03b57840edc1644a8b924df75"", ""paragraph"": 2, ""start"": 32400.11, ""statement_start"": 32178.27}",opportunities for development and ocean management,uncertain,False,ocean management,ocean management,en
E00533,verbatim_en_2026_TGO:6,2026_TGO,2026,TGO,African States,data/analysis_ready_en/2026/2026_TGO.json,5c7538ae2e4760ad249d593167576f002f91be1dd70e901b026b271bf50f3d6c,data/unga_general_debate_verbatim_en/automatic_transcripts_unofficial/UNGA2026_day4_EN_ASR.json,"{""char_end"": 4204, ""char_start"": 2143, ""end"": 46079.63, ""extracted_block"": 3, ""json_pointer"": ""/transcript/data/72/paragraphs/2"", ""origin_file"": ""data/unga_general_debate_verbatim_en/automatic_transcripts_unofficial/UNGA2026_day4_EN_ASR.json"", ""origin_sha256"": ""1c43e6b9024f9c46d1e134590e19b4bfa3567b0a9cac7c5f0a29794d0b9dd1a6"", ""paragraph"": 3, ""start"": 45620.83, ""statement_start"": 44956.67}",The government also rely on special information and artificial intelligence system increasingly interpret our planet through digital data and cartographic representation.,uncertain,False,artificial intelligence system,artificial intelligence system,en
E00534,verbatim_en_2026_TJK:3,2026_TJK,2026,TJK,Asia-Pacific States,data/analysis_ready_en/2026/2026_TJK.json,8e3cf52d7ec6d41185638045548b01d8d5e9b34eb7ea6eebae4c3fe5bd9e373c,data/unga_general_debate_verbatim_en/automatic_transcripts_unofficial/UNGA2026_day5_EN_ASR.json,"{""char_end"": 6714, ""char_start"": 4569, ""end"": 20895.31, ""extracted_block"": 1, ""json_pointer"": ""/transcript/data/41/paragraphs/0"", ""origin_file"": ""data/unga_general_debate_verbatim_en/automatic_transcripts_unofficial/UNGA2026_day5_EN_ASR.json"", ""origin_sha256"": ""d398da93960901552fb297f7a7361480c845b32c955d8b6e5e1d9e367d7e1eaa"", ""paragraph"": 1, ""start"": 19849.21, ""statement_start"": 19849.21}","It should become a force for development, opportunity, and reducing inequality.",uncertain,False,ai for development,a force for development,en
E00534,verbatim_en_2026_TJK:3,2026_TJK,2026,TJK,Asia-Pacific States,data/analysis_ready_en/2026/2026_TJK.json,8e3cf52d7ec6d41185638045548b01d8d5e9b34eb7ea6eebae4c3fe5bd9e373c,data/unga_general_debate_verbatim_en/automatic_transcripts_unofficial/UNGA2026_day5_EN_ASR.json,"{""char_end"": 6714, ""char_start"": 4569, ""end"": 20895.31, ""extracted_block"": 1, ""json_pointer"": ""/transcript/data/41/paragraphs/0"", ""origin_file"": ""data/unga_general_debate_verbatim_en/automatic_transcripts_unofficial/UNGA2026_day5_EN_ASR.json"", ""origin_sha256"": ""d398da93960901552fb297f7a7361480c845b32c955d8b6e5e1d9e367d7e1eaa"", ""paragraph"": 1, ""start"": 19849.21, ""statement_start"": 19849.21}",AI could compress decades of development into years.,uncertain,False,compress decades of development,compress decades of development into years,en
E00535,verbatim_en_2026_TJK:4,2026_TJK,2026,TJK,Asia-Pacific States,data/analysis_ready_en/2026/2026_TJK.json,8e3cf52d7ec6d41185638045548b01d8d5e9b34eb7ea6eebae4c3fe5bd9e373c,data/unga_general_debate_verbatim_en/automatic_transcripts_unofficial/UNGA2026_day5_EN_ASR.json,"{""char_end"": 9074, ""char_start"": 6715, ""end"": 20895.31, ""extracted_block"": 1, ""json_pointer"": ""/transcript/data/41/paragraphs/0"", ""origin_file"": ""data/unga_general_debate_verbatim_en/automatic_transcripts_unofficial/UNGA2026_day5_EN_ASR.json"", ""origin_sha256"": ""d398da93960901552fb297f7a7361480c845b32c955d8b6e5e1d9e367d7e1eaa"", ""paragraph"": 1, ""start"": 19849.21, ""statement_start"": 19849.21}",Innovation must serve humanity.,uncertain,False,innovation must serve humanity,Innovation must serve humanity,en
E00535,verbatim_en_2026_TJK:4,2026_TJK,2026,TJK,Asia-Pacific States,data/analysis_ready_en/2026/2026_TJK.json,8e3cf52d7ec6d41185638045548b01d8d5e9b34eb7ea6eebae4c3fe5bd9e373c,data/unga_general_debate_verbatim_en/automatic_transcripts_unofficial/UNGA2026_day5_EN_ASR.json,"{""char_end"": 9074, ""char_start"": 6715, ""end"": 20895.31, ""extracted_block"": 1, ""json_pointer"": ""/transcript/data/41/paragraphs/0"", ""origin_file"": ""data/unga_general_debate_verbatim_en/automatic_transcripts_unofficial/UNGA2026_day5_EN_ASR.json"", ""origin_sha256"": ""d398da93960901552fb297f7a7361480c845b32c955d8b6e5e1d9e367d7e1eaa"", ""paragraph"": 1, ""start"": 19849.21, ""statement_start"": 19849.21}","the International Day of Safe, Secure and Trustworthy Artificial Intelligence",uncertain,False,"international day of safe, secure and trustworthy ai","International Day of Safe, Secure and Trustworthy Artificial Intelligence",en
E00535,verbatim_en_2026_TJK:4,2026_TJK,2026,TJK,Asia-Pacific States,data/analysis_ready_en/2026/2026_TJK.json,8e3cf52d7ec6d41185638045548b01d8d5e9b34eb7ea6eebae4c3fe5bd9e373c,data/unga_general_debate_verbatim_en/automatic_transcripts_unofficial/UNGA2026_day5_EN_ASR.json,"{""char_end"": 9074, ""char_start"": 6715, ""end"": 20895.31, ""extracted_block"": 1, ""json_pointer"": ""/transcript/data/41/paragraphs/0"", ""origin_file"": ""data/unga_general_debate_verbatim_en/automatic_transcripts_unofficial/UNGA2026_day5_EN_ASR.json"", ""origin_sha256"": ""d398da93960901552fb297f7a7361480c845b32c955d8b6e5e1d9e367d7e1eaa"", ""paragraph"": 1, ""start"": 19849.21, ""statement_start"": 19849.21}","the International Day of Safe, Secure and Trustworthy Artificial Intelligence",uncertain,False,"safe, secure and trustworthy artificial intelligence","Safe, Secure and Trustworthy Artificial Intelligence",en
E00536,verbatim_en_2026_TKM:2,2026_TKM,2026,TKM,Asia-Pacific States,data/analysis_ready_en/2026/2026_TKM.json,59e58f1e76ad15df3f646fd42244742cc33850a402b44be07b9ab305ff4cdd77,data/unga_general_debate_verbatim_en/automatic_transcripts_unofficial/UNGA2026_day6_EN_ASR.json,"{""char_end"": 4697, ""char_start"": 2302, ""end"": 16563.15, ""extracted_block"": 1, ""json_pointer"": ""/transcript/data/25/paragraphs/0"", ""origin_file"": ""data/unga_general_debate_verbatim_en/automatic_transcripts_unofficial/UNGA2026_day6_EN_ASR.json"", ""origin_sha256"": ""00ded7b1b2b5d8831cda241976809e06923b67ea74125c9bcb3a31cb258c3d7c"", ""paragraph"": 1, ""start"": 15812.34, ""statement_start"": 15812.34}",requiring responsible international governance,uncertain,False,responsible international governance,responsible international governance,en
E00537,verbatim_en_2026_TKM:3,2026_TKM,2026,TKM,Asia-Pacific States,data/analysis_ready_en/2026/2026_TKM.json,59e58f1e76ad15df3f646fd42244742cc33850a402b44be07b9ab305ff4cdd77,data/unga_general_debate_verbatim_en/automatic_transcripts_unofficial/UNGA2026_day6_EN_ASR.json,"{""char_end"": 6948, ""char_start"": 4698, ""end"": 16563.15, ""extracted_block"": 1, ""json_pointer"": ""/transcript/data/25/paragraphs/0"", ""origin_file"": ""data/unga_general_debate_verbatim_en/automatic_transcripts_unofficial/UNGA2026_day6_EN_ASR.json"", ""origin_sha256"": ""00ded7b1b2b5d8831cda241976809e06923b67ea74125c9bcb3a31cb258c3d7c"", ""paragraph"": 1, ""start"": 15812.34, ""statement_start"": 15812.34}",an international expert dialogue on digital trust and the responsible use of AI.,reviewed,False,digital trust,digital trust,en
E00537,verbatim_en_2026_TKM:3,2026_TKM,2026,TKM,Asia-Pacific States,data/analysis_ready_en/2026/2026_TKM.json,59e58f1e76ad15df3f646fd42244742cc33850a402b44be07b9ab305ff4cdd77,data/unga_general_debate_verbatim_en/automatic_transcripts_unofficial/UNGA2026_day6_EN_ASR.json,"{""char_end"": 6948, ""char_start"": 4698, ""end"": 16563.15, ""extracted_block"": 1, ""json_pointer"": ""/transcript/data/25/paragraphs/0"", ""origin_file"": ""data/unga_general_debate_verbatim_en/automatic_transcripts_unofficial/UNGA2026_day6_EN_ASR.json"", ""origin_sha256"": ""00ded7b1b2b5d8831cda241976809e06923b67ea74125c9bcb3a31cb258c3d7c"", ""paragraph"": 1, ""start"": 15812.34, ""statement_start"": 15812.34}",an international code for the peaceful use of AI in international relations and diplomacy.,uncertain,False,international code for peaceful use of ai,international code for the peaceful use of AI,en
E00537,verbatim_en_2026_TKM:3,2026_TKM,2026,TKM,Asia-Pacific States,data/analysis_ready_en/2026/2026_TKM.json,59e58f1e76ad15df3f646fd42244742cc33850a402b44be07b9ab305ff4cdd77,data/unga_general_debate_verbatim_en/automatic_transcripts_unofficial/UNGA2026_day6_EN_ASR.json,"{""char_end"": 6948, ""char_start"": 4698, ""end"": 16563.15, ""extracted_block"": 1, ""json_pointer"": ""/transcript/data/25/paragraphs/0"", ""origin_file"": ""data/unga_general_debate_verbatim_en/automatic_transcripts_unofficial/UNGA2026_day6_EN_ASR.json"", ""origin_sha256"": ""00ded7b1b2b5d8831cda241976809e06923b67ea74125c9bcb3a31cb258c3d7c"", ""paragraph"": 1, ""start"": 15812.34, ""statement_start"": 15812.34}",an international code for the peaceful use of AI in international relations and diplomacy.,uncertain,False,international code for the peaceful use of ai,international code for the peaceful use of AI,en
E00537,verbatim_en_2026_TKM:3,2026_TKM,2026,TKM,Asia-Pacific States,data/analysis_ready_en/2026/2026_TKM.json,59e58f1e76ad15df3f646fd42244742cc33850a402b44be07b9ab305ff4cdd77,data/unga_general_debate_verbatim_en/automatic_transcripts_unofficial/UNGA2026_day6_EN_ASR.json,"{""char_end"": 6948, ""char_start"": 4698, ""end"": 16563.15, ""extracted_block"": 1, ""json_pointer"": ""/transcript/data/25/paragraphs/0"", ""origin_file"": ""data/unga_general_debate_verbatim_en/automatic_transcripts_unofficial/UNGA2026_day6_EN_ASR.json"", ""origin_sha256"": ""00ded7b1b2b5d8831cda241976809e06923b67ea74125c9bcb3a31cb258c3d7c"", ""paragraph"": 1, ""start"": 15812.34, ""statement_start"": 15812.34}",the responsible use of AI,uncertain,False,responsible ai,responsible use of AI,en
E00539,verbatim_en_2026_TON:6,2026_TON,2026,TON,Asia-Pacific States,data/analysis_ready_en/2026/2026_TON.json,084b0e1d26bb4b8440e23473b7cdc7c8dafb797de3ae9bcaf499f0ee4ad833a4,data/unga_general_debate_verbatim_en/automatic_transcripts_unofficial/UNGA2026_day4_EN_ASR.json,"{""char_end"": 13019, ""char_start"": 11026, ""end"": 31302.71, ""extracted_block"": 1, ""json_pointer"": ""/transcript/data/46/paragraphs/0"", ""origin_file"": ""data/unga_general_debate_verbatim_en/automatic_transcripts_unofficial/UNGA2026_day4_EN_ASR.json"", ""origin_sha256"": ""1c43e6b9024f9c46d1e134590e19b4bfa3567b0a9cac7c5f0a29794d0b9dd1a6"", ""paragraph"": 1, ""start"": 30217.67, ""statement_start"": 30217.67}","the Pacific's data ocean, biodiversity, critical minerals, and traditional knowledge",uncertain,False,data ocean,data ocean,en
E00539,verbatim_en_2026_TON:6,2026_TON,2026,TON,Asia-Pacific States,data/analysis_ready_en/2026/2026_TON.json,084b0e1d26bb4b8440e23473b7cdc7c8dafb797de3ae9bcaf499f0ee4ad833a4,data/unga_general_debate_verbatim_en/automatic_transcripts_unofficial/UNGA2026_day4_EN_ASR.json,"{""char_end"": 13019, ""char_start"": 11026, ""end"": 31302.71, ""extracted_block"": 1, ""json_pointer"": ""/transcript/data/46/paragraphs/0"", ""origin_file"": ""data/unga_general_debate_verbatim_en/automatic_transcripts_unofficial/UNGA2026_day4_EN_ASR.json"", ""origin_sha256"": ""1c43e6b9024f9c46d1e134590e19b4bfa3567b0a9cac7c5f0a29794d0b9dd1a6"", ""paragraph"": 1, ""start"": 30217.67, ""statement_start"": 30217.67}",retain sovereignty over our national data,reviewed,False,data sovereignty,sovereignty over our national data,en
E00540,verbatim_en_2026_TTO:3,2026_TTO,2026,TTO,Latin American and Caribbean States,data/analysis_ready_en/2026/2026_TTO.json,615f3e15f1d732d40dd25810fb7e0dfe55956248e78d70c6951143cdba3f7de5,data/unga_general_debate_verbatim_en/automatic_transcripts_unofficial/UNGA2026_day1_EN_ASR.json,"{""char_end"": 6791, ""char_start"": 4370, ""end"": 38046.83, ""extracted_block"": 1, ""json_pointer"": ""/transcript/data/58/paragraphs/0"", ""origin_file"": ""data/unga_general_debate_verbatim_en/automatic_transcripts_unofficial/UNGA2026_day1_EN_ASR.json"", ""origin_sha256"": ""c2ea4447e91a784516298f9c67597d8555c865e03b57840edc1644a8b924df75"", ""paragraph"": 1, ""start"": 37223.04, ""statement_start"": 37223.04}","including cyber attacks, disinformation and deepfakes, autonomous weapons, criminal misuse of AI, and threats to critical infrastructure.",reviewed,False,autonomous weapons,autonomous weapons,en
E00540,verbatim_en_2026_TTO:3,2026_TTO,2026,TTO,Latin American and Caribbean States,data/analysis_ready_en/2026/2026_TTO.json,615f3e15f1d732d40dd25810fb7e0dfe55956248e78d70c6951143cdba3f7de5,data/unga_general_debate_verbatim_en/automatic_transcripts_unofficial/UNGA2026_day1_EN_ASR.json,"{""char_end"": 6791, ""char_start"": 4370, ""end"": 38046.83, ""extracted_block"": 1, ""json_pointer"": ""/transcript/data/58/paragraphs/0"", ""origin_file"": ""data/unga_general_debate_verbatim_en/automatic_transcripts_unofficial/UNGA2026_day1_EN_ASR.json"", ""origin_sha256"": ""c2ea4447e91a784516298f9c67597d8555c865e03b57840edc1644a8b924df75"", ""paragraph"": 1, ""start"": 37223.04, ""statement_start"": 37223.04}","including cyber attacks, disinformation and deepfakes, autonomous weapons, criminal misuse of AI, and threats to critical infrastructure.",reviewed,False,criminal misuse of ai,criminal misuse of AI,en
E00540,verbatim_en_2026_TTO:3,2026_TTO,2026,TTO,Latin American and Caribbean States,data/analysis_ready_en/2026/2026_TTO.json,615f3e15f1d732d40dd25810fb7e0dfe55956248e78d70c6951143cdba3f7de5,data/unga_general_debate_verbatim_en/automatic_transcripts_unofficial/UNGA2026_day1_EN_ASR.json,"{""char_end"": 6791, ""char_start"": 4370, ""end"": 38046.83, ""extracted_block"": 1, ""json_pointer"": ""/transcript/data/58/paragraphs/0"", ""origin_file"": ""data/unga_general_debate_verbatim_en/automatic_transcripts_unofficial/UNGA2026_day1_EN_ASR.json"", ""origin_sha256"": ""c2ea4447e91a784516298f9c67597d8555c865e03b57840edc1644a8b924df75"", ""paragraph"": 1, ""start"": 37223.04, ""statement_start"": 37223.04}","including cyber attacks, disinformation and deepfakes, autonomous weapons, criminal misuse of AI, and threats to critical infrastructure.",reviewed,False,deepfakes,deepfakes,en
E00540,verbatim_en_2026_TTO:3,2026_TTO,2026,TTO,Latin American and Caribbean States,data/analysis_ready_en/2026/2026_TTO.json,615f3e15f1d732d40dd25810fb7e0dfe55956248e78d70c6951143cdba3f7de5,data/unga_general_debate_verbatim_en/automatic_transcripts_unofficial/UNGA2026_day1_EN_ASR.json,"{""char_end"": 6791, ""char_start"": 4370, ""end"": 38046.83, ""extracted_block"": 1, ""json_pointer"": ""/transcript/data/58/paragraphs/0"", ""origin_file"": ""data/unga_general_debate_verbatim_en/automatic_transcripts_unofficial/UNGA2026_day1_EN_ASR.json"", ""origin_sha256"": ""c2ea4447e91a784516298f9c67597d8555c865e03b57840edc1644a8b924df75"", ""paragraph"": 1, ""start"": 37223.04, ""statement_start"": 37223.04}","we are now talking about a call for practical AI to be renamed super intelligence, SI.",reviewed,False,superintelligence,super intelligence,en
E00541,verbatim_en_2026_TTO:4,2026_TTO,2026,TTO,Latin American and Caribbean States,data/analysis_ready_en/2026/2026_TTO.json,615f3e15f1d732d40dd25810fb7e0dfe55956248e78d70c6951143cdba3f7de5,data/unga_general_debate_verbatim_en/automatic_transcripts_unofficial/UNGA2026_day1_EN_ASR.json,"{""char_end"": 8881, ""char_start"": 6792, ""end"": 38046.83, ""extracted_block"": 1, ""json_pointer"": ""/transcript/data/58/paragraphs/0"", ""origin_file"": ""data/unga_general_debate_verbatim_en/automatic_transcripts_unofficial/UNGA2026_day1_EN_ASR.json"", ""origin_sha256"": ""c2ea4447e91a784516298f9c67597d8555c865e03b57840edc1644a8b924df75"", ""paragraph"": 1, ""start"": 37223.04, ""statement_start"": 37223.04}","Whether in technology and SI, super intelligence, a global economy, or energy development countries must have the opportunity and the capacity to help in shaping those changes.",reviewed,False,superintelligence,super intelligence,en
E00542,verbatim_en_2026_TTO:5,2026_TTO,2026,TTO,Latin American and Caribbean States,data/analysis_ready_en/2026/2026_TTO.json,615f3e15f1d732d40dd25810fb7e0dfe55956248e78d70c6951143cdba3f7de5,data/unga_general_debate_verbatim_en/automatic_transcripts_unofficial/UNGA2026_day1_EN_ASR.json,"{""char_end"": 10311, ""char_start"": 8882, ""end"": 38046.83, ""extracted_block"": 1, ""json_pointer"": ""/transcript/data/58/paragraphs/0"", ""origin_file"": ""data/unga_general_debate_verbatim_en/automatic_transcripts_unofficial/UNGA2026_day1_EN_ASR.json"", ""origin_sha256"": ""c2ea4447e91a784516298f9c67597d8555c865e03b57840edc1644a8b924df75"", ""paragraph"": 1, ""start"": 37223.04, ""statement_start"": 37223.04}",his efforts to bring superintelligence and the risks posed by nuclear weapons more firmly into the international agenda,reviewed,False,superintelligence,superintelligence,en
E00543,verbatim_en_2026_TUN:8,2026_TUN,2026,TUN,African States,data/analysis_ready_en/2026/2026_TUN.json,9671cbe6868bf52a7ced19936ebb36f1eee8f984fd0a7ececec8ad161fb5763b,data/unga_general_debate_verbatim_en/automatic_transcripts_unofficial/UNGA2026_day5_EN_ASR.json,"{""char_end"": 8600, ""char_start"": 6379, ""end"": 22579.23, ""extracted_block"": 2, ""json_pointer"": ""/transcript/data/43/paragraphs/1"", ""origin_file"": ""data/unga_general_debate_verbatim_en/automatic_transcripts_unofficial/UNGA2026_day5_EN_ASR.json"", ""origin_sha256"": ""d398da93960901552fb297f7a7361480c845b32c955d8b6e5e1d9e367d7e1eaa"", ""paragraph"": 2, ""start"": 21600.07, ""statement_start"": 20951.91}",prevents the widening of the digital divide between North and South,reviewed,False,digital divide,digital divide between North and South,en
E00543,verbatim_en_2026_TUN:8,2026_TUN,2026,TUN,African States,data/analysis_ready_en/2026/2026_TUN.json,9671cbe6868bf52a7ced19936ebb36f1eee8f984fd0a7ececec8ad161fb5763b,data/unga_general_debate_verbatim_en/automatic_transcripts_unofficial/UNGA2026_day5_EN_ASR.json,"{""char_end"": 8600, ""char_start"": 6379, ""end"": 22579.23, ""extracted_block"": 2, ""json_pointer"": ""/transcript/data/43/paragraphs/1"", ""origin_file"": ""data/unga_general_debate_verbatim_en/automatic_transcripts_unofficial/UNGA2026_day5_EN_ASR.json"", ""origin_sha256"": ""d398da93960901552fb297f7a7361480c845b32c955d8b6e5e1d9e367d7e1eaa"", ""paragraph"": 2, ""start"": 21600.07, ""statement_start"": 20951.91}",accompanied by comprehensive and equitable global governance,uncertain,False,equitable global governance,comprehensive and equitable global governance,en
E00543,verbatim_en_2026_TUN:8,2026_TUN,2026,TUN,African States,data/analysis_ready_en/2026/2026_TUN.json,9671cbe6868bf52a7ced19936ebb36f1eee8f984fd0a7ececec8ad161fb5763b,data/unga_general_debate_verbatim_en/automatic_transcripts_unofficial/UNGA2026_day5_EN_ASR.json,"{""char_end"": 8600, ""char_start"": 6379, ""end"": 22579.23, ""extracted_block"": 2, ""json_pointer"": ""/transcript/data/43/paragraphs/1"", ""origin_file"": ""data/unga_general_debate_verbatim_en/automatic_transcripts_unofficial/UNGA2026_day5_EN_ASR.json"", ""origin_sha256"": ""d398da93960901552fb297f7a7361480c845b32c955d8b6e5e1d9e367d7e1eaa"", ""paragraph"": 2, ""start"": 21600.07, ""statement_start"": 20951.91}","through capacity building, technology transfer, and adequate financing",reviewed,False,technology transfer,technology transfer,en
E00544,verbatim_en_2026_TUR:11,2026_TUR,2026,TUR,Western European and other States,data/analysis_ready_en/2026/2026_TUR.json,94b54a51673fababf277ed9e7059fca0c92fca7b550efb073c3570d2a1cdcd1e,data/unga_general_debate_verbatim_en/automatic_transcripts_unofficial/UNGA2026_day1_EN_ASR.json,"{""char_end"": 16453, ""char_start"": 14574, ""end"": 12428.79, ""extracted_block"": 2, ""json_pointer"": ""/transcript/data/14/paragraphs/1"", ""origin_file"": ""data/unga_general_debate_verbatim_en/automatic_transcripts_unofficial/UNGA2026_day1_EN_ASR.json"", ""origin_sha256"": ""c2ea4447e91a784516298f9c67597d8555c865e03b57840edc1644a8b924df75"", ""paragraph"": 2, ""start"": 10800.27, ""statement_start"": 10370.28}",It is long overdue now to establish a common international legal framework for AI.,reviewed,False,international legal framework for ai,common international legal framework for AI,en
E00544,verbatim_en_2026_TUR:11,2026_TUR,2026,TUR,Western European and other States,data/analysis_ready_en/2026/2026_TUR.json,94b54a51673fababf277ed9e7059fca0c92fca7b550efb073c3570d2a1cdcd1e,data/unga_general_debate_verbatim_en/automatic_transcripts_unofficial/UNGA2026_day1_EN_ASR.json,"{""char_end"": 16453, ""char_start"": 14574, ""end"": 12428.79, ""extracted_block"": 2, ""json_pointer"": ""/transcript/data/14/paragraphs/1"", ""origin_file"": ""data/unga_general_debate_verbatim_en/automatic_transcripts_unofficial/UNGA2026_day1_EN_ASR.json"", ""origin_sha256"": ""c2ea4447e91a784516298f9c67597d8555c865e03b57840edc1644a8b924df75"", ""paragraph"": 2, ""start"": 10800.27, ""statement_start"": 10370.28}",bring into force the UN International Convention on Artificial Intelligence.,uncertain,False,un convention on artificial intelligence,UN International Convention on Artificial Intelligence,en
E00544,verbatim_en_2026_TUR:11,2026_TUR,2026,TUR,Western European and other States,data/analysis_ready_en/2026/2026_TUR.json,94b54a51673fababf277ed9e7059fca0c92fca7b550efb073c3570d2a1cdcd1e,data/unga_general_debate_verbatim_en/automatic_transcripts_unofficial/UNGA2026_day1_EN_ASR.json,"{""char_end"": 16453, ""char_start"": 14574, ""end"": 12428.79, ""extracted_block"": 2, ""json_pointer"": ""/transcript/data/14/paragraphs/1"", ""origin_file"": ""data/unga_general_debate_verbatim_en/automatic_transcripts_unofficial/UNGA2026_day1_EN_ASR.json"", ""origin_sha256"": ""c2ea4447e91a784516298f9c67597d8555c865e03b57840edc1644a8b924df75"", ""paragraph"": 2, ""start"": 10800.27, ""statement_start"": 10370.28}",bring into force the UN International Convention on Artificial Intelligence,uncertain,False,un international convention on artificial intelligence,UN International Convention on Artificial Intelligence,en
E00546,verbatim_en_2026_TZA:1,2026_TZA,2026,TZA,African States,data/analysis_ready_en/2026/2026_TZA.json,b6cae66cb71bcb3e85f0f5db0e7cd00def12f8c993b75028552bd39c997068f3,data/unga_general_debate_verbatim_en/automatic_transcripts_unofficial/UNGA2026_day1_EN_ASR.json,"{""char_end"": 2215, ""char_start"": 0, ""end"": 35974.87, ""extracted_block"": 1, ""json_pointer"": ""/transcript/data/54/paragraphs/0"", ""origin_file"": ""data/unga_general_debate_verbatim_en/automatic_transcripts_unofficial/UNGA2026_day1_EN_ASR.json"", ""origin_sha256"": ""c2ea4447e91a784516298f9c67597d8555c865e03b57840edc1644a8b924df75"", ""paragraph"": 1, ""start"": 34861.71, ""statement_start"": 34861.71}","a range of challenges, including climate change, pandemics, un-governed artificial intelligence, and energy insecurity",reviewed,False,ungoverned ai,un-governed artificial intelligence,en
E00547,verbatim_en_2026_UKR:8,2026_UKR,2026,UKR,Eastern European States,data/analysis_ready_en/2026/2026_UKR.json,e1ec82d382efd6f437cd2002422730c3b27c71d2ba1f30b41a9b5544dfa6b613,data/unga_general_debate_verbatim_en/automatic_transcripts_unofficial/UNGA2026_day2_EN_ASR.json,"{""char_end"": 15569, ""char_start"": 13709, ""end"": 19980.03, ""extracted_block"": 1, ""json_pointer"": ""/transcript/data/32/paragraphs/0"", ""origin_file"": ""data/unga_general_debate_verbatim_en/automatic_transcripts_unofficial/UNGA2026_day2_EN_ASR.json"", ""origin_sha256"": ""1d48a568967de80ba6f0e040bcda57d9df79e12a3e50907b327f1fa68aa29a92"", ""paragraph"": 1, ""start"": 18437.07, ""statement_start"": 18437.07}","there is already a real possibility that AI, not only people, will begin will begin decide what happens on the battlefield.",uncertain,False,ai on the battlefield,what happens on the battlefield,en
E00548,verbatim_en_2026_UKR:9,2026_UKR,2026,UKR,Eastern European States,data/analysis_ready_en/2026/2026_UKR.json,e1ec82d382efd6f437cd2002422730c3b27c71d2ba1f30b41a9b5544dfa6b613,data/unga_general_debate_verbatim_en/automatic_transcripts_unofficial/UNGA2026_day2_EN_ASR.json,"{""char_end"": 17457, ""char_start"": 15570, ""end"": 19980.03, ""extracted_block"": 1, ""json_pointer"": ""/transcript/data/32/paragraphs/0"", ""origin_file"": ""data/unga_general_debate_verbatim_en/automatic_transcripts_unofficial/UNGA2026_day2_EN_ASR.json"", ""origin_sha256"": ""1d48a568967de80ba6f0e040bcda57d9df79e12a3e50907b327f1fa68aa29a92"", ""paragraph"": 1, ""start"": 18437.07, ""statement_start"": 18437.07}",one day AI will move from the digital world to shaping atoms,uncertain,False,shaping atoms,shaping atoms,en
E00549,verbatim_en_2026_USA:16,2026_USA,2026,USA,Not a formal member of any regional group,data/analysis_ready_en/2026/2026_USA.json,276c6755587412f2238030398b6abb8dc2ca649b0f61e1dcf0871e466b1f4c32,data/unga_general_debate_verbatim_en/automatic_transcripts_unofficial/UNGA2026_day1_EN_ASR.json,"{""char_end"": 16208, ""char_start"": 14213, ""end"": 8626.39, ""extracted_block"": 4, ""json_pointer"": ""/transcript/data/8/paragraphs/3"", ""origin_file"": ""data/unga_general_debate_verbatim_en/automatic_transcripts_unofficial/UNGA2026_day1_EN_ASR.json"", ""origin_sha256"": ""c2ea4447e91a784516298f9c67597d8555c865e03b57840edc1644a8b924df75"", ""paragraph"": 4, ""start"": 7280.55, ""statement_start"": 6375.07}",any attempt to construct a globalist scheme to control for the artificial intelligence,reviewed,False,globalist scheme,globalist scheme,en
E00549,verbatim_en_2026_USA:16,2026_USA,2026,USA,Not a formal member of any regional group,data/analysis_ready_en/2026/2026_USA.json,276c6755587412f2238030398b6abb8dc2ca649b0f61e1dcf0871e466b1f4c32,data/unga_general_debate_verbatim_en/automatic_transcripts_unofficial/UNGA2026_day1_EN_ASR.json,"{""char_end"": 16208, ""char_start"": 14213, ""end"": 8626.39, ""extracted_block"": 4, ""json_pointer"": ""/transcript/data/8/paragraphs/3"", ""origin_file"": ""data/unga_general_debate_verbatim_en/automatic_transcripts_unofficial/UNGA2026_day1_EN_ASR.json"", ""origin_sha256"": ""c2ea4447e91a784516298f9c67597d8555c865e03b57840edc1644a8b924df75"", ""paragraph"": 4, ""start"": 7280.55, ""statement_start"": 6375.07}",hereinafter officially called super intelligence,reviewed,False,superintelligence,super intelligence,en
E00550,verbatim_en_2026_USA:17,2026_USA,2026,USA,Not a formal member of any regional group,data/analysis_ready_en/2026/2026_USA.json,276c6755587412f2238030398b6abb8dc2ca649b0f61e1dcf0871e466b1f4c32,data/unga_general_debate_verbatim_en/automatic_transcripts_unofficial/UNGA2026_day1_EN_ASR.json,"{""char_end"": 18126, ""char_start"": 16209, ""end"": 8626.39, ""extracted_block"": 4, ""json_pointer"": ""/transcript/data/8/paragraphs/3"", ""origin_file"": ""data/unga_general_debate_verbatim_en/automatic_transcripts_unofficial/UNGA2026_day1_EN_ASR.json"", ""origin_sha256"": ""c2ea4447e91a784516298f9c67597d8555c865e03b57840edc1644a8b924df75"", ""paragraph"": 4, ""start"": 7280.55, ""statement_start"": 6375.07}",But we will only encourage superintelligence.,reviewed,False,superintelligence,superintelligence,en
E00552,verbatim_en_2026_UZB:4,2026_UZB,2026,UZB,Asia-Pacific States,data/analysis_ready_en/2026/2026_UZB.json,951c9dd8388a6905001c961519915fac52d50226beb18d870f6ed1ff69a344ae,data/unga_general_debate_verbatim_en/automatic_transcripts_unofficial/UNGA2026_day2_EN_ASR.json,"{""char_end"": 7498, ""char_start"": 6568, ""end"": 45619.87, ""extracted_block"": 1, ""json_pointer"": ""/transcript/data/76/paragraphs/0"", ""origin_file"": ""data/unga_general_debate_verbatim_en/automatic_transcripts_unofficial/UNGA2026_day2_EN_ASR.json"", ""origin_sha256"": ""1d48a568967de80ba6f0e040bcda57d9df79e12a3e50907b327f1fa68aa29a92"", ""paragraph"": 1, ""start"": 44954.91, ""statement_start"": 44954.91}",artificial intelligence are spreading hatred and stereotypes at a rapid pace,uncertain,False,hatred and stereotypes,spreading hatred and stereotypes,en
E00553,verbatim_en_2026_VCT:7,2026_VCT,2026,VCT,Latin American and Caribbean States,data/analysis_ready_en/2026/2026_VCT.json,02ee14b49f62e0850a139565ec7bf4f7d5837790fd472e407bf6aca4d50cd409,data/unga_general_debate_verbatim_en/automatic_transcripts_unofficial/UNGA2026_day4_EN_ASR.json,"{""char_end"": 13951, ""char_start"": 12486, ""end"": 30157.07, ""extracted_block"": 1, ""json_pointer"": ""/transcript/data/44/paragraphs/0"", ""origin_file"": ""data/unga_general_debate_verbatim_en/automatic_transcripts_unofficial/UNGA2026_day4_EN_ASR.json"", ""origin_sha256"": ""1c43e6b9024f9c46d1e134590e19b4bfa3567b0a9cac7c5f0a29794d0b9dd1a6"", ""paragraph"": 1, ""start"": 28878.02, ""statement_start"": 28878.02}",is shared rather than hoarded and priced out of reach,uncertain,False,benefit sharing,shared rather than hoarded,en
E00555,verbatim_en_2026_VEN:2,2026_VEN,2026,VEN,Latin American and Caribbean States,data/analysis_ready_en/2026/2026_VEN.json,4ebe9d74a6ab7155eb227278ba4754d7e90deb67e52d968d5137e3ec628d775f,data/unga_general_debate_verbatim_en/automatic_transcripts_unofficial/UNGA2026_day2_EN_ASR.json,"{""char_end"": 4396, ""char_start"": 2258, ""end"": 38642.27, ""extracted_block"": 1, ""json_pointer"": ""/transcript/data/62/paragraphs/0"", ""origin_file"": ""data/unga_general_debate_verbatim_en/automatic_transcripts_unofficial/UNGA2026_day2_EN_ASR.json"", ""origin_sha256"": ""1d48a568967de80ba6f0e040bcda57d9df79e12a3e50907b327f1fa68aa29a92"", ""paragraph"": 1, ""start"": 37513.61, ""statement_start"": 37513.61}",we must not widen the digital divide and digital inequality throughout the world,reviewed,False,digital divide,digital divide,en
E00555,verbatim_en_2026_VEN:2,2026_VEN,2026,VEN,Latin American and Caribbean States,data/analysis_ready_en/2026/2026_VEN.json,4ebe9d74a6ab7155eb227278ba4754d7e90deb67e52d968d5137e3ec628d775f,data/unga_general_debate_verbatim_en/automatic_transcripts_unofficial/UNGA2026_day2_EN_ASR.json,"{""char_end"": 4396, ""char_start"": 2258, ""end"": 38642.27, ""extracted_block"": 1, ""json_pointer"": ""/transcript/data/62/paragraphs/0"", ""origin_file"": ""data/unga_general_debate_verbatim_en/automatic_transcripts_unofficial/UNGA2026_day2_EN_ASR.json"", ""origin_sha256"": ""1d48a568967de80ba6f0e040bcda57d9df79e12a3e50907b327f1fa68aa29a92"", ""paragraph"": 1, ""start"": 37513.61, ""statement_start"": 37513.61}",It is a genuine technological revolution.,uncertain,False,technological revolution,genuine technological revolution,en
E00556,verbatim_en_2026_VNM:3,2026_VNM,2026,VNM,Asia-Pacific States,data/analysis_ready_en/2026/2026_VNM.json,0df9f15b2f4fe2681161efbf22a0763d7af23d9dc1a9c57f414a8b7abd97b9d8,data/unga_general_debate_verbatim_en/automatic_transcripts_unofficial/UNGA2026_day1_EN_ASR.json,"{""char_end"": 6889, ""char_start"": 4638, ""end"": 34784.15, ""extracted_block"": 1, ""json_pointer"": ""/transcript/data/52/paragraphs/0"", ""origin_file"": ""data/unga_general_debate_verbatim_en/automatic_transcripts_unofficial/UNGA2026_day1_EN_ASR.json"", ""origin_sha256"": ""c2ea4447e91a784516298f9c67597d8555c865e03b57840edc1644a8b924df75"", ""paragraph"": 1, ""start"": 34060.8, ""statement_start"": 34060.8}",we must proactively shape technology governance so that progress serves humanity,uncertain,False,technology governance,technology governance,en
E00557,verbatim_en_2026_VNM:4,2026_VNM,2026,VNM,Asia-Pacific States,data/analysis_ready_en/2026/2026_VNM.json,0df9f15b2f4fe2681161efbf22a0763d7af23d9dc1a9c57f414a8b7abd97b9d8,data/unga_general_debate_verbatim_en/automatic_transcripts_unofficial/UNGA2026_day1_EN_ASR.json,"{""char_end"": 9119, ""char_start"": 6890, ""end"": 34784.15, ""extracted_block"": 1, ""json_pointer"": ""/transcript/data/52/paragraphs/0"", ""origin_file"": ""data/unga_general_debate_verbatim_en/automatic_transcripts_unofficial/UNGA2026_day1_EN_ASR.json"", ""origin_sha256"": ""c2ea4447e91a784516298f9c67597d8555c865e03b57840edc1644a8b924df75"", ""paragraph"": 1, ""start"": 34060.8, ""statement_start"": 34060.8}","while respecting national sovereignty, digital sovereignty, and the right to development.",reviewed,False,digital sovereignty,digital sovereignty,en
E00557,verbatim_en_2026_VNM:4,2026_VNM,2026,VNM,Asia-Pacific States,data/analysis_ready_en/2026/2026_VNM.json,0df9f15b2f4fe2681161efbf22a0763d7af23d9dc1a9c57f414a8b7abd97b9d8,data/unga_general_debate_verbatim_en/automatic_transcripts_unofficial/UNGA2026_day1_EN_ASR.json,"{""char_end"": 9119, ""char_start"": 6890, ""end"": 34784.15, ""extracted_block"": 1, ""json_pointer"": ""/transcript/data/52/paragraphs/0"", ""origin_file"": ""data/unga_general_debate_verbatim_en/automatic_transcripts_unofficial/UNGA2026_day1_EN_ASR.json"", ""origin_sha256"": ""c2ea4447e91a784516298f9c67597d8555c865e03b57840edc1644a8b924df75"", ""paragraph"": 1, ""start"": 34060.8, ""statement_start"": 34060.8}",Vietnam's hosting of the signing ceremony for the UN Convention against cyber crime in Hanoi last year reflects our desire to make substantive contributions to global digital cooperation.,uncertain,False,un convention against cybercrime,UN Convention against cyber crime,en
E00559,verbatim_en_2026_VUT:7,2026_VUT,2026,VUT,Asia-Pacific States,data/analysis_ready_en/2026/2026_VUT.json,e4dda039a8c0357caa8cd5f24eafd113734c3066b4790f607075006d370eeb26,data/unga_general_debate_verbatim_en/automatic_transcripts_unofficial/UNGA2026_day6_EN_ASR.json,"{""char_end"": 15473, ""char_start"": 13207, ""end"": 24054.55, ""extracted_block"": 1, ""json_pointer"": ""/transcript/data/37/paragraphs/0"", ""origin_file"": ""data/unga_general_debate_verbatim_en/automatic_transcripts_unofficial/UNGA2026_day6_EN_ASR.json"", ""origin_sha256"": ""00ded7b1b2b5d8831cda241976809e06923b67ea74125c9bcb3a31cb258c3d7c"", ""paragraph"": 1, ""start"": 22315.99, ""statement_start"": 22315.99}",We need access to data and computing.,reviewed,False,access to data and computing,access to data and computing,en
E00559,verbatim_en_2026_VUT:7,2026_VUT,2026,VUT,Asia-Pacific States,data/analysis_ready_en/2026/2026_VUT.json,e4dda039a8c0357caa8cd5f24eafd113734c3066b4790f607075006d370eeb26,data/unga_general_debate_verbatim_en/automatic_transcripts_unofficial/UNGA2026_day6_EN_ASR.json,"{""char_end"": 15473, ""char_start"": 13207, ""end"": 24054.55, ""extracted_block"": 1, ""json_pointer"": ""/transcript/data/37/paragraphs/0"", ""origin_file"": ""data/unga_general_debate_verbatim_en/automatic_transcripts_unofficial/UNGA2026_day6_EN_ASR.json"", ""origin_sha256"": ""00ded7b1b2b5d8831cda241976809e06923b67ea74125c9bcb3a31cb258c3d7c"", ""paragraph"": 1, ""start"": 22315.99, ""statement_start"": 22315.99}",The digital future must not become another form of dependency.,reviewed,False,digital dependency,another form of dependency,en
E00559,verbatim_en_2026_VUT:7,2026_VUT,2026,VUT,Asia-Pacific States,data/analysis_ready_en/2026/2026_VUT.json,e4dda039a8c0357caa8cd5f24eafd113734c3066b4790f607075006d370eeb26,data/unga_general_debate_verbatim_en/automatic_transcripts_unofficial/UNGA2026_day6_EN_ASR.json,"{""char_end"": 15473, ""char_start"": 13207, ""end"": 24054.55, ""extracted_block"": 1, ""json_pointer"": ""/transcript/data/37/paragraphs/0"", ""origin_file"": ""data/unga_general_debate_verbatim_en/automatic_transcripts_unofficial/UNGA2026_day6_EN_ASR.json"", ""origin_sha256"": ""00ded7b1b2b5d8831cda241976809e06923b67ea74125c9bcb3a31cb258c3d7c"", ""paragraph"": 1, ""start"": 22315.99, ""statement_start"": 22315.99}",Transformation must not create a new hierarchy,uncertain,False,new hierarchy,new hierarchy,en
E00560,verbatim_en_2026_WSM:3,2026_WSM,2026,WSM,Asia-Pacific States,data/analysis_ready_en/2026/2026_WSM.json,6a058b9c10ccbbfc663fdcfafe07511f7e3e4c38078d4c499de1d5e0bbd69b50,data/unga_general_debate_verbatim_en/automatic_transcripts_unofficial/UNGA2026_day4_EN_ASR.json,"{""char_end"": 6582, ""char_start"": 4290, ""end"": 32327.55, ""extracted_block"": 1, ""json_pointer"": ""/transcript/data/48/paragraphs/0"", ""origin_file"": ""data/unga_general_debate_verbatim_en/automatic_transcripts_unofficial/UNGA2026_day4_EN_ASR.json"", ""origin_sha256"": ""1c43e6b9024f9c46d1e134590e19b4bfa3567b0a9cac7c5f0a29794d0b9dd1a6"", ""paragraph"": 1, ""start"": 31361.67, ""statement_start"": 31361.67}","The digital transformation, including AI and data analytics",uncertain,False,digital transformation,digital transformation,en
E00560,verbatim_en_2026_WSM:3,2026_WSM,2026,WSM,Asia-Pacific States,data/analysis_ready_en/2026/2026_WSM.json,6a058b9c10ccbbfc663fdcfafe07511f7e3e4c38078d4c499de1d5e0bbd69b50,data/unga_general_debate_verbatim_en/automatic_transcripts_unofficial/UNGA2026_day4_EN_ASR.json,"{""char_end"": 6582, ""char_start"": 4290, ""end"": 32327.55, ""extracted_block"": 1, ""json_pointer"": ""/transcript/data/48/paragraphs/0"", ""origin_file"": ""data/unga_general_debate_verbatim_en/automatic_transcripts_unofficial/UNGA2026_day4_EN_ASR.json"", ""origin_sha256"": ""1c43e6b9024f9c46d1e134590e19b4bfa3567b0a9cac7c5f0a29794d0b9dd1a6"", ""paragraph"": 1, ""start"": 31361.67, ""statement_start"": 31361.67}",particularly through off-grid solution and smarter energy planning.,uncertain,False,smarter energy planning,smarter energy planning,en
E00561,verbatim_en_2026_ZAF:5,2026_ZAF,2026,ZAF,African States,data/analysis_ready_en/2026/2026_ZAF.json,5c4ea90799c179cb52711382036a0c277a9b7408873fdb221694d064c15183d9,data/unga_general_debate_verbatim_en/automatic_transcripts_unofficial/UNGA2026_day3_EN_ASR.json,"{""char_end"": 6441, ""char_start"": 4342, ""end"": 43963.63, ""extracted_block"": 2, ""json_pointer"": ""/transcript/data/77/paragraphs/1"", ""origin_file"": ""data/unga_general_debate_verbatim_en/automatic_transcripts_unofficial/UNGA2026_day3_EN_ASR.json"", ""origin_sha256"": ""d811444b40ce3fed3c9e88fee705c2fb1f994316fa4f311bbb6c4cf20e9e7cae"", ""paragraph"": 2, ""start"": 43200.43, ""statement_start"": 43004.19}",Our continent has the world's largest reserves of critical minerals.,uncertain,False,critical minerals,critical minerals,en
E00561,verbatim_en_2026_ZAF:5,2026_ZAF,2026,ZAF,African States,data/analysis_ready_en/2026/2026_ZAF.json,5c4ea90799c179cb52711382036a0c277a9b7408873fdb221694d064c15183d9,data/unga_general_debate_verbatim_en/automatic_transcripts_unofficial/UNGA2026_day3_EN_ASR.json,"{""char_end"": 6441, ""char_start"": 4342, ""end"": 43963.63, ""extracted_block"": 2, ""json_pointer"": ""/transcript/data/77/paragraphs/1"", ""origin_file"": ""data/unga_general_debate_verbatim_en/automatic_transcripts_unofficial/UNGA2026_day3_EN_ASR.json"", ""origin_sha256"": ""d811444b40ce3fed3c9e88fee705c2fb1f994316fa4f311bbb6c4cf20e9e7cae"", ""paragraph"": 2, ""start"": 43200.43, ""statement_start"": 43004.19}",Africa must have a stake in shaping the rules that govern the development and the deployment of artificial intelligence.,uncertain,False,stake in shaping ai rules,stake in shaping the rules,en
E00562,verbatim_en_2026_ZWE:4,2026_ZWE,2026,ZWE,African States,data/analysis_ready_en/2026/2026_ZWE.json,38a696062ffcd6816c5e0d9c7e5020eaa7922c1f9e788028e76f2b03c34d24a4,data/unga_general_debate_verbatim_en/automatic_transcripts_unofficial/UNGA2026_day3_EN_ASR.json,"{""char_end"": 9405, ""char_start"": 6936, ""end"": 2158.59, ""extracted_block"": 1, ""json_pointer"": ""/transcript/data/1/paragraphs/0"", ""origin_file"": ""data/unga_general_debate_verbatim_en/automatic_transcripts_unofficial/UNGA2026_day3_EN_ASR.json"", ""origin_sha256"": ""d811444b40ce3fed3c9e88fee705c2fb1f994316fa4f311bbb6c4cf20e9e7cae"", ""paragraph"": 1, ""start"": 1008.37, ""statement_start"": 1008.37}","promotes human-centered, ethical, and responsible innovation.",uncertain,False,human-centered ai,human-centered,en
E00562,verbatim_en_2026_ZWE:4,2026_ZWE,2026,ZWE,African States,data/analysis_ready_en/2026/2026_ZWE.json,38a696062ffcd6816c5e0d9c7e5020eaa7922c1f9e788028e76f2b03c34d24a4,data/unga_general_debate_verbatim_en/automatic_transcripts_unofficial/UNGA2026_day3_EN_ASR.json,"{""char_end"": 9405, ""char_start"": 6936, ""end"": 2158.59, ""extracted_block"": 1, ""json_pointer"": ""/transcript/data/1/paragraphs/0"", ""origin_file"": ""data/unga_general_debate_verbatim_en/automatic_transcripts_unofficial/UNGA2026_day3_EN_ASR.json"", ""origin_sha256"": ""d811444b40ce3fed3c9e88fee705c2fb1f994316fa4f311bbb6c4cf20e9e7cae"", ""paragraph"": 1, ""start"": 1008.37, ""statement_start"": 1008.37}",Zimbabwe's National Artificial Intelligence Strategy 2026-2030,reviewed,False,national ai strategy,National Artificial Intelligence Strategy 2026-2030,en
E00562,verbatim_en_2026_ZWE:4,2026_ZWE,2026,ZWE,African States,data/analysis_ready_en/2026/2026_ZWE.json,38a696062ffcd6816c5e0d9c7e5020eaa7922c1f9e788028e76f2b03c34d24a4,data/unga_general_debate_verbatim_en/automatic_transcripts_unofficial/UNGA2026_day3_EN_ASR.json,"{""char_end"": 9405, ""char_start"": 6936, ""end"": 2158.59, ""extracted_block"": 1, ""json_pointer"": ""/transcript/data/1/paragraphs/0"", ""origin_file"": ""data/unga_general_debate_verbatim_en/automatic_transcripts_unofficial/UNGA2026_day3_EN_ASR.json"", ""origin_sha256"": ""d811444b40ce3fed3c9e88fee705c2fb1f994316fa4f311bbb6c4cf20e9e7cae"", ""paragraph"": 1, ""start"": 1008.37, ""statement_start"": 1008.37}",including in nuclear command and control must remain subject to human judgment,reviewed,False,nuclear command and control,nuclear command and control,en
