year,theme_a,theme_b,n_both,n_a,n_b,N,denominator,p_b_given_a,p_a_given_b,baseline_a,baseline_b,partial
2017,AI_GLOBAL_GOVERNANCE,AI_INCLUSIVE_GOVERNANCE,0,0,0,2,AI-positive country-years resolved for both codes,,,0.0,0.0,False
2017,AI_GLOBAL_GOVERNANCE,AI_GOVERNANCE_SKEPTICISM,0,0,0,2,AI-positive country-years resolved for both codes,,,0.0,0.0,False
2017,AI_GLOBAL_GOVERNANCE,AI_UN_ROLE,0,0,1,2,AI-positive country-years resolved for both codes,,0.0,0.0,0.5,False
2017,AI_GLOBAL_GOVERNANCE,AI_MILITARY_WEAPONS,0,0,0,2,AI-positive country-years resolved for both codes,,,0.0,0.0,False
2017,AI_GLOBAL_GOVERNANCE,AI_PEACE_APPLICATIONS,0,0,0,2,AI-positive country-years resolved for both codes,,,0.0,0.0,False
2017,AI_GLOBAL_GOVERNANCE,AI_SAFETY_EXISTENTIAL,0,0,0,2,AI-positive country-years resolved for both codes,,,0.0,0.0,False
2017,AI_GLOBAL_GOVERNANCE,AI_HUMAN_CONTROL,0,0,0,2,AI-positive country-years resolved for both codes,,,0.0,0.0,False
2017,AI_GLOBAL_GOVERNANCE,AI_HUMAN_RIGHTS_ETHICS,0,0,0,2,AI-positive country-years resolved for both codes,,,0.0,0.0,False
2017,AI_GLOBAL_GOVERNANCE,AI_BIAS_CULTURAL_DIVERSITY,0,0,0,2,AI-positive country-years resolved for both codes,,,0.0,0.0,False
2017,AI_GLOBAL_GOVERNANCE,AI_DISINFORMATION,0,0,0,2,AI-positive country-years resolved for both codes,,,0.0,0.0,False
2017,AI_GLOBAL_GOVERNANCE,AI_CYBER_SECURITY,0,0,0,2,AI-positive country-years resolved for both codes,,,0.0,0.0,False
2017,AI_GLOBAL_GOVERNANCE,AI_DIGITAL_DIVIDE,0,0,0,1,AI-positive country-years resolved for both codes,,,0.0,0.0,False
2017,AI_GLOBAL_GOVERNANCE,AI_CAPACITY_BUILDING,0,0,0,2,AI-positive country-years resolved for both codes,,,0.0,0.0,False
2017,AI_GLOBAL_GOVERNANCE,AI_DEVELOPMENT_SDGS,0,0,0,2,AI-positive country-years resolved for both codes,,,0.0,0.0,False
2017,AI_GLOBAL_GOVERNANCE,AI_RESOURCE_FOOTPRINT,0,0,0,2,AI-positive country-years resolved for both codes,,,0.0,0.0,False
2017,AI_GLOBAL_GOVERNANCE,AI_ECONOMY_LABOR,0,0,1,2,AI-positive country-years resolved for both codes,,0.0,0.0,0.5,False
2017,AI_GLOBAL_GOVERNANCE,AI_YOUTH_EDUCATION,0,0,0,1,AI-positive country-years resolved for both codes,,,0.0,0.0,False
2017,AI_GLOBAL_GOVERNANCE,AI_CHILD_PROTECTION,0,0,0,2,AI-positive country-years resolved for both codes,,,0.0,0.0,False
2017,AI_GLOBAL_GOVERNANCE,AI_NATIONAL_STRATEGY,0,0,1,2,AI-positive country-years resolved for both codes,,0.0,0.0,0.5,False
2017,AI_GLOBAL_GOVERNANCE,AI_SOVEREIGNTY_CONCENTRATION,0,0,0,2,AI-positive country-years resolved for both codes,,,0.0,0.0,False
2017,AI_GLOBAL_GOVERNANCE,AI_GEOPOLITICAL_RIVALRY,0,0,0,2,AI-positive country-years resolved for both codes,,,0.0,0.0,False
2017,AI_GLOBAL_GOVERNANCE,AI_OPPORTUNITY_RISK_DUALITY,0,0,0,2,AI-positive country-years resolved for both codes,,,0.0,0.0,False
2017,AI_GLOBAL_GOVERNANCE,AI_TRANSFORMATIVE_ERA,0,0,0,2,AI-positive country-years resolved for both codes,,,0.0,0.0,False
2017,AI_GLOBAL_GOVERNANCE,AI_TECH_LIST_MENTION,0,0,0,2,AI-positive country-years resolved for both codes,,,0.0,0.0,False
2017,AI_GLOBAL_GOVERNANCE,AI_THREAT_LIST_MENTION,0,0,0,1,AI-positive country-years resolved for both codes,,,0.0,0.0,False
2017,AI_INCLUSIVE_GOVERNANCE,AI_GOVERNANCE_SKEPTICISM,0,0,0,2,AI-positive country-years resolved for both codes,,,0.0,0.0,False
2017,AI_INCLUSIVE_GOVERNANCE,AI_UN_ROLE,0,0,1,2,AI-positive country-years resolved for both codes,,0.0,0.0,0.5,False
2017,AI_INCLUSIVE_GOVERNANCE,AI_MILITARY_WEAPONS,0,0,0,2,AI-positive country-years resolved for both codes,,,0.0,0.0,False
2017,AI_INCLUSIVE_GOVERNANCE,AI_PEACE_APPLICATIONS,0,0,0,2,AI-positive country-years resolved for both codes,,,0.0,0.0,False
2017,AI_INCLUSIVE_GOVERNANCE,AI_SAFETY_EXISTENTIAL,0,0,0,2,AI-positive country-years resolved for both codes,,,0.0,0.0,False
2017,AI_INCLUSIVE_GOVERNANCE,AI_HUMAN_CONTROL,0,0,0,2,AI-positive country-years resolved for both codes,,,0.0,0.0,False
2017,AI_INCLUSIVE_GOVERNANCE,AI_HUMAN_RIGHTS_ETHICS,0,0,0,2,AI-positive country-years resolved for both codes,,,0.0,0.0,False
2017,AI_INCLUSIVE_GOVERNANCE,AI_BIAS_CULTURAL_DIVERSITY,0,0,0,2,AI-positive country-years resolved for both codes,,,0.0,0.0,False
2017,AI_INCLUSIVE_GOVERNANCE,AI_DISINFORMATION,0,0,0,2,AI-positive country-years resolved for both codes,,,0.0,0.0,False
2017,AI_INCLUSIVE_GOVERNANCE,AI_CYBER_SECURITY,0,0,0,2,AI-positive country-years resolved for both codes,,,0.0,0.0,False
2017,AI_INCLUSIVE_GOVERNANCE,AI_DIGITAL_DIVIDE,0,0,0,1,AI-positive country-years resolved for both codes,,,0.0,0.0,False
2017,AI_INCLUSIVE_GOVERNANCE,AI_CAPACITY_BUILDING,0,0,0,2,AI-positive country-years resolved for both codes,,,0.0,0.0,False
2017,AI_INCLUSIVE_GOVERNANCE,AI_DEVELOPMENT_SDGS,0,0,0,2,AI-positive country-years resolved for both codes,,,0.0,0.0,False
2017,AI_INCLUSIVE_GOVERNANCE,AI_RESOURCE_FOOTPRINT,0,0,0,2,AI-positive country-years resolved for both codes,,,0.0,0.0,False
2017,AI_INCLUSIVE_GOVERNANCE,AI_ECONOMY_LABOR,0,0,1,2,AI-positive country-years resolved for both codes,,0.0,0.0,0.5,False
2017,AI_INCLUSIVE_GOVERNANCE,AI_YOUTH_EDUCATION,0,0,0,1,AI-positive country-years resolved for both codes,,,0.0,0.0,False
2017,AI_INCLUSIVE_GOVERNANCE,AI_CHILD_PROTECTION,0,0,0,2,AI-positive country-years resolved for both codes,,,0.0,0.0,False
2017,AI_INCLUSIVE_GOVERNANCE,AI_NATIONAL_STRATEGY,0,0,1,2,AI-positive country-years resolved for both codes,,0.0,0.0,0.5,False
2017,AI_INCLUSIVE_GOVERNANCE,AI_SOVEREIGNTY_CONCENTRATION,0,0,0,2,AI-positive country-years resolved for both codes,,,0.0,0.0,False
2017,AI_INCLUSIVE_GOVERNANCE,AI_GEOPOLITICAL_RIVALRY,0,0,0,2,AI-positive country-years resolved for both codes,,,0.0,0.0,False
2017,AI_INCLUSIVE_GOVERNANCE,AI_OPPORTUNITY_RISK_DUALITY,0,0,0,2,AI-positive country-years resolved for both codes,,,0.0,0.0,False
2017,AI_INCLUSIVE_GOVERNANCE,AI_TRANSFORMATIVE_ERA,0,0,0,2,AI-positive country-years resolved for both codes,,,0.0,0.0,False
2017,AI_INCLUSIVE_GOVERNANCE,AI_TECH_LIST_MENTION,0,0,0,2,AI-positive country-years resolved for both codes,,,0.0,0.0,False
2017,AI_INCLUSIVE_GOVERNANCE,AI_THREAT_LIST_MENTION,0,0,0,1,AI-positive country-years resolved for both codes,,,0.0,0.0,False
2017,AI_GOVERNANCE_SKEPTICISM,AI_UN_ROLE,0,0,1,2,AI-positive country-years resolved for both codes,,0.0,0.0,0.5,False
2017,AI_GOVERNANCE_SKEPTICISM,AI_MILITARY_WEAPONS,0,0,0,2,AI-positive country-years resolved for both codes,,,0.0,0.0,False
2017,AI_GOVERNANCE_SKEPTICISM,AI_PEACE_APPLICATIONS,0,0,0,2,AI-positive country-years resolved for both codes,,,0.0,0.0,False
2017,AI_GOVERNANCE_SKEPTICISM,AI_SAFETY_EXISTENTIAL,0,0,0,2,AI-positive country-years resolved for both codes,,,0.0,0.0,False
2017,AI_GOVERNANCE_SKEPTICISM,AI_HUMAN_CONTROL,0,0,0,2,AI-positive country-years resolved for both codes,,,0.0,0.0,False
2017,AI_GOVERNANCE_SKEPTICISM,AI_HUMAN_RIGHTS_ETHICS,0,0,0,2,AI-positive country-years resolved for both codes,,,0.0,0.0,False
2017,AI_GOVERNANCE_SKEPTICISM,AI_BIAS_CULTURAL_DIVERSITY,0,0,0,2,AI-positive country-years resolved for both codes,,,0.0,0.0,False
2017,AI_GOVERNANCE_SKEPTICISM,AI_DISINFORMATION,0,0,0,2,AI-positive country-years resolved for both codes,,,0.0,0.0,False
2017,AI_GOVERNANCE_SKEPTICISM,AI_CYBER_SECURITY,0,0,0,2,AI-positive country-years resolved for both codes,,,0.0,0.0,False
2017,AI_GOVERNANCE_SKEPTICISM,AI_DIGITAL_DIVIDE,0,0,0,1,AI-positive country-years resolved for both codes,,,0.0,0.0,False
2017,AI_GOVERNANCE_SKEPTICISM,AI_CAPACITY_BUILDING,0,0,0,2,AI-positive country-years resolved for both codes,,,0.0,0.0,False
2017,AI_GOVERNANCE_SKEPTICISM,AI_DEVELOPMENT_SDGS,0,0,0,2,AI-positive country-years resolved for both codes,,,0.0,0.0,False
2017,AI_GOVERNANCE_SKEPTICISM,AI_RESOURCE_FOOTPRINT,0,0,0,2,AI-positive country-years resolved for both codes,,,0.0,0.0,False
2017,AI_GOVERNANCE_SKEPTICISM,AI_ECONOMY_LABOR,0,0,1,2,AI-positive country-years resolved for both codes,,0.0,0.0,0.5,False
2017,AI_GOVERNANCE_SKEPTICISM,AI_YOUTH_EDUCATION,0,0,0,1,AI-positive country-years resolved for both codes,,,0.0,0.0,False
2017,AI_GOVERNANCE_SKEPTICISM,AI_CHILD_PROTECTION,0,0,0,2,AI-positive country-years resolved for both codes,,,0.0,0.0,False
2017,AI_GOVERNANCE_SKEPTICISM,AI_NATIONAL_STRATEGY,0,0,1,2,AI-positive country-years resolved for both codes,,0.0,0.0,0.5,False
2017,AI_GOVERNANCE_SKEPTICISM,AI_SOVEREIGNTY_CONCENTRATION,0,0,0,2,AI-positive country-years resolved for both codes,,,0.0,0.0,False
2017,AI_GOVERNANCE_SKEPTICISM,AI_GEOPOLITICAL_RIVALRY,0,0,0,2,AI-positive country-years resolved for both codes,,,0.0,0.0,False
2017,AI_GOVERNANCE_SKEPTICISM,AI_OPPORTUNITY_RISK_DUALITY,0,0,0,2,AI-positive country-years resolved for both codes,,,0.0,0.0,False
2017,AI_GOVERNANCE_SKEPTICISM,AI_TRANSFORMATIVE_ERA,0,0,0,2,AI-positive country-years resolved for both codes,,,0.0,0.0,False
2017,AI_GOVERNANCE_SKEPTICISM,AI_TECH_LIST_MENTION,0,0,0,2,AI-positive country-years resolved for both codes,,,0.0,0.0,False
2017,AI_GOVERNANCE_SKEPTICISM,AI_THREAT_LIST_MENTION,0,0,0,1,AI-positive country-years resolved for both codes,,,0.0,0.0,False
2017,AI_UN_ROLE,AI_MILITARY_WEAPONS,0,1,0,2,AI-positive country-years resolved for both codes,0.0,,0.5,0.0,False
2017,AI_UN_ROLE,AI_PEACE_APPLICATIONS,0,1,0,2,AI-positive country-years resolved for both codes,0.0,,0.5,0.0,False
2017,AI_UN_ROLE,AI_SAFETY_EXISTENTIAL,0,1,0,2,AI-positive country-years resolved for both codes,0.0,,0.5,0.0,False
2017,AI_UN_ROLE,AI_HUMAN_CONTROL,0,1,0,2,AI-positive country-years resolved for both codes,0.0,,0.5,0.0,False
2017,AI_UN_ROLE,AI_HUMAN_RIGHTS_ETHICS,0,1,0,2,AI-positive country-years resolved for both codes,0.0,,0.5,0.0,False
2017,AI_UN_ROLE,AI_BIAS_CULTURAL_DIVERSITY,0,1,0,2,AI-positive country-years resolved for both codes,0.0,,0.5,0.0,False
2017,AI_UN_ROLE,AI_DISINFORMATION,0,1,0,2,AI-positive country-years resolved for both codes,0.0,,0.5,0.0,False
2017,AI_UN_ROLE,AI_CYBER_SECURITY,0,1,0,2,AI-positive country-years resolved for both codes,0.0,,0.5,0.0,False
2017,AI_UN_ROLE,AI_DIGITAL_DIVIDE,0,1,0,1,AI-positive country-years resolved for both codes,0.0,,1.0,0.0,False
2017,AI_UN_ROLE,AI_CAPACITY_BUILDING,0,1,0,2,AI-positive country-years resolved for both codes,0.0,,0.5,0.0,False
2017,AI_UN_ROLE,AI_DEVELOPMENT_SDGS,0,1,0,2,AI-positive country-years resolved for both codes,0.0,,0.5,0.0,False
2017,AI_UN_ROLE,AI_RESOURCE_FOOTPRINT,0,1,0,2,AI-positive country-years resolved for both codes,0.0,,0.5,0.0,False
2017,AI_UN_ROLE,AI_ECONOMY_LABOR,1,1,1,2,AI-positive country-years resolved for both codes,1.0,1.0,0.5,0.5,False
2017,AI_UN_ROLE,AI_YOUTH_EDUCATION,0,1,0,1,AI-positive country-years resolved for both codes,0.0,,1.0,0.0,False
2017,AI_UN_ROLE,AI_CHILD_PROTECTION,0,1,0,2,AI-positive country-years resolved for both codes,0.0,,0.5,0.0,False
2017,AI_UN_ROLE,AI_NATIONAL_STRATEGY,0,1,1,2,AI-positive country-years resolved for both codes,0.0,0.0,0.5,0.5,False
2017,AI_UN_ROLE,AI_SOVEREIGNTY_CONCENTRATION,0,1,0,2,AI-positive country-years resolved for both codes,0.0,,0.5,0.0,False
2017,AI_UN_ROLE,AI_GEOPOLITICAL_RIVALRY,0,1,0,2,AI-positive country-years resolved for both codes,0.0,,0.5,0.0,False
2017,AI_UN_ROLE,AI_OPPORTUNITY_RISK_DUALITY,0,1,0,2,AI-positive country-years resolved for both codes,0.0,,0.5,0.0,False
2017,AI_UN_ROLE,AI_TRANSFORMATIVE_ERA,0,1,0,2,AI-positive country-years resolved for both codes,0.0,,0.5,0.0,False
2017,AI_UN_ROLE,AI_TECH_LIST_MENTION,0,1,0,2,AI-positive country-years resolved for both codes,0.0,,0.5,0.0,False
2017,AI_UN_ROLE,AI_THREAT_LIST_MENTION,0,0,0,1,AI-positive country-years resolved for both codes,,,0.0,0.0,False
2017,AI_MILITARY_WEAPONS,AI_PEACE_APPLICATIONS,0,0,0,2,AI-positive country-years resolved for both codes,,,0.0,0.0,False
2017,AI_MILITARY_WEAPONS,AI_SAFETY_EXISTENTIAL,0,0,0,2,AI-positive country-years resolved for both codes,,,0.0,0.0,False
2017,AI_MILITARY_WEAPONS,AI_HUMAN_CONTROL,0,0,0,2,AI-positive country-years resolved for both codes,,,0.0,0.0,False
2017,AI_MILITARY_WEAPONS,AI_HUMAN_RIGHTS_ETHICS,0,0,0,2,AI-positive country-years resolved for both codes,,,0.0,0.0,False
2017,AI_MILITARY_WEAPONS,AI_BIAS_CULTURAL_DIVERSITY,0,0,0,2,AI-positive country-years resolved for both codes,,,0.0,0.0,False
2017,AI_MILITARY_WEAPONS,AI_DISINFORMATION,0,0,0,2,AI-positive country-years resolved for both codes,,,0.0,0.0,False
2017,AI_MILITARY_WEAPONS,AI_CYBER_SECURITY,0,0,0,2,AI-positive country-years resolved for both codes,,,0.0,0.0,False
2017,AI_MILITARY_WEAPONS,AI_DIGITAL_DIVIDE,0,0,0,1,AI-positive country-years resolved for both codes,,,0.0,0.0,False
2017,AI_MILITARY_WEAPONS,AI_CAPACITY_BUILDING,0,0,0,2,AI-positive country-years resolved for both codes,,,0.0,0.0,False
2017,AI_MILITARY_WEAPONS,AI_DEVELOPMENT_SDGS,0,0,0,2,AI-positive country-years resolved for both codes,,,0.0,0.0,False
2017,AI_MILITARY_WEAPONS,AI_RESOURCE_FOOTPRINT,0,0,0,2,AI-positive country-years resolved for both codes,,,0.0,0.0,False
2017,AI_MILITARY_WEAPONS,AI_ECONOMY_LABOR,0,0,1,2,AI-positive country-years resolved for both codes,,0.0,0.0,0.5,False
2017,AI_MILITARY_WEAPONS,AI_YOUTH_EDUCATION,0,0,0,1,AI-positive country-years resolved for both codes,,,0.0,0.0,False
2017,AI_MILITARY_WEAPONS,AI_CHILD_PROTECTION,0,0,0,2,AI-positive country-years resolved for both codes,,,0.0,0.0,False
2017,AI_MILITARY_WEAPONS,AI_NATIONAL_STRATEGY,0,0,1,2,AI-positive country-years resolved for both codes,,0.0,0.0,0.5,False
2017,AI_MILITARY_WEAPONS,AI_SOVEREIGNTY_CONCENTRATION,0,0,0,2,AI-positive country-years resolved for both codes,,,0.0,0.0,False
2017,AI_MILITARY_WEAPONS,AI_GEOPOLITICAL_RIVALRY,0,0,0,2,AI-positive country-years resolved for both codes,,,0.0,0.0,False
2017,AI_MILITARY_WEAPONS,AI_OPPORTUNITY_RISK_DUALITY,0,0,0,2,AI-positive country-years resolved for both codes,,,0.0,0.0,False
2017,AI_MILITARY_WEAPONS,AI_TRANSFORMATIVE_ERA,0,0,0,2,AI-positive country-years resolved for both codes,,,0.0,0.0,False
2017,AI_MILITARY_WEAPONS,AI_TECH_LIST_MENTION,0,0,0,2,AI-positive country-years resolved for both codes,,,0.0,0.0,False
2017,AI_MILITARY_WEAPONS,AI_THREAT_LIST_MENTION,0,0,0,1,AI-positive country-years resolved for both codes,,,0.0,0.0,False
2017,AI_PEACE_APPLICATIONS,AI_SAFETY_EXISTENTIAL,0,0,0,2,AI-positive country-years resolved for both codes,,,0.0,0.0,False
2017,AI_PEACE_APPLICATIONS,AI_HUMAN_CONTROL,0,0,0,2,AI-positive country-years resolved for both codes,,,0.0,0.0,False
2017,AI_PEACE_APPLICATIONS,AI_HUMAN_RIGHTS_ETHICS,0,0,0,2,AI-positive country-years resolved for both codes,,,0.0,0.0,False
2017,AI_PEACE_APPLICATIONS,AI_BIAS_CULTURAL_DIVERSITY,0,0,0,2,AI-positive country-years resolved for both codes,,,0.0,0.0,False
2017,AI_PEACE_APPLICATIONS,AI_DISINFORMATION,0,0,0,2,AI-positive country-years resolved for both codes,,,0.0,0.0,False
2017,AI_PEACE_APPLICATIONS,AI_CYBER_SECURITY,0,0,0,2,AI-positive country-years resolved for both codes,,,0.0,0.0,False
2017,AI_PEACE_APPLICATIONS,AI_DIGITAL_DIVIDE,0,0,0,1,AI-positive country-years resolved for both codes,,,0.0,0.0,False
2017,AI_PEACE_APPLICATIONS,AI_CAPACITY_BUILDING,0,0,0,2,AI-positive country-years resolved for both codes,,,0.0,0.0,False
2017,AI_PEACE_APPLICATIONS,AI_DEVELOPMENT_SDGS,0,0,0,2,AI-positive country-years resolved for both codes,,,0.0,0.0,False
2017,AI_PEACE_APPLICATIONS,AI_RESOURCE_FOOTPRINT,0,0,0,2,AI-positive country-years resolved for both codes,,,0.0,0.0,False
2017,AI_PEACE_APPLICATIONS,AI_ECONOMY_LABOR,0,0,1,2,AI-positive country-years resolved for both codes,,0.0,0.0,0.5,False
2017,AI_PEACE_APPLICATIONS,AI_YOUTH_EDUCATION,0,0,0,1,AI-positive country-years resolved for both codes,,,0.0,0.0,False
2017,AI_PEACE_APPLICATIONS,AI_CHILD_PROTECTION,0,0,0,2,AI-positive country-years resolved for both codes,,,0.0,0.0,False
2017,AI_PEACE_APPLICATIONS,AI_NATIONAL_STRATEGY,0,0,1,2,AI-positive country-years resolved for both codes,,0.0,0.0,0.5,False
2017,AI_PEACE_APPLICATIONS,AI_SOVEREIGNTY_CONCENTRATION,0,0,0,2,AI-positive country-years resolved for both codes,,,0.0,0.0,False
2017,AI_PEACE_APPLICATIONS,AI_GEOPOLITICAL_RIVALRY,0,0,0,2,AI-positive country-years resolved for both codes,,,0.0,0.0,False
2017,AI_PEACE_APPLICATIONS,AI_OPPORTUNITY_RISK_DUALITY,0,0,0,2,AI-positive country-years resolved for both codes,,,0.0,0.0,False
2017,AI_PEACE_APPLICATIONS,AI_TRANSFORMATIVE_ERA,0,0,0,2,AI-positive country-years resolved for both codes,,,0.0,0.0,False
2017,AI_PEACE_APPLICATIONS,AI_TECH_LIST_MENTION,0,0,0,2,AI-positive country-years resolved for both codes,,,0.0,0.0,False
2017,AI_PEACE_APPLICATIONS,AI_THREAT_LIST_MENTION,0,0,0,1,AI-positive country-years resolved for both codes,,,0.0,0.0,False
2017,AI_SAFETY_EXISTENTIAL,AI_HUMAN_CONTROL,0,0,0,2,AI-positive country-years resolved for both codes,,,0.0,0.0,False
2017,AI_SAFETY_EXISTENTIAL,AI_HUMAN_RIGHTS_ETHICS,0,0,0,2,AI-positive country-years resolved for both codes,,,0.0,0.0,False
2017,AI_SAFETY_EXISTENTIAL,AI_BIAS_CULTURAL_DIVERSITY,0,0,0,2,AI-positive country-years resolved for both codes,,,0.0,0.0,False
2017,AI_SAFETY_EXISTENTIAL,AI_DISINFORMATION,0,0,0,2,AI-positive country-years resolved for both codes,,,0.0,0.0,False
2017,AI_SAFETY_EXISTENTIAL,AI_CYBER_SECURITY,0,0,0,2,AI-positive country-years resolved for both codes,,,0.0,0.0,False
2017,AI_SAFETY_EXISTENTIAL,AI_DIGITAL_DIVIDE,0,0,0,1,AI-positive country-years resolved for both codes,,,0.0,0.0,False
2017,AI_SAFETY_EXISTENTIAL,AI_CAPACITY_BUILDING,0,0,0,2,AI-positive country-years resolved for both codes,,,0.0,0.0,False
2017,AI_SAFETY_EXISTENTIAL,AI_DEVELOPMENT_SDGS,0,0,0,2,AI-positive country-years resolved for both codes,,,0.0,0.0,False
2017,AI_SAFETY_EXISTENTIAL,AI_RESOURCE_FOOTPRINT,0,0,0,2,AI-positive country-years resolved for both codes,,,0.0,0.0,False
2017,AI_SAFETY_EXISTENTIAL,AI_ECONOMY_LABOR,0,0,1,2,AI-positive country-years resolved for both codes,,0.0,0.0,0.5,False
2017,AI_SAFETY_EXISTENTIAL,AI_YOUTH_EDUCATION,0,0,0,1,AI-positive country-years resolved for both codes,,,0.0,0.0,False
2017,AI_SAFETY_EXISTENTIAL,AI_CHILD_PROTECTION,0,0,0,2,AI-positive country-years resolved for both codes,,,0.0,0.0,False
2017,AI_SAFETY_EXISTENTIAL,AI_NATIONAL_STRATEGY,0,0,1,2,AI-positive country-years resolved for both codes,,0.0,0.0,0.5,False
2017,AI_SAFETY_EXISTENTIAL,AI_SOVEREIGNTY_CONCENTRATION,0,0,0,2,AI-positive country-years resolved for both codes,,,0.0,0.0,False
2017,AI_SAFETY_EXISTENTIAL,AI_GEOPOLITICAL_RIVALRY,0,0,0,2,AI-positive country-years resolved for both codes,,,0.0,0.0,False
2017,AI_SAFETY_EXISTENTIAL,AI_OPPORTUNITY_RISK_DUALITY,0,0,0,2,AI-positive country-years resolved for both codes,,,0.0,0.0,False
2017,AI_SAFETY_EXISTENTIAL,AI_TRANSFORMATIVE_ERA,0,0,0,2,AI-positive country-years resolved for both codes,,,0.0,0.0,False
2017,AI_SAFETY_EXISTENTIAL,AI_TECH_LIST_MENTION,0,0,0,2,AI-positive country-years resolved for both codes,,,0.0,0.0,False
2017,AI_SAFETY_EXISTENTIAL,AI_THREAT_LIST_MENTION,0,0,0,1,AI-positive country-years resolved for both codes,,,0.0,0.0,False
2017,AI_HUMAN_CONTROL,AI_HUMAN_RIGHTS_ETHICS,0,0,0,2,AI-positive country-years resolved for both codes,,,0.0,0.0,False
2017,AI_HUMAN_CONTROL,AI_BIAS_CULTURAL_DIVERSITY,0,0,0,2,AI-positive country-years resolved for both codes,,,0.0,0.0,False
2017,AI_HUMAN_CONTROL,AI_DISINFORMATION,0,0,0,2,AI-positive country-years resolved for both codes,,,0.0,0.0,False
2017,AI_HUMAN_CONTROL,AI_CYBER_SECURITY,0,0,0,2,AI-positive country-years resolved for both codes,,,0.0,0.0,False
2017,AI_HUMAN_CONTROL,AI_DIGITAL_DIVIDE,0,0,0,1,AI-positive country-years resolved for both codes,,,0.0,0.0,False
2017,AI_HUMAN_CONTROL,AI_CAPACITY_BUILDING,0,0,0,2,AI-positive country-years resolved for both codes,,,0.0,0.0,False
2017,AI_HUMAN_CONTROL,AI_DEVELOPMENT_SDGS,0,0,0,2,AI-positive country-years resolved for both codes,,,0.0,0.0,False
2017,AI_HUMAN_CONTROL,AI_RESOURCE_FOOTPRINT,0,0,0,2,AI-positive country-years resolved for both codes,,,0.0,0.0,False
2017,AI_HUMAN_CONTROL,AI_ECONOMY_LABOR,0,0,1,2,AI-positive country-years resolved for both codes,,0.0,0.0,0.5,False
2017,AI_HUMAN_CONTROL,AI_YOUTH_EDUCATION,0,0,0,1,AI-positive country-years resolved for both codes,,,0.0,0.0,False
2017,AI_HUMAN_CONTROL,AI_CHILD_PROTECTION,0,0,0,2,AI-positive country-years resolved for both codes,,,0.0,0.0,False
2017,AI_HUMAN_CONTROL,AI_NATIONAL_STRATEGY,0,0,1,2,AI-positive country-years resolved for both codes,,0.0,0.0,0.5,False
2017,AI_HUMAN_CONTROL,AI_SOVEREIGNTY_CONCENTRATION,0,0,0,2,AI-positive country-years resolved for both codes,,,0.0,0.0,False
2017,AI_HUMAN_CONTROL,AI_GEOPOLITICAL_RIVALRY,0,0,0,2,AI-positive country-years resolved for both codes,,,0.0,0.0,False
2017,AI_HUMAN_CONTROL,AI_OPPORTUNITY_RISK_DUALITY,0,0,0,2,AI-positive country-years resolved for both codes,,,0.0,0.0,False
2017,AI_HUMAN_CONTROL,AI_TRANSFORMATIVE_ERA,0,0,0,2,AI-positive country-years resolved for both codes,,,0.0,0.0,False
2017,AI_HUMAN_CONTROL,AI_TECH_LIST_MENTION,0,0,0,2,AI-positive country-years resolved for both codes,,,0.0,0.0,False
2017,AI_HUMAN_CONTROL,AI_THREAT_LIST_MENTION,0,0,0,1,AI-positive country-years resolved for both codes,,,0.0,0.0,False
2017,AI_HUMAN_RIGHTS_ETHICS,AI_BIAS_CULTURAL_DIVERSITY,0,0,0,2,AI-positive country-years resolved for both codes,,,0.0,0.0,False
2017,AI_HUMAN_RIGHTS_ETHICS,AI_DISINFORMATION,0,0,0,2,AI-positive country-years resolved for both codes,,,0.0,0.0,False
2017,AI_HUMAN_RIGHTS_ETHICS,AI_CYBER_SECURITY,0,0,0,2,AI-positive country-years resolved for both codes,,,0.0,0.0,False
2017,AI_HUMAN_RIGHTS_ETHICS,AI_DIGITAL_DIVIDE,0,0,0,1,AI-positive country-years resolved for both codes,,,0.0,0.0,False
2017,AI_HUMAN_RIGHTS_ETHICS,AI_CAPACITY_BUILDING,0,0,0,2,AI-positive country-years resolved for both codes,,,0.0,0.0,False
2017,AI_HUMAN_RIGHTS_ETHICS,AI_DEVELOPMENT_SDGS,0,0,0,2,AI-positive country-years resolved for both codes,,,0.0,0.0,False
2017,AI_HUMAN_RIGHTS_ETHICS,AI_RESOURCE_FOOTPRINT,0,0,0,2,AI-positive country-years resolved for both codes,,,0.0,0.0,False
2017,AI_HUMAN_RIGHTS_ETHICS,AI_ECONOMY_LABOR,0,0,1,2,AI-positive country-years resolved for both codes,,0.0,0.0,0.5,False
2017,AI_HUMAN_RIGHTS_ETHICS,AI_YOUTH_EDUCATION,0,0,0,1,AI-positive country-years resolved for both codes,,,0.0,0.0,False
2017,AI_HUMAN_RIGHTS_ETHICS,AI_CHILD_PROTECTION,0,0,0,2,AI-positive country-years resolved for both codes,,,0.0,0.0,False
2017,AI_HUMAN_RIGHTS_ETHICS,AI_NATIONAL_STRATEGY,0,0,1,2,AI-positive country-years resolved for both codes,,0.0,0.0,0.5,False
2017,AI_HUMAN_RIGHTS_ETHICS,AI_SOVEREIGNTY_CONCENTRATION,0,0,0,2,AI-positive country-years resolved for both codes,,,0.0,0.0,False
2017,AI_HUMAN_RIGHTS_ETHICS,AI_GEOPOLITICAL_RIVALRY,0,0,0,2,AI-positive country-years resolved for both codes,,,0.0,0.0,False
2017,AI_HUMAN_RIGHTS_ETHICS,AI_OPPORTUNITY_RISK_DUALITY,0,0,0,2,AI-positive country-years resolved for both codes,,,0.0,0.0,False
2017,AI_HUMAN_RIGHTS_ETHICS,AI_TRANSFORMATIVE_ERA,0,0,0,2,AI-positive country-years resolved for both codes,,,0.0,0.0,False
2017,AI_HUMAN_RIGHTS_ETHICS,AI_TECH_LIST_MENTION,0,0,0,2,AI-positive country-years resolved for both codes,,,0.0,0.0,False
2017,AI_HUMAN_RIGHTS_ETHICS,AI_THREAT_LIST_MENTION,0,0,0,1,AI-positive country-years resolved for both codes,,,0.0,0.0,False
2017,AI_BIAS_CULTURAL_DIVERSITY,AI_DISINFORMATION,0,0,0,2,AI-positive country-years resolved for both codes,,,0.0,0.0,False
2017,AI_BIAS_CULTURAL_DIVERSITY,AI_CYBER_SECURITY,0,0,0,2,AI-positive country-years resolved for both codes,,,0.0,0.0,False
2017,AI_BIAS_CULTURAL_DIVERSITY,AI_DIGITAL_DIVIDE,0,0,0,1,AI-positive country-years resolved for both codes,,,0.0,0.0,False
2017,AI_BIAS_CULTURAL_DIVERSITY,AI_CAPACITY_BUILDING,0,0,0,2,AI-positive country-years resolved for both codes,,,0.0,0.0,False
2017,AI_BIAS_CULTURAL_DIVERSITY,AI_DEVELOPMENT_SDGS,0,0,0,2,AI-positive country-years resolved for both codes,,,0.0,0.0,False
2017,AI_BIAS_CULTURAL_DIVERSITY,AI_RESOURCE_FOOTPRINT,0,0,0,2,AI-positive country-years resolved for both codes,,,0.0,0.0,False
2017,AI_BIAS_CULTURAL_DIVERSITY,AI_ECONOMY_LABOR,0,0,1,2,AI-positive country-years resolved for both codes,,0.0,0.0,0.5,False
2017,AI_BIAS_CULTURAL_DIVERSITY,AI_YOUTH_EDUCATION,0,0,0,1,AI-positive country-years resolved for both codes,,,0.0,0.0,False
2017,AI_BIAS_CULTURAL_DIVERSITY,AI_CHILD_PROTECTION,0,0,0,2,AI-positive country-years resolved for both codes,,,0.0,0.0,False
2017,AI_BIAS_CULTURAL_DIVERSITY,AI_NATIONAL_STRATEGY,0,0,1,2,AI-positive country-years resolved for both codes,,0.0,0.0,0.5,False
2017,AI_BIAS_CULTURAL_DIVERSITY,AI_SOVEREIGNTY_CONCENTRATION,0,0,0,2,AI-positive country-years resolved for both codes,,,0.0,0.0,False
2017,AI_BIAS_CULTURAL_DIVERSITY,AI_GEOPOLITICAL_RIVALRY,0,0,0,2,AI-positive country-years resolved for both codes,,,0.0,0.0,False
2017,AI_BIAS_CULTURAL_DIVERSITY,AI_OPPORTUNITY_RISK_DUALITY,0,0,0,2,AI-positive country-years resolved for both codes,,,0.0,0.0,False
2017,AI_BIAS_CULTURAL_DIVERSITY,AI_TRANSFORMATIVE_ERA,0,0,0,2,AI-positive country-years resolved for both codes,,,0.0,0.0,False
2017,AI_BIAS_CULTURAL_DIVERSITY,AI_TECH_LIST_MENTION,0,0,0,2,AI-positive country-years resolved for both codes,,,0.0,0.0,False
2017,AI_BIAS_CULTURAL_DIVERSITY,AI_THREAT_LIST_MENTION,0,0,0,1,AI-positive country-years resolved for both codes,,,0.0,0.0,False
2017,AI_DISINFORMATION,AI_CYBER_SECURITY,0,0,0,2,AI-positive country-years resolved for both codes,,,0.0,0.0,False
2017,AI_DISINFORMATION,AI_DIGITAL_DIVIDE,0,0,0,1,AI-positive country-years resolved for both codes,,,0.0,0.0,False
2017,AI_DISINFORMATION,AI_CAPACITY_BUILDING,0,0,0,2,AI-positive country-years resolved for both codes,,,0.0,0.0,False
2017,AI_DISINFORMATION,AI_DEVELOPMENT_SDGS,0,0,0,2,AI-positive country-years resolved for both codes,,,0.0,0.0,False
2017,AI_DISINFORMATION,AI_RESOURCE_FOOTPRINT,0,0,0,2,AI-positive country-years resolved for both codes,,,0.0,0.0,False
2017,AI_DISINFORMATION,AI_ECONOMY_LABOR,0,0,1,2,AI-positive country-years resolved for both codes,,0.0,0.0,0.5,False
2017,AI_DISINFORMATION,AI_YOUTH_EDUCATION,0,0,0,1,AI-positive country-years resolved for both codes,,,0.0,0.0,False
2017,AI_DISINFORMATION,AI_CHILD_PROTECTION,0,0,0,2,AI-positive country-years resolved for both codes,,,0.0,0.0,False
2017,AI_DISINFORMATION,AI_NATIONAL_STRATEGY,0,0,1,2,AI-positive country-years resolved for both codes,,0.0,0.0,0.5,False
2017,AI_DISINFORMATION,AI_SOVEREIGNTY_CONCENTRATION,0,0,0,2,AI-positive country-years resolved for both codes,,,0.0,0.0,False
2017,AI_DISINFORMATION,AI_GEOPOLITICAL_RIVALRY,0,0,0,2,AI-positive country-years resolved for both codes,,,0.0,0.0,False
2017,AI_DISINFORMATION,AI_OPPORTUNITY_RISK_DUALITY,0,0,0,2,AI-positive country-years resolved for both codes,,,0.0,0.0,False
2017,AI_DISINFORMATION,AI_TRANSFORMATIVE_ERA,0,0,0,2,AI-positive country-years resolved for both codes,,,0.0,0.0,False
2017,AI_DISINFORMATION,AI_TECH_LIST_MENTION,0,0,0,2,AI-positive country-years resolved for both codes,,,0.0,0.0,False
2017,AI_DISINFORMATION,AI_THREAT_LIST_MENTION,0,0,0,1,AI-positive country-years resolved for both codes,,,0.0,0.0,False
2017,AI_CYBER_SECURITY,AI_DIGITAL_DIVIDE,0,0,0,1,AI-positive country-years resolved for both codes,,,0.0,0.0,False
2017,AI_CYBER_SECURITY,AI_CAPACITY_BUILDING,0,0,0,2,AI-positive country-years resolved for both codes,,,0.0,0.0,False
2017,AI_CYBER_SECURITY,AI_DEVELOPMENT_SDGS,0,0,0,2,AI-positive country-years resolved for both codes,,,0.0,0.0,False
2017,AI_CYBER_SECURITY,AI_RESOURCE_FOOTPRINT,0,0,0,2,AI-positive country-years resolved for both codes,,,0.0,0.0,False
2017,AI_CYBER_SECURITY,AI_ECONOMY_LABOR,0,0,1,2,AI-positive country-years resolved for both codes,,0.0,0.0,0.5,False
2017,AI_CYBER_SECURITY,AI_YOUTH_EDUCATION,0,0,0,1,AI-positive country-years resolved for both codes,,,0.0,0.0,False
2017,AI_CYBER_SECURITY,AI_CHILD_PROTECTION,0,0,0,2,AI-positive country-years resolved for both codes,,,0.0,0.0,False
2017,AI_CYBER_SECURITY,AI_NATIONAL_STRATEGY,0,0,1,2,AI-positive country-years resolved for both codes,,0.0,0.0,0.5,False
2017,AI_CYBER_SECURITY,AI_SOVEREIGNTY_CONCENTRATION,0,0,0,2,AI-positive country-years resolved for both codes,,,0.0,0.0,False
2017,AI_CYBER_SECURITY,AI_GEOPOLITICAL_RIVALRY,0,0,0,2,AI-positive country-years resolved for both codes,,,0.0,0.0,False
2017,AI_CYBER_SECURITY,AI_OPPORTUNITY_RISK_DUALITY,0,0,0,2,AI-positive country-years resolved for both codes,,,0.0,0.0,False
2017,AI_CYBER_SECURITY,AI_TRANSFORMATIVE_ERA,0,0,0,2,AI-positive country-years resolved for both codes,,,0.0,0.0,False
2017,AI_CYBER_SECURITY,AI_TECH_LIST_MENTION,0,0,0,2,AI-positive country-years resolved for both codes,,,0.0,0.0,False
2017,AI_CYBER_SECURITY,AI_THREAT_LIST_MENTION,0,0,0,1,AI-positive country-years resolved for both codes,,,0.0,0.0,False
2017,AI_DIGITAL_DIVIDE,AI_CAPACITY_BUILDING,0,0,0,1,AI-positive country-years resolved for both codes,,,0.0,0.0,False
2017,AI_DIGITAL_DIVIDE,AI_DEVELOPMENT_SDGS,0,0,0,1,AI-positive country-years resolved for both codes,,,0.0,0.0,False
2017,AI_DIGITAL_DIVIDE,AI_RESOURCE_FOOTPRINT,0,0,0,1,AI-positive country-years resolved for both codes,,,0.0,0.0,False
2017,AI_DIGITAL_DIVIDE,AI_ECONOMY_LABOR,0,0,1,1,AI-positive country-years resolved for both codes,,0.0,0.0,1.0,False
2017,AI_DIGITAL_DIVIDE,AI_YOUTH_EDUCATION,0,0,0,1,AI-positive country-years resolved for both codes,,,0.0,0.0,False
2017,AI_DIGITAL_DIVIDE,AI_CHILD_PROTECTION,0,0,0,1,AI-positive country-years resolved for both codes,,,0.0,0.0,False
2017,AI_DIGITAL_DIVIDE,AI_NATIONAL_STRATEGY,0,0,0,1,AI-positive country-years resolved for both codes,,,0.0,0.0,False
2017,AI_DIGITAL_DIVIDE,AI_SOVEREIGNTY_CONCENTRATION,0,0,0,1,AI-positive country-years resolved for both codes,,,0.0,0.0,False
2017,AI_DIGITAL_DIVIDE,AI_GEOPOLITICAL_RIVALRY,0,0,0,1,AI-positive country-years resolved for both codes,,,0.0,0.0,False
2017,AI_DIGITAL_DIVIDE,AI_OPPORTUNITY_RISK_DUALITY,0,0,0,1,AI-positive country-years resolved for both codes,,,0.0,0.0,False
2017,AI_DIGITAL_DIVIDE,AI_TRANSFORMATIVE_ERA,0,0,0,1,AI-positive country-years resolved for both codes,,,0.0,0.0,False
2017,AI_DIGITAL_DIVIDE,AI_TECH_LIST_MENTION,0,0,0,1,AI-positive country-years resolved for both codes,,,0.0,0.0,False
2017,AI_DIGITAL_DIVIDE,AI_THREAT_LIST_MENTION,0,0,0,0,AI-positive country-years resolved for both codes,,,,,False
2017,AI_CAPACITY_BUILDING,AI_DEVELOPMENT_SDGS,0,0,0,2,AI-positive country-years resolved for both codes,,,0.0,0.0,False
2017,AI_CAPACITY_BUILDING,AI_RESOURCE_FOOTPRINT,0,0,0,2,AI-positive country-years resolved for both codes,,,0.0,0.0,False
2017,AI_CAPACITY_BUILDING,AI_ECONOMY_LABOR,0,0,1,2,AI-positive country-years resolved for both codes,,0.0,0.0,0.5,False
2017,AI_CAPACITY_BUILDING,AI_YOUTH_EDUCATION,0,0,0,1,AI-positive country-years resolved for both codes,,,0.0,0.0,False
2017,AI_CAPACITY_BUILDING,AI_CHILD_PROTECTION,0,0,0,2,AI-positive country-years resolved for both codes,,,0.0,0.0,False
2017,AI_CAPACITY_BUILDING,AI_NATIONAL_STRATEGY,0,0,1,2,AI-positive country-years resolved for both codes,,0.0,0.0,0.5,False
2017,AI_CAPACITY_BUILDING,AI_SOVEREIGNTY_CONCENTRATION,0,0,0,2,AI-positive country-years resolved for both codes,,,0.0,0.0,False
2017,AI_CAPACITY_BUILDING,AI_GEOPOLITICAL_RIVALRY,0,0,0,2,AI-positive country-years resolved for both codes,,,0.0,0.0,False
2017,AI_CAPACITY_BUILDING,AI_OPPORTUNITY_RISK_DUALITY,0,0,0,2,AI-positive country-years resolved for both codes,,,0.0,0.0,False
2017,AI_CAPACITY_BUILDING,AI_TRANSFORMATIVE_ERA,0,0,0,2,AI-positive country-years resolved for both codes,,,0.0,0.0,False
2017,AI_CAPACITY_BUILDING,AI_TECH_LIST_MENTION,0,0,0,2,AI-positive country-years resolved for both codes,,,0.0,0.0,False
2017,AI_CAPACITY_BUILDING,AI_THREAT_LIST_MENTION,0,0,0,1,AI-positive country-years resolved for both codes,,,0.0,0.0,False
2017,AI_DEVELOPMENT_SDGS,AI_RESOURCE_FOOTPRINT,0,0,0,2,AI-positive country-years resolved for both codes,,,0.0,0.0,False
2017,AI_DEVELOPMENT_SDGS,AI_ECONOMY_LABOR,0,0,1,2,AI-positive country-years resolved for both codes,,0.0,0.0,0.5,False
2017,AI_DEVELOPMENT_SDGS,AI_YOUTH_EDUCATION,0,0,0,1,AI-positive country-years resolved for both codes,,,0.0,0.0,False
2017,AI_DEVELOPMENT_SDGS,AI_CHILD_PROTECTION,0,0,0,2,AI-positive country-years resolved for both codes,,,0.0,0.0,False
2017,AI_DEVELOPMENT_SDGS,AI_NATIONAL_STRATEGY,0,0,1,2,AI-positive country-years resolved for both codes,,0.0,0.0,0.5,False
2017,AI_DEVELOPMENT_SDGS,AI_SOVEREIGNTY_CONCENTRATION,0,0,0,2,AI-positive country-years resolved for both codes,,,0.0,0.0,False
2017,AI_DEVELOPMENT_SDGS,AI_GEOPOLITICAL_RIVALRY,0,0,0,2,AI-positive country-years resolved for both codes,,,0.0,0.0,False
2017,AI_DEVELOPMENT_SDGS,AI_OPPORTUNITY_RISK_DUALITY,0,0,0,2,AI-positive country-years resolved for both codes,,,0.0,0.0,False
2017,AI_DEVELOPMENT_SDGS,AI_TRANSFORMATIVE_ERA,0,0,0,2,AI-positive country-years resolved for both codes,,,0.0,0.0,False
2017,AI_DEVELOPMENT_SDGS,AI_TECH_LIST_MENTION,0,0,0,2,AI-positive country-years resolved for both codes,,,0.0,0.0,False
2017,AI_DEVELOPMENT_SDGS,AI_THREAT_LIST_MENTION,0,0,0,1,AI-positive country-years resolved for both codes,,,0.0,0.0,False
2017,AI_RESOURCE_FOOTPRINT,AI_ECONOMY_LABOR,0,0,1,2,AI-positive country-years resolved for both codes,,0.0,0.0,0.5,False
2017,AI_RESOURCE_FOOTPRINT,AI_YOUTH_EDUCATION,0,0,0,1,AI-positive country-years resolved for both codes,,,0.0,0.0,False
2017,AI_RESOURCE_FOOTPRINT,AI_CHILD_PROTECTION,0,0,0,2,AI-positive country-years resolved for both codes,,,0.0,0.0,False
2017,AI_RESOURCE_FOOTPRINT,AI_NATIONAL_STRATEGY,0,0,1,2,AI-positive country-years resolved for both codes,,0.0,0.0,0.5,False
2017,AI_RESOURCE_FOOTPRINT,AI_SOVEREIGNTY_CONCENTRATION,0,0,0,2,AI-positive country-years resolved for both codes,,,0.0,0.0,False
2017,AI_RESOURCE_FOOTPRINT,AI_GEOPOLITICAL_RIVALRY,0,0,0,2,AI-positive country-years resolved for both codes,,,0.0,0.0,False
2017,AI_RESOURCE_FOOTPRINT,AI_OPPORTUNITY_RISK_DUALITY,0,0,0,2,AI-positive country-years resolved for both codes,,,0.0,0.0,False
2017,AI_RESOURCE_FOOTPRINT,AI_TRANSFORMATIVE_ERA,0,0,0,2,AI-positive country-years resolved for both codes,,,0.0,0.0,False
2017,AI_RESOURCE_FOOTPRINT,AI_TECH_LIST_MENTION,0,0,0,2,AI-positive country-years resolved for both codes,,,0.0,0.0,False
2017,AI_RESOURCE_FOOTPRINT,AI_THREAT_LIST_MENTION,0,0,0,1,AI-positive country-years resolved for both codes,,,0.0,0.0,False
2017,AI_ECONOMY_LABOR,AI_YOUTH_EDUCATION,0,1,0,1,AI-positive country-years resolved for both codes,0.0,,1.0,0.0,False
2017,AI_ECONOMY_LABOR,AI_CHILD_PROTECTION,0,1,0,2,AI-positive country-years resolved for both codes,0.0,,0.5,0.0,False
2017,AI_ECONOMY_LABOR,AI_NATIONAL_STRATEGY,0,1,1,2,AI-positive country-years resolved for both codes,0.0,0.0,0.5,0.5,False
2017,AI_ECONOMY_LABOR,AI_SOVEREIGNTY_CONCENTRATION,0,1,0,2,AI-positive country-years resolved for both codes,0.0,,0.5,0.0,False
2017,AI_ECONOMY_LABOR,AI_GEOPOLITICAL_RIVALRY,0,1,0,2,AI-positive country-years resolved for both codes,0.0,,0.5,0.0,False
2017,AI_ECONOMY_LABOR,AI_OPPORTUNITY_RISK_DUALITY,0,1,0,2,AI-positive country-years resolved for both codes,0.0,,0.5,0.0,False
2017,AI_ECONOMY_LABOR,AI_TRANSFORMATIVE_ERA,0,1,0,2,AI-positive country-years resolved for both codes,0.0,,0.5,0.0,False
2017,AI_ECONOMY_LABOR,AI_TECH_LIST_MENTION,0,1,0,2,AI-positive country-years resolved for both codes,0.0,,0.5,0.0,False
2017,AI_ECONOMY_LABOR,AI_THREAT_LIST_MENTION,0,0,0,1,AI-positive country-years resolved for both codes,,,0.0,0.0,False
2017,AI_YOUTH_EDUCATION,AI_CHILD_PROTECTION,0,0,0,1,AI-positive country-years resolved for both codes,,,0.0,0.0,False
2017,AI_YOUTH_EDUCATION,AI_NATIONAL_STRATEGY,0,0,0,1,AI-positive country-years resolved for both codes,,,0.0,0.0,False
2017,AI_YOUTH_EDUCATION,AI_SOVEREIGNTY_CONCENTRATION,0,0,0,1,AI-positive country-years resolved for both codes,,,0.0,0.0,False
2017,AI_YOUTH_EDUCATION,AI_GEOPOLITICAL_RIVALRY,0,0,0,1,AI-positive country-years resolved for both codes,,,0.0,0.0,False
2017,AI_YOUTH_EDUCATION,AI_OPPORTUNITY_RISK_DUALITY,0,0,0,1,AI-positive country-years resolved for both codes,,,0.0,0.0,False
2017,AI_YOUTH_EDUCATION,AI_TRANSFORMATIVE_ERA,0,0,0,1,AI-positive country-years resolved for both codes,,,0.0,0.0,False
2017,AI_YOUTH_EDUCATION,AI_TECH_LIST_MENTION,0,0,0,1,AI-positive country-years resolved for both codes,,,0.0,0.0,False
2017,AI_YOUTH_EDUCATION,AI_THREAT_LIST_MENTION,0,0,0,0,AI-positive country-years resolved for both codes,,,,,False
2017,AI_CHILD_PROTECTION,AI_NATIONAL_STRATEGY,0,0,1,2,AI-positive country-years resolved for both codes,,0.0,0.0,0.5,False
2017,AI_CHILD_PROTECTION,AI_SOVEREIGNTY_CONCENTRATION,0,0,0,2,AI-positive country-years resolved for both codes,,,0.0,0.0,False
2017,AI_CHILD_PROTECTION,AI_GEOPOLITICAL_RIVALRY,0,0,0,2,AI-positive country-years resolved for both codes,,,0.0,0.0,False
2017,AI_CHILD_PROTECTION,AI_OPPORTUNITY_RISK_DUALITY,0,0,0,2,AI-positive country-years resolved for both codes,,,0.0,0.0,False
2017,AI_CHILD_PROTECTION,AI_TRANSFORMATIVE_ERA,0,0,0,2,AI-positive country-years resolved for both codes,,,0.0,0.0,False
2017,AI_CHILD_PROTECTION,AI_TECH_LIST_MENTION,0,0,0,2,AI-positive country-years resolved for both codes,,,0.0,0.0,False
2017,AI_CHILD_PROTECTION,AI_THREAT_LIST_MENTION,0,0,0,1,AI-positive country-years resolved for both codes,,,0.0,0.0,False
2017,AI_NATIONAL_STRATEGY,AI_SOVEREIGNTY_CONCENTRATION,0,1,0,2,AI-positive country-years resolved for both codes,0.0,,0.5,0.0,False
2017,AI_NATIONAL_STRATEGY,AI_GEOPOLITICAL_RIVALRY,0,1,0,2,AI-positive country-years resolved for both codes,0.0,,0.5,0.0,False
2017,AI_NATIONAL_STRATEGY,AI_OPPORTUNITY_RISK_DUALITY,0,1,0,2,AI-positive country-years resolved for both codes,0.0,,0.5,0.0,False
2017,AI_NATIONAL_STRATEGY,AI_TRANSFORMATIVE_ERA,0,1,0,2,AI-positive country-years resolved for both codes,0.0,,0.5,0.0,False
2017,AI_NATIONAL_STRATEGY,AI_TECH_LIST_MENTION,0,1,0,2,AI-positive country-years resolved for both codes,0.0,,0.5,0.0,False
2017,AI_NATIONAL_STRATEGY,AI_THREAT_LIST_MENTION,0,1,0,1,AI-positive country-years resolved for both codes,0.0,,1.0,0.0,False
2017,AI_SOVEREIGNTY_CONCENTRATION,AI_GEOPOLITICAL_RIVALRY,0,0,0,2,AI-positive country-years resolved for both codes,,,0.0,0.0,False
2017,AI_SOVEREIGNTY_CONCENTRATION,AI_OPPORTUNITY_RISK_DUALITY,0,0,0,2,AI-positive country-years resolved for both codes,,,0.0,0.0,False
2017,AI_SOVEREIGNTY_CONCENTRATION,AI_TRANSFORMATIVE_ERA,0,0,0,2,AI-positive country-years resolved for both codes,,,0.0,0.0,False
2017,AI_SOVEREIGNTY_CONCENTRATION,AI_TECH_LIST_MENTION,0,0,0,2,AI-positive country-years resolved for both codes,,,0.0,0.0,False
2017,AI_SOVEREIGNTY_CONCENTRATION,AI_THREAT_LIST_MENTION,0,0,0,1,AI-positive country-years resolved for both codes,,,0.0,0.0,False
2017,AI_GEOPOLITICAL_RIVALRY,AI_OPPORTUNITY_RISK_DUALITY,0,0,0,2,AI-positive country-years resolved for both codes,,,0.0,0.0,False
2017,AI_GEOPOLITICAL_RIVALRY,AI_TRANSFORMATIVE_ERA,0,0,0,2,AI-positive country-years resolved for both codes,,,0.0,0.0,False
2017,AI_GEOPOLITICAL_RIVALRY,AI_TECH_LIST_MENTION,0,0,0,2,AI-positive country-years resolved for both codes,,,0.0,0.0,False
2017,AI_GEOPOLITICAL_RIVALRY,AI_THREAT_LIST_MENTION,0,0,0,1,AI-positive country-years resolved for both codes,,,0.0,0.0,False
2017,AI_OPPORTUNITY_RISK_DUALITY,AI_TRANSFORMATIVE_ERA,0,0,0,2,AI-positive country-years resolved for both codes,,,0.0,0.0,False
2017,AI_OPPORTUNITY_RISK_DUALITY,AI_TECH_LIST_MENTION,0,0,0,2,AI-positive country-years resolved for both codes,,,0.0,0.0,False
2017,AI_OPPORTUNITY_RISK_DUALITY,AI_THREAT_LIST_MENTION,0,0,0,1,AI-positive country-years resolved for both codes,,,0.0,0.0,False
2017,AI_TRANSFORMATIVE_ERA,AI_TECH_LIST_MENTION,0,0,0,2,AI-positive country-years resolved for both codes,,,0.0,0.0,False
2017,AI_TRANSFORMATIVE_ERA,AI_THREAT_LIST_MENTION,0,0,0,1,AI-positive country-years resolved for both codes,,,0.0,0.0,False
2017,AI_TECH_LIST_MENTION,AI_THREAT_LIST_MENTION,0,0,0,1,AI-positive country-years resolved for both codes,,,0.0,0.0,False
2018,AI_GLOBAL_GOVERNANCE,AI_INCLUSIVE_GOVERNANCE,0,2,0,11,AI-positive country-years resolved for both codes,0.0,,0.18181818181818182,0.0,False
2018,AI_GLOBAL_GOVERNANCE,AI_GOVERNANCE_SKEPTICISM,0,2,0,11,AI-positive country-years resolved for both codes,0.0,,0.18181818181818182,0.0,False
2018,AI_GLOBAL_GOVERNANCE,AI_UN_ROLE,0,2,1,11,AI-positive country-years resolved for both codes,0.0,0.0,0.18181818181818182,0.09090909090909091,False
2018,AI_GLOBAL_GOVERNANCE,AI_MILITARY_WEAPONS,1,2,2,11,AI-positive country-years resolved for both codes,0.5,0.5,0.18181818181818182,0.18181818181818182,False
2018,AI_GLOBAL_GOVERNANCE,AI_PEACE_APPLICATIONS,0,2,0,11,AI-positive country-years resolved for both codes,0.0,,0.18181818181818182,0.0,False
2018,AI_GLOBAL_GOVERNANCE,AI_SAFETY_EXISTENTIAL,0,2,0,11,AI-positive country-years resolved for both codes,0.0,,0.18181818181818182,0.0,False
2018,AI_GLOBAL_GOVERNANCE,AI_HUMAN_CONTROL,0,2,0,11,AI-positive country-years resolved for both codes,0.0,,0.18181818181818182,0.0,False
2018,AI_GLOBAL_GOVERNANCE,AI_HUMAN_RIGHTS_ETHICS,1,2,1,11,AI-positive country-years resolved for both codes,0.5,1.0,0.18181818181818182,0.09090909090909091,False
2018,AI_GLOBAL_GOVERNANCE,AI_BIAS_CULTURAL_DIVERSITY,0,2,0,11,AI-positive country-years resolved for both codes,0.0,,0.18181818181818182,0.0,False
2018,AI_GLOBAL_GOVERNANCE,AI_DISINFORMATION,0,2,0,11,AI-positive country-years resolved for both codes,0.0,,0.18181818181818182,0.0,False
2018,AI_GLOBAL_GOVERNANCE,AI_CYBER_SECURITY,0,2,0,11,AI-positive country-years resolved for both codes,0.0,,0.18181818181818182,0.0,False
2018,AI_GLOBAL_GOVERNANCE,AI_DIGITAL_DIVIDE,1,2,1,9,AI-positive country-years resolved for both codes,0.5,1.0,0.2222222222222222,0.1111111111111111,False
2018,AI_GLOBAL_GOVERNANCE,AI_CAPACITY_BUILDING,0,2,0,11,AI-positive country-years resolved for both codes,0.0,,0.18181818181818182,0.0,False
2018,AI_GLOBAL_GOVERNANCE,AI_DEVELOPMENT_SDGS,0,2,0,9,AI-positive country-years resolved for both codes,0.0,,0.2222222222222222,0.0,False
2018,AI_GLOBAL_GOVERNANCE,AI_RESOURCE_FOOTPRINT,0,2,0,11,AI-positive country-years resolved for both codes,0.0,,0.18181818181818182,0.0,False
2018,AI_GLOBAL_GOVERNANCE,AI_ECONOMY_LABOR,0,2,1,10,AI-positive country-years resolved for both codes,0.0,0.0,0.2,0.1,False
2018,AI_GLOBAL_GOVERNANCE,AI_YOUTH_EDUCATION,0,2,1,10,AI-positive country-years resolved for both codes,0.0,0.0,0.2,0.1,False
2018,AI_GLOBAL_GOVERNANCE,AI_CHILD_PROTECTION,0,2,0,11,AI-positive country-years resolved for both codes,0.0,,0.18181818181818182,0.0,False
2018,AI_GLOBAL_GOVERNANCE,AI_NATIONAL_STRATEGY,0,2,2,10,AI-positive country-years resolved for both codes,0.0,0.0,0.2,0.2,False
2018,AI_GLOBAL_GOVERNANCE,AI_SOVEREIGNTY_CONCENTRATION,0,2,0,11,AI-positive country-years resolved for both codes,0.0,,0.18181818181818182,0.0,False
2018,AI_GLOBAL_GOVERNANCE,AI_GEOPOLITICAL_RIVALRY,0,2,0,10,AI-positive country-years resolved for both codes,0.0,,0.2,0.0,False
2018,AI_GLOBAL_GOVERNANCE,AI_OPPORTUNITY_RISK_DUALITY,0,1,2,10,AI-positive country-years resolved for both codes,0.0,0.0,0.1,0.2,False
2018,AI_GLOBAL_GOVERNANCE,AI_TRANSFORMATIVE_ERA,0,1,0,7,AI-positive country-years resolved for both codes,0.0,,0.14285714285714285,0.0,False
2018,AI_GLOBAL_GOVERNANCE,AI_TECH_LIST_MENTION,0,2,3,10,AI-positive country-years resolved for both codes,0.0,0.0,0.2,0.3,False
2018,AI_GLOBAL_GOVERNANCE,AI_THREAT_LIST_MENTION,0,2,1,11,AI-positive country-years resolved for both codes,0.0,0.0,0.18181818181818182,0.09090909090909091,False
2018,AI_INCLUSIVE_GOVERNANCE,AI_GOVERNANCE_SKEPTICISM,0,0,0,11,AI-positive country-years resolved for both codes,,,0.0,0.0,False
2018,AI_INCLUSIVE_GOVERNANCE,AI_UN_ROLE,0,0,1,11,AI-positive country-years resolved for both codes,,0.0,0.0,0.09090909090909091,False
2018,AI_INCLUSIVE_GOVERNANCE,AI_MILITARY_WEAPONS,0,0,2,11,AI-positive country-years resolved for both codes,,0.0,0.0,0.18181818181818182,False
2018,AI_INCLUSIVE_GOVERNANCE,AI_PEACE_APPLICATIONS,0,0,0,11,AI-positive country-years resolved for both codes,,,0.0,0.0,False
2018,AI_INCLUSIVE_GOVERNANCE,AI_SAFETY_EXISTENTIAL,0,0,0,11,AI-positive country-years resolved for both codes,,,0.0,0.0,False
2018,AI_INCLUSIVE_GOVERNANCE,AI_HUMAN_CONTROL,0,0,0,11,AI-positive country-years resolved for both codes,,,0.0,0.0,False
2018,AI_INCLUSIVE_GOVERNANCE,AI_HUMAN_RIGHTS_ETHICS,0,0,1,11,AI-positive country-years resolved for both codes,,0.0,0.0,0.09090909090909091,False
2018,AI_INCLUSIVE_GOVERNANCE,AI_BIAS_CULTURAL_DIVERSITY,0,0,0,11,AI-positive country-years resolved for both codes,,,0.0,0.0,False
2018,AI_INCLUSIVE_GOVERNANCE,AI_DISINFORMATION,0,0,0,11,AI-positive country-years resolved for both codes,,,0.0,0.0,False
2018,AI_INCLUSIVE_GOVERNANCE,AI_CYBER_SECURITY,0,0,0,11,AI-positive country-years resolved for both codes,,,0.0,0.0,False
2018,AI_INCLUSIVE_GOVERNANCE,AI_DIGITAL_DIVIDE,0,0,1,9,AI-positive country-years resolved for both codes,,0.0,0.0,0.1111111111111111,False
2018,AI_INCLUSIVE_GOVERNANCE,AI_CAPACITY_BUILDING,0,0,0,11,AI-positive country-years resolved for both codes,,,0.0,0.0,False
2018,AI_INCLUSIVE_GOVERNANCE,AI_DEVELOPMENT_SDGS,0,0,0,9,AI-positive country-years resolved for both codes,,,0.0,0.0,False
2018,AI_INCLUSIVE_GOVERNANCE,AI_RESOURCE_FOOTPRINT,0,0,0,11,AI-positive country-years resolved for both codes,,,0.0,0.0,False
2018,AI_INCLUSIVE_GOVERNANCE,AI_ECONOMY_LABOR,0,0,1,10,AI-positive country-years resolved for both codes,,0.0,0.0,0.1,False
2018,AI_INCLUSIVE_GOVERNANCE,AI_YOUTH_EDUCATION,0,0,1,10,AI-positive country-years resolved for both codes,,0.0,0.0,0.1,False
2018,AI_INCLUSIVE_GOVERNANCE,AI_CHILD_PROTECTION,0,0,0,11,AI-positive country-years resolved for both codes,,,0.0,0.0,False
2018,AI_INCLUSIVE_GOVERNANCE,AI_NATIONAL_STRATEGY,0,0,2,10,AI-positive country-years resolved for both codes,,0.0,0.0,0.2,False
2018,AI_INCLUSIVE_GOVERNANCE,AI_SOVEREIGNTY_CONCENTRATION,0,0,0,11,AI-positive country-years resolved for both codes,,,0.0,0.0,False
2018,AI_INCLUSIVE_GOVERNANCE,AI_GEOPOLITICAL_RIVALRY,0,0,0,10,AI-positive country-years resolved for both codes,,,0.0,0.0,False
2018,AI_INCLUSIVE_GOVERNANCE,AI_OPPORTUNITY_RISK_DUALITY,0,0,2,10,AI-positive country-years resolved for both codes,,0.0,0.0,0.2,False
2018,AI_INCLUSIVE_GOVERNANCE,AI_TRANSFORMATIVE_ERA,0,0,0,7,AI-positive country-years resolved for both codes,,,0.0,0.0,False
2018,AI_INCLUSIVE_GOVERNANCE,AI_TECH_LIST_MENTION,0,0,3,10,AI-positive country-years resolved for both codes,,0.0,0.0,0.3,False
2018,AI_INCLUSIVE_GOVERNANCE,AI_THREAT_LIST_MENTION,0,0,1,11,AI-positive country-years resolved for both codes,,0.0,0.0,0.09090909090909091,False
2018,AI_GOVERNANCE_SKEPTICISM,AI_UN_ROLE,0,0,1,11,AI-positive country-years resolved for both codes,,0.0,0.0,0.09090909090909091,False
2018,AI_GOVERNANCE_SKEPTICISM,AI_MILITARY_WEAPONS,0,0,2,11,AI-positive country-years resolved for both codes,,0.0,0.0,0.18181818181818182,False
2018,AI_GOVERNANCE_SKEPTICISM,AI_PEACE_APPLICATIONS,0,0,0,11,AI-positive country-years resolved for both codes,,,0.0,0.0,False
2018,AI_GOVERNANCE_SKEPTICISM,AI_SAFETY_EXISTENTIAL,0,0,0,11,AI-positive country-years resolved for both codes,,,0.0,0.0,False
2018,AI_GOVERNANCE_SKEPTICISM,AI_HUMAN_CONTROL,0,0,0,11,AI-positive country-years resolved for both codes,,,0.0,0.0,False
2018,AI_GOVERNANCE_SKEPTICISM,AI_HUMAN_RIGHTS_ETHICS,0,0,1,11,AI-positive country-years resolved for both codes,,0.0,0.0,0.09090909090909091,False
2018,AI_GOVERNANCE_SKEPTICISM,AI_BIAS_CULTURAL_DIVERSITY,0,0,0,11,AI-positive country-years resolved for both codes,,,0.0,0.0,False
2018,AI_GOVERNANCE_SKEPTICISM,AI_DISINFORMATION,0,0,0,11,AI-positive country-years resolved for both codes,,,0.0,0.0,False
2018,AI_GOVERNANCE_SKEPTICISM,AI_CYBER_SECURITY,0,0,0,11,AI-positive country-years resolved for both codes,,,0.0,0.0,False
2018,AI_GOVERNANCE_SKEPTICISM,AI_DIGITAL_DIVIDE,0,0,1,9,AI-positive country-years resolved for both codes,,0.0,0.0,0.1111111111111111,False
2018,AI_GOVERNANCE_SKEPTICISM,AI_CAPACITY_BUILDING,0,0,0,11,AI-positive country-years resolved for both codes,,,0.0,0.0,False
2018,AI_GOVERNANCE_SKEPTICISM,AI_DEVELOPMENT_SDGS,0,0,0,9,AI-positive country-years resolved for both codes,,,0.0,0.0,False
2018,AI_GOVERNANCE_SKEPTICISM,AI_RESOURCE_FOOTPRINT,0,0,0,11,AI-positive country-years resolved for both codes,,,0.0,0.0,False
2018,AI_GOVERNANCE_SKEPTICISM,AI_ECONOMY_LABOR,0,0,1,10,AI-positive country-years resolved for both codes,,0.0,0.0,0.1,False
2018,AI_GOVERNANCE_SKEPTICISM,AI_YOUTH_EDUCATION,0,0,1,10,AI-positive country-years resolved for both codes,,0.0,0.0,0.1,False
2018,AI_GOVERNANCE_SKEPTICISM,AI_CHILD_PROTECTION,0,0,0,11,AI-positive country-years resolved for both codes,,,0.0,0.0,False
2018,AI_GOVERNANCE_SKEPTICISM,AI_NATIONAL_STRATEGY,0,0,2,10,AI-positive country-years resolved for both codes,,0.0,0.0,0.2,False
2018,AI_GOVERNANCE_SKEPTICISM,AI_SOVEREIGNTY_CONCENTRATION,0,0,0,11,AI-positive country-years resolved for both codes,,,0.0,0.0,False
2018,AI_GOVERNANCE_SKEPTICISM,AI_GEOPOLITICAL_RIVALRY,0,0,0,10,AI-positive country-years resolved for both codes,,,0.0,0.0,False
2018,AI_GOVERNANCE_SKEPTICISM,AI_OPPORTUNITY_RISK_DUALITY,0,0,2,10,AI-positive country-years resolved for both codes,,0.0,0.0,0.2,False
2018,AI_GOVERNANCE_SKEPTICISM,AI_TRANSFORMATIVE_ERA,0,0,0,7,AI-positive country-years resolved for both codes,,,0.0,0.0,False
2018,AI_GOVERNANCE_SKEPTICISM,AI_TECH_LIST_MENTION,0,0,3,10,AI-positive country-years resolved for both codes,,0.0,0.0,0.3,False
2018,AI_GOVERNANCE_SKEPTICISM,AI_THREAT_LIST_MENTION,0,0,1,11,AI-positive country-years resolved for both codes,,0.0,0.0,0.09090909090909091,False
2018,AI_UN_ROLE,AI_MILITARY_WEAPONS,0,1,2,11,AI-positive country-years resolved for both codes,0.0,0.0,0.09090909090909091,0.18181818181818182,False
2018,AI_UN_ROLE,AI_PEACE_APPLICATIONS,0,1,0,11,AI-positive country-years resolved for both codes,0.0,,0.09090909090909091,0.0,False
2018,AI_UN_ROLE,AI_SAFETY_EXISTENTIAL,0,1,0,11,AI-positive country-years resolved for both codes,0.0,,0.09090909090909091,0.0,False
2018,AI_UN_ROLE,AI_HUMAN_CONTROL,0,1,0,11,AI-positive country-years resolved for both codes,0.0,,0.09090909090909091,0.0,False
2018,AI_UN_ROLE,AI_HUMAN_RIGHTS_ETHICS,0,1,1,11,AI-positive country-years resolved for both codes,0.0,0.0,0.09090909090909091,0.09090909090909091,False
2018,AI_UN_ROLE,AI_BIAS_CULTURAL_DIVERSITY,0,1,0,11,AI-positive country-years resolved for both codes,0.0,,0.09090909090909091,0.0,False
2018,AI_UN_ROLE,AI_DISINFORMATION,0,1,0,11,AI-positive country-years resolved for both codes,0.0,,0.09090909090909091,0.0,False
2018,AI_UN_ROLE,AI_CYBER_SECURITY,0,1,0,11,AI-positive country-years resolved for both codes,0.0,,0.09090909090909091,0.0,False
2018,AI_UN_ROLE,AI_DIGITAL_DIVIDE,0,1,1,9,AI-positive country-years resolved for both codes,0.0,0.0,0.1111111111111111,0.1111111111111111,False
2018,AI_UN_ROLE,AI_CAPACITY_BUILDING,0,1,0,11,AI-positive country-years resolved for both codes,0.0,,0.09090909090909091,0.0,False
2018,AI_UN_ROLE,AI_DEVELOPMENT_SDGS,0,0,0,9,AI-positive country-years resolved for both codes,,,0.0,0.0,False
2018,AI_UN_ROLE,AI_RESOURCE_FOOTPRINT,0,1,0,11,AI-positive country-years resolved for both codes,0.0,,0.09090909090909091,0.0,False
2018,AI_UN_ROLE,AI_ECONOMY_LABOR,0,1,1,10,AI-positive country-years resolved for both codes,0.0,0.0,0.1,0.1,False
2018,AI_UN_ROLE,AI_YOUTH_EDUCATION,0,1,1,10,AI-positive country-years resolved for both codes,0.0,0.0,0.1,0.1,False
2018,AI_UN_ROLE,AI_CHILD_PROTECTION,0,1,0,11,AI-positive country-years resolved for both codes,0.0,,0.09090909090909091,0.0,False
2018,AI_UN_ROLE,AI_NATIONAL_STRATEGY,0,1,2,10,AI-positive country-years resolved for both codes,0.0,0.0,0.1,0.2,False
2018,AI_UN_ROLE,AI_SOVEREIGNTY_CONCENTRATION,0,1,0,11,AI-positive country-years resolved for both codes,0.0,,0.09090909090909091,0.0,False
2018,AI_UN_ROLE,AI_GEOPOLITICAL_RIVALRY,0,1,0,10,AI-positive country-years resolved for both codes,0.0,,0.1,0.0,False
2018,AI_UN_ROLE,AI_OPPORTUNITY_RISK_DUALITY,0,1,2,10,AI-positive country-years resolved for both codes,0.0,0.0,0.1,0.2,False
2018,AI_UN_ROLE,AI_TRANSFORMATIVE_ERA,0,1,0,7,AI-positive country-years resolved for both codes,0.0,,0.14285714285714285,0.0,False
2018,AI_UN_ROLE,AI_TECH_LIST_MENTION,0,1,3,10,AI-positive country-years resolved for both codes,0.0,0.0,0.1,0.3,False
2018,AI_UN_ROLE,AI_THREAT_LIST_MENTION,0,1,1,11,AI-positive country-years resolved for both codes,0.0,0.0,0.09090909090909091,0.09090909090909091,False
2018,AI_MILITARY_WEAPONS,AI_PEACE_APPLICATIONS,0,2,0,11,AI-positive country-years resolved for both codes,0.0,,0.18181818181818182,0.0,False
2018,AI_MILITARY_WEAPONS,AI_SAFETY_EXISTENTIAL,0,2,0,11,AI-positive country-years resolved for both codes,0.0,,0.18181818181818182,0.0,False
2018,AI_MILITARY_WEAPONS,AI_HUMAN_CONTROL,0,2,0,11,AI-positive country-years resolved for both codes,0.0,,0.18181818181818182,0.0,False
2018,AI_MILITARY_WEAPONS,AI_HUMAN_RIGHTS_ETHICS,0,2,1,11,AI-positive country-years resolved for both codes,0.0,0.0,0.18181818181818182,0.09090909090909091,False
2018,AI_MILITARY_WEAPONS,AI_BIAS_CULTURAL_DIVERSITY,0,2,0,11,AI-positive country-years resolved for both codes,0.0,,0.18181818181818182,0.0,False
2018,AI_MILITARY_WEAPONS,AI_DISINFORMATION,0,2,0,11,AI-positive country-years resolved for both codes,0.0,,0.18181818181818182,0.0,False
2018,AI_MILITARY_WEAPONS,AI_CYBER_SECURITY,0,2,0,11,AI-positive country-years resolved for both codes,0.0,,0.18181818181818182,0.0,False
2018,AI_MILITARY_WEAPONS,AI_DIGITAL_DIVIDE,1,2,1,9,AI-positive country-years resolved for both codes,0.5,1.0,0.2222222222222222,0.1111111111111111,False
2018,AI_MILITARY_WEAPONS,AI_CAPACITY_BUILDING,0,2,0,11,AI-positive country-years resolved for both codes,0.0,,0.18181818181818182,0.0,False
2018,AI_MILITARY_WEAPONS,AI_DEVELOPMENT_SDGS,0,2,0,9,AI-positive country-years resolved for both codes,0.0,,0.2222222222222222,0.0,False
2018,AI_MILITARY_WEAPONS,AI_RESOURCE_FOOTPRINT,0,2,0,11,AI-positive country-years resolved for both codes,0.0,,0.18181818181818182,0.0,False
2018,AI_MILITARY_WEAPONS,AI_ECONOMY_LABOR,0,2,1,10,AI-positive country-years resolved for both codes,0.0,0.0,0.2,0.1,False
2018,AI_MILITARY_WEAPONS,AI_YOUTH_EDUCATION,0,2,1,10,AI-positive country-years resolved for both codes,0.0,0.0,0.2,0.1,False
2018,AI_MILITARY_WEAPONS,AI_CHILD_PROTECTION,0,2,0,11,AI-positive country-years resolved for both codes,0.0,,0.18181818181818182,0.0,False
2018,AI_MILITARY_WEAPONS,AI_NATIONAL_STRATEGY,0,2,2,10,AI-positive country-years resolved for both codes,0.0,0.0,0.2,0.2,False
2018,AI_MILITARY_WEAPONS,AI_SOVEREIGNTY_CONCENTRATION,0,2,0,11,AI-positive country-years resolved for both codes,0.0,,0.18181818181818182,0.0,False
2018,AI_MILITARY_WEAPONS,AI_GEOPOLITICAL_RIVALRY,0,1,0,10,AI-positive country-years resolved for both codes,0.0,,0.1,0.0,False
2018,AI_MILITARY_WEAPONS,AI_OPPORTUNITY_RISK_DUALITY,0,1,2,10,AI-positive country-years resolved for both codes,0.0,0.0,0.1,0.2,False
2018,AI_MILITARY_WEAPONS,AI_TRANSFORMATIVE_ERA,0,2,0,7,AI-positive country-years resolved for both codes,0.0,,0.2857142857142857,0.0,False
2018,AI_MILITARY_WEAPONS,AI_TECH_LIST_MENTION,0,2,3,10,AI-positive country-years resolved for both codes,0.0,0.0,0.2,0.3,False
2018,AI_MILITARY_WEAPONS,AI_THREAT_LIST_MENTION,0,2,1,11,AI-positive country-years resolved for both codes,0.0,0.0,0.18181818181818182,0.09090909090909091,False
2018,AI_PEACE_APPLICATIONS,AI_SAFETY_EXISTENTIAL,0,0,0,11,AI-positive country-years resolved for both codes,,,0.0,0.0,False
2018,AI_PEACE_APPLICATIONS,AI_HUMAN_CONTROL,0,0,0,11,AI-positive country-years resolved for both codes,,,0.0,0.0,False
2018,AI_PEACE_APPLICATIONS,AI_HUMAN_RIGHTS_ETHICS,0,0,1,11,AI-positive country-years resolved for both codes,,0.0,0.0,0.09090909090909091,False
2018,AI_PEACE_APPLICATIONS,AI_BIAS_CULTURAL_DIVERSITY,0,0,0,11,AI-positive country-years resolved for both codes,,,0.0,0.0,False
2018,AI_PEACE_APPLICATIONS,AI_DISINFORMATION,0,0,0,11,AI-positive country-years resolved for both codes,,,0.0,0.0,False
2018,AI_PEACE_APPLICATIONS,AI_CYBER_SECURITY,0,0,0,11,AI-positive country-years resolved for both codes,,,0.0,0.0,False
2018,AI_PEACE_APPLICATIONS,AI_DIGITAL_DIVIDE,0,0,1,9,AI-positive country-years resolved for both codes,,0.0,0.0,0.1111111111111111,False
2018,AI_PEACE_APPLICATIONS,AI_CAPACITY_BUILDING,0,0,0,11,AI-positive country-years resolved for both codes,,,0.0,0.0,False
2018,AI_PEACE_APPLICATIONS,AI_DEVELOPMENT_SDGS,0,0,0,9,AI-positive country-years resolved for both codes,,,0.0,0.0,False
2018,AI_PEACE_APPLICATIONS,AI_RESOURCE_FOOTPRINT,0,0,0,11,AI-positive country-years resolved for both codes,,,0.0,0.0,False
2018,AI_PEACE_APPLICATIONS,AI_ECONOMY_LABOR,0,0,1,10,AI-positive country-years resolved for both codes,,0.0,0.0,0.1,False
2018,AI_PEACE_APPLICATIONS,AI_YOUTH_EDUCATION,0,0,1,10,AI-positive country-years resolved for both codes,,0.0,0.0,0.1,False
2018,AI_PEACE_APPLICATIONS,AI_CHILD_PROTECTION,0,0,0,11,AI-positive country-years resolved for both codes,,,0.0,0.0,False
2018,AI_PEACE_APPLICATIONS,AI_NATIONAL_STRATEGY,0,0,2,10,AI-positive country-years resolved for both codes,,0.0,0.0,0.2,False
2018,AI_PEACE_APPLICATIONS,AI_SOVEREIGNTY_CONCENTRATION,0,0,0,11,AI-positive country-years resolved for both codes,,,0.0,0.0,False
2018,AI_PEACE_APPLICATIONS,AI_GEOPOLITICAL_RIVALRY,0,0,0,10,AI-positive country-years resolved for both codes,,,0.0,0.0,False
2018,AI_PEACE_APPLICATIONS,AI_OPPORTUNITY_RISK_DUALITY,0,0,2,10,AI-positive country-years resolved for both codes,,0.0,0.0,0.2,False
2018,AI_PEACE_APPLICATIONS,AI_TRANSFORMATIVE_ERA,0,0,0,7,AI-positive country-years resolved for both codes,,,0.0,0.0,False
2018,AI_PEACE_APPLICATIONS,AI_TECH_LIST_MENTION,0,0,3,10,AI-positive country-years resolved for both codes,,0.0,0.0,0.3,False
2018,AI_PEACE_APPLICATIONS,AI_THREAT_LIST_MENTION,0,0,1,11,AI-positive country-years resolved for both codes,,0.0,0.0,0.09090909090909091,False
2018,AI_SAFETY_EXISTENTIAL,AI_HUMAN_CONTROL,0,0,0,11,AI-positive country-years resolved for both codes,,,0.0,0.0,False
2018,AI_SAFETY_EXISTENTIAL,AI_HUMAN_RIGHTS_ETHICS,0,0,1,11,AI-positive country-years resolved for both codes,,0.0,0.0,0.09090909090909091,False
2018,AI_SAFETY_EXISTENTIAL,AI_BIAS_CULTURAL_DIVERSITY,0,0,0,11,AI-positive country-years resolved for both codes,,,0.0,0.0,False
2018,AI_SAFETY_EXISTENTIAL,AI_DISINFORMATION,0,0,0,11,AI-positive country-years resolved for both codes,,,0.0,0.0,False
2018,AI_SAFETY_EXISTENTIAL,AI_CYBER_SECURITY,0,0,0,11,AI-positive country-years resolved for both codes,,,0.0,0.0,False
2018,AI_SAFETY_EXISTENTIAL,AI_DIGITAL_DIVIDE,0,0,1,9,AI-positive country-years resolved for both codes,,0.0,0.0,0.1111111111111111,False
2018,AI_SAFETY_EXISTENTIAL,AI_CAPACITY_BUILDING,0,0,0,11,AI-positive country-years resolved for both codes,,,0.0,0.0,False
2018,AI_SAFETY_EXISTENTIAL,AI_DEVELOPMENT_SDGS,0,0,0,9,AI-positive country-years resolved for both codes,,,0.0,0.0,False
2018,AI_SAFETY_EXISTENTIAL,AI_RESOURCE_FOOTPRINT,0,0,0,11,AI-positive country-years resolved for both codes,,,0.0,0.0,False
2018,AI_SAFETY_EXISTENTIAL,AI_ECONOMY_LABOR,0,0,1,10,AI-positive country-years resolved for both codes,,0.0,0.0,0.1,False
2018,AI_SAFETY_EXISTENTIAL,AI_YOUTH_EDUCATION,0,0,1,10,AI-positive country-years resolved for both codes,,0.0,0.0,0.1,False
2018,AI_SAFETY_EXISTENTIAL,AI_CHILD_PROTECTION,0,0,0,11,AI-positive country-years resolved for both codes,,,0.0,0.0,False
2018,AI_SAFETY_EXISTENTIAL,AI_NATIONAL_STRATEGY,0,0,2,10,AI-positive country-years resolved for both codes,,0.0,0.0,0.2,False
2018,AI_SAFETY_EXISTENTIAL,AI_SOVEREIGNTY_CONCENTRATION,0,0,0,11,AI-positive country-years resolved for both codes,,,0.0,0.0,False
2018,AI_SAFETY_EXISTENTIAL,AI_GEOPOLITICAL_RIVALRY,0,0,0,10,AI-positive country-years resolved for both codes,,,0.0,0.0,False
2018,AI_SAFETY_EXISTENTIAL,AI_OPPORTUNITY_RISK_DUALITY,0,0,2,10,AI-positive country-years resolved for both codes,,0.0,0.0,0.2,False
2018,AI_SAFETY_EXISTENTIAL,AI_TRANSFORMATIVE_ERA,0,0,0,7,AI-positive country-years resolved for both codes,,,0.0,0.0,False
2018,AI_SAFETY_EXISTENTIAL,AI_TECH_LIST_MENTION,0,0,3,10,AI-positive country-years resolved for both codes,,0.0,0.0,0.3,False
2018,AI_SAFETY_EXISTENTIAL,AI_THREAT_LIST_MENTION,0,0,1,11,AI-positive country-years resolved for both codes,,0.0,0.0,0.09090909090909091,False
2018,AI_HUMAN_CONTROL,AI_HUMAN_RIGHTS_ETHICS,0,0,1,11,AI-positive country-years resolved for both codes,,0.0,0.0,0.09090909090909091,False
2018,AI_HUMAN_CONTROL,AI_BIAS_CULTURAL_DIVERSITY,0,0,0,11,AI-positive country-years resolved for both codes,,,0.0,0.0,False
2018,AI_HUMAN_CONTROL,AI_DISINFORMATION,0,0,0,11,AI-positive country-years resolved for both codes,,,0.0,0.0,False
2018,AI_HUMAN_CONTROL,AI_CYBER_SECURITY,0,0,0,11,AI-positive country-years resolved for both codes,,,0.0,0.0,False
2018,AI_HUMAN_CONTROL,AI_DIGITAL_DIVIDE,0,0,1,9,AI-positive country-years resolved for both codes,,0.0,0.0,0.1111111111111111,False
2018,AI_HUMAN_CONTROL,AI_CAPACITY_BUILDING,0,0,0,11,AI-positive country-years resolved for both codes,,,0.0,0.0,False
2018,AI_HUMAN_CONTROL,AI_DEVELOPMENT_SDGS,0,0,0,9,AI-positive country-years resolved for both codes,,,0.0,0.0,False
2018,AI_HUMAN_CONTROL,AI_RESOURCE_FOOTPRINT,0,0,0,11,AI-positive country-years resolved for both codes,,,0.0,0.0,False
2018,AI_HUMAN_CONTROL,AI_ECONOMY_LABOR,0,0,1,10,AI-positive country-years resolved for both codes,,0.0,0.0,0.1,False
2018,AI_HUMAN_CONTROL,AI_YOUTH_EDUCATION,0,0,1,10,AI-positive country-years resolved for both codes,,0.0,0.0,0.1,False
2018,AI_HUMAN_CONTROL,AI_CHILD_PROTECTION,0,0,0,11,AI-positive country-years resolved for both codes,,,0.0,0.0,False
2018,AI_HUMAN_CONTROL,AI_NATIONAL_STRATEGY,0,0,2,10,AI-positive country-years resolved for both codes,,0.0,0.0,0.2,False
2018,AI_HUMAN_CONTROL,AI_SOVEREIGNTY_CONCENTRATION,0,0,0,11,AI-positive country-years resolved for both codes,,,0.0,0.0,False
2018,AI_HUMAN_CONTROL,AI_GEOPOLITICAL_RIVALRY,0,0,0,10,AI-positive country-years resolved for both codes,,,0.0,0.0,False
2018,AI_HUMAN_CONTROL,AI_OPPORTUNITY_RISK_DUALITY,0,0,2,10,AI-positive country-years resolved for both codes,,0.0,0.0,0.2,False
2018,AI_HUMAN_CONTROL,AI_TRANSFORMATIVE_ERA,0,0,0,7,AI-positive country-years resolved for both codes,,,0.0,0.0,False
2018,AI_HUMAN_CONTROL,AI_TECH_LIST_MENTION,0,0,3,10,AI-positive country-years resolved for both codes,,0.0,0.0,0.3,False
2018,AI_HUMAN_CONTROL,AI_THREAT_LIST_MENTION,0,0,1,11,AI-positive country-years resolved for both codes,,0.0,0.0,0.09090909090909091,False
2018,AI_HUMAN_RIGHTS_ETHICS,AI_BIAS_CULTURAL_DIVERSITY,0,1,0,11,AI-positive country-years resolved for both codes,0.0,,0.09090909090909091,0.0,False
2018,AI_HUMAN_RIGHTS_ETHICS,AI_DISINFORMATION,0,1,0,11,AI-positive country-years resolved for both codes,0.0,,0.09090909090909091,0.0,False
2018,AI_HUMAN_RIGHTS_ETHICS,AI_CYBER_SECURITY,0,1,0,11,AI-positive country-years resolved for both codes,0.0,,0.09090909090909091,0.0,False
2018,AI_HUMAN_RIGHTS_ETHICS,AI_DIGITAL_DIVIDE,0,1,1,9,AI-positive country-years resolved for both codes,0.0,0.0,0.1111111111111111,0.1111111111111111,False
2018,AI_HUMAN_RIGHTS_ETHICS,AI_CAPACITY_BUILDING,0,1,0,11,AI-positive country-years resolved for both codes,0.0,,0.09090909090909091,0.0,False
2018,AI_HUMAN_RIGHTS_ETHICS,AI_DEVELOPMENT_SDGS,0,1,0,9,AI-positive country-years resolved for both codes,0.0,,0.1111111111111111,0.0,False
2018,AI_HUMAN_RIGHTS_ETHICS,AI_RESOURCE_FOOTPRINT,0,1,0,11,AI-positive country-years resolved for both codes,0.0,,0.09090909090909091,0.0,False
2018,AI_HUMAN_RIGHTS_ETHICS,AI_ECONOMY_LABOR,0,1,1,10,AI-positive country-years resolved for both codes,0.0,0.0,0.1,0.1,False
2018,AI_HUMAN_RIGHTS_ETHICS,AI_YOUTH_EDUCATION,0,1,1,10,AI-positive country-years resolved for both codes,0.0,0.0,0.1,0.1,False
2018,AI_HUMAN_RIGHTS_ETHICS,AI_CHILD_PROTECTION,0,1,0,11,AI-positive country-years resolved for both codes,0.0,,0.09090909090909091,0.0,False
2018,AI_HUMAN_RIGHTS_ETHICS,AI_NATIONAL_STRATEGY,0,1,2,10,AI-positive country-years resolved for both codes,0.0,0.0,0.1,0.2,False
2018,AI_HUMAN_RIGHTS_ETHICS,AI_SOVEREIGNTY_CONCENTRATION,0,1,0,11,AI-positive country-years resolved for both codes,0.0,,0.09090909090909091,0.0,False
2018,AI_HUMAN_RIGHTS_ETHICS,AI_GEOPOLITICAL_RIVALRY,0,1,0,10,AI-positive country-years resolved for both codes,0.0,,0.1,0.0,False
2018,AI_HUMAN_RIGHTS_ETHICS,AI_OPPORTUNITY_RISK_DUALITY,0,1,2,10,AI-positive country-years resolved for both codes,0.0,0.0,0.1,0.2,False
2018,AI_HUMAN_RIGHTS_ETHICS,AI_TRANSFORMATIVE_ERA,0,0,0,7,AI-positive country-years resolved for both codes,,,0.0,0.0,False
2018,AI_HUMAN_RIGHTS_ETHICS,AI_TECH_LIST_MENTION,0,1,3,10,AI-positive country-years resolved for both codes,0.0,0.0,0.1,0.3,False
2018,AI_HUMAN_RIGHTS_ETHICS,AI_THREAT_LIST_MENTION,0,1,1,11,AI-positive country-years resolved for both codes,0.0,0.0,0.09090909090909091,0.09090909090909091,False
2018,AI_BIAS_CULTURAL_DIVERSITY,AI_DISINFORMATION,0,0,0,11,AI-positive country-years resolved for both codes,,,0.0,0.0,False
2018,AI_BIAS_CULTURAL_DIVERSITY,AI_CYBER_SECURITY,0,0,0,11,AI-positive country-years resolved for both codes,,,0.0,0.0,False
2018,AI_BIAS_CULTURAL_DIVERSITY,AI_DIGITAL_DIVIDE,0,0,1,9,AI-positive country-years resolved for both codes,,0.0,0.0,0.1111111111111111,False
2018,AI_BIAS_CULTURAL_DIVERSITY,AI_CAPACITY_BUILDING,0,0,0,11,AI-positive country-years resolved for both codes,,,0.0,0.0,False
2018,AI_BIAS_CULTURAL_DIVERSITY,AI_DEVELOPMENT_SDGS,0,0,0,9,AI-positive country-years resolved for both codes,,,0.0,0.0,False
2018,AI_BIAS_CULTURAL_DIVERSITY,AI_RESOURCE_FOOTPRINT,0,0,0,11,AI-positive country-years resolved for both codes,,,0.0,0.0,False
2018,AI_BIAS_CULTURAL_DIVERSITY,AI_ECONOMY_LABOR,0,0,1,10,AI-positive country-years resolved for both codes,,0.0,0.0,0.1,False
2018,AI_BIAS_CULTURAL_DIVERSITY,AI_YOUTH_EDUCATION,0,0,1,10,AI-positive country-years resolved for both codes,,0.0,0.0,0.1,False
2018,AI_BIAS_CULTURAL_DIVERSITY,AI_CHILD_PROTECTION,0,0,0,11,AI-positive country-years resolved for both codes,,,0.0,0.0,False
2018,AI_BIAS_CULTURAL_DIVERSITY,AI_NATIONAL_STRATEGY,0,0,2,10,AI-positive country-years resolved for both codes,,0.0,0.0,0.2,False
2018,AI_BIAS_CULTURAL_DIVERSITY,AI_SOVEREIGNTY_CONCENTRATION,0,0,0,11,AI-positive country-years resolved for both codes,,,0.0,0.0,False
2018,AI_BIAS_CULTURAL_DIVERSITY,AI_GEOPOLITICAL_RIVALRY,0,0,0,10,AI-positive country-years resolved for both codes,,,0.0,0.0,False
2018,AI_BIAS_CULTURAL_DIVERSITY,AI_OPPORTUNITY_RISK_DUALITY,0,0,2,10,AI-positive country-years resolved for both codes,,0.0,0.0,0.2,False
2018,AI_BIAS_CULTURAL_DIVERSITY,AI_TRANSFORMATIVE_ERA,0,0,0,7,AI-positive country-years resolved for both codes,,,0.0,0.0,False
2018,AI_BIAS_CULTURAL_DIVERSITY,AI_TECH_LIST_MENTION,0,0,3,10,AI-positive country-years resolved for both codes,,0.0,0.0,0.3,False
2018,AI_BIAS_CULTURAL_DIVERSITY,AI_THREAT_LIST_MENTION,0,0,1,11,AI-positive country-years resolved for both codes,,0.0,0.0,0.09090909090909091,False
2018,AI_DISINFORMATION,AI_CYBER_SECURITY,0,0,0,11,AI-positive country-years resolved for both codes,,,0.0,0.0,False
2018,AI_DISINFORMATION,AI_DIGITAL_DIVIDE,0,0,1,9,AI-positive country-years resolved for both codes,,0.0,0.0,0.1111111111111111,False
2018,AI_DISINFORMATION,AI_CAPACITY_BUILDING,0,0,0,11,AI-positive country-years resolved for both codes,,,0.0,0.0,False
2018,AI_DISINFORMATION,AI_DEVELOPMENT_SDGS,0,0,0,9,AI-positive country-years resolved for both codes,,,0.0,0.0,False
2018,AI_DISINFORMATION,AI_RESOURCE_FOOTPRINT,0,0,0,11,AI-positive country-years resolved for both codes,,,0.0,0.0,False
2018,AI_DISINFORMATION,AI_ECONOMY_LABOR,0,0,1,10,AI-positive country-years resolved for both codes,,0.0,0.0,0.1,False
2018,AI_DISINFORMATION,AI_YOUTH_EDUCATION,0,0,1,10,AI-positive country-years resolved for both codes,,0.0,0.0,0.1,False
2018,AI_DISINFORMATION,AI_CHILD_PROTECTION,0,0,0,11,AI-positive country-years resolved for both codes,,,0.0,0.0,False
2018,AI_DISINFORMATION,AI_NATIONAL_STRATEGY,0,0,2,10,AI-positive country-years resolved for both codes,,0.0,0.0,0.2,False
2018,AI_DISINFORMATION,AI_SOVEREIGNTY_CONCENTRATION,0,0,0,11,AI-positive country-years resolved for both codes,,,0.0,0.0,False
2018,AI_DISINFORMATION,AI_GEOPOLITICAL_RIVALRY,0,0,0,10,AI-positive country-years resolved for both codes,,,0.0,0.0,False
2018,AI_DISINFORMATION,AI_OPPORTUNITY_RISK_DUALITY,0,0,2,10,AI-positive country-years resolved for both codes,,0.0,0.0,0.2,False
2018,AI_DISINFORMATION,AI_TRANSFORMATIVE_ERA,0,0,0,7,AI-positive country-years resolved for both codes,,,0.0,0.0,False
2018,AI_DISINFORMATION,AI_TECH_LIST_MENTION,0,0,3,10,AI-positive country-years resolved for both codes,,0.0,0.0,0.3,False
2018,AI_DISINFORMATION,AI_THREAT_LIST_MENTION,0,0,1,11,AI-positive country-years resolved for both codes,,0.0,0.0,0.09090909090909091,False
2018,AI_CYBER_SECURITY,AI_DIGITAL_DIVIDE,0,0,1,9,AI-positive country-years resolved for both codes,,0.0,0.0,0.1111111111111111,False
2018,AI_CYBER_SECURITY,AI_CAPACITY_BUILDING,0,0,0,11,AI-positive country-years resolved for both codes,,,0.0,0.0,False
2018,AI_CYBER_SECURITY,AI_DEVELOPMENT_SDGS,0,0,0,9,AI-positive country-years resolved for both codes,,,0.0,0.0,False
2018,AI_CYBER_SECURITY,AI_RESOURCE_FOOTPRINT,0,0,0,11,AI-positive country-years resolved for both codes,,,0.0,0.0,False
2018,AI_CYBER_SECURITY,AI_ECONOMY_LABOR,0,0,1,10,AI-positive country-years resolved for both codes,,0.0,0.0,0.1,False
2018,AI_CYBER_SECURITY,AI_YOUTH_EDUCATION,0,0,1,10,AI-positive country-years resolved for both codes,,0.0,0.0,0.1,False
2018,AI_CYBER_SECURITY,AI_CHILD_PROTECTION,0,0,0,11,AI-positive country-years resolved for both codes,,,0.0,0.0,False
2018,AI_CYBER_SECURITY,AI_NATIONAL_STRATEGY,0,0,2,10,AI-positive country-years resolved for both codes,,0.0,0.0,0.2,False
2018,AI_CYBER_SECURITY,AI_SOVEREIGNTY_CONCENTRATION,0,0,0,11,AI-positive country-years resolved for both codes,,,0.0,0.0,False
2018,AI_CYBER_SECURITY,AI_GEOPOLITICAL_RIVALRY,0,0,0,10,AI-positive country-years resolved for both codes,,,0.0,0.0,False
2018,AI_CYBER_SECURITY,AI_OPPORTUNITY_RISK_DUALITY,0,0,2,10,AI-positive country-years resolved for both codes,,0.0,0.0,0.2,False
2018,AI_CYBER_SECURITY,AI_TRANSFORMATIVE_ERA,0,0,0,7,AI-positive country-years resolved for both codes,,,0.0,0.0,False
2018,AI_CYBER_SECURITY,AI_TECH_LIST_MENTION,0,0,3,10,AI-positive country-years resolved for both codes,,0.0,0.0,0.3,False
2018,AI_CYBER_SECURITY,AI_THREAT_LIST_MENTION,0,0,1,11,AI-positive country-years resolved for both codes,,0.0,0.0,0.09090909090909091,False
2018,AI_DIGITAL_DIVIDE,AI_CAPACITY_BUILDING,0,1,0,9,AI-positive country-years resolved for both codes,0.0,,0.1111111111111111,0.0,False
2018,AI_DIGITAL_DIVIDE,AI_DEVELOPMENT_SDGS,0,1,0,7,AI-positive country-years resolved for both codes,0.0,,0.14285714285714285,0.0,False
2018,AI_DIGITAL_DIVIDE,AI_RESOURCE_FOOTPRINT,0,1,0,9,AI-positive country-years resolved for both codes,0.0,,0.1111111111111111,0.0,False
2018,AI_DIGITAL_DIVIDE,AI_ECONOMY_LABOR,0,1,1,9,AI-positive country-years resolved for both codes,0.0,0.0,0.1111111111111111,0.1111111111111111,False
2018,AI_DIGITAL_DIVIDE,AI_YOUTH_EDUCATION,0,1,1,9,AI-positive country-years resolved for both codes,0.0,0.0,0.1111111111111111,0.1111111111111111,False
2018,AI_DIGITAL_DIVIDE,AI_CHILD_PROTECTION,0,1,0,9,AI-positive country-years resolved for both codes,0.0,,0.1111111111111111,0.0,False
2018,AI_DIGITAL_DIVIDE,AI_NATIONAL_STRATEGY,0,1,1,8,AI-positive country-years resolved for both codes,0.0,0.0,0.125,0.125,False
2018,AI_DIGITAL_DIVIDE,AI_SOVEREIGNTY_CONCENTRATION,0,1,0,9,AI-positive country-years resolved for both codes,0.0,,0.1111111111111111,0.0,False
2018,AI_DIGITAL_DIVIDE,AI_GEOPOLITICAL_RIVALRY,0,1,0,8,AI-positive country-years resolved for both codes,0.0,,0.125,0.0,False
2018,AI_DIGITAL_DIVIDE,AI_OPPORTUNITY_RISK_DUALITY,0,0,1,8,AI-positive country-years resolved for both codes,,0.0,0.0,0.125,False
2018,AI_DIGITAL_DIVIDE,AI_TRANSFORMATIVE_ERA,0,1,0,6,AI-positive country-years resolved for both codes,0.0,,0.16666666666666666,0.0,False
2018,AI_DIGITAL_DIVIDE,AI_TECH_LIST_MENTION,0,1,3,9,AI-positive country-years resolved for both codes,0.0,0.0,0.1111111111111111,0.3333333333333333,False
2018,AI_DIGITAL_DIVIDE,AI_THREAT_LIST_MENTION,0,1,1,9,AI-positive country-years resolved for both codes,0.0,0.0,0.1111111111111111,0.1111111111111111,False
2018,AI_CAPACITY_BUILDING,AI_DEVELOPMENT_SDGS,0,0,0,9,AI-positive country-years resolved for both codes,,,0.0,0.0,False
2018,AI_CAPACITY_BUILDING,AI_RESOURCE_FOOTPRINT,0,0,0,11,AI-positive country-years resolved for both codes,,,0.0,0.0,False
2018,AI_CAPACITY_BUILDING,AI_ECONOMY_LABOR,0,0,1,10,AI-positive country-years resolved for both codes,,0.0,0.0,0.1,False
2018,AI_CAPACITY_BUILDING,AI_YOUTH_EDUCATION,0,0,1,10,AI-positive country-years resolved for both codes,,0.0,0.0,0.1,False
2018,AI_CAPACITY_BUILDING,AI_CHILD_PROTECTION,0,0,0,11,AI-positive country-years resolved for both codes,,,0.0,0.0,False
2018,AI_CAPACITY_BUILDING,AI_NATIONAL_STRATEGY,0,0,2,10,AI-positive country-years resolved for both codes,,0.0,0.0,0.2,False
2018,AI_CAPACITY_BUILDING,AI_SOVEREIGNTY_CONCENTRATION,0,0,0,11,AI-positive country-years resolved for both codes,,,0.0,0.0,False
2018,AI_CAPACITY_BUILDING,AI_GEOPOLITICAL_RIVALRY,0,0,0,10,AI-positive country-years resolved for both codes,,,0.0,0.0,False
2018,AI_CAPACITY_BUILDING,AI_OPPORTUNITY_RISK_DUALITY,0,0,2,10,AI-positive country-years resolved for both codes,,0.0,0.0,0.2,False
2018,AI_CAPACITY_BUILDING,AI_TRANSFORMATIVE_ERA,0,0,0,7,AI-positive country-years resolved for both codes,,,0.0,0.0,False
2018,AI_CAPACITY_BUILDING,AI_TECH_LIST_MENTION,0,0,3,10,AI-positive country-years resolved for both codes,,0.0,0.0,0.3,False
2018,AI_CAPACITY_BUILDING,AI_THREAT_LIST_MENTION,0,0,1,11,AI-positive country-years resolved for both codes,,0.0,0.0,0.09090909090909091,False
2018,AI_DEVELOPMENT_SDGS,AI_RESOURCE_FOOTPRINT,0,0,0,9,AI-positive country-years resolved for both codes,,,0.0,0.0,False
2018,AI_DEVELOPMENT_SDGS,AI_ECONOMY_LABOR,0,0,1,8,AI-positive country-years resolved for both codes,,0.0,0.0,0.125,False
2018,AI_DEVELOPMENT_SDGS,AI_YOUTH_EDUCATION,0,0,1,8,AI-positive country-years resolved for both codes,,0.0,0.0,0.125,False
2018,AI_DEVELOPMENT_SDGS,AI_CHILD_PROTECTION,0,0,0,9,AI-positive country-years resolved for both codes,,,0.0,0.0,False
2018,AI_DEVELOPMENT_SDGS,AI_NATIONAL_STRATEGY,0,0,2,8,AI-positive country-years resolved for both codes,,0.0,0.0,0.25,False
2018,AI_DEVELOPMENT_SDGS,AI_SOVEREIGNTY_CONCENTRATION,0,0,0,9,AI-positive country-years resolved for both codes,,,0.0,0.0,False
2018,AI_DEVELOPMENT_SDGS,AI_GEOPOLITICAL_RIVALRY,0,0,0,8,AI-positive country-years resolved for both codes,,,0.0,0.0,False
2018,AI_DEVELOPMENT_SDGS,AI_OPPORTUNITY_RISK_DUALITY,0,0,2,8,AI-positive country-years resolved for both codes,,0.0,0.0,0.25,False
2018,AI_DEVELOPMENT_SDGS,AI_TRANSFORMATIVE_ERA,0,0,0,6,AI-positive country-years resolved for both codes,,,0.0,0.0,False
2018,AI_DEVELOPMENT_SDGS,AI_TECH_LIST_MENTION,0,0,2,8,AI-positive country-years resolved for both codes,,0.0,0.0,0.25,False
2018,AI_DEVELOPMENT_SDGS,AI_THREAT_LIST_MENTION,0,0,1,9,AI-positive country-years resolved for both codes,,0.0,0.0,0.1111111111111111,False
2018,AI_RESOURCE_FOOTPRINT,AI_ECONOMY_LABOR,0,0,1,10,AI-positive country-years resolved for both codes,,0.0,0.0,0.1,False
2018,AI_RESOURCE_FOOTPRINT,AI_YOUTH_EDUCATION,0,0,1,10,AI-positive country-years resolved for both codes,,0.0,0.0,0.1,False
2018,AI_RESOURCE_FOOTPRINT,AI_CHILD_PROTECTION,0,0,0,11,AI-positive country-years resolved for both codes,,,0.0,0.0,False
2018,AI_RESOURCE_FOOTPRINT,AI_NATIONAL_STRATEGY,0,0,2,10,AI-positive country-years resolved for both codes,,0.0,0.0,0.2,False
2018,AI_RESOURCE_FOOTPRINT,AI_SOVEREIGNTY_CONCENTRATION,0,0,0,11,AI-positive country-years resolved for both codes,,,0.0,0.0,False
2018,AI_RESOURCE_FOOTPRINT,AI_GEOPOLITICAL_RIVALRY,0,0,0,10,AI-positive country-years resolved for both codes,,,0.0,0.0,False
2018,AI_RESOURCE_FOOTPRINT,AI_OPPORTUNITY_RISK_DUALITY,0,0,2,10,AI-positive country-years resolved for both codes,,0.0,0.0,0.2,False
2018,AI_RESOURCE_FOOTPRINT,AI_TRANSFORMATIVE_ERA,0,0,0,7,AI-positive country-years resolved for both codes,,,0.0,0.0,False
2018,AI_RESOURCE_FOOTPRINT,AI_TECH_LIST_MENTION,0,0,3,10,AI-positive country-years resolved for both codes,,0.0,0.0,0.3,False
2018,AI_RESOURCE_FOOTPRINT,AI_THREAT_LIST_MENTION,0,0,1,11,AI-positive country-years resolved for both codes,,0.0,0.0,0.09090909090909091,False
2018,AI_ECONOMY_LABOR,AI_YOUTH_EDUCATION,1,1,1,10,AI-positive country-years resolved for both codes,1.0,1.0,0.1,0.1,False
2018,AI_ECONOMY_LABOR,AI_CHILD_PROTECTION,0,1,0,10,AI-positive country-years resolved for both codes,0.0,,0.1,0.0,False
2018,AI_ECONOMY_LABOR,AI_NATIONAL_STRATEGY,0,1,1,9,AI-positive country-years resolved for both codes,0.0,0.0,0.1111111111111111,0.1111111111111111,False
2018,AI_ECONOMY_LABOR,AI_SOVEREIGNTY_CONCENTRATION,0,1,0,10,AI-positive country-years resolved for both codes,0.0,,0.1,0.0,False
2018,AI_ECONOMY_LABOR,AI_GEOPOLITICAL_RIVALRY,0,1,0,9,AI-positive country-years resolved for both codes,0.0,,0.1111111111111111,0.0,False
2018,AI_ECONOMY_LABOR,AI_OPPORTUNITY_RISK_DUALITY,1,1,2,9,AI-positive country-years resolved for both codes,1.0,0.5,0.1111111111111111,0.2222222222222222,False
2018,AI_ECONOMY_LABOR,AI_TRANSFORMATIVE_ERA,0,1,0,6,AI-positive country-years resolved for both codes,0.0,,0.16666666666666666,0.0,False
2018,AI_ECONOMY_LABOR,AI_TECH_LIST_MENTION,0,1,3,10,AI-positive country-years resolved for both codes,0.0,0.0,0.1,0.3,False
2018,AI_ECONOMY_LABOR,AI_THREAT_LIST_MENTION,0,1,1,10,AI-positive country-years resolved for both codes,0.0,0.0,0.1,0.1,False
2018,AI_YOUTH_EDUCATION,AI_CHILD_PROTECTION,0,1,0,10,AI-positive country-years resolved for both codes,0.0,,0.1,0.0,False
2018,AI_YOUTH_EDUCATION,AI_NATIONAL_STRATEGY,0,1,1,9,AI-positive country-years resolved for both codes,0.0,0.0,0.1111111111111111,0.1111111111111111,False
2018,AI_YOUTH_EDUCATION,AI_SOVEREIGNTY_CONCENTRATION,0,1,0,10,AI-positive country-years resolved for both codes,0.0,,0.1,0.0,False
2018,AI_YOUTH_EDUCATION,AI_GEOPOLITICAL_RIVALRY,0,1,0,9,AI-positive country-years resolved for both codes,0.0,,0.1111111111111111,0.0,False
2018,AI_YOUTH_EDUCATION,AI_OPPORTUNITY_RISK_DUALITY,1,1,2,9,AI-positive country-years resolved for both codes,1.0,0.5,0.1111111111111111,0.2222222222222222,False
2018,AI_YOUTH_EDUCATION,AI_TRANSFORMATIVE_ERA,0,1,0,6,AI-positive country-years resolved for both codes,0.0,,0.16666666666666666,0.0,False
2018,AI_YOUTH_EDUCATION,AI_TECH_LIST_MENTION,0,1,3,10,AI-positive country-years resolved for both codes,0.0,0.0,0.1,0.3,False
2018,AI_YOUTH_EDUCATION,AI_THREAT_LIST_MENTION,0,1,1,10,AI-positive country-years resolved for both codes,0.0,0.0,0.1,0.1,False
2018,AI_CHILD_PROTECTION,AI_NATIONAL_STRATEGY,0,0,2,10,AI-positive country-years resolved for both codes,,0.0,0.0,0.2,False
2018,AI_CHILD_PROTECTION,AI_SOVEREIGNTY_CONCENTRATION,0,0,0,11,AI-positive country-years resolved for both codes,,,0.0,0.0,False
2018,AI_CHILD_PROTECTION,AI_GEOPOLITICAL_RIVALRY,0,0,0,10,AI-positive country-years resolved for both codes,,,0.0,0.0,False
2018,AI_CHILD_PROTECTION,AI_OPPORTUNITY_RISK_DUALITY,0,0,2,10,AI-positive country-years resolved for both codes,,0.0,0.0,0.2,False
2018,AI_CHILD_PROTECTION,AI_TRANSFORMATIVE_ERA,0,0,0,7,AI-positive country-years resolved for both codes,,,0.0,0.0,False
2018,AI_CHILD_PROTECTION,AI_TECH_LIST_MENTION,0,0,3,10,AI-positive country-years resolved for both codes,,0.0,0.0,0.3,False
2018,AI_CHILD_PROTECTION,AI_THREAT_LIST_MENTION,0,0,1,11,AI-positive country-years resolved for both codes,,0.0,0.0,0.09090909090909091,False
2018,AI_NATIONAL_STRATEGY,AI_SOVEREIGNTY_CONCENTRATION,0,2,0,10,AI-positive country-years resolved for both codes,0.0,,0.2,0.0,False
2018,AI_NATIONAL_STRATEGY,AI_GEOPOLITICAL_RIVALRY,0,2,0,9,AI-positive country-years resolved for both codes,0.0,,0.2222222222222222,0.0,False
2018,AI_NATIONAL_STRATEGY,AI_OPPORTUNITY_RISK_DUALITY,0,2,2,9,AI-positive country-years resolved for both codes,0.0,0.0,0.2222222222222222,0.2222222222222222,False
2018,AI_NATIONAL_STRATEGY,AI_TRANSFORMATIVE_ERA,0,2,0,6,AI-positive country-years resolved for both codes,0.0,,0.3333333333333333,0.0,False
2018,AI_NATIONAL_STRATEGY,AI_TECH_LIST_MENTION,1,1,2,9,AI-positive country-years resolved for both codes,1.0,0.5,0.1111111111111111,0.2222222222222222,False
2018,AI_NATIONAL_STRATEGY,AI_THREAT_LIST_MENTION,0,2,1,10,AI-positive country-years resolved for both codes,0.0,0.0,0.2,0.1,False
2018,AI_SOVEREIGNTY_CONCENTRATION,AI_GEOPOLITICAL_RIVALRY,0,0,0,10,AI-positive country-years resolved for both codes,,,0.0,0.0,False
2018,AI_SOVEREIGNTY_CONCENTRATION,AI_OPPORTUNITY_RISK_DUALITY,0,0,2,10,AI-positive country-years resolved for both codes,,0.0,0.0,0.2,False
2018,AI_SOVEREIGNTY_CONCENTRATION,AI_TRANSFORMATIVE_ERA,0,0,0,7,AI-positive country-years resolved for both codes,,,0.0,0.0,False
2018,AI_SOVEREIGNTY_CONCENTRATION,AI_TECH_LIST_MENTION,0,0,3,10,AI-positive country-years resolved for both codes,,0.0,0.0,0.3,False
2018,AI_SOVEREIGNTY_CONCENTRATION,AI_THREAT_LIST_MENTION,0,0,1,11,AI-positive country-years resolved for both codes,,0.0,0.0,0.09090909090909091,False
2018,AI_GEOPOLITICAL_RIVALRY,AI_OPPORTUNITY_RISK_DUALITY,0,0,2,9,AI-positive country-years resolved for both codes,,0.0,0.0,0.2222222222222222,False
2018,AI_GEOPOLITICAL_RIVALRY,AI_TRANSFORMATIVE_ERA,0,0,0,6,AI-positive country-years resolved for both codes,,,0.0,0.0,False
2018,AI_GEOPOLITICAL_RIVALRY,AI_TECH_LIST_MENTION,0,0,3,9,AI-positive country-years resolved for both codes,,0.0,0.0,0.3333333333333333,False
2018,AI_GEOPOLITICAL_RIVALRY,AI_THREAT_LIST_MENTION,0,0,1,10,AI-positive country-years resolved for both codes,,0.0,0.0,0.1,False
2018,AI_OPPORTUNITY_RISK_DUALITY,AI_TRANSFORMATIVE_ERA,0,1,0,6,AI-positive country-years resolved for both codes,0.0,,0.16666666666666666,0.0,False
2018,AI_OPPORTUNITY_RISK_DUALITY,AI_TECH_LIST_MENTION,0,2,3,9,AI-positive country-years resolved for both codes,0.0,0.0,0.2222222222222222,0.3333333333333333,False
2018,AI_OPPORTUNITY_RISK_DUALITY,AI_THREAT_LIST_MENTION,0,2,1,10,AI-positive country-years resolved for both codes,0.0,0.0,0.2,0.1,False
2018,AI_TRANSFORMATIVE_ERA,AI_TECH_LIST_MENTION,0,0,2,6,AI-positive country-years resolved for both codes,,0.0,0.0,0.3333333333333333,False
2018,AI_TRANSFORMATIVE_ERA,AI_THREAT_LIST_MENTION,0,0,0,7,AI-positive country-years resolved for both codes,,,0.0,0.0,False
2018,AI_TECH_LIST_MENTION,AI_THREAT_LIST_MENTION,0,3,1,10,AI-positive country-years resolved for both codes,0.0,0.0,0.3,0.1,False
2019,AI_GLOBAL_GOVERNANCE,AI_INCLUSIVE_GOVERNANCE,0,3,0,8,AI-positive country-years resolved for both codes,0.0,,0.375,0.0,False
2019,AI_GLOBAL_GOVERNANCE,AI_GOVERNANCE_SKEPTICISM,0,3,0,8,AI-positive country-years resolved for both codes,0.0,,0.375,0.0,False
2019,AI_GLOBAL_GOVERNANCE,AI_UN_ROLE,1,2,1,7,AI-positive country-years resolved for both codes,0.5,1.0,0.2857142857142857,0.14285714285714285,False
2019,AI_GLOBAL_GOVERNANCE,AI_MILITARY_WEAPONS,0,3,0,8,AI-positive country-years resolved for both codes,0.0,,0.375,0.0,False
2019,AI_GLOBAL_GOVERNANCE,AI_PEACE_APPLICATIONS,0,3,0,8,AI-positive country-years resolved for both codes,0.0,,0.375,0.0,False
2019,AI_GLOBAL_GOVERNANCE,AI_SAFETY_EXISTENTIAL,0,3,0,8,AI-positive country-years resolved for both codes,0.0,,0.375,0.0,False
2019,AI_GLOBAL_GOVERNANCE,AI_HUMAN_CONTROL,0,3,0,8,AI-positive country-years resolved for both codes,0.0,,0.375,0.0,False
2019,AI_GLOBAL_GOVERNANCE,AI_HUMAN_RIGHTS_ETHICS,0,3,0,8,AI-positive country-years resolved for both codes,0.0,,0.375,0.0,False
2019,AI_GLOBAL_GOVERNANCE,AI_BIAS_CULTURAL_DIVERSITY,0,3,0,8,AI-positive country-years resolved for both codes,0.0,,0.375,0.0,False
2019,AI_GLOBAL_GOVERNANCE,AI_DISINFORMATION,0,3,0,8,AI-positive country-years resolved for both codes,0.0,,0.375,0.0,False
2019,AI_GLOBAL_GOVERNANCE,AI_CYBER_SECURITY,0,2,0,7,AI-positive country-years resolved for both codes,0.0,,0.2857142857142857,0.0,False
2019,AI_GLOBAL_GOVERNANCE,AI_DIGITAL_DIVIDE,0,3,0,7,AI-positive country-years resolved for both codes,0.0,,0.42857142857142855,0.0,False
2019,AI_GLOBAL_GOVERNANCE,AI_CAPACITY_BUILDING,0,3,0,8,AI-positive country-years resolved for both codes,0.0,,0.375,0.0,False
2019,AI_GLOBAL_GOVERNANCE,AI_DEVELOPMENT_SDGS,0,3,0,8,AI-positive country-years resolved for both codes,0.0,,0.375,0.0,False
2019,AI_GLOBAL_GOVERNANCE,AI_RESOURCE_FOOTPRINT,0,3,0,8,AI-positive country-years resolved for both codes,0.0,,0.375,0.0,False
2019,AI_GLOBAL_GOVERNANCE,AI_ECONOMY_LABOR,0,3,0,6,AI-positive country-years resolved for both codes,0.0,,0.5,0.0,False
2019,AI_GLOBAL_GOVERNANCE,AI_YOUTH_EDUCATION,0,3,1,8,AI-positive country-years resolved for both codes,0.0,0.0,0.375,0.125,False
2019,AI_GLOBAL_GOVERNANCE,AI_CHILD_PROTECTION,0,3,0,8,AI-positive country-years resolved for both codes,0.0,,0.375,0.0,False
2019,AI_GLOBAL_GOVERNANCE,AI_NATIONAL_STRATEGY,0,3,1,7,AI-positive country-years resolved for both codes,0.0,0.0,0.42857142857142855,0.14285714285714285,False
2019,AI_GLOBAL_GOVERNANCE,AI_SOVEREIGNTY_CONCENTRATION,0,3,0,8,AI-positive country-years resolved for both codes,0.0,,0.375,0.0,False
2019,AI_GLOBAL_GOVERNANCE,AI_GEOPOLITICAL_RIVALRY,0,3,1,8,AI-positive country-years resolved for both codes,0.0,0.0,0.375,0.125,False
2019,AI_GLOBAL_GOVERNANCE,AI_OPPORTUNITY_RISK_DUALITY,0,3,0,8,AI-positive country-years resolved for both codes,0.0,,0.375,0.0,False
2019,AI_GLOBAL_GOVERNANCE,AI_TRANSFORMATIVE_ERA,0,3,1,8,AI-positive country-years resolved for both codes,0.0,0.0,0.375,0.125,False
2019,AI_GLOBAL_GOVERNANCE,AI_TECH_LIST_MENTION,0,3,1,7,AI-positive country-years resolved for both codes,0.0,0.0,0.42857142857142855,0.14285714285714285,False
2019,AI_GLOBAL_GOVERNANCE,AI_THREAT_LIST_MENTION,0,3,0,7,AI-positive country-years resolved for both codes,0.0,,0.42857142857142855,0.0,False
2019,AI_INCLUSIVE_GOVERNANCE,AI_GOVERNANCE_SKEPTICISM,0,0,0,13,AI-positive country-years resolved for both codes,,,0.0,0.0,False
2019,AI_INCLUSIVE_GOVERNANCE,AI_UN_ROLE,0,0,2,11,AI-positive country-years resolved for both codes,,0.0,0.0,0.18181818181818182,False
2019,AI_INCLUSIVE_GOVERNANCE,AI_MILITARY_WEAPONS,0,0,1,13,AI-positive country-years resolved for both codes,,0.0,0.0,0.07692307692307693,False
2019,AI_INCLUSIVE_GOVERNANCE,AI_PEACE_APPLICATIONS,0,0,0,13,AI-positive country-years resolved for both codes,,,0.0,0.0,False
2019,AI_INCLUSIVE_GOVERNANCE,AI_SAFETY_EXISTENTIAL,0,0,0,13,AI-positive country-years resolved for both codes,,,0.0,0.0,False
2019,AI_INCLUSIVE_GOVERNANCE,AI_HUMAN_CONTROL,0,0,1,12,AI-positive country-years resolved for both codes,,0.0,0.0,0.08333333333333333,False
2019,AI_INCLUSIVE_GOVERNANCE,AI_HUMAN_RIGHTS_ETHICS,0,0,3,13,AI-positive country-years resolved for both codes,,0.0,0.0,0.23076923076923078,False
2019,AI_INCLUSIVE_GOVERNANCE,AI_BIAS_CULTURAL_DIVERSITY,0,0,0,13,AI-positive country-years resolved for both codes,,,0.0,0.0,False
2019,AI_INCLUSIVE_GOVERNANCE,AI_DISINFORMATION,0,0,0,13,AI-positive country-years resolved for both codes,,,0.0,0.0,False
2019,AI_INCLUSIVE_GOVERNANCE,AI_CYBER_SECURITY,0,0,0,12,AI-positive country-years resolved for both codes,,,0.0,0.0,False
2019,AI_INCLUSIVE_GOVERNANCE,AI_DIGITAL_DIVIDE,0,0,0,11,AI-positive country-years resolved for both codes,,,0.0,0.0,False
2019,AI_INCLUSIVE_GOVERNANCE,AI_CAPACITY_BUILDING,0,0,0,13,AI-positive country-years resolved for both codes,,,0.0,0.0,False
2019,AI_INCLUSIVE_GOVERNANCE,AI_DEVELOPMENT_SDGS,0,0,0,12,AI-positive country-years resolved for both codes,,,0.0,0.0,False
2019,AI_INCLUSIVE_GOVERNANCE,AI_RESOURCE_FOOTPRINT,0,0,0,13,AI-positive country-years resolved for both codes,,,0.0,0.0,False
2019,AI_INCLUSIVE_GOVERNANCE,AI_ECONOMY_LABOR,0,0,1,11,AI-positive country-years resolved for both codes,,0.0,0.0,0.09090909090909091,False
2019,AI_INCLUSIVE_GOVERNANCE,AI_YOUTH_EDUCATION,0,0,1,13,AI-positive country-years resolved for both codes,,0.0,0.0,0.07692307692307693,False
2019,AI_INCLUSIVE_GOVERNANCE,AI_CHILD_PROTECTION,0,0,0,13,AI-positive country-years resolved for both codes,,,0.0,0.0,False
2019,AI_INCLUSIVE_GOVERNANCE,AI_NATIONAL_STRATEGY,0,0,2,12,AI-positive country-years resolved for both codes,,0.0,0.0,0.16666666666666666,False
2019,AI_INCLUSIVE_GOVERNANCE,AI_SOVEREIGNTY_CONCENTRATION,0,0,0,13,AI-positive country-years resolved for both codes,,,0.0,0.0,False
2019,AI_INCLUSIVE_GOVERNANCE,AI_GEOPOLITICAL_RIVALRY,0,0,1,13,AI-positive country-years resolved for both codes,,0.0,0.0,0.07692307692307693,False
2019,AI_INCLUSIVE_GOVERNANCE,AI_OPPORTUNITY_RISK_DUALITY,0,0,2,12,AI-positive country-years resolved for both codes,,0.0,0.0,0.16666666666666666,False
2019,AI_INCLUSIVE_GOVERNANCE,AI_TRANSFORMATIVE_ERA,0,0,3,13,AI-positive country-years resolved for both codes,,0.0,0.0,0.23076923076923078,False
2019,AI_INCLUSIVE_GOVERNANCE,AI_TECH_LIST_MENTION,0,0,1,12,AI-positive country-years resolved for both codes,,0.0,0.0,0.08333333333333333,False
2019,AI_INCLUSIVE_GOVERNANCE,AI_THREAT_LIST_MENTION,0,0,0,12,AI-positive country-years resolved for both codes,,,0.0,0.0,False
2019,AI_GOVERNANCE_SKEPTICISM,AI_UN_ROLE,0,0,2,11,AI-positive country-years resolved for both codes,,0.0,0.0,0.18181818181818182,False
2019,AI_GOVERNANCE_SKEPTICISM,AI_MILITARY_WEAPONS,0,0,1,13,AI-positive country-years resolved for both codes,,0.0,0.0,0.07692307692307693,False
2019,AI_GOVERNANCE_SKEPTICISM,AI_PEACE_APPLICATIONS,0,0,0,13,AI-positive country-years resolved for both codes,,,0.0,0.0,False
2019,AI_GOVERNANCE_SKEPTICISM,AI_SAFETY_EXISTENTIAL,0,0,0,13,AI-positive country-years resolved for both codes,,,0.0,0.0,False
2019,AI_GOVERNANCE_SKEPTICISM,AI_HUMAN_CONTROL,0,0,1,12,AI-positive country-years resolved for both codes,,0.0,0.0,0.08333333333333333,False
2019,AI_GOVERNANCE_SKEPTICISM,AI_HUMAN_RIGHTS_ETHICS,0,0,3,13,AI-positive country-years resolved for both codes,,0.0,0.0,0.23076923076923078,False
2019,AI_GOVERNANCE_SKEPTICISM,AI_BIAS_CULTURAL_DIVERSITY,0,0,0,13,AI-positive country-years resolved for both codes,,,0.0,0.0,False
2019,AI_GOVERNANCE_SKEPTICISM,AI_DISINFORMATION,0,0,0,13,AI-positive country-years resolved for both codes,,,0.0,0.0,False
2019,AI_GOVERNANCE_SKEPTICISM,AI_CYBER_SECURITY,0,0,0,12,AI-positive country-years resolved for both codes,,,0.0,0.0,False
2019,AI_GOVERNANCE_SKEPTICISM,AI_DIGITAL_DIVIDE,0,0,0,11,AI-positive country-years resolved for both codes,,,0.0,0.0,False
2019,AI_GOVERNANCE_SKEPTICISM,AI_CAPACITY_BUILDING,0,0,0,13,AI-positive country-years resolved for both codes,,,0.0,0.0,False
2019,AI_GOVERNANCE_SKEPTICISM,AI_DEVELOPMENT_SDGS,0,0,0,12,AI-positive country-years resolved for both codes,,,0.0,0.0,False
2019,AI_GOVERNANCE_SKEPTICISM,AI_RESOURCE_FOOTPRINT,0,0,0,13,AI-positive country-years resolved for both codes,,,0.0,0.0,False
2019,AI_GOVERNANCE_SKEPTICISM,AI_ECONOMY_LABOR,0,0,1,11,AI-positive country-years resolved for both codes,,0.0,0.0,0.09090909090909091,False
2019,AI_GOVERNANCE_SKEPTICISM,AI_YOUTH_EDUCATION,0,0,1,13,AI-positive country-years resolved for both codes,,0.0,0.0,0.07692307692307693,False
2019,AI_GOVERNANCE_SKEPTICISM,AI_CHILD_PROTECTION,0,0,0,13,AI-positive country-years resolved for both codes,,,0.0,0.0,False
2019,AI_GOVERNANCE_SKEPTICISM,AI_NATIONAL_STRATEGY,0,0,2,12,AI-positive country-years resolved for both codes,,0.0,0.0,0.16666666666666666,False
2019,AI_GOVERNANCE_SKEPTICISM,AI_SOVEREIGNTY_CONCENTRATION,0,0,0,13,AI-positive country-years resolved for both codes,,,0.0,0.0,False
2019,AI_GOVERNANCE_SKEPTICISM,AI_GEOPOLITICAL_RIVALRY,0,0,1,13,AI-positive country-years resolved for both codes,,0.0,0.0,0.07692307692307693,False
2019,AI_GOVERNANCE_SKEPTICISM,AI_OPPORTUNITY_RISK_DUALITY,0,0,2,12,AI-positive country-years resolved for both codes,,0.0,0.0,0.16666666666666666,False
2019,AI_GOVERNANCE_SKEPTICISM,AI_TRANSFORMATIVE_ERA,0,0,3,13,AI-positive country-years resolved for both codes,,0.0,0.0,0.23076923076923078,False
2019,AI_GOVERNANCE_SKEPTICISM,AI_TECH_LIST_MENTION,0,0,1,12,AI-positive country-years resolved for both codes,,0.0,0.0,0.08333333333333333,False
2019,AI_GOVERNANCE_SKEPTICISM,AI_THREAT_LIST_MENTION,0,0,0,12,AI-positive country-years resolved for both codes,,,0.0,0.0,False
2019,AI_UN_ROLE,AI_MILITARY_WEAPONS,0,2,1,11,AI-positive country-years resolved for both codes,0.0,0.0,0.18181818181818182,0.09090909090909091,False
2019,AI_UN_ROLE,AI_PEACE_APPLICATIONS,0,2,0,11,AI-positive country-years resolved for both codes,0.0,,0.18181818181818182,0.0,False
2019,AI_UN_ROLE,AI_SAFETY_EXISTENTIAL,0,2,0,11,AI-positive country-years resolved for both codes,0.0,,0.18181818181818182,0.0,False
2019,AI_UN_ROLE,AI_HUMAN_CONTROL,0,1,0,10,AI-positive country-years resolved for both codes,0.0,,0.1,0.0,False
2019,AI_UN_ROLE,AI_HUMAN_RIGHTS_ETHICS,1,2,2,11,AI-positive country-years resolved for both codes,0.5,0.5,0.18181818181818182,0.18181818181818182,False
2019,AI_UN_ROLE,AI_BIAS_CULTURAL_DIVERSITY,0,2,0,11,AI-positive country-years resolved for both codes,0.0,,0.18181818181818182,0.0,False
2019,AI_UN_ROLE,AI_DISINFORMATION,0,2,0,11,AI-positive country-years resolved for both codes,0.0,,0.18181818181818182,0.0,False
2019,AI_UN_ROLE,AI_CYBER_SECURITY,0,2,0,11,AI-positive country-years resolved for both codes,0.0,,0.18181818181818182,0.0,False
2019,AI_UN_ROLE,AI_DIGITAL_DIVIDE,0,2,0,9,AI-positive country-years resolved for both codes,0.0,,0.2222222222222222,0.0,False
2019,AI_UN_ROLE,AI_CAPACITY_BUILDING,0,2,0,11,AI-positive country-years resolved for both codes,0.0,,0.18181818181818182,0.0,False
2019,AI_UN_ROLE,AI_DEVELOPMENT_SDGS,0,2,0,10,AI-positive country-years resolved for both codes,0.0,,0.2,0.0,False
2019,AI_UN_ROLE,AI_RESOURCE_FOOTPRINT,0,2,0,11,AI-positive country-years resolved for both codes,0.0,,0.18181818181818182,0.0,False
2019,AI_UN_ROLE,AI_ECONOMY_LABOR,1,2,1,9,AI-positive country-years resolved for both codes,0.5,1.0,0.2222222222222222,0.1111111111111111,False
2019,AI_UN_ROLE,AI_YOUTH_EDUCATION,0,2,1,11,AI-positive country-years resolved for both codes,0.0,0.0,0.18181818181818182,0.09090909090909091,False
2019,AI_UN_ROLE,AI_CHILD_PROTECTION,0,2,0,11,AI-positive country-years resolved for both codes,0.0,,0.18181818181818182,0.0,False
2019,AI_UN_ROLE,AI_NATIONAL_STRATEGY,1,2,2,10,AI-positive country-years resolved for both codes,0.5,0.5,0.2,0.2,False
2019,AI_UN_ROLE,AI_SOVEREIGNTY_CONCENTRATION,0,2,0,11,AI-positive country-years resolved for both codes,0.0,,0.18181818181818182,0.0,False
2019,AI_UN_ROLE,AI_GEOPOLITICAL_RIVALRY,0,2,1,11,AI-positive country-years resolved for both codes,0.0,0.0,0.18181818181818182,0.09090909090909091,False
2019,AI_UN_ROLE,AI_OPPORTUNITY_RISK_DUALITY,1,2,2,10,AI-positive country-years resolved for both codes,0.5,0.5,0.2,0.2,False
2019,AI_UN_ROLE,AI_TRANSFORMATIVE_ERA,1,2,3,11,AI-positive country-years resolved for both codes,0.5,0.3333333333333333,0.18181818181818182,0.2727272727272727,False
2019,AI_UN_ROLE,AI_TECH_LIST_MENTION,0,2,1,10,AI-positive country-years resolved for both codes,0.0,0.0,0.2,0.1,False
2019,AI_UN_ROLE,AI_THREAT_LIST_MENTION,0,2,0,10,AI-positive country-years resolved for both codes,0.0,,0.2,0.0,False
2019,AI_MILITARY_WEAPONS,AI_PEACE_APPLICATIONS,0,1,0,13,AI-positive country-years resolved for both codes,0.0,,0.07692307692307693,0.0,False
2019,AI_MILITARY_WEAPONS,AI_SAFETY_EXISTENTIAL,0,1,0,13,AI-positive country-years resolved for both codes,0.0,,0.07692307692307693,0.0,False
2019,AI_MILITARY_WEAPONS,AI_HUMAN_CONTROL,0,1,1,12,AI-positive country-years resolved for both codes,0.0,0.0,0.08333333333333333,0.08333333333333333,False
2019,AI_MILITARY_WEAPONS,AI_HUMAN_RIGHTS_ETHICS,0,1,3,13,AI-positive country-years resolved for both codes,0.0,0.0,0.07692307692307693,0.23076923076923078,False
2019,AI_MILITARY_WEAPONS,AI_BIAS_CULTURAL_DIVERSITY,0,1,0,13,AI-positive country-years resolved for both codes,0.0,,0.07692307692307693,0.0,False
2019,AI_MILITARY_WEAPONS,AI_DISINFORMATION,0,1,0,13,AI-positive country-years resolved for both codes,0.0,,0.07692307692307693,0.0,False
2019,AI_MILITARY_WEAPONS,AI_CYBER_SECURITY,0,1,0,12,AI-positive country-years resolved for both codes,0.0,,0.08333333333333333,0.0,False
2019,AI_MILITARY_WEAPONS,AI_DIGITAL_DIVIDE,0,1,0,11,AI-positive country-years resolved for both codes,0.0,,0.09090909090909091,0.0,False
2019,AI_MILITARY_WEAPONS,AI_CAPACITY_BUILDING,0,1,0,13,AI-positive country-years resolved for both codes,0.0,,0.07692307692307693,0.0,False
2019,AI_MILITARY_WEAPONS,AI_DEVELOPMENT_SDGS,0,1,0,12,AI-positive country-years resolved for both codes,0.0,,0.08333333333333333,0.0,False
2019,AI_MILITARY_WEAPONS,AI_RESOURCE_FOOTPRINT,0,1,0,13,AI-positive country-years resolved for both codes,0.0,,0.07692307692307693,0.0,False
2019,AI_MILITARY_WEAPONS,AI_ECONOMY_LABOR,0,1,1,11,AI-positive country-years resolved for both codes,0.0,0.0,0.09090909090909091,0.09090909090909091,False
2019,AI_MILITARY_WEAPONS,AI_YOUTH_EDUCATION,0,1,1,13,AI-positive country-years resolved for both codes,0.0,0.0,0.07692307692307693,0.07692307692307693,False
2019,AI_MILITARY_WEAPONS,AI_CHILD_PROTECTION,0,1,0,13,AI-positive country-years resolved for both codes,0.0,,0.07692307692307693,0.0,False
2019,AI_MILITARY_WEAPONS,AI_NATIONAL_STRATEGY,0,1,2,12,AI-positive country-years resolved for both codes,0.0,0.0,0.08333333333333333,0.16666666666666666,False
2019,AI_MILITARY_WEAPONS,AI_SOVEREIGNTY_CONCENTRATION,0,1,0,13,AI-positive country-years resolved for both codes,0.0,,0.07692307692307693,0.0,False
2019,AI_MILITARY_WEAPONS,AI_GEOPOLITICAL_RIVALRY,0,1,1,13,AI-positive country-years resolved for both codes,0.0,0.0,0.07692307692307693,0.07692307692307693,False
2019,AI_MILITARY_WEAPONS,AI_OPPORTUNITY_RISK_DUALITY,0,0,2,12,AI-positive country-years resolved for both codes,,0.0,0.0,0.16666666666666666,False
2019,AI_MILITARY_WEAPONS,AI_TRANSFORMATIVE_ERA,0,1,3,13,AI-positive country-years resolved for both codes,0.0,0.0,0.07692307692307693,0.23076923076923078,False
2019,AI_MILITARY_WEAPONS,AI_TECH_LIST_MENTION,0,1,1,12,AI-positive country-years resolved for both codes,0.0,0.0,0.08333333333333333,0.08333333333333333,False
2019,AI_MILITARY_WEAPONS,AI_THREAT_LIST_MENTION,0,1,0,12,AI-positive country-years resolved for both codes,0.0,,0.08333333333333333,0.0,False
2019,AI_PEACE_APPLICATIONS,AI_SAFETY_EXISTENTIAL,0,0,0,13,AI-positive country-years resolved for both codes,,,0.0,0.0,False
2019,AI_PEACE_APPLICATIONS,AI_HUMAN_CONTROL,0,0,1,12,AI-positive country-years resolved for both codes,,0.0,0.0,0.08333333333333333,False
2019,AI_PEACE_APPLICATIONS,AI_HUMAN_RIGHTS_ETHICS,0,0,3,13,AI-positive country-years resolved for both codes,,0.0,0.0,0.23076923076923078,False
2019,AI_PEACE_APPLICATIONS,AI_BIAS_CULTURAL_DIVERSITY,0,0,0,13,AI-positive country-years resolved for both codes,,,0.0,0.0,False
2019,AI_PEACE_APPLICATIONS,AI_DISINFORMATION,0,0,0,13,AI-positive country-years resolved for both codes,,,0.0,0.0,False
2019,AI_PEACE_APPLICATIONS,AI_CYBER_SECURITY,0,0,0,12,AI-positive country-years resolved for both codes,,,0.0,0.0,False
2019,AI_PEACE_APPLICATIONS,AI_DIGITAL_DIVIDE,0,0,0,11,AI-positive country-years resolved for both codes,,,0.0,0.0,False
2019,AI_PEACE_APPLICATIONS,AI_CAPACITY_BUILDING,0,0,0,13,AI-positive country-years resolved for both codes,,,0.0,0.0,False
2019,AI_PEACE_APPLICATIONS,AI_DEVELOPMENT_SDGS,0,0,0,12,AI-positive country-years resolved for both codes,,,0.0,0.0,False
2019,AI_PEACE_APPLICATIONS,AI_RESOURCE_FOOTPRINT,0,0,0,13,AI-positive country-years resolved for both codes,,,0.0,0.0,False
2019,AI_PEACE_APPLICATIONS,AI_ECONOMY_LABOR,0,0,1,11,AI-positive country-years resolved for both codes,,0.0,0.0,0.09090909090909091,False
2019,AI_PEACE_APPLICATIONS,AI_YOUTH_EDUCATION,0,0,1,13,AI-positive country-years resolved for both codes,,0.0,0.0,0.07692307692307693,False
2019,AI_PEACE_APPLICATIONS,AI_CHILD_PROTECTION,0,0,0,13,AI-positive country-years resolved for both codes,,,0.0,0.0,False
2019,AI_PEACE_APPLICATIONS,AI_NATIONAL_STRATEGY,0,0,2,12,AI-positive country-years resolved for both codes,,0.0,0.0,0.16666666666666666,False
2019,AI_PEACE_APPLICATIONS,AI_SOVEREIGNTY_CONCENTRATION,0,0,0,13,AI-positive country-years resolved for both codes,,,0.0,0.0,False
2019,AI_PEACE_APPLICATIONS,AI_GEOPOLITICAL_RIVALRY,0,0,1,13,AI-positive country-years resolved for both codes,,0.0,0.0,0.07692307692307693,False
2019,AI_PEACE_APPLICATIONS,AI_OPPORTUNITY_RISK_DUALITY,0,0,2,12,AI-positive country-years resolved for both codes,,0.0,0.0,0.16666666666666666,False
2019,AI_PEACE_APPLICATIONS,AI_TRANSFORMATIVE_ERA,0,0,3,13,AI-positive country-years resolved for both codes,,0.0,0.0,0.23076923076923078,False
2019,AI_PEACE_APPLICATIONS,AI_TECH_LIST_MENTION,0,0,1,12,AI-positive country-years resolved for both codes,,0.0,0.0,0.08333333333333333,False
2019,AI_PEACE_APPLICATIONS,AI_THREAT_LIST_MENTION,0,0,0,12,AI-positive country-years resolved for both codes,,,0.0,0.0,False
2019,AI_SAFETY_EXISTENTIAL,AI_HUMAN_CONTROL,0,0,1,12,AI-positive country-years resolved for both codes,,0.0,0.0,0.08333333333333333,False
2019,AI_SAFETY_EXISTENTIAL,AI_HUMAN_RIGHTS_ETHICS,0,0,3,13,AI-positive country-years resolved for both codes,,0.0,0.0,0.23076923076923078,False
2019,AI_SAFETY_EXISTENTIAL,AI_BIAS_CULTURAL_DIVERSITY,0,0,0,13,AI-positive country-years resolved for both codes,,,0.0,0.0,False
2019,AI_SAFETY_EXISTENTIAL,AI_DISINFORMATION,0,0,0,13,AI-positive country-years resolved for both codes,,,0.0,0.0,False
2019,AI_SAFETY_EXISTENTIAL,AI_CYBER_SECURITY,0,0,0,12,AI-positive country-years resolved for both codes,,,0.0,0.0,False
2019,AI_SAFETY_EXISTENTIAL,AI_DIGITAL_DIVIDE,0,0,0,11,AI-positive country-years resolved for both codes,,,0.0,0.0,False
2019,AI_SAFETY_EXISTENTIAL,AI_CAPACITY_BUILDING,0,0,0,13,AI-positive country-years resolved for both codes,,,0.0,0.0,False
2019,AI_SAFETY_EXISTENTIAL,AI_DEVELOPMENT_SDGS,0,0,0,12,AI-positive country-years resolved for both codes,,,0.0,0.0,False
2019,AI_SAFETY_EXISTENTIAL,AI_RESOURCE_FOOTPRINT,0,0,0,13,AI-positive country-years resolved for both codes,,,0.0,0.0,False
2019,AI_SAFETY_EXISTENTIAL,AI_ECONOMY_LABOR,0,0,1,11,AI-positive country-years resolved for both codes,,0.0,0.0,0.09090909090909091,False
2019,AI_SAFETY_EXISTENTIAL,AI_YOUTH_EDUCATION,0,0,1,13,AI-positive country-years resolved for both codes,,0.0,0.0,0.07692307692307693,False
2019,AI_SAFETY_EXISTENTIAL,AI_CHILD_PROTECTION,0,0,0,13,AI-positive country-years resolved for both codes,,,0.0,0.0,False
2019,AI_SAFETY_EXISTENTIAL,AI_NATIONAL_STRATEGY,0,0,2,12,AI-positive country-years resolved for both codes,,0.0,0.0,0.16666666666666666,False
2019,AI_SAFETY_EXISTENTIAL,AI_SOVEREIGNTY_CONCENTRATION,0,0,0,13,AI-positive country-years resolved for both codes,,,0.0,0.0,False
2019,AI_SAFETY_EXISTENTIAL,AI_GEOPOLITICAL_RIVALRY,0,0,1,13,AI-positive country-years resolved for both codes,,0.0,0.0,0.07692307692307693,False
2019,AI_SAFETY_EXISTENTIAL,AI_OPPORTUNITY_RISK_DUALITY,0,0,2,12,AI-positive country-years resolved for both codes,,0.0,0.0,0.16666666666666666,False
2019,AI_SAFETY_EXISTENTIAL,AI_TRANSFORMATIVE_ERA,0,0,3,13,AI-positive country-years resolved for both codes,,0.0,0.0,0.23076923076923078,False
2019,AI_SAFETY_EXISTENTIAL,AI_TECH_LIST_MENTION,0,0,1,12,AI-positive country-years resolved for both codes,,0.0,0.0,0.08333333333333333,False
2019,AI_SAFETY_EXISTENTIAL,AI_THREAT_LIST_MENTION,0,0,0,12,AI-positive country-years resolved for both codes,,,0.0,0.0,False
2019,AI_HUMAN_CONTROL,AI_HUMAN_RIGHTS_ETHICS,2,2,3,13,AI-positive country-years resolved for both codes,1.0,0.6666666666666666,0.15384615384615385,0.23076923076923078,False
2019,AI_HUMAN_CONTROL,AI_BIAS_CULTURAL_DIVERSITY,0,1,0,12,AI-positive country-years resolved for both codes,0.0,,0.08333333333333333,0.0,False
2019,AI_HUMAN_CONTROL,AI_DISINFORMATION,0,1,0,12,AI-positive country-years resolved for both codes,0.0,,0.08333333333333333,0.0,False
2019,AI_HUMAN_CONTROL,AI_CYBER_SECURITY,0,1,0,11,AI-positive country-years resolved for both codes,0.0,,0.09090909090909091,0.0,False
2019,AI_HUMAN_CONTROL,AI_DIGITAL_DIVIDE,0,1,0,10,AI-positive country-years resolved for both codes,0.0,,0.1,0.0,False
2019,AI_HUMAN_CONTROL,AI_CAPACITY_BUILDING,0,1,0,12,AI-positive country-years resolved for both codes,0.0,,0.08333333333333333,0.0,False
2019,AI_HUMAN_CONTROL,AI_DEVELOPMENT_SDGS,0,1,0,11,AI-positive country-years resolved for both codes,0.0,,0.09090909090909091,0.0,False
2019,AI_HUMAN_CONTROL,AI_RESOURCE_FOOTPRINT,0,1,0,12,AI-positive country-years resolved for both codes,0.0,,0.08333333333333333,0.0,False
2019,AI_HUMAN_CONTROL,AI_ECONOMY_LABOR,0,1,0,10,AI-positive country-years resolved for both codes,0.0,,0.1,0.0,False
2019,AI_HUMAN_CONTROL,AI_YOUTH_EDUCATION,0,1,1,12,AI-positive country-years resolved for both codes,0.0,0.0,0.08333333333333333,0.08333333333333333,False
2019,AI_HUMAN_CONTROL,AI_CHILD_PROTECTION,0,1,0,12,AI-positive country-years resolved for both codes,0.0,,0.08333333333333333,0.0,False
2019,AI_HUMAN_CONTROL,AI_NATIONAL_STRATEGY,0,1,1,11,AI-positive country-years resolved for both codes,0.0,0.0,0.09090909090909091,0.09090909090909091,False
2019,AI_HUMAN_CONTROL,AI_SOVEREIGNTY_CONCENTRATION,0,1,0,12,AI-positive country-years resolved for both codes,0.0,,0.08333333333333333,0.0,False
2019,AI_HUMAN_CONTROL,AI_GEOPOLITICAL_RIVALRY,0,1,1,12,AI-positive country-years resolved for both codes,0.0,0.0,0.08333333333333333,0.08333333333333333,False
2019,AI_HUMAN_CONTROL,AI_OPPORTUNITY_RISK_DUALITY,1,2,2,12,AI-positive country-years resolved for both codes,0.5,0.5,0.16666666666666666,0.16666666666666666,False
2019,AI_HUMAN_CONTROL,AI_TRANSFORMATIVE_ERA,0,1,2,12,AI-positive country-years resolved for both codes,0.0,0.0,0.08333333333333333,0.16666666666666666,False
2019,AI_HUMAN_CONTROL,AI_TECH_LIST_MENTION,0,1,1,11,AI-positive country-years resolved for both codes,0.0,0.0,0.09090909090909091,0.09090909090909091,False
2019,AI_HUMAN_CONTROL,AI_THREAT_LIST_MENTION,0,1,0,11,AI-positive country-years resolved for both codes,0.0,,0.09090909090909091,0.0,False
2019,AI_HUMAN_RIGHTS_ETHICS,AI_BIAS_CULTURAL_DIVERSITY,0,3,0,13,AI-positive country-years resolved for both codes,0.0,,0.23076923076923078,0.0,False
2019,AI_HUMAN_RIGHTS_ETHICS,AI_DISINFORMATION,0,3,0,13,AI-positive country-years resolved for both codes,0.0,,0.23076923076923078,0.0,False
2019,AI_HUMAN_RIGHTS_ETHICS,AI_CYBER_SECURITY,0,3,0,12,AI-positive country-years resolved for both codes,0.0,,0.25,0.0,False
2019,AI_HUMAN_RIGHTS_ETHICS,AI_DIGITAL_DIVIDE,0,3,0,11,AI-positive country-years resolved for both codes,0.0,,0.2727272727272727,0.0,False
2019,AI_HUMAN_RIGHTS_ETHICS,AI_CAPACITY_BUILDING,0,3,0,13,AI-positive country-years resolved for both codes,0.0,,0.23076923076923078,0.0,False
2019,AI_HUMAN_RIGHTS_ETHICS,AI_DEVELOPMENT_SDGS,0,2,0,12,AI-positive country-years resolved for both codes,0.0,,0.16666666666666666,0.0,False
2019,AI_HUMAN_RIGHTS_ETHICS,AI_RESOURCE_FOOTPRINT,0,3,0,13,AI-positive country-years resolved for both codes,0.0,,0.23076923076923078,0.0,False
2019,AI_HUMAN_RIGHTS_ETHICS,AI_ECONOMY_LABOR,1,3,1,11,AI-positive country-years resolved for both codes,0.3333333333333333,1.0,0.2727272727272727,0.09090909090909091,False
2019,AI_HUMAN_RIGHTS_ETHICS,AI_YOUTH_EDUCATION,0,3,1,13,AI-positive country-years resolved for both codes,0.0,0.0,0.23076923076923078,0.07692307692307693,False
2019,AI_HUMAN_RIGHTS_ETHICS,AI_CHILD_PROTECTION,0,3,0,13,AI-positive country-years resolved for both codes,0.0,,0.23076923076923078,0.0,False
2019,AI_HUMAN_RIGHTS_ETHICS,AI_NATIONAL_STRATEGY,1,3,2,12,AI-positive country-years resolved for both codes,0.3333333333333333,0.5,0.25,0.16666666666666666,False
2019,AI_HUMAN_RIGHTS_ETHICS,AI_SOVEREIGNTY_CONCENTRATION,0,3,0,13,AI-positive country-years resolved for both codes,0.0,,0.23076923076923078,0.0,False
2019,AI_HUMAN_RIGHTS_ETHICS,AI_GEOPOLITICAL_RIVALRY,0,3,1,13,AI-positive country-years resolved for both codes,0.0,0.0,0.23076923076923078,0.07692307692307693,False
2019,AI_HUMAN_RIGHTS_ETHICS,AI_OPPORTUNITY_RISK_DUALITY,2,4,3,13,AI-positive country-years resolved for both codes,0.5,0.6666666666666666,0.3076923076923077,0.23076923076923078,False
2019,AI_HUMAN_RIGHTS_ETHICS,AI_TRANSFORMATIVE_ERA,1,3,3,13,AI-positive country-years resolved for both codes,0.3333333333333333,0.3333333333333333,0.23076923076923078,0.23076923076923078,False
2019,AI_HUMAN_RIGHTS_ETHICS,AI_TECH_LIST_MENTION,0,3,1,12,AI-positive country-years resolved for both codes,0.0,0.0,0.25,0.08333333333333333,False
2019,AI_HUMAN_RIGHTS_ETHICS,AI_THREAT_LIST_MENTION,0,3,0,12,AI-positive country-years resolved for both codes,0.0,,0.25,0.0,False
2019,AI_BIAS_CULTURAL_DIVERSITY,AI_DISINFORMATION,0,0,0,13,AI-positive country-years resolved for both codes,,,0.0,0.0,False
2019,AI_BIAS_CULTURAL_DIVERSITY,AI_CYBER_SECURITY,0,0,0,12,AI-positive country-years resolved for both codes,,,0.0,0.0,False
2019,AI_BIAS_CULTURAL_DIVERSITY,AI_DIGITAL_DIVIDE,0,0,0,11,AI-positive country-years resolved for both codes,,,0.0,0.0,False
2019,AI_BIAS_CULTURAL_DIVERSITY,AI_CAPACITY_BUILDING,0,0,0,13,AI-positive country-years resolved for both codes,,,0.0,0.0,False
2019,AI_BIAS_CULTURAL_DIVERSITY,AI_DEVELOPMENT_SDGS,0,0,0,12,AI-positive country-years resolved for both codes,,,0.0,0.0,False
2019,AI_BIAS_CULTURAL_DIVERSITY,AI_RESOURCE_FOOTPRINT,0,0,0,13,AI-positive country-years resolved for both codes,,,0.0,0.0,False
2019,AI_BIAS_CULTURAL_DIVERSITY,AI_ECONOMY_LABOR,0,0,1,11,AI-positive country-years resolved for both codes,,0.0,0.0,0.09090909090909091,False
2019,AI_BIAS_CULTURAL_DIVERSITY,AI_YOUTH_EDUCATION,0,0,1,13,AI-positive country-years resolved for both codes,,0.0,0.0,0.07692307692307693,False
2019,AI_BIAS_CULTURAL_DIVERSITY,AI_CHILD_PROTECTION,0,0,0,13,AI-positive country-years resolved for both codes,,,0.0,0.0,False
2019,AI_BIAS_CULTURAL_DIVERSITY,AI_NATIONAL_STRATEGY,0,0,2,12,AI-positive country-years resolved for both codes,,0.0,0.0,0.16666666666666666,False
2019,AI_BIAS_CULTURAL_DIVERSITY,AI_SOVEREIGNTY_CONCENTRATION,0,0,0,13,AI-positive country-years resolved for both codes,,,0.0,0.0,False
2019,AI_BIAS_CULTURAL_DIVERSITY,AI_GEOPOLITICAL_RIVALRY,0,0,1,13,AI-positive country-years resolved for both codes,,0.0,0.0,0.07692307692307693,False
2019,AI_BIAS_CULTURAL_DIVERSITY,AI_OPPORTUNITY_RISK_DUALITY,0,0,2,12,AI-positive country-years resolved for both codes,,0.0,0.0,0.16666666666666666,False
2019,AI_BIAS_CULTURAL_DIVERSITY,AI_TRANSFORMATIVE_ERA,0,0,3,13,AI-positive country-years resolved for both codes,,0.0,0.0,0.23076923076923078,False
2019,AI_BIAS_CULTURAL_DIVERSITY,AI_TECH_LIST_MENTION,0,0,1,12,AI-positive country-years resolved for both codes,,0.0,0.0,0.08333333333333333,False
2019,AI_BIAS_CULTURAL_DIVERSITY,AI_THREAT_LIST_MENTION,0,0,0,12,AI-positive country-years resolved for both codes,,,0.0,0.0,False
2019,AI_DISINFORMATION,AI_CYBER_SECURITY,0,0,0,12,AI-positive country-years resolved for both codes,,,0.0,0.0,False
2019,AI_DISINFORMATION,AI_DIGITAL_DIVIDE,0,0,0,11,AI-positive country-years resolved for both codes,,,0.0,0.0,False
2019,AI_DISINFORMATION,AI_CAPACITY_BUILDING,0,0,0,13,AI-positive country-years resolved for both codes,,,0.0,0.0,False
2019,AI_DISINFORMATION,AI_DEVELOPMENT_SDGS,0,0,0,12,AI-positive country-years resolved for both codes,,,0.0,0.0,False
2019,AI_DISINFORMATION,AI_RESOURCE_FOOTPRINT,0,0,0,13,AI-positive country-years resolved for both codes,,,0.0,0.0,False
2019,AI_DISINFORMATION,AI_ECONOMY_LABOR,0,0,1,11,AI-positive country-years resolved for both codes,,0.0,0.0,0.09090909090909091,False
2019,AI_DISINFORMATION,AI_YOUTH_EDUCATION,0,0,1,13,AI-positive country-years resolved for both codes,,0.0,0.0,0.07692307692307693,False
2019,AI_DISINFORMATION,AI_CHILD_PROTECTION,0,0,0,13,AI-positive country-years resolved for both codes,,,0.0,0.0,False
2019,AI_DISINFORMATION,AI_NATIONAL_STRATEGY,0,0,2,12,AI-positive country-years resolved for both codes,,0.0,0.0,0.16666666666666666,False
2019,AI_DISINFORMATION,AI_SOVEREIGNTY_CONCENTRATION,0,0,0,13,AI-positive country-years resolved for both codes,,,0.0,0.0,False
2019,AI_DISINFORMATION,AI_GEOPOLITICAL_RIVALRY,0,0,1,13,AI-positive country-years resolved for both codes,,0.0,0.0,0.07692307692307693,False
2019,AI_DISINFORMATION,AI_OPPORTUNITY_RISK_DUALITY,0,0,2,12,AI-positive country-years resolved for both codes,,0.0,0.0,0.16666666666666666,False
2019,AI_DISINFORMATION,AI_TRANSFORMATIVE_ERA,0,0,3,13,AI-positive country-years resolved for both codes,,0.0,0.0,0.23076923076923078,False
2019,AI_DISINFORMATION,AI_TECH_LIST_MENTION,0,0,1,12,AI-positive country-years resolved for both codes,,0.0,0.0,0.08333333333333333,False
2019,AI_DISINFORMATION,AI_THREAT_LIST_MENTION,0,0,0,12,AI-positive country-years resolved for both codes,,,0.0,0.0,False
2019,AI_CYBER_SECURITY,AI_DIGITAL_DIVIDE,0,0,0,10,AI-positive country-years resolved for both codes,,,0.0,0.0,False
2019,AI_CYBER_SECURITY,AI_CAPACITY_BUILDING,0,0,0,12,AI-positive country-years resolved for both codes,,,0.0,0.0,False
2019,AI_CYBER_SECURITY,AI_DEVELOPMENT_SDGS,0,0,0,11,AI-positive country-years resolved for both codes,,,0.0,0.0,False
2019,AI_CYBER_SECURITY,AI_RESOURCE_FOOTPRINT,0,0,0,12,AI-positive country-years resolved for both codes,,,0.0,0.0,False
2019,AI_CYBER_SECURITY,AI_ECONOMY_LABOR,0,0,1,10,AI-positive country-years resolved for both codes,,0.0,0.0,0.1,False
2019,AI_CYBER_SECURITY,AI_YOUTH_EDUCATION,0,0,1,12,AI-positive country-years resolved for both codes,,0.0,0.0,0.08333333333333333,False
2019,AI_CYBER_SECURITY,AI_CHILD_PROTECTION,0,0,0,12,AI-positive country-years resolved for both codes,,,0.0,0.0,False
2019,AI_CYBER_SECURITY,AI_NATIONAL_STRATEGY,0,0,2,11,AI-positive country-years resolved for both codes,,0.0,0.0,0.18181818181818182,False
2019,AI_CYBER_SECURITY,AI_SOVEREIGNTY_CONCENTRATION,0,0,0,12,AI-positive country-years resolved for both codes,,,0.0,0.0,False
2019,AI_CYBER_SECURITY,AI_GEOPOLITICAL_RIVALRY,0,0,1,12,AI-positive country-years resolved for both codes,,0.0,0.0,0.08333333333333333,False
2019,AI_CYBER_SECURITY,AI_OPPORTUNITY_RISK_DUALITY,0,0,2,11,AI-positive country-years resolved for both codes,,0.0,0.0,0.18181818181818182,False
2019,AI_CYBER_SECURITY,AI_TRANSFORMATIVE_ERA,0,0,3,12,AI-positive country-years resolved for both codes,,0.0,0.0,0.25,False
2019,AI_CYBER_SECURITY,AI_TECH_LIST_MENTION,0,0,1,11,AI-positive country-years resolved for both codes,,0.0,0.0,0.09090909090909091,False
2019,AI_CYBER_SECURITY,AI_THREAT_LIST_MENTION,0,0,0,11,AI-positive country-years resolved for both codes,,,0.0,0.0,False
2019,AI_DIGITAL_DIVIDE,AI_CAPACITY_BUILDING,0,0,0,11,AI-positive country-years resolved for both codes,,,0.0,0.0,False
2019,AI_DIGITAL_DIVIDE,AI_DEVELOPMENT_SDGS,1,1,1,11,AI-positive country-years resolved for both codes,1.0,1.0,0.09090909090909091,0.09090909090909091,False
2019,AI_DIGITAL_DIVIDE,AI_RESOURCE_FOOTPRINT,0,0,0,11,AI-positive country-years resolved for both codes,,,0.0,0.0,False
2019,AI_DIGITAL_DIVIDE,AI_ECONOMY_LABOR,0,0,1,9,AI-positive country-years resolved for both codes,,0.0,0.0,0.1111111111111111,False
2019,AI_DIGITAL_DIVIDE,AI_YOUTH_EDUCATION,0,0,1,11,AI-positive country-years resolved for both codes,,0.0,0.0,0.09090909090909091,False
2019,AI_DIGITAL_DIVIDE,AI_CHILD_PROTECTION,0,0,0,11,AI-positive country-years resolved for both codes,,,0.0,0.0,False
2019,AI_DIGITAL_DIVIDE,AI_NATIONAL_STRATEGY,0,0,2,10,AI-positive country-years resolved for both codes,,0.0,0.0,0.2,False
2019,AI_DIGITAL_DIVIDE,AI_SOVEREIGNTY_CONCENTRATION,0,0,0,11,AI-positive country-years resolved for both codes,,,0.0,0.0,False
2019,AI_DIGITAL_DIVIDE,AI_GEOPOLITICAL_RIVALRY,0,0,1,11,AI-positive country-years resolved for both codes,,0.0,0.0,0.09090909090909091,False
2019,AI_DIGITAL_DIVIDE,AI_OPPORTUNITY_RISK_DUALITY,0,0,1,10,AI-positive country-years resolved for both codes,,0.0,0.0,0.1,False
2019,AI_DIGITAL_DIVIDE,AI_TRANSFORMATIVE_ERA,0,0,2,11,AI-positive country-years resolved for both codes,,0.0,0.0,0.18181818181818182,False
2019,AI_DIGITAL_DIVIDE,AI_TECH_LIST_MENTION,0,0,1,11,AI-positive country-years resolved for both codes,,0.0,0.0,0.09090909090909091,False
2019,AI_DIGITAL_DIVIDE,AI_THREAT_LIST_MENTION,0,0,0,10,AI-positive country-years resolved for both codes,,,0.0,0.0,False
2019,AI_CAPACITY_BUILDING,AI_DEVELOPMENT_SDGS,0,0,0,12,AI-positive country-years resolved for both codes,,,0.0,0.0,False
2019,AI_CAPACITY_BUILDING,AI_RESOURCE_FOOTPRINT,0,0,0,13,AI-positive country-years resolved for both codes,,,0.0,0.0,False
2019,AI_CAPACITY_BUILDING,AI_ECONOMY_LABOR,0,0,1,11,AI-positive country-years resolved for both codes,,0.0,0.0,0.09090909090909091,False
2019,AI_CAPACITY_BUILDING,AI_YOUTH_EDUCATION,0,0,1,13,AI-positive country-years resolved for both codes,,0.0,0.0,0.07692307692307693,False
2019,AI_CAPACITY_BUILDING,AI_CHILD_PROTECTION,0,0,0,13,AI-positive country-years resolved for both codes,,,0.0,0.0,False
2019,AI_CAPACITY_BUILDING,AI_NATIONAL_STRATEGY,0,0,2,12,AI-positive country-years resolved for both codes,,0.0,0.0,0.16666666666666666,False
2019,AI_CAPACITY_BUILDING,AI_SOVEREIGNTY_CONCENTRATION,0,0,0,13,AI-positive country-years resolved for both codes,,,0.0,0.0,False
2019,AI_CAPACITY_BUILDING,AI_GEOPOLITICAL_RIVALRY,0,0,1,13,AI-positive country-years resolved for both codes,,0.0,0.0,0.07692307692307693,False
2019,AI_CAPACITY_BUILDING,AI_OPPORTUNITY_RISK_DUALITY,0,0,2,12,AI-positive country-years resolved for both codes,,0.0,0.0,0.16666666666666666,False
2019,AI_CAPACITY_BUILDING,AI_TRANSFORMATIVE_ERA,0,0,3,13,AI-positive country-years resolved for both codes,,0.0,0.0,0.23076923076923078,False
2019,AI_CAPACITY_BUILDING,AI_TECH_LIST_MENTION,0,0,1,12,AI-positive country-years resolved for both codes,,0.0,0.0,0.08333333333333333,False
2019,AI_CAPACITY_BUILDING,AI_THREAT_LIST_MENTION,0,0,0,12,AI-positive country-years resolved for both codes,,,0.0,0.0,False
2019,AI_DEVELOPMENT_SDGS,AI_RESOURCE_FOOTPRINT,0,0,0,12,AI-positive country-years resolved for both codes,,,0.0,0.0,False
2019,AI_DEVELOPMENT_SDGS,AI_ECONOMY_LABOR,0,0,1,10,AI-positive country-years resolved for both codes,,0.0,0.0,0.1,False
2019,AI_DEVELOPMENT_SDGS,AI_YOUTH_EDUCATION,0,0,1,12,AI-positive country-years resolved for both codes,,0.0,0.0,0.08333333333333333,False
2019,AI_DEVELOPMENT_SDGS,AI_CHILD_PROTECTION,0,0,0,12,AI-positive country-years resolved for both codes,,,0.0,0.0,False
2019,AI_DEVELOPMENT_SDGS,AI_NATIONAL_STRATEGY,0,0,2,11,AI-positive country-years resolved for both codes,,0.0,0.0,0.18181818181818182,False
2019,AI_DEVELOPMENT_SDGS,AI_SOVEREIGNTY_CONCENTRATION,0,0,0,12,AI-positive country-years resolved for both codes,,,0.0,0.0,False
2019,AI_DEVELOPMENT_SDGS,AI_GEOPOLITICAL_RIVALRY,0,0,1,12,AI-positive country-years resolved for both codes,,0.0,0.0,0.08333333333333333,False
2019,AI_DEVELOPMENT_SDGS,AI_OPPORTUNITY_RISK_DUALITY,0,0,2,11,AI-positive country-years resolved for both codes,,0.0,0.0,0.18181818181818182,False
2019,AI_DEVELOPMENT_SDGS,AI_TRANSFORMATIVE_ERA,0,0,3,12,AI-positive country-years resolved for both codes,,0.0,0.0,0.25,False
2019,AI_DEVELOPMENT_SDGS,AI_TECH_LIST_MENTION,0,0,1,11,AI-positive country-years resolved for both codes,,0.0,0.0,0.09090909090909091,False
2019,AI_DEVELOPMENT_SDGS,AI_THREAT_LIST_MENTION,0,0,0,11,AI-positive country-years resolved for both codes,,,0.0,0.0,False
2019,AI_RESOURCE_FOOTPRINT,AI_ECONOMY_LABOR,0,0,1,11,AI-positive country-years resolved for both codes,,0.0,0.0,0.09090909090909091,False
2019,AI_RESOURCE_FOOTPRINT,AI_YOUTH_EDUCATION,0,0,1,13,AI-positive country-years resolved for both codes,,0.0,0.0,0.07692307692307693,False
2019,AI_RESOURCE_FOOTPRINT,AI_CHILD_PROTECTION,0,0,0,13,AI-positive country-years resolved for both codes,,,0.0,0.0,False
2019,AI_RESOURCE_FOOTPRINT,AI_NATIONAL_STRATEGY,0,0,2,12,AI-positive country-years resolved for both codes,,0.0,0.0,0.16666666666666666,False
2019,AI_RESOURCE_FOOTPRINT,AI_SOVEREIGNTY_CONCENTRATION,0,0,0,13,AI-positive country-years resolved for both codes,,,0.0,0.0,False
2019,AI_RESOURCE_FOOTPRINT,AI_GEOPOLITICAL_RIVALRY,0,0,1,13,AI-positive country-years resolved for both codes,,0.0,0.0,0.07692307692307693,False
2019,AI_RESOURCE_FOOTPRINT,AI_OPPORTUNITY_RISK_DUALITY,0,0,2,12,AI-positive country-years resolved for both codes,,0.0,0.0,0.16666666666666666,False
2019,AI_RESOURCE_FOOTPRINT,AI_TRANSFORMATIVE_ERA,0,0,3,13,AI-positive country-years resolved for both codes,,0.0,0.0,0.23076923076923078,False
2019,AI_RESOURCE_FOOTPRINT,AI_TECH_LIST_MENTION,0,0,1,12,AI-positive country-years resolved for both codes,,0.0,0.0,0.08333333333333333,False
2019,AI_RESOURCE_FOOTPRINT,AI_THREAT_LIST_MENTION,0,0,0,12,AI-positive country-years resolved for both codes,,,0.0,0.0,False
2019,AI_ECONOMY_LABOR,AI_YOUTH_EDUCATION,0,1,0,11,AI-positive country-years resolved for both codes,0.0,,0.09090909090909091,0.0,False
2019,AI_ECONOMY_LABOR,AI_CHILD_PROTECTION,0,1,0,11,AI-positive country-years resolved for both codes,0.0,,0.09090909090909091,0.0,False
2019,AI_ECONOMY_LABOR,AI_NATIONAL_STRATEGY,1,1,1,10,AI-positive country-years resolved for both codes,1.0,1.0,0.1,0.1,False
2019,AI_ECONOMY_LABOR,AI_SOVEREIGNTY_CONCENTRATION,0,1,0,11,AI-positive country-years resolved for both codes,0.0,,0.09090909090909091,0.0,False
2019,AI_ECONOMY_LABOR,AI_GEOPOLITICAL_RIVALRY,0,1,1,11,AI-positive country-years resolved for both codes,0.0,0.0,0.09090909090909091,0.09090909090909091,False
2019,AI_ECONOMY_LABOR,AI_OPPORTUNITY_RISK_DUALITY,1,1,2,10,AI-positive country-years resolved for both codes,1.0,0.5,0.1,0.2,False
2019,AI_ECONOMY_LABOR,AI_TRANSFORMATIVE_ERA,1,1,2,11,AI-positive country-years resolved for both codes,1.0,0.5,0.09090909090909091,0.18181818181818182,False
2019,AI_ECONOMY_LABOR,AI_TECH_LIST_MENTION,0,1,1,10,AI-positive country-years resolved for both codes,0.0,0.0,0.1,0.1,False
2019,AI_ECONOMY_LABOR,AI_THREAT_LIST_MENTION,0,1,0,10,AI-positive country-years resolved for both codes,0.0,,0.1,0.0,False
2019,AI_YOUTH_EDUCATION,AI_CHILD_PROTECTION,0,1,0,13,AI-positive country-years resolved for both codes,0.0,,0.07692307692307693,0.0,False
2019,AI_YOUTH_EDUCATION,AI_NATIONAL_STRATEGY,0,1,2,12,AI-positive country-years resolved for both codes,0.0,0.0,0.08333333333333333,0.16666666666666666,False
2019,AI_YOUTH_EDUCATION,AI_SOVEREIGNTY_CONCENTRATION,0,1,0,13,AI-positive country-years resolved for both codes,0.0,,0.07692307692307693,0.0,False
2019,AI_YOUTH_EDUCATION,AI_GEOPOLITICAL_RIVALRY,0,1,1,13,AI-positive country-years resolved for both codes,0.0,0.0,0.07692307692307693,0.07692307692307693,False
2019,AI_YOUTH_EDUCATION,AI_OPPORTUNITY_RISK_DUALITY,0,1,2,12,AI-positive country-years resolved for both codes,0.0,0.0,0.08333333333333333,0.16666666666666666,False
2019,AI_YOUTH_EDUCATION,AI_TRANSFORMATIVE_ERA,1,1,3,13,AI-positive country-years resolved for both codes,1.0,0.3333333333333333,0.07692307692307693,0.23076923076923078,False
2019,AI_YOUTH_EDUCATION,AI_TECH_LIST_MENTION,0,1,1,12,AI-positive country-years resolved for both codes,0.0,0.0,0.08333333333333333,0.08333333333333333,False
2019,AI_YOUTH_EDUCATION,AI_THREAT_LIST_MENTION,0,1,0,12,AI-positive country-years resolved for both codes,0.0,,0.08333333333333333,0.0,False
2019,AI_CHILD_PROTECTION,AI_NATIONAL_STRATEGY,0,0,2,12,AI-positive country-years resolved for both codes,,0.0,0.0,0.16666666666666666,False
2019,AI_CHILD_PROTECTION,AI_SOVEREIGNTY_CONCENTRATION,0,0,0,13,AI-positive country-years resolved for both codes,,,0.0,0.0,False
2019,AI_CHILD_PROTECTION,AI_GEOPOLITICAL_RIVALRY,0,0,1,13,AI-positive country-years resolved for both codes,,0.0,0.0,0.07692307692307693,False
2019,AI_CHILD_PROTECTION,AI_OPPORTUNITY_RISK_DUALITY,0,0,2,12,AI-positive country-years resolved for both codes,,0.0,0.0,0.16666666666666666,False
2019,AI_CHILD_PROTECTION,AI_TRANSFORMATIVE_ERA,0,0,3,13,AI-positive country-years resolved for both codes,,0.0,0.0,0.23076923076923078,False
2019,AI_CHILD_PROTECTION,AI_TECH_LIST_MENTION,0,0,1,12,AI-positive country-years resolved for both codes,,0.0,0.0,0.08333333333333333,False
2019,AI_CHILD_PROTECTION,AI_THREAT_LIST_MENTION,0,0,0,12,AI-positive country-years resolved for both codes,,,0.0,0.0,False
2019,AI_NATIONAL_STRATEGY,AI_SOVEREIGNTY_CONCENTRATION,0,2,0,12,AI-positive country-years resolved for both codes,0.0,,0.16666666666666666,0.0,False
2019,AI_NATIONAL_STRATEGY,AI_GEOPOLITICAL_RIVALRY,0,2,1,12,AI-positive country-years resolved for both codes,0.0,0.0,0.16666666666666666,0.08333333333333333,False
2019,AI_NATIONAL_STRATEGY,AI_OPPORTUNITY_RISK_DUALITY,1,2,2,11,AI-positive country-years resolved for both codes,0.5,0.5,0.18181818181818182,0.18181818181818182,False
2019,AI_NATIONAL_STRATEGY,AI_TRANSFORMATIVE_ERA,1,2,3,12,AI-positive country-years resolved for both codes,0.5,0.3333333333333333,0.16666666666666666,0.25,False
2019,AI_NATIONAL_STRATEGY,AI_TECH_LIST_MENTION,0,2,0,11,AI-positive country-years resolved for both codes,0.0,,0.18181818181818182,0.0,False
2019,AI_NATIONAL_STRATEGY,AI_THREAT_LIST_MENTION,0,2,0,11,AI-positive country-years resolved for both codes,0.0,,0.18181818181818182,0.0,False
2019,AI_SOVEREIGNTY_CONCENTRATION,AI_GEOPOLITICAL_RIVALRY,0,0,1,13,AI-positive country-years resolved for both codes,,0.0,0.0,0.07692307692307693,False
2019,AI_SOVEREIGNTY_CONCENTRATION,AI_OPPORTUNITY_RISK_DUALITY,0,0,2,12,AI-positive country-years resolved for both codes,,0.0,0.0,0.16666666666666666,False
2019,AI_SOVEREIGNTY_CONCENTRATION,AI_TRANSFORMATIVE_ERA,0,0,3,13,AI-positive country-years resolved for both codes,,0.0,0.0,0.23076923076923078,False
2019,AI_SOVEREIGNTY_CONCENTRATION,AI_TECH_LIST_MENTION,0,0,1,12,AI-positive country-years resolved for both codes,,0.0,0.0,0.08333333333333333,False
2019,AI_SOVEREIGNTY_CONCENTRATION,AI_THREAT_LIST_MENTION,0,0,0,12,AI-positive country-years resolved for both codes,,,0.0,0.0,False
2019,AI_GEOPOLITICAL_RIVALRY,AI_OPPORTUNITY_RISK_DUALITY,0,1,2,12,AI-positive country-years resolved for both codes,0.0,0.0,0.08333333333333333,0.16666666666666666,False
2019,AI_GEOPOLITICAL_RIVALRY,AI_TRANSFORMATIVE_ERA,0,1,3,13,AI-positive country-years resolved for both codes,0.0,0.0,0.07692307692307693,0.23076923076923078,False
2019,AI_GEOPOLITICAL_RIVALRY,AI_TECH_LIST_MENTION,0,1,1,12,AI-positive country-years resolved for both codes,0.0,0.0,0.08333333333333333,0.08333333333333333,False
2019,AI_GEOPOLITICAL_RIVALRY,AI_THREAT_LIST_MENTION,0,0,0,12,AI-positive country-years resolved for both codes,,,0.0,0.0,False
2019,AI_OPPORTUNITY_RISK_DUALITY,AI_TRANSFORMATIVE_ERA,2,2,3,12,AI-positive country-years resolved for both codes,1.0,0.6666666666666666,0.16666666666666666,0.25,False
2019,AI_OPPORTUNITY_RISK_DUALITY,AI_TECH_LIST_MENTION,0,2,1,11,AI-positive country-years resolved for both codes,0.0,0.0,0.18181818181818182,0.09090909090909091,False
2019,AI_OPPORTUNITY_RISK_DUALITY,AI_THREAT_LIST_MENTION,0,2,0,11,AI-positive country-years resolved for both codes,0.0,,0.18181818181818182,0.0,False
2019,AI_TRANSFORMATIVE_ERA,AI_TECH_LIST_MENTION,0,3,1,12,AI-positive country-years resolved for both codes,0.0,0.0,0.25,0.08333333333333333,False
2019,AI_TRANSFORMATIVE_ERA,AI_THREAT_LIST_MENTION,0,3,0,12,AI-positive country-years resolved for both codes,0.0,,0.25,0.0,False
2019,AI_TECH_LIST_MENTION,AI_THREAT_LIST_MENTION,0,1,0,11,AI-positive country-years resolved for both codes,0.0,,0.09090909090909091,0.0,False
2020,AI_GLOBAL_GOVERNANCE,AI_INCLUSIVE_GOVERNANCE,0,3,0,8,AI-positive country-years resolved for both codes,0.0,,0.375,0.0,False
2020,AI_GLOBAL_GOVERNANCE,AI_GOVERNANCE_SKEPTICISM,0,3,0,8,AI-positive country-years resolved for both codes,0.0,,0.375,0.0,False
2020,AI_GLOBAL_GOVERNANCE,AI_UN_ROLE,1,3,2,8,AI-positive country-years resolved for both codes,0.3333333333333333,0.5,0.375,0.25,False
2020,AI_GLOBAL_GOVERNANCE,AI_MILITARY_WEAPONS,0,2,0,7,AI-positive country-years resolved for both codes,0.0,,0.2857142857142857,0.0,False
2020,AI_GLOBAL_GOVERNANCE,AI_PEACE_APPLICATIONS,0,3,0,8,AI-positive country-years resolved for both codes,0.0,,0.375,0.0,False
2020,AI_GLOBAL_GOVERNANCE,AI_SAFETY_EXISTENTIAL,0,3,0,8,AI-positive country-years resolved for both codes,0.0,,0.375,0.0,False
2020,AI_GLOBAL_GOVERNANCE,AI_HUMAN_CONTROL,0,3,0,8,AI-positive country-years resolved for both codes,0.0,,0.375,0.0,False
2020,AI_GLOBAL_GOVERNANCE,AI_HUMAN_RIGHTS_ETHICS,0,2,1,5,AI-positive country-years resolved for both codes,0.0,0.0,0.4,0.2,False
2020,AI_GLOBAL_GOVERNANCE,AI_BIAS_CULTURAL_DIVERSITY,0,3,0,8,AI-positive country-years resolved for both codes,0.0,,0.375,0.0,False
2020,AI_GLOBAL_GOVERNANCE,AI_DISINFORMATION,0,3,0,8,AI-positive country-years resolved for both codes,0.0,,0.375,0.0,False
2020,AI_GLOBAL_GOVERNANCE,AI_CYBER_SECURITY,0,3,0,8,AI-positive country-years resolved for both codes,0.0,,0.375,0.0,False
2020,AI_GLOBAL_GOVERNANCE,AI_DIGITAL_DIVIDE,0,3,0,8,AI-positive country-years resolved for both codes,0.0,,0.375,0.0,False
2020,AI_GLOBAL_GOVERNANCE,AI_CAPACITY_BUILDING,0,3,0,8,AI-positive country-years resolved for both codes,0.0,,0.375,0.0,False
2020,AI_GLOBAL_GOVERNANCE,AI_DEVELOPMENT_SDGS,1,3,2,7,AI-positive country-years resolved for both codes,0.3333333333333333,0.5,0.42857142857142855,0.2857142857142857,False
2020,AI_GLOBAL_GOVERNANCE,AI_RESOURCE_FOOTPRINT,0,3,0,8,AI-positive country-years resolved for both codes,0.0,,0.375,0.0,False
2020,AI_GLOBAL_GOVERNANCE,AI_ECONOMY_LABOR,0,2,0,7,AI-positive country-years resolved for both codes,0.0,,0.2857142857142857,0.0,False
2020,AI_GLOBAL_GOVERNANCE,AI_YOUTH_EDUCATION,0,3,0,8,AI-positive country-years resolved for both codes,0.0,,0.375,0.0,False
2020,AI_GLOBAL_GOVERNANCE,AI_CHILD_PROTECTION,0,3,0,8,AI-positive country-years resolved for both codes,0.0,,0.375,0.0,False
2020,AI_GLOBAL_GOVERNANCE,AI_NATIONAL_STRATEGY,0,3,1,7,AI-positive country-years resolved for both codes,0.0,0.0,0.42857142857142855,0.14285714285714285,False
2020,AI_GLOBAL_GOVERNANCE,AI_SOVEREIGNTY_CONCENTRATION,1,3,1,7,AI-positive country-years resolved for both codes,0.3333333333333333,1.0,0.42857142857142855,0.14285714285714285,False
2020,AI_GLOBAL_GOVERNANCE,AI_GEOPOLITICAL_RIVALRY,0,2,0,6,AI-positive country-years resolved for both codes,0.0,,0.3333333333333333,0.0,False
2020,AI_GLOBAL_GOVERNANCE,AI_OPPORTUNITY_RISK_DUALITY,0,1,0,5,AI-positive country-years resolved for both codes,0.0,,0.2,0.0,False
2020,AI_GLOBAL_GOVERNANCE,AI_TRANSFORMATIVE_ERA,0,2,1,6,AI-positive country-years resolved for both codes,0.0,0.0,0.3333333333333333,0.16666666666666666,False
2020,AI_GLOBAL_GOVERNANCE,AI_TECH_LIST_MENTION,0,3,2,8,AI-positive country-years resolved for both codes,0.0,0.0,0.375,0.25,False
2020,AI_GLOBAL_GOVERNANCE,AI_THREAT_LIST_MENTION,0,3,0,8,AI-positive country-years resolved for both codes,0.0,,0.375,0.0,False
2020,AI_INCLUSIVE_GOVERNANCE,AI_GOVERNANCE_SKEPTICISM,0,0,0,9,AI-positive country-years resolved for both codes,,,0.0,0.0,False
2020,AI_INCLUSIVE_GOVERNANCE,AI_UN_ROLE,0,0,2,8,AI-positive country-years resolved for both codes,,0.0,0.0,0.25,False
2020,AI_INCLUSIVE_GOVERNANCE,AI_MILITARY_WEAPONS,0,0,0,8,AI-positive country-years resolved for both codes,,,0.0,0.0,False
2020,AI_INCLUSIVE_GOVERNANCE,AI_PEACE_APPLICATIONS,0,0,0,9,AI-positive country-years resolved for both codes,,,0.0,0.0,False
2020,AI_INCLUSIVE_GOVERNANCE,AI_SAFETY_EXISTENTIAL,0,0,0,9,AI-positive country-years resolved for both codes,,,0.0,0.0,False
2020,AI_INCLUSIVE_GOVERNANCE,AI_HUMAN_CONTROL,0,0,0,9,AI-positive country-years resolved for both codes,,,0.0,0.0,False
2020,AI_INCLUSIVE_GOVERNANCE,AI_HUMAN_RIGHTS_ETHICS,0,0,2,6,AI-positive country-years resolved for both codes,,0.0,0.0,0.3333333333333333,False
2020,AI_INCLUSIVE_GOVERNANCE,AI_BIAS_CULTURAL_DIVERSITY,0,0,0,9,AI-positive country-years resolved for both codes,,,0.0,0.0,False
2020,AI_INCLUSIVE_GOVERNANCE,AI_DISINFORMATION,0,0,0,9,AI-positive country-years resolved for both codes,,,0.0,0.0,False
2020,AI_INCLUSIVE_GOVERNANCE,AI_CYBER_SECURITY,0,0,0,9,AI-positive country-years resolved for both codes,,,0.0,0.0,False
2020,AI_INCLUSIVE_GOVERNANCE,AI_DIGITAL_DIVIDE,0,0,0,8,AI-positive country-years resolved for both codes,,,0.0,0.0,False
2020,AI_INCLUSIVE_GOVERNANCE,AI_CAPACITY_BUILDING,0,0,0,9,AI-positive country-years resolved for both codes,,,0.0,0.0,False
2020,AI_INCLUSIVE_GOVERNANCE,AI_DEVELOPMENT_SDGS,0,0,2,7,AI-positive country-years resolved for both codes,,0.0,0.0,0.2857142857142857,False
2020,AI_INCLUSIVE_GOVERNANCE,AI_RESOURCE_FOOTPRINT,0,0,0,9,AI-positive country-years resolved for both codes,,,0.0,0.0,False
2020,AI_INCLUSIVE_GOVERNANCE,AI_ECONOMY_LABOR,0,0,0,8,AI-positive country-years resolved for both codes,,,0.0,0.0,False
2020,AI_INCLUSIVE_GOVERNANCE,AI_YOUTH_EDUCATION,0,0,0,9,AI-positive country-years resolved for both codes,,,0.0,0.0,False
2020,AI_INCLUSIVE_GOVERNANCE,AI_CHILD_PROTECTION,0,0,0,9,AI-positive country-years resolved for both codes,,,0.0,0.0,False
2020,AI_INCLUSIVE_GOVERNANCE,AI_NATIONAL_STRATEGY,0,0,1,8,AI-positive country-years resolved for both codes,,0.0,0.0,0.125,False
2020,AI_INCLUSIVE_GOVERNANCE,AI_SOVEREIGNTY_CONCENTRATION,0,0,1,8,AI-positive country-years resolved for both codes,,0.0,0.0,0.125,False
2020,AI_INCLUSIVE_GOVERNANCE,AI_GEOPOLITICAL_RIVALRY,0,0,0,7,AI-positive country-years resolved for both codes,,,0.0,0.0,False
2020,AI_INCLUSIVE_GOVERNANCE,AI_OPPORTUNITY_RISK_DUALITY,0,0,0,6,AI-positive country-years resolved for both codes,,,0.0,0.0,False
2020,AI_INCLUSIVE_GOVERNANCE,AI_TRANSFORMATIVE_ERA,0,0,1,7,AI-positive country-years resolved for both codes,,0.0,0.0,0.14285714285714285,False
2020,AI_INCLUSIVE_GOVERNANCE,AI_TECH_LIST_MENTION,0,0,2,9,AI-positive country-years resolved for both codes,,0.0,0.0,0.2222222222222222,False
2020,AI_INCLUSIVE_GOVERNANCE,AI_THREAT_LIST_MENTION,0,0,0,9,AI-positive country-years resolved for both codes,,,0.0,0.0,False
2020,AI_GOVERNANCE_SKEPTICISM,AI_UN_ROLE,0,0,2,8,AI-positive country-years resolved for both codes,,0.0,0.0,0.25,False
2020,AI_GOVERNANCE_SKEPTICISM,AI_MILITARY_WEAPONS,0,0,0,8,AI-positive country-years resolved for both codes,,,0.0,0.0,False
2020,AI_GOVERNANCE_SKEPTICISM,AI_PEACE_APPLICATIONS,0,0,0,9,AI-positive country-years resolved for both codes,,,0.0,0.0,False
2020,AI_GOVERNANCE_SKEPTICISM,AI_SAFETY_EXISTENTIAL,0,0,0,9,AI-positive country-years resolved for both codes,,,0.0,0.0,False
2020,AI_GOVERNANCE_SKEPTICISM,AI_HUMAN_CONTROL,0,0,0,9,AI-positive country-years resolved for both codes,,,0.0,0.0,False
2020,AI_GOVERNANCE_SKEPTICISM,AI_HUMAN_RIGHTS_ETHICS,0,0,2,6,AI-positive country-years resolved for both codes,,0.0,0.0,0.3333333333333333,False
2020,AI_GOVERNANCE_SKEPTICISM,AI_BIAS_CULTURAL_DIVERSITY,0,0,0,9,AI-positive country-years resolved for both codes,,,0.0,0.0,False
2020,AI_GOVERNANCE_SKEPTICISM,AI_DISINFORMATION,0,0,0,9,AI-positive country-years resolved for both codes,,,0.0,0.0,False
2020,AI_GOVERNANCE_SKEPTICISM,AI_CYBER_SECURITY,0,0,0,9,AI-positive country-years resolved for both codes,,,0.0,0.0,False
2020,AI_GOVERNANCE_SKEPTICISM,AI_DIGITAL_DIVIDE,0,0,0,8,AI-positive country-years resolved for both codes,,,0.0,0.0,False
2020,AI_GOVERNANCE_SKEPTICISM,AI_CAPACITY_BUILDING,0,0,0,9,AI-positive country-years resolved for both codes,,,0.0,0.0,False
2020,AI_GOVERNANCE_SKEPTICISM,AI_DEVELOPMENT_SDGS,0,0,2,7,AI-positive country-years resolved for both codes,,0.0,0.0,0.2857142857142857,False
2020,AI_GOVERNANCE_SKEPTICISM,AI_RESOURCE_FOOTPRINT,0,0,0,9,AI-positive country-years resolved for both codes,,,0.0,0.0,False
2020,AI_GOVERNANCE_SKEPTICISM,AI_ECONOMY_LABOR,0,0,0,8,AI-positive country-years resolved for both codes,,,0.0,0.0,False
2020,AI_GOVERNANCE_SKEPTICISM,AI_YOUTH_EDUCATION,0,0,0,9,AI-positive country-years resolved for both codes,,,0.0,0.0,False
2020,AI_GOVERNANCE_SKEPTICISM,AI_CHILD_PROTECTION,0,0,0,9,AI-positive country-years resolved for both codes,,,0.0,0.0,False
2020,AI_GOVERNANCE_SKEPTICISM,AI_NATIONAL_STRATEGY,0,0,1,8,AI-positive country-years resolved for both codes,,0.0,0.0,0.125,False
2020,AI_GOVERNANCE_SKEPTICISM,AI_SOVEREIGNTY_CONCENTRATION,0,0,1,8,AI-positive country-years resolved for both codes,,0.0,0.0,0.125,False
2020,AI_GOVERNANCE_SKEPTICISM,AI_GEOPOLITICAL_RIVALRY,0,0,0,7,AI-positive country-years resolved for both codes,,,0.0,0.0,False
2020,AI_GOVERNANCE_SKEPTICISM,AI_OPPORTUNITY_RISK_DUALITY,0,0,0,6,AI-positive country-years resolved for both codes,,,0.0,0.0,False
2020,AI_GOVERNANCE_SKEPTICISM,AI_TRANSFORMATIVE_ERA,0,0,1,7,AI-positive country-years resolved for both codes,,0.0,0.0,0.14285714285714285,False
2020,AI_GOVERNANCE_SKEPTICISM,AI_TECH_LIST_MENTION,0,0,2,9,AI-positive country-years resolved for both codes,,0.0,0.0,0.2222222222222222,False
2020,AI_GOVERNANCE_SKEPTICISM,AI_THREAT_LIST_MENTION,0,0,0,9,AI-positive country-years resolved for both codes,,,0.0,0.0,False
2020,AI_UN_ROLE,AI_MILITARY_WEAPONS,0,2,0,7,AI-positive country-years resolved for both codes,0.0,,0.2857142857142857,0.0,False
2020,AI_UN_ROLE,AI_PEACE_APPLICATIONS,0,2,0,8,AI-positive country-years resolved for both codes,0.0,,0.25,0.0,False
2020,AI_UN_ROLE,AI_SAFETY_EXISTENTIAL,0,2,0,8,AI-positive country-years resolved for both codes,0.0,,0.25,0.0,False
2020,AI_UN_ROLE,AI_HUMAN_CONTROL,0,2,0,8,AI-positive country-years resolved for both codes,0.0,,0.25,0.0,False
2020,AI_UN_ROLE,AI_HUMAN_RIGHTS_ETHICS,0,1,1,5,AI-positive country-years resolved for both codes,0.0,0.0,0.2,0.2,False
2020,AI_UN_ROLE,AI_BIAS_CULTURAL_DIVERSITY,0,2,0,8,AI-positive country-years resolved for both codes,0.0,,0.25,0.0,False
2020,AI_UN_ROLE,AI_DISINFORMATION,0,2,0,8,AI-positive country-years resolved for both codes,0.0,,0.25,0.0,False
2020,AI_UN_ROLE,AI_CYBER_SECURITY,0,2,0,8,AI-positive country-years resolved for both codes,0.0,,0.25,0.0,False
2020,AI_UN_ROLE,AI_DIGITAL_DIVIDE,0,2,0,8,AI-positive country-years resolved for both codes,0.0,,0.25,0.0,False
2020,AI_UN_ROLE,AI_CAPACITY_BUILDING,0,2,0,8,AI-positive country-years resolved for both codes,0.0,,0.25,0.0,False
2020,AI_UN_ROLE,AI_DEVELOPMENT_SDGS,0,2,2,7,AI-positive country-years resolved for both codes,0.0,0.0,0.2857142857142857,0.2857142857142857,False
2020,AI_UN_ROLE,AI_RESOURCE_FOOTPRINT,0,2,0,8,AI-positive country-years resolved for both codes,0.0,,0.25,0.0,False
2020,AI_UN_ROLE,AI_ECONOMY_LABOR,0,1,0,7,AI-positive country-years resolved for both codes,0.0,,0.14285714285714285,0.0,False
2020,AI_UN_ROLE,AI_YOUTH_EDUCATION,0,2,0,8,AI-positive country-years resolved for both codes,0.0,,0.25,0.0,False
2020,AI_UN_ROLE,AI_CHILD_PROTECTION,0,2,0,8,AI-positive country-years resolved for both codes,0.0,,0.25,0.0,False
2020,AI_UN_ROLE,AI_NATIONAL_STRATEGY,1,2,1,7,AI-positive country-years resolved for both codes,0.5,1.0,0.2857142857142857,0.14285714285714285,False
2020,AI_UN_ROLE,AI_SOVEREIGNTY_CONCENTRATION,0,2,1,7,AI-positive country-years resolved for both codes,0.0,0.0,0.2857142857142857,0.14285714285714285,False
2020,AI_UN_ROLE,AI_GEOPOLITICAL_RIVALRY,0,2,0,6,AI-positive country-years resolved for both codes,0.0,,0.3333333333333333,0.0,False
2020,AI_UN_ROLE,AI_OPPORTUNITY_RISK_DUALITY,0,1,0,5,AI-positive country-years resolved for both codes,0.0,,0.2,0.0,False
2020,AI_UN_ROLE,AI_TRANSFORMATIVE_ERA,1,1,1,6,AI-positive country-years resolved for both codes,1.0,1.0,0.16666666666666666,0.16666666666666666,False
2020,AI_UN_ROLE,AI_TECH_LIST_MENTION,0,2,2,8,AI-positive country-years resolved for both codes,0.0,0.0,0.25,0.25,False
2020,AI_UN_ROLE,AI_THREAT_LIST_MENTION,0,2,0,8,AI-positive country-years resolved for both codes,0.0,,0.25,0.0,False
2020,AI_MILITARY_WEAPONS,AI_PEACE_APPLICATIONS,0,0,0,8,AI-positive country-years resolved for both codes,,,0.0,0.0,False
2020,AI_MILITARY_WEAPONS,AI_SAFETY_EXISTENTIAL,0,0,0,8,AI-positive country-years resolved for both codes,,,0.0,0.0,False
2020,AI_MILITARY_WEAPONS,AI_HUMAN_CONTROL,0,0,0,8,AI-positive country-years resolved for both codes,,,0.0,0.0,False
2020,AI_MILITARY_WEAPONS,AI_HUMAN_RIGHTS_ETHICS,0,0,2,6,AI-positive country-years resolved for both codes,,0.0,0.0,0.3333333333333333,False
2020,AI_MILITARY_WEAPONS,AI_BIAS_CULTURAL_DIVERSITY,0,0,0,8,AI-positive country-years resolved for both codes,,,0.0,0.0,False
2020,AI_MILITARY_WEAPONS,AI_DISINFORMATION,0,0,0,8,AI-positive country-years resolved for both codes,,,0.0,0.0,False
2020,AI_MILITARY_WEAPONS,AI_CYBER_SECURITY,0,0,0,8,AI-positive country-years resolved for both codes,,,0.0,0.0,False
2020,AI_MILITARY_WEAPONS,AI_DIGITAL_DIVIDE,0,0,0,7,AI-positive country-years resolved for both codes,,,0.0,0.0,False
2020,AI_MILITARY_WEAPONS,AI_CAPACITY_BUILDING,0,0,0,8,AI-positive country-years resolved for both codes,,,0.0,0.0,False
2020,AI_MILITARY_WEAPONS,AI_DEVELOPMENT_SDGS,0,0,1,6,AI-positive country-years resolved for both codes,,0.0,0.0,0.16666666666666666,False
2020,AI_MILITARY_WEAPONS,AI_RESOURCE_FOOTPRINT,0,0,0,8,AI-positive country-years resolved for both codes,,,0.0,0.0,False
2020,AI_MILITARY_WEAPONS,AI_ECONOMY_LABOR,0,0,0,7,AI-positive country-years resolved for both codes,,,0.0,0.0,False
2020,AI_MILITARY_WEAPONS,AI_YOUTH_EDUCATION,0,0,0,8,AI-positive country-years resolved for both codes,,,0.0,0.0,False
2020,AI_MILITARY_WEAPONS,AI_CHILD_PROTECTION,0,0,0,8,AI-positive country-years resolved for both codes,,,0.0,0.0,False
2020,AI_MILITARY_WEAPONS,AI_NATIONAL_STRATEGY,0,0,1,7,AI-positive country-years resolved for both codes,,0.0,0.0,0.14285714285714285,False
2020,AI_MILITARY_WEAPONS,AI_SOVEREIGNTY_CONCENTRATION,0,0,1,7,AI-positive country-years resolved for both codes,,0.0,0.0,0.14285714285714285,False
2020,AI_MILITARY_WEAPONS,AI_GEOPOLITICAL_RIVALRY,0,0,0,6,AI-positive country-years resolved for both codes,,,0.0,0.0,False
2020,AI_MILITARY_WEAPONS,AI_OPPORTUNITY_RISK_DUALITY,0,0,0,6,AI-positive country-years resolved for both codes,,,0.0,0.0,False
2020,AI_MILITARY_WEAPONS,AI_TRANSFORMATIVE_ERA,0,0,1,6,AI-positive country-years resolved for both codes,,0.0,0.0,0.16666666666666666,False
2020,AI_MILITARY_WEAPONS,AI_TECH_LIST_MENTION,0,0,2,8,AI-positive country-years resolved for both codes,,0.0,0.0,0.25,False
2020,AI_MILITARY_WEAPONS,AI_THREAT_LIST_MENTION,0,0,0,8,AI-positive country-years resolved for both codes,,,0.0,0.0,False
2020,AI_PEACE_APPLICATIONS,AI_SAFETY_EXISTENTIAL,0,0,0,9,AI-positive country-years resolved for both codes,,,0.0,0.0,False
2020,AI_PEACE_APPLICATIONS,AI_HUMAN_CONTROL,0,0,0,9,AI-positive country-years resolved for both codes,,,0.0,0.0,False
2020,AI_PEACE_APPLICATIONS,AI_HUMAN_RIGHTS_ETHICS,0,0,2,6,AI-positive country-years resolved for both codes,,0.0,0.0,0.3333333333333333,False
2020,AI_PEACE_APPLICATIONS,AI_BIAS_CULTURAL_DIVERSITY,0,0,0,9,AI-positive country-years resolved for both codes,,,0.0,0.0,False
2020,AI_PEACE_APPLICATIONS,AI_DISINFORMATION,0,0,0,9,AI-positive country-years resolved for both codes,,,0.0,0.0,False
2020,AI_PEACE_APPLICATIONS,AI_CYBER_SECURITY,0,0,0,9,AI-positive country-years resolved for both codes,,,0.0,0.0,False
2020,AI_PEACE_APPLICATIONS,AI_DIGITAL_DIVIDE,0,0,0,8,AI-positive country-years resolved for both codes,,,0.0,0.0,False
2020,AI_PEACE_APPLICATIONS,AI_CAPACITY_BUILDING,0,0,0,9,AI-positive country-years resolved for both codes,,,0.0,0.0,False
2020,AI_PEACE_APPLICATIONS,AI_DEVELOPMENT_SDGS,0,0,2,7,AI-positive country-years resolved for both codes,,0.0,0.0,0.2857142857142857,False
2020,AI_PEACE_APPLICATIONS,AI_RESOURCE_FOOTPRINT,0,0,0,9,AI-positive country-years resolved for both codes,,,0.0,0.0,False
2020,AI_PEACE_APPLICATIONS,AI_ECONOMY_LABOR,0,0,0,8,AI-positive country-years resolved for both codes,,,0.0,0.0,False
2020,AI_PEACE_APPLICATIONS,AI_YOUTH_EDUCATION,0,0,0,9,AI-positive country-years resolved for both codes,,,0.0,0.0,False
2020,AI_PEACE_APPLICATIONS,AI_CHILD_PROTECTION,0,0,0,9,AI-positive country-years resolved for both codes,,,0.0,0.0,False
2020,AI_PEACE_APPLICATIONS,AI_NATIONAL_STRATEGY,0,0,1,8,AI-positive country-years resolved for both codes,,0.0,0.0,0.125,False
2020,AI_PEACE_APPLICATIONS,AI_SOVEREIGNTY_CONCENTRATION,0,0,1,8,AI-positive country-years resolved for both codes,,0.0,0.0,0.125,False
2020,AI_PEACE_APPLICATIONS,AI_GEOPOLITICAL_RIVALRY,0,0,0,7,AI-positive country-years resolved for both codes,,,0.0,0.0,False
2020,AI_PEACE_APPLICATIONS,AI_OPPORTUNITY_RISK_DUALITY,0,0,0,6,AI-positive country-years resolved for both codes,,,0.0,0.0,False
2020,AI_PEACE_APPLICATIONS,AI_TRANSFORMATIVE_ERA,0,0,1,7,AI-positive country-years resolved for both codes,,0.0,0.0,0.14285714285714285,False
2020,AI_PEACE_APPLICATIONS,AI_TECH_LIST_MENTION,0,0,2,9,AI-positive country-years resolved for both codes,,0.0,0.0,0.2222222222222222,False
2020,AI_PEACE_APPLICATIONS,AI_THREAT_LIST_MENTION,0,0,0,9,AI-positive country-years resolved for both codes,,,0.0,0.0,False
2020,AI_SAFETY_EXISTENTIAL,AI_HUMAN_CONTROL,0,0,0,9,AI-positive country-years resolved for both codes,,,0.0,0.0,False
2020,AI_SAFETY_EXISTENTIAL,AI_HUMAN_RIGHTS_ETHICS,0,0,2,6,AI-positive country-years resolved for both codes,,0.0,0.0,0.3333333333333333,False
2020,AI_SAFETY_EXISTENTIAL,AI_BIAS_CULTURAL_DIVERSITY,0,0,0,9,AI-positive country-years resolved for both codes,,,0.0,0.0,False
2020,AI_SAFETY_EXISTENTIAL,AI_DISINFORMATION,0,0,0,9,AI-positive country-years resolved for both codes,,,0.0,0.0,False
2020,AI_SAFETY_EXISTENTIAL,AI_CYBER_SECURITY,0,0,0,9,AI-positive country-years resolved for both codes,,,0.0,0.0,False
2020,AI_SAFETY_EXISTENTIAL,AI_DIGITAL_DIVIDE,0,0,0,8,AI-positive country-years resolved for both codes,,,0.0,0.0,False
2020,AI_SAFETY_EXISTENTIAL,AI_CAPACITY_BUILDING,0,0,0,9,AI-positive country-years resolved for both codes,,,0.0,0.0,False
2020,AI_SAFETY_EXISTENTIAL,AI_DEVELOPMENT_SDGS,0,0,2,7,AI-positive country-years resolved for both codes,,0.0,0.0,0.2857142857142857,False
2020,AI_SAFETY_EXISTENTIAL,AI_RESOURCE_FOOTPRINT,0,0,0,9,AI-positive country-years resolved for both codes,,,0.0,0.0,False
2020,AI_SAFETY_EXISTENTIAL,AI_ECONOMY_LABOR,0,0,0,8,AI-positive country-years resolved for both codes,,,0.0,0.0,False
2020,AI_SAFETY_EXISTENTIAL,AI_YOUTH_EDUCATION,0,0,0,9,AI-positive country-years resolved for both codes,,,0.0,0.0,False
2020,AI_SAFETY_EXISTENTIAL,AI_CHILD_PROTECTION,0,0,0,9,AI-positive country-years resolved for both codes,,,0.0,0.0,False
2020,AI_SAFETY_EXISTENTIAL,AI_NATIONAL_STRATEGY,0,0,1,8,AI-positive country-years resolved for both codes,,0.0,0.0,0.125,False
2020,AI_SAFETY_EXISTENTIAL,AI_SOVEREIGNTY_CONCENTRATION,0,0,1,8,AI-positive country-years resolved for both codes,,0.0,0.0,0.125,False
2020,AI_SAFETY_EXISTENTIAL,AI_GEOPOLITICAL_RIVALRY,0,0,0,7,AI-positive country-years resolved for both codes,,,0.0,0.0,False
2020,AI_SAFETY_EXISTENTIAL,AI_OPPORTUNITY_RISK_DUALITY,0,0,0,6,AI-positive country-years resolved for both codes,,,0.0,0.0,False
2020,AI_SAFETY_EXISTENTIAL,AI_TRANSFORMATIVE_ERA,0,0,1,7,AI-positive country-years resolved for both codes,,0.0,0.0,0.14285714285714285,False
2020,AI_SAFETY_EXISTENTIAL,AI_TECH_LIST_MENTION,0,0,2,9,AI-positive country-years resolved for both codes,,0.0,0.0,0.2222222222222222,False
2020,AI_SAFETY_EXISTENTIAL,AI_THREAT_LIST_MENTION,0,0,0,9,AI-positive country-years resolved for both codes,,,0.0,0.0,False
2020,AI_HUMAN_CONTROL,AI_HUMAN_RIGHTS_ETHICS,0,0,2,6,AI-positive country-years resolved for both codes,,0.0,0.0,0.3333333333333333,False
2020,AI_HUMAN_CONTROL,AI_BIAS_CULTURAL_DIVERSITY,0,0,0,9,AI-positive country-years resolved for both codes,,,0.0,0.0,False
2020,AI_HUMAN_CONTROL,AI_DISINFORMATION,0,0,0,9,AI-positive country-years resolved for both codes,,,0.0,0.0,False
2020,AI_HUMAN_CONTROL,AI_CYBER_SECURITY,0,0,0,9,AI-positive country-years resolved for both codes,,,0.0,0.0,False
2020,AI_HUMAN_CONTROL,AI_DIGITAL_DIVIDE,0,0,0,8,AI-positive country-years resolved for both codes,,,0.0,0.0,False
2020,AI_HUMAN_CONTROL,AI_CAPACITY_BUILDING,0,0,0,9,AI-positive country-years resolved for both codes,,,0.0,0.0,False
2020,AI_HUMAN_CONTROL,AI_DEVELOPMENT_SDGS,0,0,2,7,AI-positive country-years resolved for both codes,,0.0,0.0,0.2857142857142857,False
2020,AI_HUMAN_CONTROL,AI_RESOURCE_FOOTPRINT,0,0,0,9,AI-positive country-years resolved for both codes,,,0.0,0.0,False
2020,AI_HUMAN_CONTROL,AI_ECONOMY_LABOR,0,0,0,8,AI-positive country-years resolved for both codes,,,0.0,0.0,False
2020,AI_HUMAN_CONTROL,AI_YOUTH_EDUCATION,0,0,0,9,AI-positive country-years resolved for both codes,,,0.0,0.0,False
2020,AI_HUMAN_CONTROL,AI_CHILD_PROTECTION,0,0,0,9,AI-positive country-years resolved for both codes,,,0.0,0.0,False
2020,AI_HUMAN_CONTROL,AI_NATIONAL_STRATEGY,0,0,1,8,AI-positive country-years resolved for both codes,,0.0,0.0,0.125,False
2020,AI_HUMAN_CONTROL,AI_SOVEREIGNTY_CONCENTRATION,0,0,1,8,AI-positive country-years resolved for both codes,,0.0,0.0,0.125,False
2020,AI_HUMAN_CONTROL,AI_GEOPOLITICAL_RIVALRY,0,0,0,7,AI-positive country-years resolved for both codes,,,0.0,0.0,False
2020,AI_HUMAN_CONTROL,AI_OPPORTUNITY_RISK_DUALITY,0,0,0,6,AI-positive country-years resolved for both codes,,,0.0,0.0,False
2020,AI_HUMAN_CONTROL,AI_TRANSFORMATIVE_ERA,0,0,1,7,AI-positive country-years resolved for both codes,,0.0,0.0,0.14285714285714285,False
2020,AI_HUMAN_CONTROL,AI_TECH_LIST_MENTION,0,0,2,9,AI-positive country-years resolved for both codes,,0.0,0.0,0.2222222222222222,False
2020,AI_HUMAN_CONTROL,AI_THREAT_LIST_MENTION,0,0,0,9,AI-positive country-years resolved for both codes,,,0.0,0.0,False
2020,AI_HUMAN_RIGHTS_ETHICS,AI_BIAS_CULTURAL_DIVERSITY,0,2,0,6,AI-positive country-years resolved for both codes,0.0,,0.3333333333333333,0.0,False
2020,AI_HUMAN_RIGHTS_ETHICS,AI_DISINFORMATION,0,2,0,6,AI-positive country-years resolved for both codes,0.0,,0.3333333333333333,0.0,False
2020,AI_HUMAN_RIGHTS_ETHICS,AI_CYBER_SECURITY,0,2,0,6,AI-positive country-years resolved for both codes,0.0,,0.3333333333333333,0.0,False
2020,AI_HUMAN_RIGHTS_ETHICS,AI_DIGITAL_DIVIDE,0,1,0,5,AI-positive country-years resolved for both codes,0.0,,0.2,0.0,False
2020,AI_HUMAN_RIGHTS_ETHICS,AI_CAPACITY_BUILDING,0,2,0,6,AI-positive country-years resolved for both codes,0.0,,0.3333333333333333,0.0,False
2020,AI_HUMAN_RIGHTS_ETHICS,AI_DEVELOPMENT_SDGS,0,0,1,4,AI-positive country-years resolved for both codes,,0.0,0.0,0.25,False
2020,AI_HUMAN_RIGHTS_ETHICS,AI_RESOURCE_FOOTPRINT,0,2,0,6,AI-positive country-years resolved for both codes,0.0,,0.3333333333333333,0.0,False
2020,AI_HUMAN_RIGHTS_ETHICS,AI_ECONOMY_LABOR,0,2,0,5,AI-positive country-years resolved for both codes,0.0,,0.4,0.0,False
2020,AI_HUMAN_RIGHTS_ETHICS,AI_YOUTH_EDUCATION,0,2,0,6,AI-positive country-years resolved for both codes,0.0,,0.3333333333333333,0.0,False
2020,AI_HUMAN_RIGHTS_ETHICS,AI_CHILD_PROTECTION,0,2,0,6,AI-positive country-years resolved for both codes,0.0,,0.3333333333333333,0.0,False
2020,AI_HUMAN_RIGHTS_ETHICS,AI_NATIONAL_STRATEGY,0,2,0,6,AI-positive country-years resolved for both codes,0.0,,0.3333333333333333,0.0,False
2020,AI_HUMAN_RIGHTS_ETHICS,AI_SOVEREIGNTY_CONCENTRATION,0,2,1,6,AI-positive country-years resolved for both codes,0.0,0.0,0.3333333333333333,0.16666666666666666,False
2020,AI_HUMAN_RIGHTS_ETHICS,AI_GEOPOLITICAL_RIVALRY,0,1,0,4,AI-positive country-years resolved for both codes,0.0,,0.25,0.0,False
2020,AI_HUMAN_RIGHTS_ETHICS,AI_OPPORTUNITY_RISK_DUALITY,0,2,0,4,AI-positive country-years resolved for both codes,0.0,,0.5,0.0,False
2020,AI_HUMAN_RIGHTS_ETHICS,AI_TRANSFORMATIVE_ERA,0,2,0,4,AI-positive country-years resolved for both codes,0.0,,0.5,0.0,False
2020,AI_HUMAN_RIGHTS_ETHICS,AI_TECH_LIST_MENTION,0,2,1,6,AI-positive country-years resolved for both codes,0.0,0.0,0.3333333333333333,0.16666666666666666,False
2020,AI_HUMAN_RIGHTS_ETHICS,AI_THREAT_LIST_MENTION,0,2,0,6,AI-positive country-years resolved for both codes,0.0,,0.3333333333333333,0.0,False
2020,AI_BIAS_CULTURAL_DIVERSITY,AI_DISINFORMATION,0,0,0,9,AI-positive country-years resolved for both codes,,,0.0,0.0,False
2020,AI_BIAS_CULTURAL_DIVERSITY,AI_CYBER_SECURITY,0,0,0,9,AI-positive country-years resolved for both codes,,,0.0,0.0,False
2020,AI_BIAS_CULTURAL_DIVERSITY,AI_DIGITAL_DIVIDE,0,0,0,8,AI-positive country-years resolved for both codes,,,0.0,0.0,False
2020,AI_BIAS_CULTURAL_DIVERSITY,AI_CAPACITY_BUILDING,0,0,0,9,AI-positive country-years resolved for both codes,,,0.0,0.0,False
2020,AI_BIAS_CULTURAL_DIVERSITY,AI_DEVELOPMENT_SDGS,0,0,2,7,AI-positive country-years resolved for both codes,,0.0,0.0,0.2857142857142857,False
2020,AI_BIAS_CULTURAL_DIVERSITY,AI_RESOURCE_FOOTPRINT,0,0,0,9,AI-positive country-years resolved for both codes,,,0.0,0.0,False
2020,AI_BIAS_CULTURAL_DIVERSITY,AI_ECONOMY_LABOR,0,0,0,8,AI-positive country-years resolved for both codes,,,0.0,0.0,False
2020,AI_BIAS_CULTURAL_DIVERSITY,AI_YOUTH_EDUCATION,0,0,0,9,AI-positive country-years resolved for both codes,,,0.0,0.0,False
2020,AI_BIAS_CULTURAL_DIVERSITY,AI_CHILD_PROTECTION,0,0,0,9,AI-positive country-years resolved for both codes,,,0.0,0.0,False
2020,AI_BIAS_CULTURAL_DIVERSITY,AI_NATIONAL_STRATEGY,0,0,1,8,AI-positive country-years resolved for both codes,,0.0,0.0,0.125,False
2020,AI_BIAS_CULTURAL_DIVERSITY,AI_SOVEREIGNTY_CONCENTRATION,0,0,1,8,AI-positive country-years resolved for both codes,,0.0,0.0,0.125,False
2020,AI_BIAS_CULTURAL_DIVERSITY,AI_GEOPOLITICAL_RIVALRY,0,0,0,7,AI-positive country-years resolved for both codes,,,0.0,0.0,False
2020,AI_BIAS_CULTURAL_DIVERSITY,AI_OPPORTUNITY_RISK_DUALITY,0,0,0,6,AI-positive country-years resolved for both codes,,,0.0,0.0,False
2020,AI_BIAS_CULTURAL_DIVERSITY,AI_TRANSFORMATIVE_ERA,0,0,1,7,AI-positive country-years resolved for both codes,,0.0,0.0,0.14285714285714285,False
2020,AI_BIAS_CULTURAL_DIVERSITY,AI_TECH_LIST_MENTION,0,0,2,9,AI-positive country-years resolved for both codes,,0.0,0.0,0.2222222222222222,False
2020,AI_BIAS_CULTURAL_DIVERSITY,AI_THREAT_LIST_MENTION,0,0,0,9,AI-positive country-years resolved for both codes,,,0.0,0.0,False
2020,AI_DISINFORMATION,AI_CYBER_SECURITY,0,0,0,9,AI-positive country-years resolved for both codes,,,0.0,0.0,False
2020,AI_DISINFORMATION,AI_DIGITAL_DIVIDE,0,0,0,8,AI-positive country-years resolved for both codes,,,0.0,0.0,False
2020,AI_DISINFORMATION,AI_CAPACITY_BUILDING,0,0,0,9,AI-positive country-years resolved for both codes,,,0.0,0.0,False
2020,AI_DISINFORMATION,AI_DEVELOPMENT_SDGS,0,0,2,7,AI-positive country-years resolved for both codes,,0.0,0.0,0.2857142857142857,False
2020,AI_DISINFORMATION,AI_RESOURCE_FOOTPRINT,0,0,0,9,AI-positive country-years resolved for both codes,,,0.0,0.0,False
2020,AI_DISINFORMATION,AI_ECONOMY_LABOR,0,0,0,8,AI-positive country-years resolved for both codes,,,0.0,0.0,False
2020,AI_DISINFORMATION,AI_YOUTH_EDUCATION,0,0,0,9,AI-positive country-years resolved for both codes,,,0.0,0.0,False
2020,AI_DISINFORMATION,AI_CHILD_PROTECTION,0,0,0,9,AI-positive country-years resolved for both codes,,,0.0,0.0,False
2020,AI_DISINFORMATION,AI_NATIONAL_STRATEGY,0,0,1,8,AI-positive country-years resolved for both codes,,0.0,0.0,0.125,False
2020,AI_DISINFORMATION,AI_SOVEREIGNTY_CONCENTRATION,0,0,1,8,AI-positive country-years resolved for both codes,,0.0,0.0,0.125,False
2020,AI_DISINFORMATION,AI_GEOPOLITICAL_RIVALRY,0,0,0,7,AI-positive country-years resolved for both codes,,,0.0,0.0,False
2020,AI_DISINFORMATION,AI_OPPORTUNITY_RISK_DUALITY,0,0,0,6,AI-positive country-years resolved for both codes,,,0.0,0.0,False
2020,AI_DISINFORMATION,AI_TRANSFORMATIVE_ERA,0,0,1,7,AI-positive country-years resolved for both codes,,0.0,0.0,0.14285714285714285,False
2020,AI_DISINFORMATION,AI_TECH_LIST_MENTION,0,0,2,9,AI-positive country-years resolved for both codes,,0.0,0.0,0.2222222222222222,False
2020,AI_DISINFORMATION,AI_THREAT_LIST_MENTION,0,0,0,9,AI-positive country-years resolved for both codes,,,0.0,0.0,False
2020,AI_CYBER_SECURITY,AI_DIGITAL_DIVIDE,0,0,0,8,AI-positive country-years resolved for both codes,,,0.0,0.0,False
2020,AI_CYBER_SECURITY,AI_CAPACITY_BUILDING,0,0,0,9,AI-positive country-years resolved for both codes,,,0.0,0.0,False
2020,AI_CYBER_SECURITY,AI_DEVELOPMENT_SDGS,0,0,2,7,AI-positive country-years resolved for both codes,,0.0,0.0,0.2857142857142857,False
2020,AI_CYBER_SECURITY,AI_RESOURCE_FOOTPRINT,0,0,0,9,AI-positive country-years resolved for both codes,,,0.0,0.0,False
2020,AI_CYBER_SECURITY,AI_ECONOMY_LABOR,0,0,0,8,AI-positive country-years resolved for both codes,,,0.0,0.0,False
2020,AI_CYBER_SECURITY,AI_YOUTH_EDUCATION,0,0,0,9,AI-positive country-years resolved for both codes,,,0.0,0.0,False
2020,AI_CYBER_SECURITY,AI_CHILD_PROTECTION,0,0,0,9,AI-positive country-years resolved for both codes,,,0.0,0.0,False
2020,AI_CYBER_SECURITY,AI_NATIONAL_STRATEGY,0,0,1,8,AI-positive country-years resolved for both codes,,0.0,0.0,0.125,False
2020,AI_CYBER_SECURITY,AI_SOVEREIGNTY_CONCENTRATION,0,0,1,8,AI-positive country-years resolved for both codes,,0.0,0.0,0.125,False
2020,AI_CYBER_SECURITY,AI_GEOPOLITICAL_RIVALRY,0,0,0,7,AI-positive country-years resolved for both codes,,,0.0,0.0,False
2020,AI_CYBER_SECURITY,AI_OPPORTUNITY_RISK_DUALITY,0,0,0,6,AI-positive country-years resolved for both codes,,,0.0,0.0,False
2020,AI_CYBER_SECURITY,AI_TRANSFORMATIVE_ERA,0,0,1,7,AI-positive country-years resolved for both codes,,0.0,0.0,0.14285714285714285,False
2020,AI_CYBER_SECURITY,AI_TECH_LIST_MENTION,0,0,2,9,AI-positive country-years resolved for both codes,,0.0,0.0,0.2222222222222222,False
2020,AI_CYBER_SECURITY,AI_THREAT_LIST_MENTION,0,0,0,9,AI-positive country-years resolved for both codes,,,0.0,0.0,False
2020,AI_DIGITAL_DIVIDE,AI_CAPACITY_BUILDING,0,0,0,8,AI-positive country-years resolved for both codes,,,0.0,0.0,False
2020,AI_DIGITAL_DIVIDE,AI_DEVELOPMENT_SDGS,0,0,2,7,AI-positive country-years resolved for both codes,,0.0,0.0,0.2857142857142857,False
2020,AI_DIGITAL_DIVIDE,AI_RESOURCE_FOOTPRINT,0,0,0,8,AI-positive country-years resolved for both codes,,,0.0,0.0,False
2020,AI_DIGITAL_DIVIDE,AI_ECONOMY_LABOR,0,0,0,7,AI-positive country-years resolved for both codes,,,0.0,0.0,False
2020,AI_DIGITAL_DIVIDE,AI_YOUTH_EDUCATION,0,0,0,8,AI-positive country-years resolved for both codes,,,0.0,0.0,False
2020,AI_DIGITAL_DIVIDE,AI_CHILD_PROTECTION,0,0,0,8,AI-positive country-years resolved for both codes,,,0.0,0.0,False
2020,AI_DIGITAL_DIVIDE,AI_NATIONAL_STRATEGY,0,0,1,7,AI-positive country-years resolved for both codes,,0.0,0.0,0.14285714285714285,False
2020,AI_DIGITAL_DIVIDE,AI_SOVEREIGNTY_CONCENTRATION,0,0,1,7,AI-positive country-years resolved for both codes,,0.0,0.0,0.14285714285714285,False
2020,AI_DIGITAL_DIVIDE,AI_GEOPOLITICAL_RIVALRY,0,0,0,6,AI-positive country-years resolved for both codes,,,0.0,0.0,False
2020,AI_DIGITAL_DIVIDE,AI_OPPORTUNITY_RISK_DUALITY,0,0,0,5,AI-positive country-years resolved for both codes,,,0.0,0.0,False
2020,AI_DIGITAL_DIVIDE,AI_TRANSFORMATIVE_ERA,0,0,1,6,AI-positive country-years resolved for both codes,,0.0,0.0,0.16666666666666666,False
2020,AI_DIGITAL_DIVIDE,AI_TECH_LIST_MENTION,0,0,2,8,AI-positive country-years resolved for both codes,,0.0,0.0,0.25,False
2020,AI_DIGITAL_DIVIDE,AI_THREAT_LIST_MENTION,0,0,0,8,AI-positive country-years resolved for both codes,,,0.0,0.0,False
2020,AI_CAPACITY_BUILDING,AI_DEVELOPMENT_SDGS,0,0,2,7,AI-positive country-years resolved for both codes,,0.0,0.0,0.2857142857142857,False
2020,AI_CAPACITY_BUILDING,AI_RESOURCE_FOOTPRINT,0,0,0,9,AI-positive country-years resolved for both codes,,,0.0,0.0,False
2020,AI_CAPACITY_BUILDING,AI_ECONOMY_LABOR,0,0,0,8,AI-positive country-years resolved for both codes,,,0.0,0.0,False
2020,AI_CAPACITY_BUILDING,AI_YOUTH_EDUCATION,0,0,0,9,AI-positive country-years resolved for both codes,,,0.0,0.0,False
2020,AI_CAPACITY_BUILDING,AI_CHILD_PROTECTION,0,0,0,9,AI-positive country-years resolved for both codes,,,0.0,0.0,False
2020,AI_CAPACITY_BUILDING,AI_NATIONAL_STRATEGY,0,0,1,8,AI-positive country-years resolved for both codes,,0.0,0.0,0.125,False
2020,AI_CAPACITY_BUILDING,AI_SOVEREIGNTY_CONCENTRATION,0,0,1,8,AI-positive country-years resolved for both codes,,0.0,0.0,0.125,False
2020,AI_CAPACITY_BUILDING,AI_GEOPOLITICAL_RIVALRY,0,0,0,7,AI-positive country-years resolved for both codes,,,0.0,0.0,False
2020,AI_CAPACITY_BUILDING,AI_OPPORTUNITY_RISK_DUALITY,0,0,0,6,AI-positive country-years resolved for both codes,,,0.0,0.0,False
2020,AI_CAPACITY_BUILDING,AI_TRANSFORMATIVE_ERA,0,0,1,7,AI-positive country-years resolved for both codes,,0.0,0.0,0.14285714285714285,False
2020,AI_CAPACITY_BUILDING,AI_TECH_LIST_MENTION,0,0,2,9,AI-positive country-years resolved for both codes,,0.0,0.0,0.2222222222222222,False
2020,AI_CAPACITY_BUILDING,AI_THREAT_LIST_MENTION,0,0,0,9,AI-positive country-years resolved for both codes,,,0.0,0.0,False
2020,AI_DEVELOPMENT_SDGS,AI_RESOURCE_FOOTPRINT,0,2,0,7,AI-positive country-years resolved for both codes,0.0,,0.2857142857142857,0.0,False
2020,AI_DEVELOPMENT_SDGS,AI_ECONOMY_LABOR,0,2,0,6,AI-positive country-years resolved for both codes,0.0,,0.3333333333333333,0.0,False
2020,AI_DEVELOPMENT_SDGS,AI_YOUTH_EDUCATION,0,2,0,7,AI-positive country-years resolved for both codes,0.0,,0.2857142857142857,0.0,False
2020,AI_DEVELOPMENT_SDGS,AI_CHILD_PROTECTION,0,2,0,7,AI-positive country-years resolved for both codes,0.0,,0.2857142857142857,0.0,False
2020,AI_DEVELOPMENT_SDGS,AI_NATIONAL_STRATEGY,0,2,1,6,AI-positive country-years resolved for both codes,0.0,0.0,0.3333333333333333,0.16666666666666666,False
2020,AI_DEVELOPMENT_SDGS,AI_SOVEREIGNTY_CONCENTRATION,0,2,1,6,AI-positive country-years resolved for both codes,0.0,0.0,0.3333333333333333,0.16666666666666666,False
2020,AI_DEVELOPMENT_SDGS,AI_GEOPOLITICAL_RIVALRY,0,2,0,6,AI-positive country-years resolved for both codes,0.0,,0.3333333333333333,0.0,False
2020,AI_DEVELOPMENT_SDGS,AI_OPPORTUNITY_RISK_DUALITY,0,1,0,4,AI-positive country-years resolved for both codes,0.0,,0.25,0.0,False
2020,AI_DEVELOPMENT_SDGS,AI_TRANSFORMATIVE_ERA,0,2,1,5,AI-positive country-years resolved for both codes,0.0,0.0,0.4,0.2,False
2020,AI_DEVELOPMENT_SDGS,AI_TECH_LIST_MENTION,0,2,2,7,AI-positive country-years resolved for both codes,0.0,0.0,0.2857142857142857,0.2857142857142857,False
2020,AI_DEVELOPMENT_SDGS,AI_THREAT_LIST_MENTION,0,2,0,7,AI-positive country-years resolved for both codes,0.0,,0.2857142857142857,0.0,False
2020,AI_RESOURCE_FOOTPRINT,AI_ECONOMY_LABOR,0,0,0,8,AI-positive country-years resolved for both codes,,,0.0,0.0,False
2020,AI_RESOURCE_FOOTPRINT,AI_YOUTH_EDUCATION,0,0,0,9,AI-positive country-years resolved for both codes,,,0.0,0.0,False
2020,AI_RESOURCE_FOOTPRINT,AI_CHILD_PROTECTION,0,0,0,9,AI-positive country-years resolved for both codes,,,0.0,0.0,False
2020,AI_RESOURCE_FOOTPRINT,AI_NATIONAL_STRATEGY,0,0,1,8,AI-positive country-years resolved for both codes,,0.0,0.0,0.125,False
2020,AI_RESOURCE_FOOTPRINT,AI_SOVEREIGNTY_CONCENTRATION,0,0,1,8,AI-positive country-years resolved for both codes,,0.0,0.0,0.125,False
2020,AI_RESOURCE_FOOTPRINT,AI_GEOPOLITICAL_RIVALRY,0,0,0,7,AI-positive country-years resolved for both codes,,,0.0,0.0,False
2020,AI_RESOURCE_FOOTPRINT,AI_OPPORTUNITY_RISK_DUALITY,0,0,0,6,AI-positive country-years resolved for both codes,,,0.0,0.0,False
2020,AI_RESOURCE_FOOTPRINT,AI_TRANSFORMATIVE_ERA,0,0,1,7,AI-positive country-years resolved for both codes,,0.0,0.0,0.14285714285714285,False
2020,AI_RESOURCE_FOOTPRINT,AI_TECH_LIST_MENTION,0,0,2,9,AI-positive country-years resolved for both codes,,0.0,0.0,0.2222222222222222,False
2020,AI_RESOURCE_FOOTPRINT,AI_THREAT_LIST_MENTION,0,0,0,9,AI-positive country-years resolved for both codes,,,0.0,0.0,False
2020,AI_ECONOMY_LABOR,AI_YOUTH_EDUCATION,0,0,0,8,AI-positive country-years resolved for both codes,,,0.0,0.0,False
2020,AI_ECONOMY_LABOR,AI_CHILD_PROTECTION,0,0,0,8,AI-positive country-years resolved for both codes,,,0.0,0.0,False
2020,AI_ECONOMY_LABOR,AI_NATIONAL_STRATEGY,0,0,1,7,AI-positive country-years resolved for both codes,,0.0,0.0,0.14285714285714285,False
2020,AI_ECONOMY_LABOR,AI_SOVEREIGNTY_CONCENTRATION,0,0,1,7,AI-positive country-years resolved for both codes,,0.0,0.0,0.14285714285714285,False
2020,AI_ECONOMY_LABOR,AI_GEOPOLITICAL_RIVALRY,0,0,0,6,AI-positive country-years resolved for both codes,,,0.0,0.0,False
2020,AI_ECONOMY_LABOR,AI_OPPORTUNITY_RISK_DUALITY,0,0,0,6,AI-positive country-years resolved for both codes,,,0.0,0.0,False
2020,AI_ECONOMY_LABOR,AI_TRANSFORMATIVE_ERA,0,0,1,7,AI-positive country-years resolved for both codes,,0.0,0.0,0.14285714285714285,False
2020,AI_ECONOMY_LABOR,AI_TECH_LIST_MENTION,0,0,2,8,AI-positive country-years resolved for both codes,,0.0,0.0,0.25,False
2020,AI_ECONOMY_LABOR,AI_THREAT_LIST_MENTION,0,0,0,8,AI-positive country-years resolved for both codes,,,0.0,0.0,False
2020,AI_YOUTH_EDUCATION,AI_CHILD_PROTECTION,0,0,0,9,AI-positive country-years resolved for both codes,,,0.0,0.0,False
2020,AI_YOUTH_EDUCATION,AI_NATIONAL_STRATEGY,0,0,1,8,AI-positive country-years resolved for both codes,,0.0,0.0,0.125,False
2020,AI_YOUTH_EDUCATION,AI_SOVEREIGNTY_CONCENTRATION,0,0,1,8,AI-positive country-years resolved for both codes,,0.0,0.0,0.125,False
2020,AI_YOUTH_EDUCATION,AI_GEOPOLITICAL_RIVALRY,0,0,0,7,AI-positive country-years resolved for both codes,,,0.0,0.0,False
2020,AI_YOUTH_EDUCATION,AI_OPPORTUNITY_RISK_DUALITY,0,0,0,6,AI-positive country-years resolved for both codes,,,0.0,0.0,False
2020,AI_YOUTH_EDUCATION,AI_TRANSFORMATIVE_ERA,0,0,1,7,AI-positive country-years resolved for both codes,,0.0,0.0,0.14285714285714285,False
2020,AI_YOUTH_EDUCATION,AI_TECH_LIST_MENTION,0,0,2,9,AI-positive country-years resolved for both codes,,0.0,0.0,0.2222222222222222,False
2020,AI_YOUTH_EDUCATION,AI_THREAT_LIST_MENTION,0,0,0,9,AI-positive country-years resolved for both codes,,,0.0,0.0,False
2020,AI_CHILD_PROTECTION,AI_NATIONAL_STRATEGY,0,0,1,8,AI-positive country-years resolved for both codes,,0.0,0.0,0.125,False
2020,AI_CHILD_PROTECTION,AI_SOVEREIGNTY_CONCENTRATION,0,0,1,8,AI-positive country-years resolved for both codes,,0.0,0.0,0.125,False
2020,AI_CHILD_PROTECTION,AI_GEOPOLITICAL_RIVALRY,0,0,0,7,AI-positive country-years resolved for both codes,,,0.0,0.0,False
2020,AI_CHILD_PROTECTION,AI_OPPORTUNITY_RISK_DUALITY,0,0,0,6,AI-positive country-years resolved for both codes,,,0.0,0.0,False
2020,AI_CHILD_PROTECTION,AI_TRANSFORMATIVE_ERA,0,0,1,7,AI-positive country-years resolved for both codes,,0.0,0.0,0.14285714285714285,False
2020,AI_CHILD_PROTECTION,AI_TECH_LIST_MENTION,0,0,2,9,AI-positive country-years resolved for both codes,,0.0,0.0,0.2222222222222222,False
2020,AI_CHILD_PROTECTION,AI_THREAT_LIST_MENTION,0,0,0,9,AI-positive country-years resolved for both codes,,,0.0,0.0,False
2020,AI_NATIONAL_STRATEGY,AI_SOVEREIGNTY_CONCENTRATION,0,1,1,8,AI-positive country-years resolved for both codes,0.0,0.0,0.125,0.125,False
2020,AI_NATIONAL_STRATEGY,AI_GEOPOLITICAL_RIVALRY,0,1,0,6,AI-positive country-years resolved for both codes,0.0,,0.16666666666666666,0.0,False
2020,AI_NATIONAL_STRATEGY,AI_OPPORTUNITY_RISK_DUALITY,0,1,0,5,AI-positive country-years resolved for both codes,0.0,,0.2,0.0,False
2020,AI_NATIONAL_STRATEGY,AI_TRANSFORMATIVE_ERA,1,1,1,6,AI-positive country-years resolved for both codes,1.0,1.0,0.16666666666666666,0.16666666666666666,False
2020,AI_NATIONAL_STRATEGY,AI_TECH_LIST_MENTION,0,1,1,8,AI-positive country-years resolved for both codes,0.0,0.0,0.125,0.125,False
2020,AI_NATIONAL_STRATEGY,AI_THREAT_LIST_MENTION,0,1,0,8,AI-positive country-years resolved for both codes,0.0,,0.125,0.0,False
2020,AI_SOVEREIGNTY_CONCENTRATION,AI_GEOPOLITICAL_RIVALRY,0,0,0,6,AI-positive country-years resolved for both codes,,,0.0,0.0,False
2020,AI_SOVEREIGNTY_CONCENTRATION,AI_OPPORTUNITY_RISK_DUALITY,0,1,0,5,AI-positive country-years resolved for both codes,0.0,,0.2,0.0,False
2020,AI_SOVEREIGNTY_CONCENTRATION,AI_TRANSFORMATIVE_ERA,0,1,1,6,AI-positive country-years resolved for both codes,0.0,0.0,0.16666666666666666,0.16666666666666666,False
2020,AI_SOVEREIGNTY_CONCENTRATION,AI_TECH_LIST_MENTION,0,1,1,8,AI-positive country-years resolved for both codes,0.0,0.0,0.125,0.125,False
2020,AI_SOVEREIGNTY_CONCENTRATION,AI_THREAT_LIST_MENTION,0,1,0,8,AI-positive country-years resolved for both codes,0.0,,0.125,0.0,False
2020,AI_GEOPOLITICAL_RIVALRY,AI_OPPORTUNITY_RISK_DUALITY,0,0,0,4,AI-positive country-years resolved for both codes,,,0.0,0.0,False
2020,AI_GEOPOLITICAL_RIVALRY,AI_TRANSFORMATIVE_ERA,0,0,1,5,AI-positive country-years resolved for both codes,,0.0,0.0,0.2,False
2020,AI_GEOPOLITICAL_RIVALRY,AI_TECH_LIST_MENTION,0,0,2,7,AI-positive country-years resolved for both codes,,0.0,0.0,0.2857142857142857,False
2020,AI_GEOPOLITICAL_RIVALRY,AI_THREAT_LIST_MENTION,0,0,0,7,AI-positive country-years resolved for both codes,,,0.0,0.0,False
2020,AI_OPPORTUNITY_RISK_DUALITY,AI_TRANSFORMATIVE_ERA,0,0,1,6,AI-positive country-years resolved for both codes,,0.0,0.0,0.16666666666666666,False
2020,AI_OPPORTUNITY_RISK_DUALITY,AI_TECH_LIST_MENTION,0,0,1,6,AI-positive country-years resolved for both codes,,0.0,0.0,0.16666666666666666,False
2020,AI_OPPORTUNITY_RISK_DUALITY,AI_THREAT_LIST_MENTION,0,0,0,6,AI-positive country-years resolved for both codes,,,0.0,0.0,False
2020,AI_TRANSFORMATIVE_ERA,AI_TECH_LIST_MENTION,0,1,1,7,AI-positive country-years resolved for both codes,0.0,0.0,0.14285714285714285,0.14285714285714285,False
2020,AI_TRANSFORMATIVE_ERA,AI_THREAT_LIST_MENTION,0,1,0,7,AI-positive country-years resolved for both codes,0.0,,0.14285714285714285,0.0,False
2020,AI_TECH_LIST_MENTION,AI_THREAT_LIST_MENTION,0,2,0,9,AI-positive country-years resolved for both codes,0.0,,0.2222222222222222,0.0,False
2021,AI_GLOBAL_GOVERNANCE,AI_INCLUSIVE_GOVERNANCE,0,1,0,4,AI-positive country-years resolved for both codes,0.0,,0.25,0.0,False
2021,AI_GLOBAL_GOVERNANCE,AI_GOVERNANCE_SKEPTICISM,0,1,0,4,AI-positive country-years resolved for both codes,0.0,,0.25,0.0,False
2021,AI_GLOBAL_GOVERNANCE,AI_UN_ROLE,0,1,1,4,AI-positive country-years resolved for both codes,0.0,0.0,0.25,0.25,False
2021,AI_GLOBAL_GOVERNANCE,AI_MILITARY_WEAPONS,0,1,0,4,AI-positive country-years resolved for both codes,0.0,,0.25,0.0,False
2021,AI_GLOBAL_GOVERNANCE,AI_PEACE_APPLICATIONS,0,1,0,4,AI-positive country-years resolved for both codes,0.0,,0.25,0.0,False
2021,AI_GLOBAL_GOVERNANCE,AI_SAFETY_EXISTENTIAL,0,1,0,4,AI-positive country-years resolved for both codes,0.0,,0.25,0.0,False
2021,AI_GLOBAL_GOVERNANCE,AI_HUMAN_CONTROL,1,1,1,4,AI-positive country-years resolved for both codes,1.0,1.0,0.25,0.25,False
2021,AI_GLOBAL_GOVERNANCE,AI_HUMAN_RIGHTS_ETHICS,1,1,1,4,AI-positive country-years resolved for both codes,1.0,1.0,0.25,0.25,False
2021,AI_GLOBAL_GOVERNANCE,AI_BIAS_CULTURAL_DIVERSITY,1,1,1,4,AI-positive country-years resolved for both codes,1.0,1.0,0.25,0.25,False
2021,AI_GLOBAL_GOVERNANCE,AI_DISINFORMATION,1,1,1,4,AI-positive country-years resolved for both codes,1.0,1.0,0.25,0.25,False
2021,AI_GLOBAL_GOVERNANCE,AI_CYBER_SECURITY,0,0,0,3,AI-positive country-years resolved for both codes,,,0.0,0.0,False
2021,AI_GLOBAL_GOVERNANCE,AI_DIGITAL_DIVIDE,0,0,0,3,AI-positive country-years resolved for both codes,,,0.0,0.0,False
2021,AI_GLOBAL_GOVERNANCE,AI_CAPACITY_BUILDING,0,1,0,4,AI-positive country-years resolved for both codes,0.0,,0.25,0.0,False
2021,AI_GLOBAL_GOVERNANCE,AI_DEVELOPMENT_SDGS,0,1,1,2,AI-positive country-years resolved for both codes,0.0,0.0,0.5,0.5,False
2021,AI_GLOBAL_GOVERNANCE,AI_RESOURCE_FOOTPRINT,0,1,0,4,AI-positive country-years resolved for both codes,0.0,,0.25,0.0,False
2021,AI_GLOBAL_GOVERNANCE,AI_ECONOMY_LABOR,0,1,0,4,AI-positive country-years resolved for both codes,0.0,,0.25,0.0,False
2021,AI_GLOBAL_GOVERNANCE,AI_YOUTH_EDUCATION,0,1,0,4,AI-positive country-years resolved for both codes,0.0,,0.25,0.0,False
2021,AI_GLOBAL_GOVERNANCE,AI_CHILD_PROTECTION,0,1,0,4,AI-positive country-years resolved for both codes,0.0,,0.25,0.0,False
2021,AI_GLOBAL_GOVERNANCE,AI_NATIONAL_STRATEGY,1,1,2,4,AI-positive country-years resolved for both codes,1.0,0.5,0.25,0.5,False
2021,AI_GLOBAL_GOVERNANCE,AI_SOVEREIGNTY_CONCENTRATION,0,1,0,4,AI-positive country-years resolved for both codes,0.0,,0.25,0.0,False
2021,AI_GLOBAL_GOVERNANCE,AI_GEOPOLITICAL_RIVALRY,0,1,0,4,AI-positive country-years resolved for both codes,0.0,,0.25,0.0,False
2021,AI_GLOBAL_GOVERNANCE,AI_OPPORTUNITY_RISK_DUALITY,1,1,1,4,AI-positive country-years resolved for both codes,1.0,1.0,0.25,0.25,False
2021,AI_GLOBAL_GOVERNANCE,AI_TRANSFORMATIVE_ERA,0,1,0,4,AI-positive country-years resolved for both codes,0.0,,0.25,0.0,False
2021,AI_GLOBAL_GOVERNANCE,AI_TECH_LIST_MENTION,0,1,1,4,AI-positive country-years resolved for both codes,0.0,0.0,0.25,0.25,False
2021,AI_GLOBAL_GOVERNANCE,AI_THREAT_LIST_MENTION,0,1,0,4,AI-positive country-years resolved for both codes,0.0,,0.25,0.0,False
2021,AI_INCLUSIVE_GOVERNANCE,AI_GOVERNANCE_SKEPTICISM,0,0,0,7,AI-positive country-years resolved for both codes,,,0.0,0.0,False
2021,AI_INCLUSIVE_GOVERNANCE,AI_UN_ROLE,0,0,1,7,AI-positive country-years resolved for both codes,,0.0,0.0,0.14285714285714285,False
2021,AI_INCLUSIVE_GOVERNANCE,AI_MILITARY_WEAPONS,0,0,1,7,AI-positive country-years resolved for both codes,,0.0,0.0,0.14285714285714285,False
2021,AI_INCLUSIVE_GOVERNANCE,AI_PEACE_APPLICATIONS,0,0,0,7,AI-positive country-years resolved for both codes,,,0.0,0.0,False
2021,AI_INCLUSIVE_GOVERNANCE,AI_SAFETY_EXISTENTIAL,0,0,0,7,AI-positive country-years resolved for both codes,,,0.0,0.0,False
2021,AI_INCLUSIVE_GOVERNANCE,AI_HUMAN_CONTROL,0,0,1,6,AI-positive country-years resolved for both codes,,0.0,0.0,0.16666666666666666,False
2021,AI_INCLUSIVE_GOVERNANCE,AI_HUMAN_RIGHTS_ETHICS,0,0,4,7,AI-positive country-years resolved for both codes,,0.0,0.0,0.5714285714285714,False
2021,AI_INCLUSIVE_GOVERNANCE,AI_BIAS_CULTURAL_DIVERSITY,0,0,1,6,AI-positive country-years resolved for both codes,,0.0,0.0,0.16666666666666666,False
2021,AI_INCLUSIVE_GOVERNANCE,AI_DISINFORMATION,0,0,1,6,AI-positive country-years resolved for both codes,,0.0,0.0,0.16666666666666666,False
2021,AI_INCLUSIVE_GOVERNANCE,AI_CYBER_SECURITY,0,0,0,6,AI-positive country-years resolved for both codes,,,0.0,0.0,False
2021,AI_INCLUSIVE_GOVERNANCE,AI_DIGITAL_DIVIDE,0,0,0,5,AI-positive country-years resolved for both codes,,,0.0,0.0,False
2021,AI_INCLUSIVE_GOVERNANCE,AI_CAPACITY_BUILDING,0,0,0,7,AI-positive country-years resolved for both codes,,,0.0,0.0,False
2021,AI_INCLUSIVE_GOVERNANCE,AI_DEVELOPMENT_SDGS,0,0,1,5,AI-positive country-years resolved for both codes,,0.0,0.0,0.2,False
2021,AI_INCLUSIVE_GOVERNANCE,AI_RESOURCE_FOOTPRINT,0,0,0,7,AI-positive country-years resolved for both codes,,,0.0,0.0,False
2021,AI_INCLUSIVE_GOVERNANCE,AI_ECONOMY_LABOR,0,0,0,7,AI-positive country-years resolved for both codes,,,0.0,0.0,False
2021,AI_INCLUSIVE_GOVERNANCE,AI_YOUTH_EDUCATION,0,0,0,7,AI-positive country-years resolved for both codes,,,0.0,0.0,False
2021,AI_INCLUSIVE_GOVERNANCE,AI_CHILD_PROTECTION,0,0,0,7,AI-positive country-years resolved for both codes,,,0.0,0.0,False
2021,AI_INCLUSIVE_GOVERNANCE,AI_NATIONAL_STRATEGY,0,0,2,7,AI-positive country-years resolved for both codes,,0.0,0.0,0.2857142857142857,False
2021,AI_INCLUSIVE_GOVERNANCE,AI_SOVEREIGNTY_CONCENTRATION,0,0,0,7,AI-positive country-years resolved for both codes,,,0.0,0.0,False
2021,AI_INCLUSIVE_GOVERNANCE,AI_GEOPOLITICAL_RIVALRY,0,0,0,5,AI-positive country-years resolved for both codes,,,0.0,0.0,False
2021,AI_INCLUSIVE_GOVERNANCE,AI_OPPORTUNITY_RISK_DUALITY,0,0,2,6,AI-positive country-years resolved for both codes,,0.0,0.0,0.3333333333333333,False
2021,AI_INCLUSIVE_GOVERNANCE,AI_TRANSFORMATIVE_ERA,0,0,1,6,AI-positive country-years resolved for both codes,,0.0,0.0,0.16666666666666666,False
2021,AI_INCLUSIVE_GOVERNANCE,AI_TECH_LIST_MENTION,0,0,1,6,AI-positive country-years resolved for both codes,,0.0,0.0,0.16666666666666666,False
2021,AI_INCLUSIVE_GOVERNANCE,AI_THREAT_LIST_MENTION,0,0,0,7,AI-positive country-years resolved for both codes,,,0.0,0.0,False
2021,AI_GOVERNANCE_SKEPTICISM,AI_UN_ROLE,0,0,1,7,AI-positive country-years resolved for both codes,,0.0,0.0,0.14285714285714285,False
2021,AI_GOVERNANCE_SKEPTICISM,AI_MILITARY_WEAPONS,0,0,1,7,AI-positive country-years resolved for both codes,,0.0,0.0,0.14285714285714285,False
2021,AI_GOVERNANCE_SKEPTICISM,AI_PEACE_APPLICATIONS,0,0,0,7,AI-positive country-years resolved for both codes,,,0.0,0.0,False
2021,AI_GOVERNANCE_SKEPTICISM,AI_SAFETY_EXISTENTIAL,0,0,0,7,AI-positive country-years resolved for both codes,,,0.0,0.0,False
2021,AI_GOVERNANCE_SKEPTICISM,AI_HUMAN_CONTROL,0,0,1,6,AI-positive country-years resolved for both codes,,0.0,0.0,0.16666666666666666,False
2021,AI_GOVERNANCE_SKEPTICISM,AI_HUMAN_RIGHTS_ETHICS,0,0,4,7,AI-positive country-years resolved for both codes,,0.0,0.0,0.5714285714285714,False
2021,AI_GOVERNANCE_SKEPTICISM,AI_BIAS_CULTURAL_DIVERSITY,0,0,1,6,AI-positive country-years resolved for both codes,,0.0,0.0,0.16666666666666666,False
2021,AI_GOVERNANCE_SKEPTICISM,AI_DISINFORMATION,0,0,1,6,AI-positive country-years resolved for both codes,,0.0,0.0,0.16666666666666666,False
2021,AI_GOVERNANCE_SKEPTICISM,AI_CYBER_SECURITY,0,0,0,6,AI-positive country-years resolved for both codes,,,0.0,0.0,False
2021,AI_GOVERNANCE_SKEPTICISM,AI_DIGITAL_DIVIDE,0,0,0,5,AI-positive country-years resolved for both codes,,,0.0,0.0,False
2021,AI_GOVERNANCE_SKEPTICISM,AI_CAPACITY_BUILDING,0,0,0,7,AI-positive country-years resolved for both codes,,,0.0,0.0,False
2021,AI_GOVERNANCE_SKEPTICISM,AI_DEVELOPMENT_SDGS,0,0,1,5,AI-positive country-years resolved for both codes,,0.0,0.0,0.2,False
2021,AI_GOVERNANCE_SKEPTICISM,AI_RESOURCE_FOOTPRINT,0,0,0,7,AI-positive country-years resolved for both codes,,,0.0,0.0,False
2021,AI_GOVERNANCE_SKEPTICISM,AI_ECONOMY_LABOR,0,0,0,7,AI-positive country-years resolved for both codes,,,0.0,0.0,False
2021,AI_GOVERNANCE_SKEPTICISM,AI_YOUTH_EDUCATION,0,0,0,7,AI-positive country-years resolved for both codes,,,0.0,0.0,False
2021,AI_GOVERNANCE_SKEPTICISM,AI_CHILD_PROTECTION,0,0,0,7,AI-positive country-years resolved for both codes,,,0.0,0.0,False
2021,AI_GOVERNANCE_SKEPTICISM,AI_NATIONAL_STRATEGY,0,0,2,7,AI-positive country-years resolved for both codes,,0.0,0.0,0.2857142857142857,False
2021,AI_GOVERNANCE_SKEPTICISM,AI_SOVEREIGNTY_CONCENTRATION,0,0,0,7,AI-positive country-years resolved for both codes,,,0.0,0.0,False
2021,AI_GOVERNANCE_SKEPTICISM,AI_GEOPOLITICAL_RIVALRY,0,0,0,5,AI-positive country-years resolved for both codes,,,0.0,0.0,False
2021,AI_GOVERNANCE_SKEPTICISM,AI_OPPORTUNITY_RISK_DUALITY,0,0,2,6,AI-positive country-years resolved for both codes,,0.0,0.0,0.3333333333333333,False
2021,AI_GOVERNANCE_SKEPTICISM,AI_TRANSFORMATIVE_ERA,0,0,1,6,AI-positive country-years resolved for both codes,,0.0,0.0,0.16666666666666666,False
2021,AI_GOVERNANCE_SKEPTICISM,AI_TECH_LIST_MENTION,0,0,1,6,AI-positive country-years resolved for both codes,,0.0,0.0,0.16666666666666666,False
2021,AI_GOVERNANCE_SKEPTICISM,AI_THREAT_LIST_MENTION,0,0,0,7,AI-positive country-years resolved for both codes,,,0.0,0.0,False
2021,AI_UN_ROLE,AI_MILITARY_WEAPONS,0,1,1,7,AI-positive country-years resolved for both codes,0.0,0.0,0.14285714285714285,0.14285714285714285,False
2021,AI_UN_ROLE,AI_PEACE_APPLICATIONS,0,1,0,7,AI-positive country-years resolved for both codes,0.0,,0.14285714285714285,0.0,False
2021,AI_UN_ROLE,AI_SAFETY_EXISTENTIAL,0,1,0,7,AI-positive country-years resolved for both codes,0.0,,0.14285714285714285,0.0,False
2021,AI_UN_ROLE,AI_HUMAN_CONTROL,0,1,1,6,AI-positive country-years resolved for both codes,0.0,0.0,0.16666666666666666,0.16666666666666666,False
2021,AI_UN_ROLE,AI_HUMAN_RIGHTS_ETHICS,0,1,4,7,AI-positive country-years resolved for both codes,0.0,0.0,0.14285714285714285,0.5714285714285714,False
2021,AI_UN_ROLE,AI_BIAS_CULTURAL_DIVERSITY,0,1,1,6,AI-positive country-years resolved for both codes,0.0,0.0,0.16666666666666666,0.16666666666666666,False
2021,AI_UN_ROLE,AI_DISINFORMATION,0,1,1,6,AI-positive country-years resolved for both codes,0.0,0.0,0.16666666666666666,0.16666666666666666,False
2021,AI_UN_ROLE,AI_CYBER_SECURITY,0,1,0,6,AI-positive country-years resolved for both codes,0.0,,0.16666666666666666,0.0,False
2021,AI_UN_ROLE,AI_DIGITAL_DIVIDE,0,1,0,5,AI-positive country-years resolved for both codes,0.0,,0.2,0.0,False
2021,AI_UN_ROLE,AI_CAPACITY_BUILDING,0,1,0,7,AI-positive country-years resolved for both codes,0.0,,0.14285714285714285,0.0,False
2021,AI_UN_ROLE,AI_DEVELOPMENT_SDGS,0,0,1,5,AI-positive country-years resolved for both codes,,0.0,0.0,0.2,False
2021,AI_UN_ROLE,AI_RESOURCE_FOOTPRINT,0,1,0,7,AI-positive country-years resolved for both codes,0.0,,0.14285714285714285,0.0,False
2021,AI_UN_ROLE,AI_ECONOMY_LABOR,0,1,0,7,AI-positive country-years resolved for both codes,0.0,,0.14285714285714285,0.0,False
2021,AI_UN_ROLE,AI_YOUTH_EDUCATION,0,1,0,7,AI-positive country-years resolved for both codes,0.0,,0.14285714285714285,0.0,False
2021,AI_UN_ROLE,AI_CHILD_PROTECTION,0,1,0,7,AI-positive country-years resolved for both codes,0.0,,0.14285714285714285,0.0,False
2021,AI_UN_ROLE,AI_NATIONAL_STRATEGY,1,1,2,7,AI-positive country-years resolved for both codes,1.0,0.5,0.14285714285714285,0.2857142857142857,False
2021,AI_UN_ROLE,AI_SOVEREIGNTY_CONCENTRATION,0,1,0,7,AI-positive country-years resolved for both codes,0.0,,0.14285714285714285,0.0,False
2021,AI_UN_ROLE,AI_GEOPOLITICAL_RIVALRY,0,1,0,5,AI-positive country-years resolved for both codes,0.0,,0.2,0.0,False
2021,AI_UN_ROLE,AI_OPPORTUNITY_RISK_DUALITY,0,1,2,6,AI-positive country-years resolved for both codes,0.0,0.0,0.16666666666666666,0.3333333333333333,False
2021,AI_UN_ROLE,AI_TRANSFORMATIVE_ERA,0,1,1,6,AI-positive country-years resolved for both codes,0.0,0.0,0.16666666666666666,0.16666666666666666,False
2021,AI_UN_ROLE,AI_TECH_LIST_MENTION,0,1,1,6,AI-positive country-years resolved for both codes,0.0,0.0,0.16666666666666666,0.16666666666666666,False
2021,AI_UN_ROLE,AI_THREAT_LIST_MENTION,0,1,0,7,AI-positive country-years resolved for both codes,0.0,,0.14285714285714285,0.0,False
2021,AI_MILITARY_WEAPONS,AI_PEACE_APPLICATIONS,0,1,0,7,AI-positive country-years resolved for both codes,0.0,,0.14285714285714285,0.0,False
2021,AI_MILITARY_WEAPONS,AI_SAFETY_EXISTENTIAL,0,1,0,7,AI-positive country-years resolved for both codes,0.0,,0.14285714285714285,0.0,False
2021,AI_MILITARY_WEAPONS,AI_HUMAN_CONTROL,0,0,1,6,AI-positive country-years resolved for both codes,,0.0,0.0,0.16666666666666666,False
2021,AI_MILITARY_WEAPONS,AI_HUMAN_RIGHTS_ETHICS,1,1,4,7,AI-positive country-years resolved for both codes,1.0,0.25,0.14285714285714285,0.5714285714285714,False
2021,AI_MILITARY_WEAPONS,AI_BIAS_CULTURAL_DIVERSITY,0,1,1,6,AI-positive country-years resolved for both codes,0.0,0.0,0.16666666666666666,0.16666666666666666,False
2021,AI_MILITARY_WEAPONS,AI_DISINFORMATION,0,1,1,6,AI-positive country-years resolved for both codes,0.0,0.0,0.16666666666666666,0.16666666666666666,False
2021,AI_MILITARY_WEAPONS,AI_CYBER_SECURITY,0,1,0,6,AI-positive country-years resolved for both codes,0.0,,0.16666666666666666,0.0,False
2021,AI_MILITARY_WEAPONS,AI_DIGITAL_DIVIDE,0,0,0,5,AI-positive country-years resolved for both codes,,,0.0,0.0,False
2021,AI_MILITARY_WEAPONS,AI_CAPACITY_BUILDING,0,1,0,7,AI-positive country-years resolved for both codes,0.0,,0.14285714285714285,0.0,False
2021,AI_MILITARY_WEAPONS,AI_DEVELOPMENT_SDGS,0,1,1,5,AI-positive country-years resolved for both codes,0.0,0.0,0.2,0.2,False
2021,AI_MILITARY_WEAPONS,AI_RESOURCE_FOOTPRINT,0,1,0,7,AI-positive country-years resolved for both codes,0.0,,0.14285714285714285,0.0,False
2021,AI_MILITARY_WEAPONS,AI_ECONOMY_LABOR,0,1,0,7,AI-positive country-years resolved for both codes,0.0,,0.14285714285714285,0.0,False
2021,AI_MILITARY_WEAPONS,AI_YOUTH_EDUCATION,0,1,0,7,AI-positive country-years resolved for both codes,0.0,,0.14285714285714285,0.0,False
2021,AI_MILITARY_WEAPONS,AI_CHILD_PROTECTION,0,1,0,7,AI-positive country-years resolved for both codes,0.0,,0.14285714285714285,0.0,False
2021,AI_MILITARY_WEAPONS,AI_NATIONAL_STRATEGY,0,1,2,7,AI-positive country-years resolved for both codes,0.0,0.0,0.14285714285714285,0.2857142857142857,False
2021,AI_MILITARY_WEAPONS,AI_SOVEREIGNTY_CONCENTRATION,0,1,0,7,AI-positive country-years resolved for both codes,0.0,,0.14285714285714285,0.0,False
2021,AI_MILITARY_WEAPONS,AI_GEOPOLITICAL_RIVALRY,0,1,0,5,AI-positive country-years resolved for both codes,0.0,,0.2,0.0,False
2021,AI_MILITARY_WEAPONS,AI_OPPORTUNITY_RISK_DUALITY,0,1,2,6,AI-positive country-years resolved for both codes,0.0,0.0,0.16666666666666666,0.3333333333333333,False
2021,AI_MILITARY_WEAPONS,AI_TRANSFORMATIVE_ERA,1,1,1,6,AI-positive country-years resolved for both codes,1.0,1.0,0.16666666666666666,0.16666666666666666,False
2021,AI_MILITARY_WEAPONS,AI_TECH_LIST_MENTION,0,0,1,6,AI-positive country-years resolved for both codes,,0.0,0.0,0.16666666666666666,False
2021,AI_MILITARY_WEAPONS,AI_THREAT_LIST_MENTION,0,1,0,7,AI-positive country-years resolved for both codes,0.0,,0.14285714285714285,0.0,False
2021,AI_PEACE_APPLICATIONS,AI_SAFETY_EXISTENTIAL,0,0,0,7,AI-positive country-years resolved for both codes,,,0.0,0.0,False
2021,AI_PEACE_APPLICATIONS,AI_HUMAN_CONTROL,0,0,1,6,AI-positive country-years resolved for both codes,,0.0,0.0,0.16666666666666666,False
2021,AI_PEACE_APPLICATIONS,AI_HUMAN_RIGHTS_ETHICS,0,0,4,7,AI-positive country-years resolved for both codes,,0.0,0.0,0.5714285714285714,False
2021,AI_PEACE_APPLICATIONS,AI_BIAS_CULTURAL_DIVERSITY,0,0,1,6,AI-positive country-years resolved for both codes,,0.0,0.0,0.16666666666666666,False
2021,AI_PEACE_APPLICATIONS,AI_DISINFORMATION,0,0,1,6,AI-positive country-years resolved for both codes,,0.0,0.0,0.16666666666666666,False
2021,AI_PEACE_APPLICATIONS,AI_CYBER_SECURITY,0,0,0,6,AI-positive country-years resolved for both codes,,,0.0,0.0,False
2021,AI_PEACE_APPLICATIONS,AI_DIGITAL_DIVIDE,0,0,0,5,AI-positive country-years resolved for both codes,,,0.0,0.0,False
2021,AI_PEACE_APPLICATIONS,AI_CAPACITY_BUILDING,0,0,0,7,AI-positive country-years resolved for both codes,,,0.0,0.0,False
2021,AI_PEACE_APPLICATIONS,AI_DEVELOPMENT_SDGS,0,0,1,5,AI-positive country-years resolved for both codes,,0.0,0.0,0.2,False
2021,AI_PEACE_APPLICATIONS,AI_RESOURCE_FOOTPRINT,0,0,0,7,AI-positive country-years resolved for both codes,,,0.0,0.0,False
2021,AI_PEACE_APPLICATIONS,AI_ECONOMY_LABOR,0,0,0,7,AI-positive country-years resolved for both codes,,,0.0,0.0,False
2021,AI_PEACE_APPLICATIONS,AI_YOUTH_EDUCATION,0,0,0,7,AI-positive country-years resolved for both codes,,,0.0,0.0,False
2021,AI_PEACE_APPLICATIONS,AI_CHILD_PROTECTION,0,0,0,7,AI-positive country-years resolved for both codes,,,0.0,0.0,False
2021,AI_PEACE_APPLICATIONS,AI_NATIONAL_STRATEGY,0,0,2,7,AI-positive country-years resolved for both codes,,0.0,0.0,0.2857142857142857,False
2021,AI_PEACE_APPLICATIONS,AI_SOVEREIGNTY_CONCENTRATION,0,0,0,7,AI-positive country-years resolved for both codes,,,0.0,0.0,False
2021,AI_PEACE_APPLICATIONS,AI_GEOPOLITICAL_RIVALRY,0,0,0,5,AI-positive country-years resolved for both codes,,,0.0,0.0,False
2021,AI_PEACE_APPLICATIONS,AI_OPPORTUNITY_RISK_DUALITY,0,0,2,6,AI-positive country-years resolved for both codes,,0.0,0.0,0.3333333333333333,False
2021,AI_PEACE_APPLICATIONS,AI_TRANSFORMATIVE_ERA,0,0,1,6,AI-positive country-years resolved for both codes,,0.0,0.0,0.16666666666666666,False
2021,AI_PEACE_APPLICATIONS,AI_TECH_LIST_MENTION,0,0,1,6,AI-positive country-years resolved for both codes,,0.0,0.0,0.16666666666666666,False
2021,AI_PEACE_APPLICATIONS,AI_THREAT_LIST_MENTION,0,0,0,7,AI-positive country-years resolved for both codes,,,0.0,0.0,False
2021,AI_SAFETY_EXISTENTIAL,AI_HUMAN_CONTROL,0,0,1,6,AI-positive country-years resolved for both codes,,0.0,0.0,0.16666666666666666,False
2021,AI_SAFETY_EXISTENTIAL,AI_HUMAN_RIGHTS_ETHICS,0,0,4,7,AI-positive country-years resolved for both codes,,0.0,0.0,0.5714285714285714,False
2021,AI_SAFETY_EXISTENTIAL,AI_BIAS_CULTURAL_DIVERSITY,0,0,1,6,AI-positive country-years resolved for both codes,,0.0,0.0,0.16666666666666666,False
2021,AI_SAFETY_EXISTENTIAL,AI_DISINFORMATION,0,0,1,6,AI-positive country-years resolved for both codes,,0.0,0.0,0.16666666666666666,False
2021,AI_SAFETY_EXISTENTIAL,AI_CYBER_SECURITY,0,0,0,6,AI-positive country-years resolved for both codes,,,0.0,0.0,False
2021,AI_SAFETY_EXISTENTIAL,AI_DIGITAL_DIVIDE,0,0,0,5,AI-positive country-years resolved for both codes,,,0.0,0.0,False
2021,AI_SAFETY_EXISTENTIAL,AI_CAPACITY_BUILDING,0,0,0,7,AI-positive country-years resolved for both codes,,,0.0,0.0,False
2021,AI_SAFETY_EXISTENTIAL,AI_DEVELOPMENT_SDGS,0,0,1,5,AI-positive country-years resolved for both codes,,0.0,0.0,0.2,False
2021,AI_SAFETY_EXISTENTIAL,AI_RESOURCE_FOOTPRINT,0,0,0,7,AI-positive country-years resolved for both codes,,,0.0,0.0,False
2021,AI_SAFETY_EXISTENTIAL,AI_ECONOMY_LABOR,0,0,0,7,AI-positive country-years resolved for both codes,,,0.0,0.0,False
2021,AI_SAFETY_EXISTENTIAL,AI_YOUTH_EDUCATION,0,0,0,7,AI-positive country-years resolved for both codes,,,0.0,0.0,False
2021,AI_SAFETY_EXISTENTIAL,AI_CHILD_PROTECTION,0,0,0,7,AI-positive country-years resolved for both codes,,,0.0,0.0,False
2021,AI_SAFETY_EXISTENTIAL,AI_NATIONAL_STRATEGY,0,0,2,7,AI-positive country-years resolved for both codes,,0.0,0.0,0.2857142857142857,False
2021,AI_SAFETY_EXISTENTIAL,AI_SOVEREIGNTY_CONCENTRATION,0,0,0,7,AI-positive country-years resolved for both codes,,,0.0,0.0,False
2021,AI_SAFETY_EXISTENTIAL,AI_GEOPOLITICAL_RIVALRY,0,0,0,5,AI-positive country-years resolved for both codes,,,0.0,0.0,False
2021,AI_SAFETY_EXISTENTIAL,AI_OPPORTUNITY_RISK_DUALITY,0,0,2,6,AI-positive country-years resolved for both codes,,0.0,0.0,0.3333333333333333,False
2021,AI_SAFETY_EXISTENTIAL,AI_TRANSFORMATIVE_ERA,0,0,1,6,AI-positive country-years resolved for both codes,,0.0,0.0,0.16666666666666666,False
2021,AI_SAFETY_EXISTENTIAL,AI_TECH_LIST_MENTION,0,0,1,6,AI-positive country-years resolved for both codes,,0.0,0.0,0.16666666666666666,False
2021,AI_SAFETY_EXISTENTIAL,AI_THREAT_LIST_MENTION,0,0,0,7,AI-positive country-years resolved for both codes,,,0.0,0.0,False
2021,AI_HUMAN_CONTROL,AI_HUMAN_RIGHTS_ETHICS,1,1,3,6,AI-positive country-years resolved for both codes,1.0,0.3333333333333333,0.16666666666666666,0.5,False
2021,AI_HUMAN_CONTROL,AI_BIAS_CULTURAL_DIVERSITY,1,1,1,5,AI-positive country-years resolved for both codes,1.0,1.0,0.2,0.2,False
2021,AI_HUMAN_CONTROL,AI_DISINFORMATION,1,1,1,5,AI-positive country-years resolved for both codes,1.0,1.0,0.2,0.2,False
2021,AI_HUMAN_CONTROL,AI_CYBER_SECURITY,0,0,0,5,AI-positive country-years resolved for both codes,,,0.0,0.0,False
2021,AI_HUMAN_CONTROL,AI_DIGITAL_DIVIDE,0,0,0,5,AI-positive country-years resolved for both codes,,,0.0,0.0,False
2021,AI_HUMAN_CONTROL,AI_CAPACITY_BUILDING,0,1,0,6,AI-positive country-years resolved for both codes,0.0,,0.16666666666666666,0.0,False
2021,AI_HUMAN_CONTROL,AI_DEVELOPMENT_SDGS,0,1,1,4,AI-positive country-years resolved for both codes,0.0,0.0,0.25,0.25,False
2021,AI_HUMAN_CONTROL,AI_RESOURCE_FOOTPRINT,0,1,0,6,AI-positive country-years resolved for both codes,0.0,,0.16666666666666666,0.0,False
2021,AI_HUMAN_CONTROL,AI_ECONOMY_LABOR,0,1,0,6,AI-positive country-years resolved for both codes,0.0,,0.16666666666666666,0.0,False
2021,AI_HUMAN_CONTROL,AI_YOUTH_EDUCATION,0,1,0,6,AI-positive country-years resolved for both codes,0.0,,0.16666666666666666,0.0,False
2021,AI_HUMAN_CONTROL,AI_CHILD_PROTECTION,0,1,0,6,AI-positive country-years resolved for both codes,0.0,,0.16666666666666666,0.0,False
2021,AI_HUMAN_CONTROL,AI_NATIONAL_STRATEGY,1,1,2,6,AI-positive country-years resolved for both codes,1.0,0.5,0.16666666666666666,0.3333333333333333,False
2021,AI_HUMAN_CONTROL,AI_SOVEREIGNTY_CONCENTRATION,0,1,0,6,AI-positive country-years resolved for both codes,0.0,,0.16666666666666666,0.0,False
2021,AI_HUMAN_CONTROL,AI_GEOPOLITICAL_RIVALRY,0,1,0,4,AI-positive country-years resolved for both codes,0.0,,0.25,0.0,False
2021,AI_HUMAN_CONTROL,AI_OPPORTUNITY_RISK_DUALITY,1,1,2,5,AI-positive country-years resolved for both codes,1.0,0.5,0.2,0.4,False
2021,AI_HUMAN_CONTROL,AI_TRANSFORMATIVE_ERA,0,1,0,5,AI-positive country-years resolved for both codes,0.0,,0.2,0.0,False
2021,AI_HUMAN_CONTROL,AI_TECH_LIST_MENTION,0,1,1,6,AI-positive country-years resolved for both codes,0.0,0.0,0.16666666666666666,0.16666666666666666,False
2021,AI_HUMAN_CONTROL,AI_THREAT_LIST_MENTION,0,1,0,6,AI-positive country-years resolved for both codes,0.0,,0.16666666666666666,0.0,False
2021,AI_HUMAN_RIGHTS_ETHICS,AI_BIAS_CULTURAL_DIVERSITY,1,3,1,6,AI-positive country-years resolved for both codes,0.3333333333333333,1.0,0.5,0.16666666666666666,False
2021,AI_HUMAN_RIGHTS_ETHICS,AI_DISINFORMATION,1,3,1,6,AI-positive country-years resolved for both codes,0.3333333333333333,1.0,0.5,0.16666666666666666,False
2021,AI_HUMAN_RIGHTS_ETHICS,AI_CYBER_SECURITY,0,3,0,6,AI-positive country-years resolved for both codes,0.0,,0.5,0.0,False
2021,AI_HUMAN_RIGHTS_ETHICS,AI_DIGITAL_DIVIDE,0,2,0,5,AI-positive country-years resolved for both codes,0.0,,0.4,0.0,False
2021,AI_HUMAN_RIGHTS_ETHICS,AI_CAPACITY_BUILDING,0,4,0,7,AI-positive country-years resolved for both codes,0.0,,0.5714285714285714,0.0,False
2021,AI_HUMAN_RIGHTS_ETHICS,AI_DEVELOPMENT_SDGS,0,4,1,5,AI-positive country-years resolved for both codes,0.0,0.0,0.8,0.2,False
2021,AI_HUMAN_RIGHTS_ETHICS,AI_RESOURCE_FOOTPRINT,0,4,0,7,AI-positive country-years resolved for both codes,0.0,,0.5714285714285714,0.0,False
2021,AI_HUMAN_RIGHTS_ETHICS,AI_ECONOMY_LABOR,0,4,0,7,AI-positive country-years resolved for both codes,0.0,,0.5714285714285714,0.0,False
2021,AI_HUMAN_RIGHTS_ETHICS,AI_YOUTH_EDUCATION,0,4,0,7,AI-positive country-years resolved for both codes,0.0,,0.5714285714285714,0.0,False
2021,AI_HUMAN_RIGHTS_ETHICS,AI_CHILD_PROTECTION,0,4,0,7,AI-positive country-years resolved for both codes,0.0,,0.5714285714285714,0.0,False
2021,AI_HUMAN_RIGHTS_ETHICS,AI_NATIONAL_STRATEGY,1,4,2,7,AI-positive country-years resolved for both codes,0.25,0.5,0.5714285714285714,0.2857142857142857,False
2021,AI_HUMAN_RIGHTS_ETHICS,AI_SOVEREIGNTY_CONCENTRATION,0,4,0,7,AI-positive country-years resolved for both codes,0.0,,0.5714285714285714,0.0,False
2021,AI_HUMAN_RIGHTS_ETHICS,AI_GEOPOLITICAL_RIVALRY,0,2,0,5,AI-positive country-years resolved for both codes,0.0,,0.4,0.0,False
2021,AI_HUMAN_RIGHTS_ETHICS,AI_OPPORTUNITY_RISK_DUALITY,2,3,2,6,AI-positive country-years resolved for both codes,0.6666666666666666,1.0,0.5,0.3333333333333333,False
2021,AI_HUMAN_RIGHTS_ETHICS,AI_TRANSFORMATIVE_ERA,1,3,1,6,AI-positive country-years resolved for both codes,0.3333333333333333,1.0,0.5,0.16666666666666666,False
2021,AI_HUMAN_RIGHTS_ETHICS,AI_TECH_LIST_MENTION,0,3,1,6,AI-positive country-years resolved for both codes,0.0,0.0,0.5,0.16666666666666666,False
2021,AI_HUMAN_RIGHTS_ETHICS,AI_THREAT_LIST_MENTION,0,4,0,7,AI-positive country-years resolved for both codes,0.0,,0.5714285714285714,0.0,False
2021,AI_BIAS_CULTURAL_DIVERSITY,AI_DISINFORMATION,1,1,1,5,AI-positive country-years resolved for both codes,1.0,1.0,0.2,0.2,False
2021,AI_BIAS_CULTURAL_DIVERSITY,AI_CYBER_SECURITY,0,0,0,5,AI-positive country-years resolved for both codes,,,0.0,0.0,False
2021,AI_BIAS_CULTURAL_DIVERSITY,AI_DIGITAL_DIVIDE,0,0,0,4,AI-positive country-years resolved for both codes,,,0.0,0.0,False
2021,AI_BIAS_CULTURAL_DIVERSITY,AI_CAPACITY_BUILDING,0,1,0,6,AI-positive country-years resolved for both codes,0.0,,0.16666666666666666,0.0,False
2021,AI_BIAS_CULTURAL_DIVERSITY,AI_DEVELOPMENT_SDGS,0,1,1,4,AI-positive country-years resolved for both codes,0.0,0.0,0.25,0.25,False
2021,AI_BIAS_CULTURAL_DIVERSITY,AI_RESOURCE_FOOTPRINT,0,1,0,6,AI-positive country-years resolved for both codes,0.0,,0.16666666666666666,0.0,False
2021,AI_BIAS_CULTURAL_DIVERSITY,AI_ECONOMY_LABOR,0,1,0,6,AI-positive country-years resolved for both codes,0.0,,0.16666666666666666,0.0,False
2021,AI_BIAS_CULTURAL_DIVERSITY,AI_YOUTH_EDUCATION,0,1,0,6,AI-positive country-years resolved for both codes,0.0,,0.16666666666666666,0.0,False
2021,AI_BIAS_CULTURAL_DIVERSITY,AI_CHILD_PROTECTION,0,1,0,6,AI-positive country-years resolved for both codes,0.0,,0.16666666666666666,0.0,False
2021,AI_BIAS_CULTURAL_DIVERSITY,AI_NATIONAL_STRATEGY,1,1,2,6,AI-positive country-years resolved for both codes,1.0,0.5,0.16666666666666666,0.3333333333333333,False
2021,AI_BIAS_CULTURAL_DIVERSITY,AI_SOVEREIGNTY_CONCENTRATION,0,1,0,6,AI-positive country-years resolved for both codes,0.0,,0.16666666666666666,0.0,False
2021,AI_BIAS_CULTURAL_DIVERSITY,AI_GEOPOLITICAL_RIVALRY,0,1,0,5,AI-positive country-years resolved for both codes,0.0,,0.2,0.0,False
2021,AI_BIAS_CULTURAL_DIVERSITY,AI_OPPORTUNITY_RISK_DUALITY,1,1,1,5,AI-positive country-years resolved for both codes,1.0,1.0,0.2,0.2,False
2021,AI_BIAS_CULTURAL_DIVERSITY,AI_TRANSFORMATIVE_ERA,0,1,1,6,AI-positive country-years resolved for both codes,0.0,0.0,0.16666666666666666,0.16666666666666666,False
2021,AI_BIAS_CULTURAL_DIVERSITY,AI_TECH_LIST_MENTION,0,1,1,5,AI-positive country-years resolved for both codes,0.0,0.0,0.2,0.2,False
2021,AI_BIAS_CULTURAL_DIVERSITY,AI_THREAT_LIST_MENTION,0,1,0,6,AI-positive country-years resolved for both codes,0.0,,0.16666666666666666,0.0,False
2021,AI_DISINFORMATION,AI_CYBER_SECURITY,0,0,0,5,AI-positive country-years resolved for both codes,,,0.0,0.0,False
2021,AI_DISINFORMATION,AI_DIGITAL_DIVIDE,0,0,0,4,AI-positive country-years resolved for both codes,,,0.0,0.0,False
2021,AI_DISINFORMATION,AI_CAPACITY_BUILDING,0,1,0,6,AI-positive country-years resolved for both codes,0.0,,0.16666666666666666,0.0,False
2021,AI_DISINFORMATION,AI_DEVELOPMENT_SDGS,0,1,1,4,AI-positive country-years resolved for both codes,0.0,0.0,0.25,0.25,False
2021,AI_DISINFORMATION,AI_RESOURCE_FOOTPRINT,0,1,0,6,AI-positive country-years resolved for both codes,0.0,,0.16666666666666666,0.0,False
2021,AI_DISINFORMATION,AI_ECONOMY_LABOR,0,1,0,6,AI-positive country-years resolved for both codes,0.0,,0.16666666666666666,0.0,False
2021,AI_DISINFORMATION,AI_YOUTH_EDUCATION,0,1,0,6,AI-positive country-years resolved for both codes,0.0,,0.16666666666666666,0.0,False
2021,AI_DISINFORMATION,AI_CHILD_PROTECTION,0,1,0,6,AI-positive country-years resolved for both codes,0.0,,0.16666666666666666,0.0,False
2021,AI_DISINFORMATION,AI_NATIONAL_STRATEGY,1,1,2,6,AI-positive country-years resolved for both codes,1.0,0.5,0.16666666666666666,0.3333333333333333,False
2021,AI_DISINFORMATION,AI_SOVEREIGNTY_CONCENTRATION,0,1,0,6,AI-positive country-years resolved for both codes,0.0,,0.16666666666666666,0.0,False
2021,AI_DISINFORMATION,AI_GEOPOLITICAL_RIVALRY,0,1,0,5,AI-positive country-years resolved for both codes,0.0,,0.2,0.0,False
2021,AI_DISINFORMATION,AI_OPPORTUNITY_RISK_DUALITY,1,1,2,6,AI-positive country-years resolved for both codes,1.0,0.5,0.16666666666666666,0.3333333333333333,False
2021,AI_DISINFORMATION,AI_TRANSFORMATIVE_ERA,0,1,1,5,AI-positive country-years resolved for both codes,0.0,0.0,0.2,0.2,False
2021,AI_DISINFORMATION,AI_TECH_LIST_MENTION,0,1,1,5,AI-positive country-years resolved for both codes,0.0,0.0,0.2,0.2,False
2021,AI_DISINFORMATION,AI_THREAT_LIST_MENTION,0,1,0,6,AI-positive country-years resolved for both codes,0.0,,0.16666666666666666,0.0,False
2021,AI_CYBER_SECURITY,AI_DIGITAL_DIVIDE,0,0,0,5,AI-positive country-years resolved for both codes,,,0.0,0.0,False
2021,AI_CYBER_SECURITY,AI_CAPACITY_BUILDING,0,0,0,6,AI-positive country-years resolved for both codes,,,0.0,0.0,False
2021,AI_CYBER_SECURITY,AI_DEVELOPMENT_SDGS,0,0,1,4,AI-positive country-years resolved for both codes,,0.0,0.0,0.25,False
2021,AI_CYBER_SECURITY,AI_RESOURCE_FOOTPRINT,0,0,0,6,AI-positive country-years resolved for both codes,,,0.0,0.0,False
2021,AI_CYBER_SECURITY,AI_ECONOMY_LABOR,0,0,0,6,AI-positive country-years resolved for both codes,,,0.0,0.0,False
2021,AI_CYBER_SECURITY,AI_YOUTH_EDUCATION,0,0,0,6,AI-positive country-years resolved for both codes,,,0.0,0.0,False
2021,AI_CYBER_SECURITY,AI_CHILD_PROTECTION,0,0,0,6,AI-positive country-years resolved for both codes,,,0.0,0.0,False
2021,AI_CYBER_SECURITY,AI_NATIONAL_STRATEGY,0,0,1,6,AI-positive country-years resolved for both codes,,0.0,0.0,0.16666666666666666,False
2021,AI_CYBER_SECURITY,AI_SOVEREIGNTY_CONCENTRATION,0,0,0,6,AI-positive country-years resolved for both codes,,,0.0,0.0,False
2021,AI_CYBER_SECURITY,AI_GEOPOLITICAL_RIVALRY,0,0,0,4,AI-positive country-years resolved for both codes,,,0.0,0.0,False
2021,AI_CYBER_SECURITY,AI_OPPORTUNITY_RISK_DUALITY,0,0,1,5,AI-positive country-years resolved for both codes,,0.0,0.0,0.2,False
2021,AI_CYBER_SECURITY,AI_TRANSFORMATIVE_ERA,0,0,1,5,AI-positive country-years resolved for both codes,,0.0,0.0,0.2,False
2021,AI_CYBER_SECURITY,AI_TECH_LIST_MENTION,0,0,1,5,AI-positive country-years resolved for both codes,,0.0,0.0,0.2,False
2021,AI_CYBER_SECURITY,AI_THREAT_LIST_MENTION,0,0,0,6,AI-positive country-years resolved for both codes,,,0.0,0.0,False
2021,AI_DIGITAL_DIVIDE,AI_CAPACITY_BUILDING,0,0,0,5,AI-positive country-years resolved for both codes,,,0.0,0.0,False
2021,AI_DIGITAL_DIVIDE,AI_DEVELOPMENT_SDGS,0,0,1,3,AI-positive country-years resolved for both codes,,0.0,0.0,0.3333333333333333,False
2021,AI_DIGITAL_DIVIDE,AI_RESOURCE_FOOTPRINT,0,0,0,5,AI-positive country-years resolved for both codes,,,0.0,0.0,False
2021,AI_DIGITAL_DIVIDE,AI_ECONOMY_LABOR,0,0,0,5,AI-positive country-years resolved for both codes,,,0.0,0.0,False
2021,AI_DIGITAL_DIVIDE,AI_YOUTH_EDUCATION,0,0,0,5,AI-positive country-years resolved for both codes,,,0.0,0.0,False
2021,AI_DIGITAL_DIVIDE,AI_CHILD_PROTECTION,0,0,0,5,AI-positive country-years resolved for both codes,,,0.0,0.0,False
2021,AI_DIGITAL_DIVIDE,AI_NATIONAL_STRATEGY,0,0,1,5,AI-positive country-years resolved for both codes,,0.0,0.0,0.2,False
2021,AI_DIGITAL_DIVIDE,AI_SOVEREIGNTY_CONCENTRATION,0,0,0,5,AI-positive country-years resolved for both codes,,,0.0,0.0,False
2021,AI_DIGITAL_DIVIDE,AI_GEOPOLITICAL_RIVALRY,0,0,0,3,AI-positive country-years resolved for both codes,,,0.0,0.0,False
2021,AI_DIGITAL_DIVIDE,AI_OPPORTUNITY_RISK_DUALITY,0,0,1,4,AI-positive country-years resolved for both codes,,0.0,0.0,0.25,False
2021,AI_DIGITAL_DIVIDE,AI_TRANSFORMATIVE_ERA,0,0,0,4,AI-positive country-years resolved for both codes,,,0.0,0.0,False
2021,AI_DIGITAL_DIVIDE,AI_TECH_LIST_MENTION,0,0,1,5,AI-positive country-years resolved for both codes,,0.0,0.0,0.2,False
2021,AI_DIGITAL_DIVIDE,AI_THREAT_LIST_MENTION,0,0,0,5,AI-positive country-years resolved for both codes,,,0.0,0.0,False
2021,AI_CAPACITY_BUILDING,AI_DEVELOPMENT_SDGS,0,0,1,5,AI-positive country-years resolved for both codes,,0.0,0.0,0.2,False
2021,AI_CAPACITY_BUILDING,AI_RESOURCE_FOOTPRINT,0,0,0,7,AI-positive country-years resolved for both codes,,,0.0,0.0,False
2021,AI_CAPACITY_BUILDING,AI_ECONOMY_LABOR,0,0,0,7,AI-positive country-years resolved for both codes,,,0.0,0.0,False
2021,AI_CAPACITY_BUILDING,AI_YOUTH_EDUCATION,0,0,0,7,AI-positive country-years resolved for both codes,,,0.0,0.0,False
2021,AI_CAPACITY_BUILDING,AI_CHILD_PROTECTION,0,0,0,7,AI-positive country-years resolved for both codes,,,0.0,0.0,False
2021,AI_CAPACITY_BUILDING,AI_NATIONAL_STRATEGY,0,0,2,7,AI-positive country-years resolved for both codes,,0.0,0.0,0.2857142857142857,False
2021,AI_CAPACITY_BUILDING,AI_SOVEREIGNTY_CONCENTRATION,0,0,0,7,AI-positive country-years resolved for both codes,,,0.0,0.0,False
2021,AI_CAPACITY_BUILDING,AI_GEOPOLITICAL_RIVALRY,0,0,0,5,AI-positive country-years resolved for both codes,,,0.0,0.0,False
2021,AI_CAPACITY_BUILDING,AI_OPPORTUNITY_RISK_DUALITY,0,0,2,6,AI-positive country-years resolved for both codes,,0.0,0.0,0.3333333333333333,False
2021,AI_CAPACITY_BUILDING,AI_TRANSFORMATIVE_ERA,0,0,1,6,AI-positive country-years resolved for both codes,,0.0,0.0,0.16666666666666666,False
2021,AI_CAPACITY_BUILDING,AI_TECH_LIST_MENTION,0,0,1,6,AI-positive country-years resolved for both codes,,0.0,0.0,0.16666666666666666,False
2021,AI_CAPACITY_BUILDING,AI_THREAT_LIST_MENTION,0,0,0,7,AI-positive country-years resolved for both codes,,,0.0,0.0,False
2021,AI_DEVELOPMENT_SDGS,AI_RESOURCE_FOOTPRINT,0,1,0,5,AI-positive country-years resolved for both codes,0.0,,0.2,0.0,False
2021,AI_DEVELOPMENT_SDGS,AI_ECONOMY_LABOR,0,1,0,5,AI-positive country-years resolved for both codes,0.0,,0.2,0.0,False
2021,AI_DEVELOPMENT_SDGS,AI_YOUTH_EDUCATION,0,1,0,5,AI-positive country-years resolved for both codes,0.0,,0.2,0.0,False
2021,AI_DEVELOPMENT_SDGS,AI_CHILD_PROTECTION,0,1,0,5,AI-positive country-years resolved for both codes,0.0,,0.2,0.0,False
2021,AI_DEVELOPMENT_SDGS,AI_NATIONAL_STRATEGY,0,1,1,5,AI-positive country-years resolved for both codes,0.0,0.0,0.2,0.2,False
2021,AI_DEVELOPMENT_SDGS,AI_SOVEREIGNTY_CONCENTRATION,0,1,0,5,AI-positive country-years resolved for both codes,0.0,,0.2,0.0,False
2021,AI_DEVELOPMENT_SDGS,AI_GEOPOLITICAL_RIVALRY,0,1,0,3,AI-positive country-years resolved for both codes,0.0,,0.3333333333333333,0.0,False
2021,AI_DEVELOPMENT_SDGS,AI_OPPORTUNITY_RISK_DUALITY,0,1,2,4,AI-positive country-years resolved for both codes,0.0,0.0,0.25,0.5,False
2021,AI_DEVELOPMENT_SDGS,AI_TRANSFORMATIVE_ERA,0,1,1,4,AI-positive country-years resolved for both codes,0.0,0.0,0.25,0.25,False
2021,AI_DEVELOPMENT_SDGS,AI_TECH_LIST_MENTION,0,1,0,4,AI-positive country-years resolved for both codes,0.0,,0.25,0.0,False
2021,AI_DEVELOPMENT_SDGS,AI_THREAT_LIST_MENTION,0,1,0,5,AI-positive country-years resolved for both codes,0.0,,0.2,0.0,False
2021,AI_RESOURCE_FOOTPRINT,AI_ECONOMY_LABOR,0,0,0,7,AI-positive country-years resolved for both codes,,,0.0,0.0,False
2021,AI_RESOURCE_FOOTPRINT,AI_YOUTH_EDUCATION,0,0,0,7,AI-positive country-years resolved for both codes,,,0.0,0.0,False
2021,AI_RESOURCE_FOOTPRINT,AI_CHILD_PROTECTION,0,0,0,7,AI-positive country-years resolved for both codes,,,0.0,0.0,False
2021,AI_RESOURCE_FOOTPRINT,AI_NATIONAL_STRATEGY,0,0,2,7,AI-positive country-years resolved for both codes,,0.0,0.0,0.2857142857142857,False
2021,AI_RESOURCE_FOOTPRINT,AI_SOVEREIGNTY_CONCENTRATION,0,0,0,7,AI-positive country-years resolved for both codes,,,0.0,0.0,False
2021,AI_RESOURCE_FOOTPRINT,AI_GEOPOLITICAL_RIVALRY,0,0,0,5,AI-positive country-years resolved for both codes,,,0.0,0.0,False
2021,AI_RESOURCE_FOOTPRINT,AI_OPPORTUNITY_RISK_DUALITY,0,0,2,6,AI-positive country-years resolved for both codes,,0.0,0.0,0.3333333333333333,False
2021,AI_RESOURCE_FOOTPRINT,AI_TRANSFORMATIVE_ERA,0,0,1,6,AI-positive country-years resolved for both codes,,0.0,0.0,0.16666666666666666,False
2021,AI_RESOURCE_FOOTPRINT,AI_TECH_LIST_MENTION,0,0,1,6,AI-positive country-years resolved for both codes,,0.0,0.0,0.16666666666666666,False
2021,AI_RESOURCE_FOOTPRINT,AI_THREAT_LIST_MENTION,0,0,0,7,AI-positive country-years resolved for both codes,,,0.0,0.0,False
2021,AI_ECONOMY_LABOR,AI_YOUTH_EDUCATION,0,0,0,7,AI-positive country-years resolved for both codes,,,0.0,0.0,False
2021,AI_ECONOMY_LABOR,AI_CHILD_PROTECTION,0,0,0,7,AI-positive country-years resolved for both codes,,,0.0,0.0,False
2021,AI_ECONOMY_LABOR,AI_NATIONAL_STRATEGY,0,0,2,7,AI-positive country-years resolved for both codes,,0.0,0.0,0.2857142857142857,False
2021,AI_ECONOMY_LABOR,AI_SOVEREIGNTY_CONCENTRATION,0,0,0,7,AI-positive country-years resolved for both codes,,,0.0,0.0,False
2021,AI_ECONOMY_LABOR,AI_GEOPOLITICAL_RIVALRY,0,0,0,5,AI-positive country-years resolved for both codes,,,0.0,0.0,False
2021,AI_ECONOMY_LABOR,AI_OPPORTUNITY_RISK_DUALITY,0,0,2,6,AI-positive country-years resolved for both codes,,0.0,0.0,0.3333333333333333,False
2021,AI_ECONOMY_LABOR,AI_TRANSFORMATIVE_ERA,0,0,1,6,AI-positive country-years resolved for both codes,,0.0,0.0,0.16666666666666666,False
2021,AI_ECONOMY_LABOR,AI_TECH_LIST_MENTION,0,0,1,6,AI-positive country-years resolved for both codes,,0.0,0.0,0.16666666666666666,False
2021,AI_ECONOMY_LABOR,AI_THREAT_LIST_MENTION,0,0,0,7,AI-positive country-years resolved for both codes,,,0.0,0.0,False
2021,AI_YOUTH_EDUCATION,AI_CHILD_PROTECTION,0,0,0,7,AI-positive country-years resolved for both codes,,,0.0,0.0,False
2021,AI_YOUTH_EDUCATION,AI_NATIONAL_STRATEGY,0,0,2,7,AI-positive country-years resolved for both codes,,0.0,0.0,0.2857142857142857,False
2021,AI_YOUTH_EDUCATION,AI_SOVEREIGNTY_CONCENTRATION,0,0,0,7,AI-positive country-years resolved for both codes,,,0.0,0.0,False
2021,AI_YOUTH_EDUCATION,AI_GEOPOLITICAL_RIVALRY,0,0,0,5,AI-positive country-years resolved for both codes,,,0.0,0.0,False
2021,AI_YOUTH_EDUCATION,AI_OPPORTUNITY_RISK_DUALITY,0,0,2,6,AI-positive country-years resolved for both codes,,0.0,0.0,0.3333333333333333,False
2021,AI_YOUTH_EDUCATION,AI_TRANSFORMATIVE_ERA,0,0,1,6,AI-positive country-years resolved for both codes,,0.0,0.0,0.16666666666666666,False
2021,AI_YOUTH_EDUCATION,AI_TECH_LIST_MENTION,0,0,1,6,AI-positive country-years resolved for both codes,,0.0,0.0,0.16666666666666666,False
2021,AI_YOUTH_EDUCATION,AI_THREAT_LIST_MENTION,0,0,0,7,AI-positive country-years resolved for both codes,,,0.0,0.0,False
2021,AI_CHILD_PROTECTION,AI_NATIONAL_STRATEGY,0,0,2,7,AI-positive country-years resolved for both codes,,0.0,0.0,0.2857142857142857,False
2021,AI_CHILD_PROTECTION,AI_SOVEREIGNTY_CONCENTRATION,0,0,0,7,AI-positive country-years resolved for both codes,,,0.0,0.0,False
2021,AI_CHILD_PROTECTION,AI_GEOPOLITICAL_RIVALRY,0,0,0,5,AI-positive country-years resolved for both codes,,,0.0,0.0,False
2021,AI_CHILD_PROTECTION,AI_OPPORTUNITY_RISK_DUALITY,0,0,2,6,AI-positive country-years resolved for both codes,,0.0,0.0,0.3333333333333333,False
2021,AI_CHILD_PROTECTION,AI_TRANSFORMATIVE_ERA,0,0,1,6,AI-positive country-years resolved for both codes,,0.0,0.0,0.16666666666666666,False
2021,AI_CHILD_PROTECTION,AI_TECH_LIST_MENTION,0,0,1,6,AI-positive country-years resolved for both codes,,0.0,0.0,0.16666666666666666,False
2021,AI_CHILD_PROTECTION,AI_THREAT_LIST_MENTION,0,0,0,7,AI-positive country-years resolved for both codes,,,0.0,0.0,False
2021,AI_NATIONAL_STRATEGY,AI_SOVEREIGNTY_CONCENTRATION,0,2,0,7,AI-positive country-years resolved for both codes,0.0,,0.2857142857142857,0.0,False
2021,AI_NATIONAL_STRATEGY,AI_GEOPOLITICAL_RIVALRY,0,2,0,5,AI-positive country-years resolved for both codes,0.0,,0.4,0.0,False
2021,AI_NATIONAL_STRATEGY,AI_OPPORTUNITY_RISK_DUALITY,1,2,2,6,AI-positive country-years resolved for both codes,0.5,0.5,0.3333333333333333,0.3333333333333333,False
2021,AI_NATIONAL_STRATEGY,AI_TRANSFORMATIVE_ERA,0,2,1,6,AI-positive country-years resolved for both codes,0.0,0.0,0.3333333333333333,0.16666666666666666,False
2021,AI_NATIONAL_STRATEGY,AI_TECH_LIST_MENTION,0,2,1,6,AI-positive country-years resolved for both codes,0.0,0.0,0.3333333333333333,0.16666666666666666,False
2021,AI_NATIONAL_STRATEGY,AI_THREAT_LIST_MENTION,0,2,0,7,AI-positive country-years resolved for both codes,0.0,,0.2857142857142857,0.0,False
2021,AI_SOVEREIGNTY_CONCENTRATION,AI_GEOPOLITICAL_RIVALRY,0,0,0,5,AI-positive country-years resolved for both codes,,,0.0,0.0,False
2021,AI_SOVEREIGNTY_CONCENTRATION,AI_OPPORTUNITY_RISK_DUALITY,0,0,2,6,AI-positive country-years resolved for both codes,,0.0,0.0,0.3333333333333333,False
2021,AI_SOVEREIGNTY_CONCENTRATION,AI_TRANSFORMATIVE_ERA,0,0,1,6,AI-positive country-years resolved for both codes,,0.0,0.0,0.16666666666666666,False
2021,AI_SOVEREIGNTY_CONCENTRATION,AI_TECH_LIST_MENTION,0,0,1,6,AI-positive country-years resolved for both codes,,0.0,0.0,0.16666666666666666,False
2021,AI_SOVEREIGNTY_CONCENTRATION,AI_THREAT_LIST_MENTION,0,0,0,7,AI-positive country-years resolved for both codes,,,0.0,0.0,False
2021,AI_GEOPOLITICAL_RIVALRY,AI_OPPORTUNITY_RISK_DUALITY,0,0,1,5,AI-positive country-years resolved for both codes,,0.0,0.0,0.2,False
2021,AI_GEOPOLITICAL_RIVALRY,AI_TRANSFORMATIVE_ERA,0,0,1,5,AI-positive country-years resolved for both codes,,0.0,0.0,0.2,False
2021,AI_GEOPOLITICAL_RIVALRY,AI_TECH_LIST_MENTION,0,0,1,4,AI-positive country-years resolved for both codes,,0.0,0.0,0.25,False
2021,AI_GEOPOLITICAL_RIVALRY,AI_THREAT_LIST_MENTION,0,0,0,5,AI-positive country-years resolved for both codes,,,0.0,0.0,False
2021,AI_OPPORTUNITY_RISK_DUALITY,AI_TRANSFORMATIVE_ERA,0,1,1,5,AI-positive country-years resolved for both codes,0.0,0.0,0.2,0.2,False
2021,AI_OPPORTUNITY_RISK_DUALITY,AI_TECH_LIST_MENTION,0,2,1,5,AI-positive country-years resolved for both codes,0.0,0.0,0.4,0.2,False
2021,AI_OPPORTUNITY_RISK_DUALITY,AI_THREAT_LIST_MENTION,0,2,0,6,AI-positive country-years resolved for both codes,0.0,,0.3333333333333333,0.0,False
2021,AI_TRANSFORMATIVE_ERA,AI_TECH_LIST_MENTION,0,0,1,5,AI-positive country-years resolved for both codes,,0.0,0.0,0.2,False
2021,AI_TRANSFORMATIVE_ERA,AI_THREAT_LIST_MENTION,0,1,0,6,AI-positive country-years resolved for both codes,0.0,,0.16666666666666666,0.0,False
2021,AI_TECH_LIST_MENTION,AI_THREAT_LIST_MENTION,0,1,0,6,AI-positive country-years resolved for both codes,0.0,,0.16666666666666666,0.0,False
2022,AI_GLOBAL_GOVERNANCE,AI_INCLUSIVE_GOVERNANCE,0,1,0,4,AI-positive country-years resolved for both codes,0.0,,0.25,0.0,False
2022,AI_GLOBAL_GOVERNANCE,AI_GOVERNANCE_SKEPTICISM,0,1,0,4,AI-positive country-years resolved for both codes,0.0,,0.25,0.0,False
2022,AI_GLOBAL_GOVERNANCE,AI_UN_ROLE,0,1,0,4,AI-positive country-years resolved for both codes,0.0,,0.25,0.0,False
2022,AI_GLOBAL_GOVERNANCE,AI_MILITARY_WEAPONS,0,1,0,4,AI-positive country-years resolved for both codes,0.0,,0.25,0.0,False
2022,AI_GLOBAL_GOVERNANCE,AI_PEACE_APPLICATIONS,0,1,0,4,AI-positive country-years resolved for both codes,0.0,,0.25,0.0,False
2022,AI_GLOBAL_GOVERNANCE,AI_SAFETY_EXISTENTIAL,0,1,0,4,AI-positive country-years resolved for both codes,0.0,,0.25,0.0,False
2022,AI_GLOBAL_GOVERNANCE,AI_HUMAN_CONTROL,0,1,0,3,AI-positive country-years resolved for both codes,0.0,,0.3333333333333333,0.0,False
2022,AI_GLOBAL_GOVERNANCE,AI_HUMAN_RIGHTS_ETHICS,0,1,0,3,AI-positive country-years resolved for both codes,0.0,,0.3333333333333333,0.0,False
2022,AI_GLOBAL_GOVERNANCE,AI_BIAS_CULTURAL_DIVERSITY,0,1,0,4,AI-positive country-years resolved for both codes,0.0,,0.25,0.0,False
2022,AI_GLOBAL_GOVERNANCE,AI_DISINFORMATION,1,1,1,4,AI-positive country-years resolved for both codes,1.0,1.0,0.25,0.25,False
2022,AI_GLOBAL_GOVERNANCE,AI_CYBER_SECURITY,1,1,1,4,AI-positive country-years resolved for both codes,1.0,1.0,0.25,0.25,False
2022,AI_GLOBAL_GOVERNANCE,AI_DIGITAL_DIVIDE,0,1,1,4,AI-positive country-years resolved for both codes,0.0,0.0,0.25,0.25,False
2022,AI_GLOBAL_GOVERNANCE,AI_CAPACITY_BUILDING,0,1,0,3,AI-positive country-years resolved for both codes,0.0,,0.3333333333333333,0.0,False
2022,AI_GLOBAL_GOVERNANCE,AI_DEVELOPMENT_SDGS,0,1,0,4,AI-positive country-years resolved for both codes,0.0,,0.25,0.0,False
2022,AI_GLOBAL_GOVERNANCE,AI_RESOURCE_FOOTPRINT,0,1,0,4,AI-positive country-years resolved for both codes,0.0,,0.25,0.0,False
2022,AI_GLOBAL_GOVERNANCE,AI_ECONOMY_LABOR,0,1,0,4,AI-positive country-years resolved for both codes,0.0,,0.25,0.0,False
2022,AI_GLOBAL_GOVERNANCE,AI_YOUTH_EDUCATION,0,1,0,4,AI-positive country-years resolved for both codes,0.0,,0.25,0.0,False
2022,AI_GLOBAL_GOVERNANCE,AI_CHILD_PROTECTION,0,1,0,4,AI-positive country-years resolved for both codes,0.0,,0.25,0.0,False
2022,AI_GLOBAL_GOVERNANCE,AI_NATIONAL_STRATEGY,0,0,0,2,AI-positive country-years resolved for both codes,,,0.0,0.0,False
2022,AI_GLOBAL_GOVERNANCE,AI_SOVEREIGNTY_CONCENTRATION,0,1,0,4,AI-positive country-years resolved for both codes,0.0,,0.25,0.0,False
2022,AI_GLOBAL_GOVERNANCE,AI_GEOPOLITICAL_RIVALRY,0,1,0,4,AI-positive country-years resolved for both codes,0.0,,0.25,0.0,False
2022,AI_GLOBAL_GOVERNANCE,AI_OPPORTUNITY_RISK_DUALITY,0,1,0,4,AI-positive country-years resolved for both codes,0.0,,0.25,0.0,False
2022,AI_GLOBAL_GOVERNANCE,AI_TRANSFORMATIVE_ERA,0,1,0,4,AI-positive country-years resolved for both codes,0.0,,0.25,0.0,False
2022,AI_GLOBAL_GOVERNANCE,AI_TECH_LIST_MENTION,0,1,1,4,AI-positive country-years resolved for both codes,0.0,0.0,0.25,0.25,False
2022,AI_GLOBAL_GOVERNANCE,AI_THREAT_LIST_MENTION,0,1,0,4,AI-positive country-years resolved for both codes,0.0,,0.25,0.0,False
2022,AI_INCLUSIVE_GOVERNANCE,AI_GOVERNANCE_SKEPTICISM,0,0,0,5,AI-positive country-years resolved for both codes,,,0.0,0.0,False
2022,AI_INCLUSIVE_GOVERNANCE,AI_UN_ROLE,0,0,0,5,AI-positive country-years resolved for both codes,,,0.0,0.0,False
2022,AI_INCLUSIVE_GOVERNANCE,AI_MILITARY_WEAPONS,0,0,0,5,AI-positive country-years resolved for both codes,,,0.0,0.0,False
2022,AI_INCLUSIVE_GOVERNANCE,AI_PEACE_APPLICATIONS,0,0,0,5,AI-positive country-years resolved for both codes,,,0.0,0.0,False
2022,AI_INCLUSIVE_GOVERNANCE,AI_SAFETY_EXISTENTIAL,0,0,0,5,AI-positive country-years resolved for both codes,,,0.0,0.0,False
2022,AI_INCLUSIVE_GOVERNANCE,AI_HUMAN_CONTROL,0,0,0,3,AI-positive country-years resolved for both codes,,,0.0,0.0,False
2022,AI_INCLUSIVE_GOVERNANCE,AI_HUMAN_RIGHTS_ETHICS,0,0,1,4,AI-positive country-years resolved for both codes,,0.0,0.0,0.25,False
2022,AI_INCLUSIVE_GOVERNANCE,AI_BIAS_CULTURAL_DIVERSITY,0,0,0,5,AI-positive country-years resolved for both codes,,,0.0,0.0,False
2022,AI_INCLUSIVE_GOVERNANCE,AI_DISINFORMATION,0,0,1,4,AI-positive country-years resolved for both codes,,0.0,0.0,0.25,False
2022,AI_INCLUSIVE_GOVERNANCE,AI_CYBER_SECURITY,0,0,1,5,AI-positive country-years resolved for both codes,,0.0,0.0,0.2,False
2022,AI_INCLUSIVE_GOVERNANCE,AI_DIGITAL_DIVIDE,0,0,1,5,AI-positive country-years resolved for both codes,,0.0,0.0,0.2,False
2022,AI_INCLUSIVE_GOVERNANCE,AI_CAPACITY_BUILDING,0,0,0,4,AI-positive country-years resolved for both codes,,,0.0,0.0,False
2022,AI_INCLUSIVE_GOVERNANCE,AI_DEVELOPMENT_SDGS,0,0,0,5,AI-positive country-years resolved for both codes,,,0.0,0.0,False
2022,AI_INCLUSIVE_GOVERNANCE,AI_RESOURCE_FOOTPRINT,0,0,0,5,AI-positive country-years resolved for both codes,,,0.0,0.0,False
2022,AI_INCLUSIVE_GOVERNANCE,AI_ECONOMY_LABOR,0,0,0,5,AI-positive country-years resolved for both codes,,,0.0,0.0,False
2022,AI_INCLUSIVE_GOVERNANCE,AI_YOUTH_EDUCATION,0,0,0,5,AI-positive country-years resolved for both codes,,,0.0,0.0,False
2022,AI_INCLUSIVE_GOVERNANCE,AI_CHILD_PROTECTION,0,0,0,5,AI-positive country-years resolved for both codes,,,0.0,0.0,False
2022,AI_INCLUSIVE_GOVERNANCE,AI_NATIONAL_STRATEGY,0,0,0,3,AI-positive country-years resolved for both codes,,,0.0,0.0,False
2022,AI_INCLUSIVE_GOVERNANCE,AI_SOVEREIGNTY_CONCENTRATION,0,0,0,5,AI-positive country-years resolved for both codes,,,0.0,0.0,False
2022,AI_INCLUSIVE_GOVERNANCE,AI_GEOPOLITICAL_RIVALRY,0,0,0,5,AI-positive country-years resolved for both codes,,,0.0,0.0,False
2022,AI_INCLUSIVE_GOVERNANCE,AI_OPPORTUNITY_RISK_DUALITY,0,0,0,5,AI-positive country-years resolved for both codes,,,0.0,0.0,False
2022,AI_INCLUSIVE_GOVERNANCE,AI_TRANSFORMATIVE_ERA,0,0,0,5,AI-positive country-years resolved for both codes,,,0.0,0.0,False
2022,AI_INCLUSIVE_GOVERNANCE,AI_TECH_LIST_MENTION,0,0,1,5,AI-positive country-years resolved for both codes,,0.0,0.0,0.2,False
2022,AI_INCLUSIVE_GOVERNANCE,AI_THREAT_LIST_MENTION,0,0,0,5,AI-positive country-years resolved for both codes,,,0.0,0.0,False
2022,AI_GOVERNANCE_SKEPTICISM,AI_UN_ROLE,0,0,0,5,AI-positive country-years resolved for both codes,,,0.0,0.0,False
2022,AI_GOVERNANCE_SKEPTICISM,AI_MILITARY_WEAPONS,0,0,0,5,AI-positive country-years resolved for both codes,,,0.0,0.0,False
2022,AI_GOVERNANCE_SKEPTICISM,AI_PEACE_APPLICATIONS,0,0,0,5,AI-positive country-years resolved for both codes,,,0.0,0.0,False
2022,AI_GOVERNANCE_SKEPTICISM,AI_SAFETY_EXISTENTIAL,0,0,0,5,AI-positive country-years resolved for both codes,,,0.0,0.0,False
2022,AI_GOVERNANCE_SKEPTICISM,AI_HUMAN_CONTROL,0,0,0,3,AI-positive country-years resolved for both codes,,,0.0,0.0,False
2022,AI_GOVERNANCE_SKEPTICISM,AI_HUMAN_RIGHTS_ETHICS,0,0,1,4,AI-positive country-years resolved for both codes,,0.0,0.0,0.25,False
2022,AI_GOVERNANCE_SKEPTICISM,AI_BIAS_CULTURAL_DIVERSITY,0,0,0,5,AI-positive country-years resolved for both codes,,,0.0,0.0,False
2022,AI_GOVERNANCE_SKEPTICISM,AI_DISINFORMATION,0,0,1,4,AI-positive country-years resolved for both codes,,0.0,0.0,0.25,False
2022,AI_GOVERNANCE_SKEPTICISM,AI_CYBER_SECURITY,0,0,1,5,AI-positive country-years resolved for both codes,,0.0,0.0,0.2,False
2022,AI_GOVERNANCE_SKEPTICISM,AI_DIGITAL_DIVIDE,0,0,1,5,AI-positive country-years resolved for both codes,,0.0,0.0,0.2,False
2022,AI_GOVERNANCE_SKEPTICISM,AI_CAPACITY_BUILDING,0,0,0,4,AI-positive country-years resolved for both codes,,,0.0,0.0,False
2022,AI_GOVERNANCE_SKEPTICISM,AI_DEVELOPMENT_SDGS,0,0,0,5,AI-positive country-years resolved for both codes,,,0.0,0.0,False
2022,AI_GOVERNANCE_SKEPTICISM,AI_RESOURCE_FOOTPRINT,0,0,0,5,AI-positive country-years resolved for both codes,,,0.0,0.0,False
2022,AI_GOVERNANCE_SKEPTICISM,AI_ECONOMY_LABOR,0,0,0,5,AI-positive country-years resolved for both codes,,,0.0,0.0,False
2022,AI_GOVERNANCE_SKEPTICISM,AI_YOUTH_EDUCATION,0,0,0,5,AI-positive country-years resolved for both codes,,,0.0,0.0,False
2022,AI_GOVERNANCE_SKEPTICISM,AI_CHILD_PROTECTION,0,0,0,5,AI-positive country-years resolved for both codes,,,0.0,0.0,False
2022,AI_GOVERNANCE_SKEPTICISM,AI_NATIONAL_STRATEGY,0,0,0,3,AI-positive country-years resolved for both codes,,,0.0,0.0,False
2022,AI_GOVERNANCE_SKEPTICISM,AI_SOVEREIGNTY_CONCENTRATION,0,0,0,5,AI-positive country-years resolved for both codes,,,0.0,0.0,False
2022,AI_GOVERNANCE_SKEPTICISM,AI_GEOPOLITICAL_RIVALRY,0,0,0,5,AI-positive country-years resolved for both codes,,,0.0,0.0,False
2022,AI_GOVERNANCE_SKEPTICISM,AI_OPPORTUNITY_RISK_DUALITY,0,0,0,5,AI-positive country-years resolved for both codes,,,0.0,0.0,False
2022,AI_GOVERNANCE_SKEPTICISM,AI_TRANSFORMATIVE_ERA,0,0,0,5,AI-positive country-years resolved for both codes,,,0.0,0.0,False
2022,AI_GOVERNANCE_SKEPTICISM,AI_TECH_LIST_MENTION,0,0,1,5,AI-positive country-years resolved for both codes,,0.0,0.0,0.2,False
2022,AI_GOVERNANCE_SKEPTICISM,AI_THREAT_LIST_MENTION,0,0,0,5,AI-positive country-years resolved for both codes,,,0.0,0.0,False
2022,AI_UN_ROLE,AI_MILITARY_WEAPONS,0,0,0,5,AI-positive country-years resolved for both codes,,,0.0,0.0,False
2022,AI_UN_ROLE,AI_PEACE_APPLICATIONS,0,0,0,5,AI-positive country-years resolved for both codes,,,0.0,0.0,False
2022,AI_UN_ROLE,AI_SAFETY_EXISTENTIAL,0,0,0,5,AI-positive country-years resolved for both codes,,,0.0,0.0,False
2022,AI_UN_ROLE,AI_HUMAN_CONTROL,0,0,0,3,AI-positive country-years resolved for both codes,,,0.0,0.0,False
2022,AI_UN_ROLE,AI_HUMAN_RIGHTS_ETHICS,0,0,1,4,AI-positive country-years resolved for both codes,,0.0,0.0,0.25,False
2022,AI_UN_ROLE,AI_BIAS_CULTURAL_DIVERSITY,0,0,0,5,AI-positive country-years resolved for both codes,,,0.0,0.0,False
2022,AI_UN_ROLE,AI_DISINFORMATION,0,0,1,4,AI-positive country-years resolved for both codes,,0.0,0.0,0.25,False
2022,AI_UN_ROLE,AI_CYBER_SECURITY,0,0,1,5,AI-positive country-years resolved for both codes,,0.0,0.0,0.2,False
2022,AI_UN_ROLE,AI_DIGITAL_DIVIDE,0,0,1,5,AI-positive country-years resolved for both codes,,0.0,0.0,0.2,False
2022,AI_UN_ROLE,AI_CAPACITY_BUILDING,0,0,0,4,AI-positive country-years resolved for both codes,,,0.0,0.0,False
2022,AI_UN_ROLE,AI_DEVELOPMENT_SDGS,0,0,0,5,AI-positive country-years resolved for both codes,,,0.0,0.0,False
2022,AI_UN_ROLE,AI_RESOURCE_FOOTPRINT,0,0,0,5,AI-positive country-years resolved for both codes,,,0.0,0.0,False
2022,AI_UN_ROLE,AI_ECONOMY_LABOR,0,0,0,5,AI-positive country-years resolved for both codes,,,0.0,0.0,False
2022,AI_UN_ROLE,AI_YOUTH_EDUCATION,0,0,0,5,AI-positive country-years resolved for both codes,,,0.0,0.0,False
2022,AI_UN_ROLE,AI_CHILD_PROTECTION,0,0,0,5,AI-positive country-years resolved for both codes,,,0.0,0.0,False
2022,AI_UN_ROLE,AI_NATIONAL_STRATEGY,0,0,0,3,AI-positive country-years resolved for both codes,,,0.0,0.0,False
2022,AI_UN_ROLE,AI_SOVEREIGNTY_CONCENTRATION,0,0,0,5,AI-positive country-years resolved for both codes,,,0.0,0.0,False
2022,AI_UN_ROLE,AI_GEOPOLITICAL_RIVALRY,0,0,0,5,AI-positive country-years resolved for both codes,,,0.0,0.0,False
2022,AI_UN_ROLE,AI_OPPORTUNITY_RISK_DUALITY,0,0,0,5,AI-positive country-years resolved for both codes,,,0.0,0.0,False
2022,AI_UN_ROLE,AI_TRANSFORMATIVE_ERA,0,0,0,5,AI-positive country-years resolved for both codes,,,0.0,0.0,False
2022,AI_UN_ROLE,AI_TECH_LIST_MENTION,0,0,1,5,AI-positive country-years resolved for both codes,,0.0,0.0,0.2,False
2022,AI_UN_ROLE,AI_THREAT_LIST_MENTION,0,0,0,5,AI-positive country-years resolved for both codes,,,0.0,0.0,False
2022,AI_MILITARY_WEAPONS,AI_PEACE_APPLICATIONS,0,0,0,5,AI-positive country-years resolved for both codes,,,0.0,0.0,False
2022,AI_MILITARY_WEAPONS,AI_SAFETY_EXISTENTIAL,0,0,0,5,AI-positive country-years resolved for both codes,,,0.0,0.0,False
2022,AI_MILITARY_WEAPONS,AI_HUMAN_CONTROL,0,0,0,3,AI-positive country-years resolved for both codes,,,0.0,0.0,False
2022,AI_MILITARY_WEAPONS,AI_HUMAN_RIGHTS_ETHICS,0,0,1,4,AI-positive country-years resolved for both codes,,0.0,0.0,0.25,False
2022,AI_MILITARY_WEAPONS,AI_BIAS_CULTURAL_DIVERSITY,0,0,0,5,AI-positive country-years resolved for both codes,,,0.0,0.0,False
2022,AI_MILITARY_WEAPONS,AI_DISINFORMATION,0,0,1,4,AI-positive country-years resolved for both codes,,0.0,0.0,0.25,False
2022,AI_MILITARY_WEAPONS,AI_CYBER_SECURITY,0,0,1,5,AI-positive country-years resolved for both codes,,0.0,0.0,0.2,False
2022,AI_MILITARY_WEAPONS,AI_DIGITAL_DIVIDE,0,0,1,5,AI-positive country-years resolved for both codes,,0.0,0.0,0.2,False
2022,AI_MILITARY_WEAPONS,AI_CAPACITY_BUILDING,0,0,0,4,AI-positive country-years resolved for both codes,,,0.0,0.0,False
2022,AI_MILITARY_WEAPONS,AI_DEVELOPMENT_SDGS,0,0,0,5,AI-positive country-years resolved for both codes,,,0.0,0.0,False
2022,AI_MILITARY_WEAPONS,AI_RESOURCE_FOOTPRINT,0,0,0,5,AI-positive country-years resolved for both codes,,,0.0,0.0,False
2022,AI_MILITARY_WEAPONS,AI_ECONOMY_LABOR,0,0,0,5,AI-positive country-years resolved for both codes,,,0.0,0.0,False
2022,AI_MILITARY_WEAPONS,AI_YOUTH_EDUCATION,0,0,0,5,AI-positive country-years resolved for both codes,,,0.0,0.0,False
2022,AI_MILITARY_WEAPONS,AI_CHILD_PROTECTION,0,0,0,5,AI-positive country-years resolved for both codes,,,0.0,0.0,False
2022,AI_MILITARY_WEAPONS,AI_NATIONAL_STRATEGY,0,0,0,3,AI-positive country-years resolved for both codes,,,0.0,0.0,False
2022,AI_MILITARY_WEAPONS,AI_SOVEREIGNTY_CONCENTRATION,0,0,0,5,AI-positive country-years resolved for both codes,,,0.0,0.0,False
2022,AI_MILITARY_WEAPONS,AI_GEOPOLITICAL_RIVALRY,0,0,0,5,AI-positive country-years resolved for both codes,,,0.0,0.0,False
2022,AI_MILITARY_WEAPONS,AI_OPPORTUNITY_RISK_DUALITY,0,0,0,5,AI-positive country-years resolved for both codes,,,0.0,0.0,False
2022,AI_MILITARY_WEAPONS,AI_TRANSFORMATIVE_ERA,0,0,0,5,AI-positive country-years resolved for both codes,,,0.0,0.0,False
2022,AI_MILITARY_WEAPONS,AI_TECH_LIST_MENTION,0,0,1,5,AI-positive country-years resolved for both codes,,0.0,0.0,0.2,False
2022,AI_MILITARY_WEAPONS,AI_THREAT_LIST_MENTION,0,0,0,5,AI-positive country-years resolved for both codes,,,0.0,0.0,False
2022,AI_PEACE_APPLICATIONS,AI_SAFETY_EXISTENTIAL,0,0,0,5,AI-positive country-years resolved for both codes,,,0.0,0.0,False
2022,AI_PEACE_APPLICATIONS,AI_HUMAN_CONTROL,0,0,0,3,AI-positive country-years resolved for both codes,,,0.0,0.0,False
2022,AI_PEACE_APPLICATIONS,AI_HUMAN_RIGHTS_ETHICS,0,0,1,4,AI-positive country-years resolved for both codes,,0.0,0.0,0.25,False
2022,AI_PEACE_APPLICATIONS,AI_BIAS_CULTURAL_DIVERSITY,0,0,0,5,AI-positive country-years resolved for both codes,,,0.0,0.0,False
2022,AI_PEACE_APPLICATIONS,AI_DISINFORMATION,0,0,1,4,AI-positive country-years resolved for both codes,,0.0,0.0,0.25,False
2022,AI_PEACE_APPLICATIONS,AI_CYBER_SECURITY,0,0,1,5,AI-positive country-years resolved for both codes,,0.0,0.0,0.2,False
2022,AI_PEACE_APPLICATIONS,AI_DIGITAL_DIVIDE,0,0,1,5,AI-positive country-years resolved for both codes,,0.0,0.0,0.2,False
2022,AI_PEACE_APPLICATIONS,AI_CAPACITY_BUILDING,0,0,0,4,AI-positive country-years resolved for both codes,,,0.0,0.0,False
2022,AI_PEACE_APPLICATIONS,AI_DEVELOPMENT_SDGS,0,0,0,5,AI-positive country-years resolved for both codes,,,0.0,0.0,False
2022,AI_PEACE_APPLICATIONS,AI_RESOURCE_FOOTPRINT,0,0,0,5,AI-positive country-years resolved for both codes,,,0.0,0.0,False
2022,AI_PEACE_APPLICATIONS,AI_ECONOMY_LABOR,0,0,0,5,AI-positive country-years resolved for both codes,,,0.0,0.0,False
2022,AI_PEACE_APPLICATIONS,AI_YOUTH_EDUCATION,0,0,0,5,AI-positive country-years resolved for both codes,,,0.0,0.0,False
2022,AI_PEACE_APPLICATIONS,AI_CHILD_PROTECTION,0,0,0,5,AI-positive country-years resolved for both codes,,,0.0,0.0,False
2022,AI_PEACE_APPLICATIONS,AI_NATIONAL_STRATEGY,0,0,0,3,AI-positive country-years resolved for both codes,,,0.0,0.0,False
2022,AI_PEACE_APPLICATIONS,AI_SOVEREIGNTY_CONCENTRATION,0,0,0,5,AI-positive country-years resolved for both codes,,,0.0,0.0,False
2022,AI_PEACE_APPLICATIONS,AI_GEOPOLITICAL_RIVALRY,0,0,0,5,AI-positive country-years resolved for both codes,,,0.0,0.0,False
2022,AI_PEACE_APPLICATIONS,AI_OPPORTUNITY_RISK_DUALITY,0,0,0,5,AI-positive country-years resolved for both codes,,,0.0,0.0,False
2022,AI_PEACE_APPLICATIONS,AI_TRANSFORMATIVE_ERA,0,0,0,5,AI-positive country-years resolved for both codes,,,0.0,0.0,False
2022,AI_PEACE_APPLICATIONS,AI_TECH_LIST_MENTION,0,0,1,5,AI-positive country-years resolved for both codes,,0.0,0.0,0.2,False
2022,AI_PEACE_APPLICATIONS,AI_THREAT_LIST_MENTION,0,0,0,5,AI-positive country-years resolved for both codes,,,0.0,0.0,False
2022,AI_SAFETY_EXISTENTIAL,AI_HUMAN_CONTROL,0,0,0,3,AI-positive country-years resolved for both codes,,,0.0,0.0,False
2022,AI_SAFETY_EXISTENTIAL,AI_HUMAN_RIGHTS_ETHICS,0,0,1,4,AI-positive country-years resolved for both codes,,0.0,0.0,0.25,False
2022,AI_SAFETY_EXISTENTIAL,AI_BIAS_CULTURAL_DIVERSITY,0,0,0,5,AI-positive country-years resolved for both codes,,,0.0,0.0,False
2022,AI_SAFETY_EXISTENTIAL,AI_DISINFORMATION,0,0,1,4,AI-positive country-years resolved for both codes,,0.0,0.0,0.25,False
2022,AI_SAFETY_EXISTENTIAL,AI_CYBER_SECURITY,0,0,1,5,AI-positive country-years resolved for both codes,,0.0,0.0,0.2,False
2022,AI_SAFETY_EXISTENTIAL,AI_DIGITAL_DIVIDE,0,0,1,5,AI-positive country-years resolved for both codes,,0.0,0.0,0.2,False
2022,AI_SAFETY_EXISTENTIAL,AI_CAPACITY_BUILDING,0,0,0,4,AI-positive country-years resolved for both codes,,,0.0,0.0,False
2022,AI_SAFETY_EXISTENTIAL,AI_DEVELOPMENT_SDGS,0,0,0,5,AI-positive country-years resolved for both codes,,,0.0,0.0,False
2022,AI_SAFETY_EXISTENTIAL,AI_RESOURCE_FOOTPRINT,0,0,0,5,AI-positive country-years resolved for both codes,,,0.0,0.0,False
2022,AI_SAFETY_EXISTENTIAL,AI_ECONOMY_LABOR,0,0,0,5,AI-positive country-years resolved for both codes,,,0.0,0.0,False
2022,AI_SAFETY_EXISTENTIAL,AI_YOUTH_EDUCATION,0,0,0,5,AI-positive country-years resolved for both codes,,,0.0,0.0,False
2022,AI_SAFETY_EXISTENTIAL,AI_CHILD_PROTECTION,0,0,0,5,AI-positive country-years resolved for both codes,,,0.0,0.0,False
2022,AI_SAFETY_EXISTENTIAL,AI_NATIONAL_STRATEGY,0,0,0,3,AI-positive country-years resolved for both codes,,,0.0,0.0,False
2022,AI_SAFETY_EXISTENTIAL,AI_SOVEREIGNTY_CONCENTRATION,0,0,0,5,AI-positive country-years resolved for both codes,,,0.0,0.0,False
2022,AI_SAFETY_EXISTENTIAL,AI_GEOPOLITICAL_RIVALRY,0,0,0,5,AI-positive country-years resolved for both codes,,,0.0,0.0,False
2022,AI_SAFETY_EXISTENTIAL,AI_OPPORTUNITY_RISK_DUALITY,0,0,0,5,AI-positive country-years resolved for both codes,,,0.0,0.0,False
2022,AI_SAFETY_EXISTENTIAL,AI_TRANSFORMATIVE_ERA,0,0,0,5,AI-positive country-years resolved for both codes,,,0.0,0.0,False
2022,AI_SAFETY_EXISTENTIAL,AI_TECH_LIST_MENTION,0,0,1,5,AI-positive country-years resolved for both codes,,0.0,0.0,0.2,False
2022,AI_SAFETY_EXISTENTIAL,AI_THREAT_LIST_MENTION,0,0,0,5,AI-positive country-years resolved for both codes,,,0.0,0.0,False
2022,AI_HUMAN_CONTROL,AI_HUMAN_RIGHTS_ETHICS,0,0,0,3,AI-positive country-years resolved for both codes,,,0.0,0.0,False
2022,AI_HUMAN_CONTROL,AI_BIAS_CULTURAL_DIVERSITY,0,0,0,3,AI-positive country-years resolved for both codes,,,0.0,0.0,False
2022,AI_HUMAN_CONTROL,AI_DISINFORMATION,0,0,1,3,AI-positive country-years resolved for both codes,,0.0,0.0,0.3333333333333333,False
2022,AI_HUMAN_CONTROL,AI_CYBER_SECURITY,0,0,1,3,AI-positive country-years resolved for both codes,,0.0,0.0,0.3333333333333333,False
2022,AI_HUMAN_CONTROL,AI_DIGITAL_DIVIDE,0,0,1,3,AI-positive country-years resolved for both codes,,0.0,0.0,0.3333333333333333,False
2022,AI_HUMAN_CONTROL,AI_CAPACITY_BUILDING,0,0,0,2,AI-positive country-years resolved for both codes,,,0.0,0.0,False
2022,AI_HUMAN_CONTROL,AI_DEVELOPMENT_SDGS,0,0,0,3,AI-positive country-years resolved for both codes,,,0.0,0.0,False
2022,AI_HUMAN_CONTROL,AI_RESOURCE_FOOTPRINT,0,0,0,3,AI-positive country-years resolved for both codes,,,0.0,0.0,False
2022,AI_HUMAN_CONTROL,AI_ECONOMY_LABOR,0,0,0,3,AI-positive country-years resolved for both codes,,,0.0,0.0,False
2022,AI_HUMAN_CONTROL,AI_YOUTH_EDUCATION,0,0,0,3,AI-positive country-years resolved for both codes,,,0.0,0.0,False
2022,AI_HUMAN_CONTROL,AI_CHILD_PROTECTION,0,0,0,3,AI-positive country-years resolved for both codes,,,0.0,0.0,False
2022,AI_HUMAN_CONTROL,AI_NATIONAL_STRATEGY,0,0,0,1,AI-positive country-years resolved for both codes,,,0.0,0.0,False
2022,AI_HUMAN_CONTROL,AI_SOVEREIGNTY_CONCENTRATION,0,0,0,3,AI-positive country-years resolved for both codes,,,0.0,0.0,False
2022,AI_HUMAN_CONTROL,AI_GEOPOLITICAL_RIVALRY,0,0,0,3,AI-positive country-years resolved for both codes,,,0.0,0.0,False
2022,AI_HUMAN_CONTROL,AI_OPPORTUNITY_RISK_DUALITY,0,0,0,3,AI-positive country-years resolved for both codes,,,0.0,0.0,False
2022,AI_HUMAN_CONTROL,AI_TRANSFORMATIVE_ERA,0,0,0,3,AI-positive country-years resolved for both codes,,,0.0,0.0,False
2022,AI_HUMAN_CONTROL,AI_TECH_LIST_MENTION,0,0,1,3,AI-positive country-years resolved for both codes,,0.0,0.0,0.3333333333333333,False
2022,AI_HUMAN_CONTROL,AI_THREAT_LIST_MENTION,0,0,0,3,AI-positive country-years resolved for both codes,,,0.0,0.0,False
2022,AI_HUMAN_RIGHTS_ETHICS,AI_BIAS_CULTURAL_DIVERSITY,0,1,0,4,AI-positive country-years resolved for both codes,0.0,,0.25,0.0,False
2022,AI_HUMAN_RIGHTS_ETHICS,AI_DISINFORMATION,0,0,1,3,AI-positive country-years resolved for both codes,,0.0,0.0,0.3333333333333333,False
2022,AI_HUMAN_RIGHTS_ETHICS,AI_CYBER_SECURITY,0,1,1,4,AI-positive country-years resolved for both codes,0.0,0.0,0.25,0.25,False
2022,AI_HUMAN_RIGHTS_ETHICS,AI_DIGITAL_DIVIDE,0,1,1,4,AI-positive country-years resolved for both codes,0.0,0.0,0.25,0.25,False
2022,AI_HUMAN_RIGHTS_ETHICS,AI_CAPACITY_BUILDING,0,1,0,3,AI-positive country-years resolved for both codes,0.0,,0.3333333333333333,0.0,False
2022,AI_HUMAN_RIGHTS_ETHICS,AI_DEVELOPMENT_SDGS,0,1,0,4,AI-positive country-years resolved for both codes,0.0,,0.25,0.0,False
2022,AI_HUMAN_RIGHTS_ETHICS,AI_RESOURCE_FOOTPRINT,0,1,0,4,AI-positive country-years resolved for both codes,0.0,,0.25,0.0,False
2022,AI_HUMAN_RIGHTS_ETHICS,AI_ECONOMY_LABOR,0,1,0,4,AI-positive country-years resolved for both codes,0.0,,0.25,0.0,False
2022,AI_HUMAN_RIGHTS_ETHICS,AI_YOUTH_EDUCATION,0,1,0,4,AI-positive country-years resolved for both codes,0.0,,0.25,0.0,False
2022,AI_HUMAN_RIGHTS_ETHICS,AI_CHILD_PROTECTION,0,1,0,4,AI-positive country-years resolved for both codes,0.0,,0.25,0.0,False
2022,AI_HUMAN_RIGHTS_ETHICS,AI_NATIONAL_STRATEGY,0,1,0,2,AI-positive country-years resolved for both codes,0.0,,0.5,0.0,False
2022,AI_HUMAN_RIGHTS_ETHICS,AI_SOVEREIGNTY_CONCENTRATION,0,1,0,4,AI-positive country-years resolved for both codes,0.0,,0.25,0.0,False
2022,AI_HUMAN_RIGHTS_ETHICS,AI_GEOPOLITICAL_RIVALRY,0,1,0,4,AI-positive country-years resolved for both codes,0.0,,0.25,0.0,False
2022,AI_HUMAN_RIGHTS_ETHICS,AI_OPPORTUNITY_RISK_DUALITY,0,1,0,4,AI-positive country-years resolved for both codes,0.0,,0.25,0.0,False
2022,AI_HUMAN_RIGHTS_ETHICS,AI_TRANSFORMATIVE_ERA,0,1,0,4,AI-positive country-years resolved for both codes,0.0,,0.25,0.0,False
2022,AI_HUMAN_RIGHTS_ETHICS,AI_TECH_LIST_MENTION,0,1,1,4,AI-positive country-years resolved for both codes,0.0,0.0,0.25,0.25,False
2022,AI_HUMAN_RIGHTS_ETHICS,AI_THREAT_LIST_MENTION,0,1,0,4,AI-positive country-years resolved for both codes,0.0,,0.25,0.0,False
2022,AI_BIAS_CULTURAL_DIVERSITY,AI_DISINFORMATION,0,0,1,4,AI-positive country-years resolved for both codes,,0.0,0.0,0.25,False
2022,AI_BIAS_CULTURAL_DIVERSITY,AI_CYBER_SECURITY,0,0,1,5,AI-positive country-years resolved for both codes,,0.0,0.0,0.2,False
2022,AI_BIAS_CULTURAL_DIVERSITY,AI_DIGITAL_DIVIDE,0,0,1,5,AI-positive country-years resolved for both codes,,0.0,0.0,0.2,False
2022,AI_BIAS_CULTURAL_DIVERSITY,AI_CAPACITY_BUILDING,0,0,0,4,AI-positive country-years resolved for both codes,,,0.0,0.0,False
2022,AI_BIAS_CULTURAL_DIVERSITY,AI_DEVELOPMENT_SDGS,0,0,0,5,AI-positive country-years resolved for both codes,,,0.0,0.0,False
2022,AI_BIAS_CULTURAL_DIVERSITY,AI_RESOURCE_FOOTPRINT,0,0,0,5,AI-positive country-years resolved for both codes,,,0.0,0.0,False
2022,AI_BIAS_CULTURAL_DIVERSITY,AI_ECONOMY_LABOR,0,0,0,5,AI-positive country-years resolved for both codes,,,0.0,0.0,False
2022,AI_BIAS_CULTURAL_DIVERSITY,AI_YOUTH_EDUCATION,0,0,0,5,AI-positive country-years resolved for both codes,,,0.0,0.0,False
2022,AI_BIAS_CULTURAL_DIVERSITY,AI_CHILD_PROTECTION,0,0,0,5,AI-positive country-years resolved for both codes,,,0.0,0.0,False
2022,AI_BIAS_CULTURAL_DIVERSITY,AI_NATIONAL_STRATEGY,0,0,0,3,AI-positive country-years resolved for both codes,,,0.0,0.0,False
2022,AI_BIAS_CULTURAL_DIVERSITY,AI_SOVEREIGNTY_CONCENTRATION,0,0,0,5,AI-positive country-years resolved for both codes,,,0.0,0.0,False
2022,AI_BIAS_CULTURAL_DIVERSITY,AI_GEOPOLITICAL_RIVALRY,0,0,0,5,AI-positive country-years resolved for both codes,,,0.0,0.0,False
2022,AI_BIAS_CULTURAL_DIVERSITY,AI_OPPORTUNITY_RISK_DUALITY,0,0,0,5,AI-positive country-years resolved for both codes,,,0.0,0.0,False
2022,AI_BIAS_CULTURAL_DIVERSITY,AI_TRANSFORMATIVE_ERA,0,0,0,5,AI-positive country-years resolved for both codes,,,0.0,0.0,False
2022,AI_BIAS_CULTURAL_DIVERSITY,AI_TECH_LIST_MENTION,0,0,1,5,AI-positive country-years resolved for both codes,,0.0,0.0,0.2,False
2022,AI_BIAS_CULTURAL_DIVERSITY,AI_THREAT_LIST_MENTION,0,0,0,5,AI-positive country-years resolved for both codes,,,0.0,0.0,False
2022,AI_DISINFORMATION,AI_CYBER_SECURITY,1,1,1,4,AI-positive country-years resolved for both codes,1.0,1.0,0.25,0.25,False
2022,AI_DISINFORMATION,AI_DIGITAL_DIVIDE,0,1,1,4,AI-positive country-years resolved for both codes,0.0,0.0,0.25,0.25,False
2022,AI_DISINFORMATION,AI_CAPACITY_BUILDING,0,1,0,3,AI-positive country-years resolved for both codes,0.0,,0.3333333333333333,0.0,False
2022,AI_DISINFORMATION,AI_DEVELOPMENT_SDGS,0,1,0,4,AI-positive country-years resolved for both codes,0.0,,0.25,0.0,False
2022,AI_DISINFORMATION,AI_RESOURCE_FOOTPRINT,0,1,0,4,AI-positive country-years resolved for both codes,0.0,,0.25,0.0,False
2022,AI_DISINFORMATION,AI_ECONOMY_LABOR,0,1,0,4,AI-positive country-years resolved for both codes,0.0,,0.25,0.0,False
2022,AI_DISINFORMATION,AI_YOUTH_EDUCATION,0,1,0,4,AI-positive country-years resolved for both codes,0.0,,0.25,0.0,False
2022,AI_DISINFORMATION,AI_CHILD_PROTECTION,0,1,0,4,AI-positive country-years resolved for both codes,0.0,,0.25,0.0,False
2022,AI_DISINFORMATION,AI_NATIONAL_STRATEGY,0,0,0,2,AI-positive country-years resolved for both codes,,,0.0,0.0,False
2022,AI_DISINFORMATION,AI_SOVEREIGNTY_CONCENTRATION,0,1,0,4,AI-positive country-years resolved for both codes,0.0,,0.25,0.0,False
2022,AI_DISINFORMATION,AI_GEOPOLITICAL_RIVALRY,0,1,0,4,AI-positive country-years resolved for both codes,0.0,,0.25,0.0,False
2022,AI_DISINFORMATION,AI_OPPORTUNITY_RISK_DUALITY,0,1,0,4,AI-positive country-years resolved for both codes,0.0,,0.25,0.0,False
2022,AI_DISINFORMATION,AI_TRANSFORMATIVE_ERA,0,1,0,4,AI-positive country-years resolved for both codes,0.0,,0.25,0.0,False
2022,AI_DISINFORMATION,AI_TECH_LIST_MENTION,0,1,1,4,AI-positive country-years resolved for both codes,0.0,0.0,0.25,0.25,False
2022,AI_DISINFORMATION,AI_THREAT_LIST_MENTION,0,1,0,4,AI-positive country-years resolved for both codes,0.0,,0.25,0.0,False
2022,AI_CYBER_SECURITY,AI_DIGITAL_DIVIDE,0,1,1,5,AI-positive country-years resolved for both codes,0.0,0.0,0.2,0.2,False
2022,AI_CYBER_SECURITY,AI_CAPACITY_BUILDING,0,1,0,4,AI-positive country-years resolved for both codes,0.0,,0.25,0.0,False
2022,AI_CYBER_SECURITY,AI_DEVELOPMENT_SDGS,0,1,0,5,AI-positive country-years resolved for both codes,0.0,,0.2,0.0,False
2022,AI_CYBER_SECURITY,AI_RESOURCE_FOOTPRINT,0,1,0,5,AI-positive country-years resolved for both codes,0.0,,0.2,0.0,False
2022,AI_CYBER_SECURITY,AI_ECONOMY_LABOR,0,1,0,5,AI-positive country-years resolved for both codes,0.0,,0.2,0.0,False
2022,AI_CYBER_SECURITY,AI_YOUTH_EDUCATION,0,1,0,5,AI-positive country-years resolved for both codes,0.0,,0.2,0.0,False
2022,AI_CYBER_SECURITY,AI_CHILD_PROTECTION,0,1,0,5,AI-positive country-years resolved for both codes,0.0,,0.2,0.0,False
2022,AI_CYBER_SECURITY,AI_NATIONAL_STRATEGY,0,0,0,3,AI-positive country-years resolved for both codes,,,0.0,0.0,False
2022,AI_CYBER_SECURITY,AI_SOVEREIGNTY_CONCENTRATION,0,1,0,5,AI-positive country-years resolved for both codes,0.0,,0.2,0.0,False
2022,AI_CYBER_SECURITY,AI_GEOPOLITICAL_RIVALRY,0,1,0,5,AI-positive country-years resolved for both codes,0.0,,0.2,0.0,False
2022,AI_CYBER_SECURITY,AI_OPPORTUNITY_RISK_DUALITY,0,1,0,5,AI-positive country-years resolved for both codes,0.0,,0.2,0.0,False
2022,AI_CYBER_SECURITY,AI_TRANSFORMATIVE_ERA,0,1,0,5,AI-positive country-years resolved for both codes,0.0,,0.2,0.0,False
2022,AI_CYBER_SECURITY,AI_TECH_LIST_MENTION,0,1,1,5,AI-positive country-years resolved for both codes,0.0,0.0,0.2,0.2,False
2022,AI_CYBER_SECURITY,AI_THREAT_LIST_MENTION,0,1,0,5,AI-positive country-years resolved for both codes,0.0,,0.2,0.0,False
2022,AI_DIGITAL_DIVIDE,AI_CAPACITY_BUILDING,0,0,0,4,AI-positive country-years resolved for both codes,,,0.0,0.0,False
2022,AI_DIGITAL_DIVIDE,AI_DEVELOPMENT_SDGS,0,1,0,5,AI-positive country-years resolved for both codes,0.0,,0.2,0.0,False
2022,AI_DIGITAL_DIVIDE,AI_RESOURCE_FOOTPRINT,0,1,0,5,AI-positive country-years resolved for both codes,0.0,,0.2,0.0,False
2022,AI_DIGITAL_DIVIDE,AI_ECONOMY_LABOR,0,1,0,5,AI-positive country-years resolved for both codes,0.0,,0.2,0.0,False
2022,AI_DIGITAL_DIVIDE,AI_YOUTH_EDUCATION,0,1,0,5,AI-positive country-years resolved for both codes,0.0,,0.2,0.0,False
2022,AI_DIGITAL_DIVIDE,AI_CHILD_PROTECTION,0,1,0,5,AI-positive country-years resolved for both codes,0.0,,0.2,0.0,False
2022,AI_DIGITAL_DIVIDE,AI_NATIONAL_STRATEGY,0,1,0,3,AI-positive country-years resolved for both codes,0.0,,0.3333333333333333,0.0,False
2022,AI_DIGITAL_DIVIDE,AI_SOVEREIGNTY_CONCENTRATION,0,1,0,5,AI-positive country-years resolved for both codes,0.0,,0.2,0.0,False
2022,AI_DIGITAL_DIVIDE,AI_GEOPOLITICAL_RIVALRY,0,1,0,5,AI-positive country-years resolved for both codes,0.0,,0.2,0.0,False
2022,AI_DIGITAL_DIVIDE,AI_OPPORTUNITY_RISK_DUALITY,0,1,0,5,AI-positive country-years resolved for both codes,0.0,,0.2,0.0,False
2022,AI_DIGITAL_DIVIDE,AI_TRANSFORMATIVE_ERA,0,1,0,5,AI-positive country-years resolved for both codes,0.0,,0.2,0.0,False
2022,AI_DIGITAL_DIVIDE,AI_TECH_LIST_MENTION,0,1,1,5,AI-positive country-years resolved for both codes,0.0,0.0,0.2,0.2,False
2022,AI_DIGITAL_DIVIDE,AI_THREAT_LIST_MENTION,0,1,0,5,AI-positive country-years resolved for both codes,0.0,,0.2,0.0,False
2022,AI_CAPACITY_BUILDING,AI_DEVELOPMENT_SDGS,0,0,0,4,AI-positive country-years resolved for both codes,,,0.0,0.0,False
2022,AI_CAPACITY_BUILDING,AI_RESOURCE_FOOTPRINT,0,0,0,4,AI-positive country-years resolved for both codes,,,0.0,0.0,False
2022,AI_CAPACITY_BUILDING,AI_ECONOMY_LABOR,0,0,0,4,AI-positive country-years resolved for both codes,,,0.0,0.0,False
2022,AI_CAPACITY_BUILDING,AI_YOUTH_EDUCATION,0,0,0,4,AI-positive country-years resolved for both codes,,,0.0,0.0,False
2022,AI_CAPACITY_BUILDING,AI_CHILD_PROTECTION,0,0,0,4,AI-positive country-years resolved for both codes,,,0.0,0.0,False
2022,AI_CAPACITY_BUILDING,AI_NATIONAL_STRATEGY,0,0,0,2,AI-positive country-years resolved for both codes,,,0.0,0.0,False
2022,AI_CAPACITY_BUILDING,AI_SOVEREIGNTY_CONCENTRATION,0,0,0,4,AI-positive country-years resolved for both codes,,,0.0,0.0,False
2022,AI_CAPACITY_BUILDING,AI_GEOPOLITICAL_RIVALRY,0,0,0,4,AI-positive country-years resolved for both codes,,,0.0,0.0,False
2022,AI_CAPACITY_BUILDING,AI_OPPORTUNITY_RISK_DUALITY,0,0,0,4,AI-positive country-years resolved for both codes,,,0.0,0.0,False
2022,AI_CAPACITY_BUILDING,AI_TRANSFORMATIVE_ERA,0,0,0,4,AI-positive country-years resolved for both codes,,,0.0,0.0,False
2022,AI_CAPACITY_BUILDING,AI_TECH_LIST_MENTION,0,0,1,4,AI-positive country-years resolved for both codes,,0.0,0.0,0.25,False
2022,AI_CAPACITY_BUILDING,AI_THREAT_LIST_MENTION,0,0,0,4,AI-positive country-years resolved for both codes,,,0.0,0.0,False
2022,AI_DEVELOPMENT_SDGS,AI_RESOURCE_FOOTPRINT,0,0,0,5,AI-positive country-years resolved for both codes,,,0.0,0.0,False
2022,AI_DEVELOPMENT_SDGS,AI_ECONOMY_LABOR,0,0,0,5,AI-positive country-years resolved for both codes,,,0.0,0.0,False
2022,AI_DEVELOPMENT_SDGS,AI_YOUTH_EDUCATION,0,0,0,5,AI-positive country-years resolved for both codes,,,0.0,0.0,False
2022,AI_DEVELOPMENT_SDGS,AI_CHILD_PROTECTION,0,0,0,5,AI-positive country-years resolved for both codes,,,0.0,0.0,False
2022,AI_DEVELOPMENT_SDGS,AI_NATIONAL_STRATEGY,0,0,0,3,AI-positive country-years resolved for both codes,,,0.0,0.0,False
2022,AI_DEVELOPMENT_SDGS,AI_SOVEREIGNTY_CONCENTRATION,0,0,0,5,AI-positive country-years resolved for both codes,,,0.0,0.0,False
2022,AI_DEVELOPMENT_SDGS,AI_GEOPOLITICAL_RIVALRY,0,0,0,5,AI-positive country-years resolved for both codes,,,0.0,0.0,False
2022,AI_DEVELOPMENT_SDGS,AI_OPPORTUNITY_RISK_DUALITY,0,0,0,5,AI-positive country-years resolved for both codes,,,0.0,0.0,False
2022,AI_DEVELOPMENT_SDGS,AI_TRANSFORMATIVE_ERA,0,0,0,5,AI-positive country-years resolved for both codes,,,0.0,0.0,False
2022,AI_DEVELOPMENT_SDGS,AI_TECH_LIST_MENTION,0,0,1,5,AI-positive country-years resolved for both codes,,0.0,0.0,0.2,False
2022,AI_DEVELOPMENT_SDGS,AI_THREAT_LIST_MENTION,0,0,0,5,AI-positive country-years resolved for both codes,,,0.0,0.0,False
2022,AI_RESOURCE_FOOTPRINT,AI_ECONOMY_LABOR,0,0,0,5,AI-positive country-years resolved for both codes,,,0.0,0.0,False
2022,AI_RESOURCE_FOOTPRINT,AI_YOUTH_EDUCATION,0,0,0,5,AI-positive country-years resolved for both codes,,,0.0,0.0,False
2022,AI_RESOURCE_FOOTPRINT,AI_CHILD_PROTECTION,0,0,0,5,AI-positive country-years resolved for both codes,,,0.0,0.0,False
2022,AI_RESOURCE_FOOTPRINT,AI_NATIONAL_STRATEGY,0,0,0,3,AI-positive country-years resolved for both codes,,,0.0,0.0,False
2022,AI_RESOURCE_FOOTPRINT,AI_SOVEREIGNTY_CONCENTRATION,0,0,0,5,AI-positive country-years resolved for both codes,,,0.0,0.0,False
2022,AI_RESOURCE_FOOTPRINT,AI_GEOPOLITICAL_RIVALRY,0,0,0,5,AI-positive country-years resolved for both codes,,,0.0,0.0,False
2022,AI_RESOURCE_FOOTPRINT,AI_OPPORTUNITY_RISK_DUALITY,0,0,0,5,AI-positive country-years resolved for both codes,,,0.0,0.0,False
2022,AI_RESOURCE_FOOTPRINT,AI_TRANSFORMATIVE_ERA,0,0,0,5,AI-positive country-years resolved for both codes,,,0.0,0.0,False
2022,AI_RESOURCE_FOOTPRINT,AI_TECH_LIST_MENTION,0,0,1,5,AI-positive country-years resolved for both codes,,0.0,0.0,0.2,False
2022,AI_RESOURCE_FOOTPRINT,AI_THREAT_LIST_MENTION,0,0,0,5,AI-positive country-years resolved for both codes,,,0.0,0.0,False
2022,AI_ECONOMY_LABOR,AI_YOUTH_EDUCATION,0,0,0,5,AI-positive country-years resolved for both codes,,,0.0,0.0,False
2022,AI_ECONOMY_LABOR,AI_CHILD_PROTECTION,0,0,0,5,AI-positive country-years resolved for both codes,,,0.0,0.0,False
2022,AI_ECONOMY_LABOR,AI_NATIONAL_STRATEGY,0,0,0,3,AI-positive country-years resolved for both codes,,,0.0,0.0,False
2022,AI_ECONOMY_LABOR,AI_SOVEREIGNTY_CONCENTRATION,0,0,0,5,AI-positive country-years resolved for both codes,,,0.0,0.0,False
2022,AI_ECONOMY_LABOR,AI_GEOPOLITICAL_RIVALRY,0,0,0,5,AI-positive country-years resolved for both codes,,,0.0,0.0,False
2022,AI_ECONOMY_LABOR,AI_OPPORTUNITY_RISK_DUALITY,0,0,0,5,AI-positive country-years resolved for both codes,,,0.0,0.0,False
2022,AI_ECONOMY_LABOR,AI_TRANSFORMATIVE_ERA,0,0,0,5,AI-positive country-years resolved for both codes,,,0.0,0.0,False
2022,AI_ECONOMY_LABOR,AI_TECH_LIST_MENTION,0,0,1,5,AI-positive country-years resolved for both codes,,0.0,0.0,0.2,False
2022,AI_ECONOMY_LABOR,AI_THREAT_LIST_MENTION,0,0,0,5,AI-positive country-years resolved for both codes,,,0.0,0.0,False
2022,AI_YOUTH_EDUCATION,AI_CHILD_PROTECTION,0,0,0,5,AI-positive country-years resolved for both codes,,,0.0,0.0,False
2022,AI_YOUTH_EDUCATION,AI_NATIONAL_STRATEGY,0,0,0,3,AI-positive country-years resolved for both codes,,,0.0,0.0,False
2022,AI_YOUTH_EDUCATION,AI_SOVEREIGNTY_CONCENTRATION,0,0,0,5,AI-positive country-years resolved for both codes,,,0.0,0.0,False
2022,AI_YOUTH_EDUCATION,AI_GEOPOLITICAL_RIVALRY,0,0,0,5,AI-positive country-years resolved for both codes,,,0.0,0.0,False
2022,AI_YOUTH_EDUCATION,AI_OPPORTUNITY_RISK_DUALITY,0,0,0,5,AI-positive country-years resolved for both codes,,,0.0,0.0,False
2022,AI_YOUTH_EDUCATION,AI_TRANSFORMATIVE_ERA,0,0,0,5,AI-positive country-years resolved for both codes,,,0.0,0.0,False
2022,AI_YOUTH_EDUCATION,AI_TECH_LIST_MENTION,0,0,1,5,AI-positive country-years resolved for both codes,,0.0,0.0,0.2,False
2022,AI_YOUTH_EDUCATION,AI_THREAT_LIST_MENTION,0,0,0,5,AI-positive country-years resolved for both codes,,,0.0,0.0,False
2022,AI_CHILD_PROTECTION,AI_NATIONAL_STRATEGY,0,0,0,3,AI-positive country-years resolved for both codes,,,0.0,0.0,False
2022,AI_CHILD_PROTECTION,AI_SOVEREIGNTY_CONCENTRATION,0,0,0,5,AI-positive country-years resolved for both codes,,,0.0,0.0,False
2022,AI_CHILD_PROTECTION,AI_GEOPOLITICAL_RIVALRY,0,0,0,5,AI-positive country-years resolved for both codes,,,0.0,0.0,False
2022,AI_CHILD_PROTECTION,AI_OPPORTUNITY_RISK_DUALITY,0,0,0,5,AI-positive country-years resolved for both codes,,,0.0,0.0,False
2022,AI_CHILD_PROTECTION,AI_TRANSFORMATIVE_ERA,0,0,0,5,AI-positive country-years resolved for both codes,,,0.0,0.0,False
2022,AI_CHILD_PROTECTION,AI_TECH_LIST_MENTION,0,0,1,5,AI-positive country-years resolved for both codes,,0.0,0.0,0.2,False
2022,AI_CHILD_PROTECTION,AI_THREAT_LIST_MENTION,0,0,0,5,AI-positive country-years resolved for both codes,,,0.0,0.0,False
2022,AI_NATIONAL_STRATEGY,AI_SOVEREIGNTY_CONCENTRATION,0,0,0,3,AI-positive country-years resolved for both codes,,,0.0,0.0,False
2022,AI_NATIONAL_STRATEGY,AI_GEOPOLITICAL_RIVALRY,0,0,0,3,AI-positive country-years resolved for both codes,,,0.0,0.0,False
2022,AI_NATIONAL_STRATEGY,AI_OPPORTUNITY_RISK_DUALITY,0,0,0,3,AI-positive country-years resolved for both codes,,,0.0,0.0,False
2022,AI_NATIONAL_STRATEGY,AI_TRANSFORMATIVE_ERA,0,0,0,3,AI-positive country-years resolved for both codes,,,0.0,0.0,False
2022,AI_NATIONAL_STRATEGY,AI_TECH_LIST_MENTION,0,0,0,3,AI-positive country-years resolved for both codes,,,0.0,0.0,False
2022,AI_NATIONAL_STRATEGY,AI_THREAT_LIST_MENTION,0,0,0,3,AI-positive country-years resolved for both codes,,,0.0,0.0,False
2022,AI_SOVEREIGNTY_CONCENTRATION,AI_GEOPOLITICAL_RIVALRY,0,0,0,5,AI-positive country-years resolved for both codes,,,0.0,0.0,False
2022,AI_SOVEREIGNTY_CONCENTRATION,AI_OPPORTUNITY_RISK_DUALITY,0,0,0,5,AI-positive country-years resolved for both codes,,,0.0,0.0,False
2022,AI_SOVEREIGNTY_CONCENTRATION,AI_TRANSFORMATIVE_ERA,0,0,0,5,AI-positive country-years resolved for both codes,,,0.0,0.0,False
2022,AI_SOVEREIGNTY_CONCENTRATION,AI_TECH_LIST_MENTION,0,0,1,5,AI-positive country-years resolved for both codes,,0.0,0.0,0.2,False
2022,AI_SOVEREIGNTY_CONCENTRATION,AI_THREAT_LIST_MENTION,0,0,0,5,AI-positive country-years resolved for both codes,,,0.0,0.0,False
2022,AI_GEOPOLITICAL_RIVALRY,AI_OPPORTUNITY_RISK_DUALITY,0,0,0,5,AI-positive country-years resolved for both codes,,,0.0,0.0,False
2022,AI_GEOPOLITICAL_RIVALRY,AI_TRANSFORMATIVE_ERA,0,0,0,5,AI-positive country-years resolved for both codes,,,0.0,0.0,False
2022,AI_GEOPOLITICAL_RIVALRY,AI_TECH_LIST_MENTION,0,0,1,5,AI-positive country-years resolved for both codes,,0.0,0.0,0.2,False
2022,AI_GEOPOLITICAL_RIVALRY,AI_THREAT_LIST_MENTION,0,0,0,5,AI-positive country-years resolved for both codes,,,0.0,0.0,False
2022,AI_OPPORTUNITY_RISK_DUALITY,AI_TRANSFORMATIVE_ERA,0,0,0,5,AI-positive country-years resolved for both codes,,,0.0,0.0,False
2022,AI_OPPORTUNITY_RISK_DUALITY,AI_TECH_LIST_MENTION,0,0,1,5,AI-positive country-years resolved for both codes,,0.0,0.0,0.2,False
2022,AI_OPPORTUNITY_RISK_DUALITY,AI_THREAT_LIST_MENTION,0,0,0,5,AI-positive country-years resolved for both codes,,,0.0,0.0,False
2022,AI_TRANSFORMATIVE_ERA,AI_TECH_LIST_MENTION,0,0,1,5,AI-positive country-years resolved for both codes,,0.0,0.0,0.2,False
2022,AI_TRANSFORMATIVE_ERA,AI_THREAT_LIST_MENTION,0,0,0,5,AI-positive country-years resolved for both codes,,,0.0,0.0,False
2022,AI_TECH_LIST_MENTION,AI_THREAT_LIST_MENTION,0,1,0,5,AI-positive country-years resolved for both codes,0.0,,0.2,0.0,False
2023,AI_GLOBAL_GOVERNANCE,AI_INCLUSIVE_GOVERNANCE,0,18,0,31,AI-positive country-years resolved for both codes,0.0,,0.5806451612903226,0.0,False
2023,AI_GLOBAL_GOVERNANCE,AI_GOVERNANCE_SKEPTICISM,0,18,0,32,AI-positive country-years resolved for both codes,0.0,,0.5625,0.0,False
2023,AI_GLOBAL_GOVERNANCE,AI_UN_ROLE,12,18,12,32,AI-positive country-years resolved for both codes,0.6666666666666666,1.0,0.5625,0.375,False
2023,AI_GLOBAL_GOVERNANCE,AI_MILITARY_WEAPONS,4,18,5,31,AI-positive country-years resolved for both codes,0.2222222222222222,0.8,0.5806451612903226,0.16129032258064516,False
2023,AI_GLOBAL_GOVERNANCE,AI_PEACE_APPLICATIONS,1,19,1,33,AI-positive country-years resolved for both codes,0.05263157894736842,1.0,0.5757575757575758,0.030303030303030304,False
2023,AI_GLOBAL_GOVERNANCE,AI_SAFETY_EXISTENTIAL,3,15,3,29,AI-positive country-years resolved for both codes,0.2,1.0,0.5172413793103449,0.10344827586206896,False
2023,AI_GLOBAL_GOVERNANCE,AI_HUMAN_CONTROL,1,15,1,29,AI-positive country-years resolved for both codes,0.06666666666666667,1.0,0.5172413793103449,0.034482758620689655,False
2023,AI_GLOBAL_GOVERNANCE,AI_HUMAN_RIGHTS_ETHICS,11,16,12,30,AI-positive country-years resolved for both codes,0.6875,0.9166666666666666,0.5333333333333333,0.4,False
2023,AI_GLOBAL_GOVERNANCE,AI_BIAS_CULTURAL_DIVERSITY,0,18,0,32,AI-positive country-years resolved for both codes,0.0,,0.5625,0.0,False
2023,AI_GLOBAL_GOVERNANCE,AI_DISINFORMATION,4,17,4,31,AI-positive country-years resolved for both codes,0.23529411764705882,1.0,0.5483870967741935,0.12903225806451613,False
2023,AI_GLOBAL_GOVERNANCE,AI_CYBER_SECURITY,3,16,3,30,AI-positive country-years resolved for both codes,0.1875,1.0,0.5333333333333333,0.1,False
2023,AI_GLOBAL_GOVERNANCE,AI_DIGITAL_DIVIDE,3,17,6,29,AI-positive country-years resolved for both codes,0.17647058823529413,0.5,0.5862068965517241,0.20689655172413793,False
2023,AI_GLOBAL_GOVERNANCE,AI_CAPACITY_BUILDING,0,17,1,28,AI-positive country-years resolved for both codes,0.0,0.0,0.6071428571428571,0.03571428571428571,False
2023,AI_GLOBAL_GOVERNANCE,AI_DEVELOPMENT_SDGS,5,18,7,29,AI-positive country-years resolved for both codes,0.2777777777777778,0.7142857142857143,0.6206896551724138,0.2413793103448276,False
2023,AI_GLOBAL_GOVERNANCE,AI_RESOURCE_FOOTPRINT,0,19,0,33,AI-positive country-years resolved for both codes,0.0,,0.5757575757575758,0.0,False
2023,AI_GLOBAL_GOVERNANCE,AI_ECONOMY_LABOR,3,16,4,30,AI-positive country-years resolved for both codes,0.1875,0.75,0.5333333333333333,0.13333333333333333,False
2023,AI_GLOBAL_GOVERNANCE,AI_YOUTH_EDUCATION,0,18,0,31,AI-positive country-years resolved for both codes,0.0,,0.5806451612903226,0.0,False
2023,AI_GLOBAL_GOVERNANCE,AI_CHILD_PROTECTION,1,19,1,33,AI-positive country-years resolved for both codes,0.05263157894736842,1.0,0.5757575757575758,0.030303030303030304,False
2023,AI_GLOBAL_GOVERNANCE,AI_NATIONAL_STRATEGY,5,14,5,28,AI-positive country-years resolved for both codes,0.35714285714285715,1.0,0.5,0.17857142857142858,False
2023,AI_GLOBAL_GOVERNANCE,AI_SOVEREIGNTY_CONCENTRATION,3,16,4,29,AI-positive country-years resolved for both codes,0.1875,0.75,0.5517241379310345,0.13793103448275862,False
2023,AI_GLOBAL_GOVERNANCE,AI_GEOPOLITICAL_RIVALRY,1,18,1,32,AI-positive country-years resolved for both codes,0.05555555555555555,1.0,0.5625,0.03125,False
2023,AI_GLOBAL_GOVERNANCE,AI_OPPORTUNITY_RISK_DUALITY,13,17,15,29,AI-positive country-years resolved for both codes,0.7647058823529411,0.8666666666666667,0.5862068965517241,0.5172413793103449,False
2023,AI_GLOBAL_GOVERNANCE,AI_TRANSFORMATIVE_ERA,5,18,8,30,AI-positive country-years resolved for both codes,0.2777777777777778,0.625,0.6,0.26666666666666666,False
2023,AI_GLOBAL_GOVERNANCE,AI_TECH_LIST_MENTION,0,19,1,31,AI-positive country-years resolved for both codes,0.0,0.0,0.6129032258064516,0.03225806451612903,False
2023,AI_GLOBAL_GOVERNANCE,AI_THREAT_LIST_MENTION,0,17,4,30,AI-positive country-years resolved for both codes,0.0,0.0,0.5666666666666667,0.13333333333333333,False
2023,AI_INCLUSIVE_GOVERNANCE,AI_GOVERNANCE_SKEPTICISM,0,0,0,40,AI-positive country-years resolved for both codes,,,0.0,0.0,False
2023,AI_INCLUSIVE_GOVERNANCE,AI_UN_ROLE,0,0,14,39,AI-positive country-years resolved for both codes,,0.0,0.0,0.358974358974359,False
2023,AI_INCLUSIVE_GOVERNANCE,AI_MILITARY_WEAPONS,0,0,8,40,AI-positive country-years resolved for both codes,,0.0,0.0,0.2,False
2023,AI_INCLUSIVE_GOVERNANCE,AI_PEACE_APPLICATIONS,0,0,1,41,AI-positive country-years resolved for both codes,,0.0,0.0,0.024390243902439025,False
2023,AI_INCLUSIVE_GOVERNANCE,AI_SAFETY_EXISTENTIAL,0,0,3,36,AI-positive country-years resolved for both codes,,0.0,0.0,0.08333333333333333,False
2023,AI_INCLUSIVE_GOVERNANCE,AI_HUMAN_CONTROL,0,0,1,37,AI-positive country-years resolved for both codes,,0.0,0.0,0.02702702702702703,False
2023,AI_INCLUSIVE_GOVERNANCE,AI_HUMAN_RIGHTS_ETHICS,0,0,14,36,AI-positive country-years resolved for both codes,,0.0,0.0,0.3888888888888889,False
2023,AI_INCLUSIVE_GOVERNANCE,AI_BIAS_CULTURAL_DIVERSITY,0,0,1,40,AI-positive country-years resolved for both codes,,0.0,0.0,0.025,False
2023,AI_INCLUSIVE_GOVERNANCE,AI_DISINFORMATION,0,0,4,37,AI-positive country-years resolved for both codes,,0.0,0.0,0.10810810810810811,False
2023,AI_INCLUSIVE_GOVERNANCE,AI_CYBER_SECURITY,0,0,4,37,AI-positive country-years resolved for both codes,,0.0,0.0,0.10810810810810811,False
2023,AI_INCLUSIVE_GOVERNANCE,AI_DIGITAL_DIVIDE,0,0,6,36,AI-positive country-years resolved for both codes,,0.0,0.0,0.16666666666666666,False
2023,AI_INCLUSIVE_GOVERNANCE,AI_CAPACITY_BUILDING,0,0,1,36,AI-positive country-years resolved for both codes,,0.0,0.0,0.027777777777777776,False
2023,AI_INCLUSIVE_GOVERNANCE,AI_DEVELOPMENT_SDGS,0,0,7,34,AI-positive country-years resolved for both codes,,0.0,0.0,0.20588235294117646,False
2023,AI_INCLUSIVE_GOVERNANCE,AI_RESOURCE_FOOTPRINT,0,0,0,41,AI-positive country-years resolved for both codes,,,0.0,0.0,False
2023,AI_INCLUSIVE_GOVERNANCE,AI_ECONOMY_LABOR,0,0,4,38,AI-positive country-years resolved for both codes,,0.0,0.0,0.10526315789473684,False
2023,AI_INCLUSIVE_GOVERNANCE,AI_YOUTH_EDUCATION,0,0,0,38,AI-positive country-years resolved for both codes,,,0.0,0.0,False
2023,AI_INCLUSIVE_GOVERNANCE,AI_CHILD_PROTECTION,0,0,1,41,AI-positive country-years resolved for both codes,,0.0,0.0,0.024390243902439025,False
2023,AI_INCLUSIVE_GOVERNANCE,AI_NATIONAL_STRATEGY,0,0,6,35,AI-positive country-years resolved for both codes,,0.0,0.0,0.17142857142857143,False
2023,AI_INCLUSIVE_GOVERNANCE,AI_SOVEREIGNTY_CONCENTRATION,0,0,3,37,AI-positive country-years resolved for both codes,,0.0,0.0,0.08108108108108109,False
2023,AI_INCLUSIVE_GOVERNANCE,AI_GEOPOLITICAL_RIVALRY,0,0,1,40,AI-positive country-years resolved for both codes,,0.0,0.0,0.025,False
2023,AI_INCLUSIVE_GOVERNANCE,AI_OPPORTUNITY_RISK_DUALITY,0,0,17,35,AI-positive country-years resolved for both codes,,0.0,0.0,0.4857142857142857,False
2023,AI_INCLUSIVE_GOVERNANCE,AI_TRANSFORMATIVE_ERA,0,0,8,38,AI-positive country-years resolved for both codes,,0.0,0.0,0.21052631578947367,False
2023,AI_INCLUSIVE_GOVERNANCE,AI_TECH_LIST_MENTION,0,0,1,35,AI-positive country-years resolved for both codes,,0.0,0.0,0.02857142857142857,False
2023,AI_INCLUSIVE_GOVERNANCE,AI_THREAT_LIST_MENTION,0,0,4,37,AI-positive country-years resolved for both codes,,0.0,0.0,0.10810810810810811,False
2023,AI_GOVERNANCE_SKEPTICISM,AI_UN_ROLE,0,0,14,40,AI-positive country-years resolved for both codes,,0.0,0.0,0.35,False
2023,AI_GOVERNANCE_SKEPTICISM,AI_MILITARY_WEAPONS,0,0,8,40,AI-positive country-years resolved for both codes,,0.0,0.0,0.2,False
2023,AI_GOVERNANCE_SKEPTICISM,AI_PEACE_APPLICATIONS,0,0,1,42,AI-positive country-years resolved for both codes,,0.0,0.0,0.023809523809523808,False
2023,AI_GOVERNANCE_SKEPTICISM,AI_SAFETY_EXISTENTIAL,0,0,2,37,AI-positive country-years resolved for both codes,,0.0,0.0,0.05405405405405406,False
2023,AI_GOVERNANCE_SKEPTICISM,AI_HUMAN_CONTROL,0,0,1,39,AI-positive country-years resolved for both codes,,0.0,0.0,0.02564102564102564,False
2023,AI_GOVERNANCE_SKEPTICISM,AI_HUMAN_RIGHTS_ETHICS,0,0,14,38,AI-positive country-years resolved for both codes,,0.0,0.0,0.3684210526315789,False
2023,AI_GOVERNANCE_SKEPTICISM,AI_BIAS_CULTURAL_DIVERSITY,0,0,1,41,AI-positive country-years resolved for both codes,,0.0,0.0,0.024390243902439025,False
2023,AI_GOVERNANCE_SKEPTICISM,AI_DISINFORMATION,0,0,3,38,AI-positive country-years resolved for both codes,,0.0,0.0,0.07894736842105263,False
2023,AI_GOVERNANCE_SKEPTICISM,AI_CYBER_SECURITY,0,0,3,38,AI-positive country-years resolved for both codes,,0.0,0.0,0.07894736842105263,False
2023,AI_GOVERNANCE_SKEPTICISM,AI_DIGITAL_DIVIDE,0,0,6,37,AI-positive country-years resolved for both codes,,0.0,0.0,0.16216216216216217,False
2023,AI_GOVERNANCE_SKEPTICISM,AI_CAPACITY_BUILDING,0,0,1,38,AI-positive country-years resolved for both codes,,0.0,0.0,0.02631578947368421,False
2023,AI_GOVERNANCE_SKEPTICISM,AI_DEVELOPMENT_SDGS,0,0,6,35,AI-positive country-years resolved for both codes,,0.0,0.0,0.17142857142857143,False
2023,AI_GOVERNANCE_SKEPTICISM,AI_RESOURCE_FOOTPRINT,0,0,0,42,AI-positive country-years resolved for both codes,,,0.0,0.0,False
2023,AI_GOVERNANCE_SKEPTICISM,AI_ECONOMY_LABOR,0,0,4,40,AI-positive country-years resolved for both codes,,0.0,0.0,0.1,False
2023,AI_GOVERNANCE_SKEPTICISM,AI_YOUTH_EDUCATION,0,0,0,39,AI-positive country-years resolved for both codes,,,0.0,0.0,False
2023,AI_GOVERNANCE_SKEPTICISM,AI_CHILD_PROTECTION,0,0,1,42,AI-positive country-years resolved for both codes,,0.0,0.0,0.023809523809523808,False
2023,AI_GOVERNANCE_SKEPTICISM,AI_NATIONAL_STRATEGY,0,0,5,36,AI-positive country-years resolved for both codes,,0.0,0.0,0.1388888888888889,False
2023,AI_GOVERNANCE_SKEPTICISM,AI_SOVEREIGNTY_CONCENTRATION,0,0,3,37,AI-positive country-years resolved for both codes,,0.0,0.0,0.08108108108108109,False
2023,AI_GOVERNANCE_SKEPTICISM,AI_GEOPOLITICAL_RIVALRY,0,0,0,41,AI-positive country-years resolved for both codes,,,0.0,0.0,False
2023,AI_GOVERNANCE_SKEPTICISM,AI_OPPORTUNITY_RISK_DUALITY,0,0,16,36,AI-positive country-years resolved for both codes,,0.0,0.0,0.4444444444444444,False
2023,AI_GOVERNANCE_SKEPTICISM,AI_TRANSFORMATIVE_ERA,0,0,7,38,AI-positive country-years resolved for both codes,,0.0,0.0,0.18421052631578946,False
2023,AI_GOVERNANCE_SKEPTICISM,AI_TECH_LIST_MENTION,0,0,1,36,AI-positive country-years resolved for both codes,,0.0,0.0,0.027777777777777776,False
2023,AI_GOVERNANCE_SKEPTICISM,AI_THREAT_LIST_MENTION,0,0,4,38,AI-positive country-years resolved for both codes,,0.0,0.0,0.10526315789473684,False
2023,AI_UN_ROLE,AI_MILITARY_WEAPONS,5,14,8,39,AI-positive country-years resolved for both codes,0.35714285714285715,0.625,0.358974358974359,0.20512820512820512,False
2023,AI_UN_ROLE,AI_PEACE_APPLICATIONS,0,15,1,41,AI-positive country-years resolved for both codes,0.0,0.0,0.36585365853658536,0.024390243902439025,False
2023,AI_UN_ROLE,AI_SAFETY_EXISTENTIAL,2,13,3,36,AI-positive country-years resolved for both codes,0.15384615384615385,0.6666666666666666,0.3611111111111111,0.08333333333333333,False
2023,AI_UN_ROLE,AI_HUMAN_CONTROL,1,14,1,38,AI-positive country-years resolved for both codes,0.07142857142857142,1.0,0.3684210526315789,0.02631578947368421,False
2023,AI_UN_ROLE,AI_HUMAN_RIGHTS_ETHICS,7,12,13,36,AI-positive country-years resolved for both codes,0.5833333333333334,0.5384615384615384,0.3333333333333333,0.3611111111111111,False
2023,AI_UN_ROLE,AI_BIAS_CULTURAL_DIVERSITY,1,15,1,40,AI-positive country-years resolved for both codes,0.06666666666666667,1.0,0.375,0.025,False
2023,AI_UN_ROLE,AI_DISINFORMATION,2,14,4,37,AI-positive country-years resolved for both codes,0.14285714285714285,0.5,0.3783783783783784,0.10810810810810811,False
2023,AI_UN_ROLE,AI_CYBER_SECURITY,3,13,4,37,AI-positive country-years resolved for both codes,0.23076923076923078,0.75,0.35135135135135137,0.10810810810810811,False
2023,AI_UN_ROLE,AI_DIGITAL_DIVIDE,4,15,7,37,AI-positive country-years resolved for both codes,0.26666666666666666,0.5714285714285714,0.40540540540540543,0.1891891891891892,False
2023,AI_UN_ROLE,AI_CAPACITY_BUILDING,0,14,1,36,AI-positive country-years resolved for both codes,0.0,0.0,0.3888888888888889,0.027777777777777776,False
2023,AI_UN_ROLE,AI_DEVELOPMENT_SDGS,3,14,7,34,AI-positive country-years resolved for both codes,0.21428571428571427,0.42857142857142855,0.4117647058823529,0.20588235294117646,False
2023,AI_UN_ROLE,AI_RESOURCE_FOOTPRINT,0,15,0,41,AI-positive country-years resolved for both codes,0.0,,0.36585365853658536,0.0,False
2023,AI_UN_ROLE,AI_ECONOMY_LABOR,0,13,3,38,AI-positive country-years resolved for both codes,0.0,0.0,0.34210526315789475,0.07894736842105263,False
2023,AI_UN_ROLE,AI_YOUTH_EDUCATION,0,15,0,38,AI-positive country-years resolved for both codes,0.0,,0.39473684210526316,0.0,False
2023,AI_UN_ROLE,AI_CHILD_PROTECTION,0,15,1,41,AI-positive country-years resolved for both codes,0.0,0.0,0.36585365853658536,0.024390243902439025,False
2023,AI_UN_ROLE,AI_NATIONAL_STRATEGY,2,12,6,36,AI-positive country-years resolved for both codes,0.16666666666666666,0.3333333333333333,0.3333333333333333,0.16666666666666666,False
2023,AI_UN_ROLE,AI_SOVEREIGNTY_CONCENTRATION,2,12,3,36,AI-positive country-years resolved for both codes,0.16666666666666666,0.6666666666666666,0.3333333333333333,0.08333333333333333,False
2023,AI_UN_ROLE,AI_GEOPOLITICAL_RIVALRY,1,15,1,40,AI-positive country-years resolved for both codes,0.06666666666666667,1.0,0.375,0.025,False
2023,AI_UN_ROLE,AI_OPPORTUNITY_RISK_DUALITY,8,14,16,35,AI-positive country-years resolved for both codes,0.5714285714285714,0.5,0.4,0.45714285714285713,False
2023,AI_UN_ROLE,AI_TRANSFORMATIVE_ERA,3,15,8,38,AI-positive country-years resolved for both codes,0.2,0.375,0.39473684210526316,0.21052631578947367,False
2023,AI_UN_ROLE,AI_TECH_LIST_MENTION,0,15,1,36,AI-positive country-years resolved for both codes,0.0,0.0,0.4166666666666667,0.027777777777777776,False
2023,AI_UN_ROLE,AI_THREAT_LIST_MENTION,0,13,4,38,AI-positive country-years resolved for both codes,0.0,0.0,0.34210526315789475,0.10526315789473684,False
2023,AI_MILITARY_WEAPONS,AI_PEACE_APPLICATIONS,1,8,1,41,AI-positive country-years resolved for both codes,0.125,1.0,0.1951219512195122,0.024390243902439025,False
2023,AI_MILITARY_WEAPONS,AI_SAFETY_EXISTENTIAL,1,5,3,36,AI-positive country-years resolved for both codes,0.2,0.3333333333333333,0.1388888888888889,0.08333333333333333,False
2023,AI_MILITARY_WEAPONS,AI_HUMAN_CONTROL,0,7,1,37,AI-positive country-years resolved for both codes,0.0,0.0,0.1891891891891892,0.02702702702702703,False
2023,AI_MILITARY_WEAPONS,AI_HUMAN_RIGHTS_ETHICS,2,8,14,37,AI-positive country-years resolved for both codes,0.25,0.14285714285714285,0.21621621621621623,0.3783783783783784,False
2023,AI_MILITARY_WEAPONS,AI_BIAS_CULTURAL_DIVERSITY,1,8,1,40,AI-positive country-years resolved for both codes,0.125,1.0,0.2,0.025,False
2023,AI_MILITARY_WEAPONS,AI_DISINFORMATION,1,7,4,37,AI-positive country-years resolved for both codes,0.14285714285714285,0.25,0.1891891891891892,0.10810810810810811,False
2023,AI_MILITARY_WEAPONS,AI_CYBER_SECURITY,3,7,4,37,AI-positive country-years resolved for both codes,0.42857142857142855,0.75,0.1891891891891892,0.10810810810810811,False
2023,AI_MILITARY_WEAPONS,AI_DIGITAL_DIVIDE,2,8,6,36,AI-positive country-years resolved for both codes,0.25,0.3333333333333333,0.2222222222222222,0.16666666666666666,False
2023,AI_MILITARY_WEAPONS,AI_CAPACITY_BUILDING,0,8,1,36,AI-positive country-years resolved for both codes,0.0,0.0,0.2222222222222222,0.027777777777777776,False
2023,AI_MILITARY_WEAPONS,AI_DEVELOPMENT_SDGS,2,8,6,34,AI-positive country-years resolved for both codes,0.25,0.3333333333333333,0.23529411764705882,0.17647058823529413,False
2023,AI_MILITARY_WEAPONS,AI_RESOURCE_FOOTPRINT,0,8,0,41,AI-positive country-years resolved for both codes,0.0,,0.1951219512195122,0.0,False
2023,AI_MILITARY_WEAPONS,AI_ECONOMY_LABOR,1,7,4,38,AI-positive country-years resolved for both codes,0.14285714285714285,0.25,0.18421052631578946,0.10526315789473684,False
2023,AI_MILITARY_WEAPONS,AI_YOUTH_EDUCATION,0,7,0,38,AI-positive country-years resolved for both codes,0.0,,0.18421052631578946,0.0,False
2023,AI_MILITARY_WEAPONS,AI_CHILD_PROTECTION,0,8,1,41,AI-positive country-years resolved for both codes,0.0,0.0,0.1951219512195122,0.024390243902439025,False
2023,AI_MILITARY_WEAPONS,AI_NATIONAL_STRATEGY,1,7,6,35,AI-positive country-years resolved for both codes,0.14285714285714285,0.16666666666666666,0.2,0.17142857142857143,False
2023,AI_MILITARY_WEAPONS,AI_SOVEREIGNTY_CONCENTRATION,0,6,3,36,AI-positive country-years resolved for both codes,0.0,0.0,0.16666666666666666,0.08333333333333333,False
2023,AI_MILITARY_WEAPONS,AI_GEOPOLITICAL_RIVALRY,0,7,1,40,AI-positive country-years resolved for both codes,0.0,0.0,0.175,0.025,False
2023,AI_MILITARY_WEAPONS,AI_OPPORTUNITY_RISK_DUALITY,4,7,16,35,AI-positive country-years resolved for both codes,0.5714285714285714,0.25,0.2,0.45714285714285713,False
2023,AI_MILITARY_WEAPONS,AI_TRANSFORMATIVE_ERA,2,8,7,38,AI-positive country-years resolved for both codes,0.25,0.2857142857142857,0.21052631578947367,0.18421052631578946,False
2023,AI_MILITARY_WEAPONS,AI_TECH_LIST_MENTION,0,8,1,35,AI-positive country-years resolved for both codes,0.0,0.0,0.22857142857142856,0.02857142857142857,False
2023,AI_MILITARY_WEAPONS,AI_THREAT_LIST_MENTION,0,6,4,37,AI-positive country-years resolved for both codes,0.0,0.0,0.16216216216216217,0.10810810810810811,False
2023,AI_PEACE_APPLICATIONS,AI_SAFETY_EXISTENTIAL,1,1,3,38,AI-positive country-years resolved for both codes,1.0,0.3333333333333333,0.02631578947368421,0.07894736842105263,False
2023,AI_PEACE_APPLICATIONS,AI_HUMAN_CONTROL,0,0,1,39,AI-positive country-years resolved for both codes,,0.0,0.0,0.02564102564102564,False
2023,AI_PEACE_APPLICATIONS,AI_HUMAN_RIGHTS_ETHICS,1,1,14,38,AI-positive country-years resolved for both codes,1.0,0.07142857142857142,0.02631578947368421,0.3684210526315789,False
2023,AI_PEACE_APPLICATIONS,AI_BIAS_CULTURAL_DIVERSITY,0,1,1,42,AI-positive country-years resolved for both codes,0.0,0.0,0.023809523809523808,0.023809523809523808,False
2023,AI_PEACE_APPLICATIONS,AI_DISINFORMATION,1,1,4,39,AI-positive country-years resolved for both codes,1.0,0.25,0.02564102564102564,0.10256410256410256,False
2023,AI_PEACE_APPLICATIONS,AI_CYBER_SECURITY,1,1,4,39,AI-positive country-years resolved for both codes,1.0,0.25,0.02564102564102564,0.10256410256410256,False
2023,AI_PEACE_APPLICATIONS,AI_DIGITAL_DIVIDE,0,1,7,38,AI-positive country-years resolved for both codes,0.0,0.0,0.02631578947368421,0.18421052631578946,False
2023,AI_PEACE_APPLICATIONS,AI_CAPACITY_BUILDING,0,1,1,38,AI-positive country-years resolved for both codes,0.0,0.0,0.02631578947368421,0.02631578947368421,False
2023,AI_PEACE_APPLICATIONS,AI_DEVELOPMENT_SDGS,1,1,7,36,AI-positive country-years resolved for both codes,1.0,0.14285714285714285,0.027777777777777776,0.19444444444444445,False
2023,AI_PEACE_APPLICATIONS,AI_RESOURCE_FOOTPRINT,0,1,0,43,AI-positive country-years resolved for both codes,0.0,,0.023255813953488372,0.0,False
2023,AI_PEACE_APPLICATIONS,AI_ECONOMY_LABOR,1,1,4,40,AI-positive country-years resolved for both codes,1.0,0.25,0.025,0.1,False
2023,AI_PEACE_APPLICATIONS,AI_YOUTH_EDUCATION,0,0,0,40,AI-positive country-years resolved for both codes,,,0.0,0.0,False
2023,AI_PEACE_APPLICATIONS,AI_CHILD_PROTECTION,0,1,1,43,AI-positive country-years resolved for both codes,0.0,0.0,0.023255813953488372,0.023255813953488372,False
2023,AI_PEACE_APPLICATIONS,AI_NATIONAL_STRATEGY,1,1,6,37,AI-positive country-years resolved for both codes,1.0,0.16666666666666666,0.02702702702702703,0.16216216216216217,False
2023,AI_PEACE_APPLICATIONS,AI_SOVEREIGNTY_CONCENTRATION,0,0,4,38,AI-positive country-years resolved for both codes,,0.0,0.0,0.10526315789473684,False
2023,AI_PEACE_APPLICATIONS,AI_GEOPOLITICAL_RIVALRY,0,0,1,42,AI-positive country-years resolved for both codes,,0.0,0.0,0.023809523809523808,False
2023,AI_PEACE_APPLICATIONS,AI_OPPORTUNITY_RISK_DUALITY,1,1,17,37,AI-positive country-years resolved for both codes,1.0,0.058823529411764705,0.02702702702702703,0.4594594594594595,False
2023,AI_PEACE_APPLICATIONS,AI_TRANSFORMATIVE_ERA,1,1,8,39,AI-positive country-years resolved for both codes,1.0,0.125,0.02564102564102564,0.20512820512820512,False
2023,AI_PEACE_APPLICATIONS,AI_TECH_LIST_MENTION,0,1,1,37,AI-positive country-years resolved for both codes,0.0,0.0,0.02702702702702703,0.02702702702702703,False
2023,AI_PEACE_APPLICATIONS,AI_THREAT_LIST_MENTION,0,1,4,39,AI-positive country-years resolved for both codes,0.0,0.0,0.02564102564102564,0.10256410256410256,False
2023,AI_SAFETY_EXISTENTIAL,AI_HUMAN_CONTROL,1,1,1,35,AI-positive country-years resolved for both codes,1.0,1.0,0.02857142857142857,0.02857142857142857,False
2023,AI_SAFETY_EXISTENTIAL,AI_HUMAN_RIGHTS_ETHICS,1,1,12,33,AI-positive country-years resolved for both codes,1.0,0.08333333333333333,0.030303030303030304,0.36363636363636365,False
2023,AI_SAFETY_EXISTENTIAL,AI_BIAS_CULTURAL_DIVERSITY,0,3,1,38,AI-positive country-years resolved for both codes,0.0,0.0,0.07894736842105263,0.02631578947368421,False
2023,AI_SAFETY_EXISTENTIAL,AI_DISINFORMATION,2,3,3,35,AI-positive country-years resolved for both codes,0.6666666666666666,0.6666666666666666,0.08571428571428572,0.08571428571428572,False
2023,AI_SAFETY_EXISTENTIAL,AI_CYBER_SECURITY,2,3,3,34,AI-positive country-years resolved for both codes,0.6666666666666666,0.6666666666666666,0.08823529411764706,0.08823529411764706,False
2023,AI_SAFETY_EXISTENTIAL,AI_DIGITAL_DIVIDE,1,3,6,33,AI-positive country-years resolved for both codes,0.3333333333333333,0.16666666666666666,0.09090909090909091,0.18181818181818182,False
2023,AI_SAFETY_EXISTENTIAL,AI_CAPACITY_BUILDING,0,2,1,33,AI-positive country-years resolved for both codes,0.0,0.0,0.06060606060606061,0.030303030303030304,False
2023,AI_SAFETY_EXISTENTIAL,AI_DEVELOPMENT_SDGS,2,3,5,31,AI-positive country-years resolved for both codes,0.6666666666666666,0.4,0.0967741935483871,0.16129032258064516,False
2023,AI_SAFETY_EXISTENTIAL,AI_RESOURCE_FOOTPRINT,0,3,0,38,AI-positive country-years resolved for both codes,0.0,,0.07894736842105263,0.0,False
2023,AI_SAFETY_EXISTENTIAL,AI_ECONOMY_LABOR,1,2,3,36,AI-positive country-years resolved for both codes,0.5,0.3333333333333333,0.05555555555555555,0.08333333333333333,False
2023,AI_SAFETY_EXISTENTIAL,AI_YOUTH_EDUCATION,0,2,0,35,AI-positive country-years resolved for both codes,0.0,,0.05714285714285714,0.0,False
2023,AI_SAFETY_EXISTENTIAL,AI_CHILD_PROTECTION,0,3,1,38,AI-positive country-years resolved for both codes,0.0,0.0,0.07894736842105263,0.02631578947368421,False
2023,AI_SAFETY_EXISTENTIAL,AI_NATIONAL_STRATEGY,2,2,5,33,AI-positive country-years resolved for both codes,1.0,0.4,0.06060606060606061,0.15151515151515152,False
2023,AI_SAFETY_EXISTENTIAL,AI_SOVEREIGNTY_CONCENTRATION,1,2,4,33,AI-positive country-years resolved for both codes,0.5,0.25,0.06060606060606061,0.12121212121212122,False
2023,AI_SAFETY_EXISTENTIAL,AI_GEOPOLITICAL_RIVALRY,1,2,1,37,AI-positive country-years resolved for both codes,0.5,1.0,0.05405405405405406,0.02702702702702703,False
2023,AI_SAFETY_EXISTENTIAL,AI_OPPORTUNITY_RISK_DUALITY,3,3,13,33,AI-positive country-years resolved for both codes,1.0,0.23076923076923078,0.09090909090909091,0.3939393939393939,False
2023,AI_SAFETY_EXISTENTIAL,AI_TRANSFORMATIVE_ERA,2,3,7,35,AI-positive country-years resolved for both codes,0.6666666666666666,0.2857142857142857,0.08571428571428572,0.2,False
2023,AI_SAFETY_EXISTENTIAL,AI_TECH_LIST_MENTION,0,3,1,32,AI-positive country-years resolved for both codes,0.0,0.0,0.09375,0.03125,False
2023,AI_SAFETY_EXISTENTIAL,AI_THREAT_LIST_MENTION,0,3,4,35,AI-positive country-years resolved for both codes,0.0,0.0,0.08571428571428572,0.11428571428571428,False
2023,AI_HUMAN_CONTROL,AI_HUMAN_RIGHTS_ETHICS,0,0,12,35,AI-positive country-years resolved for both codes,,0.0,0.0,0.34285714285714286,False
2023,AI_HUMAN_CONTROL,AI_BIAS_CULTURAL_DIVERSITY,0,1,1,38,AI-positive country-years resolved for both codes,0.0,0.0,0.02631578947368421,0.02631578947368421,False
2023,AI_HUMAN_CONTROL,AI_DISINFORMATION,0,1,2,35,AI-positive country-years resolved for both codes,0.0,0.0,0.02857142857142857,0.05714285714285714,False
2023,AI_HUMAN_CONTROL,AI_CYBER_SECURITY,0,1,2,35,AI-positive country-years resolved for both codes,0.0,0.0,0.02857142857142857,0.05714285714285714,False
2023,AI_HUMAN_CONTROL,AI_DIGITAL_DIVIDE,0,1,6,35,AI-positive country-years resolved for both codes,0.0,0.0,0.02857142857142857,0.17142857142857143,False
2023,AI_HUMAN_CONTROL,AI_CAPACITY_BUILDING,0,1,1,35,AI-positive country-years resolved for both codes,0.0,0.0,0.02857142857142857,0.02857142857142857,False
2023,AI_HUMAN_CONTROL,AI_DEVELOPMENT_SDGS,0,1,4,32,AI-positive country-years resolved for both codes,0.0,0.0,0.03125,0.125,False
2023,AI_HUMAN_CONTROL,AI_RESOURCE_FOOTPRINT,0,1,0,39,AI-positive country-years resolved for both codes,0.0,,0.02564102564102564,0.0,False
2023,AI_HUMAN_CONTROL,AI_ECONOMY_LABOR,0,1,1,37,AI-positive country-years resolved for both codes,0.0,0.0,0.02702702702702703,0.02702702702702703,False
2023,AI_HUMAN_CONTROL,AI_YOUTH_EDUCATION,0,1,0,37,AI-positive country-years resolved for both codes,0.0,,0.02702702702702703,0.0,False
2023,AI_HUMAN_CONTROL,AI_CHILD_PROTECTION,0,1,1,39,AI-positive country-years resolved for both codes,0.0,0.0,0.02564102564102564,0.02564102564102564,False
2023,AI_HUMAN_CONTROL,AI_NATIONAL_STRATEGY,0,0,3,34,AI-positive country-years resolved for both codes,,0.0,0.0,0.08823529411764706,False
2023,AI_HUMAN_CONTROL,AI_SOVEREIGNTY_CONCENTRATION,0,1,2,35,AI-positive country-years resolved for both codes,0.0,0.0,0.02857142857142857,0.05714285714285714,False
2023,AI_HUMAN_CONTROL,AI_GEOPOLITICAL_RIVALRY,0,1,0,39,AI-positive country-years resolved for both codes,0.0,,0.02564102564102564,0.0,False
2023,AI_HUMAN_CONTROL,AI_OPPORTUNITY_RISK_DUALITY,1,1,13,33,AI-positive country-years resolved for both codes,1.0,0.07692307692307693,0.030303030303030304,0.3939393939393939,False
2023,AI_HUMAN_CONTROL,AI_TRANSFORMATIVE_ERA,0,1,6,36,AI-positive country-years resolved for both codes,0.0,0.0,0.027777777777777776,0.16666666666666666,False
2023,AI_HUMAN_CONTROL,AI_TECH_LIST_MENTION,0,1,1,33,AI-positive country-years resolved for both codes,0.0,0.0,0.030303030303030304,0.030303030303030304,False
2023,AI_HUMAN_CONTROL,AI_THREAT_LIST_MENTION,0,1,4,35,AI-positive country-years resolved for both codes,0.0,0.0,0.02857142857142857,0.11428571428571428,False
2023,AI_HUMAN_RIGHTS_ETHICS,AI_BIAS_CULTURAL_DIVERSITY,0,13,1,37,AI-positive country-years resolved for both codes,0.0,0.0,0.35135135135135137,0.02702702702702703,False
2023,AI_HUMAN_RIGHTS_ETHICS,AI_DISINFORMATION,3,12,3,35,AI-positive country-years resolved for both codes,0.25,1.0,0.34285714285714286,0.08571428571428572,False
2023,AI_HUMAN_RIGHTS_ETHICS,AI_CYBER_SECURITY,2,13,3,35,AI-positive country-years resolved for both codes,0.15384615384615385,0.6666666666666666,0.37142857142857144,0.08571428571428572,False
2023,AI_HUMAN_RIGHTS_ETHICS,AI_DIGITAL_DIVIDE,1,11,6,34,AI-positive country-years resolved for both codes,0.09090909090909091,0.16666666666666666,0.3235294117647059,0.17647058823529413,False
2023,AI_HUMAN_RIGHTS_ETHICS,AI_CAPACITY_BUILDING,0,13,1,34,AI-positive country-years resolved for both codes,0.0,0.0,0.38235294117647056,0.029411764705882353,False
2023,AI_HUMAN_RIGHTS_ETHICS,AI_DEVELOPMENT_SDGS,2,11,5,32,AI-positive country-years resolved for both codes,0.18181818181818182,0.4,0.34375,0.15625,False
2023,AI_HUMAN_RIGHTS_ETHICS,AI_RESOURCE_FOOTPRINT,0,14,0,38,AI-positive country-years resolved for both codes,0.0,,0.3684210526315789,0.0,False
2023,AI_HUMAN_RIGHTS_ETHICS,AI_ECONOMY_LABOR,2,13,4,36,AI-positive country-years resolved for both codes,0.15384615384615385,0.5,0.3611111111111111,0.1111111111111111,False
2023,AI_HUMAN_RIGHTS_ETHICS,AI_YOUTH_EDUCATION,0,13,0,36,AI-positive country-years resolved for both codes,0.0,,0.3611111111111111,0.0,False
2023,AI_HUMAN_RIGHTS_ETHICS,AI_CHILD_PROTECTION,1,14,1,38,AI-positive country-years resolved for both codes,0.07142857142857142,1.0,0.3684210526315789,0.02631578947368421,False
2023,AI_HUMAN_RIGHTS_ETHICS,AI_NATIONAL_STRATEGY,3,11,5,33,AI-positive country-years resolved for both codes,0.2727272727272727,0.6,0.3333333333333333,0.15151515151515152,False
2023,AI_HUMAN_RIGHTS_ETHICS,AI_SOVEREIGNTY_CONCENTRATION,2,12,3,33,AI-positive country-years resolved for both codes,0.16666666666666666,0.6666666666666666,0.36363636363636365,0.09090909090909091,False
2023,AI_HUMAN_RIGHTS_ETHICS,AI_GEOPOLITICAL_RIVALRY,0,13,0,37,AI-positive country-years resolved for both codes,0.0,,0.35135135135135137,0.0,False
2023,AI_HUMAN_RIGHTS_ETHICS,AI_OPPORTUNITY_RISK_DUALITY,9,12,14,33,AI-positive country-years resolved for both codes,0.75,0.6428571428571429,0.36363636363636365,0.42424242424242425,False
2023,AI_HUMAN_RIGHTS_ETHICS,AI_TRANSFORMATIVE_ERA,2,14,6,34,AI-positive country-years resolved for both codes,0.14285714285714285,0.3333333333333333,0.4117647058823529,0.17647058823529413,False
2023,AI_HUMAN_RIGHTS_ETHICS,AI_TECH_LIST_MENTION,0,14,1,34,AI-positive country-years resolved for both codes,0.0,0.0,0.4117647058823529,0.029411764705882353,False
2023,AI_HUMAN_RIGHTS_ETHICS,AI_THREAT_LIST_MENTION,0,12,4,34,AI-positive country-years resolved for both codes,0.0,0.0,0.35294117647058826,0.11764705882352941,False
2023,AI_BIAS_CULTURAL_DIVERSITY,AI_DISINFORMATION,0,1,3,38,AI-positive country-years resolved for both codes,0.0,0.0,0.02631578947368421,0.07894736842105263,False
2023,AI_BIAS_CULTURAL_DIVERSITY,AI_CYBER_SECURITY,0,1,4,38,AI-positive country-years resolved for both codes,0.0,0.0,0.02631578947368421,0.10526315789473684,False
2023,AI_BIAS_CULTURAL_DIVERSITY,AI_DIGITAL_DIVIDE,1,1,7,37,AI-positive country-years resolved for both codes,1.0,0.14285714285714285,0.02702702702702703,0.1891891891891892,False
2023,AI_BIAS_CULTURAL_DIVERSITY,AI_CAPACITY_BUILDING,0,1,1,37,AI-positive country-years resolved for both codes,0.0,0.0,0.02702702702702703,0.02702702702702703,False
2023,AI_BIAS_CULTURAL_DIVERSITY,AI_DEVELOPMENT_SDGS,0,1,7,35,AI-positive country-years resolved for both codes,0.0,0.0,0.02857142857142857,0.2,False
2023,AI_BIAS_CULTURAL_DIVERSITY,AI_RESOURCE_FOOTPRINT,0,1,0,42,AI-positive country-years resolved for both codes,0.0,,0.023809523809523808,0.0,False
2023,AI_BIAS_CULTURAL_DIVERSITY,AI_ECONOMY_LABOR,0,1,4,39,AI-positive country-years resolved for both codes,0.0,0.0,0.02564102564102564,0.10256410256410256,False
2023,AI_BIAS_CULTURAL_DIVERSITY,AI_YOUTH_EDUCATION,0,1,0,39,AI-positive country-years resolved for both codes,0.0,,0.02564102564102564,0.0,False
2023,AI_BIAS_CULTURAL_DIVERSITY,AI_CHILD_PROTECTION,0,1,1,42,AI-positive country-years resolved for both codes,0.0,0.0,0.023809523809523808,0.023809523809523808,False
2023,AI_BIAS_CULTURAL_DIVERSITY,AI_NATIONAL_STRATEGY,0,1,6,36,AI-positive country-years resolved for both codes,0.0,0.0,0.027777777777777776,0.16666666666666666,False
2023,AI_BIAS_CULTURAL_DIVERSITY,AI_SOVEREIGNTY_CONCENTRATION,0,0,4,37,AI-positive country-years resolved for both codes,,0.0,0.0,0.10810810810810811,False
2023,AI_BIAS_CULTURAL_DIVERSITY,AI_GEOPOLITICAL_RIVALRY,0,1,1,41,AI-positive country-years resolved for both codes,0.0,0.0,0.024390243902439025,0.024390243902439025,False
2023,AI_BIAS_CULTURAL_DIVERSITY,AI_OPPORTUNITY_RISK_DUALITY,1,1,16,36,AI-positive country-years resolved for both codes,1.0,0.0625,0.027777777777777776,0.4444444444444444,False
2023,AI_BIAS_CULTURAL_DIVERSITY,AI_TRANSFORMATIVE_ERA,0,1,8,38,AI-positive country-years resolved for both codes,0.0,0.0,0.02631578947368421,0.21052631578947367,False
2023,AI_BIAS_CULTURAL_DIVERSITY,AI_TECH_LIST_MENTION,0,1,1,36,AI-positive country-years resolved for both codes,0.0,0.0,0.027777777777777776,0.027777777777777776,False
2023,AI_BIAS_CULTURAL_DIVERSITY,AI_THREAT_LIST_MENTION,0,1,4,38,AI-positive country-years resolved for both codes,0.0,0.0,0.02631578947368421,0.10526315789473684,False
2023,AI_DISINFORMATION,AI_CYBER_SECURITY,2,4,4,36,AI-positive country-years resolved for both codes,0.5,0.5,0.1111111111111111,0.1111111111111111,False
2023,AI_DISINFORMATION,AI_DIGITAL_DIVIDE,2,4,6,36,AI-positive country-years resolved for both codes,0.5,0.3333333333333333,0.1111111111111111,0.16666666666666666,False
2023,AI_DISINFORMATION,AI_CAPACITY_BUILDING,0,3,1,34,AI-positive country-years resolved for both codes,0.0,0.0,0.08823529411764706,0.029411764705882353,False
2023,AI_DISINFORMATION,AI_DEVELOPMENT_SDGS,2,4,7,35,AI-positive country-years resolved for both codes,0.5,0.2857142857142857,0.11428571428571428,0.2,False
2023,AI_DISINFORMATION,AI_RESOURCE_FOOTPRINT,0,4,0,39,AI-positive country-years resolved for both codes,0.0,,0.10256410256410256,0.0,False
2023,AI_DISINFORMATION,AI_ECONOMY_LABOR,1,3,4,38,AI-positive country-years resolved for both codes,0.3333333333333333,0.25,0.07894736842105263,0.10526315789473684,False
2023,AI_DISINFORMATION,AI_YOUTH_EDUCATION,0,3,0,37,AI-positive country-years resolved for both codes,0.0,,0.08108108108108109,0.0,False
2023,AI_DISINFORMATION,AI_CHILD_PROTECTION,0,4,0,39,AI-positive country-years resolved for both codes,0.0,,0.10256410256410256,0.0,False
2023,AI_DISINFORMATION,AI_NATIONAL_STRATEGY,3,4,5,34,AI-positive country-years resolved for both codes,0.75,0.6,0.11764705882352941,0.14705882352941177,False
2023,AI_DISINFORMATION,AI_SOVEREIGNTY_CONCENTRATION,1,3,4,34,AI-positive country-years resolved for both codes,0.3333333333333333,0.25,0.08823529411764706,0.11764705882352941,False
2023,AI_DISINFORMATION,AI_GEOPOLITICAL_RIVALRY,1,3,1,38,AI-positive country-years resolved for both codes,0.3333333333333333,1.0,0.07894736842105263,0.02631578947368421,False
2023,AI_DISINFORMATION,AI_OPPORTUNITY_RISK_DUALITY,3,4,14,34,AI-positive country-years resolved for both codes,0.75,0.21428571428571427,0.11764705882352941,0.4117647058823529,False
2023,AI_DISINFORMATION,AI_TRANSFORMATIVE_ERA,2,4,6,35,AI-positive country-years resolved for both codes,0.5,0.3333333333333333,0.11428571428571428,0.17142857142857143,False
2023,AI_DISINFORMATION,AI_TECH_LIST_MENTION,0,4,1,34,AI-positive country-years resolved for both codes,0.0,0.0,0.11764705882352941,0.029411764705882353,False
2023,AI_DISINFORMATION,AI_THREAT_LIST_MENTION,0,4,4,35,AI-positive country-years resolved for both codes,0.0,0.0,0.11428571428571428,0.11428571428571428,False
2023,AI_CYBER_SECURITY,AI_DIGITAL_DIVIDE,1,4,7,35,AI-positive country-years resolved for both codes,0.25,0.14285714285714285,0.11428571428571428,0.2,False
2023,AI_CYBER_SECURITY,AI_CAPACITY_BUILDING,0,3,1,34,AI-positive country-years resolved for both codes,0.0,0.0,0.08823529411764706,0.029411764705882353,False
2023,AI_CYBER_SECURITY,AI_DEVELOPMENT_SDGS,3,4,7,33,AI-positive country-years resolved for both codes,0.75,0.42857142857142855,0.12121212121212122,0.21212121212121213,False
2023,AI_CYBER_SECURITY,AI_RESOURCE_FOOTPRINT,0,4,0,39,AI-positive country-years resolved for both codes,0.0,,0.10256410256410256,0.0,False
2023,AI_CYBER_SECURITY,AI_ECONOMY_LABOR,1,3,4,36,AI-positive country-years resolved for both codes,0.3333333333333333,0.25,0.08333333333333333,0.1111111111111111,False
2023,AI_CYBER_SECURITY,AI_YOUTH_EDUCATION,0,3,0,37,AI-positive country-years resolved for both codes,0.0,,0.08108108108108109,0.0,False
2023,AI_CYBER_SECURITY,AI_CHILD_PROTECTION,0,4,1,39,AI-positive country-years resolved for both codes,0.0,0.0,0.10256410256410256,0.02564102564102564,False
2023,AI_CYBER_SECURITY,AI_NATIONAL_STRATEGY,2,4,6,33,AI-positive country-years resolved for both codes,0.5,0.3333333333333333,0.12121212121212122,0.18181818181818182,False
2023,AI_CYBER_SECURITY,AI_SOVEREIGNTY_CONCENTRATION,1,3,3,34,AI-positive country-years resolved for both codes,0.3333333333333333,0.3333333333333333,0.08823529411764706,0.08823529411764706,False
2023,AI_CYBER_SECURITY,AI_GEOPOLITICAL_RIVALRY,1,3,1,38,AI-positive country-years resolved for both codes,0.3333333333333333,1.0,0.07894736842105263,0.02631578947368421,False
2023,AI_CYBER_SECURITY,AI_OPPORTUNITY_RISK_DUALITY,3,4,16,34,AI-positive country-years resolved for both codes,0.75,0.1875,0.11764705882352941,0.47058823529411764,False
2023,AI_CYBER_SECURITY,AI_TRANSFORMATIVE_ERA,2,4,8,35,AI-positive country-years resolved for both codes,0.5,0.25,0.11428571428571428,0.22857142857142856,False
2023,AI_CYBER_SECURITY,AI_TECH_LIST_MENTION,0,4,1,34,AI-positive country-years resolved for both codes,0.0,0.0,0.11764705882352941,0.029411764705882353,False
2023,AI_CYBER_SECURITY,AI_THREAT_LIST_MENTION,0,3,4,35,AI-positive country-years resolved for both codes,0.0,0.0,0.08571428571428572,0.11428571428571428,False
2023,AI_DIGITAL_DIVIDE,AI_CAPACITY_BUILDING,1,5,1,34,AI-positive country-years resolved for both codes,0.2,1.0,0.14705882352941177,0.029411764705882353,False
2023,AI_DIGITAL_DIVIDE,AI_DEVELOPMENT_SDGS,1,5,6,33,AI-positive country-years resolved for both codes,0.2,0.16666666666666666,0.15151515151515152,0.18181818181818182,False
2023,AI_DIGITAL_DIVIDE,AI_RESOURCE_FOOTPRINT,0,7,0,38,AI-positive country-years resolved for both codes,0.0,,0.18421052631578946,0.0,False
2023,AI_DIGITAL_DIVIDE,AI_ECONOMY_LABOR,0,5,3,36,AI-positive country-years resolved for both codes,0.0,0.0,0.1388888888888889,0.08333333333333333,False
2023,AI_DIGITAL_DIVIDE,AI_YOUTH_EDUCATION,0,7,0,36,AI-positive country-years resolved for both codes,0.0,,0.19444444444444445,0.0,False
2023,AI_DIGITAL_DIVIDE,AI_CHILD_PROTECTION,0,7,0,38,AI-positive country-years resolved for both codes,0.0,,0.18421052631578946,0.0,False
2023,AI_DIGITAL_DIVIDE,AI_NATIONAL_STRATEGY,2,6,5,33,AI-positive country-years resolved for both codes,0.3333333333333333,0.4,0.18181818181818182,0.15151515151515152,False
2023,AI_DIGITAL_DIVIDE,AI_SOVEREIGNTY_CONCENTRATION,2,5,3,33,AI-positive country-years resolved for both codes,0.4,0.6666666666666666,0.15151515151515152,0.09090909090909091,False
2023,AI_DIGITAL_DIVIDE,AI_GEOPOLITICAL_RIVALRY,1,7,1,37,AI-positive country-years resolved for both codes,0.14285714285714285,1.0,0.1891891891891892,0.02702702702702703,False
2023,AI_DIGITAL_DIVIDE,AI_OPPORTUNITY_RISK_DUALITY,4,7,14,33,AI-positive country-years resolved for both codes,0.5714285714285714,0.2857142857142857,0.21212121212121213,0.42424242424242425,False
2023,AI_DIGITAL_DIVIDE,AI_TRANSFORMATIVE_ERA,3,6,7,34,AI-positive country-years resolved for both codes,0.5,0.42857142857142855,0.17647058823529413,0.20588235294117646,False
2023,AI_DIGITAL_DIVIDE,AI_TECH_LIST_MENTION,0,6,1,33,AI-positive country-years resolved for both codes,0.0,0.0,0.18181818181818182,0.030303030303030304,False
2023,AI_DIGITAL_DIVIDE,AI_THREAT_LIST_MENTION,0,7,4,34,AI-positive country-years resolved for both codes,0.0,0.0,0.20588235294117646,0.11764705882352941,False
2023,AI_CAPACITY_BUILDING,AI_DEVELOPMENT_SDGS,0,0,4,32,AI-positive country-years resolved for both codes,,0.0,0.0,0.125,False
2023,AI_CAPACITY_BUILDING,AI_RESOURCE_FOOTPRINT,0,1,0,38,AI-positive country-years resolved for both codes,0.0,,0.02631578947368421,0.0,False
2023,AI_CAPACITY_BUILDING,AI_ECONOMY_LABOR,0,1,4,36,AI-positive country-years resolved for both codes,0.0,0.0,0.027777777777777776,0.1111111111111111,False
2023,AI_CAPACITY_BUILDING,AI_YOUTH_EDUCATION,0,1,0,35,AI-positive country-years resolved for both codes,0.0,,0.02857142857142857,0.0,False
2023,AI_CAPACITY_BUILDING,AI_CHILD_PROTECTION,0,1,1,38,AI-positive country-years resolved for both codes,0.0,0.0,0.02631578947368421,0.02631578947368421,False
2023,AI_CAPACITY_BUILDING,AI_NATIONAL_STRATEGY,0,1,5,33,AI-positive country-years resolved for both codes,0.0,0.0,0.030303030303030304,0.15151515151515152,False
2023,AI_CAPACITY_BUILDING,AI_SOVEREIGNTY_CONCENTRATION,0,1,3,34,AI-positive country-years resolved for both codes,0.0,0.0,0.029411764705882353,0.08823529411764706,False
2023,AI_CAPACITY_BUILDING,AI_GEOPOLITICAL_RIVALRY,0,1,0,37,AI-positive country-years resolved for both codes,0.0,,0.02702702702702703,0.0,False
2023,AI_CAPACITY_BUILDING,AI_OPPORTUNITY_RISK_DUALITY,1,1,16,33,AI-positive country-years resolved for both codes,1.0,0.0625,0.030303030303030304,0.48484848484848486,False
2023,AI_CAPACITY_BUILDING,AI_TRANSFORMATIVE_ERA,1,1,7,35,AI-positive country-years resolved for both codes,1.0,0.14285714285714285,0.02857142857142857,0.2,False
2023,AI_CAPACITY_BUILDING,AI_TECH_LIST_MENTION,0,0,0,32,AI-positive country-years resolved for both codes,,,0.0,0.0,False
2023,AI_CAPACITY_BUILDING,AI_THREAT_LIST_MENTION,0,1,4,34,AI-positive country-years resolved for both codes,0.0,0.0,0.029411764705882353,0.11764705882352941,False
2023,AI_DEVELOPMENT_SDGS,AI_RESOURCE_FOOTPRINT,0,7,0,36,AI-positive country-years resolved for both codes,0.0,,0.19444444444444445,0.0,False
2023,AI_DEVELOPMENT_SDGS,AI_ECONOMY_LABOR,2,6,4,34,AI-positive country-years resolved for both codes,0.3333333333333333,0.5,0.17647058823529413,0.11764705882352941,False
2023,AI_DEVELOPMENT_SDGS,AI_YOUTH_EDUCATION,0,6,0,34,AI-positive country-years resolved for both codes,0.0,,0.17647058823529413,0.0,False
2023,AI_DEVELOPMENT_SDGS,AI_CHILD_PROTECTION,0,7,0,36,AI-positive country-years resolved for both codes,0.0,,0.19444444444444445,0.0,False
2023,AI_DEVELOPMENT_SDGS,AI_NATIONAL_STRATEGY,3,7,5,30,AI-positive country-years resolved for both codes,0.42857142857142855,0.6,0.23333333333333334,0.16666666666666666,False
2023,AI_DEVELOPMENT_SDGS,AI_SOVEREIGNTY_CONCENTRATION,1,6,4,32,AI-positive country-years resolved for both codes,0.16666666666666666,0.25,0.1875,0.125,False
2023,AI_DEVELOPMENT_SDGS,AI_GEOPOLITICAL_RIVALRY,1,6,1,35,AI-positive country-years resolved for both codes,0.16666666666666666,1.0,0.17142857142857143,0.02857142857142857,False
2023,AI_DEVELOPMENT_SDGS,AI_OPPORTUNITY_RISK_DUALITY,5,7,14,32,AI-positive country-years resolved for both codes,0.7142857142857143,0.35714285714285715,0.21875,0.4375,False
2023,AI_DEVELOPMENT_SDGS,AI_TRANSFORMATIVE_ERA,3,5,6,32,AI-positive country-years resolved for both codes,0.6,0.5,0.15625,0.1875,False
2023,AI_DEVELOPMENT_SDGS,AI_TECH_LIST_MENTION,1,7,1,33,AI-positive country-years resolved for both codes,0.14285714285714285,1.0,0.21212121212121213,0.030303030303030304,False
2023,AI_DEVELOPMENT_SDGS,AI_THREAT_LIST_MENTION,0,6,4,32,AI-positive country-years resolved for both codes,0.0,0.0,0.1875,0.125,False
2023,AI_RESOURCE_FOOTPRINT,AI_ECONOMY_LABOR,0,0,4,40,AI-positive country-years resolved for both codes,,0.0,0.0,0.1,False
2023,AI_RESOURCE_FOOTPRINT,AI_YOUTH_EDUCATION,0,0,0,40,AI-positive country-years resolved for both codes,,,0.0,0.0,False
2023,AI_RESOURCE_FOOTPRINT,AI_CHILD_PROTECTION,0,0,1,43,AI-positive country-years resolved for both codes,,0.0,0.0,0.023255813953488372,False
2023,AI_RESOURCE_FOOTPRINT,AI_NATIONAL_STRATEGY,0,0,6,37,AI-positive country-years resolved for both codes,,0.0,0.0,0.16216216216216217,False
2023,AI_RESOURCE_FOOTPRINT,AI_SOVEREIGNTY_CONCENTRATION,0,0,4,38,AI-positive country-years resolved for both codes,,0.0,0.0,0.10526315789473684,False
2023,AI_RESOURCE_FOOTPRINT,AI_GEOPOLITICAL_RIVALRY,0,0,1,42,AI-positive country-years resolved for both codes,,0.0,0.0,0.023809523809523808,False
2023,AI_RESOURCE_FOOTPRINT,AI_OPPORTUNITY_RISK_DUALITY,0,0,17,37,AI-positive country-years resolved for both codes,,0.0,0.0,0.4594594594594595,False
2023,AI_RESOURCE_FOOTPRINT,AI_TRANSFORMATIVE_ERA,0,0,8,39,AI-positive country-years resolved for both codes,,0.0,0.0,0.20512820512820512,False
2023,AI_RESOURCE_FOOTPRINT,AI_TECH_LIST_MENTION,0,0,1,37,AI-positive country-years resolved for both codes,,0.0,0.0,0.02702702702702703,False
2023,AI_RESOURCE_FOOTPRINT,AI_THREAT_LIST_MENTION,0,0,4,39,AI-positive country-years resolved for both codes,,0.0,0.0,0.10256410256410256,False
2023,AI_ECONOMY_LABOR,AI_YOUTH_EDUCATION,0,2,0,37,AI-positive country-years resolved for both codes,0.0,,0.05405405405405406,0.0,False
2023,AI_ECONOMY_LABOR,AI_CHILD_PROTECTION,0,4,0,40,AI-positive country-years resolved for both codes,0.0,,0.1,0.0,False
2023,AI_ECONOMY_LABOR,AI_NATIONAL_STRATEGY,2,3,4,35,AI-positive country-years resolved for both codes,0.6666666666666666,0.5,0.08571428571428572,0.11428571428571428,False
2023,AI_ECONOMY_LABOR,AI_SOVEREIGNTY_CONCENTRATION,1,3,3,35,AI-positive country-years resolved for both codes,0.3333333333333333,0.3333333333333333,0.08571428571428572,0.08571428571428572,False
2023,AI_ECONOMY_LABOR,AI_GEOPOLITICAL_RIVALRY,0,3,0,39,AI-positive country-years resolved for both codes,0.0,,0.07692307692307693,0.0,False
2023,AI_ECONOMY_LABOR,AI_OPPORTUNITY_RISK_DUALITY,3,4,14,34,AI-positive country-years resolved for both codes,0.75,0.21428571428571427,0.11764705882352941,0.4117647058823529,False
2023,AI_ECONOMY_LABOR,AI_TRANSFORMATIVE_ERA,2,3,5,36,AI-positive country-years resolved for both codes,0.6666666666666666,0.4,0.08333333333333333,0.1388888888888889,False
2023,AI_ECONOMY_LABOR,AI_TECH_LIST_MENTION,0,4,1,34,AI-positive country-years resolved for both codes,0.0,0.0,0.11764705882352941,0.029411764705882353,False
2023,AI_ECONOMY_LABOR,AI_THREAT_LIST_MENTION,0,4,4,36,AI-positive country-years resolved for both codes,0.0,0.0,0.1111111111111111,0.1111111111111111,False
2023,AI_YOUTH_EDUCATION,AI_CHILD_PROTECTION,0,0,1,40,AI-positive country-years resolved for both codes,,0.0,0.0,0.025,False
2023,AI_YOUTH_EDUCATION,AI_NATIONAL_STRATEGY,0,0,5,34,AI-positive country-years resolved for both codes,,0.0,0.0,0.14705882352941177,False
2023,AI_YOUTH_EDUCATION,AI_SOVEREIGNTY_CONCENTRATION,0,0,4,36,AI-positive country-years resolved for both codes,,0.0,0.0,0.1111111111111111,False
2023,AI_YOUTH_EDUCATION,AI_GEOPOLITICAL_RIVALRY,0,0,1,40,AI-positive country-years resolved for both codes,,0.0,0.0,0.025,False
2023,AI_YOUTH_EDUCATION,AI_OPPORTUNITY_RISK_DUALITY,0,0,16,35,AI-positive country-years resolved for both codes,,0.0,0.0,0.45714285714285713,False
2023,AI_YOUTH_EDUCATION,AI_TRANSFORMATIVE_ERA,0,0,6,36,AI-positive country-years resolved for both codes,,0.0,0.0,0.16666666666666666,False
2023,AI_YOUTH_EDUCATION,AI_TECH_LIST_MENTION,0,0,1,35,AI-positive country-years resolved for both codes,,0.0,0.0,0.02857142857142857,False
2023,AI_YOUTH_EDUCATION,AI_THREAT_LIST_MENTION,0,0,4,36,AI-positive country-years resolved for both codes,,0.0,0.0,0.1111111111111111,False
2023,AI_CHILD_PROTECTION,AI_NATIONAL_STRATEGY,1,1,6,37,AI-positive country-years resolved for both codes,1.0,0.16666666666666666,0.02702702702702703,0.16216216216216217,False
2023,AI_CHILD_PROTECTION,AI_SOVEREIGNTY_CONCENTRATION,0,1,4,38,AI-positive country-years resolved for both codes,0.0,0.0,0.02631578947368421,0.10526315789473684,False
2023,AI_CHILD_PROTECTION,AI_GEOPOLITICAL_RIVALRY,0,1,1,42,AI-positive country-years resolved for both codes,0.0,0.0,0.023809523809523808,0.023809523809523808,False
2023,AI_CHILD_PROTECTION,AI_OPPORTUNITY_RISK_DUALITY,1,1,17,37,AI-positive country-years resolved for both codes,1.0,0.058823529411764705,0.02702702702702703,0.4594594594594595,False
2023,AI_CHILD_PROTECTION,AI_TRANSFORMATIVE_ERA,1,1,8,39,AI-positive country-years resolved for both codes,1.0,0.125,0.02564102564102564,0.20512820512820512,False
2023,AI_CHILD_PROTECTION,AI_TECH_LIST_MENTION,0,1,1,37,AI-positive country-years resolved for both codes,0.0,0.0,0.02702702702702703,0.02702702702702703,False
2023,AI_CHILD_PROTECTION,AI_THREAT_LIST_MENTION,0,1,4,39,AI-positive country-years resolved for both codes,0.0,0.0,0.02564102564102564,0.10256410256410256,False
2023,AI_NATIONAL_STRATEGY,AI_SOVEREIGNTY_CONCENTRATION,1,5,3,32,AI-positive country-years resolved for both codes,0.2,0.3333333333333333,0.15625,0.09375,False
2023,AI_NATIONAL_STRATEGY,AI_GEOPOLITICAL_RIVALRY,1,5,1,36,AI-positive country-years resolved for both codes,0.2,1.0,0.1388888888888889,0.027777777777777776,False
2023,AI_NATIONAL_STRATEGY,AI_OPPORTUNITY_RISK_DUALITY,4,6,13,32,AI-positive country-years resolved for both codes,0.6666666666666666,0.3076923076923077,0.1875,0.40625,False
2023,AI_NATIONAL_STRATEGY,AI_TRANSFORMATIVE_ERA,3,5,7,33,AI-positive country-years resolved for both codes,0.6,0.42857142857142855,0.15151515151515152,0.21212121212121213,False
2023,AI_NATIONAL_STRATEGY,AI_TECH_LIST_MENTION,0,5,1,31,AI-positive country-years resolved for both codes,0.0,0.0,0.16129032258064516,0.03225806451612903,False
2023,AI_NATIONAL_STRATEGY,AI_THREAT_LIST_MENTION,0,6,4,33,AI-positive country-years resolved for both codes,0.0,0.0,0.18181818181818182,0.12121212121212122,False
2023,AI_SOVEREIGNTY_CONCENTRATION,AI_GEOPOLITICAL_RIVALRY,1,4,1,38,AI-positive country-years resolved for both codes,0.25,1.0,0.10526315789473684,0.02631578947368421,False
2023,AI_SOVEREIGNTY_CONCENTRATION,AI_OPPORTUNITY_RISK_DUALITY,2,4,14,32,AI-positive country-years resolved for both codes,0.5,0.14285714285714285,0.125,0.4375,False
2023,AI_SOVEREIGNTY_CONCENTRATION,AI_TRANSFORMATIVE_ERA,1,3,7,34,AI-positive country-years resolved for both codes,0.3333333333333333,0.14285714285714285,0.08823529411764706,0.20588235294117646,False
2023,AI_SOVEREIGNTY_CONCENTRATION,AI_TECH_LIST_MENTION,0,4,1,32,AI-positive country-years resolved for both codes,0.0,0.0,0.125,0.03125,False
2023,AI_SOVEREIGNTY_CONCENTRATION,AI_THREAT_LIST_MENTION,0,4,4,34,AI-positive country-years resolved for both codes,0.0,0.0,0.11764705882352941,0.11764705882352941,False
2023,AI_GEOPOLITICAL_RIVALRY,AI_OPPORTUNITY_RISK_DUALITY,1,1,16,36,AI-positive country-years resolved for both codes,1.0,0.0625,0.027777777777777776,0.4444444444444444,False
2023,AI_GEOPOLITICAL_RIVALRY,AI_TRANSFORMATIVE_ERA,1,1,7,38,AI-positive country-years resolved for both codes,1.0,0.14285714285714285,0.02631578947368421,0.18421052631578946,False
2023,AI_GEOPOLITICAL_RIVALRY,AI_TECH_LIST_MENTION,0,1,1,36,AI-positive country-years resolved for both codes,0.0,0.0,0.027777777777777776,0.027777777777777776,False
2023,AI_GEOPOLITICAL_RIVALRY,AI_THREAT_LIST_MENTION,0,1,4,38,AI-positive country-years resolved for both codes,0.0,0.0,0.02631578947368421,0.10526315789473684,False
2023,AI_OPPORTUNITY_RISK_DUALITY,AI_TRANSFORMATIVE_ERA,6,16,7,33,AI-positive country-years resolved for both codes,0.375,0.8571428571428571,0.48484848484848486,0.21212121212121213,False
2023,AI_OPPORTUNITY_RISK_DUALITY,AI_TECH_LIST_MENTION,0,16,1,33,AI-positive country-years resolved for both codes,0.0,0.0,0.48484848484848486,0.030303030303030304,False
2023,AI_OPPORTUNITY_RISK_DUALITY,AI_THREAT_LIST_MENTION,0,16,4,34,AI-positive country-years resolved for both codes,0.0,0.0,0.47058823529411764,0.11764705882352941,False
2023,AI_TRANSFORMATIVE_ERA,AI_TECH_LIST_MENTION,0,7,0,34,AI-positive country-years resolved for both codes,0.0,,0.20588235294117646,0.0,False
2023,AI_TRANSFORMATIVE_ERA,AI_THREAT_LIST_MENTION,0,8,4,36,AI-positive country-years resolved for both codes,0.0,0.0,0.2222222222222222,0.1111111111111111,False
2023,AI_TECH_LIST_MENTION,AI_THREAT_LIST_MENTION,0,1,4,34,AI-positive country-years resolved for both codes,0.0,0.0,0.029411764705882353,0.11764705882352941,False
2024,AI_GLOBAL_GOVERNANCE,AI_INCLUSIVE_GOVERNANCE,1,23,1,46,AI-positive country-years resolved for both codes,0.043478260869565216,1.0,0.5,0.021739130434782608,False
2024,AI_GLOBAL_GOVERNANCE,AI_GOVERNANCE_SKEPTICISM,0,26,0,48,AI-positive country-years resolved for both codes,0.0,,0.5416666666666666,0.0,False
2024,AI_GLOBAL_GOVERNANCE,AI_UN_ROLE,17,25,19,44,AI-positive country-years resolved for both codes,0.68,0.8947368421052632,0.5681818181818182,0.4318181818181818,False
2024,AI_GLOBAL_GOVERNANCE,AI_MILITARY_WEAPONS,5,26,9,48,AI-positive country-years resolved for both codes,0.19230769230769232,0.5555555555555556,0.5416666666666666,0.1875,False
2024,AI_GLOBAL_GOVERNANCE,AI_PEACE_APPLICATIONS,2,25,2,47,AI-positive country-years resolved for both codes,0.08,1.0,0.5319148936170213,0.0425531914893617,False
2024,AI_GLOBAL_GOVERNANCE,AI_SAFETY_EXISTENTIAL,1,23,1,46,AI-positive country-years resolved for both codes,0.043478260869565216,1.0,0.5,0.021739130434782608,False
2024,AI_GLOBAL_GOVERNANCE,AI_HUMAN_CONTROL,0,24,0,47,AI-positive country-years resolved for both codes,0.0,,0.5106382978723404,0.0,False
2024,AI_GLOBAL_GOVERNANCE,AI_HUMAN_RIGHTS_ETHICS,12,24,13,46,AI-positive country-years resolved for both codes,0.5,0.9230769230769231,0.5217391304347826,0.2826086956521739,False
2024,AI_GLOBAL_GOVERNANCE,AI_BIAS_CULTURAL_DIVERSITY,1,26,1,49,AI-positive country-years resolved for both codes,0.038461538461538464,1.0,0.5306122448979592,0.02040816326530612,False
2024,AI_GLOBAL_GOVERNANCE,AI_DISINFORMATION,4,25,4,46,AI-positive country-years resolved for both codes,0.16,1.0,0.5434782608695652,0.08695652173913043,False
2024,AI_GLOBAL_GOVERNANCE,AI_CYBER_SECURITY,1,25,1,46,AI-positive country-years resolved for both codes,0.04,1.0,0.5434782608695652,0.021739130434782608,False
2024,AI_GLOBAL_GOVERNANCE,AI_DIGITAL_DIVIDE,5,23,10,42,AI-positive country-years resolved for both codes,0.21739130434782608,0.5,0.5476190476190477,0.23809523809523808,False
2024,AI_GLOBAL_GOVERNANCE,AI_CAPACITY_BUILDING,2,26,5,46,AI-positive country-years resolved for both codes,0.07692307692307693,0.4,0.5652173913043478,0.10869565217391304,False
2024,AI_GLOBAL_GOVERNANCE,AI_DEVELOPMENT_SDGS,3,22,9,43,AI-positive country-years resolved for both codes,0.13636363636363635,0.3333333333333333,0.5116279069767442,0.20930232558139536,False
2024,AI_GLOBAL_GOVERNANCE,AI_RESOURCE_FOOTPRINT,0,26,0,49,AI-positive country-years resolved for both codes,0.0,,0.5306122448979592,0.0,False
2024,AI_GLOBAL_GOVERNANCE,AI_ECONOMY_LABOR,1,22,2,45,AI-positive country-years resolved for both codes,0.045454545454545456,0.5,0.4888888888888889,0.044444444444444446,False
2024,AI_GLOBAL_GOVERNANCE,AI_YOUTH_EDUCATION,0,26,1,49,AI-positive country-years resolved for both codes,0.0,0.0,0.5306122448979592,0.02040816326530612,False
2024,AI_GLOBAL_GOVERNANCE,AI_CHILD_PROTECTION,1,26,1,49,AI-positive country-years resolved for both codes,0.038461538461538464,1.0,0.5306122448979592,0.02040816326530612,False
2024,AI_GLOBAL_GOVERNANCE,AI_NATIONAL_STRATEGY,2,19,5,40,AI-positive country-years resolved for both codes,0.10526315789473684,0.4,0.475,0.125,False
2024,AI_GLOBAL_GOVERNANCE,AI_SOVEREIGNTY_CONCENTRATION,6,25,6,48,AI-positive country-years resolved for both codes,0.24,1.0,0.5208333333333334,0.125,False
2024,AI_GLOBAL_GOVERNANCE,AI_GEOPOLITICAL_RIVALRY,1,26,1,49,AI-positive country-years resolved for both codes,0.038461538461538464,1.0,0.5306122448979592,0.02040816326530612,False
2024,AI_GLOBAL_GOVERNANCE,AI_OPPORTUNITY_RISK_DUALITY,9,22,12,44,AI-positive country-years resolved for both codes,0.4090909090909091,0.75,0.5,0.2727272727272727,False
2024,AI_GLOBAL_GOVERNANCE,AI_TRANSFORMATIVE_ERA,7,22,8,42,AI-positive country-years resolved for both codes,0.3181818181818182,0.875,0.5238095238095238,0.19047619047619047,False
2024,AI_GLOBAL_GOVERNANCE,AI_TECH_LIST_MENTION,0,26,3,45,AI-positive country-years resolved for both codes,0.0,0.0,0.5777777777777777,0.06666666666666667,False
2024,AI_GLOBAL_GOVERNANCE,AI_THREAT_LIST_MENTION,2,25,4,47,AI-positive country-years resolved for both codes,0.08,0.5,0.5319148936170213,0.0851063829787234,False
2024,AI_INCLUSIVE_GOVERNANCE,AI_GOVERNANCE_SKEPTICISM,0,3,0,54,AI-positive country-years resolved for both codes,0.0,,0.05555555555555555,0.0,False
2024,AI_INCLUSIVE_GOVERNANCE,AI_UN_ROLE,1,3,19,49,AI-positive country-years resolved for both codes,0.3333333333333333,0.05263157894736842,0.061224489795918366,0.3877551020408163,False
2024,AI_INCLUSIVE_GOVERNANCE,AI_MILITARY_WEAPONS,0,3,9,54,AI-positive country-years resolved for both codes,0.0,0.0,0.05555555555555555,0.16666666666666666,False
2024,AI_INCLUSIVE_GOVERNANCE,AI_PEACE_APPLICATIONS,1,3,2,53,AI-positive country-years resolved for both codes,0.3333333333333333,0.5,0.05660377358490566,0.03773584905660377,False
2024,AI_INCLUSIVE_GOVERNANCE,AI_SAFETY_EXISTENTIAL,0,3,2,50,AI-positive country-years resolved for both codes,0.0,0.0,0.06,0.04,False
2024,AI_INCLUSIVE_GOVERNANCE,AI_HUMAN_CONTROL,0,3,0,51,AI-positive country-years resolved for both codes,0.0,,0.058823529411764705,0.0,False
2024,AI_INCLUSIVE_GOVERNANCE,AI_HUMAN_RIGHTS_ETHICS,1,3,13,53,AI-positive country-years resolved for both codes,0.3333333333333333,0.07692307692307693,0.05660377358490566,0.24528301886792453,False
2024,AI_INCLUSIVE_GOVERNANCE,AI_BIAS_CULTURAL_DIVERSITY,1,3,2,54,AI-positive country-years resolved for both codes,0.3333333333333333,0.5,0.05555555555555555,0.037037037037037035,False
2024,AI_INCLUSIVE_GOVERNANCE,AI_DISINFORMATION,0,2,4,51,AI-positive country-years resolved for both codes,0.0,0.0,0.0392156862745098,0.0784313725490196,False
2024,AI_INCLUSIVE_GOVERNANCE,AI_CYBER_SECURITY,0,3,2,52,AI-positive country-years resolved for both codes,0.0,0.0,0.057692307692307696,0.038461538461538464,False
2024,AI_INCLUSIVE_GOVERNANCE,AI_DIGITAL_DIVIDE,0,3,11,46,AI-positive country-years resolved for both codes,0.0,0.0,0.06521739130434782,0.2391304347826087,False
2024,AI_INCLUSIVE_GOVERNANCE,AI_CAPACITY_BUILDING,0,3,5,51,AI-positive country-years resolved for both codes,0.0,0.0,0.058823529411764705,0.09803921568627451,False
2024,AI_INCLUSIVE_GOVERNANCE,AI_DEVELOPMENT_SDGS,0,3,9,48,AI-positive country-years resolved for both codes,0.0,0.0,0.0625,0.1875,False
2024,AI_INCLUSIVE_GOVERNANCE,AI_RESOURCE_FOOTPRINT,0,3,0,55,AI-positive country-years resolved for both codes,0.0,,0.05454545454545454,0.0,False
2024,AI_INCLUSIVE_GOVERNANCE,AI_ECONOMY_LABOR,0,3,3,52,AI-positive country-years resolved for both codes,0.0,0.0,0.057692307692307696,0.057692307692307696,False
2024,AI_INCLUSIVE_GOVERNANCE,AI_YOUTH_EDUCATION,0,3,2,54,AI-positive country-years resolved for both codes,0.0,0.0,0.05555555555555555,0.037037037037037035,False
2024,AI_INCLUSIVE_GOVERNANCE,AI_CHILD_PROTECTION,0,3,0,54,AI-positive country-years resolved for both codes,0.0,,0.05555555555555555,0.0,False
2024,AI_INCLUSIVE_GOVERNANCE,AI_NATIONAL_STRATEGY,0,3,4,45,AI-positive country-years resolved for both codes,0.0,0.0,0.06666666666666667,0.08888888888888889,False
2024,AI_INCLUSIVE_GOVERNANCE,AI_SOVEREIGNTY_CONCENTRATION,1,3,5,55,AI-positive country-years resolved for both codes,0.3333333333333333,0.2,0.05454545454545454,0.09090909090909091,False
2024,AI_INCLUSIVE_GOVERNANCE,AI_GEOPOLITICAL_RIVALRY,0,1,1,53,AI-positive country-years resolved for both codes,0.0,0.0,0.018867924528301886,0.018867924528301886,False
2024,AI_INCLUSIVE_GOVERNANCE,AI_OPPORTUNITY_RISK_DUALITY,0,3,12,49,AI-positive country-years resolved for both codes,0.0,0.0,0.061224489795918366,0.24489795918367346,False
2024,AI_INCLUSIVE_GOVERNANCE,AI_TRANSFORMATIVE_ERA,0,2,6,45,AI-positive country-years resolved for both codes,0.0,0.0,0.044444444444444446,0.13333333333333333,False
2024,AI_INCLUSIVE_GOVERNANCE,AI_TECH_LIST_MENTION,0,3,3,51,AI-positive country-years resolved for both codes,0.0,0.0,0.058823529411764705,0.058823529411764705,False
2024,AI_INCLUSIVE_GOVERNANCE,AI_THREAT_LIST_MENTION,0,3,4,53,AI-positive country-years resolved for both codes,0.0,0.0,0.05660377358490566,0.07547169811320754,False
2024,AI_GOVERNANCE_SKEPTICISM,AI_UN_ROLE,0,0,21,51,AI-positive country-years resolved for both codes,,0.0,0.0,0.4117647058823529,False
2024,AI_GOVERNANCE_SKEPTICISM,AI_MILITARY_WEAPONS,0,0,9,56,AI-positive country-years resolved for both codes,,0.0,0.0,0.16071428571428573,False
2024,AI_GOVERNANCE_SKEPTICISM,AI_PEACE_APPLICATIONS,0,0,2,55,AI-positive country-years resolved for both codes,,0.0,0.0,0.03636363636363636,False
2024,AI_GOVERNANCE_SKEPTICISM,AI_SAFETY_EXISTENTIAL,0,0,2,52,AI-positive country-years resolved for both codes,,0.0,0.0,0.038461538461538464,False
2024,AI_GOVERNANCE_SKEPTICISM,AI_HUMAN_CONTROL,0,0,0,53,AI-positive country-years resolved for both codes,,,0.0,0.0,False
2024,AI_GOVERNANCE_SKEPTICISM,AI_HUMAN_RIGHTS_ETHICS,0,0,15,54,AI-positive country-years resolved for both codes,,0.0,0.0,0.2777777777777778,False
2024,AI_GOVERNANCE_SKEPTICISM,AI_BIAS_CULTURAL_DIVERSITY,0,0,2,56,AI-positive country-years resolved for both codes,,0.0,0.0,0.03571428571428571,False
2024,AI_GOVERNANCE_SKEPTICISM,AI_DISINFORMATION,0,0,5,53,AI-positive country-years resolved for both codes,,0.0,0.0,0.09433962264150944,False
2024,AI_GOVERNANCE_SKEPTICISM,AI_CYBER_SECURITY,0,0,2,54,AI-positive country-years resolved for both codes,,0.0,0.0,0.037037037037037035,False
2024,AI_GOVERNANCE_SKEPTICISM,AI_DIGITAL_DIVIDE,0,0,12,48,AI-positive country-years resolved for both codes,,0.0,0.0,0.25,False
2024,AI_GOVERNANCE_SKEPTICISM,AI_CAPACITY_BUILDING,0,0,5,53,AI-positive country-years resolved for both codes,,0.0,0.0,0.09433962264150944,False
2024,AI_GOVERNANCE_SKEPTICISM,AI_DEVELOPMENT_SDGS,0,0,10,50,AI-positive country-years resolved for both codes,,0.0,0.0,0.2,False
2024,AI_GOVERNANCE_SKEPTICISM,AI_RESOURCE_FOOTPRINT,0,0,0,57,AI-positive country-years resolved for both codes,,,0.0,0.0,False
2024,AI_GOVERNANCE_SKEPTICISM,AI_ECONOMY_LABOR,0,0,3,53,AI-positive country-years resolved for both codes,,0.0,0.0,0.05660377358490566,False
2024,AI_GOVERNANCE_SKEPTICISM,AI_YOUTH_EDUCATION,0,0,2,56,AI-positive country-years resolved for both codes,,0.0,0.0,0.03571428571428571,False
2024,AI_GOVERNANCE_SKEPTICISM,AI_CHILD_PROTECTION,0,0,1,56,AI-positive country-years resolved for both codes,,0.0,0.0,0.017857142857142856,False
2024,AI_GOVERNANCE_SKEPTICISM,AI_NATIONAL_STRATEGY,0,0,5,46,AI-positive country-years resolved for both codes,,0.0,0.0,0.10869565217391304,False
2024,AI_GOVERNANCE_SKEPTICISM,AI_SOVEREIGNTY_CONCENTRATION,0,0,7,56,AI-positive country-years resolved for both codes,,0.0,0.0,0.125,False
2024,AI_GOVERNANCE_SKEPTICISM,AI_GEOPOLITICAL_RIVALRY,0,0,1,55,AI-positive country-years resolved for both codes,,0.0,0.0,0.01818181818181818,False
2024,AI_GOVERNANCE_SKEPTICISM,AI_OPPORTUNITY_RISK_DUALITY,0,0,13,50,AI-positive country-years resolved for both codes,,0.0,0.0,0.26,False
2024,AI_GOVERNANCE_SKEPTICISM,AI_TRANSFORMATIVE_ERA,0,0,8,47,AI-positive country-years resolved for both codes,,0.0,0.0,0.1702127659574468,False
2024,AI_GOVERNANCE_SKEPTICISM,AI_TECH_LIST_MENTION,0,0,3,53,AI-positive country-years resolved for both codes,,0.0,0.0,0.05660377358490566,False
2024,AI_GOVERNANCE_SKEPTICISM,AI_THREAT_LIST_MENTION,0,0,4,55,AI-positive country-years resolved for both codes,,0.0,0.0,0.07272727272727272,False
2024,AI_UN_ROLE,AI_MILITARY_WEAPONS,3,22,8,51,AI-positive country-years resolved for both codes,0.13636363636363635,0.375,0.43137254901960786,0.1568627450980392,False
2024,AI_UN_ROLE,AI_PEACE_APPLICATIONS,0,21,2,50,AI-positive country-years resolved for both codes,0.0,0.0,0.42,0.04,False
2024,AI_UN_ROLE,AI_SAFETY_EXISTENTIAL,1,19,2,47,AI-positive country-years resolved for both codes,0.05263157894736842,0.5,0.40425531914893614,0.0425531914893617,False
2024,AI_UN_ROLE,AI_HUMAN_CONTROL,0,21,0,48,AI-positive country-years resolved for both codes,0.0,,0.4375,0.0,False
2024,AI_UN_ROLE,AI_HUMAN_RIGHTS_ETHICS,7,20,15,49,AI-positive country-years resolved for both codes,0.35,0.4666666666666667,0.40816326530612246,0.30612244897959184,False
2024,AI_UN_ROLE,AI_BIAS_CULTURAL_DIVERSITY,0,22,2,51,AI-positive country-years resolved for both codes,0.0,0.0,0.43137254901960786,0.0392156862745098,False
2024,AI_UN_ROLE,AI_DISINFORMATION,4,22,5,48,AI-positive country-years resolved for both codes,0.18181818181818182,0.8,0.4583333333333333,0.10416666666666667,False
2024,AI_UN_ROLE,AI_CYBER_SECURITY,1,22,2,50,AI-positive country-years resolved for both codes,0.045454545454545456,0.5,0.44,0.04,False
2024,AI_UN_ROLE,AI_DIGITAL_DIVIDE,4,19,10,44,AI-positive country-years resolved for both codes,0.21052631578947367,0.4,0.4318181818181818,0.22727272727272727,False
2024,AI_UN_ROLE,AI_CAPACITY_BUILDING,2,22,4,49,AI-positive country-years resolved for both codes,0.09090909090909091,0.5,0.4489795918367347,0.08163265306122448,False
2024,AI_UN_ROLE,AI_DEVELOPMENT_SDGS,3,19,8,45,AI-positive country-years resolved for both codes,0.15789473684210525,0.375,0.4222222222222222,0.17777777777777778,False
2024,AI_UN_ROLE,AI_RESOURCE_FOOTPRINT,0,22,0,52,AI-positive country-years resolved for both codes,0.0,,0.4230769230769231,0.0,False
2024,AI_UN_ROLE,AI_ECONOMY_LABOR,0,20,3,48,AI-positive country-years resolved for both codes,0.0,0.0,0.4166666666666667,0.0625,False
2024,AI_UN_ROLE,AI_YOUTH_EDUCATION,0,22,2,51,AI-positive country-years resolved for both codes,0.0,0.0,0.43137254901960786,0.0392156862745098,False
2024,AI_UN_ROLE,AI_CHILD_PROTECTION,1,22,1,51,AI-positive country-years resolved for both codes,0.045454545454545456,1.0,0.43137254901960786,0.0196078431372549,False
2024,AI_UN_ROLE,AI_NATIONAL_STRATEGY,1,16,4,41,AI-positive country-years resolved for both codes,0.0625,0.25,0.3902439024390244,0.0975609756097561,False
2024,AI_UN_ROLE,AI_SOVEREIGNTY_CONCENTRATION,2,21,7,51,AI-positive country-years resolved for both codes,0.09523809523809523,0.2857142857142857,0.4117647058823529,0.13725490196078433,False
2024,AI_UN_ROLE,AI_GEOPOLITICAL_RIVALRY,1,21,1,50,AI-positive country-years resolved for both codes,0.047619047619047616,1.0,0.42,0.02,False
2024,AI_UN_ROLE,AI_OPPORTUNITY_RISK_DUALITY,7,19,11,45,AI-positive country-years resolved for both codes,0.3684210526315789,0.6363636363636364,0.4222222222222222,0.24444444444444444,False
2024,AI_UN_ROLE,AI_TRANSFORMATIVE_ERA,5,20,8,42,AI-positive country-years resolved for both codes,0.25,0.625,0.47619047619047616,0.19047619047619047,False
2024,AI_UN_ROLE,AI_TECH_LIST_MENTION,0,22,3,48,AI-positive country-years resolved for both codes,0.0,0.0,0.4583333333333333,0.0625,False
2024,AI_UN_ROLE,AI_THREAT_LIST_MENTION,3,21,5,50,AI-positive country-years resolved for both codes,0.14285714285714285,0.6,0.42,0.1,False
2024,AI_MILITARY_WEAPONS,AI_PEACE_APPLICATIONS,0,8,2,56,AI-positive country-years resolved for both codes,0.0,0.0,0.14285714285714285,0.03571428571428571,False
2024,AI_MILITARY_WEAPONS,AI_SAFETY_EXISTENTIAL,1,8,2,52,AI-positive country-years resolved for both codes,0.125,0.5,0.15384615384615385,0.038461538461538464,False
2024,AI_MILITARY_WEAPONS,AI_HUMAN_CONTROL,0,8,0,53,AI-positive country-years resolved for both codes,0.0,,0.1509433962264151,0.0,False
2024,AI_MILITARY_WEAPONS,AI_HUMAN_RIGHTS_ETHICS,4,9,14,54,AI-positive country-years resolved for both codes,0.4444444444444444,0.2857142857142857,0.16666666666666666,0.25925925925925924,False
2024,AI_MILITARY_WEAPONS,AI_BIAS_CULTURAL_DIVERSITY,0,9,2,56,AI-positive country-years resolved for both codes,0.0,0.0,0.16071428571428573,0.03571428571428571,False
2024,AI_MILITARY_WEAPONS,AI_DISINFORMATION,2,9,5,53,AI-positive country-years resolved for both codes,0.2222222222222222,0.4,0.16981132075471697,0.09433962264150944,False
2024,AI_MILITARY_WEAPONS,AI_CYBER_SECURITY,1,7,2,54,AI-positive country-years resolved for both codes,0.14285714285714285,0.5,0.12962962962962962,0.037037037037037035,False
2024,AI_MILITARY_WEAPONS,AI_DIGITAL_DIVIDE,3,9,12,48,AI-positive country-years resolved for both codes,0.3333333333333333,0.25,0.1875,0.25,False
2024,AI_MILITARY_WEAPONS,AI_CAPACITY_BUILDING,1,9,5,53,AI-positive country-years resolved for both codes,0.1111111111111111,0.2,0.16981132075471697,0.09433962264150944,False
2024,AI_MILITARY_WEAPONS,AI_DEVELOPMENT_SDGS,2,8,10,50,AI-positive country-years resolved for both codes,0.25,0.2,0.16,0.2,False
2024,AI_MILITARY_WEAPONS,AI_RESOURCE_FOOTPRINT,0,9,0,57,AI-positive country-years resolved for both codes,0.0,,0.15789473684210525,0.0,False
2024,AI_MILITARY_WEAPONS,AI_ECONOMY_LABOR,0,8,3,53,AI-positive country-years resolved for both codes,0.0,0.0,0.1509433962264151,0.05660377358490566,False
2024,AI_MILITARY_WEAPONS,AI_YOUTH_EDUCATION,0,9,2,56,AI-positive country-years resolved for both codes,0.0,0.0,0.16071428571428573,0.03571428571428571,False
2024,AI_MILITARY_WEAPONS,AI_CHILD_PROTECTION,0,9,1,56,AI-positive country-years resolved for both codes,0.0,0.0,0.16071428571428573,0.017857142857142856,False
2024,AI_MILITARY_WEAPONS,AI_NATIONAL_STRATEGY,1,7,5,46,AI-positive country-years resolved for both codes,0.14285714285714285,0.2,0.15217391304347827,0.10869565217391304,False
2024,AI_MILITARY_WEAPONS,AI_SOVEREIGNTY_CONCENTRATION,0,9,7,56,AI-positive country-years resolved for both codes,0.0,0.0,0.16071428571428573,0.125,False
2024,AI_MILITARY_WEAPONS,AI_GEOPOLITICAL_RIVALRY,1,9,1,55,AI-positive country-years resolved for both codes,0.1111111111111111,1.0,0.16363636363636364,0.01818181818181818,False
2024,AI_MILITARY_WEAPONS,AI_OPPORTUNITY_RISK_DUALITY,3,9,13,50,AI-positive country-years resolved for both codes,0.3333333333333333,0.23076923076923078,0.18,0.26,False
2024,AI_MILITARY_WEAPONS,AI_TRANSFORMATIVE_ERA,1,8,8,47,AI-positive country-years resolved for both codes,0.125,0.125,0.1702127659574468,0.1702127659574468,False
2024,AI_MILITARY_WEAPONS,AI_TECH_LIST_MENTION,0,9,3,54,AI-positive country-years resolved for both codes,0.0,0.0,0.16666666666666666,0.05555555555555555,False
2024,AI_MILITARY_WEAPONS,AI_THREAT_LIST_MENTION,1,7,5,55,AI-positive country-years resolved for both codes,0.14285714285714285,0.2,0.12727272727272726,0.09090909090909091,False
2024,AI_PEACE_APPLICATIONS,AI_SAFETY_EXISTENTIAL,0,2,2,51,AI-positive country-years resolved for both codes,0.0,0.0,0.0392156862745098,0.0392156862745098,False
2024,AI_PEACE_APPLICATIONS,AI_HUMAN_CONTROL,0,2,0,52,AI-positive country-years resolved for both codes,0.0,,0.038461538461538464,0.0,False
2024,AI_PEACE_APPLICATIONS,AI_HUMAN_RIGHTS_ETHICS,1,2,13,53,AI-positive country-years resolved for both codes,0.5,0.07692307692307693,0.03773584905660377,0.24528301886792453,False
2024,AI_PEACE_APPLICATIONS,AI_BIAS_CULTURAL_DIVERSITY,1,2,2,55,AI-positive country-years resolved for both codes,0.5,0.5,0.03636363636363636,0.03636363636363636,False
2024,AI_PEACE_APPLICATIONS,AI_DISINFORMATION,0,1,4,52,AI-positive country-years resolved for both codes,0.0,0.0,0.019230769230769232,0.07692307692307693,False
2024,AI_PEACE_APPLICATIONS,AI_CYBER_SECURITY,0,2,1,53,AI-positive country-years resolved for both codes,0.0,0.0,0.03773584905660377,0.018867924528301886,False
2024,AI_PEACE_APPLICATIONS,AI_DIGITAL_DIVIDE,0,2,11,47,AI-positive country-years resolved for both codes,0.0,0.0,0.0425531914893617,0.23404255319148937,False
2024,AI_PEACE_APPLICATIONS,AI_CAPACITY_BUILDING,0,2,5,52,AI-positive country-years resolved for both codes,0.0,0.0,0.038461538461538464,0.09615384615384616,False
2024,AI_PEACE_APPLICATIONS,AI_DEVELOPMENT_SDGS,0,1,10,49,AI-positive country-years resolved for both codes,0.0,0.0,0.02040816326530612,0.20408163265306123,False
2024,AI_PEACE_APPLICATIONS,AI_RESOURCE_FOOTPRINT,0,2,0,56,AI-positive country-years resolved for both codes,0.0,,0.03571428571428571,0.0,False
2024,AI_PEACE_APPLICATIONS,AI_ECONOMY_LABOR,0,2,3,52,AI-positive country-years resolved for both codes,0.0,0.0,0.038461538461538464,0.057692307692307696,False
2024,AI_PEACE_APPLICATIONS,AI_YOUTH_EDUCATION,0,2,2,55,AI-positive country-years resolved for both codes,0.0,0.0,0.03636363636363636,0.03636363636363636,False
2024,AI_PEACE_APPLICATIONS,AI_CHILD_PROTECTION,0,2,1,55,AI-positive country-years resolved for both codes,0.0,0.0,0.03636363636363636,0.01818181818181818,False
2024,AI_PEACE_APPLICATIONS,AI_NATIONAL_STRATEGY,0,2,5,45,AI-positive country-years resolved for both codes,0.0,0.0,0.044444444444444446,0.1111111111111111,False
2024,AI_PEACE_APPLICATIONS,AI_SOVEREIGNTY_CONCENTRATION,1,2,7,55,AI-positive country-years resolved for both codes,0.5,0.14285714285714285,0.03636363636363636,0.12727272727272726,False
2024,AI_PEACE_APPLICATIONS,AI_GEOPOLITICAL_RIVALRY,0,2,1,54,AI-positive country-years resolved for both codes,0.0,0.0,0.037037037037037035,0.018518518518518517,False
2024,AI_PEACE_APPLICATIONS,AI_OPPORTUNITY_RISK_DUALITY,0,1,13,49,AI-positive country-years resolved for both codes,0.0,0.0,0.02040816326530612,0.2653061224489796,False
2024,AI_PEACE_APPLICATIONS,AI_TRANSFORMATIVE_ERA,0,2,8,46,AI-positive country-years resolved for both codes,0.0,0.0,0.043478260869565216,0.17391304347826086,False
2024,AI_PEACE_APPLICATIONS,AI_TECH_LIST_MENTION,0,2,3,53,AI-positive country-years resolved for both codes,0.0,0.0,0.03773584905660377,0.05660377358490566,False
2024,AI_PEACE_APPLICATIONS,AI_THREAT_LIST_MENTION,0,2,5,55,AI-positive country-years resolved for both codes,0.0,0.0,0.03636363636363636,0.09090909090909091,False
2024,AI_SAFETY_EXISTENTIAL,AI_HUMAN_CONTROL,0,1,0,50,AI-positive country-years resolved for both codes,0.0,,0.02,0.0,False
2024,AI_SAFETY_EXISTENTIAL,AI_HUMAN_RIGHTS_ETHICS,1,2,12,50,AI-positive country-years resolved for both codes,0.5,0.08333333333333333,0.04,0.24,False
2024,AI_SAFETY_EXISTENTIAL,AI_BIAS_CULTURAL_DIVERSITY,0,2,1,52,AI-positive country-years resolved for both codes,0.0,0.0,0.038461538461538464,0.019230769230769232,False
2024,AI_SAFETY_EXISTENTIAL,AI_DISINFORMATION,1,2,5,50,AI-positive country-years resolved for both codes,0.5,0.2,0.04,0.1,False
2024,AI_SAFETY_EXISTENTIAL,AI_CYBER_SECURITY,0,2,2,50,AI-positive country-years resolved for both codes,0.0,0.0,0.04,0.04,False
2024,AI_SAFETY_EXISTENTIAL,AI_DIGITAL_DIVIDE,2,2,11,45,AI-positive country-years resolved for both codes,1.0,0.18181818181818182,0.044444444444444446,0.24444444444444444,False
2024,AI_SAFETY_EXISTENTIAL,AI_CAPACITY_BUILDING,0,1,4,49,AI-positive country-years resolved for both codes,0.0,0.0,0.02040816326530612,0.08163265306122448,False
2024,AI_SAFETY_EXISTENTIAL,AI_DEVELOPMENT_SDGS,0,0,9,46,AI-positive country-years resolved for both codes,,0.0,0.0,0.1956521739130435,False
2024,AI_SAFETY_EXISTENTIAL,AI_RESOURCE_FOOTPRINT,0,2,0,53,AI-positive country-years resolved for both codes,0.0,,0.03773584905660377,0.0,False
2024,AI_SAFETY_EXISTENTIAL,AI_ECONOMY_LABOR,1,1,3,49,AI-positive country-years resolved for both codes,1.0,0.3333333333333333,0.02040816326530612,0.061224489795918366,False
2024,AI_SAFETY_EXISTENTIAL,AI_YOUTH_EDUCATION,1,2,2,52,AI-positive country-years resolved for both codes,0.5,0.5,0.038461538461538464,0.038461538461538464,False
2024,AI_SAFETY_EXISTENTIAL,AI_CHILD_PROTECTION,0,2,1,52,AI-positive country-years resolved for both codes,0.0,0.0,0.038461538461538464,0.019230769230769232,False
2024,AI_SAFETY_EXISTENTIAL,AI_NATIONAL_STRATEGY,0,2,4,45,AI-positive country-years resolved for both codes,0.0,0.0,0.044444444444444446,0.08888888888888889,False
2024,AI_SAFETY_EXISTENTIAL,AI_SOVEREIGNTY_CONCENTRATION,0,2,6,52,AI-positive country-years resolved for both codes,0.0,0.0,0.038461538461538464,0.11538461538461539,False
2024,AI_SAFETY_EXISTENTIAL,AI_GEOPOLITICAL_RIVALRY,1,2,1,51,AI-positive country-years resolved for both codes,0.5,1.0,0.0392156862745098,0.0196078431372549,False
2024,AI_SAFETY_EXISTENTIAL,AI_OPPORTUNITY_RISK_DUALITY,1,1,10,47,AI-positive country-years resolved for both codes,1.0,0.1,0.02127659574468085,0.2127659574468085,False
2024,AI_SAFETY_EXISTENTIAL,AI_TRANSFORMATIVE_ERA,1,1,7,43,AI-positive country-years resolved for both codes,1.0,0.14285714285714285,0.023255813953488372,0.16279069767441862,False
2024,AI_SAFETY_EXISTENTIAL,AI_TECH_LIST_MENTION,0,2,3,49,AI-positive country-years resolved for both codes,0.0,0.0,0.04081632653061224,0.061224489795918366,False
2024,AI_SAFETY_EXISTENTIAL,AI_THREAT_LIST_MENTION,1,2,5,51,AI-positive country-years resolved for both codes,0.5,0.2,0.0392156862745098,0.09803921568627451,False
2024,AI_HUMAN_CONTROL,AI_HUMAN_RIGHTS_ETHICS,0,0,13,51,AI-positive country-years resolved for both codes,,0.0,0.0,0.2549019607843137,False
2024,AI_HUMAN_CONTROL,AI_BIAS_CULTURAL_DIVERSITY,0,0,1,53,AI-positive country-years resolved for both codes,,0.0,0.0,0.018867924528301886,False
2024,AI_HUMAN_CONTROL,AI_DISINFORMATION,0,0,5,51,AI-positive country-years resolved for both codes,,0.0,0.0,0.09803921568627451,False
2024,AI_HUMAN_CONTROL,AI_CYBER_SECURITY,0,0,2,51,AI-positive country-years resolved for both codes,,0.0,0.0,0.0392156862745098,False
2024,AI_HUMAN_CONTROL,AI_DIGITAL_DIVIDE,0,0,10,45,AI-positive country-years resolved for both codes,,0.0,0.0,0.2222222222222222,False
2024,AI_HUMAN_CONTROL,AI_CAPACITY_BUILDING,0,0,5,51,AI-positive country-years resolved for both codes,,0.0,0.0,0.09803921568627451,False
2024,AI_HUMAN_CONTROL,AI_DEVELOPMENT_SDGS,0,0,10,48,AI-positive country-years resolved for both codes,,0.0,0.0,0.20833333333333334,False
2024,AI_HUMAN_CONTROL,AI_RESOURCE_FOOTPRINT,0,0,0,54,AI-positive country-years resolved for both codes,,,0.0,0.0,False
2024,AI_HUMAN_CONTROL,AI_ECONOMY_LABOR,0,0,1,50,AI-positive country-years resolved for both codes,,0.0,0.0,0.02,False
2024,AI_HUMAN_CONTROL,AI_YOUTH_EDUCATION,0,0,1,53,AI-positive country-years resolved for both codes,,0.0,0.0,0.018867924528301886,False
2024,AI_HUMAN_CONTROL,AI_CHILD_PROTECTION,0,0,1,53,AI-positive country-years resolved for both codes,,0.0,0.0,0.018867924528301886,False
2024,AI_HUMAN_CONTROL,AI_NATIONAL_STRATEGY,0,0,5,45,AI-positive country-years resolved for both codes,,0.0,0.0,0.1111111111111111,False
2024,AI_HUMAN_CONTROL,AI_SOVEREIGNTY_CONCENTRATION,0,0,5,53,AI-positive country-years resolved for both codes,,0.0,0.0,0.09433962264150944,False
2024,AI_HUMAN_CONTROL,AI_GEOPOLITICAL_RIVALRY,0,0,1,52,AI-positive country-years resolved for both codes,,0.0,0.0,0.019230769230769232,False
2024,AI_HUMAN_CONTROL,AI_OPPORTUNITY_RISK_DUALITY,0,0,13,49,AI-positive country-years resolved for both codes,,0.0,0.0,0.2653061224489796,False
2024,AI_HUMAN_CONTROL,AI_TRANSFORMATIVE_ERA,0,0,7,45,AI-positive country-years resolved for both codes,,0.0,0.0,0.15555555555555556,False
2024,AI_HUMAN_CONTROL,AI_TECH_LIST_MENTION,0,0,3,50,AI-positive country-years resolved for both codes,,0.0,0.0,0.06,False
2024,AI_HUMAN_CONTROL,AI_THREAT_LIST_MENTION,0,0,5,52,AI-positive country-years resolved for both codes,,0.0,0.0,0.09615384615384616,False
2024,AI_HUMAN_RIGHTS_ETHICS,AI_BIAS_CULTURAL_DIVERSITY,2,15,2,54,AI-positive country-years resolved for both codes,0.13333333333333333,1.0,0.2777777777777778,0.037037037037037035,False
2024,AI_HUMAN_RIGHTS_ETHICS,AI_DISINFORMATION,3,13,4,51,AI-positive country-years resolved for both codes,0.23076923076923078,0.75,0.2549019607843137,0.0784313725490196,False
2024,AI_HUMAN_RIGHTS_ETHICS,AI_CYBER_SECURITY,1,14,2,52,AI-positive country-years resolved for both codes,0.07142857142857142,0.5,0.2692307692307692,0.038461538461538464,False
2024,AI_HUMAN_RIGHTS_ETHICS,AI_DIGITAL_DIVIDE,5,14,12,47,AI-positive country-years resolved for both codes,0.35714285714285715,0.4166666666666667,0.2978723404255319,0.2553191489361702,False
2024,AI_HUMAN_RIGHTS_ETHICS,AI_CAPACITY_BUILDING,1,15,4,51,AI-positive country-years resolved for both codes,0.06666666666666667,0.25,0.29411764705882354,0.0784313725490196,False
2024,AI_HUMAN_RIGHTS_ETHICS,AI_DEVELOPMENT_SDGS,1,14,9,48,AI-positive country-years resolved for both codes,0.07142857142857142,0.1111111111111111,0.2916666666666667,0.1875,False
2024,AI_HUMAN_RIGHTS_ETHICS,AI_RESOURCE_FOOTPRINT,0,15,0,55,AI-positive country-years resolved for both codes,0.0,,0.2727272727272727,0.0,False
2024,AI_HUMAN_RIGHTS_ETHICS,AI_ECONOMY_LABOR,1,13,3,52,AI-positive country-years resolved for both codes,0.07692307692307693,0.3333333333333333,0.25,0.057692307692307696,False
2024,AI_HUMAN_RIGHTS_ETHICS,AI_YOUTH_EDUCATION,0,15,2,54,AI-positive country-years resolved for both codes,0.0,0.0,0.2777777777777778,0.037037037037037035,False
2024,AI_HUMAN_RIGHTS_ETHICS,AI_CHILD_PROTECTION,0,15,0,54,AI-positive country-years resolved for both codes,0.0,,0.2777777777777778,0.0,False
2024,AI_HUMAN_RIGHTS_ETHICS,AI_NATIONAL_STRATEGY,2,10,5,46,AI-positive country-years resolved for both codes,0.2,0.4,0.21739130434782608,0.10869565217391304,False
2024,AI_HUMAN_RIGHTS_ETHICS,AI_SOVEREIGNTY_CONCENTRATION,5,14,6,54,AI-positive country-years resolved for both codes,0.35714285714285715,0.8333333333333334,0.25925925925925924,0.1111111111111111,False
2024,AI_HUMAN_RIGHTS_ETHICS,AI_GEOPOLITICAL_RIVALRY,1,15,1,53,AI-positive country-years resolved for both codes,0.06666666666666667,1.0,0.2830188679245283,0.018867924528301886,False
2024,AI_HUMAN_RIGHTS_ETHICS,AI_OPPORTUNITY_RISK_DUALITY,4,12,12,49,AI-positive country-years resolved for both codes,0.3333333333333333,0.3333333333333333,0.24489795918367346,0.24489795918367346,False
2024,AI_HUMAN_RIGHTS_ETHICS,AI_TRANSFORMATIVE_ERA,5,13,7,45,AI-positive country-years resolved for both codes,0.38461538461538464,0.7142857142857143,0.28888888888888886,0.15555555555555556,False
2024,AI_HUMAN_RIGHTS_ETHICS,AI_TECH_LIST_MENTION,0,14,3,51,AI-positive country-years resolved for both codes,0.0,0.0,0.27450980392156865,0.058823529411764705,False
2024,AI_HUMAN_RIGHTS_ETHICS,AI_THREAT_LIST_MENTION,2,14,4,53,AI-positive country-years resolved for both codes,0.14285714285714285,0.5,0.2641509433962264,0.07547169811320754,False
2024,AI_BIAS_CULTURAL_DIVERSITY,AI_DISINFORMATION,0,0,4,53,AI-positive country-years resolved for both codes,,0.0,0.0,0.07547169811320754,False
2024,AI_BIAS_CULTURAL_DIVERSITY,AI_CYBER_SECURITY,0,2,1,54,AI-positive country-years resolved for both codes,0.0,0.0,0.037037037037037035,0.018518518518518517,False
2024,AI_BIAS_CULTURAL_DIVERSITY,AI_DIGITAL_DIVIDE,1,2,12,48,AI-positive country-years resolved for both codes,0.5,0.08333333333333333,0.041666666666666664,0.25,False
2024,AI_BIAS_CULTURAL_DIVERSITY,AI_CAPACITY_BUILDING,0,2,5,53,AI-positive country-years resolved for both codes,0.0,0.0,0.03773584905660377,0.09433962264150944,False
2024,AI_BIAS_CULTURAL_DIVERSITY,AI_DEVELOPMENT_SDGS,0,2,10,50,AI-positive country-years resolved for both codes,0.0,0.0,0.04,0.2,False
2024,AI_BIAS_CULTURAL_DIVERSITY,AI_RESOURCE_FOOTPRINT,0,2,0,57,AI-positive country-years resolved for both codes,0.0,,0.03508771929824561,0.0,False
2024,AI_BIAS_CULTURAL_DIVERSITY,AI_ECONOMY_LABOR,0,2,3,53,AI-positive country-years resolved for both codes,0.0,0.0,0.03773584905660377,0.05660377358490566,False
2024,AI_BIAS_CULTURAL_DIVERSITY,AI_YOUTH_EDUCATION,0,2,2,57,AI-positive country-years resolved for both codes,0.0,0.0,0.03508771929824561,0.03508771929824561,False
2024,AI_BIAS_CULTURAL_DIVERSITY,AI_CHILD_PROTECTION,0,2,1,57,AI-positive country-years resolved for both codes,0.0,0.0,0.03508771929824561,0.017543859649122806,False
2024,AI_BIAS_CULTURAL_DIVERSITY,AI_NATIONAL_STRATEGY,0,1,5,46,AI-positive country-years resolved for both codes,0.0,0.0,0.021739130434782608,0.10869565217391304,False
2024,AI_BIAS_CULTURAL_DIVERSITY,AI_SOVEREIGNTY_CONCENTRATION,2,2,7,56,AI-positive country-years resolved for both codes,1.0,0.2857142857142857,0.03571428571428571,0.125,False
2024,AI_BIAS_CULTURAL_DIVERSITY,AI_GEOPOLITICAL_RIVALRY,0,2,1,55,AI-positive country-years resolved for both codes,0.0,0.0,0.03636363636363636,0.01818181818181818,False
2024,AI_BIAS_CULTURAL_DIVERSITY,AI_OPPORTUNITY_RISK_DUALITY,0,1,13,50,AI-positive country-years resolved for both codes,0.0,0.0,0.02,0.26,False
2024,AI_BIAS_CULTURAL_DIVERSITY,AI_TRANSFORMATIVE_ERA,0,2,8,47,AI-positive country-years resolved for both codes,0.0,0.0,0.0425531914893617,0.1702127659574468,False
2024,AI_BIAS_CULTURAL_DIVERSITY,AI_TECH_LIST_MENTION,0,2,3,53,AI-positive country-years resolved for both codes,0.0,0.0,0.03773584905660377,0.05660377358490566,False
2024,AI_BIAS_CULTURAL_DIVERSITY,AI_THREAT_LIST_MENTION,0,2,5,55,AI-positive country-years resolved for both codes,0.0,0.0,0.03636363636363636,0.09090909090909091,False
2024,AI_DISINFORMATION,AI_CYBER_SECURITY,2,5,2,51,AI-positive country-years resolved for both codes,0.4,1.0,0.09803921568627451,0.0392156862745098,False
2024,AI_DISINFORMATION,AI_DIGITAL_DIVIDE,2,5,11,46,AI-positive country-years resolved for both codes,0.4,0.18181818181818182,0.10869565217391304,0.2391304347826087,False
2024,AI_DISINFORMATION,AI_CAPACITY_BUILDING,0,5,5,51,AI-positive country-years resolved for both codes,0.0,0.0,0.09803921568627451,0.09803921568627451,False
2024,AI_DISINFORMATION,AI_DEVELOPMENT_SDGS,1,4,10,47,AI-positive country-years resolved for both codes,0.25,0.1,0.0851063829787234,0.2127659574468085,False
2024,AI_DISINFORMATION,AI_RESOURCE_FOOTPRINT,0,5,0,54,AI-positive country-years resolved for both codes,0.0,,0.09259259259259259,0.0,False
2024,AI_DISINFORMATION,AI_ECONOMY_LABOR,0,3,3,50,AI-positive country-years resolved for both codes,0.0,0.0,0.06,0.06,False
2024,AI_DISINFORMATION,AI_YOUTH_EDUCATION,0,4,2,53,AI-positive country-years resolved for both codes,0.0,0.0,0.07547169811320754,0.03773584905660377,False
2024,AI_DISINFORMATION,AI_CHILD_PROTECTION,1,4,1,53,AI-positive country-years resolved for both codes,0.25,1.0,0.07547169811320754,0.018867924528301886,False
2024,AI_DISINFORMATION,AI_NATIONAL_STRATEGY,0,4,5,44,AI-positive country-years resolved for both codes,0.0,0.0,0.09090909090909091,0.11363636363636363,False
2024,AI_DISINFORMATION,AI_SOVEREIGNTY_CONCENTRATION,1,5,5,53,AI-positive country-years resolved for both codes,0.2,0.2,0.09433962264150944,0.09433962264150944,False
2024,AI_DISINFORMATION,AI_GEOPOLITICAL_RIVALRY,1,5,1,52,AI-positive country-years resolved for both codes,0.2,1.0,0.09615384615384616,0.019230769230769232,False
2024,AI_DISINFORMATION,AI_OPPORTUNITY_RISK_DUALITY,2,4,12,49,AI-positive country-years resolved for both codes,0.5,0.16666666666666666,0.08163265306122448,0.24489795918367346,False
2024,AI_DISINFORMATION,AI_TRANSFORMATIVE_ERA,2,5,8,44,AI-positive country-years resolved for both codes,0.4,0.25,0.11363636363636363,0.18181818181818182,False
2024,AI_DISINFORMATION,AI_TECH_LIST_MENTION,0,5,3,50,AI-positive country-years resolved for both codes,0.0,0.0,0.1,0.06,False
2024,AI_DISINFORMATION,AI_THREAT_LIST_MENTION,2,4,4,52,AI-positive country-years resolved for both codes,0.5,0.5,0.07692307692307693,0.07692307692307693,False
2024,AI_CYBER_SECURITY,AI_DIGITAL_DIVIDE,1,2,11,46,AI-positive country-years resolved for both codes,0.5,0.09090909090909091,0.043478260869565216,0.2391304347826087,False
2024,AI_CYBER_SECURITY,AI_CAPACITY_BUILDING,0,2,5,52,AI-positive country-years resolved for both codes,0.0,0.0,0.038461538461538464,0.09615384615384616,False
2024,AI_CYBER_SECURITY,AI_DEVELOPMENT_SDGS,0,2,9,48,AI-positive country-years resolved for both codes,0.0,0.0,0.041666666666666664,0.1875,False
2024,AI_CYBER_SECURITY,AI_RESOURCE_FOOTPRINT,0,2,0,55,AI-positive country-years resolved for both codes,0.0,,0.03636363636363636,0.0,False
2024,AI_CYBER_SECURITY,AI_ECONOMY_LABOR,0,2,3,51,AI-positive country-years resolved for both codes,0.0,0.0,0.0392156862745098,0.058823529411764705,False
2024,AI_CYBER_SECURITY,AI_YOUTH_EDUCATION,0,1,2,54,AI-positive country-years resolved for both codes,0.0,0.0,0.018518518518518517,0.037037037037037035,False
2024,AI_CYBER_SECURITY,AI_CHILD_PROTECTION,0,1,1,54,AI-positive country-years resolved for both codes,0.0,0.0,0.018518518518518517,0.018518518518518517,False
2024,AI_CYBER_SECURITY,AI_NATIONAL_STRATEGY,0,2,5,45,AI-positive country-years resolved for both codes,0.0,0.0,0.044444444444444446,0.1111111111111111,False
2024,AI_CYBER_SECURITY,AI_SOVEREIGNTY_CONCENTRATION,0,2,7,54,AI-positive country-years resolved for both codes,0.0,0.0,0.037037037037037035,0.12962962962962962,False
2024,AI_CYBER_SECURITY,AI_GEOPOLITICAL_RIVALRY,0,2,1,53,AI-positive country-years resolved for both codes,0.0,0.0,0.03773584905660377,0.018867924528301886,False
2024,AI_CYBER_SECURITY,AI_OPPORTUNITY_RISK_DUALITY,0,2,11,48,AI-positive country-years resolved for both codes,0.0,0.0,0.041666666666666664,0.22916666666666666,False
2024,AI_CYBER_SECURITY,AI_TRANSFORMATIVE_ERA,0,2,8,46,AI-positive country-years resolved for both codes,0.0,0.0,0.043478260869565216,0.17391304347826086,False
2024,AI_CYBER_SECURITY,AI_TECH_LIST_MENTION,0,2,3,51,AI-positive country-years resolved for both codes,0.0,0.0,0.0392156862745098,0.058823529411764705,False
2024,AI_CYBER_SECURITY,AI_THREAT_LIST_MENTION,0,1,5,54,AI-positive country-years resolved for both codes,0.0,0.0,0.018518518518518517,0.09259259259259259,False
2024,AI_DIGITAL_DIVIDE,AI_CAPACITY_BUILDING,2,10,4,46,AI-positive country-years resolved for both codes,0.2,0.5,0.21739130434782608,0.08695652173913043,False
2024,AI_DIGITAL_DIVIDE,AI_DEVELOPMENT_SDGS,2,10,6,43,AI-positive country-years resolved for both codes,0.2,0.3333333333333333,0.23255813953488372,0.13953488372093023,False
2024,AI_DIGITAL_DIVIDE,AI_RESOURCE_FOOTPRINT,0,12,0,49,AI-positive country-years resolved for both codes,0.0,,0.24489795918367346,0.0,False
2024,AI_DIGITAL_DIVIDE,AI_ECONOMY_LABOR,1,10,2,45,AI-positive country-years resolved for both codes,0.1,0.5,0.2222222222222222,0.044444444444444446,False
2024,AI_DIGITAL_DIVIDE,AI_YOUTH_EDUCATION,1,12,1,48,AI-positive country-years resolved for both codes,0.08333333333333333,1.0,0.25,0.020833333333333332,False
2024,AI_DIGITAL_DIVIDE,AI_CHILD_PROTECTION,0,12,1,48,AI-positive country-years resolved for both codes,0.0,0.0,0.25,0.020833333333333332,False
2024,AI_DIGITAL_DIVIDE,AI_NATIONAL_STRATEGY,1,10,3,41,AI-positive country-years resolved for both codes,0.1,0.3333333333333333,0.24390243902439024,0.07317073170731707,False
2024,AI_DIGITAL_DIVIDE,AI_SOVEREIGNTY_CONCENTRATION,3,12,7,48,AI-positive country-years resolved for both codes,0.25,0.42857142857142855,0.25,0.14583333333333334,False
2024,AI_DIGITAL_DIVIDE,AI_GEOPOLITICAL_RIVALRY,1,12,1,47,AI-positive country-years resolved for both codes,0.08333333333333333,1.0,0.2553191489361702,0.02127659574468085,False
2024,AI_DIGITAL_DIVIDE,AI_OPPORTUNITY_RISK_DUALITY,3,10,13,44,AI-positive country-years resolved for both codes,0.3,0.23076923076923078,0.22727272727272727,0.29545454545454547,False
2024,AI_DIGITAL_DIVIDE,AI_TRANSFORMATIVE_ERA,3,10,8,42,AI-positive country-years resolved for both codes,0.3,0.375,0.23809523809523808,0.19047619047619047,False
2024,AI_DIGITAL_DIVIDE,AI_TECH_LIST_MENTION,0,12,2,45,AI-positive country-years resolved for both codes,0.0,0.0,0.26666666666666666,0.044444444444444446,False
2024,AI_DIGITAL_DIVIDE,AI_THREAT_LIST_MENTION,1,11,3,47,AI-positive country-years resolved for both codes,0.09090909090909091,0.3333333333333333,0.23404255319148937,0.06382978723404255,False
2024,AI_CAPACITY_BUILDING,AI_DEVELOPMENT_SDGS,3,5,10,49,AI-positive country-years resolved for both codes,0.6,0.3,0.10204081632653061,0.20408163265306123,False
2024,AI_CAPACITY_BUILDING,AI_RESOURCE_FOOTPRINT,0,5,0,54,AI-positive country-years resolved for both codes,0.0,,0.09259259259259259,0.0,False
2024,AI_CAPACITY_BUILDING,AI_ECONOMY_LABOR,0,5,2,50,AI-positive country-years resolved for both codes,0.0,0.0,0.1,0.04,False
2024,AI_CAPACITY_BUILDING,AI_YOUTH_EDUCATION,0,5,1,53,AI-positive country-years resolved for both codes,0.0,0.0,0.09433962264150944,0.018867924528301886,False
2024,AI_CAPACITY_BUILDING,AI_CHILD_PROTECTION,0,5,1,53,AI-positive country-years resolved for both codes,0.0,0.0,0.09433962264150944,0.018867924528301886,False
2024,AI_CAPACITY_BUILDING,AI_NATIONAL_STRATEGY,1,2,5,43,AI-positive country-years resolved for both codes,0.5,0.2,0.046511627906976744,0.11627906976744186,False
2024,AI_CAPACITY_BUILDING,AI_SOVEREIGNTY_CONCENTRATION,0,5,7,53,AI-positive country-years resolved for both codes,0.0,0.0,0.09433962264150944,0.1320754716981132,False
2024,AI_CAPACITY_BUILDING,AI_GEOPOLITICAL_RIVALRY,0,5,1,52,AI-positive country-years resolved for both codes,0.0,0.0,0.09615384615384616,0.019230769230769232,False
2024,AI_CAPACITY_BUILDING,AI_OPPORTUNITY_RISK_DUALITY,1,4,12,49,AI-positive country-years resolved for both codes,0.25,0.08333333333333333,0.08163265306122448,0.24489795918367346,False
2024,AI_CAPACITY_BUILDING,AI_TRANSFORMATIVE_ERA,1,5,8,45,AI-positive country-years resolved for both codes,0.2,0.125,0.1111111111111111,0.17777777777777778,False
2024,AI_CAPACITY_BUILDING,AI_TECH_LIST_MENTION,0,5,3,51,AI-positive country-years resolved for both codes,0.0,0.0,0.09803921568627451,0.058823529411764705,False
2024,AI_CAPACITY_BUILDING,AI_THREAT_LIST_MENTION,0,5,4,52,AI-positive country-years resolved for both codes,0.0,0.0,0.09615384615384616,0.07692307692307693,False
2024,AI_DEVELOPMENT_SDGS,AI_RESOURCE_FOOTPRINT,0,10,0,51,AI-positive country-years resolved for both codes,0.0,,0.19607843137254902,0.0,False
2024,AI_DEVELOPMENT_SDGS,AI_ECONOMY_LABOR,1,9,2,48,AI-positive country-years resolved for both codes,0.1111111111111111,0.5,0.1875,0.041666666666666664,False
2024,AI_DEVELOPMENT_SDGS,AI_YOUTH_EDUCATION,1,10,1,50,AI-positive country-years resolved for both codes,0.1,1.0,0.2,0.02,False
2024,AI_DEVELOPMENT_SDGS,AI_CHILD_PROTECTION,1,10,1,50,AI-positive country-years resolved for both codes,0.1,1.0,0.2,0.02,False
2024,AI_DEVELOPMENT_SDGS,AI_NATIONAL_STRATEGY,3,6,5,40,AI-positive country-years resolved for both codes,0.5,0.6,0.15,0.125,False
2024,AI_DEVELOPMENT_SDGS,AI_SOVEREIGNTY_CONCENTRATION,1,10,7,50,AI-positive country-years resolved for both codes,0.1,0.14285714285714285,0.2,0.14,False
2024,AI_DEVELOPMENT_SDGS,AI_GEOPOLITICAL_RIVALRY,0,10,0,49,AI-positive country-years resolved for both codes,0.0,,0.20408163265306123,0.0,False
2024,AI_DEVELOPMENT_SDGS,AI_OPPORTUNITY_RISK_DUALITY,2,10,11,46,AI-positive country-years resolved for both codes,0.2,0.18181818181818182,0.21739130434782608,0.2391304347826087,False
2024,AI_DEVELOPMENT_SDGS,AI_TRANSFORMATIVE_ERA,1,8,7,44,AI-positive country-years resolved for both codes,0.125,0.14285714285714285,0.18181818181818182,0.1590909090909091,False
2024,AI_DEVELOPMENT_SDGS,AI_TECH_LIST_MENTION,0,10,2,48,AI-positive country-years resolved for both codes,0.0,0.0,0.20833333333333334,0.041666666666666664,False
2024,AI_DEVELOPMENT_SDGS,AI_THREAT_LIST_MENTION,1,10,4,49,AI-positive country-years resolved for both codes,0.1,0.25,0.20408163265306123,0.08163265306122448,False
2024,AI_RESOURCE_FOOTPRINT,AI_ECONOMY_LABOR,0,0,3,54,AI-positive country-years resolved for both codes,,0.0,0.0,0.05555555555555555,False
2024,AI_RESOURCE_FOOTPRINT,AI_YOUTH_EDUCATION,0,0,2,57,AI-positive country-years resolved for both codes,,0.0,0.0,0.03508771929824561,False
2024,AI_RESOURCE_FOOTPRINT,AI_CHILD_PROTECTION,0,0,1,57,AI-positive country-years resolved for both codes,,0.0,0.0,0.017543859649122806,False
2024,AI_RESOURCE_FOOTPRINT,AI_NATIONAL_STRATEGY,0,0,5,47,AI-positive country-years resolved for both codes,,0.0,0.0,0.10638297872340426,False
2024,AI_RESOURCE_FOOTPRINT,AI_SOVEREIGNTY_CONCENTRATION,0,0,7,57,AI-positive country-years resolved for both codes,,0.0,0.0,0.12280701754385964,False
2024,AI_RESOURCE_FOOTPRINT,AI_GEOPOLITICAL_RIVALRY,0,0,1,56,AI-positive country-years resolved for both codes,,0.0,0.0,0.017857142857142856,False
2024,AI_RESOURCE_FOOTPRINT,AI_OPPORTUNITY_RISK_DUALITY,0,0,13,51,AI-positive country-years resolved for both codes,,0.0,0.0,0.2549019607843137,False
2024,AI_RESOURCE_FOOTPRINT,AI_TRANSFORMATIVE_ERA,0,0,8,48,AI-positive country-years resolved for both codes,,0.0,0.0,0.16666666666666666,False
2024,AI_RESOURCE_FOOTPRINT,AI_TECH_LIST_MENTION,0,0,3,54,AI-positive country-years resolved for both codes,,0.0,0.0,0.05555555555555555,False
2024,AI_RESOURCE_FOOTPRINT,AI_THREAT_LIST_MENTION,0,0,5,56,AI-positive country-years resolved for both codes,,0.0,0.0,0.08928571428571429,False
2024,AI_ECONOMY_LABOR,AI_YOUTH_EDUCATION,2,3,2,53,AI-positive country-years resolved for both codes,0.6666666666666666,1.0,0.05660377358490566,0.03773584905660377,False
2024,AI_ECONOMY_LABOR,AI_CHILD_PROTECTION,0,3,0,53,AI-positive country-years resolved for both codes,0.0,,0.05660377358490566,0.0,False
2024,AI_ECONOMY_LABOR,AI_NATIONAL_STRATEGY,1,2,5,44,AI-positive country-years resolved for both codes,0.5,0.2,0.045454545454545456,0.11363636363636363,False
2024,AI_ECONOMY_LABOR,AI_SOVEREIGNTY_CONCENTRATION,1,3,4,53,AI-positive country-years resolved for both codes,0.3333333333333333,0.25,0.05660377358490566,0.07547169811320754,False
2024,AI_ECONOMY_LABOR,AI_GEOPOLITICAL_RIVALRY,0,3,0,52,AI-positive country-years resolved for both codes,0.0,,0.057692307692307696,0.0,False
2024,AI_ECONOMY_LABOR,AI_OPPORTUNITY_RISK_DUALITY,0,2,11,47,AI-positive country-years resolved for both codes,0.0,0.0,0.0425531914893617,0.23404255319148937,False
2024,AI_ECONOMY_LABOR,AI_TRANSFORMATIVE_ERA,1,1,5,44,AI-positive country-years resolved for both codes,1.0,0.2,0.022727272727272728,0.11363636363636363,False
2024,AI_ECONOMY_LABOR,AI_TECH_LIST_MENTION,0,3,3,50,AI-positive country-years resolved for both codes,0.0,0.0,0.06,0.06,False
2024,AI_ECONOMY_LABOR,AI_THREAT_LIST_MENTION,0,3,3,52,AI-positive country-years resolved for both codes,0.0,0.0,0.057692307692307696,0.057692307692307696,False
2024,AI_YOUTH_EDUCATION,AI_CHILD_PROTECTION,0,2,1,57,AI-positive country-years resolved for both codes,0.0,0.0,0.03508771929824561,0.017543859649122806,False
2024,AI_YOUTH_EDUCATION,AI_NATIONAL_STRATEGY,1,2,5,46,AI-positive country-years resolved for both codes,0.5,0.2,0.043478260869565216,0.10869565217391304,False
2024,AI_YOUTH_EDUCATION,AI_SOVEREIGNTY_CONCENTRATION,0,2,7,56,AI-positive country-years resolved for both codes,0.0,0.0,0.03571428571428571,0.125,False
2024,AI_YOUTH_EDUCATION,AI_GEOPOLITICAL_RIVALRY,0,2,1,55,AI-positive country-years resolved for both codes,0.0,0.0,0.03636363636363636,0.01818181818181818,False
2024,AI_YOUTH_EDUCATION,AI_OPPORTUNITY_RISK_DUALITY,0,1,13,50,AI-positive country-years resolved for both codes,0.0,0.0,0.02,0.26,False
2024,AI_YOUTH_EDUCATION,AI_TRANSFORMATIVE_ERA,0,0,8,47,AI-positive country-years resolved for both codes,,0.0,0.0,0.1702127659574468,False
2024,AI_YOUTH_EDUCATION,AI_TECH_LIST_MENTION,0,2,3,53,AI-positive country-years resolved for both codes,0.0,0.0,0.03773584905660377,0.05660377358490566,False
2024,AI_YOUTH_EDUCATION,AI_THREAT_LIST_MENTION,0,2,5,55,AI-positive country-years resolved for both codes,0.0,0.0,0.03636363636363636,0.09090909090909091,False
2024,AI_CHILD_PROTECTION,AI_NATIONAL_STRATEGY,0,0,5,46,AI-positive country-years resolved for both codes,,0.0,0.0,0.10869565217391304,False
2024,AI_CHILD_PROTECTION,AI_SOVEREIGNTY_CONCENTRATION,1,1,7,56,AI-positive country-years resolved for both codes,1.0,0.14285714285714285,0.017857142857142856,0.125,False
2024,AI_CHILD_PROTECTION,AI_GEOPOLITICAL_RIVALRY,0,1,1,55,AI-positive country-years resolved for both codes,0.0,0.0,0.01818181818181818,0.01818181818181818,False
2024,AI_CHILD_PROTECTION,AI_OPPORTUNITY_RISK_DUALITY,1,1,13,50,AI-positive country-years resolved for both codes,1.0,0.07692307692307693,0.02,0.26,False
2024,AI_CHILD_PROTECTION,AI_TRANSFORMATIVE_ERA,1,1,8,47,AI-positive country-years resolved for both codes,1.0,0.125,0.02127659574468085,0.1702127659574468,False
2024,AI_CHILD_PROTECTION,AI_TECH_LIST_MENTION,0,1,3,53,AI-positive country-years resolved for both codes,0.0,0.0,0.018867924528301886,0.05660377358490566,False
2024,AI_CHILD_PROTECTION,AI_THREAT_LIST_MENTION,1,1,5,55,AI-positive country-years resolved for both codes,1.0,0.2,0.01818181818181818,0.09090909090909091,False
2024,AI_NATIONAL_STRATEGY,AI_SOVEREIGNTY_CONCENTRATION,1,5,4,46,AI-positive country-years resolved for both codes,0.2,0.25,0.10869565217391304,0.08695652173913043,False
2024,AI_NATIONAL_STRATEGY,AI_GEOPOLITICAL_RIVALRY,0,5,1,45,AI-positive country-years resolved for both codes,0.0,0.0,0.1111111111111111,0.022222222222222223,False
2024,AI_NATIONAL_STRATEGY,AI_OPPORTUNITY_RISK_DUALITY,1,5,9,42,AI-positive country-years resolved for both codes,0.2,0.1111111111111111,0.11904761904761904,0.21428571428571427,False
2024,AI_NATIONAL_STRATEGY,AI_TRANSFORMATIVE_ERA,0,4,5,39,AI-positive country-years resolved for both codes,0.0,0.0,0.10256410256410256,0.1282051282051282,False
2024,AI_NATIONAL_STRATEGY,AI_TECH_LIST_MENTION,0,5,3,43,AI-positive country-years resolved for both codes,0.0,0.0,0.11627906976744186,0.06976744186046512,False
2024,AI_NATIONAL_STRATEGY,AI_THREAT_LIST_MENTION,0,5,3,45,AI-positive country-years resolved for both codes,0.0,0.0,0.1111111111111111,0.06666666666666667,False
2024,AI_SOVEREIGNTY_CONCENTRATION,AI_GEOPOLITICAL_RIVALRY,0,7,1,55,AI-positive country-years resolved for both codes,0.0,0.0,0.12727272727272726,0.01818181818181818,False
2024,AI_SOVEREIGNTY_CONCENTRATION,AI_OPPORTUNITY_RISK_DUALITY,1,6,13,51,AI-positive country-years resolved for both codes,0.16666666666666666,0.07692307692307693,0.11764705882352941,0.2549019607843137,False
2024,AI_SOVEREIGNTY_CONCENTRATION,AI_TRANSFORMATIVE_ERA,3,7,7,47,AI-positive country-years resolved for both codes,0.42857142857142855,0.42857142857142855,0.14893617021276595,0.14893617021276595,False
2024,AI_SOVEREIGNTY_CONCENTRATION,AI_TECH_LIST_MENTION,0,7,3,53,AI-positive country-years resolved for both codes,0.0,0.0,0.1320754716981132,0.05660377358490566,False
2024,AI_SOVEREIGNTY_CONCENTRATION,AI_THREAT_LIST_MENTION,1,7,5,55,AI-positive country-years resolved for both codes,0.14285714285714285,0.2,0.12727272727272726,0.09090909090909091,False
2024,AI_GEOPOLITICAL_RIVALRY,AI_OPPORTUNITY_RISK_DUALITY,1,1,13,49,AI-positive country-years resolved for both codes,1.0,0.07692307692307693,0.02040816326530612,0.2653061224489796,False
2024,AI_GEOPOLITICAL_RIVALRY,AI_TRANSFORMATIVE_ERA,1,1,8,47,AI-positive country-years resolved for both codes,1.0,0.125,0.02127659574468085,0.1702127659574468,False
2024,AI_GEOPOLITICAL_RIVALRY,AI_TECH_LIST_MENTION,0,1,3,52,AI-positive country-years resolved for both codes,0.0,0.0,0.019230769230769232,0.057692307692307696,False
2024,AI_GEOPOLITICAL_RIVALRY,AI_THREAT_LIST_MENTION,1,1,5,54,AI-positive country-years resolved for both codes,1.0,0.2,0.018518518518518517,0.09259259259259259,False
2024,AI_OPPORTUNITY_RISK_DUALITY,AI_TRANSFORMATIVE_ERA,4,12,7,42,AI-positive country-years resolved for both codes,0.3333333333333333,0.5714285714285714,0.2857142857142857,0.16666666666666666,False
2024,AI_OPPORTUNITY_RISK_DUALITY,AI_TECH_LIST_MENTION,0,12,3,47,AI-positive country-years resolved for both codes,0.0,0.0,0.2553191489361702,0.06382978723404255,False
2024,AI_OPPORTUNITY_RISK_DUALITY,AI_THREAT_LIST_MENTION,2,13,4,49,AI-positive country-years resolved for both codes,0.15384615384615385,0.5,0.2653061224489796,0.08163265306122448,False
2024,AI_TRANSFORMATIVE_ERA,AI_TECH_LIST_MENTION,0,7,2,44,AI-positive country-years resolved for both codes,0.0,0.0,0.1590909090909091,0.045454545454545456,False
2024,AI_TRANSFORMATIVE_ERA,AI_THREAT_LIST_MENTION,2,8,4,46,AI-positive country-years resolved for both codes,0.25,0.5,0.17391304347826086,0.08695652173913043,False
2024,AI_TECH_LIST_MENTION,AI_THREAT_LIST_MENTION,0,3,5,52,AI-positive country-years resolved for both codes,0.0,0.0,0.057692307692307696,0.09615384615384616,False
2025,AI_GLOBAL_GOVERNANCE,AI_INCLUSIVE_GOVERNANCE,1,20,1,54,AI-positive country-years resolved for both codes,0.05,1.0,0.37037037037037035,0.018518518518518517,False
2025,AI_GLOBAL_GOVERNANCE,AI_GOVERNANCE_SKEPTICISM,0,24,0,59,AI-positive country-years resolved for both codes,0.0,,0.4067796610169492,0.0,False
2025,AI_GLOBAL_GOVERNANCE,AI_UN_ROLE,11,22,18,55,AI-positive country-years resolved for both codes,0.5,0.6111111111111112,0.4,0.32727272727272727,False
2025,AI_GLOBAL_GOVERNANCE,AI_MILITARY_WEAPONS,2,22,4,57,AI-positive country-years resolved for both codes,0.09090909090909091,0.5,0.38596491228070173,0.07017543859649122,False
2025,AI_GLOBAL_GOVERNANCE,AI_PEACE_APPLICATIONS,1,23,3,56,AI-positive country-years resolved for both codes,0.043478260869565216,0.3333333333333333,0.4107142857142857,0.05357142857142857,False
2025,AI_GLOBAL_GOVERNANCE,AI_SAFETY_EXISTENTIAL,1,24,1,57,AI-positive country-years resolved for both codes,0.041666666666666664,1.0,0.42105263157894735,0.017543859649122806,False
2025,AI_GLOBAL_GOVERNANCE,AI_HUMAN_CONTROL,1,24,1,59,AI-positive country-years resolved for both codes,0.041666666666666664,1.0,0.4067796610169492,0.01694915254237288,False
2025,AI_GLOBAL_GOVERNANCE,AI_HUMAN_RIGHTS_ETHICS,5,16,6,47,AI-positive country-years resolved for both codes,0.3125,0.8333333333333334,0.3404255319148936,0.1276595744680851,False
2025,AI_GLOBAL_GOVERNANCE,AI_BIAS_CULTURAL_DIVERSITY,1,23,1,58,AI-positive country-years resolved for both codes,0.043478260869565216,1.0,0.39655172413793105,0.017241379310344827,False
2025,AI_GLOBAL_GOVERNANCE,AI_DISINFORMATION,2,21,4,56,AI-positive country-years resolved for both codes,0.09523809523809523,0.5,0.375,0.07142857142857142,False
2025,AI_GLOBAL_GOVERNANCE,AI_CYBER_SECURITY,1,20,1,53,AI-positive country-years resolved for both codes,0.05,1.0,0.37735849056603776,0.018867924528301886,False
2025,AI_GLOBAL_GOVERNANCE,AI_DIGITAL_DIVIDE,8,19,15,49,AI-positive country-years resolved for both codes,0.42105263157894735,0.5333333333333333,0.3877551020408163,0.30612244897959184,False
2025,AI_GLOBAL_GOVERNANCE,AI_CAPACITY_BUILDING,2,22,4,52,AI-positive country-years resolved for both codes,0.09090909090909091,0.5,0.4230769230769231,0.07692307692307693,False
2025,AI_GLOBAL_GOVERNANCE,AI_DEVELOPMENT_SDGS,4,18,9,47,AI-positive country-years resolved for both codes,0.2222222222222222,0.4444444444444444,0.3829787234042553,0.19148936170212766,False
2025,AI_GLOBAL_GOVERNANCE,AI_RESOURCE_FOOTPRINT,1,23,1,57,AI-positive country-years resolved for both codes,0.043478260869565216,1.0,0.40350877192982454,0.017543859649122806,False
2025,AI_GLOBAL_GOVERNANCE,AI_ECONOMY_LABOR,4,22,6,56,AI-positive country-years resolved for both codes,0.18181818181818182,0.6666666666666666,0.39285714285714285,0.10714285714285714,False
2025,AI_GLOBAL_GOVERNANCE,AI_YOUTH_EDUCATION,2,22,4,57,AI-positive country-years resolved for both codes,0.09090909090909091,0.5,0.38596491228070173,0.07017543859649122,False
2025,AI_GLOBAL_GOVERNANCE,AI_CHILD_PROTECTION,1,23,1,56,AI-positive country-years resolved for both codes,0.043478260869565216,1.0,0.4107142857142857,0.017857142857142856,False
2025,AI_GLOBAL_GOVERNANCE,AI_NATIONAL_STRATEGY,5,21,7,48,AI-positive country-years resolved for both codes,0.23809523809523808,0.7142857142857143,0.4375,0.14583333333333334,False
2025,AI_GLOBAL_GOVERNANCE,AI_SOVEREIGNTY_CONCENTRATION,2,24,2,56,AI-positive country-years resolved for both codes,0.08333333333333333,1.0,0.42857142857142855,0.03571428571428571,False
2025,AI_GLOBAL_GOVERNANCE,AI_GEOPOLITICAL_RIVALRY,0,23,1,58,AI-positive country-years resolved for both codes,0.0,0.0,0.39655172413793105,0.017241379310344827,False
2025,AI_GLOBAL_GOVERNANCE,AI_OPPORTUNITY_RISK_DUALITY,12,21,16,54,AI-positive country-years resolved for both codes,0.5714285714285714,0.75,0.3888888888888889,0.2962962962962963,False
2025,AI_GLOBAL_GOVERNANCE,AI_TRANSFORMATIVE_ERA,2,20,6,52,AI-positive country-years resolved for both codes,0.1,0.3333333333333333,0.38461538461538464,0.11538461538461539,False
2025,AI_GLOBAL_GOVERNANCE,AI_TECH_LIST_MENTION,1,24,7,58,AI-positive country-years resolved for both codes,0.041666666666666664,0.14285714285714285,0.41379310344827586,0.1206896551724138,False
2025,AI_GLOBAL_GOVERNANCE,AI_THREAT_LIST_MENTION,2,19,5,54,AI-positive country-years resolved for both codes,0.10526315789473684,0.4,0.35185185185185186,0.09259259259259259,False
2025,AI_INCLUSIVE_GOVERNANCE,AI_GOVERNANCE_SKEPTICISM,0,1,0,66,AI-positive country-years resolved for both codes,0.0,,0.015151515151515152,0.0,False
2025,AI_INCLUSIVE_GOVERNANCE,AI_UN_ROLE,0,0,20,62,AI-positive country-years resolved for both codes,,0.0,0.0,0.3225806451612903,False
2025,AI_INCLUSIVE_GOVERNANCE,AI_MILITARY_WEAPONS,1,1,6,64,AI-positive country-years resolved for both codes,1.0,0.16666666666666666,0.015625,0.09375,False
2025,AI_INCLUSIVE_GOVERNANCE,AI_PEACE_APPLICATIONS,0,1,2,64,AI-positive country-years resolved for both codes,0.0,0.0,0.015625,0.03125,False
2025,AI_INCLUSIVE_GOVERNANCE,AI_SAFETY_EXISTENTIAL,1,1,1,63,AI-positive country-years resolved for both codes,1.0,1.0,0.015873015873015872,0.015873015873015872,False
2025,AI_INCLUSIVE_GOVERNANCE,AI_HUMAN_CONTROL,0,1,1,66,AI-positive country-years resolved for both codes,0.0,0.0,0.015151515151515152,0.015151515151515152,False
2025,AI_INCLUSIVE_GOVERNANCE,AI_HUMAN_RIGHTS_ETHICS,0,0,8,56,AI-positive country-years resolved for both codes,,0.0,0.0,0.14285714285714285,False
2025,AI_INCLUSIVE_GOVERNANCE,AI_BIAS_CULTURAL_DIVERSITY,0,1,2,66,AI-positive country-years resolved for both codes,0.0,0.0,0.015151515151515152,0.030303030303030304,False
2025,AI_INCLUSIVE_GOVERNANCE,AI_DISINFORMATION,0,0,7,64,AI-positive country-years resolved for both codes,,0.0,0.0,0.109375,False
2025,AI_INCLUSIVE_GOVERNANCE,AI_CYBER_SECURITY,0,1,2,60,AI-positive country-years resolved for both codes,0.0,0.0,0.016666666666666666,0.03333333333333333,False
2025,AI_INCLUSIVE_GOVERNANCE,AI_DIGITAL_DIVIDE,1,1,18,57,AI-positive country-years resolved for both codes,1.0,0.05555555555555555,0.017543859649122806,0.3157894736842105,False
2025,AI_INCLUSIVE_GOVERNANCE,AI_CAPACITY_BUILDING,1,1,8,60,AI-positive country-years resolved for both codes,1.0,0.125,0.016666666666666666,0.13333333333333333,False
2025,AI_INCLUSIVE_GOVERNANCE,AI_DEVELOPMENT_SDGS,0,1,13,54,AI-positive country-years resolved for both codes,0.0,0.0,0.018518518518518517,0.24074074074074073,False
2025,AI_INCLUSIVE_GOVERNANCE,AI_RESOURCE_FOOTPRINT,0,1,1,64,AI-positive country-years resolved for both codes,0.0,0.0,0.015625,0.015625,False
2025,AI_INCLUSIVE_GOVERNANCE,AI_ECONOMY_LABOR,0,0,6,61,AI-positive country-years resolved for both codes,,0.0,0.0,0.09836065573770492,False
2025,AI_INCLUSIVE_GOVERNANCE,AI_YOUTH_EDUCATION,0,1,5,63,AI-positive country-years resolved for both codes,0.0,0.0,0.015873015873015872,0.07936507936507936,False
2025,AI_INCLUSIVE_GOVERNANCE,AI_CHILD_PROTECTION,0,1,1,64,AI-positive country-years resolved for both codes,0.0,0.0,0.015625,0.015625,False
2025,AI_INCLUSIVE_GOVERNANCE,AI_NATIONAL_STRATEGY,0,1,9,53,AI-positive country-years resolved for both codes,0.0,0.0,0.018867924528301886,0.16981132075471697,False
2025,AI_INCLUSIVE_GOVERNANCE,AI_SOVEREIGNTY_CONCENTRATION,0,1,2,62,AI-positive country-years resolved for both codes,0.0,0.0,0.016129032258064516,0.03225806451612903,False
2025,AI_INCLUSIVE_GOVERNANCE,AI_GEOPOLITICAL_RIVALRY,0,1,1,66,AI-positive country-years resolved for both codes,0.0,0.0,0.015151515151515152,0.015151515151515152,False
2025,AI_INCLUSIVE_GOVERNANCE,AI_OPPORTUNITY_RISK_DUALITY,1,1,18,61,AI-positive country-years resolved for both codes,1.0,0.05555555555555555,0.01639344262295082,0.29508196721311475,False
2025,AI_INCLUSIVE_GOVERNANCE,AI_TRANSFORMATIVE_ERA,0,1,8,61,AI-positive country-years resolved for both codes,0.0,0.0,0.01639344262295082,0.13114754098360656,False
2025,AI_INCLUSIVE_GOVERNANCE,AI_TECH_LIST_MENTION,0,1,6,65,AI-positive country-years resolved for both codes,0.0,0.0,0.015384615384615385,0.09230769230769231,False
2025,AI_INCLUSIVE_GOVERNANCE,AI_THREAT_LIST_MENTION,0,1,9,64,AI-positive country-years resolved for both codes,0.0,0.0,0.015625,0.140625,False
2025,AI_GOVERNANCE_SKEPTICISM,AI_UN_ROLE,0,0,22,67,AI-positive country-years resolved for both codes,,0.0,0.0,0.3283582089552239,False
2025,AI_GOVERNANCE_SKEPTICISM,AI_MILITARY_WEAPONS,0,0,6,69,AI-positive country-years resolved for both codes,,0.0,0.0,0.08695652173913043,False
2025,AI_GOVERNANCE_SKEPTICISM,AI_PEACE_APPLICATIONS,0,0,3,69,AI-positive country-years resolved for both codes,,0.0,0.0,0.043478260869565216,False
2025,AI_GOVERNANCE_SKEPTICISM,AI_SAFETY_EXISTENTIAL,0,0,1,69,AI-positive country-years resolved for both codes,,0.0,0.0,0.014492753623188406,False
2025,AI_GOVERNANCE_SKEPTICISM,AI_HUMAN_CONTROL,0,0,1,71,AI-positive country-years resolved for both codes,,0.0,0.0,0.014084507042253521,False
2025,AI_GOVERNANCE_SKEPTICISM,AI_HUMAN_RIGHTS_ETHICS,0,0,8,57,AI-positive country-years resolved for both codes,,0.0,0.0,0.14035087719298245,False
2025,AI_GOVERNANCE_SKEPTICISM,AI_BIAS_CULTURAL_DIVERSITY,0,0,2,71,AI-positive country-years resolved for both codes,,0.0,0.0,0.028169014084507043,False
2025,AI_GOVERNANCE_SKEPTICISM,AI_DISINFORMATION,0,0,7,69,AI-positive country-years resolved for both codes,,0.0,0.0,0.10144927536231885,False
2025,AI_GOVERNANCE_SKEPTICISM,AI_CYBER_SECURITY,0,0,3,65,AI-positive country-years resolved for both codes,,0.0,0.0,0.046153846153846156,False
2025,AI_GOVERNANCE_SKEPTICISM,AI_DIGITAL_DIVIDE,0,0,21,61,AI-positive country-years resolved for both codes,,0.0,0.0,0.3442622950819672,False
2025,AI_GOVERNANCE_SKEPTICISM,AI_CAPACITY_BUILDING,0,0,8,64,AI-positive country-years resolved for both codes,,0.0,0.0,0.125,False
2025,AI_GOVERNANCE_SKEPTICISM,AI_DEVELOPMENT_SDGS,0,0,15,59,AI-positive country-years resolved for both codes,,0.0,0.0,0.2542372881355932,False
2025,AI_GOVERNANCE_SKEPTICISM,AI_RESOURCE_FOOTPRINT,0,0,1,69,AI-positive country-years resolved for both codes,,0.0,0.0,0.014492753623188406,False
2025,AI_GOVERNANCE_SKEPTICISM,AI_ECONOMY_LABOR,0,0,7,67,AI-positive country-years resolved for both codes,,0.0,0.0,0.1044776119402985,False
2025,AI_GOVERNANCE_SKEPTICISM,AI_YOUTH_EDUCATION,0,0,5,69,AI-positive country-years resolved for both codes,,0.0,0.0,0.07246376811594203,False
2025,AI_GOVERNANCE_SKEPTICISM,AI_CHILD_PROTECTION,0,0,1,69,AI-positive country-years resolved for both codes,,0.0,0.0,0.014492753623188406,False
2025,AI_GOVERNANCE_SKEPTICISM,AI_NATIONAL_STRATEGY,0,0,10,58,AI-positive country-years resolved for both codes,,0.0,0.0,0.1724137931034483,False
2025,AI_GOVERNANCE_SKEPTICISM,AI_SOVEREIGNTY_CONCENTRATION,0,0,2,67,AI-positive country-years resolved for both codes,,0.0,0.0,0.029850746268656716,False
2025,AI_GOVERNANCE_SKEPTICISM,AI_GEOPOLITICAL_RIVALRY,0,0,1,71,AI-positive country-years resolved for both codes,,0.0,0.0,0.014084507042253521,False
2025,AI_GOVERNANCE_SKEPTICISM,AI_OPPORTUNITY_RISK_DUALITY,0,0,20,66,AI-positive country-years resolved for both codes,,0.0,0.0,0.30303030303030304,False
2025,AI_GOVERNANCE_SKEPTICISM,AI_TRANSFORMATIVE_ERA,0,0,8,64,AI-positive country-years resolved for both codes,,0.0,0.0,0.125,False
2025,AI_GOVERNANCE_SKEPTICISM,AI_TECH_LIST_MENTION,0,0,7,70,AI-positive country-years resolved for both codes,,0.0,0.0,0.1,False
2025,AI_GOVERNANCE_SKEPTICISM,AI_THREAT_LIST_MENTION,0,0,8,67,AI-positive country-years resolved for both codes,,0.0,0.0,0.11940298507462686,False
2025,AI_UN_ROLE,AI_MILITARY_WEAPONS,3,21,5,64,AI-positive country-years resolved for both codes,0.14285714285714285,0.6,0.328125,0.078125,False
2025,AI_UN_ROLE,AI_PEACE_APPLICATIONS,1,21,2,64,AI-positive country-years resolved for both codes,0.047619047619047616,0.5,0.328125,0.03125,False
2025,AI_UN_ROLE,AI_SAFETY_EXISTENTIAL,0,20,0,64,AI-positive country-years resolved for both codes,0.0,,0.3125,0.0,False
2025,AI_UN_ROLE,AI_HUMAN_CONTROL,0,22,1,66,AI-positive country-years resolved for both codes,0.0,0.0,0.3333333333333333,0.015151515151515152,False
2025,AI_UN_ROLE,AI_HUMAN_RIGHTS_ETHICS,3,18,8,53,AI-positive country-years resolved for both codes,0.16666666666666666,0.375,0.33962264150943394,0.1509433962264151,False
2025,AI_UN_ROLE,AI_BIAS_CULTURAL_DIVERSITY,1,21,2,66,AI-positive country-years resolved for both codes,0.047619047619047616,0.5,0.3181818181818182,0.030303030303030304,False
2025,AI_UN_ROLE,AI_DISINFORMATION,4,21,7,65,AI-positive country-years resolved for both codes,0.19047619047619047,0.5714285714285714,0.3230769230769231,0.1076923076923077,False
2025,AI_UN_ROLE,AI_CYBER_SECURITY,3,18,3,60,AI-positive country-years resolved for both codes,0.16666666666666666,1.0,0.3,0.05,False
2025,AI_UN_ROLE,AI_DIGITAL_DIVIDE,10,18,18,56,AI-positive country-years resolved for both codes,0.5555555555555556,0.5555555555555556,0.32142857142857145,0.32142857142857145,False
2025,AI_UN_ROLE,AI_CAPACITY_BUILDING,3,20,7,60,AI-positive country-years resolved for both codes,0.15,0.42857142857142855,0.3333333333333333,0.11666666666666667,False
2025,AI_UN_ROLE,AI_DEVELOPMENT_SDGS,5,19,14,54,AI-positive country-years resolved for both codes,0.2631578947368421,0.35714285714285715,0.35185185185185186,0.25925925925925924,False
2025,AI_UN_ROLE,AI_RESOURCE_FOOTPRINT,1,20,1,64,AI-positive country-years resolved for both codes,0.05,1.0,0.3125,0.015625,False
2025,AI_UN_ROLE,AI_ECONOMY_LABOR,4,20,7,63,AI-positive country-years resolved for both codes,0.2,0.5714285714285714,0.31746031746031744,0.1111111111111111,False
2025,AI_UN_ROLE,AI_YOUTH_EDUCATION,1,20,5,64,AI-positive country-years resolved for both codes,0.05,0.2,0.3125,0.078125,False
2025,AI_UN_ROLE,AI_CHILD_PROTECTION,1,20,1,64,AI-positive country-years resolved for both codes,0.05,1.0,0.3125,0.015625,False
2025,AI_UN_ROLE,AI_NATIONAL_STRATEGY,5,17,10,53,AI-positive country-years resolved for both codes,0.29411764705882354,0.5,0.32075471698113206,0.18867924528301888,False
2025,AI_UN_ROLE,AI_SOVEREIGNTY_CONCENTRATION,2,20,2,63,AI-positive country-years resolved for both codes,0.1,1.0,0.31746031746031744,0.031746031746031744,False
2025,AI_UN_ROLE,AI_GEOPOLITICAL_RIVALRY,0,21,1,66,AI-positive country-years resolved for both codes,0.0,0.0,0.3181818181818182,0.015151515151515152,False
2025,AI_UN_ROLE,AI_OPPORTUNITY_RISK_DUALITY,11,19,18,62,AI-positive country-years resolved for both codes,0.5789473684210527,0.6111111111111112,0.3064516129032258,0.2903225806451613,False
2025,AI_UN_ROLE,AI_TRANSFORMATIVE_ERA,5,18,8,59,AI-positive country-years resolved for both codes,0.2777777777777778,0.625,0.3050847457627119,0.13559322033898305,False
2025,AI_UN_ROLE,AI_TECH_LIST_MENTION,0,22,7,65,AI-positive country-years resolved for both codes,0.0,0.0,0.3384615384615385,0.1076923076923077,False
2025,AI_UN_ROLE,AI_THREAT_LIST_MENTION,4,20,8,63,AI-positive country-years resolved for both codes,0.2,0.5,0.31746031746031744,0.12698412698412698,False
2025,AI_MILITARY_WEAPONS,AI_PEACE_APPLICATIONS,0,6,3,68,AI-positive country-years resolved for both codes,0.0,0.0,0.08823529411764706,0.04411764705882353,False
2025,AI_MILITARY_WEAPONS,AI_SAFETY_EXISTENTIAL,1,6,1,66,AI-positive country-years resolved for both codes,0.16666666666666666,1.0,0.09090909090909091,0.015151515151515152,False
2025,AI_MILITARY_WEAPONS,AI_HUMAN_CONTROL,0,6,1,69,AI-positive country-years resolved for both codes,0.0,0.0,0.08695652173913043,0.014492753623188406,False
2025,AI_MILITARY_WEAPONS,AI_HUMAN_RIGHTS_ETHICS,0,4,7,55,AI-positive country-years resolved for both codes,0.0,0.0,0.07272727272727272,0.12727272727272726,False
2025,AI_MILITARY_WEAPONS,AI_BIAS_CULTURAL_DIVERSITY,0,6,2,69,AI-positive country-years resolved for both codes,0.0,0.0,0.08695652173913043,0.028985507246376812,False
2025,AI_MILITARY_WEAPONS,AI_DISINFORMATION,1,5,7,67,AI-positive country-years resolved for both codes,0.2,0.14285714285714285,0.07462686567164178,0.1044776119402985,False
2025,AI_MILITARY_WEAPONS,AI_CYBER_SECURITY,1,4,3,64,AI-positive country-years resolved for both codes,0.25,0.3333333333333333,0.0625,0.046875,False
2025,AI_MILITARY_WEAPONS,AI_DIGITAL_DIVIDE,2,5,20,59,AI-positive country-years resolved for both codes,0.4,0.1,0.0847457627118644,0.3389830508474576,False
2025,AI_MILITARY_WEAPONS,AI_CAPACITY_BUILDING,2,6,8,62,AI-positive country-years resolved for both codes,0.3333333333333333,0.25,0.0967741935483871,0.12903225806451613,False
2025,AI_MILITARY_WEAPONS,AI_DEVELOPMENT_SDGS,1,5,15,57,AI-positive country-years resolved for both codes,0.2,0.06666666666666667,0.08771929824561403,0.2631578947368421,False
2025,AI_MILITARY_WEAPONS,AI_RESOURCE_FOOTPRINT,0,6,1,67,AI-positive country-years resolved for both codes,0.0,0.0,0.08955223880597014,0.014925373134328358,False
2025,AI_MILITARY_WEAPONS,AI_ECONOMY_LABOR,0,4,6,64,AI-positive country-years resolved for both codes,0.0,0.0,0.0625,0.09375,False
2025,AI_MILITARY_WEAPONS,AI_YOUTH_EDUCATION,0,6,5,66,AI-positive country-years resolved for both codes,0.0,0.0,0.09090909090909091,0.07575757575757576,False
2025,AI_MILITARY_WEAPONS,AI_CHILD_PROTECTION,0,6,1,67,AI-positive country-years resolved for both codes,0.0,0.0,0.08955223880597014,0.014925373134328358,False
2025,AI_MILITARY_WEAPONS,AI_NATIONAL_STRATEGY,0,5,10,57,AI-positive country-years resolved for both codes,0.0,0.0,0.08771929824561403,0.17543859649122806,False
2025,AI_MILITARY_WEAPONS,AI_SOVEREIGNTY_CONCENTRATION,0,5,2,65,AI-positive country-years resolved for both codes,0.0,0.0,0.07692307692307693,0.03076923076923077,False
2025,AI_MILITARY_WEAPONS,AI_GEOPOLITICAL_RIVALRY,1,6,1,69,AI-positive country-years resolved for both codes,0.16666666666666666,1.0,0.08695652173913043,0.014492753623188406,False
2025,AI_MILITARY_WEAPONS,AI_OPPORTUNITY_RISK_DUALITY,3,6,19,64,AI-positive country-years resolved for both codes,0.5,0.15789473684210525,0.09375,0.296875,False
2025,AI_MILITARY_WEAPONS,AI_TRANSFORMATIVE_ERA,1,6,8,63,AI-positive country-years resolved for both codes,0.16666666666666666,0.125,0.09523809523809523,0.12698412698412698,False
2025,AI_MILITARY_WEAPONS,AI_TECH_LIST_MENTION,0,6,7,68,AI-positive country-years resolved for both codes,0.0,0.0,0.08823529411764706,0.10294117647058823,False
2025,AI_MILITARY_WEAPONS,AI_THREAT_LIST_MENTION,1,6,8,65,AI-positive country-years resolved for both codes,0.16666666666666666,0.125,0.09230769230769231,0.12307692307692308,False
2025,AI_PEACE_APPLICATIONS,AI_SAFETY_EXISTENTIAL,0,3,1,66,AI-positive country-years resolved for both codes,0.0,0.0,0.045454545454545456,0.015151515151515152,False
2025,AI_PEACE_APPLICATIONS,AI_HUMAN_CONTROL,0,3,1,69,AI-positive country-years resolved for both codes,0.0,0.0,0.043478260869565216,0.014492753623188406,False
2025,AI_PEACE_APPLICATIONS,AI_HUMAN_RIGHTS_ETHICS,0,3,8,56,AI-positive country-years resolved for both codes,0.0,0.0,0.05357142857142857,0.14285714285714285,False
2025,AI_PEACE_APPLICATIONS,AI_BIAS_CULTURAL_DIVERSITY,0,3,2,69,AI-positive country-years resolved for both codes,0.0,0.0,0.043478260869565216,0.028985507246376812,False
2025,AI_PEACE_APPLICATIONS,AI_DISINFORMATION,0,3,7,67,AI-positive country-years resolved for both codes,0.0,0.0,0.04477611940298507,0.1044776119402985,False
2025,AI_PEACE_APPLICATIONS,AI_CYBER_SECURITY,0,3,3,63,AI-positive country-years resolved for both codes,0.0,0.0,0.047619047619047616,0.047619047619047616,False
2025,AI_PEACE_APPLICATIONS,AI_DIGITAL_DIVIDE,0,2,20,59,AI-positive country-years resolved for both codes,0.0,0.0,0.03389830508474576,0.3389830508474576,False
2025,AI_PEACE_APPLICATIONS,AI_CAPACITY_BUILDING,0,3,8,63,AI-positive country-years resolved for both codes,0.0,0.0,0.047619047619047616,0.12698412698412698,False
2025,AI_PEACE_APPLICATIONS,AI_DEVELOPMENT_SDGS,0,3,16,58,AI-positive country-years resolved for both codes,0.0,0.0,0.05172413793103448,0.27586206896551724,False
2025,AI_PEACE_APPLICATIONS,AI_RESOURCE_FOOTPRINT,0,3,1,67,AI-positive country-years resolved for both codes,0.0,0.0,0.04477611940298507,0.014925373134328358,False
2025,AI_PEACE_APPLICATIONS,AI_ECONOMY_LABOR,0,3,7,64,AI-positive country-years resolved for both codes,0.0,0.0,0.046875,0.109375,False
2025,AI_PEACE_APPLICATIONS,AI_YOUTH_EDUCATION,0,3,5,66,AI-positive country-years resolved for both codes,0.0,0.0,0.045454545454545456,0.07575757575757576,False
2025,AI_PEACE_APPLICATIONS,AI_CHILD_PROTECTION,0,3,1,68,AI-positive country-years resolved for both codes,0.0,0.0,0.04411764705882353,0.014705882352941176,False
2025,AI_PEACE_APPLICATIONS,AI_NATIONAL_STRATEGY,0,3,10,57,AI-positive country-years resolved for both codes,0.0,0.0,0.05263157894736842,0.17543859649122806,False
2025,AI_PEACE_APPLICATIONS,AI_SOVEREIGNTY_CONCENTRATION,0,3,2,66,AI-positive country-years resolved for both codes,0.0,0.0,0.045454545454545456,0.030303030303030304,False
2025,AI_PEACE_APPLICATIONS,AI_GEOPOLITICAL_RIVALRY,0,3,1,69,AI-positive country-years resolved for both codes,0.0,0.0,0.043478260869565216,0.014492753623188406,False
2025,AI_PEACE_APPLICATIONS,AI_OPPORTUNITY_RISK_DUALITY,2,3,20,64,AI-positive country-years resolved for both codes,0.6666666666666666,0.1,0.046875,0.3125,False
2025,AI_PEACE_APPLICATIONS,AI_TRANSFORMATIVE_ERA,0,3,7,62,AI-positive country-years resolved for both codes,0.0,0.0,0.04838709677419355,0.11290322580645161,False
2025,AI_PEACE_APPLICATIONS,AI_TECH_LIST_MENTION,0,3,7,68,AI-positive country-years resolved for both codes,0.0,0.0,0.04411764705882353,0.10294117647058823,False
2025,AI_PEACE_APPLICATIONS,AI_THREAT_LIST_MENTION,0,3,9,65,AI-positive country-years resolved for both codes,0.0,0.0,0.046153846153846156,0.13846153846153847,False
2025,AI_SAFETY_EXISTENTIAL,AI_HUMAN_CONTROL,0,1,1,68,AI-positive country-years resolved for both codes,0.0,0.0,0.014705882352941176,0.014705882352941176,False
2025,AI_SAFETY_EXISTENTIAL,AI_HUMAN_RIGHTS_ETHICS,0,0,7,54,AI-positive country-years resolved for both codes,,0.0,0.0,0.12962962962962962,False
2025,AI_SAFETY_EXISTENTIAL,AI_BIAS_CULTURAL_DIVERSITY,0,1,2,68,AI-positive country-years resolved for both codes,0.0,0.0,0.014705882352941176,0.029411764705882353,False
2025,AI_SAFETY_EXISTENTIAL,AI_DISINFORMATION,0,0,6,66,AI-positive country-years resolved for both codes,,0.0,0.0,0.09090909090909091,False
2025,AI_SAFETY_EXISTENTIAL,AI_CYBER_SECURITY,0,1,2,62,AI-positive country-years resolved for both codes,0.0,0.0,0.016129032258064516,0.03225806451612903,False
2025,AI_SAFETY_EXISTENTIAL,AI_DIGITAL_DIVIDE,1,1,20,58,AI-positive country-years resolved for both codes,1.0,0.05,0.017241379310344827,0.3448275862068966,False
2025,AI_SAFETY_EXISTENTIAL,AI_CAPACITY_BUILDING,1,1,7,61,AI-positive country-years resolved for both codes,1.0,0.14285714285714285,0.01639344262295082,0.11475409836065574,False
2025,AI_SAFETY_EXISTENTIAL,AI_DEVELOPMENT_SDGS,0,1,14,56,AI-positive country-years resolved for both codes,0.0,0.0,0.017857142857142856,0.25,False
2025,AI_SAFETY_EXISTENTIAL,AI_RESOURCE_FOOTPRINT,0,1,1,68,AI-positive country-years resolved for both codes,0.0,0.0,0.014705882352941176,0.014705882352941176,False
2025,AI_SAFETY_EXISTENTIAL,AI_ECONOMY_LABOR,0,0,5,64,AI-positive country-years resolved for both codes,,0.0,0.0,0.078125,False
2025,AI_SAFETY_EXISTENTIAL,AI_YOUTH_EDUCATION,0,1,5,67,AI-positive country-years resolved for both codes,0.0,0.0,0.014925373134328358,0.07462686567164178,False
2025,AI_SAFETY_EXISTENTIAL,AI_CHILD_PROTECTION,0,1,1,66,AI-positive country-years resolved for both codes,0.0,0.0,0.015151515151515152,0.015151515151515152,False
2025,AI_SAFETY_EXISTENTIAL,AI_NATIONAL_STRATEGY,0,1,9,55,AI-positive country-years resolved for both codes,0.0,0.0,0.01818181818181818,0.16363636363636364,False
2025,AI_SAFETY_EXISTENTIAL,AI_SOVEREIGNTY_CONCENTRATION,0,1,2,66,AI-positive country-years resolved for both codes,0.0,0.0,0.015151515151515152,0.030303030303030304,False
2025,AI_SAFETY_EXISTENTIAL,AI_GEOPOLITICAL_RIVALRY,0,1,1,68,AI-positive country-years resolved for both codes,0.0,0.0,0.014705882352941176,0.014705882352941176,False
2025,AI_SAFETY_EXISTENTIAL,AI_OPPORTUNITY_RISK_DUALITY,1,1,18,63,AI-positive country-years resolved for both codes,1.0,0.05555555555555555,0.015873015873015872,0.2857142857142857,False
2025,AI_SAFETY_EXISTENTIAL,AI_TRANSFORMATIVE_ERA,0,1,6,61,AI-positive country-years resolved for both codes,0.0,0.0,0.01639344262295082,0.09836065573770492,False
2025,AI_SAFETY_EXISTENTIAL,AI_TECH_LIST_MENTION,0,1,7,67,AI-positive country-years resolved for both codes,0.0,0.0,0.014925373134328358,0.1044776119402985,False
2025,AI_SAFETY_EXISTENTIAL,AI_THREAT_LIST_MENTION,0,1,7,64,AI-positive country-years resolved for both codes,0.0,0.0,0.015625,0.109375,False
2025,AI_HUMAN_CONTROL,AI_HUMAN_RIGHTS_ETHICS,1,1,7,57,AI-positive country-years resolved for both codes,1.0,0.14285714285714285,0.017543859649122806,0.12280701754385964,False
2025,AI_HUMAN_CONTROL,AI_BIAS_CULTURAL_DIVERSITY,0,1,2,71,AI-positive country-years resolved for both codes,0.0,0.0,0.014084507042253521,0.028169014084507043,False
2025,AI_HUMAN_CONTROL,AI_DISINFORMATION,0,1,7,69,AI-positive country-years resolved for both codes,0.0,0.0,0.014492753623188406,0.10144927536231885,False
2025,AI_HUMAN_CONTROL,AI_CYBER_SECURITY,0,1,3,65,AI-positive country-years resolved for both codes,0.0,0.0,0.015384615384615385,0.046153846153846156,False
2025,AI_HUMAN_CONTROL,AI_DIGITAL_DIVIDE,0,1,21,61,AI-positive country-years resolved for both codes,0.0,0.0,0.01639344262295082,0.3442622950819672,False
2025,AI_HUMAN_CONTROL,AI_CAPACITY_BUILDING,0,1,8,64,AI-positive country-years resolved for both codes,0.0,0.0,0.015625,0.125,False
2025,AI_HUMAN_CONTROL,AI_DEVELOPMENT_SDGS,0,1,16,59,AI-positive country-years resolved for both codes,0.0,0.0,0.01694915254237288,0.2711864406779661,False
2025,AI_HUMAN_CONTROL,AI_RESOURCE_FOOTPRINT,0,1,1,69,AI-positive country-years resolved for both codes,0.0,0.0,0.014492753623188406,0.014492753623188406,False
2025,AI_HUMAN_CONTROL,AI_ECONOMY_LABOR,0,1,7,66,AI-positive country-years resolved for both codes,0.0,0.0,0.015151515151515152,0.10606060606060606,False
2025,AI_HUMAN_CONTROL,AI_YOUTH_EDUCATION,0,1,5,68,AI-positive country-years resolved for both codes,0.0,0.0,0.014705882352941176,0.07352941176470588,False
2025,AI_HUMAN_CONTROL,AI_CHILD_PROTECTION,0,1,1,69,AI-positive country-years resolved for both codes,0.0,0.0,0.014492753623188406,0.014492753623188406,False
2025,AI_HUMAN_CONTROL,AI_NATIONAL_STRATEGY,0,1,10,59,AI-positive country-years resolved for both codes,0.0,0.0,0.01694915254237288,0.1694915254237288,False
2025,AI_HUMAN_CONTROL,AI_SOVEREIGNTY_CONCENTRATION,0,1,2,67,AI-positive country-years resolved for both codes,0.0,0.0,0.014925373134328358,0.029850746268656716,False
2025,AI_HUMAN_CONTROL,AI_GEOPOLITICAL_RIVALRY,0,1,1,71,AI-positive country-years resolved for both codes,0.0,0.0,0.014084507042253521,0.014084507042253521,False
2025,AI_HUMAN_CONTROL,AI_OPPORTUNITY_RISK_DUALITY,0,1,21,66,AI-positive country-years resolved for both codes,0.0,0.0,0.015151515151515152,0.3181818181818182,False
2025,AI_HUMAN_CONTROL,AI_TRANSFORMATIVE_ERA,0,1,8,64,AI-positive country-years resolved for both codes,0.0,0.0,0.015625,0.125,False
2025,AI_HUMAN_CONTROL,AI_TECH_LIST_MENTION,0,1,7,70,AI-positive country-years resolved for both codes,0.0,0.0,0.014285714285714285,0.1,False
2025,AI_HUMAN_CONTROL,AI_THREAT_LIST_MENTION,0,1,8,67,AI-positive country-years resolved for both codes,0.0,0.0,0.014925373134328358,0.11940298507462686,False
2025,AI_HUMAN_RIGHTS_ETHICS,AI_BIAS_CULTURAL_DIVERSITY,0,8,1,57,AI-positive country-years resolved for both codes,0.0,0.0,0.14035087719298245,0.017543859649122806,False
2025,AI_HUMAN_RIGHTS_ETHICS,AI_DISINFORMATION,1,8,4,57,AI-positive country-years resolved for both codes,0.125,0.25,0.14035087719298245,0.07017543859649122,False
2025,AI_HUMAN_RIGHTS_ETHICS,AI_CYBER_SECURITY,1,7,2,52,AI-positive country-years resolved for both codes,0.14285714285714285,0.5,0.1346153846153846,0.038461538461538464,False
2025,AI_HUMAN_RIGHTS_ETHICS,AI_DIGITAL_DIVIDE,4,8,16,50,AI-positive country-years resolved for both codes,0.5,0.25,0.16,0.32,False
2025,AI_HUMAN_RIGHTS_ETHICS,AI_CAPACITY_BUILDING,1,7,5,51,AI-positive country-years resolved for both codes,0.14285714285714285,0.2,0.13725490196078433,0.09803921568627451,False
2025,AI_HUMAN_RIGHTS_ETHICS,AI_DEVELOPMENT_SDGS,2,7,11,47,AI-positive country-years resolved for both codes,0.2857142857142857,0.18181818181818182,0.14893617021276595,0.23404255319148937,False
2025,AI_HUMAN_RIGHTS_ETHICS,AI_RESOURCE_FOOTPRINT,0,7,0,55,AI-positive country-years resolved for both codes,0.0,,0.12727272727272726,0.0,False
2025,AI_HUMAN_RIGHTS_ETHICS,AI_ECONOMY_LABOR,3,8,6,54,AI-positive country-years resolved for both codes,0.375,0.5,0.14814814814814814,0.1111111111111111,False
2025,AI_HUMAN_RIGHTS_ETHICS,AI_YOUTH_EDUCATION,1,6,5,54,AI-positive country-years resolved for both codes,0.16666666666666666,0.2,0.1111111111111111,0.09259259259259259,False
2025,AI_HUMAN_RIGHTS_ETHICS,AI_CHILD_PROTECTION,0,8,1,55,AI-positive country-years resolved for both codes,0.0,0.0,0.14545454545454545,0.01818181818181818,False
2025,AI_HUMAN_RIGHTS_ETHICS,AI_NATIONAL_STRATEGY,3,6,8,45,AI-positive country-years resolved for both codes,0.5,0.375,0.13333333333333333,0.17777777777777778,False
2025,AI_HUMAN_RIGHTS_ETHICS,AI_SOVEREIGNTY_CONCENTRATION,0,7,2,53,AI-positive country-years resolved for both codes,0.0,0.0,0.1320754716981132,0.03773584905660377,False
2025,AI_HUMAN_RIGHTS_ETHICS,AI_GEOPOLITICAL_RIVALRY,0,7,1,57,AI-positive country-years resolved for both codes,0.0,0.0,0.12280701754385964,0.017543859649122806,False
2025,AI_HUMAN_RIGHTS_ETHICS,AI_OPPORTUNITY_RISK_DUALITY,4,8,17,54,AI-positive country-years resolved for both codes,0.5,0.23529411764705882,0.14814814814814814,0.3148148148148148,False
2025,AI_HUMAN_RIGHTS_ETHICS,AI_TRANSFORMATIVE_ERA,2,7,8,52,AI-positive country-years resolved for both codes,0.2857142857142857,0.25,0.1346153846153846,0.15384615384615385,False
2025,AI_HUMAN_RIGHTS_ETHICS,AI_TECH_LIST_MENTION,0,8,6,56,AI-positive country-years resolved for both codes,0.0,0.0,0.14285714285714285,0.10714285714285714,False
2025,AI_HUMAN_RIGHTS_ETHICS,AI_THREAT_LIST_MENTION,1,7,7,55,AI-positive country-years resolved for both codes,0.14285714285714285,0.14285714285714285,0.12727272727272726,0.12727272727272726,False
2025,AI_BIAS_CULTURAL_DIVERSITY,AI_DISINFORMATION,2,2,7,70,AI-positive country-years resolved for both codes,1.0,0.2857142857142857,0.02857142857142857,0.1,False
2025,AI_BIAS_CULTURAL_DIVERSITY,AI_CYBER_SECURITY,0,2,3,65,AI-positive country-years resolved for both codes,0.0,0.0,0.03076923076923077,0.046153846153846156,False
2025,AI_BIAS_CULTURAL_DIVERSITY,AI_DIGITAL_DIVIDE,2,2,21,62,AI-positive country-years resolved for both codes,1.0,0.09523809523809523,0.03225806451612903,0.3387096774193548,False
2025,AI_BIAS_CULTURAL_DIVERSITY,AI_CAPACITY_BUILDING,0,2,8,64,AI-positive country-years resolved for both codes,0.0,0.0,0.03125,0.125,False
2025,AI_BIAS_CULTURAL_DIVERSITY,AI_DEVELOPMENT_SDGS,0,2,16,59,AI-positive country-years resolved for both codes,0.0,0.0,0.03389830508474576,0.2711864406779661,False
2025,AI_BIAS_CULTURAL_DIVERSITY,AI_RESOURCE_FOOTPRINT,0,2,1,69,AI-positive country-years resolved for both codes,0.0,0.0,0.028985507246376812,0.014492753623188406,False
2025,AI_BIAS_CULTURAL_DIVERSITY,AI_ECONOMY_LABOR,0,2,7,66,AI-positive country-years resolved for both codes,0.0,0.0,0.030303030303030304,0.10606060606060606,False
2025,AI_BIAS_CULTURAL_DIVERSITY,AI_YOUTH_EDUCATION,1,2,5,68,AI-positive country-years resolved for both codes,0.5,0.2,0.029411764705882353,0.07352941176470588,False
2025,AI_BIAS_CULTURAL_DIVERSITY,AI_CHILD_PROTECTION,0,2,1,69,AI-positive country-years resolved for both codes,0.0,0.0,0.028985507246376812,0.014492753623188406,False
2025,AI_BIAS_CULTURAL_DIVERSITY,AI_NATIONAL_STRATEGY,0,1,10,58,AI-positive country-years resolved for both codes,0.0,0.0,0.017241379310344827,0.1724137931034483,False
2025,AI_BIAS_CULTURAL_DIVERSITY,AI_SOVEREIGNTY_CONCENTRATION,0,2,1,67,AI-positive country-years resolved for both codes,0.0,0.0,0.029850746268656716,0.014925373134328358,False
2025,AI_BIAS_CULTURAL_DIVERSITY,AI_GEOPOLITICAL_RIVALRY,0,2,1,71,AI-positive country-years resolved for both codes,0.0,0.0,0.028169014084507043,0.014084507042253521,False
2025,AI_BIAS_CULTURAL_DIVERSITY,AI_OPPORTUNITY_RISK_DUALITY,0,1,20,66,AI-positive country-years resolved for both codes,0.0,0.0,0.015151515151515152,0.30303030303030304,False
2025,AI_BIAS_CULTURAL_DIVERSITY,AI_TRANSFORMATIVE_ERA,0,2,8,64,AI-positive country-years resolved for both codes,0.0,0.0,0.03125,0.125,False
2025,AI_BIAS_CULTURAL_DIVERSITY,AI_TECH_LIST_MENTION,0,1,7,70,AI-positive country-years resolved for both codes,0.0,0.0,0.014285714285714285,0.1,False
2025,AI_BIAS_CULTURAL_DIVERSITY,AI_THREAT_LIST_MENTION,1,2,9,67,AI-positive country-years resolved for both codes,0.5,0.1111111111111111,0.029850746268656716,0.13432835820895522,False
2025,AI_DISINFORMATION,AI_CYBER_SECURITY,2,7,3,64,AI-positive country-years resolved for both codes,0.2857142857142857,0.6666666666666666,0.109375,0.046875,False
2025,AI_DISINFORMATION,AI_DIGITAL_DIVIDE,4,7,20,60,AI-positive country-years resolved for both codes,0.5714285714285714,0.2,0.11666666666666667,0.3333333333333333,False
2025,AI_DISINFORMATION,AI_CAPACITY_BUILDING,1,7,7,62,AI-positive country-years resolved for both codes,0.14285714285714285,0.14285714285714285,0.11290322580645161,0.11290322580645161,False
2025,AI_DISINFORMATION,AI_DEVELOPMENT_SDGS,2,6,15,57,AI-positive country-years resolved for both codes,0.3333333333333333,0.13333333333333333,0.10526315789473684,0.2631578947368421,False
2025,AI_DISINFORMATION,AI_RESOURCE_FOOTPRINT,0,6,1,67,AI-positive country-years resolved for both codes,0.0,0.0,0.08955223880597014,0.014925373134328358,False
2025,AI_DISINFORMATION,AI_ECONOMY_LABOR,2,6,7,65,AI-positive country-years resolved for both codes,0.3333333333333333,0.2857142857142857,0.09230769230769231,0.1076923076923077,False
2025,AI_DISINFORMATION,AI_YOUTH_EDUCATION,2,6,5,66,AI-positive country-years resolved for both codes,0.3333333333333333,0.4,0.09090909090909091,0.07575757575757576,False
2025,AI_DISINFORMATION,AI_CHILD_PROTECTION,1,7,1,67,AI-positive country-years resolved for both codes,0.14285714285714285,1.0,0.1044776119402985,0.014925373134328358,False
2025,AI_DISINFORMATION,AI_NATIONAL_STRATEGY,2,5,10,56,AI-positive country-years resolved for both codes,0.4,0.2,0.08928571428571429,0.17857142857142858,False
2025,AI_DISINFORMATION,AI_SOVEREIGNTY_CONCENTRATION,1,6,1,65,AI-positive country-years resolved for both codes,0.16666666666666666,1.0,0.09230769230769231,0.015384615384615385,False
2025,AI_DISINFORMATION,AI_GEOPOLITICAL_RIVALRY,0,7,1,69,AI-positive country-years resolved for both codes,0.0,0.0,0.10144927536231885,0.014492753623188406,False
2025,AI_DISINFORMATION,AI_OPPORTUNITY_RISK_DUALITY,3,6,19,64,AI-positive country-years resolved for both codes,0.5,0.15789473684210525,0.09375,0.296875,False
2025,AI_DISINFORMATION,AI_TRANSFORMATIVE_ERA,2,6,8,62,AI-positive country-years resolved for both codes,0.3333333333333333,0.25,0.0967741935483871,0.12903225806451613,False
2025,AI_DISINFORMATION,AI_TECH_LIST_MENTION,0,6,7,68,AI-positive country-years resolved for both codes,0.0,0.0,0.08823529411764706,0.10294117647058823,False
2025,AI_DISINFORMATION,AI_THREAT_LIST_MENTION,4,7,9,65,AI-positive country-years resolved for both codes,0.5714285714285714,0.4444444444444444,0.1076923076923077,0.13846153846153847,False
2025,AI_CYBER_SECURITY,AI_DIGITAL_DIVIDE,3,3,20,57,AI-positive country-years resolved for both codes,1.0,0.15,0.05263157894736842,0.3508771929824561,False
2025,AI_CYBER_SECURITY,AI_CAPACITY_BUILDING,1,2,6,58,AI-positive country-years resolved for both codes,0.5,0.16666666666666666,0.034482758620689655,0.10344827586206896,False
2025,AI_CYBER_SECURITY,AI_DEVELOPMENT_SDGS,2,3,12,55,AI-positive country-years resolved for both codes,0.6666666666666666,0.16666666666666666,0.05454545454545454,0.21818181818181817,False
2025,AI_CYBER_SECURITY,AI_RESOURCE_FOOTPRINT,0,2,1,63,AI-positive country-years resolved for both codes,0.0,0.0,0.031746031746031744,0.015873015873015872,False
2025,AI_CYBER_SECURITY,AI_ECONOMY_LABOR,1,2,6,60,AI-positive country-years resolved for both codes,0.5,0.16666666666666666,0.03333333333333333,0.1,False
2025,AI_CYBER_SECURITY,AI_YOUTH_EDUCATION,0,2,5,63,AI-positive country-years resolved for both codes,0.0,0.0,0.031746031746031744,0.07936507936507936,False
2025,AI_CYBER_SECURITY,AI_CHILD_PROTECTION,0,3,1,63,AI-positive country-years resolved for both codes,0.0,0.0,0.047619047619047616,0.015873015873015872,False
2025,AI_CYBER_SECURITY,AI_NATIONAL_STRATEGY,1,2,9,54,AI-positive country-years resolved for both codes,0.5,0.1111111111111111,0.037037037037037035,0.16666666666666666,False
2025,AI_CYBER_SECURITY,AI_SOVEREIGNTY_CONCENTRATION,0,2,2,62,AI-positive country-years resolved for both codes,0.0,0.0,0.03225806451612903,0.03225806451612903,False
2025,AI_CYBER_SECURITY,AI_GEOPOLITICAL_RIVALRY,0,3,0,65,AI-positive country-years resolved for both codes,0.0,,0.046153846153846156,0.0,False
2025,AI_CYBER_SECURITY,AI_OPPORTUNITY_RISK_DUALITY,3,3,18,60,AI-positive country-years resolved for both codes,1.0,0.16666666666666666,0.05,0.3,False
2025,AI_CYBER_SECURITY,AI_TRANSFORMATIVE_ERA,2,2,8,59,AI-positive country-years resolved for both codes,1.0,0.25,0.03389830508474576,0.13559322033898305,False
2025,AI_CYBER_SECURITY,AI_TECH_LIST_MENTION,0,3,7,64,AI-positive country-years resolved for both codes,0.0,0.0,0.046875,0.109375,False
2025,AI_CYBER_SECURITY,AI_THREAT_LIST_MENTION,1,2,9,61,AI-positive country-years resolved for both codes,0.5,0.1111111111111111,0.03278688524590164,0.14754098360655737,False
2025,AI_DIGITAL_DIVIDE,AI_CAPACITY_BUILDING,3,17,6,54,AI-positive country-years resolved for both codes,0.17647058823529413,0.5,0.3148148148148148,0.1111111111111111,False
2025,AI_DIGITAL_DIVIDE,AI_DEVELOPMENT_SDGS,6,21,12,52,AI-positive country-years resolved for both codes,0.2857142857142857,0.5,0.40384615384615385,0.23076923076923078,False
2025,AI_DIGITAL_DIVIDE,AI_RESOURCE_FOOTPRINT,1,20,1,59,AI-positive country-years resolved for both codes,0.05,1.0,0.3389830508474576,0.01694915254237288,False
2025,AI_DIGITAL_DIVIDE,AI_ECONOMY_LABOR,4,18,6,57,AI-positive country-years resolved for both codes,0.2222222222222222,0.6666666666666666,0.3157894736842105,0.10526315789473684,False
2025,AI_DIGITAL_DIVIDE,AI_YOUTH_EDUCATION,1,19,4,59,AI-positive country-years resolved for both codes,0.05263157894736842,0.25,0.3220338983050847,0.06779661016949153,False
2025,AI_DIGITAL_DIVIDE,AI_CHILD_PROTECTION,0,20,1,59,AI-positive country-years resolved for both codes,0.0,0.0,0.3389830508474576,0.01694915254237288,False
2025,AI_DIGITAL_DIVIDE,AI_NATIONAL_STRATEGY,3,17,9,50,AI-positive country-years resolved for both codes,0.17647058823529413,0.3333333333333333,0.34,0.18,False
2025,AI_DIGITAL_DIVIDE,AI_SOVEREIGNTY_CONCENTRATION,0,18,1,57,AI-positive country-years resolved for both codes,0.0,0.0,0.3157894736842105,0.017543859649122806,False
2025,AI_DIGITAL_DIVIDE,AI_GEOPOLITICAL_RIVALRY,0,20,1,61,AI-positive country-years resolved for both codes,0.0,0.0,0.32786885245901637,0.01639344262295082,False
2025,AI_DIGITAL_DIVIDE,AI_OPPORTUNITY_RISK_DUALITY,9,18,17,59,AI-positive country-years resolved for both codes,0.5,0.5294117647058824,0.3050847457627119,0.288135593220339,False
2025,AI_DIGITAL_DIVIDE,AI_TRANSFORMATIVE_ERA,4,16,6,54,AI-positive country-years resolved for both codes,0.25,0.6666666666666666,0.2962962962962963,0.1111111111111111,False
2025,AI_DIGITAL_DIVIDE,AI_TECH_LIST_MENTION,1,20,7,60,AI-positive country-years resolved for both codes,0.05,0.14285714285714285,0.3333333333333333,0.11666666666666667,False
2025,AI_DIGITAL_DIVIDE,AI_THREAT_LIST_MENTION,2,18,9,58,AI-positive country-years resolved for both codes,0.1111111111111111,0.2222222222222222,0.3103448275862069,0.15517241379310345,False
2025,AI_CAPACITY_BUILDING,AI_DEVELOPMENT_SDGS,4,6,15,55,AI-positive country-years resolved for both codes,0.6666666666666666,0.26666666666666666,0.10909090909090909,0.2727272727272727,False
2025,AI_CAPACITY_BUILDING,AI_RESOURCE_FOOTPRINT,0,7,1,62,AI-positive country-years resolved for both codes,0.0,0.0,0.11290322580645161,0.016129032258064516,False
2025,AI_CAPACITY_BUILDING,AI_ECONOMY_LABOR,1,7,7,59,AI-positive country-years resolved for both codes,0.14285714285714285,0.14285714285714285,0.11864406779661017,0.11864406779661017,False
2025,AI_CAPACITY_BUILDING,AI_YOUTH_EDUCATION,0,6,4,61,AI-positive country-years resolved for both codes,0.0,0.0,0.09836065573770492,0.06557377049180328,False
2025,AI_CAPACITY_BUILDING,AI_CHILD_PROTECTION,0,8,1,63,AI-positive country-years resolved for both codes,0.0,0.0,0.12698412698412698,0.015873015873015872,False
2025,AI_CAPACITY_BUILDING,AI_NATIONAL_STRATEGY,2,6,8,52,AI-positive country-years resolved for both codes,0.3333333333333333,0.25,0.11538461538461539,0.15384615384615385,False
2025,AI_CAPACITY_BUILDING,AI_SOVEREIGNTY_CONCENTRATION,0,7,2,62,AI-positive country-years resolved for both codes,0.0,0.0,0.11290322580645161,0.03225806451612903,False
2025,AI_CAPACITY_BUILDING,AI_GEOPOLITICAL_RIVALRY,0,8,1,64,AI-positive country-years resolved for both codes,0.0,0.0,0.125,0.015625,False
2025,AI_CAPACITY_BUILDING,AI_OPPORTUNITY_RISK_DUALITY,2,8,20,60,AI-positive country-years resolved for both codes,0.25,0.1,0.13333333333333333,0.3333333333333333,False
2025,AI_CAPACITY_BUILDING,AI_TRANSFORMATIVE_ERA,1,8,7,59,AI-positive country-years resolved for both codes,0.125,0.14285714285714285,0.13559322033898305,0.11864406779661017,False
2025,AI_CAPACITY_BUILDING,AI_TECH_LIST_MENTION,0,8,6,63,AI-positive country-years resolved for both codes,0.0,0.0,0.12698412698412698,0.09523809523809523,False
2025,AI_CAPACITY_BUILDING,AI_THREAT_LIST_MENTION,0,8,9,61,AI-positive country-years resolved for both codes,0.0,0.0,0.13114754098360656,0.14754098360655737,False
2025,AI_DEVELOPMENT_SDGS,AI_RESOURCE_FOOTPRINT,0,15,1,57,AI-positive country-years resolved for both codes,0.0,0.0,0.2631578947368421,0.017543859649122806,False
2025,AI_DEVELOPMENT_SDGS,AI_ECONOMY_LABOR,4,14,6,55,AI-positive country-years resolved for both codes,0.2857142857142857,0.6666666666666666,0.2545454545454545,0.10909090909090909,False
2025,AI_DEVELOPMENT_SDGS,AI_YOUTH_EDUCATION,0,14,3,57,AI-positive country-years resolved for both codes,0.0,0.0,0.24561403508771928,0.05263157894736842,False
2025,AI_DEVELOPMENT_SDGS,AI_CHILD_PROTECTION,0,16,0,57,AI-positive country-years resolved for both codes,0.0,,0.2807017543859649,0.0,False
2025,AI_DEVELOPMENT_SDGS,AI_NATIONAL_STRATEGY,4,13,7,48,AI-positive country-years resolved for both codes,0.3076923076923077,0.5714285714285714,0.2708333333333333,0.14583333333333334,False
2025,AI_DEVELOPMENT_SDGS,AI_SOVEREIGNTY_CONCENTRATION,0,14,1,55,AI-positive country-years resolved for both codes,0.0,0.0,0.2545454545454545,0.01818181818181818,False
2025,AI_DEVELOPMENT_SDGS,AI_GEOPOLITICAL_RIVALRY,0,16,1,59,AI-positive country-years resolved for both codes,0.0,0.0,0.2711864406779661,0.01694915254237288,False
2025,AI_DEVELOPMENT_SDGS,AI_OPPORTUNITY_RISK_DUALITY,7,14,17,55,AI-positive country-years resolved for both codes,0.5,0.4117647058823529,0.2545454545454545,0.3090909090909091,False
2025,AI_DEVELOPMENT_SDGS,AI_TRANSFORMATIVE_ERA,4,14,8,54,AI-positive country-years resolved for both codes,0.2857142857142857,0.5,0.25925925925925924,0.14814814814814814,False
2025,AI_DEVELOPMENT_SDGS,AI_TECH_LIST_MENTION,1,16,6,59,AI-positive country-years resolved for both codes,0.0625,0.16666666666666666,0.2711864406779661,0.1016949152542373,False
2025,AI_DEVELOPMENT_SDGS,AI_THREAT_LIST_MENTION,2,15,8,56,AI-positive country-years resolved for both codes,0.13333333333333333,0.25,0.26785714285714285,0.14285714285714285,False
2025,AI_RESOURCE_FOOTPRINT,AI_ECONOMY_LABOR,0,0,5,64,AI-positive country-years resolved for both codes,,0.0,0.0,0.078125,False
2025,AI_RESOURCE_FOOTPRINT,AI_YOUTH_EDUCATION,0,1,5,67,AI-positive country-years resolved for both codes,0.0,0.0,0.014925373134328358,0.07462686567164178,False
2025,AI_RESOURCE_FOOTPRINT,AI_CHILD_PROTECTION,0,1,1,68,AI-positive country-years resolved for both codes,0.0,0.0,0.014705882352941176,0.014705882352941176,False
2025,AI_RESOURCE_FOOTPRINT,AI_NATIONAL_STRATEGY,1,1,9,57,AI-positive country-years resolved for both codes,1.0,0.1111111111111111,0.017543859649122806,0.15789473684210525,False
2025,AI_RESOURCE_FOOTPRINT,AI_SOVEREIGNTY_CONCENTRATION,0,1,2,67,AI-positive country-years resolved for both codes,0.0,0.0,0.014925373134328358,0.029850746268656716,False
2025,AI_RESOURCE_FOOTPRINT,AI_GEOPOLITICAL_RIVALRY,0,1,1,69,AI-positive country-years resolved for both codes,0.0,0.0,0.014492753623188406,0.014492753623188406,False
2025,AI_RESOURCE_FOOTPRINT,AI_OPPORTUNITY_RISK_DUALITY,0,0,20,64,AI-positive country-years resolved for both codes,,0.0,0.0,0.3125,False
2025,AI_RESOURCE_FOOTPRINT,AI_TRANSFORMATIVE_ERA,0,1,7,62,AI-positive country-years resolved for both codes,0.0,0.0,0.016129032258064516,0.11290322580645161,False
2025,AI_RESOURCE_FOOTPRINT,AI_TECH_LIST_MENTION,0,1,7,68,AI-positive country-years resolved for both codes,0.0,0.0,0.014705882352941176,0.10294117647058823,False
2025,AI_RESOURCE_FOOTPRINT,AI_THREAT_LIST_MENTION,0,1,9,65,AI-positive country-years resolved for both codes,0.0,0.0,0.015384615384615385,0.13846153846153847,False
2025,AI_ECONOMY_LABOR,AI_YOUTH_EDUCATION,1,5,4,64,AI-positive country-years resolved for both codes,0.2,0.25,0.078125,0.0625,False
2025,AI_ECONOMY_LABOR,AI_CHILD_PROTECTION,1,7,1,64,AI-positive country-years resolved for both codes,0.14285714285714285,1.0,0.109375,0.015625,False
2025,AI_ECONOMY_LABOR,AI_NATIONAL_STRATEGY,4,6,9,55,AI-positive country-years resolved for both codes,0.6666666666666666,0.4444444444444444,0.10909090909090909,0.16363636363636364,False
2025,AI_ECONOMY_LABOR,AI_SOVEREIGNTY_CONCENTRATION,1,5,2,62,AI-positive country-years resolved for both codes,0.2,0.5,0.08064516129032258,0.03225806451612903,False
2025,AI_ECONOMY_LABOR,AI_GEOPOLITICAL_RIVALRY,0,6,1,66,AI-positive country-years resolved for both codes,0.0,0.0,0.09090909090909091,0.015151515151515152,False
2025,AI_ECONOMY_LABOR,AI_OPPORTUNITY_RISK_DUALITY,6,7,17,63,AI-positive country-years resolved for both codes,0.8571428571428571,0.35294117647058826,0.1111111111111111,0.2698412698412698,False
2025,AI_ECONOMY_LABOR,AI_TRANSFORMATIVE_ERA,3,4,7,59,AI-positive country-years resolved for both codes,0.75,0.42857142857142855,0.06779661016949153,0.11864406779661017,False
2025,AI_ECONOMY_LABOR,AI_TECH_LIST_MENTION,1,7,7,65,AI-positive country-years resolved for both codes,0.14285714285714285,0.14285714285714285,0.1076923076923077,0.1076923076923077,False
2025,AI_ECONOMY_LABOR,AI_THREAT_LIST_MENTION,1,6,7,62,AI-positive country-years resolved for both codes,0.16666666666666666,0.14285714285714285,0.0967741935483871,0.11290322580645161,False
2025,AI_YOUTH_EDUCATION,AI_CHILD_PROTECTION,1,5,1,66,AI-positive country-years resolved for both codes,0.2,1.0,0.07575757575757576,0.015151515151515152,False
2025,AI_YOUTH_EDUCATION,AI_NATIONAL_STRATEGY,3,3,8,56,AI-positive country-years resolved for both codes,1.0,0.375,0.05357142857142857,0.14285714285714285,False
2025,AI_YOUTH_EDUCATION,AI_SOVEREIGNTY_CONCENTRATION,1,5,2,65,AI-positive country-years resolved for both codes,0.2,0.5,0.07692307692307693,0.03076923076923077,False
2025,AI_YOUTH_EDUCATION,AI_GEOPOLITICAL_RIVALRY,0,5,1,69,AI-positive country-years resolved for both codes,0.0,0.0,0.07246376811594203,0.014492753623188406,False
2025,AI_YOUTH_EDUCATION,AI_OPPORTUNITY_RISK_DUALITY,1,4,18,63,AI-positive country-years resolved for both codes,0.25,0.05555555555555555,0.06349206349206349,0.2857142857142857,False
2025,AI_YOUTH_EDUCATION,AI_TRANSFORMATIVE_ERA,1,4,6,61,AI-positive country-years resolved for both codes,0.25,0.16666666666666666,0.06557377049180328,0.09836065573770492,False
2025,AI_YOUTH_EDUCATION,AI_TECH_LIST_MENTION,0,4,7,67,AI-positive country-years resolved for both codes,0.0,0.0,0.05970149253731343,0.1044776119402985,False
2025,AI_YOUTH_EDUCATION,AI_THREAT_LIST_MENTION,1,5,8,64,AI-positive country-years resolved for both codes,0.2,0.125,0.078125,0.125,False
2025,AI_CHILD_PROTECTION,AI_NATIONAL_STRATEGY,1,1,10,58,AI-positive country-years resolved for both codes,1.0,0.1,0.017241379310344827,0.1724137931034483,False
2025,AI_CHILD_PROTECTION,AI_SOVEREIGNTY_CONCENTRATION,1,1,2,66,AI-positive country-years resolved for both codes,1.0,0.5,0.015151515151515152,0.030303030303030304,False
2025,AI_CHILD_PROTECTION,AI_GEOPOLITICAL_RIVALRY,0,1,1,69,AI-positive country-years resolved for both codes,0.0,0.0,0.014492753623188406,0.014492753623188406,False
2025,AI_CHILD_PROTECTION,AI_OPPORTUNITY_RISK_DUALITY,1,1,21,64,AI-positive country-years resolved for both codes,1.0,0.047619047619047616,0.015625,0.328125,False
2025,AI_CHILD_PROTECTION,AI_TRANSFORMATIVE_ERA,0,0,7,62,AI-positive country-years resolved for both codes,,0.0,0.0,0.11290322580645161,False
2025,AI_CHILD_PROTECTION,AI_TECH_LIST_MENTION,0,1,7,68,AI-positive country-years resolved for both codes,0.0,0.0,0.014705882352941176,0.10294117647058823,False
2025,AI_CHILD_PROTECTION,AI_THREAT_LIST_MENTION,1,1,8,65,AI-positive country-years resolved for both codes,1.0,0.125,0.015384615384615385,0.12307692307692308,False
2025,AI_NATIONAL_STRATEGY,AI_SOVEREIGNTY_CONCENTRATION,1,9,2,55,AI-positive country-years resolved for both codes,0.1111111111111111,0.5,0.16363636363636364,0.03636363636363636,False
2025,AI_NATIONAL_STRATEGY,AI_GEOPOLITICAL_RIVALRY,0,9,1,58,AI-positive country-years resolved for both codes,0.0,0.0,0.15517241379310345,0.017241379310344827,False
2025,AI_NATIONAL_STRATEGY,AI_OPPORTUNITY_RISK_DUALITY,4,9,19,54,AI-positive country-years resolved for both codes,0.4444444444444444,0.21052631578947367,0.16666666666666666,0.35185185185185186,False
2025,AI_NATIONAL_STRATEGY,AI_TRANSFORMATIVE_ERA,4,9,6,52,AI-positive country-years resolved for both codes,0.4444444444444444,0.6666666666666666,0.17307692307692307,0.11538461538461539,False
2025,AI_NATIONAL_STRATEGY,AI_TECH_LIST_MENTION,0,10,4,59,AI-positive country-years resolved for both codes,0.0,0.0,0.1694915254237288,0.06779661016949153,False
2025,AI_NATIONAL_STRATEGY,AI_THREAT_LIST_MENTION,1,10,7,54,AI-positive country-years resolved for both codes,0.1,0.14285714285714285,0.18518518518518517,0.12962962962962962,False
2025,AI_SOVEREIGNTY_CONCENTRATION,AI_GEOPOLITICAL_RIVALRY,0,2,0,67,AI-positive country-years resolved for both codes,0.0,,0.029850746268656716,0.0,False
2025,AI_SOVEREIGNTY_CONCENTRATION,AI_OPPORTUNITY_RISK_DUALITY,2,2,20,63,AI-positive country-years resolved for both codes,1.0,0.1,0.031746031746031744,0.31746031746031744,False
2025,AI_SOVEREIGNTY_CONCENTRATION,AI_TRANSFORMATIVE_ERA,0,1,6,60,AI-positive country-years resolved for both codes,0.0,0.0,0.016666666666666666,0.1,False
2025,AI_SOVEREIGNTY_CONCENTRATION,AI_TECH_LIST_MENTION,0,2,7,66,AI-positive country-years resolved for both codes,0.0,0.0,0.030303030303030304,0.10606060606060606,False
2025,AI_SOVEREIGNTY_CONCENTRATION,AI_THREAT_LIST_MENTION,1,2,9,63,AI-positive country-years resolved for both codes,0.5,0.1111111111111111,0.031746031746031744,0.14285714285714285,False
2025,AI_GEOPOLITICAL_RIVALRY,AI_OPPORTUNITY_RISK_DUALITY,0,1,20,66,AI-positive country-years resolved for both codes,0.0,0.0,0.015151515151515152,0.30303030303030304,False
2025,AI_GEOPOLITICAL_RIVALRY,AI_TRANSFORMATIVE_ERA,0,1,7,64,AI-positive country-years resolved for both codes,0.0,0.0,0.015625,0.109375,False
2025,AI_GEOPOLITICAL_RIVALRY,AI_TECH_LIST_MENTION,0,1,7,70,AI-positive country-years resolved for both codes,0.0,0.0,0.014285714285714285,0.1,False
2025,AI_GEOPOLITICAL_RIVALRY,AI_THREAT_LIST_MENTION,0,1,9,67,AI-positive country-years resolved for both codes,0.0,0.0,0.014925373134328358,0.13432835820895522,False
2025,AI_OPPORTUNITY_RISK_DUALITY,AI_TRANSFORMATIVE_ERA,5,16,7,59,AI-positive country-years resolved for both codes,0.3125,0.7142857142857143,0.2711864406779661,0.11864406779661017,False
2025,AI_OPPORTUNITY_RISK_DUALITY,AI_TECH_LIST_MENTION,1,21,7,65,AI-positive country-years resolved for both codes,0.047619047619047616,0.14285714285714285,0.3230769230769231,0.1076923076923077,False
2025,AI_OPPORTUNITY_RISK_DUALITY,AI_THREAT_LIST_MENTION,4,18,8,63,AI-positive country-years resolved for both codes,0.2222222222222222,0.5,0.2857142857142857,0.12698412698412698,False
2025,AI_TRANSFORMATIVE_ERA,AI_TECH_LIST_MENTION,0,8,6,63,AI-positive country-years resolved for both codes,0.0,0.0,0.12698412698412698,0.09523809523809523,False
2025,AI_TRANSFORMATIVE_ERA,AI_THREAT_LIST_MENTION,2,8,8,62,AI-positive country-years resolved for both codes,0.25,0.25,0.12903225806451613,0.12903225806451613,False
2025,AI_TECH_LIST_MENTION,AI_THREAT_LIST_MENTION,0,6,9,66,AI-positive country-years resolved for both codes,0.0,0.0,0.09090909090909091,0.13636363636363635,False
2026,AI_GLOBAL_GOVERNANCE,AI_INCLUSIVE_GOVERNANCE,13,56,17,95,AI-positive country-years resolved for both codes,0.23214285714285715,0.7647058823529411,0.5894736842105263,0.17894736842105263,False
2026,AI_GLOBAL_GOVERNANCE,AI_GOVERNANCE_SKEPTICISM,1,63,4,103,AI-positive country-years resolved for both codes,0.015873015873015872,0.25,0.6116504854368932,0.038834951456310676,False
2026,AI_GLOBAL_GOVERNANCE,AI_UN_ROLE,32,59,37,95,AI-positive country-years resolved for both codes,0.5423728813559322,0.8648648648648649,0.6210526315789474,0.3894736842105263,False
2026,AI_GLOBAL_GOVERNANCE,AI_MILITARY_WEAPONS,7,55,9,93,AI-positive country-years resolved for both codes,0.12727272727272726,0.7777777777777778,0.5913978494623656,0.0967741935483871,False
2026,AI_GLOBAL_GOVERNANCE,AI_PEACE_APPLICATIONS,1,61,1,100,AI-positive country-years resolved for both codes,0.01639344262295082,1.0,0.61,0.01,False
2026,AI_GLOBAL_GOVERNANCE,AI_SAFETY_EXISTENTIAL,10,55,10,92,AI-positive country-years resolved for both codes,0.18181818181818182,1.0,0.5978260869565217,0.10869565217391304,False
2026,AI_GLOBAL_GOVERNANCE,AI_HUMAN_CONTROL,11,52,12,88,AI-positive country-years resolved for both codes,0.21153846153846154,0.9166666666666666,0.5909090909090909,0.13636363636363635,False
2026,AI_GLOBAL_GOVERNANCE,AI_HUMAN_RIGHTS_ETHICS,28,54,34,91,AI-positive country-years resolved for both codes,0.5185185185185185,0.8235294117647058,0.5934065934065934,0.37362637362637363,False
2026,AI_GLOBAL_GOVERNANCE,AI_BIAS_CULTURAL_DIVERSITY,3,63,4,100,AI-positive country-years resolved for both codes,0.047619047619047616,0.75,0.63,0.04,False
2026,AI_GLOBAL_GOVERNANCE,AI_DISINFORMATION,7,56,7,95,AI-positive country-years resolved for both codes,0.125,1.0,0.5894736842105263,0.07368421052631578,False
2026,AI_GLOBAL_GOVERNANCE,AI_CYBER_SECURITY,7,54,7,92,AI-positive country-years resolved for both codes,0.12962962962962962,1.0,0.5869565217391305,0.07608695652173914,False
2026,AI_GLOBAL_GOVERNANCE,AI_DIGITAL_DIVIDE,33,60,42,94,AI-positive country-years resolved for both codes,0.55,0.7857142857142857,0.6382978723404256,0.44680851063829785,False
2026,AI_GLOBAL_GOVERNANCE,AI_CAPACITY_BUILDING,19,58,21,94,AI-positive country-years resolved for both codes,0.3275862068965517,0.9047619047619048,0.6170212765957447,0.22340425531914893,False
2026,AI_GLOBAL_GOVERNANCE,AI_DEVELOPMENT_SDGS,20,57,29,90,AI-positive country-years resolved for both codes,0.3508771929824561,0.6896551724137931,0.6333333333333333,0.32222222222222224,False
2026,AI_GLOBAL_GOVERNANCE,AI_RESOURCE_FOOTPRINT,2,61,2,98,AI-positive country-years resolved for both codes,0.03278688524590164,1.0,0.6224489795918368,0.02040816326530612,False
2026,AI_GLOBAL_GOVERNANCE,AI_ECONOMY_LABOR,10,54,13,87,AI-positive country-years resolved for both codes,0.18518518518518517,0.7692307692307693,0.6206896551724138,0.14942528735632185,False
2026,AI_GLOBAL_GOVERNANCE,AI_YOUTH_EDUCATION,0,56,5,93,AI-positive country-years resolved for both codes,0.0,0.0,0.6021505376344086,0.053763440860215055,False
2026,AI_GLOBAL_GOVERNANCE,AI_CHILD_PROTECTION,3,64,3,102,AI-positive country-years resolved for both codes,0.046875,1.0,0.6274509803921569,0.029411764705882353,False
2026,AI_GLOBAL_GOVERNANCE,AI_NATIONAL_STRATEGY,15,60,27,94,AI-positive country-years resolved for both codes,0.25,0.5555555555555556,0.6382978723404256,0.2872340425531915,False
2026,AI_GLOBAL_GOVERNANCE,AI_SOVEREIGNTY_CONCENTRATION,15,54,17,89,AI-positive country-years resolved for both codes,0.2777777777777778,0.8823529411764706,0.6067415730337079,0.19101123595505617,False
2026,AI_GLOBAL_GOVERNANCE,AI_GEOPOLITICAL_RIVALRY,5,59,8,98,AI-positive country-years resolved for both codes,0.0847457627118644,0.625,0.6020408163265306,0.08163265306122448,False
2026,AI_GLOBAL_GOVERNANCE,AI_OPPORTUNITY_RISK_DUALITY,36,55,44,91,AI-positive country-years resolved for both codes,0.6545454545454545,0.8181818181818182,0.6043956043956044,0.4835164835164835,False
2026,AI_GLOBAL_GOVERNANCE,AI_TRANSFORMATIVE_ERA,16,48,26,78,AI-positive country-years resolved for both codes,0.3333333333333333,0.6153846153846154,0.6153846153846154,0.3333333333333333,False
2026,AI_GLOBAL_GOVERNANCE,AI_TECH_LIST_MENTION,1,63,4,98,AI-positive country-years resolved for both codes,0.015873015873015872,0.25,0.6428571428571429,0.04081632653061224,False
2026,AI_GLOBAL_GOVERNANCE,AI_THREAT_LIST_MENTION,3,58,5,96,AI-positive country-years resolved for both codes,0.05172413793103448,0.6,0.6041666666666666,0.052083333333333336,False
2026,AI_INCLUSIVE_GOVERNANCE,AI_GOVERNANCE_SKEPTICISM,0,23,3,121,AI-positive country-years resolved for both codes,0.0,0.0,0.19008264462809918,0.024793388429752067,False
2026,AI_INCLUSIVE_GOVERNANCE,AI_UN_ROLE,12,22,43,112,AI-positive country-years resolved for both codes,0.5454545454545454,0.27906976744186046,0.19642857142857142,0.38392857142857145,False
2026,AI_INCLUSIVE_GOVERNANCE,AI_MILITARY_WEAPONS,2,21,11,111,AI-positive country-years resolved for both codes,0.09523809523809523,0.18181818181818182,0.1891891891891892,0.0990990990990991,False
2026,AI_INCLUSIVE_GOVERNANCE,AI_PEACE_APPLICATIONS,1,23,3,117,AI-positive country-years resolved for both codes,0.043478260869565216,0.3333333333333333,0.19658119658119658,0.02564102564102564,False
2026,AI_INCLUSIVE_GOVERNANCE,AI_SAFETY_EXISTENTIAL,3,22,12,110,AI-positive country-years resolved for both codes,0.13636363636363635,0.25,0.2,0.10909090909090909,False
2026,AI_INCLUSIVE_GOVERNANCE,AI_HUMAN_CONTROL,2,21,14,103,AI-positive country-years resolved for both codes,0.09523809523809523,0.14285714285714285,0.20388349514563106,0.13592233009708737,False
2026,AI_INCLUSIVE_GOVERNANCE,AI_HUMAN_RIGHTS_ETHICS,3,18,35,101,AI-positive country-years resolved for both codes,0.16666666666666666,0.08571428571428572,0.1782178217821782,0.3465346534653465,False
2026,AI_INCLUSIVE_GOVERNANCE,AI_BIAS_CULTURAL_DIVERSITY,2,23,4,117,AI-positive country-years resolved for both codes,0.08695652173913043,0.5,0.19658119658119658,0.03418803418803419,False
2026,AI_INCLUSIVE_GOVERNANCE,AI_DISINFORMATION,3,22,6,111,AI-positive country-years resolved for both codes,0.13636363636363635,0.5,0.1981981981981982,0.05405405405405406,False
2026,AI_INCLUSIVE_GOVERNANCE,AI_CYBER_SECURITY,2,18,9,109,AI-positive country-years resolved for both codes,0.1111111111111111,0.2222222222222222,0.1651376146788991,0.08256880733944955,False
2026,AI_INCLUSIVE_GOVERNANCE,AI_DIGITAL_DIVIDE,13,18,44,106,AI-positive country-years resolved for both codes,0.7222222222222222,0.29545454545454547,0.16981132075471697,0.41509433962264153,False
2026,AI_INCLUSIVE_GOVERNANCE,AI_CAPACITY_BUILDING,9,21,27,113,AI-positive country-years resolved for both codes,0.42857142857142855,0.3333333333333333,0.18584070796460178,0.23893805309734514,False
2026,AI_INCLUSIVE_GOVERNANCE,AI_DEVELOPMENT_SDGS,8,22,28,103,AI-positive country-years resolved for both codes,0.36363636363636365,0.2857142857142857,0.21359223300970873,0.27184466019417475,False
2026,AI_INCLUSIVE_GOVERNANCE,AI_RESOURCE_FOOTPRINT,3,21,3,113,AI-positive country-years resolved for both codes,0.14285714285714285,1.0,0.18584070796460178,0.02654867256637168,False
2026,AI_INCLUSIVE_GOVERNANCE,AI_ECONOMY_LABOR,3,20,12,105,AI-positive country-years resolved for both codes,0.15,0.25,0.19047619047619047,0.11428571428571428,False
2026,AI_INCLUSIVE_GOVERNANCE,AI_YOUTH_EDUCATION,1,20,9,111,AI-positive country-years resolved for both codes,0.05,0.1111111111111111,0.18018018018018017,0.08108108108108109,False
2026,AI_INCLUSIVE_GOVERNANCE,AI_CHILD_PROTECTION,0,22,2,117,AI-positive country-years resolved for both codes,0.0,0.0,0.18803418803418803,0.017094017094017096,False
2026,AI_INCLUSIVE_GOVERNANCE,AI_NATIONAL_STRATEGY,3,21,30,109,AI-positive country-years resolved for both codes,0.14285714285714285,0.1,0.1926605504587156,0.27522935779816515,False
2026,AI_INCLUSIVE_GOVERNANCE,AI_SOVEREIGNTY_CONCENTRATION,9,15,20,105,AI-positive country-years resolved for both codes,0.6,0.45,0.14285714285714285,0.19047619047619047,False
2026,AI_INCLUSIVE_GOVERNANCE,AI_GEOPOLITICAL_RIVALRY,1,23,6,115,AI-positive country-years resolved for both codes,0.043478260869565216,0.16666666666666666,0.2,0.05217391304347826,False
2026,AI_INCLUSIVE_GOVERNANCE,AI_OPPORTUNITY_RISK_DUALITY,10,20,48,106,AI-positive country-years resolved for both codes,0.5,0.20833333333333334,0.18867924528301888,0.4528301886792453,False
2026,AI_INCLUSIVE_GOVERNANCE,AI_TRANSFORMATIVE_ERA,5,16,28,92,AI-positive country-years resolved for both codes,0.3125,0.17857142857142858,0.17391304347826086,0.30434782608695654,False
2026,AI_INCLUSIVE_GOVERNANCE,AI_TECH_LIST_MENTION,0,21,4,114,AI-positive country-years resolved for both codes,0.0,0.0,0.18421052631578946,0.03508771929824561,False
2026,AI_INCLUSIVE_GOVERNANCE,AI_THREAT_LIST_MENTION,2,23,7,116,AI-positive country-years resolved for both codes,0.08695652173913043,0.2857142857142857,0.19827586206896552,0.0603448275862069,False
2026,AI_GOVERNANCE_SKEPTICISM,AI_UN_ROLE,0,3,44,119,AI-positive country-years resolved for both codes,0.0,0.0,0.025210084033613446,0.3697478991596639,False
2026,AI_GOVERNANCE_SKEPTICISM,AI_MILITARY_WEAPONS,0,2,12,118,AI-positive country-years resolved for both codes,0.0,0.0,0.01694915254237288,0.1016949152542373,False
2026,AI_GOVERNANCE_SKEPTICISM,AI_PEACE_APPLICATIONS,0,4,3,125,AI-positive country-years resolved for both codes,0.0,0.0,0.032,0.024,False
2026,AI_GOVERNANCE_SKEPTICISM,AI_SAFETY_EXISTENTIAL,0,1,12,117,AI-positive country-years resolved for both codes,0.0,0.0,0.008547008547008548,0.10256410256410256,False
2026,AI_GOVERNANCE_SKEPTICISM,AI_HUMAN_CONTROL,1,4,15,110,AI-positive country-years resolved for both codes,0.25,0.06666666666666667,0.03636363636363636,0.13636363636363635,False
2026,AI_GOVERNANCE_SKEPTICISM,AI_HUMAN_RIGHTS_ETHICS,1,3,36,108,AI-positive country-years resolved for both codes,0.3333333333333333,0.027777777777777776,0.027777777777777776,0.3333333333333333,False
2026,AI_GOVERNANCE_SKEPTICISM,AI_BIAS_CULTURAL_DIVERSITY,0,3,4,124,AI-positive country-years resolved for both codes,0.0,0.0,0.024193548387096774,0.03225806451612903,False
2026,AI_GOVERNANCE_SKEPTICISM,AI_DISINFORMATION,1,4,7,119,AI-positive country-years resolved for both codes,0.25,0.14285714285714285,0.03361344537815126,0.058823529411764705,False
2026,AI_GOVERNANCE_SKEPTICISM,AI_CYBER_SECURITY,0,3,10,114,AI-positive country-years resolved for both codes,0.0,0.0,0.02631578947368421,0.08771929824561403,False
2026,AI_GOVERNANCE_SKEPTICISM,AI_DIGITAL_DIVIDE,0,4,48,112,AI-positive country-years resolved for both codes,0.0,0.0,0.03571428571428571,0.42857142857142855,False
2026,AI_GOVERNANCE_SKEPTICISM,AI_CAPACITY_BUILDING,0,3,27,118,AI-positive country-years resolved for both codes,0.0,0.0,0.025423728813559324,0.2288135593220339,False
2026,AI_GOVERNANCE_SKEPTICISM,AI_DEVELOPMENT_SDGS,1,3,30,110,AI-positive country-years resolved for both codes,0.3333333333333333,0.03333333333333333,0.02727272727272727,0.2727272727272727,False
2026,AI_GOVERNANCE_SKEPTICISM,AI_RESOURCE_FOOTPRINT,0,3,3,121,AI-positive country-years resolved for both codes,0.0,0.0,0.024793388429752067,0.024793388429752067,False
2026,AI_GOVERNANCE_SKEPTICISM,AI_ECONOMY_LABOR,2,4,14,112,AI-positive country-years resolved for both codes,0.5,0.14285714285714285,0.03571428571428571,0.125,False
2026,AI_GOVERNANCE_SKEPTICISM,AI_YOUTH_EDUCATION,0,2,9,116,AI-positive country-years resolved for both codes,0.0,0.0,0.017241379310344827,0.07758620689655173,False
2026,AI_GOVERNANCE_SKEPTICISM,AI_CHILD_PROTECTION,0,4,3,125,AI-positive country-years resolved for both codes,0.0,0.0,0.032,0.024,False
2026,AI_GOVERNANCE_SKEPTICISM,AI_NATIONAL_STRATEGY,4,4,33,117,AI-positive country-years resolved for both codes,1.0,0.12121212121212122,0.03418803418803419,0.28205128205128205,False
2026,AI_GOVERNANCE_SKEPTICISM,AI_SOVEREIGNTY_CONCENTRATION,1,4,25,111,AI-positive country-years resolved for both codes,0.25,0.04,0.036036036036036036,0.22522522522522523,False
2026,AI_GOVERNANCE_SKEPTICISM,AI_GEOPOLITICAL_RIVALRY,2,3,7,121,AI-positive country-years resolved for both codes,0.6666666666666666,0.2857142857142857,0.024793388429752067,0.05785123966942149,False
2026,AI_GOVERNANCE_SKEPTICISM,AI_OPPORTUNITY_RISK_DUALITY,1,2,51,111,AI-positive country-years resolved for both codes,0.5,0.0196078431372549,0.018018018018018018,0.4594594594594595,False
2026,AI_GOVERNANCE_SKEPTICISM,AI_TRANSFORMATIVE_ERA,3,4,30,98,AI-positive country-years resolved for both codes,0.75,0.1,0.04081632653061224,0.30612244897959184,False
2026,AI_GOVERNANCE_SKEPTICISM,AI_TECH_LIST_MENTION,0,4,4,122,AI-positive country-years resolved for both codes,0.0,0.0,0.03278688524590164,0.03278688524590164,False
2026,AI_GOVERNANCE_SKEPTICISM,AI_THREAT_LIST_MENTION,0,4,7,121,AI-positive country-years resolved for both codes,0.0,0.0,0.03305785123966942,0.05785123966942149,False
2026,AI_UN_ROLE,AI_MILITARY_WEAPONS,7,42,11,111,AI-positive country-years resolved for both codes,0.16666666666666666,0.6363636363636364,0.3783783783783784,0.0990990990990991,False
2026,AI_UN_ROLE,AI_PEACE_APPLICATIONS,3,45,3,117,AI-positive country-years resolved for both codes,0.06666666666666667,1.0,0.38461538461538464,0.02564102564102564,False
2026,AI_UN_ROLE,AI_SAFETY_EXISTENTIAL,8,40,11,109,AI-positive country-years resolved for both codes,0.2,0.7272727272727273,0.3669724770642202,0.10091743119266056,False
2026,AI_UN_ROLE,AI_HUMAN_CONTROL,10,36,15,103,AI-positive country-years resolved for both codes,0.2777777777777778,0.6666666666666666,0.34951456310679613,0.14563106796116504,False
2026,AI_UN_ROLE,AI_HUMAN_RIGHTS_ETHICS,17,37,35,101,AI-positive country-years resolved for both codes,0.4594594594594595,0.4857142857142857,0.36633663366336633,0.3465346534653465,False
2026,AI_UN_ROLE,AI_BIAS_CULTURAL_DIVERSITY,2,45,4,115,AI-positive country-years resolved for both codes,0.044444444444444446,0.5,0.391304347826087,0.034782608695652174,False
2026,AI_UN_ROLE,AI_DISINFORMATION,5,42,8,111,AI-positive country-years resolved for both codes,0.11904761904761904,0.625,0.3783783783783784,0.07207207207207207,False
2026,AI_UN_ROLE,AI_CYBER_SECURITY,4,37,9,106,AI-positive country-years resolved for both codes,0.10810810810810811,0.4444444444444444,0.3490566037735849,0.08490566037735849,False
2026,AI_UN_ROLE,AI_DIGITAL_DIVIDE,22,40,47,104,AI-positive country-years resolved for both codes,0.55,0.46808510638297873,0.38461538461538464,0.4519230769230769,False
2026,AI_UN_ROLE,AI_CAPACITY_BUILDING,14,41,26,111,AI-positive country-years resolved for both codes,0.34146341463414637,0.5384615384615384,0.36936936936936937,0.23423423423423423,False
2026,AI_UN_ROLE,AI_DEVELOPMENT_SDGS,10,38,30,102,AI-positive country-years resolved for both codes,0.2631578947368421,0.3333333333333333,0.37254901960784315,0.29411764705882354,False
2026,AI_UN_ROLE,AI_RESOURCE_FOOTPRINT,3,44,3,114,AI-positive country-years resolved for both codes,0.06818181818181818,1.0,0.38596491228070173,0.02631578947368421,False
2026,AI_UN_ROLE,AI_ECONOMY_LABOR,8,39,14,103,AI-positive country-years resolved for both codes,0.20512820512820512,0.5714285714285714,0.3786407766990291,0.13592233009708737,False
2026,AI_UN_ROLE,AI_YOUTH_EDUCATION,3,43,9,108,AI-positive country-years resolved for both codes,0.06976744186046512,0.3333333333333333,0.39814814814814814,0.08333333333333333,False
2026,AI_UN_ROLE,AI_CHILD_PROTECTION,1,44,2,116,AI-positive country-years resolved for both codes,0.022727272727272728,0.5,0.3793103448275862,0.017241379310344827,False
2026,AI_UN_ROLE,AI_NATIONAL_STRATEGY,13,42,31,111,AI-positive country-years resolved for both codes,0.30952380952380953,0.41935483870967744,0.3783783783783784,0.27927927927927926,False
2026,AI_UN_ROLE,AI_SOVEREIGNTY_CONCENTRATION,10,36,25,104,AI-positive country-years resolved for both codes,0.2777777777777778,0.4,0.34615384615384615,0.2403846153846154,False
2026,AI_UN_ROLE,AI_GEOPOLITICAL_RIVALRY,4,40,6,112,AI-positive country-years resolved for both codes,0.1,0.6666666666666666,0.35714285714285715,0.05357142857142857,False
2026,AI_UN_ROLE,AI_OPPORTUNITY_RISK_DUALITY,22,39,50,105,AI-positive country-years resolved for both codes,0.5641025641025641,0.44,0.37142857142857144,0.47619047619047616,False
2026,AI_UN_ROLE,AI_TRANSFORMATIVE_ERA,10,33,30,93,AI-positive country-years resolved for both codes,0.30303030303030304,0.3333333333333333,0.3548387096774194,0.3225806451612903,False
2026,AI_UN_ROLE,AI_TECH_LIST_MENTION,0,45,4,113,AI-positive country-years resolved for both codes,0.0,0.0,0.39823008849557523,0.035398230088495575,False
2026,AI_UN_ROLE,AI_THREAT_LIST_MENTION,2,41,5,114,AI-positive country-years resolved for both codes,0.04878048780487805,0.4,0.35964912280701755,0.043859649122807015,False
2026,AI_MILITARY_WEAPONS,AI_PEACE_APPLICATIONS,2,11,3,117,AI-positive country-years resolved for both codes,0.18181818181818182,0.6666666666666666,0.09401709401709402,0.02564102564102564,False
2026,AI_MILITARY_WEAPONS,AI_SAFETY_EXISTENTIAL,3,12,8,108,AI-positive country-years resolved for both codes,0.25,0.375,0.1111111111111111,0.07407407407407407,False
2026,AI_MILITARY_WEAPONS,AI_HUMAN_CONTROL,5,10,13,102,AI-positive country-years resolved for both codes,0.5,0.38461538461538464,0.09803921568627451,0.12745098039215685,False
2026,AI_MILITARY_WEAPONS,AI_HUMAN_RIGHTS_ETHICS,5,10,30,98,AI-positive country-years resolved for both codes,0.5,0.16666666666666666,0.10204081632653061,0.30612244897959184,False
2026,AI_MILITARY_WEAPONS,AI_BIAS_CULTURAL_DIVERSITY,0,13,4,116,AI-positive country-years resolved for both codes,0.0,0.0,0.11206896551724138,0.034482758620689655,False
2026,AI_MILITARY_WEAPONS,AI_DISINFORMATION,2,13,5,111,AI-positive country-years resolved for both codes,0.15384615384615385,0.4,0.11711711711711711,0.04504504504504504,False
2026,AI_MILITARY_WEAPONS,AI_CYBER_SECURITY,2,10,6,106,AI-positive country-years resolved for both codes,0.2,0.3333333333333333,0.09433962264150944,0.05660377358490566,False
2026,AI_MILITARY_WEAPONS,AI_DIGITAL_DIVIDE,4,10,46,105,AI-positive country-years resolved for both codes,0.4,0.08695652173913043,0.09523809523809523,0.4380952380952381,False
2026,AI_MILITARY_WEAPONS,AI_CAPACITY_BUILDING,2,11,24,109,AI-positive country-years resolved for both codes,0.18181818181818182,0.08333333333333333,0.10091743119266056,0.22018348623853212,False
2026,AI_MILITARY_WEAPONS,AI_DEVELOPMENT_SDGS,1,12,25,101,AI-positive country-years resolved for both codes,0.08333333333333333,0.04,0.1188118811881188,0.24752475247524752,False
2026,AI_MILITARY_WEAPONS,AI_RESOURCE_FOOTPRINT,0,12,3,112,AI-positive country-years resolved for both codes,0.0,0.0,0.10714285714285714,0.026785714285714284,False
2026,AI_MILITARY_WEAPONS,AI_ECONOMY_LABOR,2,13,11,103,AI-positive country-years resolved for both codes,0.15384615384615385,0.18181818181818182,0.1262135922330097,0.10679611650485436,False
2026,AI_MILITARY_WEAPONS,AI_YOUTH_EDUCATION,1,12,9,110,AI-positive country-years resolved for both codes,0.08333333333333333,0.1111111111111111,0.10909090909090909,0.08181818181818182,False
2026,AI_MILITARY_WEAPONS,AI_CHILD_PROTECTION,1,13,3,115,AI-positive country-years resolved for both codes,0.07692307692307693,0.3333333333333333,0.11304347826086956,0.02608695652173913,False
2026,AI_MILITARY_WEAPONS,AI_NATIONAL_STRATEGY,4,12,28,109,AI-positive country-years resolved for both codes,0.3333333333333333,0.14285714285714285,0.11009174311926606,0.25688073394495414,False
2026,AI_MILITARY_WEAPONS,AI_SOVEREIGNTY_CONCENTRATION,3,8,24,103,AI-positive country-years resolved for both codes,0.375,0.125,0.07766990291262135,0.23300970873786409,False
2026,AI_MILITARY_WEAPONS,AI_GEOPOLITICAL_RIVALRY,4,13,7,112,AI-positive country-years resolved for both codes,0.3076923076923077,0.5714285714285714,0.11607142857142858,0.0625,False
2026,AI_MILITARY_WEAPONS,AI_OPPORTUNITY_RISK_DUALITY,6,13,45,104,AI-positive country-years resolved for both codes,0.46153846153846156,0.13333333333333333,0.125,0.4326923076923077,False
2026,AI_MILITARY_WEAPONS,AI_TRANSFORMATIVE_ERA,1,9,27,90,AI-positive country-years resolved for both codes,0.1111111111111111,0.037037037037037035,0.1,0.3,False
2026,AI_MILITARY_WEAPONS,AI_TECH_LIST_MENTION,0,13,4,113,AI-positive country-years resolved for both codes,0.0,0.0,0.11504424778761062,0.035398230088495575,False
2026,AI_MILITARY_WEAPONS,AI_THREAT_LIST_MENTION,0,10,7,110,AI-positive country-years resolved for both codes,0.0,0.0,0.09090909090909091,0.06363636363636363,False
2026,AI_PEACE_APPLICATIONS,AI_SAFETY_EXISTENTIAL,1,3,12,114,AI-positive country-years resolved for both codes,0.3333333333333333,0.08333333333333333,0.02631578947368421,0.10526315789473684,False
2026,AI_PEACE_APPLICATIONS,AI_HUMAN_CONTROL,1,3,16,107,AI-positive country-years resolved for both codes,0.3333333333333333,0.0625,0.028037383177570093,0.14953271028037382,False
2026,AI_PEACE_APPLICATIONS,AI_HUMAN_RIGHTS_ETHICS,0,3,34,104,AI-positive country-years resolved for both codes,0.0,0.0,0.028846153846153848,0.3269230769230769,False
2026,AI_PEACE_APPLICATIONS,AI_BIAS_CULTURAL_DIVERSITY,0,3,4,121,AI-positive country-years resolved for both codes,0.0,0.0,0.024793388429752067,0.03305785123966942,False
2026,AI_PEACE_APPLICATIONS,AI_DISINFORMATION,1,3,8,116,AI-positive country-years resolved for both codes,0.3333333333333333,0.125,0.02586206896551724,0.06896551724137931,False
2026,AI_PEACE_APPLICATIONS,AI_CYBER_SECURITY,1,2,10,111,AI-positive country-years resolved for both codes,0.5,0.1,0.018018018018018018,0.09009009009009009,False
2026,AI_PEACE_APPLICATIONS,AI_DIGITAL_DIVIDE,1,2,48,109,AI-positive country-years resolved for both codes,0.5,0.020833333333333332,0.01834862385321101,0.44036697247706424,False
2026,AI_PEACE_APPLICATIONS,AI_CAPACITY_BUILDING,0,3,26,115,AI-positive country-years resolved for both codes,0.0,0.0,0.02608695652173913,0.22608695652173913,False
2026,AI_PEACE_APPLICATIONS,AI_DEVELOPMENT_SDGS,0,3,31,107,AI-positive country-years resolved for both codes,0.0,0.0,0.028037383177570093,0.2897196261682243,False
2026,AI_PEACE_APPLICATIONS,AI_RESOURCE_FOOTPRINT,0,3,3,118,AI-positive country-years resolved for both codes,0.0,0.0,0.025423728813559324,0.025423728813559324,False
2026,AI_PEACE_APPLICATIONS,AI_ECONOMY_LABOR,0,3,15,109,AI-positive country-years resolved for both codes,0.0,0.0,0.027522935779816515,0.13761467889908258,False
2026,AI_PEACE_APPLICATIONS,AI_YOUTH_EDUCATION,1,3,9,113,AI-positive country-years resolved for both codes,0.3333333333333333,0.1111111111111111,0.02654867256637168,0.07964601769911504,False
2026,AI_PEACE_APPLICATIONS,AI_CHILD_PROTECTION,0,3,3,122,AI-positive country-years resolved for both codes,0.0,0.0,0.02459016393442623,0.02459016393442623,False
2026,AI_PEACE_APPLICATIONS,AI_NATIONAL_STRATEGY,0,1,32,115,AI-positive country-years resolved for both codes,0.0,0.0,0.008695652173913044,0.2782608695652174,False
2026,AI_PEACE_APPLICATIONS,AI_SOVEREIGNTY_CONCENTRATION,0,1,26,108,AI-positive country-years resolved for both codes,0.0,0.0,0.009259259259259259,0.24074074074074073,False
2026,AI_PEACE_APPLICATIONS,AI_GEOPOLITICAL_RIVALRY,0,3,8,118,AI-positive country-years resolved for both codes,0.0,0.0,0.025423728813559324,0.06779661016949153,False
2026,AI_PEACE_APPLICATIONS,AI_OPPORTUNITY_RISK_DUALITY,3,3,51,109,AI-positive country-years resolved for both codes,1.0,0.058823529411764705,0.027522935779816515,0.46788990825688076,False
2026,AI_PEACE_APPLICATIONS,AI_TRANSFORMATIVE_ERA,0,1,31,98,AI-positive country-years resolved for both codes,0.0,0.0,0.01020408163265306,0.3163265306122449,False
2026,AI_PEACE_APPLICATIONS,AI_TECH_LIST_MENTION,0,3,4,119,AI-positive country-years resolved for both codes,0.0,0.0,0.025210084033613446,0.03361344537815126,False
2026,AI_PEACE_APPLICATIONS,AI_THREAT_LIST_MENTION,0,3,7,117,AI-positive country-years resolved for both codes,0.0,0.0,0.02564102564102564,0.05982905982905983,False
2026,AI_SAFETY_EXISTENTIAL,AI_HUMAN_CONTROL,4,7,11,102,AI-positive country-years resolved for both codes,0.5714285714285714,0.36363636363636365,0.06862745098039216,0.10784313725490197,False
2026,AI_SAFETY_EXISTENTIAL,AI_HUMAN_RIGHTS_ETHICS,5,10,31,99,AI-positive country-years resolved for both codes,0.5,0.16129032258064516,0.10101010101010101,0.31313131313131315,False
2026,AI_SAFETY_EXISTENTIAL,AI_BIAS_CULTURAL_DIVERSITY,0,12,3,114,AI-positive country-years resolved for both codes,0.0,0.0,0.10526315789473684,0.02631578947368421,False
2026,AI_SAFETY_EXISTENTIAL,AI_DISINFORMATION,3,9,6,111,AI-positive country-years resolved for both codes,0.3333333333333333,0.5,0.08108108108108109,0.05405405405405406,False
2026,AI_SAFETY_EXISTENTIAL,AI_CYBER_SECURITY,5,10,10,106,AI-positive country-years resolved for both codes,0.5,0.5,0.09433962264150944,0.09433962264150944,False
2026,AI_SAFETY_EXISTENTIAL,AI_DIGITAL_DIVIDE,1,9,44,101,AI-positive country-years resolved for both codes,0.1111111111111111,0.022727272727272728,0.0891089108910891,0.43564356435643564,False
2026,AI_SAFETY_EXISTENTIAL,AI_CAPACITY_BUILDING,3,12,26,108,AI-positive country-years resolved for both codes,0.25,0.11538461538461539,0.1111111111111111,0.24074074074074073,False
2026,AI_SAFETY_EXISTENTIAL,AI_DEVELOPMENT_SDGS,3,10,28,100,AI-positive country-years resolved for both codes,0.3,0.10714285714285714,0.1,0.28,False
2026,AI_SAFETY_EXISTENTIAL,AI_RESOURCE_FOOTPRINT,0,10,3,112,AI-positive country-years resolved for both codes,0.0,0.0,0.08928571428571429,0.026785714285714284,False
2026,AI_SAFETY_EXISTENTIAL,AI_ECONOMY_LABOR,5,11,13,104,AI-positive country-years resolved for both codes,0.45454545454545453,0.38461538461538464,0.10576923076923077,0.125,False
2026,AI_SAFETY_EXISTENTIAL,AI_YOUTH_EDUCATION,0,11,8,106,AI-positive country-years resolved for both codes,0.0,0.0,0.10377358490566038,0.07547169811320754,False
2026,AI_SAFETY_EXISTENTIAL,AI_CHILD_PROTECTION,0,11,3,114,AI-positive country-years resolved for both codes,0.0,0.0,0.09649122807017543,0.02631578947368421,False
2026,AI_SAFETY_EXISTENTIAL,AI_NATIONAL_STRATEGY,4,11,27,106,AI-positive country-years resolved for both codes,0.36363636363636365,0.14814814814814814,0.10377358490566038,0.25471698113207547,False
2026,AI_SAFETY_EXISTENTIAL,AI_SOVEREIGNTY_CONCENTRATION,2,7,24,100,AI-positive country-years resolved for both codes,0.2857142857142857,0.08333333333333333,0.07,0.24,False
2026,AI_SAFETY_EXISTENTIAL,AI_GEOPOLITICAL_RIVALRY,2,10,5,111,AI-positive country-years resolved for both codes,0.2,0.4,0.09009009009009009,0.04504504504504504,False
2026,AI_SAFETY_EXISTENTIAL,AI_OPPORTUNITY_RISK_DUALITY,10,11,46,103,AI-positive country-years resolved for both codes,0.9090909090909091,0.21739130434782608,0.10679611650485436,0.44660194174757284,False
2026,AI_SAFETY_EXISTENTIAL,AI_TRANSFORMATIVE_ERA,4,9,23,89,AI-positive country-years resolved for both codes,0.4444444444444444,0.17391304347826086,0.10112359550561797,0.25842696629213485,False
2026,AI_SAFETY_EXISTENTIAL,AI_TECH_LIST_MENTION,0,12,4,112,AI-positive country-years resolved for both codes,0.0,0.0,0.10714285714285714,0.03571428571428571,False
2026,AI_SAFETY_EXISTENTIAL,AI_THREAT_LIST_MENTION,2,11,7,109,AI-positive country-years resolved for both codes,0.18181818181818182,0.2857142857142857,0.10091743119266056,0.06422018348623854,False
2026,AI_HUMAN_CONTROL,AI_HUMAN_RIGHTS_ETHICS,8,13,27,93,AI-positive country-years resolved for both codes,0.6153846153846154,0.2962962962962963,0.13978494623655913,0.2903225806451613,False
2026,AI_HUMAN_CONTROL,AI_BIAS_CULTURAL_DIVERSITY,1,14,3,107,AI-positive country-years resolved for both codes,0.07142857142857142,0.3333333333333333,0.1308411214953271,0.028037383177570093,False
2026,AI_HUMAN_CONTROL,AI_DISINFORMATION,4,15,7,105,AI-positive country-years resolved for both codes,0.26666666666666666,0.5714285714285714,0.14285714285714285,0.06666666666666667,False
2026,AI_HUMAN_CONTROL,AI_CYBER_SECURITY,1,12,6,96,AI-positive country-years resolved for both codes,0.08333333333333333,0.16666666666666666,0.125,0.0625,False
2026,AI_HUMAN_CONTROL,AI_DIGITAL_DIVIDE,7,14,44,96,AI-positive country-years resolved for both codes,0.5,0.1590909090909091,0.14583333333333334,0.4583333333333333,False
2026,AI_HUMAN_CONTROL,AI_CAPACITY_BUILDING,1,15,23,101,AI-positive country-years resolved for both codes,0.06666666666666667,0.043478260869565216,0.1485148514851485,0.22772277227722773,False
2026,AI_HUMAN_CONTROL,AI_DEVELOPMENT_SDGS,5,15,27,95,AI-positive country-years resolved for both codes,0.3333333333333333,0.18518518518518517,0.15789473684210525,0.28421052631578947,False
2026,AI_HUMAN_CONTROL,AI_RESOURCE_FOOTPRINT,0,15,2,104,AI-positive country-years resolved for both codes,0.0,0.0,0.14423076923076922,0.019230769230769232,False
2026,AI_HUMAN_CONTROL,AI_ECONOMY_LABOR,4,14,10,97,AI-positive country-years resolved for both codes,0.2857142857142857,0.4,0.14432989690721648,0.10309278350515463,False
2026,AI_HUMAN_CONTROL,AI_YOUTH_EDUCATION,2,15,7,100,AI-positive country-years resolved for both codes,0.13333333333333333,0.2857142857142857,0.15,0.07,False
2026,AI_HUMAN_CONTROL,AI_CHILD_PROTECTION,0,16,2,109,AI-positive country-years resolved for both codes,0.0,0.0,0.14678899082568808,0.01834862385321101,False
2026,AI_HUMAN_CONTROL,AI_NATIONAL_STRATEGY,5,15,26,100,AI-positive country-years resolved for both codes,0.3333333333333333,0.19230769230769232,0.15,0.26,False
2026,AI_HUMAN_CONTROL,AI_SOVEREIGNTY_CONCENTRATION,3,12,21,95,AI-positive country-years resolved for both codes,0.25,0.14285714285714285,0.12631578947368421,0.22105263157894736,False
2026,AI_HUMAN_CONTROL,AI_GEOPOLITICAL_RIVALRY,4,14,6,105,AI-positive country-years resolved for both codes,0.2857142857142857,0.6666666666666666,0.13333333333333333,0.05714285714285714,False
2026,AI_HUMAN_CONTROL,AI_OPPORTUNITY_RISK_DUALITY,10,14,39,95,AI-positive country-years resolved for both codes,0.7142857142857143,0.2564102564102564,0.14736842105263157,0.4105263157894737,False
2026,AI_HUMAN_CONTROL,AI_TRANSFORMATIVE_ERA,6,11,22,83,AI-positive country-years resolved for both codes,0.5454545454545454,0.2727272727272727,0.13253012048192772,0.26506024096385544,False
2026,AI_HUMAN_CONTROL,AI_TECH_LIST_MENTION,0,15,4,105,AI-positive country-years resolved for both codes,0.0,0.0,0.14285714285714285,0.0380952380952381,False
2026,AI_HUMAN_CONTROL,AI_THREAT_LIST_MENTION,1,14,5,104,AI-positive country-years resolved for both codes,0.07142857142857142,0.2,0.1346153846153846,0.04807692307692308,False
2026,AI_HUMAN_RIGHTS_ETHICS,AI_BIAS_CULTURAL_DIVERSITY,3,34,5,104,AI-positive country-years resolved for both codes,0.08823529411764706,0.6,0.3269230769230769,0.04807692307692308,False
2026,AI_HUMAN_RIGHTS_ETHICS,AI_DISINFORMATION,5,32,6,101,AI-positive country-years resolved for both codes,0.15625,0.8333333333333334,0.31683168316831684,0.0594059405940594,False
2026,AI_HUMAN_RIGHTS_ETHICS,AI_CYBER_SECURITY,4,33,8,97,AI-positive country-years resolved for both codes,0.12121212121212122,0.5,0.3402061855670103,0.08247422680412371,False
2026,AI_HUMAN_RIGHTS_ETHICS,AI_DIGITAL_DIVIDE,20,32,44,95,AI-positive country-years resolved for both codes,0.625,0.45454545454545453,0.3368421052631579,0.4631578947368421,False
2026,AI_HUMAN_RIGHTS_ETHICS,AI_CAPACITY_BUILDING,11,34,22,99,AI-positive country-years resolved for both codes,0.3235294117647059,0.5,0.3434343434343434,0.2222222222222222,False
2026,AI_HUMAN_RIGHTS_ETHICS,AI_DEVELOPMENT_SDGS,12,28,28,93,AI-positive country-years resolved for both codes,0.42857142857142855,0.42857142857142855,0.3010752688172043,0.3010752688172043,False
2026,AI_HUMAN_RIGHTS_ETHICS,AI_RESOURCE_FOOTPRINT,0,35,2,102,AI-positive country-years resolved for both codes,0.0,0.0,0.3431372549019608,0.0196078431372549,False
2026,AI_HUMAN_RIGHTS_ETHICS,AI_ECONOMY_LABOR,7,31,10,96,AI-positive country-years resolved for both codes,0.22580645161290322,0.7,0.3229166666666667,0.10416666666666667,False
2026,AI_HUMAN_RIGHTS_ETHICS,AI_YOUTH_EDUCATION,2,33,6,97,AI-positive country-years resolved for both codes,0.06060606060606061,0.3333333333333333,0.3402061855670103,0.061855670103092786,False
2026,AI_HUMAN_RIGHTS_ETHICS,AI_CHILD_PROTECTION,1,36,2,105,AI-positive country-years resolved for both codes,0.027777777777777776,0.5,0.34285714285714286,0.01904761904761905,False
2026,AI_HUMAN_RIGHTS_ETHICS,AI_NATIONAL_STRATEGY,12,35,26,96,AI-positive country-years resolved for both codes,0.34285714285714286,0.46153846153846156,0.3645833333333333,0.2708333333333333,False
2026,AI_HUMAN_RIGHTS_ETHICS,AI_SOVEREIGNTY_CONCENTRATION,7,34,19,93,AI-positive country-years resolved for both codes,0.20588235294117646,0.3684210526315789,0.3655913978494624,0.20430107526881722,False
2026,AI_HUMAN_RIGHTS_ETHICS,AI_GEOPOLITICAL_RIVALRY,2,33,5,101,AI-positive country-years resolved for both codes,0.06060606060606061,0.4,0.32673267326732675,0.04950495049504951,False
2026,AI_HUMAN_RIGHTS_ETHICS,AI_OPPORTUNITY_RISK_DUALITY,20,30,43,93,AI-positive country-years resolved for both codes,0.6666666666666666,0.46511627906976744,0.3225806451612903,0.46236559139784944,False
2026,AI_HUMAN_RIGHTS_ETHICS,AI_TRANSFORMATIVE_ERA,12,29,22,80,AI-positive country-years resolved for both codes,0.41379310344827586,0.5454545454545454,0.3625,0.275,False
2026,AI_HUMAN_RIGHTS_ETHICS,AI_TECH_LIST_MENTION,1,34,4,101,AI-positive country-years resolved for both codes,0.029411764705882353,0.25,0.33663366336633666,0.039603960396039604,False
2026,AI_HUMAN_RIGHTS_ETHICS,AI_THREAT_LIST_MENTION,0,33,7,102,AI-positive country-years resolved for both codes,0.0,0.0,0.3235294117647059,0.06862745098039216,False
2026,AI_BIAS_CULTURAL_DIVERSITY,AI_DISINFORMATION,1,4,7,116,AI-positive country-years resolved for both codes,0.25,0.14285714285714285,0.034482758620689655,0.0603448275862069,False
2026,AI_BIAS_CULTURAL_DIVERSITY,AI_CYBER_SECURITY,0,4,10,111,AI-positive country-years resolved for both codes,0.0,0.0,0.036036036036036036,0.09009009009009009,False
2026,AI_BIAS_CULTURAL_DIVERSITY,AI_DIGITAL_DIVIDE,3,3,50,110,AI-positive country-years resolved for both codes,1.0,0.06,0.02727272727272727,0.45454545454545453,False
2026,AI_BIAS_CULTURAL_DIVERSITY,AI_CAPACITY_BUILDING,2,3,27,114,AI-positive country-years resolved for both codes,0.6666666666666666,0.07407407407407407,0.02631578947368421,0.23684210526315788,False
2026,AI_BIAS_CULTURAL_DIVERSITY,AI_DEVELOPMENT_SDGS,2,3,31,107,AI-positive country-years resolved for both codes,0.6666666666666666,0.06451612903225806,0.028037383177570093,0.2897196261682243,False
2026,AI_BIAS_CULTURAL_DIVERSITY,AI_RESOURCE_FOOTPRINT,0,4,3,117,AI-positive country-years resolved for both codes,0.0,0.0,0.03418803418803419,0.02564102564102564,False
2026,AI_BIAS_CULTURAL_DIVERSITY,AI_ECONOMY_LABOR,0,3,14,110,AI-positive country-years resolved for both codes,0.0,0.0,0.02727272727272727,0.12727272727272726,False
2026,AI_BIAS_CULTURAL_DIVERSITY,AI_YOUTH_EDUCATION,0,4,9,113,AI-positive country-years resolved for both codes,0.0,0.0,0.035398230088495575,0.07964601769911504,False
2026,AI_BIAS_CULTURAL_DIVERSITY,AI_CHILD_PROTECTION,0,4,3,121,AI-positive country-years resolved for both codes,0.0,0.0,0.03305785123966942,0.024793388429752067,False
2026,AI_BIAS_CULTURAL_DIVERSITY,AI_NATIONAL_STRATEGY,3,4,32,113,AI-positive country-years resolved for both codes,0.75,0.09375,0.035398230088495575,0.2831858407079646,False
2026,AI_BIAS_CULTURAL_DIVERSITY,AI_SOVEREIGNTY_CONCENTRATION,4,4,25,108,AI-positive country-years resolved for both codes,1.0,0.16,0.037037037037037035,0.23148148148148148,False
2026,AI_BIAS_CULTURAL_DIVERSITY,AI_GEOPOLITICAL_RIVALRY,0,4,7,118,AI-positive country-years resolved for both codes,0.0,0.0,0.03389830508474576,0.059322033898305086,False
2026,AI_BIAS_CULTURAL_DIVERSITY,AI_OPPORTUNITY_RISK_DUALITY,2,3,51,108,AI-positive country-years resolved for both codes,0.6666666666666666,0.0392156862745098,0.027777777777777776,0.4722222222222222,False
2026,AI_BIAS_CULTURAL_DIVERSITY,AI_TRANSFORMATIVE_ERA,3,5,28,95,AI-positive country-years resolved for both codes,0.6,0.10714285714285714,0.05263157894736842,0.29473684210526313,False
2026,AI_BIAS_CULTURAL_DIVERSITY,AI_TECH_LIST_MENTION,0,4,4,120,AI-positive country-years resolved for both codes,0.0,0.0,0.03333333333333333,0.03333333333333333,False
2026,AI_BIAS_CULTURAL_DIVERSITY,AI_THREAT_LIST_MENTION,0,4,7,116,AI-positive country-years resolved for both codes,0.0,0.0,0.034482758620689655,0.0603448275862069,False
2026,AI_DISINFORMATION,AI_CYBER_SECURITY,4,7,9,110,AI-positive country-years resolved for both codes,0.5714285714285714,0.4444444444444444,0.06363636363636363,0.08181818181818182,False
2026,AI_DISINFORMATION,AI_DIGITAL_DIVIDE,3,5,47,103,AI-positive country-years resolved for both codes,0.6,0.06382978723404255,0.04854368932038835,0.4563106796116505,False
2026,AI_DISINFORMATION,AI_CAPACITY_BUILDING,2,8,25,109,AI-positive country-years resolved for both codes,0.25,0.08,0.07339449541284404,0.22935779816513763,False
2026,AI_DISINFORMATION,AI_DEVELOPMENT_SDGS,4,7,30,101,AI-positive country-years resolved for both codes,0.5714285714285714,0.13333333333333333,0.06930693069306931,0.297029702970297,False
2026,AI_DISINFORMATION,AI_RESOURCE_FOOTPRINT,0,8,3,113,AI-positive country-years resolved for both codes,0.0,0.0,0.07079646017699115,0.02654867256637168,False
2026,AI_DISINFORMATION,AI_ECONOMY_LABOR,4,5,14,104,AI-positive country-years resolved for both codes,0.8,0.2857142857142857,0.04807692307692308,0.1346153846153846,False
2026,AI_DISINFORMATION,AI_YOUTH_EDUCATION,0,7,9,108,AI-positive country-years resolved for both codes,0.0,0.0,0.06481481481481481,0.08333333333333333,False
2026,AI_DISINFORMATION,AI_CHILD_PROTECTION,0,8,3,116,AI-positive country-years resolved for both codes,0.0,0.0,0.06896551724137931,0.02586206896551724,False
2026,AI_DISINFORMATION,AI_NATIONAL_STRATEGY,3,8,30,109,AI-positive country-years resolved for both codes,0.375,0.1,0.07339449541284404,0.27522935779816515,False
2026,AI_DISINFORMATION,AI_SOVEREIGNTY_CONCENTRATION,4,6,25,102,AI-positive country-years resolved for both codes,0.6666666666666666,0.16,0.058823529411764705,0.24509803921568626,False
2026,AI_DISINFORMATION,AI_GEOPOLITICAL_RIVALRY,1,7,8,112,AI-positive country-years resolved for both codes,0.14285714285714285,0.125,0.0625,0.07142857142857142,False
2026,AI_DISINFORMATION,AI_OPPORTUNITY_RISK_DUALITY,6,6,46,104,AI-positive country-years resolved for both codes,1.0,0.13043478260869565,0.057692307692307696,0.4423076923076923,False
2026,AI_DISINFORMATION,AI_TRANSFORMATIVE_ERA,5,6,27,91,AI-positive country-years resolved for both codes,0.8333333333333334,0.18518518518518517,0.06593406593406594,0.2967032967032967,False
2026,AI_DISINFORMATION,AI_TECH_LIST_MENTION,1,8,4,114,AI-positive country-years resolved for both codes,0.125,0.25,0.07017543859649122,0.03508771929824561,False
2026,AI_DISINFORMATION,AI_THREAT_LIST_MENTION,0,7,7,111,AI-positive country-years resolved for both codes,0.0,0.0,0.06306306306306306,0.06306306306306306,False
2026,AI_CYBER_SECURITY,AI_DIGITAL_DIVIDE,2,5,43,99,AI-positive country-years resolved for both codes,0.4,0.046511627906976744,0.050505050505050504,0.43434343434343436,False
2026,AI_CYBER_SECURITY,AI_CAPACITY_BUILDING,2,9,22,107,AI-positive country-years resolved for both codes,0.2222222222222222,0.09090909090909091,0.08411214953271028,0.205607476635514,False
2026,AI_CYBER_SECURITY,AI_DEVELOPMENT_SDGS,5,8,29,97,AI-positive country-years resolved for both codes,0.625,0.1724137931034483,0.08247422680412371,0.29896907216494845,False
2026,AI_CYBER_SECURITY,AI_RESOURCE_FOOTPRINT,0,10,3,108,AI-positive country-years resolved for both codes,0.0,0.0,0.09259259259259259,0.027777777777777776,False
2026,AI_CYBER_SECURITY,AI_ECONOMY_LABOR,3,8,10,99,AI-positive country-years resolved for both codes,0.375,0.3,0.08080808080808081,0.10101010101010101,False
2026,AI_CYBER_SECURITY,AI_YOUTH_EDUCATION,0,9,7,103,AI-positive country-years resolved for both codes,0.0,0.0,0.08737864077669903,0.06796116504854369,False
2026,AI_CYBER_SECURITY,AI_CHILD_PROTECTION,1,10,3,111,AI-positive country-years resolved for both codes,0.1,0.3333333333333333,0.09009009009009009,0.02702702702702703,False
2026,AI_CYBER_SECURITY,AI_NATIONAL_STRATEGY,4,9,28,105,AI-positive country-years resolved for both codes,0.4444444444444444,0.14285714285714285,0.08571428571428572,0.26666666666666666,False
2026,AI_CYBER_SECURITY,AI_SOVEREIGNTY_CONCENTRATION,2,7,22,101,AI-positive country-years resolved for both codes,0.2857142857142857,0.09090909090909091,0.06930693069306931,0.21782178217821782,False
2026,AI_CYBER_SECURITY,AI_GEOPOLITICAL_RIVALRY,1,10,7,110,AI-positive country-years resolved for both codes,0.1,0.14285714285714285,0.09090909090909091,0.06363636363636363,False
2026,AI_CYBER_SECURITY,AI_OPPORTUNITY_RISK_DUALITY,7,9,46,102,AI-positive country-years resolved for both codes,0.7777777777777778,0.15217391304347827,0.08823529411764706,0.45098039215686275,False
2026,AI_CYBER_SECURITY,AI_TRANSFORMATIVE_ERA,2,8,27,87,AI-positive country-years resolved for both codes,0.25,0.07407407407407407,0.09195402298850575,0.3103448275862069,False
2026,AI_CYBER_SECURITY,AI_TECH_LIST_MENTION,1,10,4,108,AI-positive country-years resolved for both codes,0.1,0.25,0.09259259259259259,0.037037037037037035,False
2026,AI_CYBER_SECURITY,AI_THREAT_LIST_MENTION,1,9,7,107,AI-positive country-years resolved for both codes,0.1111111111111111,0.14285714285714285,0.08411214953271028,0.06542056074766354,False
2026,AI_DIGITAL_DIVIDE,AI_CAPACITY_BUILDING,20,43,23,105,AI-positive country-years resolved for both codes,0.46511627906976744,0.8695652173913043,0.4095238095238095,0.21904761904761905,False
2026,AI_DIGITAL_DIVIDE,AI_DEVELOPMENT_SDGS,25,45,30,103,AI-positive country-years resolved for both codes,0.5555555555555556,0.8333333333333334,0.4368932038834951,0.2912621359223301,False
2026,AI_DIGITAL_DIVIDE,AI_RESOURCE_FOOTPRINT,3,48,3,107,AI-positive country-years resolved for both codes,0.0625,1.0,0.4485981308411215,0.028037383177570093,False
2026,AI_DIGITAL_DIVIDE,AI_ECONOMY_LABOR,6,40,13,97,AI-positive country-years resolved for both codes,0.15,0.46153846153846156,0.41237113402061853,0.13402061855670103,False
2026,AI_DIGITAL_DIVIDE,AI_YOUTH_EDUCATION,5,42,9,101,AI-positive country-years resolved for both codes,0.11904761904761904,0.5555555555555556,0.4158415841584158,0.0891089108910891,False
2026,AI_DIGITAL_DIVIDE,AI_CHILD_PROTECTION,0,48,2,110,AI-positive country-years resolved for both codes,0.0,0.0,0.43636363636363634,0.01818181818181818,False
2026,AI_DIGITAL_DIVIDE,AI_NATIONAL_STRATEGY,12,47,28,102,AI-positive country-years resolved for both codes,0.2553191489361702,0.42857142857142855,0.46078431372549017,0.27450980392156865,False
2026,AI_DIGITAL_DIVIDE,AI_SOVEREIGNTY_CONCENTRATION,14,40,20,98,AI-positive country-years resolved for both codes,0.35,0.7,0.40816326530612246,0.20408163265306123,False
2026,AI_DIGITAL_DIVIDE,AI_GEOPOLITICAL_RIVALRY,1,48,6,105,AI-positive country-years resolved for both codes,0.020833333333333332,0.16666666666666666,0.45714285714285713,0.05714285714285714,False
2026,AI_DIGITAL_DIVIDE,AI_OPPORTUNITY_RISK_DUALITY,24,41,46,97,AI-positive country-years resolved for both codes,0.5853658536585366,0.5217391304347826,0.422680412371134,0.4742268041237113,False
2026,AI_DIGITAL_DIVIDE,AI_TRANSFORMATIVE_ERA,14,36,29,87,AI-positive country-years resolved for both codes,0.3888888888888889,0.4827586206896552,0.41379310344827586,0.3333333333333333,False
2026,AI_DIGITAL_DIVIDE,AI_TECH_LIST_MENTION,1,47,3,108,AI-positive country-years resolved for both codes,0.02127659574468085,0.3333333333333333,0.4351851851851852,0.027777777777777776,False
2026,AI_DIGITAL_DIVIDE,AI_THREAT_LIST_MENTION,3,44,7,105,AI-positive country-years resolved for both codes,0.06818181818181818,0.42857142857142855,0.41904761904761906,0.06666666666666667,False
2026,AI_CAPACITY_BUILDING,AI_DEVELOPMENT_SDGS,10,22,26,102,AI-positive country-years resolved for both codes,0.45454545454545453,0.38461538461538464,0.21568627450980393,0.2549019607843137,False
2026,AI_CAPACITY_BUILDING,AI_RESOURCE_FOOTPRINT,1,25,3,111,AI-positive country-years resolved for both codes,0.04,0.3333333333333333,0.22522522522522523,0.02702702702702703,False
2026,AI_CAPACITY_BUILDING,AI_ECONOMY_LABOR,4,24,13,102,AI-positive country-years resolved for both codes,0.16666666666666666,0.3076923076923077,0.23529411764705882,0.12745098039215685,False
2026,AI_CAPACITY_BUILDING,AI_YOUTH_EDUCATION,2,24,7,107,AI-positive country-years resolved for both codes,0.08333333333333333,0.2857142857142857,0.22429906542056074,0.06542056074766354,False
2026,AI_CAPACITY_BUILDING,AI_CHILD_PROTECTION,0,26,2,115,AI-positive country-years resolved for both codes,0.0,0.0,0.22608695652173913,0.017391304347826087,False
2026,AI_CAPACITY_BUILDING,AI_NATIONAL_STRATEGY,8,26,27,108,AI-positive country-years resolved for both codes,0.3076923076923077,0.2962962962962963,0.24074074074074073,0.25,False
2026,AI_CAPACITY_BUILDING,AI_SOVEREIGNTY_CONCENTRATION,10,23,22,103,AI-positive country-years resolved for both codes,0.43478260869565216,0.45454545454545453,0.22330097087378642,0.21359223300970873,False
2026,AI_CAPACITY_BUILDING,AI_GEOPOLITICAL_RIVALRY,1,27,7,112,AI-positive country-years resolved for both codes,0.037037037037037035,0.14285714285714285,0.24107142857142858,0.0625,False
2026,AI_CAPACITY_BUILDING,AI_OPPORTUNITY_RISK_DUALITY,13,25,48,104,AI-positive country-years resolved for both codes,0.52,0.2708333333333333,0.2403846153846154,0.46153846153846156,False
2026,AI_CAPACITY_BUILDING,AI_TRANSFORMATIVE_ERA,5,21,30,92,AI-positive country-years resolved for both codes,0.23809523809523808,0.16666666666666666,0.22826086956521738,0.32608695652173914,False
2026,AI_CAPACITY_BUILDING,AI_TECH_LIST_MENTION,1,26,4,112,AI-positive country-years resolved for both codes,0.038461538461538464,0.25,0.23214285714285715,0.03571428571428571,False
2026,AI_CAPACITY_BUILDING,AI_THREAT_LIST_MENTION,0,26,6,112,AI-positive country-years resolved for both codes,0.0,0.0,0.23214285714285715,0.05357142857142857,False
2026,AI_DEVELOPMENT_SDGS,AI_RESOURCE_FOOTPRINT,0,30,3,104,AI-positive country-years resolved for both codes,0.0,0.0,0.28846153846153844,0.028846153846153848,False
2026,AI_DEVELOPMENT_SDGS,AI_ECONOMY_LABOR,6,23,12,95,AI-positive country-years resolved for both codes,0.2608695652173913,0.5,0.24210526315789474,0.12631578947368421,False
2026,AI_DEVELOPMENT_SDGS,AI_YOUTH_EDUCATION,2,26,9,98,AI-positive country-years resolved for both codes,0.07692307692307693,0.2222222222222222,0.2653061224489796,0.09183673469387756,False
2026,AI_DEVELOPMENT_SDGS,AI_CHILD_PROTECTION,0,31,3,108,AI-positive country-years resolved for both codes,0.0,0.0,0.28703703703703703,0.027777777777777776,False
2026,AI_DEVELOPMENT_SDGS,AI_NATIONAL_STRATEGY,6,29,26,100,AI-positive country-years resolved for both codes,0.20689655172413793,0.23076923076923078,0.29,0.26,False
2026,AI_DEVELOPMENT_SDGS,AI_SOVEREIGNTY_CONCENTRATION,8,26,23,96,AI-positive country-years resolved for both codes,0.3076923076923077,0.34782608695652173,0.2708333333333333,0.23958333333333334,False
2026,AI_DEVELOPMENT_SDGS,AI_GEOPOLITICAL_RIVALRY,2,30,7,104,AI-positive country-years resolved for both codes,0.06666666666666667,0.2857142857142857,0.28846153846153844,0.0673076923076923,False
2026,AI_DEVELOPMENT_SDGS,AI_OPPORTUNITY_RISK_DUALITY,17,27,46,98,AI-positive country-years resolved for both codes,0.6296296296296297,0.3695652173913043,0.2755102040816326,0.46938775510204084,False
2026,AI_DEVELOPMENT_SDGS,AI_TRANSFORMATIVE_ERA,12,24,28,84,AI-positive country-years resolved for both codes,0.5,0.42857142857142855,0.2857142857142857,0.3333333333333333,False
2026,AI_DEVELOPMENT_SDGS,AI_TECH_LIST_MENTION,1,29,3,104,AI-positive country-years resolved for both codes,0.034482758620689655,0.3333333333333333,0.27884615384615385,0.028846153846153848,False
2026,AI_DEVELOPMENT_SDGS,AI_THREAT_LIST_MENTION,3,28,7,102,AI-positive country-years resolved for both codes,0.10714285714285714,0.42857142857142855,0.27450980392156865,0.06862745098039216,False
2026,AI_RESOURCE_FOOTPRINT,AI_ECONOMY_LABOR,0,2,14,106,AI-positive country-years resolved for both codes,0.0,0.0,0.018867924528301886,0.1320754716981132,False
2026,AI_RESOURCE_FOOTPRINT,AI_YOUTH_EDUCATION,0,3,9,111,AI-positive country-years resolved for both codes,0.0,0.0,0.02702702702702703,0.08108108108108109,False
2026,AI_RESOURCE_FOOTPRINT,AI_CHILD_PROTECTION,0,3,3,119,AI-positive country-years resolved for both codes,0.0,0.0,0.025210084033613446,0.025210084033613446,False
2026,AI_RESOURCE_FOOTPRINT,AI_NATIONAL_STRATEGY,0,3,31,112,AI-positive country-years resolved for both codes,0.0,0.0,0.026785714285714284,0.2767857142857143,False
2026,AI_RESOURCE_FOOTPRINT,AI_SOVEREIGNTY_CONCENTRATION,1,2,24,105,AI-positive country-years resolved for both codes,0.5,0.041666666666666664,0.01904761904761905,0.22857142857142856,False
2026,AI_RESOURCE_FOOTPRINT,AI_GEOPOLITICAL_RIVALRY,0,3,6,114,AI-positive country-years resolved for both codes,0.0,0.0,0.02631578947368421,0.05263157894736842,False
2026,AI_RESOURCE_FOOTPRINT,AI_OPPORTUNITY_RISK_DUALITY,2,3,49,104,AI-positive country-years resolved for both codes,0.6666666666666666,0.04081632653061224,0.028846153846153848,0.47115384615384615,False
2026,AI_RESOURCE_FOOTPRINT,AI_TRANSFORMATIVE_ERA,1,3,30,93,AI-positive country-years resolved for both codes,0.3333333333333333,0.03333333333333333,0.03225806451612903,0.3225806451612903,False
2026,AI_RESOURCE_FOOTPRINT,AI_TECH_LIST_MENTION,0,3,4,117,AI-positive country-years resolved for both codes,0.0,0.0,0.02564102564102564,0.03418803418803419,False
2026,AI_RESOURCE_FOOTPRINT,AI_THREAT_LIST_MENTION,1,3,7,113,AI-positive country-years resolved for both codes,0.3333333333333333,0.14285714285714285,0.02654867256637168,0.061946902654867256,False
2026,AI_ECONOMY_LABOR,AI_YOUTH_EDUCATION,2,13,7,102,AI-positive country-years resolved for both codes,0.15384615384615385,0.2857142857142857,0.12745098039215685,0.06862745098039216,False
2026,AI_ECONOMY_LABOR,AI_CHILD_PROTECTION,0,14,3,109,AI-positive country-years resolved for both codes,0.0,0.0,0.12844036697247707,0.027522935779816515,False
2026,AI_ECONOMY_LABOR,AI_NATIONAL_STRATEGY,8,15,27,102,AI-positive country-years resolved for both codes,0.5333333333333333,0.2962962962962963,0.14705882352941177,0.2647058823529412,False
2026,AI_ECONOMY_LABOR,AI_SOVEREIGNTY_CONCENTRATION,6,13,24,98,AI-positive country-years resolved for both codes,0.46153846153846156,0.25,0.1326530612244898,0.24489795918367346,False
2026,AI_ECONOMY_LABOR,AI_GEOPOLITICAL_RIVALRY,3,10,7,105,AI-positive country-years resolved for both codes,0.3,0.42857142857142855,0.09523809523809523,0.06666666666666667,False
2026,AI_ECONOMY_LABOR,AI_OPPORTUNITY_RISK_DUALITY,8,10,42,95,AI-positive country-years resolved for both codes,0.8,0.19047619047619047,0.10526315789473684,0.4421052631578947,False
2026,AI_ECONOMY_LABOR,AI_TRANSFORMATIVE_ERA,11,12,23,84,AI-positive country-years resolved for both codes,0.9166666666666666,0.4782608695652174,0.14285714285714285,0.27380952380952384,False
2026,AI_ECONOMY_LABOR,AI_TECH_LIST_MENTION,0,15,3,109,AI-positive country-years resolved for both codes,0.0,0.0,0.13761467889908258,0.027522935779816515,False
2026,AI_ECONOMY_LABOR,AI_THREAT_LIST_MENTION,0,13,6,105,AI-positive country-years resolved for both codes,0.0,0.0,0.12380952380952381,0.05714285714285714,False
2026,AI_YOUTH_EDUCATION,AI_CHILD_PROTECTION,0,8,3,113,AI-positive country-years resolved for both codes,0.0,0.0,0.07079646017699115,0.02654867256637168,False
2026,AI_YOUTH_EDUCATION,AI_NATIONAL_STRATEGY,5,7,29,105,AI-positive country-years resolved for both codes,0.7142857142857143,0.1724137931034483,0.06666666666666667,0.2761904761904762,False
2026,AI_YOUTH_EDUCATION,AI_SOVEREIGNTY_CONCENTRATION,2,8,22,102,AI-positive country-years resolved for both codes,0.25,0.09090909090909091,0.0784313725490196,0.21568627450980393,False
2026,AI_YOUTH_EDUCATION,AI_GEOPOLITICAL_RIVALRY,0,9,8,110,AI-positive country-years resolved for both codes,0.0,0.0,0.08181818181818182,0.07272727272727272,False
2026,AI_YOUTH_EDUCATION,AI_OPPORTUNITY_RISK_DUALITY,5,8,47,103,AI-positive country-years resolved for both codes,0.625,0.10638297872340426,0.07766990291262135,0.4563106796116505,False
2026,AI_YOUTH_EDUCATION,AI_TRANSFORMATIVE_ERA,3,6,28,91,AI-positive country-years resolved for both codes,0.5,0.10714285714285714,0.06593406593406594,0.3076923076923077,False
2026,AI_YOUTH_EDUCATION,AI_TECH_LIST_MENTION,0,9,4,110,AI-positive country-years resolved for both codes,0.0,0.0,0.08181818181818182,0.03636363636363636,False
2026,AI_YOUTH_EDUCATION,AI_THREAT_LIST_MENTION,0,9,7,110,AI-positive country-years resolved for both codes,0.0,0.0,0.08181818181818182,0.06363636363636363,False
2026,AI_CHILD_PROTECTION,AI_NATIONAL_STRATEGY,2,3,32,115,AI-positive country-years resolved for both codes,0.6666666666666666,0.0625,0.02608695652173913,0.2782608695652174,False
2026,AI_CHILD_PROTECTION,AI_SOVEREIGNTY_CONCENTRATION,2,3,23,108,AI-positive country-years resolved for both codes,0.6666666666666666,0.08695652173913043,0.027777777777777776,0.21296296296296297,False
2026,AI_CHILD_PROTECTION,AI_GEOPOLITICAL_RIVALRY,1,2,8,119,AI-positive country-years resolved for both codes,0.5,0.125,0.01680672268907563,0.06722689075630252,False
2026,AI_CHILD_PROTECTION,AI_OPPORTUNITY_RISK_DUALITY,2,3,50,108,AI-positive country-years resolved for both codes,0.6666666666666666,0.04,0.027777777777777776,0.46296296296296297,False
2026,AI_CHILD_PROTECTION,AI_TRANSFORMATIVE_ERA,0,2,30,96,AI-positive country-years resolved for both codes,0.0,0.0,0.020833333333333332,0.3125,False
2026,AI_CHILD_PROTECTION,AI_TECH_LIST_MENTION,0,3,4,120,AI-positive country-years resolved for both codes,0.0,0.0,0.025,0.03333333333333333,False
2026,AI_CHILD_PROTECTION,AI_THREAT_LIST_MENTION,0,2,7,117,AI-positive country-years resolved for both codes,0.0,0.0,0.017094017094017096,0.05982905982905983,False
2026,AI_NATIONAL_STRATEGY,AI_SOVEREIGNTY_CONCENTRATION,9,29,25,101,AI-positive country-years resolved for both codes,0.3103448275862069,0.36,0.2871287128712871,0.24752475247524752,False
2026,AI_NATIONAL_STRATEGY,AI_GEOPOLITICAL_RIVALRY,4,30,8,110,AI-positive country-years resolved for both codes,0.13333333333333333,0.5,0.2727272727272727,0.07272727272727272,False
2026,AI_NATIONAL_STRATEGY,AI_OPPORTUNITY_RISK_DUALITY,12,25,48,102,AI-positive country-years resolved for both codes,0.48,0.25,0.24509803921568626,0.47058823529411764,False
2026,AI_NATIONAL_STRATEGY,AI_TRANSFORMATIVE_ERA,11,26,30,91,AI-positive country-years resolved for both codes,0.4230769230769231,0.36666666666666664,0.2857142857142857,0.32967032967032966,False
2026,AI_NATIONAL_STRATEGY,AI_TECH_LIST_MENTION,1,30,3,112,AI-positive country-years resolved for both codes,0.03333333333333333,0.3333333333333333,0.26785714285714285,0.026785714285714284,False
2026,AI_NATIONAL_STRATEGY,AI_THREAT_LIST_MENTION,1,31,6,109,AI-positive country-years resolved for both codes,0.03225806451612903,0.16666666666666666,0.28440366972477066,0.05504587155963303,False
2026,AI_SOVEREIGNTY_CONCENTRATION,AI_GEOPOLITICAL_RIVALRY,2,22,6,104,AI-positive country-years resolved for both codes,0.09090909090909091,0.3333333333333333,0.21153846153846154,0.057692307692307696,False
2026,AI_SOVEREIGNTY_CONCENTRATION,AI_OPPORTUNITY_RISK_DUALITY,12,22,43,97,AI-positive country-years resolved for both codes,0.5454545454545454,0.27906976744186046,0.2268041237113402,0.44329896907216493,False
2026,AI_SOVEREIGNTY_CONCENTRATION,AI_TRANSFORMATIVE_ERA,10,20,30,86,AI-positive country-years resolved for both codes,0.5,0.3333333333333333,0.23255813953488372,0.3488372093023256,False
2026,AI_SOVEREIGNTY_CONCENTRATION,AI_TECH_LIST_MENTION,0,24,4,105,AI-positive country-years resolved for both codes,0.0,0.0,0.22857142857142856,0.0380952380952381,False
2026,AI_SOVEREIGNTY_CONCENTRATION,AI_THREAT_LIST_MENTION,1,23,6,105,AI-positive country-years resolved for both codes,0.043478260869565216,0.16666666666666666,0.21904761904761905,0.05714285714285714,False
2026,AI_GEOPOLITICAL_RIVALRY,AI_OPPORTUNITY_RISK_DUALITY,5,7,49,106,AI-positive country-years resolved for both codes,0.7142857142857143,0.10204081632653061,0.0660377358490566,0.46226415094339623,False
2026,AI_GEOPOLITICAL_RIVALRY,AI_TRANSFORMATIVE_ERA,4,7,26,93,AI-positive country-years resolved for both codes,0.5714285714285714,0.15384615384615385,0.07526881720430108,0.27956989247311825,False
2026,AI_GEOPOLITICAL_RIVALRY,AI_TECH_LIST_MENTION,0,7,4,115,AI-positive country-years resolved for both codes,0.0,0.0,0.06086956521739131,0.034782608695652174,False
2026,AI_GEOPOLITICAL_RIVALRY,AI_THREAT_LIST_MENTION,0,6,6,114,AI-positive country-years resolved for both codes,0.0,0.0,0.05263157894736842,0.05263157894736842,False
2026,AI_OPPORTUNITY_RISK_DUALITY,AI_TRANSFORMATIVE_ERA,17,39,24,89,AI-positive country-years resolved for both codes,0.4358974358974359,0.7083333333333334,0.43820224719101125,0.2696629213483146,False
2026,AI_OPPORTUNITY_RISK_DUALITY,AI_TECH_LIST_MENTION,1,49,4,105,AI-positive country-years resolved for both codes,0.02040816326530612,0.25,0.4666666666666667,0.0380952380952381,False
2026,AI_OPPORTUNITY_RISK_DUALITY,AI_THREAT_LIST_MENTION,2,49,5,106,AI-positive country-years resolved for both codes,0.04081632653061224,0.4,0.46226415094339623,0.04716981132075472,False
2026,AI_TRANSFORMATIVE_ERA,AI_TECH_LIST_MENTION,0,28,3,93,AI-positive country-years resolved for both codes,0.0,0.0,0.3010752688172043,0.03225806451612903,False
2026,AI_TRANSFORMATIVE_ERA,AI_THREAT_LIST_MENTION,3,30,6,94,AI-positive country-years resolved for both codes,0.1,0.5,0.3191489361702128,0.06382978723404255,False
2026,AI_TECH_LIST_MENTION,AI_THREAT_LIST_MENTION,0,4,7,114,AI-positive country-years resolved for both codes,0.0,0.0,0.03508771929824561,0.06140350877192982,False
